time,force_left,force_right,force_left_filt,force_right_filt,force_avg,force_diff,dis_left,dis_right,total_delta_dis,dis_diff,force_rate,force_acc,stiffness_ratio,force_std_5s
2024-04-15 14:52:07,241.33,241.33,241.33,241.33,241.33,0.0,-0.15,0.1,-0.04999999999999999,0.25,0.0,0.0,-4826.69653393068,0.0
2024-04-15 14:52:08,221.49,238.69,236.37,240.67000000000002,238.52,4.300000000000011,-0.15,0.1,-0.04999999999999999,0.25,-2.8100000000000023,-2.8100000000000023,-4770.4954099082,0.0
2024-04-15 14:52:09,220.17,242.66,232.32,241.1675,236.74374999999998,8.847499999999997,-0.15,0.16,0.010000000000000009,0.31,-1.776250000000033,1.0337499999999693,23672.007799220057,0.0
2024-04-15 14:52:10,221.49,238.69,229.6125,240.54812499999997,235.0803125,10.935624999999959,-0.15,0.16,0.010000000000000009,0.31,-1.6634374999999864,0.11281250000004661,23505.680681931786,0.0
2024-04-15 14:52:11,220.17,242.66,227.251875,241.07609374999996,234.16398437499998,13.824218749999943,-0.15,0.16,0.010000000000000009,0.31,-0.9163281250000068,0.7471093749999795,23414.0570317968,2.859750175822236
2024-04-15 14:52:12,222.81,240.01,226.14140625,240.80957031249997,233.47548828124997,14.668164062499983,-0.15,0.16,0.010000000000000009,0.31,-0.6884960937500182,0.22783203124998863,23345.21430669431,2.042074671767079
2024-04-15 14:52:13,222.81,241.33,225.30855468749996,240.93967773437498,233.12411621093747,15.631123046875018,-0.15,0.16,0.010000000000000009,0.31,-0.3513720703124932,0.337124023437525,23310.080613032424,1.4513120848758736
2024-04-15 14:52:14,225.46,241.33,225.34641601562498,241.03725830078125,233.1918371582031,15.690842285156265,-0.15,0.16,0.010000000000000009,0.31,0.06772094726562727,0.41909301757812045,23316.85203061723,0.8221037143399754
2024-04-15 14:52:15,225.46,241.33,225.37481201171875,241.11044372558595,233.24262786865233,15.735631713867207,-0.15,0.16,0.010000000000000009,0.31,0.050790710449234666,-0.016930236816392608,23321.930593805835,0.42595045438338175
2024-04-15 14:52:16,224.14,238.69,225.06610900878906,240.50533279418948,232.78572090148927,15.43922378540043,-0.15,0.16,0.010000000000000009,0.31,-0.45690696716306434,-0.507697677612299,23276.244465702337,0.24933310183175628
2024-04-15 14:52:17,225.46,247.95,225.16458175659182,242.3664995956421,233.76554067611696,17.20191783905028,-0.15,0.24,0.09,0.39,0.9798197746276855,1.4367267417907499,2597.366036778669,0.3523820567226709
2024-04-15 14:52:18,224.14,247.95,224.90843631744386,243.76237469673157,234.33540550708773,18.85393837928771,-0.15,0.24,0.09,0.39,0.5698648309707721,-0.40995494365691343,2603.697797880998,0.5986265215617931
2024-04-15 14:52:19,226.78,243.98,225.3763272380829,243.8167810225487,234.59655413031578,18.440453784465802,-0.15,0.24,0.09,0.39,0.26114862322805266,-0.30871620774271946,2606.5994170099866,0.7494563066046187
2024-04-15 14:52:20,230.75,245.3,226.71974542856216,244.18758576691152,235.45366559773686,17.46784033834936,-0.15,0.24,0.09,0.39,0.8571114674210776,0.5959628441930249,2616.122771944055,0.9918935021312373
2024-04-15 14:52:21,226.78,243.98,226.7348090714216,244.13568932518365,235.43524919830264,17.40088025376204,-0.15,0.24,0.09,0.39,-0.01841639943421569,-0.8755278668552933,2615.9181475572786,0.7286895983189433
2024-04-15 14:52:22,228.1,245.3,227.0761068035662,244.42676699388772,235.75143689872698,17.35066019032152,-0.15,0.24,0.09,0.39,0.3161877004243365,0.3346040998585522,2619.4313051935756,0.6121393039067462
2024-04-15 14:52:23,228.1,245.3,227.33208010267467,244.6450752454158,235.98857767404525,17.31299514274113,-0.15,0.24,0.09,0.39,0.2371407753182666,-0.07904692510606992,2622.066173420798,0.5266428529776089
2024-04-15 14:52:24,232.07,243.98,228.51656007700598,244.47880643406185,236.4976832555339,15.962246357055875,-0.15,0.24,0.09,0.39,0.5091055814886545,0.2719648061703879,2627.722839252163,0.4400188499391717
2024-04-15 14:52:25,226.78,243.98,228.08242005775446,244.3541048255464,236.21826244165044,16.271684767791925,-0.15,0.24,0.09,0.39,-0.27942081388346196,-0.7885263953721164,2624.61819803836,0.4104319654880157
2024-04-15 14:52:26,237.37,243.98,230.40431504331585,244.2605786191598,237.3324468312378,13.85626357584394,-0.15,0.24,0.09,0.39,1.1141843895873649,1.3936052034708268,2636.9978870372306,0.6109369376773536
2024-04-15 14:52:27,229.43,241.33,230.16073628248688,243.52793396436985,236.84433512342838,13.36719768188297,-0.15,0.24,0.09,0.39,-0.4881117078094235,-1.6022960973967884,2631.574483877161,0.5299504383261362
2024-04-15 14:52:28,228.1,243.98,229.64555221186518,243.6409504732774,236.6432513425713,13.99539826141222,-0.15,0.24,0.09,0.39,-0.20108378085708978,0.2870279269523337,2629.340244470298,0.4173686245174898
2024-04-15 14:52:29,230.75,243.98,229.9216641588989,243.72571285495806,236.82368850692848,13.80404869605917,-0.15,0.24,0.09,0.39,0.18043716435718693,0.3815209452142767,2631.345079576099,0.4016234042437724
2024-04-15 14:52:30,229.43,243.98,229.79874811917415,243.78928464121856,236.79401638019635,13.990536522044408,-0.15,0.24,0.09,0.39,-0.02967212673212316,-0.2101092910893101,2631.0153929422604,0.2609163555278602
2024-04-15 14:52:31,228.1,243.98,229.3740610893806,243.83696348091394,236.60551228514726,14.462902391533333,-0.15,0.24,0.09,0.39,-0.1885040950490975,-0.15883196831697433,2628.920926269122,0.10980808023947396
2024-04-15 14:52:32,230.75,241.33,229.71804581703546,243.21022261068546,236.46413421386046,13.492176793650003,-0.15,0.24,0.09,0.39,-0.1413780712867947,0.04712602376230279,2627.350076264269,0.1467820210693325
2024-04-15 14:52:33,230.75,242.66,229.9760343627766,243.07266695801408,236.52435066039533,13.09663259523748,-0.15,0.24,0.09,0.39,0.060216446534866463,0.20159451782166116,2628.0191404583875,0.16041202599060544
2024-04-15 14:52:34,228.1,243.98,229.50702577208247,243.29950021851056,236.40326299529653,13.792474446428088,-0.15,0.24,0.09,0.39,-0.12108766509879842,-0.1813041116336649,2626.673736906218,0.15153170257505916
2024-04-15 14:52:35,230.75,243.98,229.81776932906186,243.46962516388294,236.6436972464724,13.651855834821077,-0.15,0.24,0.09,0.39,0.24043425117588413,0.36152191627468255,2629.345198903039,0.09879941868289221
2024-04-15 14:52:36,229.43,243.98,229.7208269967964,243.5972188729122,236.6590229348543,13.876391876115804,-0.15,0.24,0.09,0.39,0.015325688381892633,-0.2251085627939915,2629.5154824374654,0.1113676178782334
2024-04-15 14:52:37,230.75,243.98,229.9781202475973,243.69291415468416,236.83551720114073,13.714793907086857,-0.15,0.24,0.09,0.39,0.17649426628642573,0.1611685779045331,2631.4765080514744,0.16157235838685421
2024-04-15 14:52:38,230.75,242.66,230.17109018569798,243.43468561601313,236.80288790085555,13.26359543031515,-0.15,0.24,0.09,0.39,-0.03262930028517985,-0.20912356657160558,2631.113964298792,0.17103347644901742
2024-04-15 14:52:39,232.07,243.98,230.6458176392735,243.57101421200986,237.10841592564168,12.925196572736354,-0.15,0.24,0.09,0.39,0.3055280247861276,0.33815732507130747,2634.508682410659,0.18721939811252203
2024-04-15 14:52:40,230.75,243.98,230.67186322945514,243.67326065900738,237.17256194423126,13.001397429552242,-0.15,0.24,0.09,0.39,0.06414601858958235,-0.24138200619654526,2635.2214080313693,0.21688502215352895
2024-04-15 14:52:41,233.4,240.01,231.35389742209136,242.75744549425553,237.05567145817344,11.40354807216417,-0.15,0.24,0.09,0.39,-0.11689048605782659,-0.18103650464740895,2633.9226392837127,0.16614320874095836
2024-04-15 14:52:42,232.07,243.98,231.53292306656851,243.06308412069166,237.29800359363009,11.530161054123141,-0.15,0.24,0.09,0.39,0.24233213545664967,0.35922262151447626,2636.6151886493494,0.1830313333520676
2024-04-15 14:52:43,233.4,242.66,231.99969229992638,242.96231309051873,237.48100269522257,10.962620790592354,-0.15,0.24,0.09,0.39,0.1829991015924861,-0.059333033864163554,2638.6484894081464,0.17019341373090882
2024-04-15 14:52:44,229.43,243.98,231.3572692249448,243.21673481788906,237.28700202141692,11.859465592944275,-0.15,0.24,0.09,0.39,-0.19400067380564678,-0.3769997753981329,2636.4929503162957,0.15843335240144527
2024-04-15 14:52:45,230.75,242.66,231.2054519187086,243.07755111341677,237.1415015160627,11.87209919470817,-0.15,0.24,0.09,0.39,-0.14550050535422088,0.04850016845142591,2634.876295997408,0.163199642864131
2024-04-15 14:52:46,233.4,241.33,231.75408893903145,242.64066333506258,237.197376137047,10.886574396031136,-0.15,0.24,0.09,0.39,0.05587462098429796,0.20137512633851884,2635.497118221431,0.1292081648246663
2024-04-15 14:52:47,233.4,242.66,232.16556670427357,242.64549750129694,237.40553210278526,10.479930797023371,-0.15,0.24,0.09,0.39,0.208155965738257,0.15228134475395905,2637.8099365872076,0.14114757408126308
2024-04-15 14:52:48,233.4,240.01,232.47417502820517,241.9866231259727,237.23039907708892,9.512448097767532,-0.15,0.24,0.09,0.39,-0.17513302569633993,-0.38328899143459694,2635.8640357005916,0.10056947036473071
2024-04-15 14:52:49,233.4,242.66,232.70563127115386,242.1549673444795,237.43029930781668,9.44933607332564,-0.15,0.24,0.09,0.39,0.19990023072776353,0.37503325642410346,2638.0851246965776,0.12923985112554195
2024-04-15 14:52:50,233.4,241.33,232.8792234533654,241.94872550835964,237.41397448086252,9.069502054994246,-0.15,0.24,0.09,0.39,-0.016324826954161153,-0.21622505768192468,2637.9037397458087,0.11199782646157011
2024-04-15 14:52:51,233.4,240.01,233.00941759002404,241.46404413126973,237.2367308606469,8.454626541245688,-0.15,0.24,0.09,0.39,-0.17724362021562,-0.16091879326145886,2635.934388069543,0.10067293366471067
2024-04-15 14:52:52,233.4,242.66,233.10706319251804,241.7630330984523,237.43504814548515,8.655969905934256,-0.15,0.24,0.09,0.39,0.19831728483825373,0.37556090505387374,2638.137888973291,0.10595477919480455
2024-04-15 14:52:53,233.4,241.33,233.18029739438853,241.65477482383923,237.41753610911388,8.474477429450701,-0.15,0.24,0.09,0.39,-0.017512036371272188,-0.21582932120952592,2637.9433129533436,0.08429701495847863
2024-04-15 14:52:54,230.75,242.66,232.5727230457914,241.9060811178794,237.2394020818354,9.333358072088004,-0.15,0.24,0.09,0.39,-0.1781340272784746,-0.16062199090720242,2635.9640679751938,0.10116590631827124
2024-04-15 14:52:55,233.4,242.66,232.77954228434353,242.09456083840954,237.43705156137653,9.315018554066,-0.15,0.24,0.09,0.39,0.197649479541127,0.3757835068196016,2638.1601489025293,0.10533797286216942
2024-04-15 14:52:56,234.72,241.33,233.26465671325766,241.90342062880717,237.58403867103243,8.638763915549504,-0.15,0.24,0.09,0.39,0.14698710965589612,-0.050662369885230873,2639.7933208634618,0.12248812952249906
2024-04-15 14:52:57,233.4,242.66,233.29849253494325,242.09256547160535,237.69552900327432,8.794072936662104,-0.15,0.24,0.09,0.39,0.11149033224188543,-0.035496777414010694,2641.0320885687306,0.17376033685498016
2024-04-15 14:52:58,233.4,241.33,233.32386940120742,241.90192410370403,237.61289675245573,8.578054702496615,-0.15,0.24,0.09,0.39,-0.08263225081859105,-0.19412258306047647,2640.113962649923,0.17955751645986354
2024-04-15 14:52:59,234.72,240.01,233.67290205090558,241.42894307777803,237.55092256434182,7.7560410268724524,-0.15,0.24,0.09,0.39,-0.06197418811390776,0.02065806270468329,2639.425368210818,0.09440429162305258
2024-04-15 14:53:00,233.4,241.33,233.60467653817918,241.40420730833353,237.50444192325637,7.799530770154348,-0.15,0.24,0.09,0.39,-0.046480641085452135,0.015493547028455623,2638.908922381489,0.07166320010948916
2024-04-15 14:53:01,233.4,240.01,233.55350740363437,241.05565548125014,237.30458144244227,7.502148077615772,-0.15,0.24,0.09,0.39,-0.19986048081409535,-0.15337983972864322,2636.6882750463024,0.14672143146320302
2024-04-15 14:53:02,233.4,238.69,233.51513055272576,240.46424161093762,236.98968608183168,6.949111058211855,-0.15,0.24,0.09,0.39,-0.314895360610592,-0.11503487979649663,2633.1894765817233,0.25307714082675997
2024-04-15 14:53:03,233.4,241.33,233.48634791454433,240.68068120820323,237.08351456137376,7.1943332936589,-0.15,0.24,0.09,0.39,0.09382847954208273,0.4087238401526747,2634.232003659668,0.2485188220781494
2024-04-15 14:53:04,233.4,241.33,233.46476093590823,240.84301090615244,237.15388592103034,7.378249970244212,-0.15,0.24,0.09,0.39,0.07037135965657626,-0.023457119885506472,2635.0138989681263,0.20204497469523627
2024-04-15 14:53:05,229.43,241.33,232.4560707019312,240.96475817961434,236.71041444077275,8.50868747768314,-0.15,0.24,0.09,0.39,-0.4434714802575854,-0.5138428399141617,2630.0864928253327,0.22117346387044118
2024-04-15 14:53:06,237.37,241.33,233.6845530264484,241.05606863471075,237.37031083057957,7.371515608262342,-0.15,0.24,0.09,0.39,0.6598963898068178,1.1033678700644032,2637.4185934665124,0.24124791071283827
2024-04-15 14:53:07,237.37,234.72,234.60591476983632,239.47205147603307,237.0389831229347,4.866136706196755,-0.15,0.3,0.15,0.44999999999999996,-0.3313277076448742,-0.9912240974516919,1580.249352490548,0.2385685435688755
2024-04-15 14:53:08,234.72,254.56,234.63443607737725,243.24403860702478,238.939237342201,8.609602529647532,-0.15,0.3,0.15,0.44999999999999996,1.9002542192663157,2.23158192691119,1592.9176294971435,0.8699866591515619
2024-04-15 14:53:09,234.72,269.11,234.65582705803294,249.7105289552686,242.18317800665076,15.054701897235645,-0.15,0.38,0.23,0.53,3.2439406644497524,1.3436864451834367,1052.9657610473466,2.256037125528935
2024-04-15 14:53:10,233.4,303.48,234.3418702935247,263.15289671645144,248.74738350498808,28.811026422926744,-0.15,1.39,1.24,1.5399999999999998,6.564205498337316,3.3202648338875633,200.60256685679133,4.8587282500538205
2024-04-15 14:53:11,234.72,319.33,234.43640272014352,277.1971725373386,255.81678762874105,42.76076981719507,-0.15,2.38,2.23,2.53,7.0694041237529746,0.5051986254156589,114.7159968218584,7.714536455098509
2024-04-15 14:53:12,233.4,303.48,234.17730204010763,283.7678794030039,258.9725907215558,49.59057736289628,-0.15,3.33,3.18,3.48,3.155803092814722,-3.9136010309382527,81.43789600115086,8.56810582448805
2024-04-15 14:53:13,233.4,286.3,233.98297653008072,284.4009095522529,259.19194304116684,50.41793302217221,-0.15,4.31,4.159999999999999,4.46,0.21935231961106183,-2.93645077320366,62.305740561400555,7.366022048273298
2024-04-15 14:53:14,234.72,294.23,234.16723239756055,286.8581821641897,260.51270728087513,52.69094976662916,-0.15,5.29,5.14,5.44,1.3207642397082964,1.1014119200972345,50.68339622519045,4.741360173906621
2024-04-15 14:53:15,237.37,327.26,234.9679242981704,296.9586366231423,265.96328046065634,61.990712324971895,-0.15,6.28,6.13,6.430000000000001,5.450573179781202,4.129808940072905,43.38715123548207,3.7077468864826804
2024-04-15 14:53:16,236.04,348.39,235.2359432236278,309.8164774673567,272.52621034549225,74.58053424372892,-0.15,7.23,7.08,7.380000000000001,6.56292988483591,1.112356705054708,38.49239715439196,5.820195821915187
2024-04-15 14:53:17,237.37,343.11,235.76945741772084,318.1398581005176,276.9546577591192,82.37040068279674,-0.15,8.19,8.04,8.34,4.428447413626941,-2.134482471208969,34.44709245174462,7.64452894822979
2024-04-15 14:53:18,284.97,314.05,248.06959306329065,317.1173935753882,282.5934933193394,69.04780051209752,-0.15,9.17,9.02,9.32,5.63883556022023,1.2103881465932886,31.329652105286847,8.732514111751263
2024-04-15 14:53:19,298.19,315.37,260.599694797468,316.6805451815411,288.64011998950457,56.08085038407313,-0.15,10.12,9.969999999999999,10.27,6.046626670165153,0.40779110994492385,28.950861688931088,8.77557137575714
2024-04-15 14:53:20,316.69,356.32,274.622271098101,326.59040888615584,300.6063399921284,51.96813778805483,-0.15,11.08,10.93,11.23,11.966220002623857,5.919593332458703,27.502864820609666,10.956907467253778
2024-04-15 14:53:21,331.22,384.04,288.77170332357576,340.9528066646169,314.86225499409636,52.18110334104114,-0.15,12.03,11.879999999999999,12.18,14.255915001967935,2.2896949993440785,26.503554586745945,15.167487781196773
2024-04-15 14:53:22,333.87,385.36,300.04627749268184,352.05460499846265,326.05044124557224,52.00832750578081,-0.15,12.99,12.84,13.14,11.188186251475884,-3.0677287504920514,25.393334567931284,18.023506147529062
2024-04-15 14:53:23,339.15,369.52,309.8222081195114,356.42095374884696,333.1215809341792,46.59874562933555,-0.15,13.94,13.79,14.09,7.071139688606934,-4.11704656286895,24.15674813469406,18.20079269721963
2024-04-15 14:53:24,353.68,365.56,320.78665608963354,358.70571531163523,339.7461857006344,37.91905922200169,-0.15,14.87,14.719999999999999,15.02,6.624604766455207,-0.4465349221517272,23.080581699731844,15.49040047984849
2024-04-15 14:53:25,373.48,403.83,333.95999206722513,369.9867864837264,351.97338927547577,36.026794416501275,-0.15,15.82,15.67,15.97,12.227203574841383,5.602598808386176,22.461606050661757,13.988171844431616
2024-04-15 14:53:26,386.68,431.54,347.13999405041886,385.37508986279477,366.2575419566068,38.2350958123759,-0.15,16.77,16.62,16.919999999999998,14.284152681131047,2.0569491062896645,22.037155229810562,15.93713608111705
2024-04-15 14:53:27,384.04,444.72,356.36499553781414,400.2113173970961,378.2881564674551,43.84632185928194,-0.15,17.7,17.55,17.849999999999998,12.030614510848295,-2.253538170282752,21.55487948219804,18.596192121518705
2024-04-15 14:53:28,388.0,423.62,364.2737466533606,406.06348804782203,385.1686173505913,41.78974139446143,-0.15,18.65,18.5,18.799999999999997,6.880460883136209,-5.150153627712086,20.81992413679282,18.640238306620905
2024-04-15 14:53:29,402.52,414.39,373.83530999002045,408.1451160358665,390.9902130129435,34.309806045846074,-0.15,19.58,19.43,19.729999999999997,5.821595662352195,-1.0588652207840141,20.123015588776525,15.616310585182271
2024-04-15 14:53:30,426.26,450.0,386.9414824925153,418.6088370268999,402.7751597597076,31.66735453438457,-0.15,20.51,20.360000000000003,20.66,11.784946746764092,5.963351084411897,19.78266895761486,13.672359854517195
2024-04-15 14:53:31,439.45,480.31,400.06861186938653,434.0341277701749,417.0513698197807,33.965515900788375,-0.15,21.43,21.28,21.58,14.276210060073083,2.491263313308991,19.598277735972882,15.318539872272122
2024-04-15 14:53:32,430.22,485.58,407.6064589020399,446.92059582763113,427.2635273648355,39.31413692559124,-0.15,22.36,22.21,22.509999999999998,10.212157545054822,-4.064052515018261,19.237438456884153,17.56982263307375
2024-04-15 14:53:33,431.54,452.63,413.58984417652994,448.3479468707234,430.96889552362666,34.75810269419344,-0.15,22.98,22.830000000000002,23.13,3.7053681587911456,-6.5067893862636765,18.877305153145926,16.796145015895338
2024-04-15 14:53:34,447.36,452.63,422.0323831323975,449.4184601530426,435.72542164272005,27.386077020645075,-0.15,22.98,22.830000000000002,23.13,4.756526119093394,1.0511579603022483,19.08565057192595,13.112514365560534
2024-04-15 14:53:35,475.04,436.81,435.2842873492981,446.2663451147819,440.77531623204004,10.98205776548383,-0.15,23.23,23.080000000000002,23.38,5.04989458931999,0.2933684702265964,19.097716513618867,9.004791052128802
2024-04-15 14:53:36,484.27,457.91,447.53071551197354,449.1772588360865,448.35398717403,1.6465433241129404,-0.15,23.23,23.080000000000002,23.38,7.578670941989969,2.528776352669979,19.426081791505553,8.295057374219665
2024-04-15 14:53:37,456.59,494.81,449.79553663398013,460.5854441270649,455.19049038052253,10.78990749308474,-0.15,23.31,23.16,23.459999999999997,6.836503206492523,-0.7421677354974463,19.65416540269245,9.704534444570093
2024-04-15 14:53:38,453.95,463.18,450.8341524754851,461.2340830952987,456.0341177853919,10.399930619813574,-0.15,23.43,23.28,23.58,0.8436274048693804,-5.992875801623143,19.589093565133087,8.890479615988673
2024-04-15 14:53:39,459.23,461.86,452.9331143566138,461.390562321474,457.1618383390439,8.457447964860194,-0.15,23.43,23.28,23.58,1.1277205536520114,0.28409314878263103,19.63753516759058,6.912860220815633
2024-04-15 14:53:40,455.27,468.45,453.5173357674604,463.1554217411055,458.3363787542829,9.638085973645104,-0.15,23.59,23.44,23.74,1.1745404152389938,0.04681986158698237,19.5535989420087,3.9076514950949557
2024-04-15 14:53:41,457.91,465.82,454.61550182559535,463.8215663058291,459.2185340657122,9.20606448023375,-0.15,23.59,23.44,23.74,0.882155311429301,-0.29238510380969274,19.59123355266547,1.6404279368142707
2024-04-15 14:53:42,456.59,469.77,455.1091263691965,465.30867472937183,460.2089005492842,10.199548360175356,-0.15,23.68,23.53,23.83,0.990366483571961,0.10821117214265996,19.558388482401007,1.6477404170432117
2024-04-15 14:53:43,485.58,467.13,462.72684477689734,465.76400604702883,464.2454254119631,3.0371612701314916,-0.15,23.68,23.53,23.83,4.0365248626789025,3.0461583791069415,19.7299364930738,2.7093975349457327
2024-04-15 14:53:44,461.86,471.09,462.510133582673,467.0955045352716,464.8028190589723,4.585370952598566,-0.15,23.76,23.610000000000003,23.91,0.5573936470092349,-3.4791312156696677,19.686692053040247,2.967820982362513
2024-04-15 14:53:45,460.54,468.45,462.01760018700475,467.4341284014537,464.7258642942292,5.416528214448931,-0.15,23.76,23.610000000000003,23.91,-0.07695476474310681,-0.6343484117523417,19.683432639169695,2.7029002983696566
2024-04-15 14:53:46,463.18,471.09,462.3082001402536,468.34809630109027,465.3281482206719,6.03989616083669,-0.15,23.88,23.73,24.029999999999998,0.6022839264426807,0.6792386911857875,19.609276384803856,2.0780485437731095
2024-04-15 14:53:47,456.59,472.41,460.87865010519016,469.36357222581773,465.121111165504,8.484922120627573,-0.15,23.88,23.73,24.029999999999998,-0.20703705516791615,-0.8093209816105968,19.60055168836714,0.4138632869812933
2024-04-15 14:53:48,463.18,477.68,461.4539875788926,471.4426791693633,466.44833337412797,9.988691590470694,-0.15,23.99,23.84,24.139999999999997,1.3272222086239935,1.5342592637919097,19.565784975182172,0.6941175567267692
2024-04-15 14:53:49,463.18,473.72,461.8854906841695,472.0120093770225,466.948750030596,10.126518692852983,-0.15,23.99,23.84,24.139999999999997,0.500416656468019,-0.8268055521559745,19.586775605864947,0.9408324913409276
2024-04-15 14:53:50,459.23,475.04,461.2216180131271,472.76900703276686,466.99531252294696,11.547389019639752,-0.15,24.04,23.89,24.189999999999998,0.04656249235097221,-0.4538541641170468,19.547730974266052,0.8907763631732422
2024-04-15 14:53:51,463.18,473.72,461.7112135098453,473.00675527457514,467.35898439221023,11.295541764729819,-0.15,24.04,23.89,24.189999999999998,0.3636718692632712,0.317109376912299,19.56295373919031,0.874759845383452
2024-04-15 14:53:52,464.5,477.68,462.408410132384,474.17506645593136,468.29173829415765,11.766656323547352,-0.15,24.1,23.950000000000003,24.25,0.9327539019474216,0.5690820326841504,19.552890135334756,0.6868083655471618
2024-04-15 14:53:53,463.18,473.72,462.601307599288,474.06129984194854,468.3313037206183,11.459992242660519,-0.15,24.1,23.950000000000003,24.25,0.03956542646062644,-0.8931884754867951,19.554542136370607,0.6819230935337304
2024-04-15 14:53:54,467.13,480.31,463.733480699466,475.6234748814614,469.6784777904637,11.889994181995405,-0.15,24.18,24.03,24.33,1.3471740698454369,1.3076086433848104,19.54550388035621,1.0424058593782612
2024-04-15 14:53:55,465.82,479.0,464.2551105245995,476.46760616109606,470.3613583428478,12.212495636496556,-0.15,24.18,24.03,24.33,0.6828805523840629,-0.664293517461374,19.57392171323038,1.2004165584282924
2024-04-15 14:53:56,475.04,477.68,466.9513328934496,476.7707046208221,471.86101875713587,9.81937172737247,-0.15,24.18,24.03,24.33,1.499660414288087,0.8167798619040241,19.636329551427643,1.49702007810149
2024-04-15 14:53:57,467.13,477.68,466.99599967008726,476.9980284656166,471.9970140678519,10.002028795529327,-0.15,24.18,24.03,24.33,0.13599531071605497,-1.363665103572032,19.641988948225674,1.5391651544995992
2024-04-15 14:53:58,479.0,480.31,469.99699975256544,477.8260213492124,473.9115105508889,7.829021596646953,-0.15,24.24,24.09,24.389999999999997,1.9144964830369986,1.7785011723209436,19.67254009457654,1.642258011928834
2024-04-15 14:53:59,464.5,480.31,468.6227498144241,478.4470160119093,473.5348829131667,9.824266197485201,-0.15,24.24,24.09,24.389999999999997,-0.3766276377222084,-2.291124120759207,19.6569059051997,1.4282193141919166
2024-04-15 14:54:00,488.22,479.0,473.5220623608181,478.585262008932,476.05366218487507,5.06319964811388,-0.15,24.24,24.09,24.389999999999997,2.518779271708354,2.8954069094305623,19.761462948252888,1.7053552970145516
2024-04-15 14:54:01,465.82,480.31,471.59654677061354,479.01644650669897,475.30649663865626,7.419899736085426,-0.15,24.24,24.09,24.389999999999997,-0.7471655462188096,-3.2659448179271635,19.730447360241133,1.5836220343352205
2024-04-15 14:54:02,484.27,479.0,474.76491007796017,479.01233488002424,476.8886224789922,4.247424802064074,-0.15,24.24,24.09,24.389999999999997,1.582125840335948,2.3292913865547575,19.796122983929813,1.414722837292442
2024-04-15 14:54:03,463.18,477.68,471.86868255847014,478.67925116001817,475.2739668592442,6.810568601548027,-0.15,24.24,24.09,24.389999999999997,-1.6146556197480209,-3.196781460083969,19.72909701661051,1.2395458692274925
2024-04-15 14:54:04,464.5,477.68,470.02651191885263,478.42943837001366,474.2279751444331,8.402926451161022,-0.15,24.24,24.09,24.389999999999997,-1.0459917148110662,0.5686639049369546,19.6856768559052,0.9910630068025349
2024-04-15 14:54:05,469.77,480.31,469.9623839391395,478.8995787775102,474.43098135832486,8.937194838370715,-0.15,24.3,24.150000000000002,24.45,0.20300621389174012,1.2489979287028063,19.645174398060057,1.0489520392782055
2024-04-15 14:54:06,468.45,480.31,469.58428795435464,479.25218408313265,474.41823601874364,9.667896128778011,-0.15,24.3,24.150000000000002,24.45,-0.012745339581215376,-0.2157515534729555,19.644646640749357,1.1055210945896075
2024-04-15 14:54:07,464.5,480.31,468.31321596576595,479.51663806234944,473.9149270140577,11.203422096583495,-0.15,24.3,24.150000000000002,24.45,-0.5033090046859456,-0.49056366510473026,19.623805689037347,0.5039440511884637
2024-04-15 14:54:08,468.45,476.36,468.3474119743245,478.7274785467621,473.5374452605433,10.380066572437613,-0.15,24.3,24.150000000000002,24.45,-0.3774817535144166,0.12582725117152904,19.608174975253345,0.38004785571771826
2024-04-15 14:54:09,465.82,480.31,467.7155589807433,479.12310891007155,473.4193339454074,11.40754992932824,-0.15,24.3,24.150000000000002,24.45,-0.11811131513587725,0.25937043837853935,19.603284237769074,0.4752517590550893
2024-04-15 14:54:10,469.77,480.31,468.2291692355575,479.41983168255365,473.82450045905557,11.190662446996157,-0.15,24.3,24.150000000000002,24.45,0.4051665136481688,0.523277828784046,19.620061318384852,0.38963010542961557
2024-04-15 14:54:11,471.09,480.31,468.9443769266681,479.6423737619152,474.2933753442917,10.697996835247125,-0.15,24.3,24.150000000000002,24.45,0.46887488523611864,0.06370837158794984,19.639476426700423,0.34316455640120236
2024-04-15 14:54:12,469.77,479.0,469.15078269500106,479.4817803214364,474.3162815082187,10.330997626435362,-0.15,24.3,24.150000000000002,24.45,0.022906163927018497,-0.44596872130910015,19.64042492206185,0.4164857329340342
2024-04-15 14:54:13,469.77,476.36,469.3055870212508,478.70133524107735,474.00346113116404,9.395748219826544,-0.15,24.3,24.150000000000002,24.45,-0.31282037705466337,-0.33572654098168186,19.627471697875457,0.370808473700547
2024-04-15 14:54:14,468.45,479.0,469.0916902659381,478.77600143080804,473.93384584837304,9.68431116486994,-0.15,24.3,24.150000000000002,24.45,-0.06961528279100548,0.24320509426365788,19.624589077589395,0.22005361927999365
2024-04-15 14:54:15,469.77,476.36,469.2612676994536,478.172001073106,473.7166343862798,8.91073337365242,-0.15,24.3,24.150000000000002,24.45,-0.21721146209324615,-0.14759617930224067,19.615594814521113,0.25342193244276
2024-04-15 14:54:16,468.45,479.0,469.0584507745902,478.3790008048295,473.7187257897099,9.320550030239303,-0.15,24.3,24.150000000000002,24.45,0.0020914034300858475,0.219302865523332,19.61568141507364,0.2472261158797733
2024-04-15 14:54:17,471.09,475.04,469.5663380809426,477.5442506036221,473.55529434228237,7.977912522679503,-0.15,24.3,24.150000000000002,24.45,-0.16343144742751292,-0.16552285085759877,19.608914067634295,0.1814589593944589
2024-04-15 14:54:18,471.09,477.68,469.94725356070694,477.57818795271663,473.7627207567118,7.630934392009692,-0.15,24.3,24.150000000000002,24.45,0.20742641442944887,0.3708578618569618,19.61750315276226,0.1352539369929641
2024-04-15 14:54:19,468.45,475.04,469.5729401705302,476.94364096453745,473.25829056753383,7.370700794007234,-0.15,24.3,24.150000000000002,24.45,-0.504430189177981,-0.7118566036074299,19.596615775193293,0.20791473718210643
2024-04-15 14:54:20,471.09,477.68,469.9522051278976,477.1277307234031,473.53996792565033,7.175525595505462,-0.15,24.3,24.150000000000002,24.45,0.28167735811649663,0.7861075472944776,19.608279433431505,0.198429206027451
2024-04-15 14:54:21,467.13,477.68,469.2466538459232,477.2657980425523,473.25622594423777,8.0191441966291,-0.15,24.3,24.150000000000002,24.45,-0.283741981412561,-0.5654193395290577,19.59653028354896,0.2169533716766972
2024-04-15 14:54:22,468.45,479.0,469.0474903844424,477.6993485319142,473.3734194581783,8.651858147471785,-0.15,24.3,24.150000000000002,24.45,0.11719351394054911,0.4009354953531101,19.601383016844522,0.21526082069107486
2024-04-15 14:54:23,472.41,481.63,469.88811778833184,478.68201139893563,474.2850645936337,8.793893610603789,-0.15,24.35,24.200000000000003,24.5,0.9116451354553874,0.7944516215148383,19.59855557830901,0.4309073593994751
2024-04-15 14:54:24,471.09,480.31,470.1885883412489,479.0890085492017,474.6387984452253,8.900420207952834,-0.15,24.35,24.200000000000003,24.5,0.3537338515915849,-0.5579112838638025,19.613172679010436,0.6087694119562717
2024-04-15 14:54:25,469.77,481.63,470.0839412559367,479.72425641190125,474.90409883391897,9.640315155964572,-0.15,24.35,24.200000000000003,24.5,0.26530038869367445,-0.08843346289791043,19.624135504536504,0.7434114129471007
2024-04-15 14:54:26,465.82,481.63,469.0179559419525,480.2006923089259,474.60932412543923,11.182736366973415,-0.15,24.35,24.200000000000003,24.5,-0.29477470847973564,-0.5600750971734101,19.611954731962165,0.5947411607404091
2024-04-15 14:54:27,468.45,481.63,468.87596695646437,480.5580192316944,474.7169930940794,11.682052275230035,-0.15,24.35,24.200000000000003,24.5,0.10766896864015507,0.4024436771198907,19.616403862713863,0.22482195523775683
2024-04-15 14:54:28,472.41,480.31,469.7594752173483,480.4960144237708,475.12774482055954,10.736539206422492,-0.15,24.35,24.200000000000003,24.5,0.41075172648015723,0.30308275784000216,19.63337707385051,0.21649755339217844
2024-04-15 14:54:29,471.09,481.63,470.0921064130112,480.77951081782817,475.43580861541966,10.68740440481696,-0.15,24.35,24.200000000000003,24.5,0.3080637948601179,-0.10268793162003931,19.646106982203,0.3315402523835973
2024-04-15 14:54:30,471.09,480.31,470.3415798097584,480.6621331133711,475.5018564615648,10.320553303612712,-0.15,24.35,24.200000000000003,24.5,0.06604784614512482,-0.2420159487149931,19.64883623193093,0.4062444822920032
2024-04-15 14:54:31,473.72,479.0,471.1861848573188,480.24659983502835,475.71639234617356,9.06041497770957,-0.15,24.35,24.200000000000003,24.5,0.21453588460877882,0.148488038463654,19.65770135076331,0.3879887904924438
2024-04-15 14:54:32,468.45,476.36,470.5021386429891,479.2749498762713,474.8885442596302,8.772811233282198,-0.15,24.35,24.200000000000003,24.5,-0.8278480865433835,-1.0423839711521623,19.623492753559393,0.32624250341002087
2024-04-15 14:54:33,471.09,480.31,470.6491039822418,479.53371240720344,475.0914081947226,8.884608424961641,-0.15,24.35,24.200000000000003,24.5,0.20286393509240952,1.030712021635793,19.631875560448222,0.33233538605460033
2024-04-15 14:54:34,473.72,480.31,471.41682798668137,479.72778430540257,475.57230614604197,8.310956318721196,-0.15,24.35,24.200000000000003,24.5,0.4808979513193776,0.2780340162269681,19.651747375797292,0.34873011424645195
2024-04-15 14:54:35,473.72,480.31,471.99262099001106,479.8733382290519,475.93297960953146,7.880717239040848,-0.15,24.35,24.200000000000003,24.5,0.3606734634894906,-0.12022448782988704,19.666651237309097,0.43661931057183506
2024-04-15 14:54:36,468.45,480.31,471.1069657425083,479.9825036717889,475.54473470714856,8.875537929280597,-0.15,24.35,24.200000000000003,24.5,-0.388244902382894,-0.7489183658723846,19.650608060187622,0.4157345936027263
2024-04-15 14:54:37,465.82,480.31,469.7852243068812,480.06437775384165,474.92480103036144,10.279153446960436,-0.15,24.35,24.200000000000003,24.5,-0.6199336767871273,-0.2316887744042333,19.624990967164067,0.40462034566449673
2024-04-15 14:54:38,472.41,480.31,470.44141823016093,480.1257833153812,475.2836007727711,9.684365085220293,-0.15,24.35,24.200000000000003,24.5,0.3587997424096443,0.9787334191967716,19.639817402188164,0.3744032702612327
2024-04-15 14:54:39,475.04,481.63,471.5910636726207,480.5018374865359,476.0464505795783,8.910773813915227,-0.15,24.38,24.23,24.529999999999998,0.7628498068071963,0.404050064397552,19.646984355451668,0.4623163956342622
2024-04-15 14:54:40,473.72,480.31,472.1232977544655,480.45387811490195,476.28858793468373,8.330580360436443,-0.15,24.38,24.23,24.529999999999998,0.24213735510545575,-0.5207124517017405,19.656977642497154,0.5547460836233081
2024-04-15 14:54:41,496.13,527.74,478.12497331584916,492.27540858617647,485.2001909510128,14.150435270327307,-0.15,24.97,24.82,25.119999999999997,8.911603016329082,8.669465661223626,19.548757913064257,4.312930263189665
2024-04-15 14:54:42,482.95,551.43,479.33122998688685,507.0640564396323,493.19764321325954,27.732826452745428,-0.15,25.9,25.75,26.049999999999997,7.997452262246725,-0.9141507540823568,19.153305788736066,7.836289555052893
2024-04-15 14:54:43,492.17,533.0,482.54092249016514,513.5480423297242,498.0444824099447,31.007119839559095,-0.15,26.79,26.64,26.939999999999998,4.846839196685153,-3.150613065561572,18.69536275204887,9.88181432120504
2024-04-15 14:54:44,506.66,513.25,488.5706918676239,513.4735317472932,501.0221118074586,24.90283987966933,-0.15,27.69,27.540000000000003,27.84,2.9776293975139083,-1.8692097991712444,18.19252337018646,10.057951201623878
2024-04-15 14:54:45,525.1,547.48,497.7030189007179,521.9751488104699,509.8390838555939,24.27212990975204,-0.15,28.59,28.44,28.74,8.816972048135312,5.839342650621404,17.926830728859464,9.147985818587669
2024-04-15 14:54:46,525.1,575.12,504.5522641755384,535.2613616078525,519.9068128916954,30.709097432314024,-0.15,29.46,29.310000000000002,29.61,10.067729036101468,1.250756987966156,17.738205225298195,10.575211448977669
2024-04-15 14:54:47,515.88,598.8,507.3841981316539,551.1460212058894,529.2651096687716,43.76182307423551,-0.15,30.36,30.21,30.509999999999998,9.358296777076248,-0.7094322590252204,17.519533007257152,13.036512542391579
2024-04-15 14:54:48,531.69,576.44,513.4606485987404,557.469515904417,535.4650822515787,44.00886730567663,-0.15,31.23,31.080000000000002,31.38,6.1999725828070495,-3.1583241942691984,17.22860569571985,14.003311460236697
2024-04-15 14:54:49,552.75,564.6,523.2829864490552,559.2521369283128,541.267561688684,35.969150479257564,-0.15,32.1,31.950000000000003,32.25,5.802479437105376,-0.3974931457016737,16.94108121275752,12.500513979197269
2024-04-15 14:54:50,571.17,600.12,535.2547398367914,569.4691026962346,552.361921266513,34.21436285944321,-0.15,32.97,32.82,33.12,11.094359577828982,5.291880140723606,16.830039745169817,12.242285497587796
2024-04-15 14:54:51,564.6,632.99,542.5910548775935,585.3493270221759,563.9701909498847,42.758272144582406,-0.15,33.84,33.690000000000005,33.99,11.608269683371645,0.5139101055426636,16.739987361528563,13.829973174777988
2024-04-15 14:54:52,556.7,640.88,546.1182911581951,599.2319952666319,572.6751432124136,53.113704108436764,-0.15,34.71,34.56,34.86,8.704952262528877,-2.903317420842768,16.57046084033428,15.434356589551445
2024-04-15 14:54:53,567.23,617.21,551.3962183686464,603.7264964499739,577.5613574093102,52.33027808132749,-0.15,35.55,35.4,35.699999999999996,4.886214196896617,-3.8187380656322603,16.315292121299947,14.847443477538354
2024-04-15 14:54:54,600.12,617.21,563.5771637764848,607.0973723374805,585.3372680569826,43.520208560995684,-0.15,36.42,36.27,36.57,7.77591064767239,2.889696450775773,16.138330629132945,12.711178650330664
2024-04-15 14:54:55,610.64,648.76,575.3428728323636,617.5130292531103,596.4279510427369,42.17015642074671,-0.15,37.26,37.11,37.41,11.09068298575437,3.31477233808198,16.07189261575975,12.3660238948688
2024-04-15 14:54:56,594.86,673.73,580.2221546242727,631.5672719398327,605.8947132820526,51.34511731556006,-0.15,38.11,37.96,38.26,9.466762239315699,-1.623920746438671,15.961398770301736,13.613162375993738
2024-04-15 14:54:57,604.06,660.59,586.1816159682045,638.8229539548746,612.5022849615395,52.64133798667012,-0.15,38.95,38.800000000000004,39.1,6.6075716794869095,-2.8591905598287894,15.78614095812883,14.34446646511789
2024-04-15 14:54:58,626.42,638.25,596.2412119761534,638.6797154661559,617.4604637211546,42.43850349000252,-0.15,39.79,39.64,39.94,4.958178759615066,-1.6493929198718433,15.576701517266729,12.860462972819343
2024-04-15 14:54:59,643.5,673.73,608.055908982115,647.442286599617,627.749097790866,39.38637761750192,-0.15,40.63,40.480000000000004,40.78,10.288634069711406,5.33045531009634,15.507635431897988,11.809593895386863
2024-04-15 14:55:00,632.99,702.62,614.2894317365863,661.2367149497127,637.7630733431495,46.94728321312641,-0.15,41.47,41.32,41.62,10.013975552283455,-0.27465851742795167,15.434730346283136,12.617687990542663
2024-04-15 14:55:01,630.36,702.62,618.3070738024397,671.5825362122845,644.9448050073621,53.27546240984475,-0.15,42.29,42.14,42.44,7.181731664212634,-2.8322438880708205,15.304812285300187,13.543750702453782
2024-04-15 14:55:02,647.45,671.1,625.5928053518298,671.4619021592133,648.5273537555215,45.86909680738347,-0.15,43.1,42.95,43.25,3.582548748159411,-3.5991829160532234,15.099588792920436,12.740844267207702
2024-04-15 14:55:03,676.35,692.12,638.2821040138724,676.6264266194099,657.4542653166411,38.34432260553751,-0.15,43.94,43.79,44.089999999999996,8.926911561119596,5.344362812960185,15.013798819430061,11.212283438974033
2024-04-15 14:55:04,667.16,728.88,645.5015780104043,689.6898199645575,667.5956989874809,44.18824195415323,-0.15,44.76,44.61,44.91,10.141433670839774,1.2145221097201784,14.96515767815116,11.5622231087542
2024-04-15 14:55:05,660.59,740.69,649.2736835078032,702.4398649734181,675.8567742406107,53.166181465614955,-0.15,45.57,45.42,45.72,8.261075253129775,-1.8803584177099992,14.880157625725518,12.918725232449077
2024-04-15 14:55:06,682.92,711.81,657.6852626308524,704.7823987300636,681.233830680458,47.097136099211184,-0.15,46.39,46.24,46.54,5.377056439847365,-2.8840188132824096,14.73256522378661,13.32296489835849
2024-04-15 14:55:07,702.62,713.12,668.9189469731393,706.8667990475477,687.8928730103435,37.94785207440839,-0.15,47.2,47.050000000000004,47.35,6.6590423298854375,1.2819858900380723,14.62046457789328,11.869751696754006
2024-04-15 14:55:08,703.93,757.74,677.6717102298545,719.5850992856608,698.6284047577576,41.913389055806306,-0.15,47.98,47.83,48.129999999999995,10.735531747414143,4.076489417528705,14.606489444935567,11.797756907769307
2024-04-15 14:55:09,694.74,776.11,681.938782672391,733.7163244642456,707.8275535683183,51.777541791854674,-0.15,48.8,48.65,48.949999999999996,9.1991488105607,-1.5363829368534425,14.549384152496078,12.972790593371249
2024-04-15 14:55:10,703.93,757.74,687.4365870042932,739.7222433481843,713.5794151762387,52.285656343891105,-0.15,49.58,49.43,49.73,5.751861607920432,-3.4472872026402683,14.436160241555301,13.442580719696224
2024-04-15 14:55:11,739.38,744.62,700.42244025322,740.9466825111382,720.684561382179,40.52424225791822,-0.15,50.37,50.22,50.519999999999996,7.105146205940287,1.3532845980198545,14.350548527113313,12.828166600237939
2024-04-15 14:55:12,734.13,778.73,708.849330189915,750.3925118833537,729.6209210366344,41.54318169343867,-0.15,51.18,51.03,51.33,8.936359654455373,1.8312134485150864,14.297881770306734,11.866288648843613
2024-04-15 14:55:13,721.0,806.27,711.8869976424362,764.3618839125153,738.1244407774757,52.47488627007908,-0.15,52.0,51.85,52.15,8.503519740841284,-0.4328399136140888,14.23576521777648,12.16106052505053
2024-04-15 14:55:14,742.0,789.22,719.4152482318271,770.5764129343866,744.9958305831069,51.161164702559404,-0.15,52.78,52.63,52.93,6.871389805631225,-1.6321299352100596,14.155345172482647,12.704766563032676
2024-04-15 14:55:15,770.86,768.24,732.2764361738704,769.99230970079,751.1343729373302,37.71587352691961,-0.15,53.6,53.45,53.75,6.138542354223318,-0.7328474514079062,14.053028229827914,12.099419593993415
2024-04-15 14:55:16,762.99,814.13,739.9548271304027,781.0267322755925,760.4907797029975,41.07190514518982,-0.15,54.41,54.26,54.559999999999995,9.356406765667316,3.2178644114439976,14.01567942660004,11.845926358742243
2024-04-15 14:55:17,757.74,840.34,744.4011203478019,795.8550492066944,770.1280847772482,51.45392885889248,-0.15,55.23,55.08,55.379999999999995,9.637305074250662,0.2808983085833461,13.981991118287167,12.63239311516247
2024-04-15 14:55:18,782.67,831.17,753.9683402608514,804.6837869050208,779.3260635829361,50.71544664416945,-0.15,56.01,55.86,56.16,9.197978805687853,-0.43932626856280876,13.951415138408896,13.898369490137048
2024-04-15 14:55:19,803.64,799.71,766.3862551956385,803.4403401787656,784.913297687202,37.054084983127154,-0.15,56.8,56.65,56.949999999999996,5.587234104265917,-3.610744701421936,13.855486034099135,13.71608196278758
2024-04-15 14:55:20,787.91,844.27,771.7671913967288,813.6477551340741,792.7074732654014,41.88056373734537,-0.15,57.61,57.46,57.76,7.794175578199429,2.2069414739335116,13.795813774270583,12.581897510087924
2024-04-15 14:55:21,790.53,869.15,776.4578935475465,827.5233163505557,801.9906049490511,51.06542280300914,-0.15,58.4,58.25,58.55,9.283131683649685,1.4889561054502565,13.768078818557465,12.228604144747798
2024-04-15 14:55:22,823.3,854.75,788.1684201606599,834.3299872629168,811.2492037117884,46.16156710225687,-0.15,59.18,59.03,59.33,9.258598762737279,-0.024532920912406553,13.742998305417416,12.85438663705268
2024-04-15 14:55:23,831.17,835.1,798.918815120495,834.5224904471876,816.7206527838413,35.60367532669261,-0.15,60.0,59.85,60.15,5.471449072052906,-3.787149690684373,13.646125967213289,13.03247710191729
2024-04-15 14:55:24,810.2,879.63,801.7391113403712,845.7993678353907,823.769239587881,44.06025649501953,-0.15,60.78,60.63,60.93,7.048586804039701,1.5771377319867952,13.586825432971393,12.216410961648345
2024-04-15 14:55:25,823.3,904.5,807.1293335052785,860.4745258765431,833.8019296909108,53.3451923712646,-0.15,61.57,61.42,61.72,10.032690103029836,2.984103298990135,13.575413808458109,12.096251978647771
2024-04-15 14:55:26,854.75,883.56,819.0345001289588,866.2458944074073,842.6401972681831,47.21139427844844,-0.15,62.38,62.230000000000004,62.53,8.83826757727229,-1.1944225257575454,13.540738931824588,12.706034491656036
2024-04-15 14:55:27,846.89,858.68,825.9983750967191,864.3544208055554,845.1763979511372,38.35604570883629,-0.15,63.17,63.02,63.32,2.5362006829541315,-6.302066894318159,13.411240630591822,12.14900196631808
2024-04-15 14:55:28,841.65,907.12,829.9112813225394,875.0458156041665,852.4785484633529,45.13453428162711,-0.15,63.95,63.800000000000004,64.10000000000001,7.30215051221569,4.765949829261558,13.361732525103768,11.072748576484877
2024-04-15 14:55:29,870.46,928.05,840.0484609919046,888.2968617031249,864.1726613475148,48.24840071122037,-0.15,64.74,64.58999999999999,64.89,11.694112884161882,4.391962371946192,13.37935668010773,11.39406668149295
2024-04-15 14:55:30,894.03,912.35,853.5438457439284,894.3101462773437,873.926996010636,40.76630053341535,-0.15,65.53,65.38,65.68,9.754334663121199,-1.939778221040683,13.366885632360821,13.187963811721458
2024-04-15 14:55:31,873.08,899.26,858.4278843079462,895.5476097080077,876.987747007977,37.1197254000615,-0.15,65.86,65.71,66.01,3.0607509973409606,-6.693583665780238,13.346335925454895,13.636291461082603
2024-04-15 14:55:32,877.01,897.96,863.0734132309597,896.1507072810058,879.6120602559827,33.077294050046135,-0.15,65.86,65.71,66.01,2.6243132480057056,-0.4364377493352549,13.38627373108673,11.13561881949592
2024-04-15 14:55:33,904.5,924.13,873.4300599232197,903.1455304607543,888.287795191987,29.715470537534657,-0.15,66.31,66.16,66.46000000000001,8.675734936004346,6.051421687998641,13.426357039988362,8.766571094590416
2024-04-15 14:55:34,904.5,954.21,881.1975449424148,915.9116478455658,898.5545963939903,34.714102903151,-0.15,67.1,66.94999999999999,67.25,10.266801202003307,1.5910662659989612,13.421278311765679,9.984091762087521
2024-04-15 14:55:35,888.79,937.21,883.095658706811,921.2362358841743,902.1659472954927,38.1405771773633,-0.15,67.86,67.71,68.01,3.611350901502419,-6.655450300500888,13.32396889634506,11.15227983825713
2024-04-15 14:55:36,888.79,931.98,884.5192440301082,923.9221769131308,904.2207104716194,39.40293288302257,-0.15,68.56,68.41,68.71000000000001,2.0547631761266985,-1.5565877253757208,13.217668429380954,10.367228163468235
2024-04-15 14:55:37,891.41,926.74,886.2419330225812,924.6266326848481,905.4342828537146,38.38469966226694,-0.15,68.56,68.41,68.71000000000001,1.213572382095208,-0.8411907940314904,13.235408121887248,6.909137999735032
2024-04-15 14:55:38,922.82,925.44,895.3864497669359,924.8299745136361,910.108212140286,29.443524746700177,-0.15,68.56,68.41,68.71000000000001,4.673929286571365,3.460356904476157,13.303730431757867,4.253983517649644
2024-04-15 14:55:39,916.28,924.13,900.6098373252019,924.6549808852271,912.6324091052145,24.04514356002528,-0.15,68.56,68.41,68.71000000000001,2.5241969649284783,-2.1497323216428867,13.34062850116337,4.32696647354753
2024-04-15 14:55:40,900.57,925.44,900.5998779939015,924.8512356639204,912.725556828911,24.251357670018933,-0.15,68.56,68.41,68.71000000000001,0.09314772369646107,-2.4310492412320173,13.341990110903682,3.9954760167830834
2024-04-15 14:55:41,928.05,921.51,907.4624084954262,924.0159267479403,915.7391676216832,16.553518252514095,-0.15,68.56,68.41,68.71000000000001,3.0136107927722833,2.920463069075822,13.3860423072013,3.8515202253760417
2024-04-15 14:55:42,951.6,968.6,918.4968063715696,935.1619450609552,926.8293757162623,16.66513868938557,-0.15,68.84,68.69,68.99000000000001,11.090208094579111,8.076597301806828,13.492930007618757,6.583060812557955
2024-04-15 14:55:43,920.2,931.98,918.9226047786772,934.3664587957164,926.6445317871968,15.443854017039257,-0.15,69.62,69.47,69.77000000000001,-0.18484392906555058,-11.275052023644662,13.338772397415063,7.249983929419105
2024-04-15 14:55:44,924.13,973.82,920.224453584008,944.2298440967874,932.2271488403976,24.0053905127794,-0.15,70.41,70.25999999999999,70.56,5.582617053200806,5.767460982266357,13.26824844252988,8.234556621524677
2024-04-15 14:55:45,959.44,1007.8,930.0283401880059,960.1223830725905,945.0753616302982,30.09404288458461,-0.15,71.17,71.02,71.32000000000001,12.848212789900572,7.265595736699765,13.307171899790571,10.659290043100055
2024-04-15 14:55:46,947.67,999.96,934.4387551410044,970.081787304443,952.2602712227238,35.643032163438534,-0.15,71.95,71.8,72.10000000000001,7.1849095924255835,-5.663303197474988,13.262677687465823,11.519264883318648
2024-04-15 14:55:47,942.44,975.13,936.4390663557533,971.3438404783323,953.8914534170428,34.90477412257894,-0.15,72.71,72.55999999999999,72.86,1.6311821943190807,-5.553727398106503,13.146243664151038,12.118526642425547
2024-04-15 14:55:48,965.98,1023.48,943.824299766815,984.3778803587492,964.1010900627821,40.55358059193418,-0.15,73.47,73.32,73.62,10.209636645739238,8.578454451420157,13.149223634936696,11.811265714010796
2024-04-15 14:55:49,975.13,1039.15,951.6507248251113,998.0709102690619,974.8608175470865,46.42018544395057,-0.15,74.26,74.11,74.41000000000001,10.759727484304449,0.550090838565211,13.154241052393004,11.601446494095363
2024-04-15 14:55:50,959.44,1013.03,953.5980436188335,1001.8106827017964,977.7043631603149,48.21263908296294,-0.15,75.01,74.86,75.16000000000001,2.8435456132283434,-7.916181871076105,13.060437484636353,11.66397094452869
2024-04-15 14:55:51,979.05,1018.26,959.9610327141252,1005.9230120263474,982.9420223702363,45.961979312222184,-0.15,75.77,75.61999999999999,75.92,5.2376592099213894,2.394113596693046,12.998439690185092,11.64381239363842
2024-04-15 14:55:52,1005.19,1057.43,971.2682745355938,1018.7997590197606,995.0340167776772,47.531484484166754,-0.15,76.53,76.38,76.68,12.091994407440893,6.854335197519504,13.027415602909945,11.329085019004092
2024-04-15 14:55:53,980.36,1057.43,973.5412059016954,1028.4573192648204,1000.9992625832579,54.916113363124964,-0.15,77.29,77.14,77.44000000000001,5.965245805580707,-6.126748601860186,12.976396805896565,11.273496833627897
2024-04-15 14:55:54,980.36,1030.01,975.2459044262716,1028.8454894486154,1002.0456969374435,53.59958502234372,-0.15,78.04,77.89,78.19000000000001,1.0464343541856351,-4.918811451395072,12.864882322153822,10.922399721539742
2024-04-15 14:55:55,1024.79,1067.88,987.6319283197038,1038.6041170864614,1013.1180227030826,50.972188766757654,-0.15,78.8,78.64999999999999,78.95,11.072325765639107,10.025891411453472,12.881347868044944,11.023058756466767
2024-04-15 14:55:56,1007.8,1095.28,992.6739462397779,1052.7730878148461,1022.723517027312,60.09914157506819,-0.15,79.53,79.38,79.68,9.605494324229426,-1.4668314414096812,12.883893980138803,11.047226521074126
2024-04-15 14:55:57,1007.8,1048.29,996.4554596798334,1051.6523158611346,1024.053887770484,55.1968561813012,-0.15,79.78,79.63,79.93,1.3303707431718976,-8.275123581057528,12.860151637703533,10.953483470895362
2024-04-15 14:55:58,1003.88,1045.68,998.3115947598751,1050.159236895851,1024.235415827863,51.847642135976,-0.15,79.78,79.63,79.93,0.18152805737918243,-1.1488426857927152,12.862431281745975,9.660373963558477
2024-04-15 14:55:59,1023.48,1045.68,1004.6036960699063,1049.0394276718885,1026.8215618708973,44.435731601982184,-0.15,79.78,79.63,79.93,2.586146043034205,2.4046179856550225,12.894908313148173,5.284282832858883
2024-04-15 14:56:00,1043.07,1045.68,1014.2202720524297,1048.1995707539163,1031.209921403173,33.97929870148664,-0.15,79.78,79.63,79.93,4.388359532275672,1.802213489241467,12.950017687468986,3.3642244540179562
2024-04-15 14:56:01,1007.8,1043.07,1012.6152040393222,1046.9171780654372,1029.7661910523798,34.301974026114976,-0.15,79.78,79.63,79.93,-1.4437303507932029,-5.832089883068875,12.93188720482849,3.220764274072766
2024-04-15 14:56:02,1031.32,1040.46,1017.2914030294917,1045.302883549078,1031.2971432892848,28.011480519586257,-0.15,79.78,79.63,79.93,1.5309522369050228,2.9746825876982257,12.951113026976916,3.0674459886498697
2024-04-15 14:56:03,1054.82,1044.38,1026.6735522721187,1045.0721626618085,1035.8728574669635,18.398610389689793,-0.15,79.78,79.63,79.93,4.575714177678719,3.0447619407736966,13.008575216104338,3.273321010864295
2024-04-15 14:56:04,1030.01,1044.38,1027.507664204089,1044.8991219963564,1036.2033931002227,17.391457792267374,-0.15,79.78,79.63,79.93,0.33053563325916,-4.245178544419559,13.01272610934945,2.957703147785998
2024-04-15 14:56:05,1045.68,1041.76,1032.0507481530667,1044.1143414972673,1038.0825448251671,12.063593344200626,-0.15,79.78,79.63,79.93,1.8791517249444496,1.5486160916852896,13.036324648861516,3.534174616545082
2024-04-15 14:56:06,1062.65,1040.46,1039.7005611148002,1043.2007561229505,1041.4506586188754,3.5001950081502855,-0.15,79.78,79.63,79.93,3.3681137937082894,1.4889620687638399,13.078621694590655,3.6922691523239455
2024-04-15 14:56:07,1035.23,1040.46,1038.5829208361001,1042.515567092213,1040.5492439641566,3.9326462561127755,-0.15,79.78,79.63,79.93,-0.901414654718792,-4.2695284484270815,13.067301656371406,2.5116249550259475
2024-04-15 14:56:08,1054.82,1040.46,1042.642190627075,1042.0016753191596,1042.3219329731173,0.6405153079153934,-0.15,79.93,79.78,80.08000000000001,1.7726890089606968,2.674103663679489,13.06495261855308,2.5249084862119275
2024-04-15 14:56:09,1075.71,1086.15,1050.9091429703062,1053.03875648937,1051.973949729838,2.129613519063696,-0.15,80.68,80.53,80.83000000000001,9.65201675672074,7.879327747760044,13.063130965686168,5.3268725161881765
2024-04-15 14:56:10,1045.68,1118.76,1049.6018572277296,1069.4690673670275,1059.5354622973787,19.867210139297867,-0.15,81.44,81.28999999999999,81.59,7.561512567540603,-2.0905041891801375,13.03401955053954,8.307098631902672
2024-04-15 14:56:11,1071.79,1084.84,1055.1488929207972,1073.3118005252707,1064.230346723034,18.162907604473503,-0.15,82.17,82.02,82.32000000000001,4.694884425655346,-2.8666281418852577,12.975254008141674,10.377429195773919
2024-04-15 14:56:12,1080.93,1112.24,1061.594169690598,1083.0438503939529,1072.3190100422753,21.449680703354943,-0.15,82.93,82.78,83.08000000000001,8.088663319241277,3.3937788935859317,12.953841472438196,11.49233433790863
2024-04-15 14:56:13,1060.04,1143.53,1061.2056272679483,1098.1653877954645,1079.6855075317064,36.95976052751621,-0.15,83.66,83.50999999999999,83.81,7.36649748943114,-0.7221658298101374,12.9288168435264,10.8150052365243
2024-04-15 14:56:14,1088.76,1120.06,1068.0942204509613,1103.6390408465984,1085.8666306487798,35.54482039563709,-0.15,84.39,84.24,84.54,6.181123117073412,-1.1853743723577281,12.890154531797547,10.80102455044287
2024-04-15 14:56:15,1083.54,1121.37,1071.955665338221,1108.0717806349487,1090.013722986585,36.116115296727685,-0.15,85.12,84.97,85.27000000000001,4.147092337805134,-2.034030779268278,12.828218314209328,10.368660982604396
2024-04-15 14:56:16,1074.4,1168.3,1072.5667490036658,1123.1288354762116,1097.8477922399388,50.56208647254584,-0.15,85.88,85.72999999999999,86.03,7.834069253353846,3.686976915548712,12.805876349400007,9.74548882387283
2024-04-15 14:56:17,1110.93,1143.53,1082.1575617527494,1128.2291266071586,1105.193344179954,46.07156485440919,-0.15,86.58,86.42999999999999,86.73,7.345551940015184,-0.48851731333866155,12.787149501247306,10.013530275469694
2024-04-15 14:56:18,1103.11,1144.84,1087.395671314562,1132.381844955369,1109.8887581349654,44.98617364080701,-0.15,87.31,87.16,87.46000000000001,4.695413955011418,-2.6501379850037665,12.733923191843074,10.047712527718486
2024-04-15 14:56:19,1096.58,1187.84,1089.6917534859215,1146.2463837165267,1117.969068601224,56.5546302306052,-0.15,88.04,87.89,88.19000000000001,8.080310466258652,3.3848965112472342,12.720093934248835,10.776541955895091
2024-04-15 14:56:20,1090.06,1176.11,1089.783815114441,1153.7122877873949,1121.748051450918,63.92847267295383,-0.15,88.77,88.61999999999999,88.92,3.7789828496938753,-4.301327616564777,12.657955752572358,9.629562533757005
2024-04-15 14:56:21,1117.45,1151.35,1096.7003613358308,1153.1217158405461,1124.9110385881886,56.42135450471528,-0.15,88.79,88.64,88.94000000000001,3.1629871372706475,-0.6159957124232278,12.690783234402137,8.22250315842137
2024-04-15 14:56:22,1121.37,1143.53,1102.867771001873,1150.7237868804095,1126.7957789411412,47.85601587853648,-0.15,88.79,88.64,88.94000000000001,1.8847403529525764,-1.2782467843180711,12.712046099154954,6.696526258003977
2024-04-15 14:56:23,1101.8,1140.92,1102.600828251405,1148.2728401603072,1125.436834205856,45.67201190890228,-0.15,88.79,88.64,88.94000000000001,-1.3589447352851494,-3.2436850882377257,12.69671504410132,3.542009273745277
2024-04-15 14:56:24,1143.53,1146.14,1112.8331211885536,1147.7396301202305,1130.286375654392,34.90650893167685,-0.15,88.79,88.64,88.94000000000001,4.8495414485360016,6.208486183821151,12.75142557426632,3.1005333664687766
2024-04-15 14:56:25,1121.37,1140.92,1114.9673408914152,1146.0347225901728,1130.5010317407941,31.067381698757572,-0.15,88.79,88.64,88.94000000000001,0.2146560864021012,-4.6348853621339,12.75384723586357,2.654628975324411
2024-04-15 14:56:26,1109.63,1142.23,1113.6330056685615,1145.0835419426296,1129.3582738055957,31.4505362740681,-0.15,88.79,88.64,88.94000000000001,-1.1427579351984605,-1.3574140216005617,12.740955111288816,2.2481265298742694
2024-04-15 14:56:27,1159.17,1138.32,1125.017254251421,1143.3926564569722,1134.2049553541965,18.375402205551154,-0.15,88.79,88.64,88.94000000000001,4.846681548600827,5.989439483799288,12.795633377240108,3.1320901243563086
2024-04-15 14:56:28,1126.58,1143.53,1125.4079406885658,1143.4269923427291,1134.4174665156474,18.019051654163377,-0.15,88.79,88.64,88.94000000000001,0.21251116145094784,-4.634170387149879,12.798030840677082,2.3751099966344453
2024-04-15 14:56:29,1146.14,1138.32,1130.5909555164244,1142.1502442570468,1136.3705998867356,11.559288740622378,-0.15,88.79,88.64,88.94000000000001,1.9531333710881427,1.7406222096371948,12.820065287304494,2.9293652432912256
2024-04-15 14:56:30,1164.39,1137.01,1139.0407166373184,1140.865183192785,1139.9529499150517,1.8244665554666426,-0.15,88.79,88.64,88.94000000000001,3.582350028316114,1.6292166572279712,12.860479885543455,3.8442800932064145
2024-04-15 14:56:31,1135.71,1160.48,1138.208037477989,1145.7688873945888,1141.988462436289,7.560849916599864,-0.15,88.85,88.69999999999999,89.0,2.0355125212372513,-1.5468375070788625,12.874728856387376,3.454495689923949
2024-04-15 14:56:32,1169.6,1200.86,1146.0560281084918,1159.5416655459414,1152.7988468272165,13.485637437449668,-0.15,89.58,89.42999999999999,89.73,10.810384390927538,8.774871869690287,12.890515866450864,7.176200687285347
2024-04-15 14:56:33,1160.48,1182.63,1149.662021081369,1165.3137491594562,1157.4878851204126,15.651728078087217,-0.15,90.31,90.16,90.46000000000001,4.689038293196063,-6.121346097731475,12.838152975623998,8.988711170733717
2024-04-15 14:56:34,1152.66,1191.75,1150.4115158110267,1171.9228118695921,1161.1671638403095,21.51129605856545,-0.15,91.04,90.89,91.19000000000001,3.6792787198969563,-1.0097595732991067,12.775521521232127,9.373231052390542
2024-04-15 14:56:35,1180.02,1233.42,1157.81363685827,1187.2971089021942,1172.555372880232,29.483472043924166,-0.15,91.74,91.58999999999999,91.89,11.388209039922458,7.708930320025502,12.80222033058207,11.206803361587511
2024-04-15 14:56:36,1156.57,1206.07,1157.5027276437024,1191.9903316766456,1174.746529660174,34.48760403294318,-0.15,92.44,92.28999999999999,92.59,2.191156779942048,-9.19705225998041,12.728860298313077,9.542944129151849
2024-04-15 14:56:37,1176.11,1224.3,1162.1545457327768,1200.0677487574842,1181.1111472451305,37.9132030247074,-0.15,93.14,92.99,93.29,6.364617584956477,4.173460805014429,12.701485477402356,9.815419907794736
2024-04-15 14:56:38,1186.54,1255.54,1168.2509092995826,1213.9358115681132,1191.093360433848,45.68490226853055,-0.15,93.87,93.72,94.02000000000001,9.982213188717424,3.6175956037609467,12.70906260909929,11.037348949937888
2024-04-15 14:56:39,1170.9,1229.51,1168.9131819746872,1217.829358676085,1193.371270325386,48.91617670139772,-0.15,94.55,94.39999999999999,94.7,2.277909891538002,-7.704303297179422,12.641644678853192,9.39338405940814
2024-04-15 14:56:40,1196.96,1246.43,1175.9248864810154,1224.9795190070638,1200.4522027440396,49.05463252604841,-0.15,95.28,95.13,95.43,7.080932418653674,4.803022527115672,12.619070641490266,10.203768567444383
2024-04-15 14:56:41,1182.63,1278.96,1177.6011648607616,1238.474639255298,1208.0379020580299,60.87347439453629,-0.15,95.98,95.83,96.13000000000001,7.58569931399029,0.5047668953366156,12.606051230846068,10.128594593385888
2024-04-15 14:56:42,1181.33,1242.53,1178.5333736455711,1239.4884794414734,1209.0109265435221,60.95510579590223,-0.15,96.65,96.5,96.80000000000001,0.9730244854922603,-6.6126748284980295,12.528610507926546,8.193056113961875
2024-04-15 14:56:43,1174.81,1241.23,1177.6025302341782,1239.923859581105,1208.7631949076417,62.32132934692686,-0.15,96.85,96.69999999999999,97.0,-0.24773163588042735,-1.2207561213726876,12.50013632272498,6.885351314536309
2024-04-15 14:56:44,1220.4,1236.02,1188.3018976756337,1238.947894685829,1213.6248961807314,50.64599701019529,-0.15,96.85,96.69999999999999,97.0,4.861701273089693,5.1094329089701205,12.55041244705604,4.749002979635782
2024-04-15 14:56:45,1196.96,1239.92,1190.4664232567252,1239.1909210143717,1214.8286721355485,48.72449775764653,-0.15,96.85,96.69999999999999,97.0,1.203775954817047,-3.657925318272646,12.56286100902469,3.1294837298187637
2024-04-15 14:56:46,1208.68,1230.81,1195.0198174425439,1237.0956907607788,1216.0577541016614,42.075873318234926,-0.15,96.85,96.69999999999999,97.0,1.2290819661129717,0.02530601129592469,12.575571267074357,3.3717153866847864
2024-04-15 14:56:47,1236.02,1234.72,1205.2698630819077,1236.5017680705841,1220.885815576246,31.231904988676433,-0.15,96.82,96.66999999999999,96.97,4.828061474584501,3.5989795084715297,12.62941763677282,4.371460341799094
2024-04-15 14:56:48,1206.07,1232.11,1205.4698973114307,1235.403826052938,1220.4368616821844,29.933928741507316,-0.15,96.82,96.66999999999999,96.97,-0.4489538940615603,-5.277015368646062,12.624773446337137,3.3078046964882484
2024-04-15 14:56:49,1234.72,1229.51,1212.782422983573,1233.9303695397036,1223.3563962616383,21.14794655613059,-0.15,96.82,96.66999999999999,96.97,2.919534579453966,3.3684884735155265,12.654974486465957,3.556398787832431
2024-04-15 14:56:50,1230.81,1225.6,1217.2893172376798,1231.8477771547778,1224.5685471962288,14.558459917097935,-0.15,96.82,96.66999999999999,96.97,1.2121509345904542,-1.707383644863512,12.667513546381663,3.279650859604688
2024-04-15 14:56:51,1224.3,1224.3,1219.04198792826,1229.9608328660834,1224.5014103971716,10.918844937823451,-0.15,96.82,96.66999999999999,96.97,-0.06713679905715253,-1.2792877336476067,12.666819051726003,1.9728191100801786
2024-04-15 14:56:52,1254.24,1219.1,1227.8414909461949,1227.2456246495626,1227.5435577978787,0.5958662966322663,-0.15,96.82,96.66999999999999,96.97,3.0421474007071083,3.109284199764261,12.698288456600709,2.55971422726163
2024-04-15 14:56:53,1228.21,1216.49,1227.9336182096463,1224.556718487172,1226.2451683484092,3.3768997224742634,-0.15,96.82,96.66999999999999,96.97,-1.298389449469596,-4.340536850176704,12.6848573048883,1.6478033079253374
2024-04-15 14:56:54,1252.94,1269.85,1234.1852136572347,1235.880038865379,1235.0326262613069,1.694825208144266,-0.15,96.91,96.75999999999999,97.06,8.787457912897708,10.085847362367304,12.763875707910618,4.355206326636693
2024-04-15 14:56:55,1247.73,1252.94,1237.571410242926,1240.1450291490341,1238.85821969598,2.573618906108095,-0.15,97.61,97.46,97.76,3.8255934346732374,-4.96186447822447,12.711452975420965,6.1889296929604445
2024-04-15 14:56:56,1239.92,1289.36,1238.1585576821944,1252.4487718617756,1245.303664771985,14.290214179581199,-0.15,98.31,98.16,98.46000000000001,6.445445076004944,2.6198516413317066,12.686467523283595,7.944881564388845
2024-04-15 14:56:57,1273.75,1316.67,1247.0564182616458,1268.5040788963317,1257.780248578989,21.447660634685917,-0.15,99.01,98.86,99.16000000000001,12.476583807003863,6.031138730998919,12.722842766094944,11.804303988440681
2024-04-15 14:56:58,1245.13,1268.55,1246.5748136962343,1268.515559172249,1257.5451864342417,21.940745476014627,-0.15,99.68,99.53,99.83000000000001,-0.23506214474718945,-12.711645951751052,12.63483546467805,10.48514186676208
2024-04-15 14:56:59,1262.05,1317.97,1250.4436102721756,1280.8791693791868,1265.6613898256812,30.43555910701116,-0.15,100.39,100.24,100.54,8.116203391439512,8.351265536186702,12.626310626490131,10.759175058210566
2024-04-15 14:57:00,1273.75,1330.96,1256.2702077041317,1293.39937703439,1274.8347923692609,37.129169330258264,-0.15,101.06,100.91,101.21000000000001,9.173402543579641,1.0571991521401287,12.633384002932088,10.940804616627075
2024-04-15 14:57:01,1255.54,1298.47,1256.087655778099,1294.6670327757924,1275.3773442769457,38.579376997693544,-0.15,101.73,101.58,101.88000000000001,0.5425519076848104,-8.63085063589483,12.555398028367273,8.730170142547674
2024-04-15 14:57:02,1291.96,1349.16,1265.0557418335743,1308.2902745818444,1286.6730082077092,43.23453274827011,-0.15,102.41,102.25999999999999,102.56,11.295663930763567,10.753112023078756,12.582368429741257,10.998381740215864
2024-04-15 14:57:03,1269.85,1336.16,1266.2543063751807,1315.2577059363832,1290.756006155782,49.003399561202514,-0.15,103.08,102.92999999999999,103.23,4.082997948072716,-7.212665982690851,12.54013400967306,10.060983707409765
2024-04-15 14:57:04,1273.75,1320.57,1268.1282297813855,1316.5857794522874,1292.3570046168365,48.457549670901926,-0.15,103.75,103.6,103.9,1.600998461054587,-2.481999487018129,12.474488341142358,8.381219185957054
2024-04-15 14:57:05,1269.85,1319.27,1268.558672336039,1317.2568345892155,1292.9077534626272,48.698162253176406,-0.15,104.03,103.88,104.18,0.550748845790622,-1.050249615263965,12.44616616303871,7.26314893465782
2024-04-15 14:57:06,1293.26,1317.97,1274.7340042520293,1317.4351259419116,1296.0845650969704,42.70112168988226,-0.15,104.03,103.88,104.18,3.1768116343432666,2.6260627885526446,12.476747714865448,3.437332217048532
2024-04-15 14:57:07,1273.75,1316.67,1274.488003189022,1317.2438444564336,1295.8659238227278,42.7558412674116,-0.15,104.03,103.88,104.18,-0.21864127424260005,-3.3954529085858667,12.474642966385108,2.314079352067629
2024-04-15 14:57:08,1295.86,1307.57,1279.8310023917666,1314.8253833423253,1297.3281928670458,34.99438095055871,-0.15,104.01,103.86,104.16000000000001,1.4622690443179636,1.6809103185605636,12.491124401847886,2.1603135350152667
2024-04-15 14:57:09,1299.77,1315.37,1284.8157517938248,1314.961537506744,1299.8886446502843,30.145785712919178,-0.15,104.01,103.86,104.16000000000001,2.560451783238477,1.0981827389205137,12.515777316912256,2.5303941646240338
2024-04-15 14:57:10,1289.36,1310.17,1285.9518138453686,1313.763653130058,1299.8577334877132,27.811839284689313,-0.15,104.01,103.86,104.16000000000001,-0.03091116257110116,-2.5913629458095784,12.515479693551256,1.9686637293308216
2024-04-15 14:57:11,1321.87,1308.87,1294.9313603840264,1312.5402398475435,1303.735800115785,17.60887946351704,-0.15,104.01,103.86,104.16000000000001,3.8780666280717924,3.9089777906428935,12.55281905991687,3.000357412568415
2024-04-15 14:57:12,1289.36,1303.67,1293.5385202880198,1310.3226798856576,1301.9306000868387,16.78415959763788,-0.15,104.01,103.86,104.16000000000001,-1.805200028946274,-5.683266657018066,12.535437969876764,2.4161967892028353
2024-04-15 14:57:13,1321.87,1307.57,1300.6213902160148,1309.6345099142432,1305.127950065129,9.013119698228365,-0.15,104.01,103.86,104.16000000000001,3.1973499782902763,5.00255000723655,12.566223160975408,2.334016911831049
2024-04-15 14:57:14,1307.57,1299.77,1302.3585426620111,1307.1683824356824,1304.7634625488467,4.809839773671229,-0.15,104.01,103.86,104.16000000000001,-0.36448751628222453,-3.561837494572501,12.562713749144358,2.1887378047564545
2024-04-15 14:57:15,1308.87,1302.37,1303.9864069965083,1305.9687868267617,1304.977596911635,1.9823798302534215,-0.15,104.01,103.86,104.16000000000001,0.21413436278817244,0.578621879070397,12.56477550882784,1.3328284770426975
2024-04-15 14:57:16,1333.56,1299.77,1311.3798052473812,1304.4190901200714,1307.8994476837263,6.960715127309868,-0.15,103.98,103.83,104.13000000000001,2.921850772091375,2.7077164093032025,12.596546615498216,2.114398405990944
2024-04-15 14:57:17,1304.97,1299.77,1309.777353935536,1303.2568175900535,1306.5170857627947,6.520536345482469,-0.15,103.98,103.83,104.13000000000001,-1.3823619209315439,-4.304212693022919,12.583232911293093,1.3330410206350491
2024-04-15 14:57:18,1332.26,1349.16,1315.398015451652,1314.7326131925402,1315.0653143220961,0.6654022591119428,-0.15,104.6,104.44999999999999,104.75,8.548228559301378,9.930590480232922,12.590381060140883,4.231345304329566
2024-04-15 14:57:19,1315.37,1375.13,1315.391011588739,1329.8319598944051,1322.611485741572,14.440948305666097,-0.15,105.27,105.11999999999999,105.42,7.546171419475968,-1.0020571398254106,12.5819204067699,7.356543257245215
2024-04-15 14:57:20,1325.77,1330.96,1317.985758691554,1330.1139699208038,1324.049864306179,12.1282112292497,-0.15,105.94,105.78999999999999,106.09,1.4383785646068645,-6.107792854869103,12.515831853581124,8.092516944928002
2024-04-15 14:57:21,1342.66,1388.12,1324.1543190186655,1344.6154774406027,1334.384898229634,20.46115842193717,-0.15,106.62,106.47,106.77000000000001,10.335033923455057,8.896655358848193,12.532965959393897,10.427184379988509
2024-04-15 14:57:22,1319.27,1390.72,1322.933239263999,1356.141608080452,1339.5374236722255,33.208368816453,-0.15,107.26,107.11,107.41000000000001,5.152525442591468,-5.182508480863589,12.506184400765951,9.772903327564988
2024-04-15 14:57:23,1359.55,1367.34,1332.0874294479993,1358.941206060339,1345.514317754169,26.853776612339743,-0.15,107.94,107.78999999999999,108.09,5.976894081943556,0.8243686393520875,12.482737779677441,9.86216306629255
2024-04-15 14:57:24,1333.56,1419.27,1332.4555720859994,1374.0234045452544,1353.2394883156269,41.56783245925499,-0.15,108.58,108.42999999999999,108.73,7.725170561457844,1.7482764795142884,12.480305043210569,11.064561663715917
2024-04-15 14:57:25,1349.16,1403.7,1336.6316790644996,1381.4425534089407,1359.03711623672,44.81087434444112,-0.15,109.26,109.11,109.41000000000001,5.797627921093181,-1.9275426403646634,12.455660377426998,9.983748279938727
2024-04-15 14:57:26,1337.46,1390.72,1336.8387592983747,1383.7619150567057,1360.3003371775403,46.92315575833095,-0.15,109.9,109.75,110.05000000000001,1.263220940820247,-4.534406980272934,12.394535988911201,8.891121803202944
2024-04-15 14:57:27,1336.16,1407.59,1336.669069473781,1389.7189362925292,1363.194002883155,53.049866818748114,-0.15,110.55,110.39999999999999,110.7,2.893665705614694,1.630444764794447,12.347771653400212,7.012671199451964
2024-04-15 14:57:28,1338.76,1397.21,1337.191802105336,1391.591702219397,1364.3917521623664,54.39990011406098,-0.15,110.55,110.39999999999999,110.7,1.1977492792113935,-1.6959164264033006,12.358620831555667,4.364794188150027
2024-04-15 14:57:29,1363.44,1392.01,1343.753851579002,1391.6962766645477,1367.7250641217747,47.942425085545665,-0.15,110.55,110.39999999999999,110.7,3.33331195940832,2.1355626801969265,12.388813874392763,3.437612790660278
2024-04-15 14:57:30,1362.15,1386.82,1348.3528886842514,1390.4772074984107,1369.415048091331,42.124318814159324,-0.15,110.55,110.39999999999999,110.7,1.6899839695563514,-1.6433279898519686,12.404121700065303,3.6275649009726556
2024-04-15 14:57:31,1353.05,1388.12,1349.5271665131886,1389.8879056238081,1369.7075360684985,40.360739110619534,-0.15,110.55,110.39999999999999,110.7,0.2924879771674114,-1.39749599238894,12.406771047660575,2.954373508145469
2024-04-15 14:57:32,1381.63,1382.93,1357.5528748848915,1388.1484292178561,1372.8506520513738,30.59555433296464,-0.15,110.55,110.39999999999999,110.7,3.1431159828753152,2.850628005707904,12.435241300870766,3.0901538052197215
2024-04-15 14:57:33,1363.44,1384.22,1359.0246561636686,1387.1663219133923,1373.0954890385306,28.141665749723643,-0.15,110.52,110.36999999999999,110.67,0.24483698715675928,-2.898278995718556,12.440839690112268,2.3318584235583564
2024-04-15 14:57:34,1379.03,1376.43,1364.0259921227514,1384.4822414350442,1374.2541167788977,20.45624931229281,-0.15,110.52,110.36999999999999,110.67,1.1586277403671374,0.9137907532103782,12.451337359133465,2.1708527276653204
2024-04-15 14:57:35,1373.84,1380.33,1366.4794940920635,1383.4441810762833,1374.9618375841733,16.964686984219725,-0.15,110.52,110.36999999999999,110.67,0.707720805275585,-0.45090693509155244,12.457749616077049,2.018041012862999
2024-04-15 14:57:36,1368.64,1380.33,1367.0196205690477,1382.6656358072123,1374.84262818813,15.646015238164637,-0.15,110.52,110.36999999999999,110.67,-0.1192093960432885,-0.8269302013188735,12.45666952733044,0.979651144682651
2024-04-15 14:57:37,1394.61,1369.94,1373.9172154267856,1379.4842268554094,1376.7007211410973,5.5670114286238,-0.15,110.52,110.36999999999999,110.67,1.858092952967354,1.9773023490106425,12.473504654050855,1.3076580687528419
2024-04-15 14:57:38,1367.34,1375.13,1372.2729115700893,1378.395670141557,1375.3342908558232,6.122758571467784,-0.15,110.52,110.36999999999999,110.67,-1.3664302852741912,-3.224523238241545,12.461124203992926,0.9148192449555078
2024-04-15 14:57:39,1384.22,1371.24,1375.259683677567,1376.6067526061677,1375.9332181418672,1.34706892860072,-0.15,110.49,110.33999999999999,110.64,0.5989272860440451,1.9653575713182363,12.469940236287178,0.768725017254652
2024-04-15 14:57:40,1390.72,1369.94,1379.1247627581754,1374.9400644546258,1377.0324136064005,4.184698303549567,-0.15,110.49,110.33999999999999,110.64,1.0991954645332953,0.5002681784892502,12.47990213092712,0.9136620306732869
2024-04-15 14:57:41,1376.43,1368.64,1378.4510720686317,1373.3650483409695,1375.9080602048007,5.086023727662223,-0.15,110.49,110.33999999999999,110.64,-1.1243534015998193,-2.2235488661331146,12.469712232509412,0.6796728631920125
2024-04-15 14:57:42,1404.99,1394.61,1385.0858040514736,1378.676286255727,1381.8810451536003,6.409517795746524,-0.15,110.63,110.47999999999999,110.78,5.972984948799649,7.097338350399468,12.507974589478874,2.6783109907687397
2024-04-15 14:57:43,1382.93,1450.41,1384.5468530386051,1396.6097146917953,1390.5782838652003,12.062861653190112,-0.15,111.3,111.14999999999999,111.45,8.697238711599994,2.7242537628003447,12.51082565321075,6.26841858827212
2024-04-15 14:57:44,1404.99,1433.54,1389.6576397789538,1405.8422860188464,1397.7499628989,16.184646239892572,-0.15,111.95,111.8,112.10000000000001,7.171679033699775,-1.525559677900219,12.502235692277857,9.33900172587477
2024-04-15 14:57:45,1414.08,1437.44,1395.7632298342153,1413.7417145141349,1404.7524721741752,17.978484679919575,-0.15,112.6,112.44999999999999,112.75,7.002509275275088,-0.16916975842468673,12.492240637456067,11.644533573087871
2024-04-15 14:57:46,1386.82,1465.97,1393.5274223756614,1426.798785885601,1410.1631041306314,33.27136350993965,-0.15,113.24,113.08999999999999,113.39,5.4106319564562,-1.591877318818888,12.469388024239487,11.222173306249374
2024-04-15 14:57:47,1424.46,1449.11,1401.260566781746,1432.3765894142007,1416.8185780979734,31.116022632454587,-0.15,113.86,113.71,114.01,6.6554739673420045,1.2448420108858045,12.459929343400265,10.272179178941878
2024-04-15 14:57:48,1392.01,1465.97,1398.9479250863096,1440.7749420606506,1419.86143357348,41.82701697434095,-0.15,114.5,114.35,114.65,3.0428554755067125,-3.612618491835292,12.41680298344274,8.962167412068217
2024-04-15 14:57:49,1402.4,1493.19,1399.8109438147321,1453.878706545488,1426.84482518011,54.06776273075593,-0.15,115.15,115.0,115.30000000000001,6.9833916066299935,3.940536131123281,12.407346198024035,8.562720740049683
2024-04-15 14:57:50,1392.01,1450.41,1397.8607078610491,1453.011529909116,1425.4361188850826,55.15082204806686,-0.15,115.77,115.61999999999999,115.92,-1.408706295027514,-8.392097901657507,12.328629186615236,6.766733561552172
2024-04-15 14:57:51,1420.57,1491.9,1403.5380308957867,1462.7336474318372,1433.1358391638119,59.195616536050466,-0.15,116.41,116.25999999999999,116.56,7.699720278729274,9.108426573756788,12.326989737113559,6.35295733917527
2024-04-15 14:57:52,1408.89,1463.38,1404.8760231718402,1462.895235573878,1433.885629372859,58.01921240203774,-0.15,116.58,116.42999999999999,116.73,0.7497902090472053,-6.949930069682068,12.315430877414999,5.8099446017286445
2024-04-15 14:57:53,1417.97,1455.6,1408.14951737888,1461.0714266804084,1434.6104720296444,52.92190930152833,-0.15,116.58,116.42999999999999,116.73,0.724842656785313,-0.02494755226189227,12.321656443425132,4.298548038763501
2024-04-15 14:57:54,1428.35,1459.49,1413.1996380341602,1460.6760700103064,1436.9378540222333,47.47643197614616,-0.15,116.58,116.42999999999999,116.73,2.3273819925889256,1.6025393358036126,12.341645981968457,4.356539969910702
2024-04-15 14:57:55,1407.59,1458.19,1411.79722852562,1460.05455250773,1435.925890516675,48.25732398210994,-0.15,116.58,116.42999999999999,116.73,-1.011963505558242,-3.3393454981471677,12.332954377597877,1.5354424699055556
2024-04-15 14:57:56,1438.73,1456.89,1418.530421394215,1459.2634143807975,1438.8969178875063,40.73299298658253,-0.15,116.58,116.42999999999999,116.73,2.9710273708312798,3.982990876389522,12.358472090775868,1.9789745592329506
2024-04-15 14:57:57,1428.35,1454.3,1420.9853160456614,1458.0225607855982,1439.5039384156298,37.037244739936796,-0.15,116.58,116.42999999999999,116.73,0.6070205281234848,-2.364006842707795,12.36368570000811,2.0360667829920676
2024-04-15 14:57:58,1423.16,1456.89,1421.528987034246,1457.7394205891987,1439.6342038117223,36.210433554952715,-0.15,116.58,116.42999999999999,116.73,0.13026539609245447,-0.47675513203103037,12.364804530163342,1.6587215572007408
2024-04-15 14:57:59,1449.11,1447.81,1428.4242402756845,1455.2570654418992,1441.8406528587918,26.83282516621466,-0.15,116.58,116.42999999999999,116.73,2.2064490470695546,2.0761836509771,12.383755393584442,2.1247198915555168
2024-04-15 14:58:00,1420.57,1451.7,1426.4606802067633,1454.3677990814242,1440.4142396440939,27.90711887466091,-0.15,116.58,116.42999999999999,116.73,-1.4264132146979591,-3.6328622617675137,12.371504142167739,1.1335185284426708
2024-04-15 14:58:01,1449.11,1446.52,1432.1230101550725,1452.4058493110683,1442.2644297330703,20.282839155995816,-0.15,116.58,116.42999999999999,116.73,1.850190088976433,3.276603303674392,12.38739515026776,1.2640919794893457
2024-04-15 14:58:02,1436.14,1443.92,1433.1272576163044,1450.2843869833014,1441.705822299803,17.15712936699697,-0.15,116.58,116.42999999999999,116.73,-0.5586074332672979,-2.408797522243731,12.382597353922579,1.1027786951720178
2024-04-15 14:58:03,1437.44,1441.33,1434.2054432122281,1448.045790237476,1441.125616724852,13.840347025247866,-0.15,116.58,116.42999999999999,116.73,-0.5802055749509236,-0.021598141683625727,12.37761405434371,0.7171722163009574
2024-04-15 14:58:04,1456.89,1450.41,1439.8765824091713,1448.6368426781069,1444.256712543639,8.760260268935554,-0.15,116.58,116.42999999999999,116.73,3.131095818786889,3.7113013937378128,12.404506571666516,1.4592397532536328
2024-04-15 14:58:05,1429.65,1451.7,1437.3199368068786,1449.4026320085802,1443.3612844077293,12.082695201701654,-0.15,116.58,116.42999999999999,116.73,-0.8954281359096967,-4.026523954696586,12.396815872291622,1.2643024795478326
2024-04-15 14:58:06,1456.89,1445.22,1442.2124526051591,1448.3569740064352,1445.2847133057971,6.144521401276052,-0.15,116.58,116.42999999999999,116.73,1.9234288980678684,2.818857033977565,12.413335917654052,1.7327854221506407
2024-04-15 14:58:07,1443.92,1445.22,1442.6393394538693,1447.5727305048265,1445.106034979348,4.933391050957198,-0.15,116.58,116.42999999999999,116.73,-0.1786783264492442,-2.1021072245171126,12.411801276024622,1.6926217799248058
2024-04-15 14:58:08,1454.3,1456.89,1445.554504590402,1449.90204787862,1447.728276234511,4.347543288217821,-0.15,116.72,116.57,116.87,2.6222412551630896,2.800919581612334,12.41938975564143,1.63286720210649
2024-04-15 14:58:09,1458.19,1515.22,1448.7133784428015,1466.231535908965,1457.4724571758834,17.51815746616353,-0.15,117.37,117.22,117.52000000000001,9.744180941372406,7.121939686209316,12.433649929553264,5.631328366903533
2024-04-15 14:58:10,1453.0,1494.49,1449.7850338321011,1473.2961519317237,1461.5405928819123,23.511118099622536,-0.15,117.98,117.83,118.13000000000001,4.068135706028897,-5.6760452353435085,12.40380701415688,7.586091777929992
2024-04-15 14:58:11,1451.7,1498.38,1450.2637753740757,1479.567113948793,1464.9154446614343,29.303338574717145,-0.15,118.63,118.47999999999999,118.78,3.3748517795220323,-0.6932839265068651,12.364242338767658,8.621998839679277
2024-04-15 14:58:12,1455.6,1532.06,1451.597831530557,1492.6903354615947,1472.1440834960758,41.092503931037754,-0.15,119.25,119.1,119.4,7.228638834641515,3.853787055119483,12.36057154605797,9.056878112792164
2024-04-15 14:58:13,1463.38,1507.45,1454.5433736479179,1496.3802515961959,1475.4618126220569,41.836877948278016,-0.15,119.86,119.71,120.01,3.3177291259810318,-3.9109097086604834,12.325301146911334,7.426074800930391
2024-04-15 14:58:14,1445.22,1524.29,1452.2125302359384,1503.3576886971468,1477.7851094665425,51.14515846120844,-0.15,120.48,120.33,120.63000000000001,2.3232968444856397,-0.9944322814953921,12.281102777241252,6.924023011915148
2024-04-15 14:58:15,1473.75,1547.61,1457.5968976769539,1514.42076652286,1486.008832099907,56.82386884590619,-0.15,121.1,120.94999999999999,121.25,8.22372263336456,5.90042578887892,12.286141544553665,7.72452282935345
2024-04-15 14:58:16,1459.49,1510.04,1458.0701732577154,1513.325574892145,1485.69787407493,55.25540163442952,-0.15,121.72,121.57,121.87,-0.31095802497702607,-8.534680658341586,12.220925078999795,6.206921250505771
2024-04-15 14:58:17,1475.05,1521.7,1462.3151299432866,1515.4191811691087,1488.8671555561978,53.104051225822104,-0.15,122.14,121.99,122.29,3.169281481267717,3.480239506244743,12.20482943971939,5.798628103039847
2024-04-15 14:58:18,1464.67,1517.81,1462.903847457465,1516.0168858768316,1489.4603666671483,53.1130384193666,-0.15,122.14,121.99,122.29,0.5932111109505058,-2.576070370317211,12.209692224423774,4.658847645622172
2024-04-15 14:58:19,1467.27,1508.74,1463.995385593099,1514.1976644076235,1489.0965250003612,50.20227881452456,-0.15,122.14,121.99,122.29,-0.3638416667870388,-0.9570527777375446,12.206709671232492,1.8166185679912197
2024-04-15 14:58:20,1494.49,1512.63,1471.6190391948242,1513.8057483057175,1492.7123937502708,42.18670911089339,-0.15,122.14,121.99,122.29,3.615868749909623,3.979710416696662,12.236350368996808,2.489256357346206
2024-04-15 14:58:21,1472.45,1508.74,1471.8267793961181,1512.5393112292882,1492.1830453127031,40.71253183317003,-0.15,122.14,121.99,122.29,-0.5293484375677053,-4.1452171874773285,12.232011091734504,1.8328646368482577
2024-04-15 14:58:22,1495.79,1510.04,1477.8175845470885,1511.9144834219662,1494.8660339845273,34.09689887487775,-0.15,122.14,121.99,122.29,2.682988671824205,3.2123371093919104,12.254004604725985,2.401535255476489
2024-04-15 14:58:23,1488.01,1511.34,1480.3656884103164,1511.7708625664748,1496.0682754883956,31.40517415615841,-0.15,122.14,121.99,122.29,1.2022415038682084,-1.4807471679559967,12.263859851008572,2.6871248376688364
2024-04-15 14:58:24,1494.49,1510.04,1483.8967663077372,1511.3381469248561,1497.6174566162967,27.441380617118966,-0.15,122.14,121.99,122.29,1.5491811279011927,0.3469396240329843,12.27655909779275,2.2746637248768486
2024-04-15 14:58:25,1499.67,1510.04,1487.8400747308028,1511.013610193642,1499.4268424622223,23.173535462839254,-0.15,122.14,121.99,122.29,1.8093858459255898,0.26020471802439715,12.29139134495312,2.748357342206427
2024-04-15 14:58:26,1485.42,1510.04,1487.2350560481023,1510.7702076452315,1499.0026318466669,23.535151597129243,-0.15,122.14,121.99,122.29,-0.4242106155554666,-2.2335964614810564,12.28791392375402,1.9312049437267405
2024-04-15 14:58:27,1508.74,1510.04,1492.6112920360765,1510.5876557339236,1501.599473885,17.97636369784709,-0.15,122.14,121.99,122.29,2.5968420383330795,3.021052653888546,12.309201258921213,2.068543652187683
2024-04-15 14:58:28,1493.19,1510.04,1492.7559690270573,1510.4507418004428,1501.60335541375,17.694772773385466,-0.15,122.14,121.99,122.29,0.0038815287500710838,-2.5929605095830084,12.309233077338446,1.7332238110789269
2024-04-15 14:58:29,1511.34,1508.74,1497.401976770293,1510.023056350332,1503.7125165603125,12.621079580038895,-0.15,122.14,121.99,122.29,2.1091611465624283,2.105279617812357,12.326522700498318,1.905365894736416
2024-04-15 14:58:30,1508.74,1504.86,1500.2364825777197,1508.7322922627488,1504.4843874202343,8.495809685029144,-0.15,122.14,121.99,122.29,0.7718708599218189,-1.3372902866406093,12.3328500294072,2.1432730942251594
2024-04-15 14:58:31,1500.97,1497.08,1500.41986193329,1505.8192191970616,1503.1195405651756,5.3993572637716625,-0.15,122.14,121.99,122.29,-1.3648468550586585,-2.1367177149804775,12.321661843130698,1.283671081199124
2024-04-15 14:58:32,1497.08,1504.86,1499.5848964499673,1505.5794143977962,1502.5821554238819,5.994517947828854,-0.15,122.14,121.99,122.29,-0.5373851412937256,0.8274617137649329,12.317256685848228,1.0954672696808272
2024-04-15 14:58:33,1502.27,1506.15,1500.2561723374756,1505.7220607983472,1502.9891165679114,5.465888460871611,-0.15,122.14,121.99,122.29,0.40696114402953754,0.9443462853232631,12.320592706347396,0.7394919879103289
2024-04-15 14:58:34,1510.04,1504.86,1502.7021292531067,1505.5065455987603,1504.1043374259334,2.8044163456536353,-0.15,122.14,121.99,122.29,1.115220858021985,0.7082597139924474,12.329734610182793,0.8019837113486679
2024-04-15 14:58:35,1494.49,1500.97,1500.64909693983,1504.3724091990703,1502.5107530694502,3.723312259240174,-0.15,122.14,121.99,122.29,-1.593584356483234,-2.708805214505219,12.316671372676275,0.6382027220540868
2024-04-15 14:58:36,1524.29,1497.08,1506.5593227048726,1502.5493068993028,1504.5543148020877,4.010015805569765,-0.15,122.14,121.99,122.29,2.0435617326374995,3.6371460891207334,12.333423251649025,0.927838787914019
2024-04-15 14:58:37,1499.67,1504.86,1504.8369920286545,1503.126980174477,1503.9819861015658,1.7100118541775373,-0.15,122.14,121.99,122.29,-0.5723287005218936,-2.615890433159393,12.32873164827309,0.8465629489718143
2024-04-15 14:58:38,1525.59,1561.85,1510.0252440214908,1517.807735130858,1513.9164895761744,7.782491109367129,-0.15,122.39,122.24,122.54,9.934503474608618,10.506832175130512,12.384787935138961,4.594230200900608
2024-04-15 14:58:39,1504.86,1524.29,1508.733933016118,1519.4283013481433,1514.0811171821306,10.694368332025306,-0.15,123.01,122.86,123.16000000000001,0.1646276059561842,-9.769875868652434,12.32362937374655,5.699809525284503
2024-04-15 14:58:40,1521.7,1565.73,1511.9754497620886,1531.0037260111076,1521.4895878865982,19.028276249018973,-0.15,123.63,123.47999999999999,123.78,7.408470704467618,7.243843098511434,12.321749073249508,7.365489125809222
2024-04-15 14:58:41,1508.74,1542.43,1511.1665873215663,1533.8602945083308,1522.5134409149487,22.693707186764414,-0.15,124.02,123.86999999999999,124.17,1.0238530283504588,-6.384617676117159,12.291220058317016,7.446281068262687
2024-04-15 14:58:42,1507.45,1538.54,1510.2374404911748,1535.030220881248,1522.6338306862112,24.792780390073176,-0.15,124.02,123.86999999999999,124.17,0.12038977126258033,-0.9034632570878784,12.292191962493092,4.521001099929495
2024-04-15 14:58:43,1532.06,1541.13,1515.6930803683808,1536.555165660936,1526.1241230146584,20.862085292555093,-0.15,124.24,124.08999999999999,124.39,3.49029232844714,3.3699025571845596,12.298526156145801,4.4341998229217605
2024-04-15 14:58:44,1504.86,1543.72,1512.9848102762855,1538.346374245702,1525.665592260994,25.361563969416466,-0.15,124.3,124.14999999999999,124.45,-0.4585307536644905,-3.9488230821116304,12.288889085558639,2.071799233209104
2024-04-15 14:58:45,1537.24,1532.06,1519.0486077072142,1536.7747806842763,1527.9116941957452,17.726172977062106,-0.15,124.3,124.14999999999999,124.45,2.246101934751323,2.7046326884158134,12.306980925402854,2.343169995922403
2024-04-15 14:58:46,1516.52,1547.61,1518.4164557804106,1539.4835855132071,1528.9500206468088,21.067129732796502,-0.15,124.47,124.32,124.62,1.03832645106354,-1.207775483687783,12.298503928155606,2.4230738924749495
2024-04-15 14:58:47,1517.81,1545.02,1518.2648418353078,1540.8676891349055,1529.5662654851067,22.60284729959767,-0.15,124.47,124.32,124.62,0.6162448382979164,-0.4220816127656235,12.303460852490717,1.7100129294886306
2024-04-15 14:58:48,1541.13,1550.19,1523.981131376481,1543.1982668511791,1533.5896991138302,19.217135474698125,-0.15,124.61,124.46,124.76,4.023433628723524,3.4071887904256073,12.321948311038744,2.8981806766800493
2024-04-15 14:58:49,1513.93,1545.02,1521.4683485323608,1543.6537001383845,1532.5610243353726,22.185351606023687,-0.15,124.61,124.46,124.76,-1.028674778457571,-5.052108407181095,12.31368320763048,2.4375421094972785
2024-04-15 14:58:50,1542.43,1547.61,1526.7087613992708,1544.6427751037884,1535.6757682515295,17.93401370451761,-0.15,124.72,124.57,124.87,3.11474391615684,4.143418694614411,12.327813726609262,2.808696416041243
2024-04-15 14:58:51,1528.18,1547.61,1527.0765710494532,1545.3845813278413,1536.2305761886473,18.30801027838811,-0.15,124.72,124.57,124.87,0.5548079371178574,-2.5599359790389826,12.332267511089187,2.6716549198850545
2024-04-15 14:58:52,1550.19,1554.08,1532.85492828709,1547.558435995881,1540.2066821414855,14.703507708790994,-0.15,124.83,124.67999999999999,124.98,3.9761059528382248,3.4212980157203674,12.353277749343984,2.953288736133668
2024-04-15 14:58:53,1539.84,1543.72,1534.6011962153175,1546.5988269969107,1540.600011606114,11.997630781593216,-0.15,124.83,124.67999999999999,124.98,0.39332946462855034,-3.5827764882096744,12.356432461097864,3.3644457025582613
2024-04-15 14:58:54,1538.54,1578.68,1535.5858971614882,1554.619120247683,1545.1025087045855,19.033223086194766,-0.15,124.86,124.71,125.01,4.502497098471395,4.109167633842844,12.389563758439754,3.8207164093211414
2024-04-15 14:58:55,1532.06,1552.78,1534.704422871116,1554.1593401857622,1544.4318815284391,19.45491731464608,-0.15,124.94,124.78999999999999,125.09,-0.670627176146354,-5.173124274617749,12.376247048258612,3.5934354310767866
2024-04-15 14:58:56,1550.19,1550.19,1538.575817153337,1553.1670051393216,1545.8714111463294,14.591187985984561,-0.15,124.94,124.78999999999999,125.09,1.43952961789023,2.110156794036584,12.387782664945483,2.6450127408337116
2024-04-15 14:58:57,1534.65,1555.37,1537.594362865003,1553.7177538544913,1545.656058359747,16.12339098948837,-0.15,125.03,124.88,125.18,-0.21535278658234347,-1.6548824044725734,12.377130413057468,2.1595320020150743
2024-04-15 14:58:58,1542.43,1552.78,1538.8032721487523,1553.4833153908685,1546.1432937698105,14.680043242116199,-0.15,125.03,124.88,125.18,0.4872354100634766,0.7025881966458201,12.381032041870425,0.6814720889855783
2024-04-15 14:58:59,1559.26,1556.67,1543.9174541115642,1554.2799865431514,1549.0987203273578,10.36253243158717,-0.15,125.11,124.96,125.26,2.955426557547298,2.4681911474838216,12.396756625564992,1.7268303057858512
2024-04-15 14:59:00,1533.36,1554.08,1541.278090583673,1554.2299899073635,1547.7540402455184,12.95189932369044,-0.15,125.11,124.96,125.26,-1.3446800818394422,-4.30010663938674,12.385995741513467,1.47831283020762
2024-04-15 14:59:01,1560.55,1557.96,1546.0960679377547,1555.1624924305227,1550.6292801841387,9.066424492767965,-0.15,125.2,125.05,125.35000000000001,2.875239938620325,4.219920020459767,12.400074112627467,2.062700780825611
2024-04-15 14:59:02,1541.13,1555.37,1544.854550953316,1555.214369322892,1550.034460138104,10.359818369576033,-0.15,125.2,125.05,125.35000000000001,-0.5948200460347834,-3.4700599846551086,12.395317454960308,1.8088921695541214
2024-04-15 14:59:03,1559.26,1555.37,1548.455913214987,1555.253276992169,1551.854595103578,6.7973637771819995,-0.15,125.23,125.08,125.38000000000001,1.8201349654741534,2.414955011508937,12.406896247974752,1.5503419192331227
2024-04-15 14:59:04,1551.49,1556.67,1549.2144349112402,1555.6074577441268,1552.4109463276836,6.393022832886572,-0.15,125.23,125.08,125.38000000000001,0.5563512241055832,-1.2637837413685702,12.411344211035653,1.8202786923476286
2024-04-15 14:59:05,1557.96,1559.26,1551.4008261834301,1556.5205933080952,1553.9607097457626,5.119767124665032,-0.15,125.34,125.19,125.49000000000001,1.54976341807901,0.9934121939734268,12.412818095158915,1.5435509516503014
2024-04-15 14:59:06,1551.49,1557.96,1551.4231196375727,1556.8804449810714,1554.151782309322,5.457325343498724,-0.15,125.34,125.19,125.49000000000001,0.19107256355937352,-1.3586908545196366,12.414344355739098,1.6855185501213257
2024-04-15 14:59:07,1547.61,1564.44,1550.4698397281793,1558.7703337358034,1554.6200867319913,8.300494007624138,-0.15,125.39,125.24,125.54,0.46830442266923455,0.27723185910986103,12.413127389962185,1.1973602679648794
2024-04-15 14:59:08,1547.61,1552.78,1549.7548797961344,1557.2727503018525,1553.5138150489934,7.517870505718065,-0.15,125.39,125.24,125.54,-1.1062716829978854,-1.57457610566712,12.404294176339024,0.8381541385289657
2024-04-15 14:59:09,1543.72,1583.85,1548.246159847101,1563.9170627263893,1556.081611286745,15.670902879288406,-0.15,125.42,125.27,125.57000000000001,2.567796237751736,3.6740679207496214,12.421821656142122,0.9867432457506098
2024-04-15 14:59:10,1545.02,1551.49,1547.4396198853256,1560.810297044792,1554.1249584650586,13.370677159466368,-0.15,125.45,125.3,125.60000000000001,-1.9566528216864754,-4.524449059438211,12.403231812145465,0.9682943191143855
2024-04-15 14:59:11,1568.32,1559.26,1552.659714913994,1560.422722783594,1556.541218848794,7.76300786959996,-0.15,125.45,125.3,125.60000000000001,2.4162603837353345,4.37291320542181,12.42251561393678,1.2904666373190439
2024-04-15 14:59:12,1545.02,1552.78,1550.7497861854954,1558.5120420876954,1554.6309141365955,7.762255902199968,-0.15,125.48,125.33,125.63000000000001,-1.9103047121984673,-4.326565095933802,12.4042998622221,1.2897282465111437
2024-04-15 14:59:13,1552.78,1559.26,1551.2573396391215,1558.6990315657715,1554.9781856024465,7.441691926650037,-0.15,125.48,125.33,125.63000000000001,0.34727146585100854,2.257576178049476,12.407070718865203,1.0098771275188763
2024-04-15 14:59:14,1551.49,1563.14,1551.315504729341,1559.8092736743288,1555.5623892018348,8.493768944987778,-0.15,125.56,125.41,125.71000000000001,0.5842035993882746,0.23693213353726605,12.40381450281493,0.9292063995497484
2024-04-15 14:59:15,1554.08,1559.26,1552.0066285470057,1559.6719552557465,1555.839291901376,7.665326708740849,-0.15,125.56,125.41,125.71000000000001,0.2769026995413242,-0.3073008998469504,12.406022482221145,0.7466940146305268
2024-04-15 14:59:16,1543.72,1564.44,1549.9349714102543,1560.8639664418101,1555.3994689260321,10.928995031555814,-0.15,125.62,125.47,125.77000000000001,-0.4398229753439864,-0.7167256748853106,12.396584494536125,0.47937649393757026
2024-04-15 14:59:17,1547.61,1561.85,1549.3537285576906,1561.1104748313578,1555.2321016945243,11.756746273667204,-0.15,125.62,125.47,125.77000000000001,-0.16736723150779653,0.27245574383618987,12.395250572242558,0.32612841494087297
2024-04-15 14:59:18,1547.61,1556.67,1548.917796418268,1560.0003561235185,1554.459076270893,11.08255970525056,-0.15,125.67,125.52,125.82000000000001,-0.7730254236312248,-0.6056581921234283,12.38415442867064,0.5199348612148361
2024-04-15 14:59:19,1557.96,1561.85,1551.178347313701,1560.4627670926388,1555.8205572031698,9.284419778937945,-0.15,125.67,125.52,125.82000000000001,1.3614809322766632,2.134506355907888,12.3950011536661,0.5636760752616254
2024-04-15 14:59:20,1555.37,1559.26,1552.2262604852756,1560.1620753194793,1556.1941679023776,7.935814834203711,-0.15,125.7,125.55,125.85000000000001,0.3736106992078021,-0.9878702330688611,12.395015177278873,0.6555299291210455
2024-04-15 14:59:21,1552.78,1561.85,1552.3646953639566,1560.5840564896093,1556.474375926783,8.219361125652767,-0.15,125.7,125.55,125.85000000000001,0.2802080244055105,-0.09340267480229159,12.397247021342382,0.8057248678905823
2024-04-15 14:59:22,1552.78,1563.14,1552.4685215229674,1561.223042367207,1556.8457819450873,8.75452084423955,-0.15,125.76,125.61,125.91000000000001,0.371406018304242,0.09119799389873151,12.394282059953868,0.918726821335745
2024-04-15 14:59:23,1555.37,1559.26,1553.1938911422255,1560.7322817754052,1556.9630864588153,7.538390633179688,-0.15,125.76,125.61,125.91000000000001,0.11730451372795869,-0.25410150457628333,12.395215938727803,0.46948997047108393
2024-04-15 14:59:24,1552.78,1555.37,1553.090418356669,1559.391711331554,1556.2410648441114,6.301292974884973,-0.15,125.79,125.64,125.94000000000001,-0.7220216147038627,-0.8393261284318214,12.386509491066555,0.34846271442254695
2024-04-15 14:59:25,1543.72,1563.14,1550.7478137675018,1560.3287834986656,1555.5382986330837,9.580969731163805,-0.15,125.79,125.64,125.94000000000001,-0.7027662110276651,0.019255403676197602,12.380916000096846,0.567522105575852
2024-04-15 14:59:26,1568.32,1565.73,1555.1408603256264,1561.6790876239993,1558.4099739748128,6.538227298372931,-0.15,125.81,125.66,125.96000000000001,2.8716753417290874,3.5744415527567526,12.40179819809816,1.0636032602913121
2024-04-15 14:59:27,1552.78,1564.44,1554.5506452442198,1562.3693157179996,1558.4599804811096,7.818670473779775,-0.15,125.81,125.66,125.96000000000001,0.05000650629676784,-2.8216688354323196,12.402196148964775,1.2998536313314575
2024-04-15 14:59:28,1543.72,1568.32,1551.842983933165,1563.8569867884996,1557.8499853608323,12.014002855334638,-0.15,125.87,125.72,126.02000000000001,-0.60999512027729,-0.6600016265740578,12.391425174748704,1.3327618044918756
2024-04-15 14:59:29,1555.37,1559.26,1552.7247379498738,1562.7077400913747,1557.7162390206242,9.983002141500947,-0.15,125.87,125.72,126.02000000000001,-0.13374634020806297,0.476248780069227,12.390361331771102,1.1960466862607315
2024-04-15 14:59:30,1555.37,1565.73,1553.3860534624052,1563.463305068531,1558.424679265468,10.077251606125856,-0.15,125.87,125.72,126.02000000000001,0.7084402448438141,0.842186585051877,12.395996395716447,0.3587556725632177
2024-04-15 14:59:31,1551.49,1565.73,1552.9120400968038,1564.029978801398,1558.471009449101,11.11793870459428,-0.15,125.93,125.78,126.08000000000001,0.04633018363301744,-0.6621100612107966,12.390451558742642,0.36974029826306065
2024-04-15 14:59:32,1556.67,1565.73,1553.8515300726028,1564.4549841010485,1559.1532570868258,10.60345402844564,-0.15,125.93,125.78,126.08000000000001,0.6822476377246858,0.6359174540916683,12.39587569320202,0.57303447268651
2024-04-15 14:59:33,1557.96,1564.44,1554.878647554452,1564.4512380757865,1559.6649428151193,9.572590521334405,-0.15,125.93,125.78,126.08000000000001,0.5116857282935143,-0.17056190943117144,12.399943794046553,0.746927713320116
2024-04-15 14:59:34,1550.19,1568.32,1553.706485665839,1565.41842855684,1559.5624571113394,11.711942891000945,-0.15,125.95,125.8,126.10000000000001,-0.10248570377984834,-0.6141714320733627,12.397157748125451,0.5868445791912416
2024-04-15 14:59:35,1546.31,1557.96,1551.8573642493793,1563.55382141763,1557.7055928335046,11.696457168250618,-0.15,125.95,125.8,126.10000000000001,-1.8568642778348021,-1.7543785740549538,12.382397300883207,0.821296495128663
2024-04-15 14:59:36,1554.08,1560.55,1552.4130231870345,1562.8028660632224,1557.6079446251283,10.389842876187913,-0.15,125.98,125.83,126.13000000000001,-0.09764820837631305,1.759216069458489,12.378669095179681,1.006761782423308
2024-04-15 14:59:37,1547.61,1561.85,1551.2122673902757,1562.5646495474166,1556.8884584688462,11.352382157140937,-0.15,125.98,125.83,126.13000000000001,-0.7194861562820734,-0.6218379479057603,12.372951172978583,1.2530542557264983
2024-04-15 14:59:38,1552.78,1564.44,1551.6042005427066,1563.0334871605623,1557.3188438516345,11.429286617855723,-0.15,125.98,125.83,126.13000000000001,0.4303853827882449,1.1498715390703182,12.376371544744996,1.0262899901169085
2024-04-15 14:59:39,1548.9,1555.37,1550.92815040703,1561.1176153704216,1556.0228828887257,10.189464963391629,-0.15,125.98,125.83,126.13000000000001,-1.2959609629087936,-1.7263463456970385,12.366072244477895,0.6850532475947271
2024-04-15 14:59:40,1557.96,1564.44,1552.6861128052726,1561.948211527816,1557.3171621665442,9.262098722543442,-0.15,126.04,125.89,126.19000000000001,1.2942792778185321,2.5902402407273257,12.370459526539715,0.6193194143879516
2024-04-15 14:59:41,1551.49,1565.73,1552.3870846039545,1562.8936586458622,1557.6403716249083,10.506574041907697,-0.15,126.04,125.89,126.19000000000001,0.3232094583640901,-0.971069819454442,12.373026922328075,0.6269929695344065
2024-04-15 14:59:42,1555.37,1564.44,1553.1328134529658,1563.2802439843967,1558.2065287186813,10.147430531430928,-0.15,126.04,125.89,126.19000000000001,0.5661570937729721,0.24294763540888198,12.377524158719176,0.8014546466384018
2024-04-15 14:59:43,1554.08,1564.44,1553.3696100897243,1563.5701829882978,1558.4698965390112,10.200572898573455,-0.15,126.04,125.89,126.19000000000001,0.26336782032990413,-0.30278927344306794,12.37961620588923,0.9578584280778738
2024-04-15 14:59:44,1557.96,1563.14,1554.5172075672933,1563.4626372412233,1558.9899224042583,8.945429673929993,-0.15,126.04,125.89,126.19000000000001,0.5200258652471348,0.25665804491723065,12.383747001513315,0.6635430835597834
2024-04-15 14:59:45,1557.96,1569.61,1555.37790567547,1564.9994779309175,1560.1886918031937,9.621572255447518,-0.15,126.07,125.91999999999999,126.22,1.198769398935383,0.6787435336882481,12.390316704358936,0.9643038775996413
2024-04-15 14:59:46,1555.37,1561.85,1555.3759292566024,1564.2121084481882,1559.7940188523953,8.83617919158587,-0.15,126.07,125.91999999999999,126.22,-0.3946729507983946,-1.5934423497337775,12.387182389336191,0.8470399504586918
2024-04-15 14:59:47,1567.03,1564.44,1558.2894469424516,1564.2690813361414,1561.2792641392966,5.979634393689821,-0.15,126.07,125.91999999999999,126.22,1.4852452869013177,1.8799182376997123,12.398977539233794,1.0896399252890259
2024-04-15 14:59:48,1547.61,1565.73,1555.6195852068386,1564.6343110021062,1560.1269481044724,9.014725795267623,-0.15,126.07,125.91999999999999,126.22,-1.1523160348242527,-2.6375613217255705,12.38982636368048,0.824957178249714
2024-04-15 14:59:49,1552.78,1564.44,1554.9096889051289,1564.5857332515798,1559.7477110783543,9.676044346450908,-0.15,126.07,125.91999999999999,126.22,-0.3792370261180622,0.7730790087061905,12.386814633827349,0.6196627565266195
2024-04-15 14:59:50,1552.78,1572.2,1554.3772666788466,1566.4892999386848,1560.4332833087656,12.1120332598382,-0.15,126.1,125.94999999999999,126.25,0.6855722304112533,1.0648092565293155,12.38930743088097,0.625477447453185
2024-04-15 14:59:51,1548.9,1565.73,1553.0079500091351,1566.2994749540135,1559.6537124815743,13.291524944878347,-0.15,126.1,125.94999999999999,126.25,-0.7795708271912645,-1.4651430576025177,12.383117904711842,0.6549724573862964
2024-04-15 14:59:52,1548.9,1559.26,1551.9809625068515,1564.53960621551,1558.2602843611808,12.558643708658565,-0.15,126.1,125.94999999999999,126.25,-1.393428120393537,-0.6138572932022726,12.37205456124753,0.8339252886482886
2024-04-15 14:59:53,1554.08,1564.44,1552.5057218801385,1564.5147046616325,1558.5102132708855,12.008982781494069,-0.15,126.1,125.94999999999999,126.25,0.24992890970474946,1.6433570300982865,12.374038911447771,0.9100064388539858
2024-04-15 14:59:54,1556.67,1564.44,1553.5467914101039,1564.4960284962244,1559.021409953164,10.949237086120547,-0.15,126.1,125.94999999999999,126.25,0.5111966822785234,0.261267772573774,12.37809763854757,0.8824221599606746
2024-04-15 14:59:55,1552.78,1564.44,1553.355093557578,1564.4820213721682,1558.9185574648732,11.126927814590317,-0.15,126.1,125.94999999999999,126.25,-0.10285248829086413,-0.6140491705693876,12.377281024911412,0.5340055016979209
2024-04-15 14:59:56,1550.19,1561.85,1552.5638201681836,1563.8240160291261,1558.1939180986549,11.260195860942531,-0.15,126.15,126.0,126.30000000000001,-0.7246393662182982,-0.621786877927434,12.366618299460608,0.3760344303680016
2024-04-15 14:59:57,1554.08,1567.03,1552.9428651261378,1564.6255120218445,1558.7841885739913,11.682646895706739,-0.15,126.15,126.0,126.30000000000001,0.5902704753364105,1.3149098415547087,12.371302985735621,0.3351375801261576
2024-04-15 14:59:58,1559.26,1567.03,1554.5221488446034,1565.2266340163833,1559.8743914304932,10.70448517177988,-0.15,126.15,126.0,126.30000000000001,1.0902028565019464,0.49993238116553584,12.379955389289982,0.604024034234951
2024-04-15 14:59:59,1552.78,1565.73,1554.0866116334525,1565.3524755122876,1559.71954357287,11.265863878835034,-0.15,126.15,126.0,126.30000000000001,-0.15484785762328102,-1.2450507141252274,12.378726438048758,0.6959061200101463
2024-04-15 15:00:00,1546.31,1565.73,1552.1424587250895,1565.4468566342157,1558.7946576796526,13.304397909126237,-0.15,126.15,126.0,126.30000000000001,-0.9248858932173789,-0.7700380355940979,12.371386073875131,0.706030755949519
2024-04-15 15:00:01,1557.96,1567.03,1553.596844043817,1565.8426424756617,1559.7197432597395,12.245798431844605,-0.15,126.15,126.0,126.30000000000001,0.9250855800869431,1.849971473304322,12.378728022865172,0.5414665076993221
2024-04-15 15:00:02,1557.96,1561.85,1554.6876330328628,1564.8444818567464,1559.7660574448046,10.156848823883593,-0.15,126.15,126.0,126.30000000000001,0.046314185065057245,-0.8787713950218858,12.379095595759596,0.4407141060232742
2024-04-15 15:00:03,1559.26,1564.44,1555.830724774647,1564.74336139256,1560.2870430836035,8.912636617912995,-0.15,126.15,126.0,126.30000000000001,0.5209856387989475,0.4746714537338903,12.383230402383914,0.5385929974789998
2024-04-15 15:00:04,1557.96,1569.61,1556.3630435809853,1565.9600210444198,1561.1615323127025,9.596977463434541,-0.15,126.18,126.03,126.33000000000001,0.8744892290990265,0.35350359030007894,12.387221454617798,0.8664568041430497
2024-04-15 15:00:05,1559.26,1568.32,1557.087282685739,1566.5500157833148,1561.818649234527,9.462733097575892,-0.15,126.18,126.03,126.33000000000001,0.657116921824354,-0.2173723072746725,12.392435426819738,0.9160348440128538
2024-04-15 15:00:06,1555.37,1564.44,1556.657962014304,1566.022511837486,1561.3402369258952,9.36454982318196,-0.15,126.18,126.03,126.33000000000001,-0.47841230863173223,-1.1355292304560862,12.388639407579591,0.831334247902977
2024-04-15 15:00:07,1554.08,1565.73,1556.013471510728,1565.9493838781145,1560.9814276944212,9.935912367386436,-0.15,126.18,126.03,126.33000000000001,-0.3588092314739697,0.11960307715776253,12.38579239314948,0.5593153864819845
2024-04-15 15:00:08,1555.37,1567.03,1555.852603633046,1566.2195379085858,1561.036070770816,10.366934275539734,-0.15,126.18,126.03,126.33000000000001,0.054643076394768286,0.413452307868738,12.386225965124098,0.3375211494574896
2024-04-15 15:00:09,1559.26,1564.44,1556.7044527247847,1565.7746534314392,1561.2395530781118,9.070200706654532,-0.15,126.18,126.03,126.33000000000001,0.20348230729587158,0.1488392309011033,12.387840519640335,0.33316794755393614
2024-04-15 15:00:10,1557.96,1567.03,1557.0183395435886,1566.0884900735794,1561.553414808584,9.07015052999077,-0.15,126.18,126.03,126.33000000000001,0.3138617304721265,0.11037942317625493,12.39033089278944,0.23250656751425167
2024-04-15 15:00:11,1559.26,1564.44,1557.5787546576914,1565.6763675551847,1561.627561106438,8.097612897493264,-0.15,126.18,126.03,126.33000000000001,0.07414629785398574,-0.23971543261814077,12.390919215389342,0.2939166569093503
2024-04-15 15:00:12,1557.96,1564.44,1557.6740659932686,1565.3672756663887,1561.5206708298288,7.693209673120009,-0.15,126.18,126.03,126.33000000000001,-0.10689027660919237,-0.1810365744631781,12.390071081803997,0.24898091359399072
2024-04-15 15:00:13,1557.96,1564.44,1557.7455494949515,1565.1354567497915,1561.4405031223714,7.3899072548399545,-0.15,126.18,126.03,126.33000000000001,-0.08016770745734902,0.026722569151843345,12.389434981614984,0.14843003224559306
2024-04-15 15:00:14,1555.37,1569.61,1557.1516621212136,1566.2540925623437,1561.7028773417787,9.102430441130082,-0.15,126.24,126.08999999999999,126.39,0.2623742194073202,0.3425419268646692,12.385620310541348,0.10055172576110623
2024-04-15 15:00:15,1550.19,1560.55,1555.4112465909102,1564.8280694217578,1560.119658006334,9.41682283084765,-0.15,126.24,126.08999999999999,126.39,-1.58321933544471,-1.8455935548520301,12.373064046579984,0.6575856988756943
2024-04-15 15:00:16,1555.37,1564.44,1555.4009349431826,1564.7310520663186,1560.0659935047506,9.330117123136006,-0.15,126.24,126.08999999999999,126.39,-0.053664501583398305,1.5295548338613116,12.37263844184402,0.8065404483272677
2024-04-15 15:00:17,1550.19,1568.32,1554.0982012073869,1565.628289049739,1559.863245128563,11.530087842352032,-0.15,126.24,126.08999999999999,126.39,-0.2027483761876283,-0.14908387460423,12.371030476306865,0.8622773537738305
2024-04-15 15:00:18,1557.96,1567.03,1555.06365090554,1565.9787167873042,1560.521183846422,10.915065881764122,-0.15,126.24,126.08999999999999,126.39,0.6579387178589968,0.8606870940466251,12.37624848497243,0.737484145522111
2024-04-15 15:00:19,1559.26,1565.73,1556.112738179155,1565.9165375904781,1561.0146378848167,9.803799411323098,-0.15,126.24,126.08999999999999,126.39,0.49345403839470237,-0.16448467946429446,12.380161991471606,0.45722840303804163
2024-04-15 15:00:20,1559.26,1565.73,1556.8995536343664,1565.8699031928586,1561.3847284136125,8.970349558492217,-0.15,126.24,126.08999999999999,126.39,0.3700905287957994,-0.12336350959890297,12.383097121345987,0.6358838805429553
2024-04-15 15:00:21,1548.9,1565.73,1554.8996652257747,1565.8349273946437,1560.3672963102092,10.93526216886903,-0.15,126.24,126.08999999999999,126.39,-1.01743210340328,-1.3875226321990795,12.375028027085268,0.5887122084082042
2024-04-15 15:00:22,1559.26,1557.96,1555.989748919331,1563.8661955459827,1559.9279722326569,7.876446626651614,-0.15,126.24,126.08999999999999,126.39,-0.43932407755232816,0.5781080258509519,12.371543816806355,0.567977118584941
2024-04-15 15:00:23,1552.78,1563.14,1555.1873116894983,1563.684646659487,1559.4359791744928,8.497334969988742,-0.15,126.24,126.08999999999999,126.39,-0.49199305816409833,-0.052668980611770166,12.367641897111993,0.7901382265749518
2024-04-15 15:00:24,1557.96,1564.44,1555.8804837671237,1563.8734849946154,1559.8769843808695,7.993001227491732,-0.15,126.24,126.08999999999999,126.39,0.441005206376758,0.9329982645408563,12.37113944015965,0.7405446601768323
2024-04-15 15:00:25,1542.43,1564.44,1552.517862825343,1564.0151137459616,1558.2664882856523,11.497250920618626,-0.15,126.24,126.08999999999999,126.39,-1.610496095217286,-2.051501301594044,12.35836684849937,0.8023476624040866
2024-04-15 15:00:26,1552.78,1564.44,1552.583397119007,1564.1213353094713,1558.3523662142393,11.537938190464274,-0.15,126.24,126.08999999999999,126.39,0.08587792858702414,1.6963740238043101,12.359047932866932,0.81085340772447
2024-04-15 15:00:27,1550.19,1569.61,1551.9850478392555,1565.4935014821033,1558.7392746606793,13.508453642847826,-0.15,126.24,126.08999999999999,126.39,0.3869084464399748,0.30103051785295065,12.362116443005496,0.7005337430829484
2024-04-15 15:00:28,1554.08,1567.03,1552.5087858794416,1565.8776261115775,1559.1932059955095,13.36884023213588,-0.15,126.24,126.08999999999999,126.39,0.4539313348302585,0.0670228883902837,12.365716501148333,0.66455118441636
2024-04-15 15:00:29,1548.9,1564.44,1551.6065894095814,1565.5182195836833,1558.5624044966323,13.911630174101902,-0.15,126.24,126.08999999999999,126.39,-0.6308014988771902,-1.0847328337074487,12.360713713505582,0.36833049627106007
2024-04-15 15:00:30,1554.08,1564.44,1552.2249420571861,1565.2486646877624,1558.7368033724742,13.02372263057623,-0.15,126.24,126.08999999999999,126.39,0.17439887584191638,0.8052003747191065,12.36209684360677,0.31004752499063043
2024-04-15 15:00:31,1552.78,1563.14,1552.3637065428895,1564.7214985158218,1558.5426025293557,12.357791972932318,-0.15,126.24,126.08999999999999,126.39,-0.19420084311855135,-0.3685997189604677,12.360556667212302,0.2621109064353063
2024-04-15 15:00:32,1551.49,1561.85,1552.1452799071672,1564.0036238868665,1558.0744518970168,11.858343979699384,-0.15,126.24,126.08999999999999,126.39,-0.46815063233884757,-0.2739497892202962,12.356843838053559,0.4028400900630953
2024-04-15 15:00:33,1556.67,1556.67,1553.2764599303755,1562.1702179151498,1557.7233389227627,8.893757984774311,-0.15,126.24,126.08999999999999,126.39,-0.3511129742541925,0.11703765808465505,12.354059216184499,0.41773841580265675
2024-04-15 15:00:34,1550.19,1559.26,1552.5048449477817,1561.4426634363624,1556.9737541920722,8.93781848858066,-0.15,126.24,126.08999999999999,126.39,-0.749584730690458,-0.3984717564362654,12.348114377380902,0.7021471370837584
2024-04-15 15:00:35,1547.61,1564.44,1551.2811337108362,1562.1919975772716,1556.7365656440538,10.91086386643542,-0.15,126.24,126.08999999999999,126.39,-0.23718854801836642,0.5123961826720915,12.346233272248558,0.7526627651969905
2024-04-15 15:00:36,1557.96,1564.44,1552.9508502831272,1562.7539981829536,1557.8524242330404,9.8031478998264,-0.15,126.24,126.08999999999999,126.39,1.1158585889866117,1.3530471370049781,12.355082971512076,0.5830854691457823
2024-04-15 15:00:37,1557.96,1564.44,1554.2031377123456,1563.1754986372152,1558.6893181747805,8.97236092486969,-0.15,126.24,126.08999999999999,126.39,0.8368939417400725,-0.27896464724653924,12.361720245959715,0.7751010008009569
2024-04-15 15:00:38,1548.9,1564.44,1552.8773532842592,1563.4916239779113,1558.1844886310853,10.614270693652088,-0.15,126.24,126.08999999999999,126.39,-0.504829543695223,-1.3417234854352955,12.357716522114117,0.8202966541122977
2024-04-15 15:00:39,1556.67,1565.73,1553.8255149631946,1564.0512179834336,1558.938366473314,10.225703020239052,-0.15,126.24,126.08999999999999,126.39,0.7538778422288033,1.2587073859240263,12.363695408911244,0.8624943247090877
2024-04-15 15:00:40,1557.96,1568.32,1554.8591362223958,1565.1184134875753,1559.9887748549854,10.259277265179435,-0.15,126.26,126.11,126.41000000000001,1.0504083816713319,0.2965305394425286,12.370063932161775,0.8211737540788775
2024-04-15 15:00:41,1557.96,1559.26,1555.6343521667968,1563.6538101156816,1559.6440811412392,8.019457948884792,-0.15,126.26,126.11,126.41000000000001,-0.34469371374621005,-1.395102095417542,12.367330653983892,0.7277167543461329
2024-04-15 15:00:42,1557.96,1560.55,1556.2157641250976,1562.8778575867611,1559.5468108559294,6.662093461663517,-0.15,126.26,126.11,126.41000000000001,-0.09727028530983262,0.24742342843637743,12.366559340967171,0.7108205004775111
2024-04-15 15:00:43,1559.26,1567.03,1556.9768230938232,1563.9158931900708,1560.446358141947,6.939070096247633,-0.15,126.26,126.11,126.41000000000001,0.8995472860176505,0.9968175713274832,12.3736923778309,0.5581871550844347
2024-04-15 15:00:44,1557.96,1559.26,1557.2226173203674,1562.7519198925531,1559.9872686064602,5.52930257218577,-0.15,126.26,126.11,126.41000000000001,-0.45908953548678255,-1.358636821504433,12.370051988235733,0.35414472595756163
2024-04-15 15:00:45,1557.96,1561.85,1557.4069629902756,1562.5264399194148,1559.9667014548452,5.119476929139182,-0.15,126.26,126.11,126.41000000000001,-0.020567151615068724,0.43852238387171383,12.369888899254272,0.3532509447572963
2024-04-15 15:00:46,1555.37,1565.73,1556.8977222427068,1563.327329939561,1560.112526091134,6.429607696854191,-0.15,126.26,126.11,126.41000000000001,0.1458246362888076,0.16639178790387632,12.371045228134873,0.3232015647888456
2024-04-15 15:00:47,1552.78,1560.55,1555.86829168203,1562.6329974546709,1559.2506445683505,6.764705772640809,-0.15,126.26,126.11,126.41000000000001,-0.8618815227835057,-1.0077061590723133,12.36421086515058,0.43689689773854773
2024-04-15 15:00:48,1550.19,1564.44,1554.4487187615227,1563.0847480910033,1558.766733426263,8.636029329480607,-0.15,126.26,126.11,126.41000000000001,-0.483911142087436,0.3779703806960697,12.360373650510581,0.5835463453636403
2024-04-15 15:00:49,1557.96,1555.37,1555.326539071142,1561.1560610682525,1558.2413000696972,5.8295219971105325,-0.15,126.26,126.11,126.41000000000001,-0.5254333565658271,-0.041522214478391106,12.356207181932362,0.7916895379903711
2024-04-15 15:00:50,1552.78,1565.73,1554.6899043033563,1562.2995458011892,1558.4947250522728,7.609641497832854,-0.15,126.26,126.11,126.41000000000001,0.25342498257555235,0.7788583391413795,12.358216736928524,0.7386277237548173
2024-04-15 15:00:51,1550.19,1569.61,1553.5649282275172,1564.1271593508918,1558.8460437892045,10.562231123374659,-0.15,126.32,126.16999999999999,126.47,0.35131873693171656,0.09789375435616421,12.355124288135693,0.38064322866514033
2024-04-15 15:00:52,1548.9,1567.03,1552.3986961706378,1564.8528695131688,1558.6257828419034,12.454173342531021,-0.15,126.32,126.16999999999999,126.47,-0.22026094730108525,-0.5715796842328018,12.353378540766625,0.23907195918694232
2024-04-15 15:00:53,1559.26,1567.03,1554.1140221279784,1565.3971521348765,1559.7555871314275,11.28313000689809,-0.15,126.32,126.16999999999999,126.47,1.1298042895241451,1.3500652368252304,12.362333159777242,0.5810958344693155
2024-04-15 15:00:54,1552.78,1561.85,1553.7805165959837,1564.5103641011574,1559.1454403485704,10.729847505173666,-0.15,126.32,126.16999999999999,126.47,-0.6101467828571003,-1.7399510723812455,12.35749724967166,0.5018967821516298
2024-04-15 15:00:55,1559.26,1568.32,1555.150387446988,1565.462773075868,1560.3065802614278,10.312385628880065,-0.15,126.32,126.16999999999999,126.47,1.1611399128573794,1.7712866957144797,12.36670022901425,0.6889952503012813
2024-04-15 15:00:56,1554.08,1564.44,1554.8827905852409,1565.2070798069012,1560.044935196071,10.324289221660365,-0.15,126.32,126.16999999999999,126.47,-0.2616450653567881,-1.4227849782141675,12.364626478809898,0.6845058386807952
2024-04-15 15:00:57,1557.96,1568.32,1555.6520929389305,1565.9853098551757,1560.8187013970532,10.333216916245192,-0.15,126.32,126.16999999999999,126.47,0.7737662009822088,1.035411266338997,12.370759206041802,0.623553787036415
2024-04-15 15:00:58,1552.78,1563.14,1554.9340697041978,1565.2739823913819,1560.1040260477898,10.339912687184096,-0.15,126.32,126.16999999999999,126.47,-0.7146753492634161,-1.488441550245625,12.365094821928313,0.6066608225413357
2024-04-15 15:00:59,1550.19,1565.73,1553.7480522781484,1565.3879867935366,1559.5680195358425,11.639934515388177,-0.15,126.32,126.16999999999999,126.47,-0.5360065119473347,0.1786688373160814,12.360846533843198,0.453274183373532
2024-04-15 15:01:00,1559.26,1565.73,1555.1260392086115,1565.4734900951526,1560.299764651882,10.347450886541083,-0.15,126.32,126.16999999999999,126.47,0.7317451160395194,1.2677516279868541,12.366646209758548,0.4527649095643864
2024-04-15 15:01:01,1547.61,1559.26,1553.2470294064585,1563.9201175713645,1558.5835734889115,10.673088164905948,-0.15,126.32,126.16999999999999,126.47,-1.7161911629705173,-2.4479362790100367,12.35304399727247,0.8493334940510182
2024-04-15 15:01:02,1560.55,1565.73,1555.0727720548439,1564.3725881785235,1559.7226801166837,9.299816123679648,-0.15,126.35,126.19999999999999,126.5,1.1391066277722075,2.855297790742725,12.35913365893463,0.6666042560220515
2024-04-15 15:01:03,1556.67,1565.73,1555.472079041133,1564.7119411338927,1560.0920100875128,9.239862092759722,-0.15,126.35,126.19999999999999,126.5,0.36932997082908514,-0.7697766569431224,12.362060203846694,0.6646021762900773
2024-04-15 15:01:04,1559.26,1568.32,1556.4190592808498,1565.6139558504194,1561.0165075656346,9.194896569569664,-0.15,126.35,126.19999999999999,126.5,0.9244974781217934,0.5551675072927083,12.369385857339532,0.8942154049141139
2024-04-15 15:01:05,1552.78,1565.73,1555.5092944606372,1565.6429668878145,1560.5761306742259,10.133672427177316,-0.15,126.35,126.19999999999999,126.5,-0.44037689140873226,-1.3648743695305257,12.365896341587398,0.9296281330602454
2024-04-15 15:01:06,1559.26,1565.73,1556.446970845478,1565.664725165861,1561.0558480056695,9.217754320382937,-0.15,126.35,126.19999999999999,126.5,0.47971733144368045,0.9200942228524127,12.369697588240667,0.5813677242792155
2024-04-15 15:01:07,1546.31,1568.32,1553.9127281341084,1566.3285438743956,1560.120636004252,12.415815740287144,-0.15,126.35,126.19999999999999,126.5,-0.9352120014175398,-1.4149293328612202,12.362287033613036,0.46525058983519424
2024-04-15 15:01:08,1557.96,1557.96,1554.9245461005814,1564.2364079057968,1559.5804770031891,9.311861805215358,-0.15,126.35,126.19999999999999,126.5,-0.5401590010628752,0.3950530003546646,12.358006851388133,0.6257911900961761
2024-04-15 15:01:09,1557.96,1564.44,1555.6834095754361,1564.2873059293474,1559.9853577523918,8.603896353911296,-0.15,126.35,126.19999999999999,126.5,0.40488074920267536,0.9450397502655505,12.361215098186822,0.5678571043229645
2024-04-15 15:01:10,1546.31,1567.03,1553.3400571815769,1564.9729794470106,1559.1565183142939,11.632922265433763,-0.15,126.35,126.19999999999999,126.5,-0.8288394380979298,-1.2337201873006052,12.354647432326836,0.7097528728012471
2024-04-15 15:01:11,1557.96,1561.85,1554.4950428861828,1564.1922345852581,1559.3436387357206,9.697191699075347,-0.15,126.35,126.19999999999999,126.5,0.18712042142669816,1.015959859524628,12.356130161486455,0.41090592209507515
2024-04-15 15:01:12,1555.37,1563.14,1554.713782164637,1563.9291759389437,1559.3214790517904,9.215393774306676,-0.15,126.35,126.19999999999999,126.5,-0.022159683930112806,-0.20928010535681096,12.355954569697591,0.3216420272178463
2024-04-15 15:01:13,1551.49,1565.73,1553.9078366234776,1564.379381954208,1559.1436092888428,10.47154533073035,-0.15,126.35,126.19999999999999,126.5,-0.17786976294769374,-0.15571007901758094,12.354545142110124,0.34515117917669513
2024-04-15 15:01:14,1550.19,1564.44,1552.9783774676084,1564.394536465656,1558.6864569666322,11.41615899804765,-0.15,126.35,126.19999999999999,126.5,-0.4571523222105043,-0.27928255926281054,12.350922699015133,0.2645392274097295
2024-04-15 15:01:15,1559.26,1561.85,1554.5487831007063,1563.7584023492423,1559.1535927249743,9.209619248536,-0.15,126.35,126.19999999999999,126.5,0.4671357583420104,0.9242880805525147,12.354624250161253,0.2644700774083943
2024-04-15 15:01:16,1554.08,1565.73,1554.4315873255296,1564.2513017619317,1559.3414445437306,9.819714436402137,-0.15,126.35,126.19999999999999,126.5,0.18785181875637136,-0.279283939585639,12.356112774862266,0.26402790409003074
2024-04-15 15:01:17,1552.78,1565.73,1554.0186904941472,1564.6209763214488,1559.319833407798,10.602285827301557,-0.15,126.35,126.19999999999999,126.5,-0.02161113593274422,-0.20946295468911558,12.35594152972945,0.2637293313323953
2024-04-15 15:01:18,1557.96,1561.85,1555.0040178706104,1563.9282322410868,1559.4661250558486,8.92421437047642,-0.15,126.35,126.19999999999999,126.5,0.14629164805069195,0.16790278398343617,12.357100734538415,0.30449029744784506
2024-04-15 15:01:19,1555.37,1561.85,1555.0955134029577,1563.408674180815,1559.2520937918864,8.31316077785732,-0.15,126.35,126.19999999999999,126.5,-0.21403126396216976,-0.3603229120128617,12.355404765740744,0.11534693123566855
2024-04-15 15:01:20,1560.55,1563.14,1556.4591350522185,1563.3415056356114,1559.900320343915,6.8823705833929125,-0.15,126.35,126.19999999999999,126.5,0.6482265520285182,0.862257815990688,12.360541267697098,0.26017547505607774
2024-04-15 15:01:21,1560.55,1564.44,1557.4818512891638,1563.6161292267084,1560.548990257936,6.134277937544539,-0.15,126.35,126.19999999999999,126.5,0.648669914021184,0.0004433619926658139,12.36568128282294,0.5386847072900037
2024-04-15 15:01:22,1552.78,1563.14,1556.306388466873,1563.4970969200315,1559.9017426934522,7.19070845315855,-0.15,126.35,126.19999999999999,126.5,-0.6472475644839051,-1.295917478505089,12.360552538295561,0.49802512911332425
2024-04-15 15:01:23,1559.26,1568.32,1557.0447913501548,1564.7028226900236,1560.8738070200893,7.658031339868785,-0.15,126.38,126.22999999999999,126.53,0.9720643266371098,1.619311891121015,12.365315651230086,0.6321364951359502
2024-04-15 15:01:24,1559.26,1567.03,1557.5985935126162,1565.2846170175176,1561.4416052650668,7.686023504901414,-0.15,126.38,126.22999999999999,126.53,0.567798244977439,-0.4042660816596708,12.369813775610023,0.659685065731533
2024-04-15 15:01:25,1554.08,1568.32,1556.718945134462,1566.043462763138,1561.3812039488,9.324517628675949,-0.15,126.38,126.22999999999999,126.53,-0.060401316266734284,-0.6281995612441733,12.369335273544046,0.6364810569565695
2024-04-15 15:01:26,1555.37,1567.03,1556.3817088508465,1566.2900970723533,1561.3359029616,9.908388221506812,-0.15,126.38,126.22999999999999,126.53,-0.045300987200107556,0.015100329066626728,12.368976396994563,0.6469914872182627
2024-04-15 15:01:27,1557.96,1564.44,1556.7762816381348,1565.827572804265,1561.3019272212,9.051291166130113,-0.15,126.38,126.22999999999999,126.53,-0.03397574039991014,0.01132524680019742,12.368707239582452,0.22588588139511334
2024-04-15 15:01:28,1557.96,1565.73,1557.0722112286012,1565.8031796031987,1561.4376954159,8.730968374597524,-0.15,126.38,126.22999999999999,126.53,0.13576819469994916,0.1697439350998593,12.369782801601183,0.06157266092422836
2024-04-15 15:01:29,1559.26,1564.44,1557.619158421451,1565.462384702399,1561.5407715619249,7.843226280948102,-0.15,126.38,126.22999999999999,126.53,0.10307614602493231,-0.03269204867501685,12.370599375673974,0.09396318166561027
2024-04-15 15:01:30,1557.96,1567.03,1557.7043688160882,1565.854288526799,1561.7793286714436,8.149919710710947,-0.15,126.38,126.22999999999999,126.53,0.23855710951875153,0.13548096349381922,12.372489236306382,0.19206155039705494
2024-04-15 15:01:31,1559.26,1561.85,1558.0932766120661,1564.8532163950995,1561.4732465035827,6.75993978303336,-0.15,126.38,126.22999999999999,126.53,-0.30608216786095,-0.5446392773797015,12.3700644389885,0.1755704029610188
2024-04-15 15:01:32,1554.08,1560.55,1557.0899574590496,1563.7774122963247,1560.433684877687,6.687454837275027,-0.15,126.38,126.22999999999999,126.53,-1.039561625895658,-0.7334794580347079,12.361828982934787,0.5200423514433541
2024-04-15 15:01:33,1556.67,1559.26,1556.9849680942873,1562.6480592222435,1559.8165136582654,5.66309112795625,-0.15,126.38,126.22999999999999,126.53,-0.617171219421607,0.4223904064740509,12.356939723531061,0.8433153046512838
2024-04-15 15:01:34,1556.67,1564.44,1556.9062260707155,1563.0960444166826,1560.001135243699,6.189818345967069,-0.15,126.38,126.22999999999999,126.53,0.18462158543366058,0.8017928048552676,12.35840230440701,0.8807299935865195
2024-04-15 15:01:35,1557.96,1564.44,1557.1696695530366,1563.432033312512,1560.3008514327744,6.26236375947542,-0.15,126.38,126.22999999999999,126.53,0.29971618907529773,0.11509460364163715,12.360776670141787,0.6446400575681513
2024-04-15 15:01:36,1559.26,1564.44,1557.6922521647775,1563.684024984384,1560.6881385745808,5.991772819606467,-0.15,126.38,126.22999999999999,126.53,0.38728714180638235,0.08757095273108462,12.363844777079427,0.3457299382154186
2024-04-15 15:01:37,1547.61,1560.55,1555.171689123583,1562.900518738288,1559.0361039309355,7.728829614704864,-0.15,126.38,126.22999999999999,126.53,-1.6520346436452655,-2.039321785451648,12.350757280996422,0.6168193568628633
2024-04-15 15:01:38,1548.9,1565.73,1553.6037668426875,1563.607889053716,1558.6058279482017,10.004122211028516,-0.15,126.38,126.22999999999999,126.53,-0.4302759827337468,1.2217586609115187,12.34734861444073,0.8750150530507848
2024-04-15 15:01:39,1555.37,1557.96,1554.0453251320157,1562.1959167902871,1558.1206209611514,8.150591658271424,-0.15,126.38,126.22999999999999,126.53,-0.4852069870503328,-0.05493100431658604,12.343504781887402,1.1020921490534668
2024-04-15 15:01:40,1557.96,1564.44,1555.0239938490117,1562.7569375927155,1558.8904657208636,7.7329437437037996,-0.15,126.38,126.22999999999999,126.53,0.769844759712214,1.2550517467625468,12.349603528252082,0.9706331128895646
2024-04-15 15:01:41,1559.26,1560.55,1556.0829953867587,1562.2052031945366,1559.1440992906478,6.122207807777841,-0.15,126.38,126.22999999999999,126.53,0.2536335697841423,-0.5162111899280717,12.351612825311218,0.4102925370055899
2024-04-15 15:01:42,1547.61,1557.96,1553.964746540069,1561.1439023959024,1557.5543244679857,7.1791558558334145,-0.15,126.38,126.22999999999999,126.53,-1.5897748226620934,-1.8434083924462357,12.339018554455892,0.6344165849309231
2024-04-15 15:01:43,1559.26,1563.14,1555.288559905052,1561.6429267969268,1558.4657433509892,6.354366891874861,-0.15,126.38,126.22999999999999,126.53,0.9114188830035346,2.501193705665628,12.346238857678449,0.6296108993814931
2024-04-15 15:01:44,1550.19,1559.26,1554.0139199287892,1561.047195097695,1557.530557513242,7.033275168905902,-0.15,126.38,126.22999999999999,126.53,-0.9351858377472126,-1.8466047207507472,12.338830271523504,0.7475370387180253
2024-04-15 15:01:45,1552.78,1569.61,1553.7054399465917,1563.1878963232712,1558.4466681349313,9.482456376679465,-0.15,126.4,126.25,126.55000000000001,0.9161106216893131,1.8512964594365258,12.344131927055837,0.6862652401606729
2024-04-15 15:01:46,1554.08,1567.03,1553.7990799599438,1564.1484222424533,1558.9737511011986,10.349342282509497,-0.15,126.4,126.25,126.55000000000001,0.527082966267244,-0.3890276554220691,12.348306841607064,0.6314740521990012
2024-04-15 15:01:47,1556.67,1568.32,1554.5168099699579,1565.19131668184,1559.854063325899,10.674506711882032,-0.15,126.4,126.25,126.55000000000001,0.8803122247004467,0.35322925843320263,12.35527961164847,0.8489615299666871
2024-04-15 15:01:48,1552.78,1565.73,1554.0826074774684,1565.32598751138,1559.7042974944243,11.243380033911535,-0.15,126.4,126.25,126.55000000000001,-0.1497658314747241,-1.0300780561751708,12.354093347646186,0.9543892783830837
2024-04-15 15:01:49,1559.26,1564.44,1555.3769556081013,1565.104490633535,1560.240723120818,9.727535025433781,-0.15,126.4,126.25,126.55000000000001,0.5364256263937932,0.6861914578685173,12.358342263465156,0.7222325236258604
2024-04-15 15:01:50,1552.78,1568.32,1554.7277167060759,1565.9083679751511,1560.3180423406134,11.18065126907527,-0.15,126.4,126.25,126.55000000000001,0.07731921979529943,-0.4591064065984938,12.35895469292403,0.5375225692453166
2024-04-15 15:01:51,1560.55,1568.32,1556.183287529557,1566.5112759813633,1561.3472817554602,10.327988451806277,-0.15,126.4,126.25,126.55000000000001,1.0292394148468702,0.9519201950515708,12.367107084264184,0.6430602582125986
2024-04-15 15:01:52,1552.78,1564.44,1555.3324656471677,1565.9934569860225,1560.662961316595,10.660991338854728,-0.15,126.4,126.25,126.55000000000001,-0.6843204388651429,-1.7135598537120131,12.361686724395314,0.6057310248385923
2024-04-15 15:01:53,1555.37,1567.03,1555.3418492353758,1566.2525927395168,1560.7972209874463,10.91074350414101,-0.15,126.4,126.25,126.55000000000001,0.13425967085117918,0.8185801097163221,12.362750167324325,0.44244927692779334
2024-04-15 15:01:54,1559.26,1568.32,1556.3213869265319,1566.7694445546376,1561.5454157405848,10.448057628105744,-0.15,126.4,126.25,126.55000000000001,0.7481947531384776,0.6139350822872984,12.368676462351749,0.5040350061231388
2024-04-15 15:01:55,1557.96,1567.03,1556.731040194899,1566.8345834159782,1561.7828118054385,10.103543221079235,-0.15,126.4,126.25,126.55000000000001,0.23739606485378317,-0.5107986882846944,12.370556827206984,0.48156842350063345
2024-04-15 15:01:56,1550.19,1565.73,1555.095780146174,1566.5584375619837,1560.827108854079,11.462657415809645,-0.15,126.4,126.25,126.55000000000001,-0.9557029513596262,-1.1930990162134094,12.362986902899738,0.5047538375921616
2024-04-15 15:01:57,1559.26,1563.14,1556.1368351096307,1565.7038281714879,1560.9203316405592,9.566993061857147,-0.15,126.4,126.25,126.55000000000001,0.0932227864802826,1.0489257378399088,12.363725301202646,0.4569582375864674
2024-04-15 15:01:58,1564.44,1567.03,1558.212626332223,1566.035371128616,1562.1239987304193,7.8227447963929535,-0.15,126.4,126.25,126.55000000000001,1.2036670898601187,1.1104443033798361,12.373259297878496,0.5572650652881688
2024-04-15 15:01:59,1557.96,1565.73,1558.1494697491673,1565.9590283464618,1562.0542490478147,7.809558597294426,-0.15,126.4,126.25,126.55000000000001,-0.06974968260465175,-1.2734167724647705,12.37270682514937,0.6238293802435821
2024-04-15 15:02:00,1561.85,1565.73,1559.0746023118754,1565.901771259846,1562.4881867858608,6.8271689479706765,-0.15,126.4,126.25,126.55000000000001,0.43393773804609737,0.5036874206507491,12.37614395572053,0.7574371130679411
2024-04-15 15:02:01,1556.67,1564.44,1558.4734517339066,1565.5363284448845,1562.0048900893955,7.062876710977889,-0.15,126.4,126.25,126.55000000000001,-0.48329669646523143,-0.9172344345113288,12.372315863105582,0.589280014769846
2024-04-15 15:02:02,1555.37,1559.26,1557.69758880043,1563.9672463336633,1560.8324175670466,6.269657533233385,-0.15,126.4,126.25,126.55000000000001,-1.1724725223489258,-0.6891758258836944,12.363028952111032,0.6266305279617894
2024-04-15 15:02:03,1559.26,1564.44,1558.0881916003225,1564.0854347502477,1561.086813175285,5.997243149925225,-0.15,126.4,126.25,126.55000000000001,0.2543956082383829,1.4268681305873088,12.36504396681379,0.701456062528796
2024-04-15 15:02:04,1560.55,1565.73,1558.7036437002419,1564.4965760626856,1561.6001098814636,5.7929323624437075,-0.15,126.4,126.25,126.55000000000001,0.5132967061786076,0.25890109794022464,12.36910968326617,0.6718118097385734
2024-04-15 15:02:05,1559.26,1565.73,1558.8427327751815,1564.804932047014,1561.8238324110978,5.96219927183256,-0.15,126.4,126.25,126.55000000000001,0.2237225296341876,-0.28957417654441997,12.3708817428928,0.4953726156569619
2024-04-15 15:02:06,1559.26,1563.14,1558.9470495813862,1564.3886990352605,1561.6678743083235,5.441649453874334,-0.15,126.4,126.25,126.55000000000001,-0.15595810277432065,-0.37968063240850825,12.369646431197442,0.4217955420347597
2024-04-15 15:02:07,1548.9,1565.73,1556.4352871860397,1564.7240242764456,1560.5796557312426,8.288737090405903,-0.15,126.43,126.28,126.58000000000001,-1.088218577080852,-0.9322604743065313,12.35809030228977,0.5125426928023632
2024-04-15 15:02:08,1563.14,1568.32,1558.11146538953,1565.623018207334,1561.8672417984321,7.511552817804159,-0.15,126.43,126.28,126.58000000000001,1.2875860671895225,2.3758046442703744,12.368286580853228,0.5302526650333382
2024-04-15 15:02:09,1242.53,1462.08,1479.2160990421473,1539.7372636555006,1509.476681348824,60.52116461335322,-0.15,125.53,125.38,125.68,-52.390560449608074,-53.6781465167976,12.039214143480699,23.26465741170543
2024-04-15 15:02:10,908.43,1216.49,1336.5195742816106,1458.9254477416252,1397.7225110116178,122.40587346001462,-0.15,123.18,123.03,123.33000000000001,-111.75417033720623,-59.36360988759816,11.360826624813388,71.0338321674889
2024-04-15 15:02:11,942.44,764.3,1237.999680711208,1285.269085806219,1261.6343832587136,47.26940509501105,-0.15,120.45,120.3,120.60000000000001,-136.08812775290426,-24.333957415698023,10.48740126991947,128.6014595621627
2024-04-15 15:02:12,237.37,415.71,987.8422605334059,1067.8793143546643,1027.8607874440352,80.03705382125838,-0.15,117.62,117.47,117.77000000000001,-233.7735958146784,-97.68546806177415,8.749985346846428,214.57252408640647
2024-04-15 15:02:13,63.82,376.12,756.8366954000545,894.9394857659981,825.8880905830263,138.10279036594363,-0.15,114.87,114.72,115.02000000000001,-201.9726968610089,31.800898953669503,7.199163906763096,277.56010190748174
2024-04-15 15:02:14,41.26,50.55,577.942521550041,683.8421143244987,630.8923179372698,105.89959277445769,-0.15,112.26,112.11,112.41000000000001,-194.99577264575646,6.976924215252438,5.6274401240730505,312.1779611479063
2024-04-15 15:02:15,30.65,26.66,441.11939116253075,519.546585743374,480.33298845295235,78.4271945808432,-0.15,112.26,112.11,112.41000000000001,-150.55932948431746,44.436443161439,4.284479387819757,310.72944554327296
2024-04-15 15:02:16,24.01,18.7,336.84204337189806,394.3349393075305,365.58849133971427,57.49289593563242,-0.15,112.26,112.11,112.41000000000001,-114.74449711323808,35.814832371079376,3.2609801808824734,265.7344683755194
2024-04-15 15:02:17,21.35,18.7,257.96903252892355,300.42620448064787,279.19761850478574,42.45717195172432,-0.15,112.26,112.11,112.41000000000001,-86.39087283492853,28.353624278309553,2.4903899385817128,217.48636584446373
2024-04-15 15:02:18,17.37,22.68,197.81927439669266,230.9896533604859,214.4044638785893,33.17037896379324,-0.15,112.26,112.11,112.41000000000001,-64.79315462619644,21.59771820873209,1.9124472568561417,165.68997994577055
2024-04-15 15:02:19,17.37,24.01,152.7069557975195,179.24474002036442,165.97584790894194,26.53778422284492,-0.15,112.26,112.11,112.41000000000001,-48.42861596964735,16.364538656549087,1.4804731641108624,125.03759078957707
2024-04-15 15:02:20,20.03,24.01,119.53771684813961,140.43605501527333,129.98688593170647,20.898338167133716,-0.15,112.26,112.11,112.41000000000001,-35.988961977235476,12.439653992411877,1.1594584316497016,93.73402412955957
2024-04-15 15:02:21,21.35,24.01,94.99078763610471,111.32954126145499,103.16016444877985,16.33875362535028,-0.15,112.26,112.11,112.41000000000001,-26.826721482926615,9.162240494308861,0.9201691510892044,70.02784842255909
2024-04-15 15:02:22,20.03,24.01,76.25059072707853,89.49965594609124,82.87512333658489,13.249065219012707,-0.15,112.26,112.11,112.41000000000001,-20.28504111219496,6.541680370731655,0.739230421883458,52.270613082629296
