time,force_left,force_right,force_left_filt,force_right_filt,force_avg,force_diff,dis_left,dis_right,total_delta_dis,dis_diff,force_rate,force_acc,stiffness_ratio,force_std_5s
2025-04-30 16:10:20,484.42,484.42,484.42,484.42,484.42,0.0,3.61,1.1,4.71,2.51,0.0,0.0,102.84923506385668,0.0
2025-04-30 16:10:21,480.32,552.18,483.395,501.36,492.3775,17.965000000000032,3.61,1.68,5.29,1.93,7.957499999999982,7.957499999999982,93.07701454120708,0.0
2025-04-30 16:10:22,482.37,496.74,483.13874999999996,500.205,491.671875,17.066250000000025,3.84,1.71,5.55,2.13,-0.7056249999999977,-8.66312499999998,88.58951106495296,0.0
2025-04-30 16:10:23,482.37,490.58,482.9465624999999,497.79875,490.37265625,14.85218750000007,3.84,1.71,5.55,2.13,-1.2992187500000227,-0.593593750000025,88.35541763866348,0.0
2025-04-30 16:10:24,513.16,498.79,490.4999218749999,498.0465625,494.27324218749993,7.546640625000066,3.97,2.06,6.03,1.9100000000000001,3.9005859374999545,5.199804687499977,81.96901496160612,3.743078880455217
2025-04-30 16:10:25,488.53,494.69,490.00744140624994,497.207421875,493.607431640625,7.199980468750084,4.13,2.06,6.1899999999999995,2.07,-0.6658105468749227,-4.566396484374877,79.74270628399334,1.5483375224120646
2025-04-30 16:10:26,484.42,498.79,488.6105810546875,497.60306640625004,493.10682373046876,8.99248535156255,4.13,2.31,6.4399999999999995,1.8199999999999998,-0.5006079101562477,0.16520263671867497,76.56937067718914,1.5727205131317321
2025-04-30 16:10:27,490.58,494.69,489.1029357910156,496.87479980468754,492.9888677978516,7.771864013671916,4.29,2.31,6.6,1.98,-0.1179559326171784,0.3826519775390693,74.69527168220908,1.4849103262711734
2025-04-30 16:10:28,486.48,492.63,488.4472018432617,495.8135998535157,492.1304008483887,7.366398010253988,4.29,2.33,6.62,1.96,-0.8584669494628656,-0.7405110168456872,74.33992847559823,0.7926018072507136
2025-04-30 16:10:29,490.58,502.9,488.9804013824463,497.5851998901368,493.28280063629154,8.604798507690475,4.45,2.43,6.880000000000001,2.02,1.152399787902823,2.0108667373656886,71.6980710666018,0.5509040371766095
2025-04-30 16:10:30,486.48,498.79,488.3553010368347,497.8863999176026,493.12085047721865,9.5310988807679,4.45,2.43,6.880000000000001,2.02,-0.16195015907288735,-1.3143499469757103,71.6745318027161,0.4568645808450008
2025-04-30 16:10:31,519.32,498.79,496.0964757776261,498.11229993820194,497.10438785791405,2.0158241605758462,4.52,2.56,7.08,1.9599999999999995,3.9835373806953953,4.145487539768283,70.21247424370618,1.9407109023304692
2025-04-30 16:10:32,494.69,502.9,495.7448568332196,499.30922495365144,497.5270408934355,3.5643681204318227,4.61,2.56,7.17,2.0500000000000003,0.4226530355214777,-3.5608843451739176,69.39009365458045,2.492782963153695
2025-04-30 16:10:33,492.63,507.0,494.9661426249147,501.2319187152386,498.0990306700767,6.265776090323868,4.61,2.76,7.37,1.8500000000000005,0.5719897766411464,0.14933674111966866,67.58466256247138,2.4228174522848094
2025-04-30 16:10:34,492.63,507.0,494.382106968686,502.6739390364289,498.52802300255746,8.291832067742916,4.72,2.76,7.4799999999999995,1.96,0.4289923324807887,-0.14299744416035765,66.6481225072774,2.168072134924055
2025-04-30 16:10:35,490.58,507.0,493.4315802265145,503.7554542773217,498.5935172519181,10.323874050807206,4.72,2.88,7.6,1.8399999999999999,0.06549424936065407,-0.36349808312013465,65.60440153256798,0.6446527552719338
2025-04-30 16:10:36,494.69,507.0,493.74618516988585,504.5665907079913,499.15638793893856,10.820405538105433,4.82,2.88,7.7,1.9400000000000004,0.5628706870204496,0.49737643765979556,64.82549650823923,0.6076097555383216
2025-04-30 16:10:37,490.58,546.02,492.95463887741437,514.9299430309934,503.9422909542039,21.97530415357903,4.82,3.01,7.83,1.8100000000000005,4.785903015265319,4.223032328244869,64.36043762372493,2.4211025090372367
2025-04-30 16:10:38,498.79,509.06,494.4134791580608,513.462457273245,503.9379682156529,19.04897811518424,4.95,3.08,8.030000000000001,1.87,-0.004322738550968097,-4.790225753816287,62.7568998080639,2.8481458230180245
2025-04-30 16:10:39,496.74,507.0,494.99510936854557,511.8468429549338,503.42097616173965,16.851733586388207,4.95,3.08,8.030000000000001,1.87,-0.5169920539132704,-0.5126693153623023,62.692517243987844,2.695253958955709
2025-04-30 16:10:40,482.37,511.11,491.83883202640914,511.66263221620034,501.75073212130474,19.8238001897912,5.06,3.21,8.27,1.8499999999999996,-1.670244040434909,-1.1532519865216386,60.67118155382385,2.0445222870959263
2025-04-30 16:10:41,498.79,504.95,493.57662401980684,509.98447416215026,501.7805490909785,16.40785014234342,5.06,3.21,8.27,1.8499999999999996,0.029816969673788662,1.7000610101086977,60.674786991075166,1.1165838700410504
2025-04-30 16:10:42,543.96,515.22,506.17246801485516,511.2933556216127,508.7329118182339,5.120887606757549,5.06,3.41,8.469999999999999,1.6499999999999995,6.952362727255377,6.922545757581588,60.06291047878672,2.8590354173981045
2025-04-30 16:10:43,496.74,513.16,503.81435101114135,511.7600167162095,507.7871838636754,7.945665705068166,5.16,3.41,8.57,1.75,-0.9457279545584925,-7.898090681813869,59.25170648914457,3.3411152958412185
2025-04-30 16:10:44,500.85,515.22,503.07326325835606,512.6250125371571,507.8491378977566,9.551749278801026,5.16,3.54,8.7,1.62,0.061954034081168174,1.0076819886396606,58.37345741658612,3.5021643302583674
2025-04-30 16:10:45,500.85,511.11,502.5174474437671,512.2462594028678,507.38185342331747,9.728811959100767,5.27,3.54,8.809999999999999,1.7299999999999995,-0.46728447443911136,-0.5292385085202795,57.591577279425685,2.797362073940811
2025-04-30 16:10:46,502.9,550.12,502.6130855828253,521.7146945521508,512.1638900674881,19.101608969325525,5.27,3.66,8.93,1.6099999999999994,4.782036644170603,5.249321118609714,57.353172756362305,1.9531952287862133
2025-04-30 16:10:47,504.95,513.16,503.197314187119,519.5760209141131,511.38666755061604,16.378706726994096,5.38,3.66,9.04,1.7199999999999998,-0.7772225168720297,-5.5592591610426325,56.56931537403769,2.2709030548169915
2025-04-30 16:10:48,500.85,513.16,502.6104856403392,517.9720156855848,510.291250662962,15.361530045245559,5.38,3.66,9.04,1.7199999999999998,-1.0954168876540393,-0.31819437078200963,56.44814095296694,2.121264554050875
2025-04-30 16:10:49,507.0,513.16,503.7078642302544,516.7690117641886,510.23843799722147,13.061147533934161,5.49,3.86,9.35,1.6300000000000003,-0.05281266574053234,1.042604221913507,54.570950099066465,1.8148065418120063
2025-04-30 16:10:50,500.85,517.27,502.99339817269083,516.8942588231414,509.9438284979161,13.900860650450568,5.49,3.86,9.35,1.6300000000000003,-0.2946094993053521,-0.24179683356481974,54.539441065077554,0.9369453591402515
2025-04-30 16:10:51,507.0,517.27,503.9950486295181,516.988194117356,510.49162137343706,12.993145487837864,5.49,3.99,9.48,1.5,0.5477928755209405,0.8424023748262925,53.84932146878857,0.5484466623997869
2025-04-30 16:10:52,498.79,517.27,502.6937864721386,517.058645588017,509.8762160300778,14.36485911587846,5.49,3.99,9.48,1.5,-0.6154053433592708,-1.1631982188802112,53.784405300176424,0.25508499133030343
2025-04-30 16:10:53,502.9,511.11,502.7453398541039,515.5714841910128,509.15841202255837,12.826144336908897,5.49,4.31,9.8,1.1800000000000006,-0.717804007519419,-0.1023986641601482,51.954934700777926,0.5020706355530441
2025-04-30 16:10:54,498.79,537.8,501.75650489057796,521.1286131432596,511.4425590169188,19.37210825268164,5.49,4.99,10.48,0.5,2.2841469943604125,3.0019510018798314,48.80176624190387,0.8489456530851879
2025-04-30 16:10:55,502.9,558.34,502.04237866793346,530.4314598574447,516.2369192626891,28.389081189511217,5.49,5.67,11.16,0.17999999999999972,4.794360245770292,2.51021325140988,46.25778431943591,2.8089553406348364
2025-04-30 16:10:56,502.9,580.93,502.2567840009501,543.0560948930835,522.6564394470167,40.79931089213335,5.49,6.34,11.83,0.8499999999999996,6.419520184327666,1.625159938557374,44.18059131584323,5.63128719566638
2025-04-30 16:10:57,502.9,587.09,502.4175880007126,554.0645711698127,528.2410795852627,51.646983169100054,5.49,7.0,12.49,1.5099999999999998,5.584640138245959,-0.8348800460817074,42.293117477353505,7.902825904615397
2025-04-30 16:10:58,498.79,589.15,501.51069100053445,562.8359283773596,532.173309688947,61.3252373768251,5.49,7.67,13.16,2.1799999999999997,3.932230103684333,-1.6524100345616262,40.4386982712955,8.477002488222661
2025-04-30 16:10:59,500.85,576.82,501.3455182504008,566.3319462830196,533.8387322667102,64.98642803261885,5.49,8.35,13.84,2.8599999999999994,1.6654225777631382,-2.2668075259211946,38.5721599490282,7.230058589553681
2025-04-30 16:11:00,500.85,558.34,501.2216386878006,564.3339597122648,532.7777992000326,63.11232102446422,5.49,9.03,14.52,3.539999999999999,-1.060933066677535,-2.726355644440673,36.69268336827474,4.587413288160857
2025-04-30 16:11:01,498.79,541.91,500.6137290158504,558.7279697841985,529.6708494000245,58.11424076834811,5.49,9.68,15.17,4.1899999999999995,-3.106949800008124,-2.046016733330589,34.915676630477776,2.31272054913844
2025-04-30 16:11:02,502.9,546.02,501.1852967618878,555.5509773381489,528.3681370500183,54.36568057626107,5.49,10.35,15.84,4.859999999999999,-1.3027123500062316,1.8042374500018923,33.356572202869074,2.270465168556175
2025-04-30 16:11:03,498.79,564.5,500.5864725714158,557.7882330036116,529.1873527875136,57.20176043219578,5.49,11.03,16.52,5.539999999999999,0.8192157374953695,2.121928087501601,32.03313079627015,2.3942752065170096
2025-04-30 16:11:04,500.85,597.36,500.6523544285618,567.6811747527087,534.1667645906352,67.02882032414686,5.49,11.71,17.200000000000003,6.220000000000001,4.979411803121593,4.160196065626224,31.056205438048238,2.5015256061192153
2025-04-30 16:11:05,502.9,605.58,501.21426582142135,577.1558810645315,539.1850734429764,75.94161524311016,5.49,12.39,17.880000000000003,6.9,5.0183088523411925,0.03889704921959947,30.155763047383292,4.549166042462332
2025-04-30 16:11:06,498.79,617.91,500.608199366066,587.3444107983986,543.9763050822323,86.7362114323326,5.49,13.04,18.53,7.549999999999999,4.791231639255898,-0.22707721308529472,29.356517848122742,6.643585994139877
2025-04-30 16:11:07,496.74,609.69,499.6411495245495,592.9308080987989,546.2859788116742,93.28965857424942,5.49,13.71,19.200000000000003,8.22,2.309673729441897,-2.4815579098140006,28.45239324787921,7.010079508255836
2025-04-30 16:11:08,498.79,585.04,499.42836214341213,590.9581060740992,545.1932341087556,91.52974393068706,5.49,14.39,19.880000000000003,8.9,-1.0927447029185942,-3.4024184323604914,27.424205567633297,5.036641956717235
2025-04-30 16:11:09,500.85,568.61,499.78377160755906,585.3710795555744,542.5774255815668,85.58730794801534,5.49,15.04,20.53,9.549999999999999,-2.6158085271888467,-1.5230638242702526,26.428514327961636,2.752699497230776
2025-04-30 16:11:10,500.85,562.44,500.05032870566924,579.6383096666808,539.844319186175,79.58798096101157,5.49,15.72,21.21,10.23,-2.7331063953918147,-0.11729786820296795,25.45234765364579,2.5021124349278496
2025-04-30 16:11:11,496.74,572.71,499.22274652925194,577.9062322500106,538.5644893896313,78.68348572075865,5.49,16.4,21.89,10.909999999999998,-1.2798297965437087,1.453276598848106,24.603219040037104,3.3216632059891777
2025-04-30 16:11:12,502.9,611.74,500.1420598969389,586.364674187508,543.2533670422234,86.22261429056903,5.49,17.05,22.54,11.56,4.6888776525921685,5.968707449135877,24.101745472070895,2.668635001536319
2025-04-30 16:11:13,500.85,640.51,500.31904492270417,599.901005640631,550.1100252816675,99.58196071792679,5.49,17.73,23.22,12.24,6.856658239444073,2.1677805868519044,23.691214538779196,4.48170453437791
2025-04-30 16:11:14,502.9,646.67,500.9642836920282,611.5932542304732,556.2787689612508,110.62897053844506,5.49,18.4,23.89,12.909999999999998,6.168743679583258,-0.6879145598608147,23.285004004865915,7.458365645393149
2025-04-30 16:11:15,502.9,648.73,501.4482127690211,620.877440672855,561.162826720938,119.42922790383386,5.49,19.05,24.54,13.56,4.884057759687266,-1.284685919895992,22.86726992068737,9.222963095841669
2025-04-30 16:11:16,593.25,628.18,524.3986595767658,622.7030805046412,573.5508700407036,98.30442092787541,5.92,19.73,25.65,13.81,12.38804331976553,7.503985560078263,22.360656829631452,11.49064059515465
2025-04-30 16:11:17,609.69,593.25,545.7214946825743,615.3398103784809,580.5306525305276,69.61831569590663,6.47,20.38,26.849999999999998,13.91,6.979782489824061,-5.408260829941469,21.621252547831475,12.495464364154321
2025-04-30 16:11:18,630.23,597.36,566.8486210119307,610.8448577838607,588.8467393978957,43.996236771929944,7.04,21.06,28.099999999999998,14.02,8.316086867368085,1.3363043775440246,20.955399232829055,13.44957183275922
2025-04-30 16:11:19,632.29,603.53,583.208965758948,609.0161433378955,596.1125545484217,25.807177578947517,7.6,21.74,29.339999999999996,14.139999999999999,7.265815150526009,-1.0502717168420759,20.317400621370865,13.551594780892563
2025-04-30 16:11:20,642.56,642.56,598.046724319211,617.4021075034216,607.7244159113163,19.35538318421061,8.15,22.39,30.54,14.24,11.611861362894615,4.346046212368606,19.89929260026273,13.332272182461057
2025-04-30 16:11:21,646.67,654.89,610.2025432394082,626.7740806275661,618.4883119334872,16.571537388157935,8.71,23.07,31.78,14.36,10.763896022170911,-0.8479653407237038,19.461557346505028,15.052226593789475
2025-04-30 16:11:22,652.84,677.5,620.8619074295561,639.4555604706746,630.1587339501154,18.5936530411185,9.26,23.72,32.98,14.459999999999999,11.670422016628208,0.9065259944572972,19.107298812699113,16.650035232426216
2025-04-30 16:11:23,661.06,679.55,630.9114305721671,649.4791703530059,640.1953004625865,18.567739780838792,9.82,24.39,34.21,14.57,10.03656651247104,-1.633855504157168,18.713688446328504,17.492260942263794
2025-04-30 16:11:24,665.17,675.44,639.4760729291253,655.9693777647544,647.7227253469398,16.493304835629147,10.37,25.05,35.42,14.680000000000001,7.527424884353309,-2.5091416281177317,18.2869200186341,16.126553878475466
2025-04-30 16:11:25,669.28,652.84,646.9270546968439,655.1870333235659,651.0570440102049,8.259978626721932,10.93,25.72,36.65,14.79,3.334318663265094,-4.193106221088215,17.764175340955788,13.331332344350987
2025-04-30 16:11:26,677.5,646.67,654.570291022633,653.0577749926744,653.8140330076537,1.5125160299586469,11.48,26.38,37.86,14.899999999999999,2.7569889974488433,-0.5773296658162508,17.269255566254575,9.54324675027783
2025-04-30 16:11:27,679.55,659.0,660.8152182669747,654.5433312445058,657.6792747557403,6.271887022468945,12.02,27.03,39.05,15.010000000000002,3.8652417480865324,1.1082527506376891,16.841978435691725,6.631547480601811
2025-04-30 16:11:28,696.0,687.77,669.6114137002311,662.8499984333794,666.2307060668052,6.761415266851714,12.57,27.7,40.269999999999996,15.129999999999999,8.551431311064903,4.68618956297837,16.544094599521,7.11981645166731
2025-04-30 16:11:29,700.11,718.61,677.2360602751734,676.7899988250346,677.013029550104,0.4460614501388136,13.13,28.36,41.49,15.229999999999999,10.782323483298796,2.2308921722338937,16.31749851127032,10.549632670755607
2025-04-30 16:11:30,704.22,728.89,683.98204520638,689.8149991187759,686.8985221625779,5.832953912395851,13.68,29.01,42.69,15.330000000000002,9.885492612473968,-0.8968308708248287,16.09038430714907,13.681586684020552
2025-04-30 16:11:31,712.44,739.17,691.096533904785,702.153749339082,696.6251416219335,11.05721543429695,14.22,29.66,43.88,15.44,9.726619459355561,-0.15887315311840666,15.875686548455947,15.591135112138023
2025-04-30 16:11:32,720.67,710.39,698.4899004285887,704.2128120043114,701.3513562164501,5.722911575722719,14.77,30.34,45.11,15.57,4.726214594516591,-5.00040486483897,15.547580152269342,14.319985323377754
2025-04-30 16:11:33,722.72,687.77,704.5474253214416,700.1021090032335,702.3247671623376,4.445316318208029,15.33,30.99,46.32,15.659999999999998,0.9734109458875082,-3.752803648629083,15.162451468045901,10.75320195949333
2025-04-30 16:11:34,728.89,685.72,710.6330689910811,696.5065817524251,703.569825371753,14.126487238656068,15.86,31.64,47.5,15.780000000000001,1.245058209415447,0.2716472635279388,14.811996011784359,6.818591115731392
2025-04-30 16:11:35,737.11,720.67,717.2523017433109,702.5474363143188,709.8998690288149,14.704865428992093,16.42,32.29,48.71,15.869999999999997,6.3300436570618785,5.084985447646432,14.574006455651991,4.781306580360435
2025-04-30 16:11:36,739.17,753.56,722.7317263074832,715.3005772357391,719.0161517716111,7.43114907174413,16.95,32.94,49.89,15.989999999999998,9.116282742796216,2.786239085734337,14.412029211456844,7.383396674226868
2025-04-30 16:11:37,751.51,763.85,729.9262947306124,727.4379329268043,728.6821138287083,2.488361803808175,17.51,33.6,51.11,16.09,9.665962057097204,0.5496793143009882,14.25713362495744,11.114944935665152
2025-04-30 16:11:38,761.79,780.3,737.8922210479593,740.6534496951033,739.2728353715313,2.76122864714398,18.05,34.25,52.3,16.2,10.590721542822962,0.9247594857257582,14.13523558769208,14.315321031745667
2025-04-30 16:11:39,755.62,763.85,742.3241657859694,746.4525872713274,744.3883765286485,4.12842148535799,18.58,34.9,53.48,16.32,5.11554115711715,-5.475180385705812,13.919004536455573,14.17857592693204
2025-04-30 16:11:40,765.9,739.17,748.2181243394771,744.6319404534955,746.4250323964864,3.5861838859815407,19.14,35.55,54.69,16.409999999999997,2.036655867837908,-3.078885289279242,13.648290706677559,11.519315214084576
2025-04-30 16:11:41,778.24,739.17,755.7235932546077,743.2664553401216,749.4950242973647,12.457137914486111,19.67,36.2,55.870000000000005,16.53,3.0699919008783354,1.0333360330404275,13.414981401152376,8.149555114112372
2025-04-30 16:11:42,774.13,755.62,760.3251949409558,746.3548415050911,753.3400182230234,13.970353435864695,20.21,36.85,57.06,16.64,3.8449939256587413,0.7750020247804059,13.202593848938479,5.3013443038267525
2025-04-30 16:11:43,784.41,784.41,766.3463962057168,755.8686311288184,761.1075136672675,10.477765076898436,20.75,37.51,58.26,16.759999999999998,7.767495444244105,3.9225015185853636,13.063980442898853,6.605574399312382
2025-04-30 16:11:44,786.47,809.09,771.3772971542876,769.1739733466138,770.2756352504507,2.203323807673769,21.3,38.16,59.459999999999994,16.859999999999996,9.168121583183165,1.4006261389390602,12.954517697543443,9.628965765334797
2025-04-30 16:11:45,794.7,817.32,777.2079728657156,781.2104800099604,779.209226437838,4.00250714424476,21.84,38.81,60.650000000000006,16.970000000000002,8.933591187387265,-0.2345303957959004,12.847637487060188,12.190779387350302
2025-04-30 16:11:46,804.98,798.81,784.1509796492868,785.6103600074703,784.8806698283786,1.4593803581834663,22.38,39.46,61.84,17.080000000000002,5.671443390540617,-3.262147796846648,12.692119293923986,12.871185873966335
2025-04-30 16:11:47,813.21,780.3,791.4157347369651,784.2827700056027,787.8492523712839,7.132964731362335,22.91,40.11,63.019999999999996,17.2,2.968582542905324,-2.702860847635293,12.501574736110905,10.976306088990912
2025-04-30 16:11:48,815.27,763.85,797.3793010527238,779.174577504202,788.2769392784629,18.20472354852177,23.45,40.77,64.22,17.320000000000004,0.4276869071790088,-2.540895635726315,12.274632933725163,7.535130493080186
2025-04-30 16:11:49,817.32,794.7,802.3644757895429,783.0559331281515,792.7102044588472,19.308542661391357,23.99,41.39,65.38,17.400000000000002,4.433265180384296,4.005578273205288,12.12465879984993,4.982115486524546
2025-04-30 16:11:50,831.72,829.67,809.7033568421573,794.7094498461137,802.2064033441354,14.99390699604362,24.52,42.04,66.56,17.52,9.496198885288209,5.062933704903912,12.052379676859312,6.766206251722773
2025-04-30 16:11:51,839.95,850.24,817.2650176316179,808.5920873845853,812.9285525081016,8.672930247032582,25.06,42.7,67.76,17.640000000000004,10.72214916396615,1.2259502786779422,11.997174446737413,10.710323451344234
2025-04-30 16:11:52,835.84,868.76,821.9087632237134,823.634065538439,822.7714143810763,1.7253023147255817,25.58,43.35,68.93,17.770000000000003,9.842861872974709,-0.8792872909914422,11.93633254671034,14.22788895329104
2025-04-30 16:11:53,839.95,833.78,826.4190724177852,826.1705491538291,826.2948107858072,0.24852326395603086,26.11,43.98,70.09,17.869999999999997,3.5233964047308746,-6.319465468243834,11.78905405902059,14.029700927644502
2025-04-30 16:11:54,858.47,813.21,834.431804313339,822.9304118653719,828.6811080893553,11.501392447967078,26.65,44.63,71.28,17.980000000000004,2.38629730354819,-1.1370991011826845,11.625716841521303,10.9447716750555
2025-04-30 16:11:55,860.53,815.27,840.9563532350041,821.0153088990289,830.9858310670165,19.94104433597522,27.19,45.28,72.47,18.09,2.3047229776611857,-0.0815743258870043,11.466618181321904,7.062486757660922
2025-04-30 16:11:56,856.42,852.3,844.8222649262532,828.8364816742717,836.8293733002624,15.985783251981502,27.71,45.91,73.62,18.199999999999996,5.843542233245898,3.5388192555847127,11.366875331885181,5.277175881448548
2025-04-30 16:11:57,866.7,879.05,850.2916986946898,841.3898612557039,845.8407799751968,8.901837438985922,28.24,46.56,74.8,18.320000000000004,9.011406674934392,3.1678644416884936,11.308031666673331,7.819540464019235
2025-04-30 16:11:58,872.88,889.34,855.9387740210174,853.3773959417779,854.6580849813977,2.561378079239489,28.78,47.21,75.99000000000001,18.43,8.817305006200854,-0.19410166873353774,11.246980836089179,10.80039123820001
2025-04-30 16:11:59,874.94,891.4,860.6890805157631,862.8830469563335,861.7860637360483,2.1939664405704207,29.3,47.84,77.14,18.540000000000003,7.127978754650599,-1.6893262515502556,11.171714448591313,12.586811076774874
2025-04-30 16:12:00,872.88,858.47,863.7368103868223,861.77978521725,862.7582978020362,1.9570251695722618,29.84,48.49,78.33,18.650000000000002,0.972234065987891,-6.155744688662708,11.014404274066539,11.022204981213346
2025-04-30 16:12:01,887.28,852.3,869.6226077901167,859.4098389129376,864.5162233515272,10.212768877179087,30.37,49.11,79.48,18.74,1.7579255494910058,0.7856914835031148,10.87715415795638,7.720314988237672
2025-04-30 16:12:02,897.58,868.76,876.6119558425876,861.7473791847033,869.1796675136454,14.8645766578843,30.89,49.77,80.66,18.880000000000003,4.663444162118253,2.9055186126272474,10.77584498807092,5.261260164301256
2025-04-30 16:12:03,891.4,903.75,880.3089668819407,872.2480343885275,876.2785006352341,8.060932493413247,31.41,50.39,81.8,18.98,7.098833121588655,2.4353889594704015,10.71245097705114,5.961155930741074
2025-04-30 16:12:04,903.75,926.4,886.1692251614555,885.7860257913957,885.9776254764256,0.38319937005985594,31.95,51.05,83.0,19.099999999999998,9.69912484119152,2.6002917196028648,10.674429093999958,9.522567561146305
2025-04-30 16:12:05,907.87,932.57,891.5944188710916,897.4820193435468,894.5382191073193,5.887600472455119,32.46,51.67,84.13,19.21,8.560593630893663,-1.138531210297856,10.632808849096762,12.244194452275844
2025-04-30 16:12:06,922.28,899.63,899.2658141533186,898.0190145076601,898.6424143304894,1.2467996456584842,33.0,52.3,85.3,19.299999999999997,4.104195223170109,-4.4563984077235546,10.53508093546786,12.291937292253571
2025-04-30 16:12:07,918.16,876.99,903.989360614989,892.761760880745,898.375560747867,11.227599734243995,33.52,52.95,86.47,19.43,-0.2668535826223888,-4.371048805792498,10.389447789504096,9.578479268446378
2025-04-30 16:12:08,926.4,887.28,909.5920204612418,891.3913206605587,900.4916705609003,18.200699800683083,34.04,53.58,87.62,19.54,2.1161098130332903,2.382963395655679,10.277238761511772,5.800987060135529
2025-04-30 16:12:09,932.57,942.87,915.3365153459314,904.260990495419,909.7987529206753,11.075524850512352,34.58,54.2,88.78,19.620000000000005,9.307082359774995,7.190972546741705,10.247789397081391,5.698425037556554
2025-04-30 16:12:10,942.87,967.57,922.2198865094485,920.0882428715644,921.1540646905064,2.131643637884167,35.09,54.86,89.95,19.769999999999996,11.355311769831133,2.0482294100561376,10.240734346300968,9.826128822562923
2025-04-30 16:12:11,949.04,977.87,928.9249148820863,934.5336821536732,931.7292985178798,5.608767271586885,35.61,55.48,91.09,19.869999999999997,10.575233827373381,-0.7800779424577513,10.228667123605364,14.102078791698721
2025-04-30 16:12:12,951.1,959.34,934.4686861615647,940.735261615255,937.6019738884099,6.26657545369028,36.13,56.11,92.24000000000001,19.979999999999997,5.872675370530146,-4.702558456843235,10.16480880012577,15.274634139518732
2025-04-30 16:12:13,951.1,926.4,938.6265146211736,937.1514462114413,937.8889804163075,1.4750684097322164,36.65,56.74,93.39,20.090000000000003,0.2870065278975744,-5.585668842632572,10.042713035374177,12.055934169961432
2025-04-30 16:12:14,959.34,936.69,943.8048859658802,937.036084658581,940.4204853122305,6.7688013072992135,37.19,57.36,94.55,20.17,2.5315048959230353,2.244498368025461,9.946276841522515,7.733121222516241
2025-04-30 16:12:15,967.57,965.52,949.7461644744102,944.1570634939358,946.951613984173,5.589100980474427,37.71,58.01,95.72,20.299999999999997,6.531128671942497,3.9996237760194617,9.89293359894734,5.506011480301807
2025-04-30 16:12:16,967.57,994.35,954.2021233558077,956.7052976204518,955.4537104881297,2.5031742646441444,38.23,58.64,96.87,20.410000000000004,8.502096503956636,1.9709678320141393,9.863256948744427,7.589879384914295
2025-04-30 16:12:17,973.75,1006.71,959.0890925168558,969.2064732153389,964.1477828660973,10.117380698483089,38.74,59.27,98.01,20.53,8.694072377967586,0.19197587401095006,9.837238782051408,10.86692966446256
2025-04-30 16:12:18,986.11,986.11,965.8443193876418,973.4323549115041,969.638337149573,7.588035523862345,39.26,59.9,99.16,20.64,5.490554283475717,-3.2035180944918693,9.77852286578308,11.98945162980325
2025-04-30 16:12:19,984.05,959.34,970.3957395407313,969.9092661836281,970.1525028621797,0.48647335710313655,39.76,60.52,100.28,20.760000000000005,0.5141657126067685,-4.976388570868949,9.67443650965041,9.95056471298741
2025-04-30 16:12:20,996.41,973.75,976.8993046555483,970.8694496377211,973.8843771466347,6.029855017827231,40.28,61.15,101.43,20.869999999999997,3.731874284454989,3.2177085718482203,9.601541630139929,7.161559618016527
2025-04-30 16:12:21,1000.53,1017.0,982.8069784916613,982.4020872282908,982.6045328599761,0.4048912633704731,40.8,61.78,102.58,20.980000000000004,8.720155713341342,4.988281428886353,9.57890937103789,6.830418152448461
2025-04-30 16:12:22,1002.59,1037.61,987.752733868746,996.204065421218,991.978399644982,8.451331552472084,41.32,62.4,103.72,21.08,9.37386678500593,0.6537110716645884,9.56400298959679,9.545018850166382
2025-04-30 16:12:23,1008.77,1043.79,993.0070504015595,1008.1005490659136,1000.5537997337365,15.093498664354115,41.84,63.03,104.87,21.189999999999998,8.575400088754463,-0.7984666962514666,9.540896254341948,12.5854369651086
2025-04-30 16:12:24,1010.83,1002.59,997.4627878011696,1006.7229117994352,1002.0928498003025,9.260123998265612,42.36,63.66,106.02,21.299999999999997,1.5390500665660056,-7.036350022188458,9.451922659388604,11.99678939787367
2025-04-30 16:12:25,1027.3,994.35,1004.9220908508771,1003.6296838495764,1004.2758873502268,1.2924070013007167,42.86,64.28,107.14,21.42,2.183037549924279,0.6439874833582735,9.373491487555864,8.96533245115036
2025-04-30 16:12:26,1021.12,1027.3,1008.9715681381579,1009.5472628871823,1009.2594155126701,0.5756947490244784,43.38,64.91,108.28999999999999,21.529999999999994,4.983528162443349,2.80049061251907,9.31996866001202,6.319305853260743
2025-04-30 16:12:27,1019.06,1064.39,1011.4936761036184,1023.2579471653869,1017.3758116345027,11.764271061768454,43.88,65.54,109.42000000000002,21.660000000000004,8.116396121832622,3.132867959389273,9.297896201211902,6.808098620429892
2025-04-30 16:12:28,1035.55,1080.88,1017.5077570777139,1037.6634603740401,1027.5856087258771,20.155703296326237,44.4,66.16,110.56,21.759999999999998,10.209797091374412,2.09340096954179,9.294370472426797,10.453054283989605
2025-04-30 16:12:29,1045.85,1068.51,1024.5933178082855,1045.37509528053,1034.9842065444077,20.781777472244585,44.92,66.76,111.68,21.840000000000003,7.398597818530561,-2.811199272843851,9.267408643239605,12.679338394619496
2025-04-30 16:12:30,1052.03,1031.42,1031.4524883562142,1041.8863214603975,1036.6694049083058,10.43383310418335,45.42,67.39,112.81,21.97,1.6851983638980528,-5.713399454632508,9.18951684885018,11.70775469861143
2025-04-30 16:12:31,1056.15,1035.55,1037.6268662671605,1040.302241095298,1038.9645536812293,2.675374828137592,45.94,68.02,113.96,22.08,2.2951487729235396,0.6099504090254868,9.116922995474784,8.784354866306465
2025-04-30 16:12:32,1052.03,1080.88,1041.2276497003704,1050.4466808214736,1045.8371652609221,9.219031121103171,46.44,68.65,115.09,22.210000000000008,6.87261157969283,4.57746280676929,9.087124478006757,6.606331828183986
2025-04-30 16:12:33,1070.57,1097.36,1048.5632372752777,1062.175010616105,1055.3691239456914,13.611773340827312,46.94,69.25,116.19,22.310000000000002,9.531958684769279,2.6593471050764492,9.08313206698132,8.361251727261369
2025-04-30 16:12:34,1076.75,1099.42,1055.6099279564583,1071.4862579620788,1063.5480929592686,15.876330005620503,47.46,69.87,117.33000000000001,22.410000000000004,8.178969013577216,-1.3529896711920628,9.064587777164244,11.299519349412355
2025-04-30 16:12:35,1085.0,1076.75,1062.9574459673436,1072.8021934715591,1067.8798197194515,9.844747504215547,47.96,70.5,118.46000000000001,22.54,4.331726760182846,-3.84724225339437,9.014686904480538,12.019518377355555
2025-04-30 16:12:36,1093.24,1066.45,1070.5280844755077,1071.2141451036694,1070.8711147895885,0.6860606281616128,48.46,71.1,119.56,22.639999999999993,2.9912950701370846,-1.3404316900457616,8.956767362268494,10.154249247337052
2025-04-30 16:12:37,1095.3,1089.12,1076.7210633566308,1075.690608827752,1076.2058360921915,1.0304545288788631,48.98,71.73,120.71000000000001,22.750000000000007,5.334721302602929,2.343426232465845,8.915631075938698,7.865214393027228
2025-04-30 16:12:38,1087.06,1124.16,1079.305797517473,1087.807956620814,1083.5568770691434,8.502159103341,49.48,72.36,121.84,22.880000000000003,7.351040976951936,2.016319674349006,8.893276987654845,7.747343253193579
2025-04-30 16:12:39,1103.55,1138.59,1085.3668481381046,1100.5034674656104,1092.9351578018575,15.136619327505741,49.98,72.96,122.94,22.979999999999997,9.378280732714074,2.027239755762139,8.889988196777853,10.123933169147666
2025-04-30 16:12:40,1113.85,1107.67,1092.4876361035786,1102.2951005992077,1097.391368351393,9.80746449562912,50.48,73.58,124.06,23.1,4.456210549535626,-4.922070183178448,8.845650165288916,11.093853152649594
2025-04-30 16:12:41,1113.85,1089.12,1097.828227077684,1099.0013254494056,1098.4147762635448,1.1730983717216077,50.98,74.19,125.16999999999999,23.21,1.023407912151697,-3.4328026373839293,8.77538361818456,9.55773422594973
2025-04-30 16:12:42,1130.34,1113.85,1105.956170308263,1102.7134940870542,1104.3348321976587,3.2426762212087397,51.48,74.81,126.28999999999999,23.330000000000005,5.920055934113861,4.896648021962164,8.744436008022985,7.7329444903852185
2025-04-30 16:12:43,1130.34,1161.27,1112.0521277311973,1117.3526205652906,1114.702374148244,5.3004928340933475,51.98,75.41,127.38999999999999,23.43,10.367541950585291,4.44748601647143,8.750312939774952,8.39761014698171
2025-04-30 16:12:44,1140.65,1173.64,1119.201595798398,1131.424465423968,1125.313030611183,12.222869625569956,52.48,76.04,128.52,23.56000000000001,10.610656462939005,0.2431145123537135,8.75593698922538,11.858657087582968
2025-04-30 16:12:45,1140.65,1130.34,1124.5636968487986,1131.153349067976,1127.8585229583873,6.589652219177424,52.98,76.64,129.62,23.660000000000004,2.5454923472043447,-8.06516411573466,8.701269204267229,12.813796839093403
2025-04-30 16:12:46,1148.9,1115.91,1130.6477726365988,1127.342511800982,1128.9951422187905,3.305260835616764,53.49,77.27,130.76,23.779999999999994,1.1366192604032221,-1.4088730868011226,8.634101664000374,10.53648075465718
2025-04-30 16:12:47,1157.14,1155.08,1137.270829477449,1134.2768838507366,1135.7738566640928,2.9939456267125024,53.99,77.87,131.86,23.880000000000003,6.778714445302285,5.642095184899063,8.613482845825951,7.6593818813106616
2025-04-30 16:12:48,1161.27,1190.14,1143.2706221080866,1148.2426628880526,1145.7566424980696,4.972040779965937,54.49,78.5,132.99,24.009999999999998,9.982785833976777,3.2040713886744925,8.615359304328974,8.240902845288403
2025-04-30 16:12:49,1167.45,1200.45,1149.315466581065,1161.2944971660395,1155.3049818735522,11.979030584974453,54.97,79.1,134.07,24.129999999999995,9.548339375482556,-0.4344464584942216,8.617177394319198,11.681167267564629
2025-04-30 16:12:50,1179.83,1169.52,1156.9440999357987,1163.3508728745296,1160.1474864051643,6.40677293873091,55.47,79.7,135.17000000000002,24.230000000000004,4.842504531612121,-4.705834843870434,8.582876953630889,13.012468611221466
2025-04-30 16:12:51,1175.7,1153.02,1161.633074951849,1160.7681546558972,1161.2006148038731,0.8649202959518334,55.97,80.33,136.3,24.36,1.05312839870885,-3.7893761329032714,8.519446854617946,10.765257990885479
2025-04-30 16:12:52,1186.01,1186.01,1167.7273062138868,1167.078615991923,1167.402961102905,0.6486902219637614,56.47,80.93,137.4,24.460000000000008,6.202346299031888,5.149217900323038,8.496382478941213,8.068878776747452
2025-04-30 16:12:53,1181.89,1216.95,1171.2679796604152,1179.5464619939423,1175.4072208271787,8.278482333527108,56.96,81.53,138.49,24.57,8.004259724273652,1.8019134252417643,8.487307475917909,7.7448204155393015
2025-04-30 16:12:54,1190.14,1214.89,1175.9859847453115,1188.3823464954569,1182.1841656203842,12.396361750145388,57.46,82.16,139.62,24.699999999999996,6.77694479320553,-1.227314931068122,8.4671548284861,9.437454737984977
2025-04-30 16:12:55,1194.26,1190.14,1180.5544885589836,1188.8217598715928,1184.688124215288,8.267271312609182,57.94,82.76,140.7,24.820000000000007,2.5039585949039065,-4.2729861983016235,8.419958179071287,9.87909474387527
2025-04-30 16:12:56,1202.51,1175.7,1186.0433664192378,1185.5413199036946,1185.7923431614663,0.5020465155432703,58.44,83.36,141.8,24.92,1.1042189461782073,-1.3997396487256992,8.362428313110282,7.6808833628609845
2025-04-30 16:12:57,1202.51,1210.76,1190.1600248144284,1191.845989927771,1191.0030073710996,1.6859651133424904,58.92,83.99,142.91,25.069999999999993,5.210664209633251,4.1064452634550435,8.333937436408664,5.694077037430725
2025-04-30 16:12:58,1216.95,1239.64,1196.8575186108212,1203.7944924458282,1200.3260055283247,6.936973835006938,59.43,84.59,144.02,25.160000000000004,9.322998157225129,4.112333947591878,8.334439641673969,7.201125320227201
2025-04-30 16:12:59,1225.2,1233.45,1203.943138958116,1211.2083693343711,1207.5757541462435,7.265230376255204,59.91,85.19,145.1,25.28,7.24974861791884,-2.073249539306289,8.322369027042553,9.840001085757775
2025-04-30 16:13:00,1233.45,1206.64,1211.319854218587,1210.0662770007784,1210.6930656096827,1.2535772178084699,60.41,85.82,146.23,25.409999999999997,3.117311463439137,-4.132437154479703,8.27937534931483,10.61123550807676
2025-04-30 16:13:01,1237.58,1212.82,1217.88489066394,1210.7547077505837,1214.319799207262,7.130182913356293,60.89,86.42,147.31,25.53,3.626733597579232,0.5094221341400953,8.243295030642637,9.265957661558577
2025-04-30 16:13:02,1239.64,1264.4,1223.323667997955,1224.1660308129378,1223.7448494054465,0.8423628149828346,61.38,87.02,148.4,25.639999999999993,9.425050198184636,5.798316600605403,8.246259037460831,8.640823294008769
2025-04-30 16:13:03,1249.96,1280.9,1229.9827509984661,1238.3495231097036,1234.1661370540849,8.366772111237424,61.88,87.62,149.5,25.740000000000002,10.421287648638327,0.996237450453691,8.255291831430053,10.838558835353442
2025-04-30 16:13:04,1256.14,1258.21,1236.5220632488497,1243.3146423322778,1239.9183527905639,6.792579083428109,62.36,88.25,150.61,25.89,5.752215736479002,-4.669071912159325,8.232642882663308,12.509741858460309
2025-04-30 16:13:05,1223.14,1239.64,1233.1765474366373,1242.3959817492084,1237.7862645929229,9.219434312571138,62.65,88.78,151.43,26.130000000000003,-2.1320881976409964,-7.884303934119998,8.17398307085082,10.739542677115837
2025-04-30 16:13:06,1223.14,1221.07,1230.667410577478,1237.0644863119062,1233.865948444692,6.397075734428199,62.65,88.78,151.43,26.130000000000003,-3.920316148230768,-1.7882279505897714,8.148094435030032,6.2153565218791735
2025-04-30 16:13:07,1258.21,1223.14,1237.5530579331084,1233.5833647339298,1235.5682113335192,3.969693199178664,62.82,88.83,151.65,26.009999999999998,1.7022628888271356,5.622579037057903,8.147498867036072,2.5645340886175734
2025-04-30 16:13:08,1260.27,1280.9,1243.2322934498313,1245.4125235504475,1244.3224085001393,2.1802301006161997,63.31,89.45,152.76,26.14,8.754197166620088,7.051934277792952,8.145603563462528,4.070490608410233
2025-04-30 16:13:09,1272.65,1289.16,1250.5867200873736,1256.3493926628357,1253.4680563751047,5.7626725754621475,63.81,90.06,153.87,26.25,9.145647874965334,0.3914507083452463,8.14627964014314,8.019007408670687
2025-04-30 16:13:10,1278.84,1295.35,1257.6500400655302,1266.0995444971268,1261.8747922813286,8.449504431596552,64.29,90.66,154.95,26.36999999999999,8.406735906223957,-0.7389119687413768,8.143754657228616,11.900529622657992
2025-04-30 16:13:11,1285.03,1252.02,1264.4950300491475,1262.5796583728452,1263.5373442109963,1.9153716763023567,64.77,91.26,156.03,26.49000000000001,1.662551929667643,-6.7441839765563145,8.098040992840833,11.847193056821874
2025-04-30 16:13:12,1287.1,1278.84,1270.1462725368606,1266.644743779634,1268.3955081582471,3.5015287572266516,65.26,91.86,157.12,26.599999999999994,4.858163947250887,3.195612017583244,8.072781950645782,9.497986858432368
2025-04-30 16:13:13,1289.16,1311.86,1274.8997044026455,1277.9485578347253,1276.4241311186854,3.0488534320797953,65.74,92.46,158.2,26.72,8.02862296043827,3.170459013187383,8.068420499685619,8.464546195647193
2025-04-30 16:13:14,1291.22,1320.12,1278.9797783019842,1288.4914183760438,1283.735598339014,9.511640074059642,66.22,93.06,159.28,26.840000000000003,7.311467220328495,-0.7171557401097743,8.059615709940973,9.180787347648645
2025-04-30 16:13:15,1295.35,1299.48,1283.072333726488,1291.238563782033,1287.1554487542605,8.16623005554493,66.71,93.67,160.38,26.960000000000008,3.4198504152466285,-3.891616805081867,8.025660560722036,9.968655873119513
2025-04-30 16:13:16,1307.73,1278.84,1289.236750294866,1288.1389228365247,1288.6878365656953,1.0978274583412713,67.19,94.29,161.48000000000002,27.10000000000001,1.5323878114347735,-1.887462603811855,7.9804794933441645,8.42934330745846
2025-04-30 16:13:17,1309.8,1313.92,1294.3775627211494,1294.5841921273936,1294.4808774242715,0.20662940624424664,67.67,94.89,162.56,27.22,5.793040858576205,4.260653047141432,7.963095899736563,6.6570030512851295
2025-04-30 16:13:18,1313.92,1344.89,1299.2631720408622,1307.1606440955452,1303.2119080682037,7.897472054683021,68.16,95.5,163.66,27.340000000000003,8.731030643932172,2.937989785355967,7.962922522945626,7.634024425015287
2025-04-30 16:13:19,1320.12,1338.69,1304.4773790306467,1315.042983071659,1309.7601810511528,10.565604041012193,68.64,96.1,164.74,27.459999999999994,6.548272982949129,-2.182757660983043,7.950468453931554,9.658968623876198
2025-04-30 16:13:20,1328.37,1303.6,1310.450534272985,1312.1822373037442,1311.3163857883646,1.7317030307592631,69.12,96.7,165.82,27.58,1.5562047372118286,-4.9920682457373005,7.908071269329957,9.758866445758601
2025-04-30 16:13:21,1336.63,1309.8,1316.9954007047386,1311.5866779778082,1314.2910393412735,5.408722726930364,69.6,97.3,166.89999999999998,27.700000000000003,2.974653552908876,1.4184488156970474,7.874721578589288,7.901498194128444
2025-04-30 16:13:22,1340.76,1365.53,1322.9365505285539,1325.0725084833562,1324.004529505955,2.1359579548022793,70.09,97.9,167.99,27.810000000000002,9.713490164681389,6.738836611772513,7.88144842921904,7.595011695470074
2025-04-30 16:13:23,1344.89,1365.53,1328.4249128964154,1335.1868813625172,1331.8058971294663,6.7619684661017345,70.55,98.5,169.05,27.950000000000003,7.801367623511396,-1.9121225411699925,7.878177398706234,9.390172020341023
2025-04-30 16:13:24,1344.89,1336.63,1332.5411846723116,1335.547661021888,1334.0444228470997,3.00647634957636,71.04,99.11,170.15,28.069999999999993,2.2385257176333653,-5.562841905878031,7.840402086433721,10.15926027143929
2025-04-30 16:13:25,1349.02,1320.12,1336.6608885042338,1331.690745766416,1334.175817135325,4.970142737817696,71.52,99.71,171.23,28.189999999999998,0.1313942882252377,-2.1071314294081276,7.791717627422808,8.55126701784575
2025-04-30 16:13:26,1365.53,1363.47,1343.8781663781754,1339.635559324812,1341.7568628514937,4.242607053363372,72.0,100.31,172.31,28.310000000000002,7.581045716168774,7.449651427943536,7.786877459605456,6.351699429393547
2025-04-30 16:13:27,1328.37,1336.63,1340.0011247836314,1338.884169493609,1339.4426471386203,1.1169552900223607,72.32,100.89,173.20999999999998,28.570000000000007,-2.3142157128734198,-9.895261429042193,7.73305605568711,4.166391456231632
2025-04-30 16:13:28,1328.37,1336.63,1337.0933435877237,1338.3206271202068,1337.7069853539651,1.2272835324831703,72.32,100.89,173.20999999999998,28.570000000000007,-1.7356617846551217,0.5785539282182981,7.723035492355694,3.3504082608393393
2025-04-30 16:13:29,1363.47,1375.86,1343.6875076907927,1347.705470340155,1345.6964890154738,4.017962649362289,72.45,100.91,173.36,28.459999999999994,7.9895036615087065,9.725165446163828,7.762439324256082,4.322266576967315
2025-04-30 16:13:30,1363.47,1367.6,1348.6331307680946,1352.6791027551162,1350.6561167616055,4.04597198702163,72.93,101.51,174.44,28.58,4.959627746131673,-3.0298759153770334,7.742811906780519,5.198314717240704
2025-04-30 16:13:31,1365.53,1351.08,1352.8573480760708,1352.2793270663371,1352.568337571204,0.5780210097336749,73.4,102.11,175.51,28.709999999999994,1.912220809598466,-3.047406936533207,7.706502933534848,6.587858041369905
2025-04-30 16:13:32,1382.05,1392.38,1360.1555110570532,1362.304495299753,1361.230003178403,2.1489842426997257,73.88,102.72,176.6,28.840000000000003,8.661665607198984,6.749444797600518,7.707984119311545,8.687067157450063
2025-04-30 16:13:33,1386.18,1410.96,1366.66163329279,1374.4683714748148,1370.5650023838025,7.806738182024901,74.35,103.32,177.67,28.97,9.334999205399527,0.6733335982005428,7.71410477103449,9.821983567763136
2025-04-30 16:13:34,1388.25,1408.9,1372.0587249695925,1383.076278606111,1377.5675017878516,11.017553636518414,74.83,103.92,178.75,29.090000000000003,7.002499404049104,-2.332499801350423,7.706671295559051,11.539072122648845
2025-04-30 16:13:35,1396.51,1373.79,1378.1715437271944,1380.754708954583,1379.4631263408887,2.5831652273886903,75.29,104.52,179.81,29.22999999999999,1.8956245530371234,-5.10687485101198,7.671781984701111,11.32585564434645
2025-04-30 16:13:36,1398.57,1396.51,1383.2711577953958,1384.6935317159373,1383.9823447556664,1.4223739205415313,75.78,105.12,180.9,29.340000000000003,4.519218414777697,2.6235938617405736,7.650538071338465,8.881372417935415
2025-04-30 16:13:37,1394.44,1431.62,1386.0633683465467,1396.425148786953,1391.24425856675,10.361780440406392,76.24,105.73,181.97,29.49000000000001,7.261913811083559,2.7426953963058622,7.645459421450187,7.679906910334073
2025-04-30 16:13:38,1408.9,1439.88,1391.7725262599101,1407.2888615902148,1399.5306939250625,15.516335330304628,76.71,106.3,183.01,29.590000000000003,8.286435358312474,1.0245215472289146,7.647290783442281,9.053331798313875
2025-04-30 16:13:39,1413.03,1400.64,1397.0868946949324,1405.6266461926612,1401.356770443797,8.53975149772873,77.19,106.9,184.09,29.710000000000008,1.8260765187344532,-6.460358839578021,7.612345933138416,9.518080209336228
2025-04-30 16:13:40,1419.22,1402.7,1402.6201710211994,1404.894984644496,1403.7575778328478,2.2748136232964953,77.66,107.51,185.17000000000002,29.85000000000001,2.4008073890508967,0.5747308703164435,7.580912514186613,8.191132739049904
2025-04-30 16:13:41,1423.35,1452.27,1407.8026282658998,1416.738738483372,1412.2706833746358,8.936110217472105,78.12,108.11,186.23000000000002,29.989999999999995,8.513105541788036,6.112298152737139,7.58347567948859,7.584459039499759
2025-04-30 16:13:42,1429.55,1460.54,1413.239471199425,1427.689053862529,1420.464262530977,14.44958266310391,78.6,108.71,187.31,30.11,8.19357915634123,-0.31952638544680667,7.583493966939742,8.747620742817286
2025-04-30 16:13:43,1429.55,1429.55,1417.3171033995689,1428.1542903968968,1422.7356968982328,10.83718699732799,79.07,109.31,188.38,30.24000000000001,2.271434367255779,-5.922144789085451,7.552477382661405,9.593221737678672
2025-04-30 16:13:44,1437.81,1419.22,1422.4403275496766,1425.9207177976728,1424.1805226736747,3.4803902479961835,79.53,109.91,189.44,30.379999999999995,1.4448257754418137,-0.8266085918139652,7.517844780172244,8.56856173301091
2025-04-30 16:13:45,1435.75,1468.8,1425.7677456622573,1436.6405383482545,1431.204142005256,10.872792685997183,80.0,110.51,190.51,30.510000000000005,7.023619331581358,5.578793556139544,7.512488239424534,6.835275058597981
2025-04-30 16:13:46,1452.27,1487.4,1432.3933092466932,1449.330403761191,1440.8618565039421,16.937094514497858,80.46,111.12,191.57999999999998,30.66000000000001,9.657714498686119,2.6340951671047605,7.5209408549065735,8.28735837550131
2025-04-30 16:13:47,1454.34,1456.4,1437.87998193502,1451.0978028208933,1444.4888923779567,13.21782088587338,80.95,111.69,192.64,30.739999999999995,3.6270358740146094,-6.030678624671509,7.498384992107412,9.74294795649708
2025-04-30 16:13:48,1462.6,1439.88,1444.059986451265,1448.29335211567,1446.1766692834676,4.2333656644048006,81.41,112.29,193.7,30.88000000000001,1.687776905510873,-1.9392589685037365,7.466064335660317,9.386272696118441
2025-04-30 16:13:49,1439.88,1493.59,1443.0149898384489,1459.6175140867524,1451.3162519626007,16.602524248303553,81.79,112.9,194.69,31.11,5.139582679133127,3.4518057736222545,7.454498148380003,7.500011100914964
2025-04-30 16:13:50,1427.48,1448.14,1439.1312423788368,1456.7481355650643,1447.9396889719505,17.61689318622757,81.79,112.9,194.69,31.11,-3.3765629906502,-8.516145669783327,7.437154869458091,3.89285803793883
2025-04-30 16:13:51,1464.67,1439.88,1445.5159317841276,1452.5311016737983,1449.023516728963,7.0151698896706876,81.86,112.9,194.76,31.040000000000006,1.0838277570123864,4.460390747662586,7.44004677186751,2.621000085349098
2025-04-30 16:13:52,1475.0,1510.13,1452.8869488380956,1466.9308262553488,1459.9088875467223,14.04387741725327,82.32,113.47,195.79,31.150000000000006,10.885370817759394,9.801543060747008,7.456503805558091,5.383404132623624
2025-04-30 16:13:53,1483.26,1464.67,1460.4802116285719,1466.3656196915117,1463.4229156600418,5.8854080629398595,82.79,114.07,196.86,31.279999999999987,3.514028113319455,-7.3713427044399396,7.433825603099747,6.926079668445626
2025-04-30 16:13:54,1472.93,1464.67,1463.592658721429,1465.9417147686338,1464.7671867450313,2.34905604720484,83.25,114.65,197.9,31.400000000000006,1.3442710849894866,-2.1697570283299683,7.401552194762401,7.996208631455944
2025-04-30 16:13:55,1481.2,1508.06,1467.9944940410717,1476.4712860764753,1472.2328900587736,8.476792035403605,83.7,115.25,198.95,31.549999999999997,7.465703313742324,6.1214322287528375,7.400014489362952,8.47161166957941
2025-04-30 16:13:56,1495.66,1524.59,1474.9108705308038,1488.5009645573564,1481.70591754408,13.590094026552606,84.17,115.85,200.01999999999998,31.679999999999993,9.473027485306375,2.0073241715640506,7.4077887718042765,8.686280756649367
2025-04-30 16:13:57,1497.73,1499.79,1480.6156528981028,1491.3232234180173,1485.96943815806,10.707570519914498,84.63,116.43,201.06,31.80000000000001,4.263520613980063,-5.209506871326312,7.390676568026378,10.027058272014058
2025-04-30 16:13:58,1491.53,1495.66,1483.344239673577,1492.4074175635128,1487.8758286185448,9.063177889935787,85.1,117.03,202.13,31.930000000000007,1.9063904604847721,-2.357130153495291,7.360984620083908,9.770400162693967
2025-04-30 16:13:59,1508.06,1528.73,1489.5231797551828,1501.4880631726346,1495.5056214639087,11.964883417451802,85.56,117.63,203.19,32.06999999999999,7.629792845363909,5.723402384879137,7.360133934267311,8.556332893678263
2025-04-30 16:14:00,1512.19,1553.53,1495.1898848163873,1514.498547379476,1504.8442160979316,19.308662563088546,86.01,118.21,204.22,32.19999999999999,9.338594634022911,1.7088017886590023,7.368740616634957,9.127534497669764
2025-04-30 16:14:01,1508.06,1508.06,1498.4074136122904,1512.888910534607,1505.6481620734487,14.481496922316637,86.47,118.81,205.28,32.34,0.803945975517081,-8.53464865850583,7.3346071450645045,9.194577455507334
2025-04-30 16:14:02,1514.26,1508.06,1502.3705602092177,1511.6816829009554,1507.0261215550865,9.311122691737637,86.94,119.39,206.32999999999998,32.45,1.3779594816378449,0.5740135061207639,7.303960229976864,8.242686708596883
2025-04-30 16:14:03,1524.59,1563.87,1507.9254201569133,1524.7287621757166,1516.3270911663149,16.803342018803278,87.39,119.99,207.38,32.599999999999994,9.300969611228311,7.923010129590466,7.311828931692959,7.402856873207839
2025-04-30 16:14:04,1539.06,1576.27,1515.709065117685,1537.6140716317873,1526.6615683747361,21.905006514102297,87.85,120.59,208.44,32.74000000000001,10.334477208421276,1.0335075971929655,7.324225489591781,9.353133407479291
2025-04-30 16:14:05,1499.79,1526.66,1511.7292988382637,1534.8755537238403,1523.302426281052,23.14625488557658,87.85,121.17,209.01999999999998,33.32000000000001,-3.359142093684113,-13.69361930210539,7.287830920453647,9.41512624932125
2025-04-30 16:14:06,1491.53,1532.86,1506.6794741286978,1534.3716652928802,1520.5255697107891,27.692191164182304,87.85,121.77,209.62,33.92,-2.7768565702629076,0.5822855234212057,7.25372370220907,7.5793838549962445
2025-04-30 16:14:07,1491.53,1586.61,1502.8921055965234,1547.4312489696601,1525.1616772830916,44.53914337313677,87.85,122.35,210.2,34.5,4.636107572302535,7.412964142565443,7.255764367399274,4.092548605224231
2025-04-30 16:14:08,1495.66,1590.75,1501.0840791973924,1558.260936727245,1529.6725079623188,57.17685752985267,87.85,122.95,210.8,35.10000000000001,4.510830679227183,-0.12527689307535184,7.256510914164174,3.4460339469101737
2025-04-30 16:14:09,1491.53,1532.86,1498.6955593980442,1551.9107025454337,1525.303130971739,53.215143147389426,87.85,123.53,211.38,35.68000000000001,-4.3693769905798945,-8.880207669807078,7.215929244752624,3.3406034549318826
2025-04-30 16:14:10,1495.66,1576.27,1497.9366695485332,1558.0005269090752,1527.9685982288042,60.06385736054199,87.85,124.13,211.98,36.28,2.665467257065302,7.0348442476451964,7.208079021703582,3.469363234588296
2025-04-30 16:14:11,1493.59,1609.36,1496.8500021614,1570.8403951818063,1533.8451986716032,73.99039302040637,87.85,124.73,212.57999999999998,36.88000000000001,5.876600442798917,3.2111331857336154,7.2153786407762945,3.5893044727524988
2025-04-30 16:14:12,1485.33,1549.4,1493.97000162105,1565.480296386355,1529.7251490037024,71.51029476530493,87.85,124.75,212.6,36.900000000000006,-4.12004966790073,-9.996650110699647,7.195320516502267,3.111506668356653
2025-04-30 16:14:13,1483.26,1534.93,1491.2925012157875,1557.8427222897662,1524.5676117527769,66.55022107397872,87.85,124.75,212.6,36.900000000000006,-5.157537250925543,-1.037487583024813,7.171061169246076,3.734983932407317
2025-04-30 16:14:14,1493.59,1555.6,1491.8668759118407,1557.2820417173248,1524.5744588145826,65.4151658054841,87.85,125.28,213.13,37.43000000000001,0.006847061805729027,5.164384312731272,7.153260693761188,3.891218879663942
2025-04-30 16:14:15,1491.53,1557.67,1491.7826569338804,1557.3790312879937,1524.580844110937,65.59637435411332,87.85,125.88,213.73,38.03,0.006385296354437742,-0.000461765451291285,7.133209362175304,4.209615461948007
2025-04-30 16:14:16,1491.53,1603.15,1491.7194927004102,1568.8217734659952,1530.2706330832027,77.10228076558496,87.85,126.46,214.31,38.61,5.68978897226566,5.683403675911222,7.1404536696502685,2.976877899314
2025-04-30 16:14:17,1485.33,1613.49,1490.1221195253077,1579.9888300994962,1535.0554748124018,89.86671057418857,87.85,127.06,214.91,39.21000000000001,4.784841729199115,-0.9049472430665446,7.142782875015676,4.742385378310919
2025-04-30 16:14:18,1491.53,1572.14,1490.4740896439807,1578.0266225746223,1534.2503561093015,87.55253293064152,87.85,127.64,215.49,39.790000000000006,-0.8051187031003337,-5.589960432299449,7.119821564756972,5.054173018076646
2025-04-30 16:14:19,1487.4,1582.48,1489.7055672329857,1579.1399669309667,1534.4227670819762,89.43439969798101,87.85,128.24,216.09,40.390000000000015,0.1724109726746974,0.9775296757750311,7.100850386325725,4.413082143952245
2025-04-30 16:14:20,1483.26,1619.7,1488.0941754247392,1589.279975198225,1538.6870753114822,101.18579977348577,87.85,128.82,216.67,40.97,4.264308229506014,4.0918972568313166,7.101523368301836,2.991197144724936
2025-04-30 16:14:21,1491.53,1623.83,1488.9531315685542,1597.9174813986688,1543.4353064836114,108.96434983011454,87.85,129.39,217.23999999999998,41.53999999999999,4.748231172129181,0.4839229426231668,7.104747281250526,3.9401271734230434
2025-04-30 16:14:22,1485.33,1572.14,1488.0473486764156,1591.4731110490018,1539.7602298627087,103.42576237258618,87.85,129.99,217.84,42.140000000000015,-3.6750766209027006,-8.423307793031881,7.068308037065739,3.8700030569013495
2025-04-30 16:14:23,1477.06,1609.36,1485.3005115073115,1595.9448332867512,1540.6226723970312,110.64432177943968,87.85,130.57,218.42,42.72,0.8624425343225539,4.5375191552252545,7.053487159342295,3.2858965888495093
2025-04-30 16:14:24,1487.4,1623.83,1485.8253836304834,1602.9161249650633,1544.3707542977734,117.09074133457989,87.85,131.17,219.01999999999998,43.31999999999999,3.748081900742136,2.885639366419582,7.051277268041714,2.4299086895590998
2025-04-30 16:14:25,1475.0,1619.7,1483.1190377228627,1607.1120937237974,1545.11556572333,123.99305600093476,87.85,131.75,219.6,43.900000000000006,0.7448114255566907,-3.0032704751854453,7.0360453492135,2.3514330708546773
2025-04-30 16:14:26,1479.13,1584.54,1482.121778292147,1601.469070292848,1541.7954242924975,119.34729200070115,87.85,132.35,220.2,44.5,-3.320141430832564,-4.0649528563892545,7.00179571884969,2.3306902890148717
2025-04-30 16:14:27,1483.26,1613.49,1482.4063337191103,1604.474302719636,1543.4403182193732,122.06796900052564,87.85,132.93,220.78,45.08000000000001,1.6448939268757385,4.965035357708302,6.990852030204372,1.8457645127978253
2025-04-30 16:14:28,1481.2,1644.52,1482.1047502893327,1614.485727039727,1548.2952386645297,132.3809767503942,87.85,133.53,221.38,45.68000000000001,4.854920445156495,3.210026518280756,6.993835177842147,2.4074674071213638
2025-04-30 16:14:29,1553.53,1609.36,1499.9610627169995,1613.2042952797951,1556.5826789983973,113.24323256279558,88.3,134.11,222.41000000000003,45.81000000000002,8.287440333867607,3.432519888711113,6.998708115640884,5.848181475998751
2025-04-30 16:14:30,1563.87,1605.22,1515.9382970377496,1611.2082214598465,1563.573259248798,95.26992442209689,88.75,134.68,223.43,45.93000000000001,6.990580250400626,-1.2968600834669815,6.998045259144934,9.193707811369437
2025-04-30 16:14:31,1584.54,1640.38,1533.088722778312,1618.5011660948849,1575.7949444365986,85.41244331657276,89.19,135.28,224.47,46.09,12.221685187800631,5.231104937400005,7.020069218231966,12.79478681670519
2025-04-30 16:14:32,1594.88,1648.65,1548.536542083734,1626.0383745711638,1587.2874583274488,77.50183248742974,89.64,135.86,225.5,46.22000000000001,11.492513890850205,-0.729171296950426,7.038968741855787,15.464960594087747
2025-04-30 16:14:33,1592.81,1615.56,1559.6049065628004,1623.4187809283726,1591.5118437455865,63.81387436557225,90.09,136.44,226.53,46.349999999999994,4.224385418137672,-7.268128472712533,7.025611780867765,14.950001573832454
2025-04-30 16:14:34,1611.42,1601.09,1572.5586799221003,1617.8365856962796,1595.19763280919,45.27790577417932,90.54,136.54,227.07999999999998,45.999999999999986,3.685789063603579,-0.5385963545340928,7.024826606413439,12.926644542550369
2025-04-30 16:14:35,1613.49,1605.22,1582.7915099415752,1614.6824392722099,1598.7369746068925,31.890929330634663,90.98,136.54,227.51999999999998,45.55999999999999,3.539341797702491,-0.14644726590108803,7.026797501670601,8.864880362243973
2025-04-30 16:14:36,1615.56,1623.83,1590.9836324561816,1616.9693294541573,1603.9764809551693,25.985696997975765,91.43,137.01,228.44,45.579999999999984,5.239506348276791,1.7001645505743,7.021434398239078,6.435190251570447
2025-04-30 16:14:37,1621.77,1659.0,1598.6802243421362,1627.476997090618,1613.0786107163772,28.79677274848177,91.88,137.62,229.5,45.74000000000001,9.102129761207834,3.8626234129310433,7.02866493981574,8.401155815303891
2025-04-30 16:14:38,1640.38,1638.31,1609.1051682566022,1630.1852478179635,1619.6452080372828,21.080079561361345,92.32,138.19,230.51,45.870000000000005,6.566597320905657,-2.535532440302177,7.02635547703322,10.121204409057999
2025-04-30 16:14:39,1648.65,1623.83,1618.9913761924518,1628.5964358634726,1623.7939060279623,9.605059671020854,92.77,138.77,231.54000000000002,46.000000000000014,4.148697990679466,-2.4178993302261915,7.013016753109378,10.474675533412363
2025-04-30 16:14:40,1646.58,1675.55,1625.8885321443388,1640.3348268976044,1633.1116795209716,14.446294753265647,93.22,139.37,232.59,46.150000000000006,9.317773493009327,5.169075502329861,7.021418257446809,10.987693020833245
2025-04-30 16:14:41,1656.93,1694.17,1633.6488991082542,1653.7936201732034,1643.721259640729,20.14472106494918,93.67,139.95,233.62,46.27999999999999,10.609580119757311,1.2918066267479844,7.035875578310304,11.985263572596015
2025-04-30 16:14:42,1663.13,1644.52,1641.0191743311907,1651.4752151299026,1646.2471947305467,10.45604079871191,94.11,140.52,234.63,46.41000000000001,2.5259350898177217,-8.08364502993959,7.0163542075360885,11.758901527695988
2025-04-30 16:14:43,1667.27,1656.93,1647.581880748393,1652.838911347427,1650.2103960479099,5.257030599034124,94.54,141.1,235.64,46.55999999999999,3.9632013173632004,1.4372662275454786,7.003099597032806,10.78788372322701
2025-04-30 16:14:44,1671.41,1706.58,1653.5389105612946,1666.2741835105703,1659.9065470359324,12.735272949275668,94.99,141.7,236.69,46.709999999999994,9.69615098802251,5.732949670659309,7.0129981833746005,9.75240730204934
2025-04-30 16:14:45,1679.68,1706.58,1660.074182920971,1676.3506376329278,1668.2124102769494,16.27645471195683,95.44,142.28,237.72,46.84,8.30586324101705,-1.390287747005459,7.017551755255753,10.20318581502098
2025-04-30 16:14:46,1687.96,1654.86,1667.0456371907283,1670.9779782246958,1669.011807707712,3.932341033967532,95.89,142.86,238.75,46.97000000000001,0.7993974307626104,-7.50646581025444,6.990625343317641,10.312847039327739
2025-04-30 16:14:47,1696.24,1706.58,1674.344227893046,1679.8784836685218,1677.111355780784,5.534255775475685,96.31,143.43,239.74,47.120000000000005,8.099548073071901,7.300150642309291,6.995542457600907,10.21903640665703
2025-04-30 16:14:48,1696.24,1727.28,1679.8181709197845,1691.7288627513913,1685.773516835588,11.910691831606755,96.76,144.03,240.79000000000002,47.269999999999996,8.662161054804074,0.5626129817321726,7.00101129546317,9.81532486365723
2025-04-30 16:14:49,1654.86,1692.1,1673.5786281898384,1691.8216470635434,1682.7001376266908,18.24301887370507,96.78,144.61,241.39000000000001,47.83000000000001,-3.0733792088972223,-11.735540263701296,6.970877545282792,7.898601455174997
2025-04-30 16:14:50,1661.06,1692.1,1670.448971142379,1691.8912352976577,1681.1701032200183,21.442264155278735,96.78,145.19,241.97,48.41,-1.5300344066724847,1.5433448022247376,6.947845172013775,6.470978005829867
2025-04-30 16:14:51,1704.51,1731.42,1678.9642283567841,1701.7734264732433,1690.3688274150136,22.80919811645913,97.19,145.76,242.95,48.56999999999999,9.198724194995293,10.728758601667778,6.957681911740407,4.980069240315193
2025-04-30 16:14:52,1712.79,1739.69,1687.420671267588,1711.2525698549325,1699.3366205612601,23.83189858734454,97.64,146.34,243.98000000000002,48.7,8.96779314624655,-0.2309310487487437,6.9650652250028475,7.309905281627584
2025-04-30 16:14:53,1714.86,1685.89,1694.280503450691,1704.9119273911995,1699.596215420945,10.631423940508512,98.09,146.92,245.01,48.829999999999984,0.25959485968496665,-8.708198286561583,6.93684424506796,8.78405857342935
2025-04-30 16:14:54,1719.0,1723.14,1700.4603775880182,1709.4689455433997,1704.9646615657089,9.008567955381523,98.53,147.52,246.05,48.99000000000001,5.368446144763766,5.108851285078799,6.929342225711712,9.37952110661841
2025-04-30 16:14:55,1723.14,1754.18,1706.1302831910136,1720.6467091575498,1713.3884961742817,14.51642596653619,98.98,148.1,247.07999999999998,49.11999999999999,8.42383460857286,3.055388463809095,6.934549495061245,8.449009358732292
2025-04-30 16:14:56,1731.42,1702.44,1712.4527123932603,1716.0950318681626,1714.2738721307114,3.6423194749022514,99.43,148.22,247.65,48.78999999999999,0.8853759564296979,-7.538458652143163,6.922163800559449,7.229128709874603
2025-04-30 16:14:57,1727.28,1698.31,1716.1595342949452,1711.6487739011218,1713.9041540980334,4.510760393823375,99.87,148.22,248.09,48.349999999999994,-0.36971803267806536,-1.2550939891077633,6.908396739851008,6.625410707222902
2025-04-30 16:14:58,1735.55,1714.86,1721.007150721209,1712.4515804258413,1716.7293655735252,8.555570295367716,100.32,148.65,248.97,48.33000000000001,2.8252114754918694,3.1949295081699347,6.8953261785684985,4.4849991047147
2025-04-30 16:14:59,1741.76,1721.07,1726.1953630409068,1714.606185319381,1720.4007741801438,11.589177721525857,100.77,149.22,249.99,48.45,3.67140860661857,0.8461971311267007,6.881878344326835,2.9047843861940956
2025-04-30 16:15:00,1745.9,1764.53,1731.12152228068,1727.0871389895358,1729.104330635108,4.034383291144195,101.22,149.8,251.02,48.58000000000001,8.7035564549642,5.03214784834563,6.88831297803679,6.273960962588532
2025-04-30 16:15:01,1727.28,1766.6,1730.1611417105098,1736.965354242152,1733.5632479763308,6.804212531642179,101.61,150.38,251.99,48.769999999999996,4.4589173412227865,-4.244639113741414,6.879492206424217,8.326452980455462
2025-04-30 16:15:02,1708.65,1723.14,1724.7833562828823,1733.509015681614,1729.1461859822482,8.72565939873175,101.61,150.95,252.56,49.33999999999999,-4.417061994082587,-8.875979335305374,6.846476794170777,6.960800954806723
2025-04-30 16:15:03,1743.83,1758.32,1729.5450172121618,1739.7117617612105,1734.628389486686,10.166744549048644,101.65,151.53,253.18,49.879999999999995,5.482203504437848,9.899265498520435,6.851364178194651,5.608067031564777
2025-04-30 16:15:04,1708.65,1791.45,1724.3212629091213,1752.6463213209079,1738.4837921150147,28.325058411786586,101.86,152.11,253.97000000000003,50.250000000000014,3.8554026283286476,-1.6268008761092005,6.845232843523966,3.97076510449865
2025-04-30 16:15:05,1719.0,1737.62,1722.990947181841,1748.8897409906808,1735.940344086261,25.898793808839855,101.86,152.41,254.26999999999998,50.55,-2.543448028753801,-6.398850657082448,6.827153566126981,3.4421491377617293
2025-04-30 16:15:06,1727.28,1737.62,1724.0632103863807,1746.0723057430107,1735.0677580646957,22.00909535663004,102.02,152.41,254.43,50.39,-0.8725860215652119,1.670862007188589,6.819430693099339,3.421617057559018
2025-04-30 16:15:07,1719.0,1737.62,1722.7974077897854,1743.959229307258,1733.3783185485217,21.161821517472617,102.02,152.68,254.7,50.66000000000001,-1.689439516173934,-0.816853494608722,6.805568558079911,1.9068946007884033
2025-04-30 16:15:08,1747.97,1743.83,1729.0905558423392,1743.9269219804435,1736.5087389113914,14.836366138104268,102.06,153.01,255.07,50.94999999999999,3.1304203628696996,4.8198598790436336,6.807969310790851,1.8772816685017202
2025-04-30 16:15:09,1719.0,1737.62,1726.5679168817544,1742.3501914853325,1734.4590541835435,15.782274603578117,102.24,153.01,255.25,50.769999999999996,-2.049684727847989,-5.180105090717689,6.795138285556925,1.2311083307705382
2025-04-30 16:15:10,1725.21,1779.02,1726.2284376613159,1751.5176436139996,1738.8730406376576,25.289205952683687,102.24,153.23,255.46999999999997,50.989999999999995,4.413986454114138,6.463671181962127,6.806564503977349,2.1238552932640418
2025-04-30 16:15:11,1731.42,1741.76,1727.5263282459869,1749.0782327104998,1738.3022804782433,21.551904464512972,102.36,153.51,255.87,51.14999999999999,-0.5707601594142488,-4.984746613528387,6.793693178897683,2.3768913156616636
2025-04-30 16:15:12,1725.21,1741.76,1726.94724618449,1747.248674532875,1737.0979603586825,20.30142834838489,102.36,153.51,255.87,51.14999999999999,-1.2043201195608617,-0.6335599601466129,6.7889864132946265,1.7248138755878952
2025-04-30 16:15:13,1716.93,1739.69,1724.4429346383677,1745.359005899656,1734.9009702690119,20.91607126128838,102.49,153.66,256.15,51.17,-2.196990089670635,-0.9926699701097732,6.772988340800405,1.9813235997641054
2025-04-30 16:15:14,1731.42,1743.83,1726.1872009787758,1744.976754424742,1735.581977701759,18.78955344596625,102.49,153.66,256.15,51.17,0.6810074327470375,2.8779975224176724,6.775646968284646,1.7043063211440197
2025-04-30 16:15:15,1727.28,1795.59,1726.4604007340818,1757.6300658185564,1742.045233276319,31.169665084474673,102.49,153.79,256.28,51.3,6.463255574560208,5.78224814181317,6.797429477442211,2.8222992117933576
2025-04-30 16:15:16,1735.55,1747.97,1728.7328005505613,1755.2150493639174,1741.9739249572394,26.482248813356136,102.59,153.86,256.45000000000005,51.27000000000001,-0.0713083190796624,-6.53456389363987,6.7926454208016915,3.460796218104488
2025-04-30 16:15:17,1731.42,1743.83,1729.404600412921,1752.368787022938,1740.8866937179296,22.964186610017123,102.59,153.86,256.45000000000005,51.27000000000001,-1.0872312393098582,-1.0159229202301958,6.788405876114344,3.540196909791768
2025-04-30 16:15:18,1733.49,1747.97,1730.4259503096905,1751.2690902672036,1740.847520288447,20.84313995751313,102.72,154.14,256.86,51.41999999999999,-0.039173429482616484,1.0480578098272417,6.77741771202612,2.6807724828982944
2025-04-30 16:15:19,1735.55,1741.76,1731.7069627322678,1748.8918177004027,1740.2993902163353,17.184854968134914,102.72,154.14,256.86,51.41999999999999,-0.5481300721116895,-0.508956642629073,6.775283747726588,0.7658856176165044
2025-04-30 16:15:20,1735.55,1741.76,1732.6677220492008,1747.1088632753022,1739.8882926622514,14.441141226101308,102.79,154.31,257.1,51.519999999999996,-0.4110975540838808,0.1370325180278087,6.767360116277289,0.7854176591157307
2025-04-30 16:15:21,1735.55,1747.97,1733.3882915369006,1747.3241474564768,1740.3562194966887,13.93585591957617,102.79,154.46,257.25,51.67,0.4679268344373213,0.8790243885212021,6.7652330912787395,0.4170008709761896
2025-04-30 16:15:22,1723.14,1750.04,1730.8262186526756,1748.0031105923576,1739.4146646225167,17.176891939682037,102.86,154.46,257.32,51.60000000000001,-0.9415548741719704,-1.4094817086092917,6.7597336307429785,0.5385067704685407
2025-04-30 16:15:23,1729.35,1754.18,1730.4571639895066,1749.5473329442684,1740.0022484668875,19.090168954761793,102.86,154.61,257.47,51.750000000000014,0.5875838443707835,1.5291387185427538,6.758077607910862,0.37792884273447436
2025-04-30 16:15:24,1735.55,1739.69,1731.73037299213,1747.0829997082014,1739.4066863501657,15.352626716071427,102.86,154.61,257.47,51.750000000000014,-0.5955621167217942,-1.1831459610925776,6.75576447583952,0.4063038620052339
2025-04-30 16:15:25,1735.55,1747.97,1732.6852797440977,1747.304749781151,1739.9950147626244,14.619470037053361,102.93,154.71,257.64,51.78,0.5883284124586226,1.1838905291804167,6.753590312098409,0.4139386881147323
2025-04-30 16:15:26,1737.62,1737.62,1733.9189598080732,1744.8835623358632,1739.4012610719683,10.96460252779002,102.93,154.71,257.64,51.78,-0.5937536906560581,-1.1820821031146806,6.751285725511111,0.32380086518796447
2025-04-30 16:15:27,1739.69,1801.8,1735.361719856055,1759.1126717518976,1747.2371958039762,23.75095189584249,103.02,154.84,257.86,51.82000000000001,7.8359347320079,8.429688422663958,6.775914019344071,3.383245751310753
2025-04-30 16:15:28,1735.55,1752.11,1735.4087898920413,1757.3620038139231,1746.3853968529822,21.953213921881797,103.02,154.86,257.88,51.84000000000002,-0.8517989509939525,-8.687733683001852,6.772085427644241,3.968058331841838
2025-04-30 16:15:29,1741.76,1745.9,1736.996592419031,1754.4965028604424,1745.7465476397367,17.49991044141143,103.09,154.86,257.95000000000005,51.77000000000001,-0.6388492132455212,0.2129497377484313,6.767771044279765,3.7451118306766134
2025-04-30 16:15:30,1737.62,1756.25,1737.1524443142732,1754.934877145332,1746.0436607298025,17.782432831058713,103.09,155.09,258.18,52.0,0.29711309006574993,0.9359623033112712,6.762892764609612,3.1587138843296185
2025-04-30 16:15:31,1737.62,1745.9,1737.2693332357048,1752.676157858999,1744.972745547352,15.406824623294142,103.17,155.09,258.26,51.92,-1.0709151824505625,-1.3680282725163124,6.756651199530321,0.8322936732271701
2025-04-30 16:15:32,1739.69,1758.32,1737.8744999267788,1754.087118394249,1745.980809160514,16.212618467470293,103.17,155.24,258.41,52.07000000000001,1.008063613161994,2.0789787956125565,6.756630170674059,0.5288247847053571
2025-04-30 16:15:33,1764.53,1750.04,1744.5383749450841,1753.0753387956868,1748.8068568703854,8.53696385060266,103.24,155.24,258.48,52.000000000000014,2.8260477098715455,1.8179840967095515,6.7657337128777915,1.4593941730289726
2025-04-30 16:15:34,1739.69,1747.97,1743.3262812088133,1751.7990040967652,1747.5626426527892,8.472722887951932,103.24,155.34,258.58,52.10000000000001,-1.244214217596209,-4.0702619274677545,6.758305498857157,1.5092108773675679
2025-04-30 16:15:35,1739.69,1756.25,1742.4172109066099,1752.911753072574,1747.6644819895919,10.494542165964049,103.24,155.34,258.58,52.10000000000001,0.1018393368026409,1.3460535543988499,6.758699339588881,1.5142088973200876
2025-04-30 16:15:36,1745.9,1745.9,1743.2879081799574,1751.1588148044302,1747.2233614921938,7.870906624472809,103.33,155.34,258.67,52.010000000000005,-0.44112049739806025,-0.5429598342007012,6.754642419830484,1.0136086677434815
2025-04-30 16:15:37,1739.69,1758.32,1742.388431134968,1752.9491111033226,1747.6687711191453,10.560679968354634,103.33,155.49,258.82,52.16000000000001,0.44540962695145936,0.8865301243495196,6.75244866844408,0.5993966899870719
2025-04-30 16:15:38,1745.9,1737.62,1743.2663233512258,1749.116833327492,1746.1915783393588,5.850509976266267,103.4,155.49,258.89,52.09,-1.4771927797864919,-1.9226024067379512,6.744917036557773,0.6255269442422928
2025-04-30 16:15:39,1741.76,1760.39,1742.8897425134194,1751.9351249956192,1747.4124337545193,9.045382482199784,103.4,155.64,259.03999999999996,52.23999999999998,1.2208554151604858,2.6980481949469777,6.745724316741797,0.6109250781596928
2025-04-30 16:15:40,1747.97,1756.25,1744.1598068850647,1753.0138437467144,1748.5868253158897,8.854036861649774,103.47,155.64,259.11,52.16999999999999,1.1743915613703848,-0.046463853790100984,6.748434327380091,0.861837298497708
2025-04-30 16:15:41,1745.9,1760.39,1744.5948551637985,1754.857882810036,1749.7263689869174,10.26302764623756,103.47,155.74,259.21000000000004,52.27000000000001,1.1395436710276954,-0.034847890342689425,6.7502270832016125,1.3243646098769544
2025-04-30 16:15:42,1747.97,1756.25,1745.438641372849,1755.205912107527,1750.322276740188,9.76727073467805,103.54,155.74,259.28000000000003,52.2,0.5959077532706942,-0.5436359177570012,6.750702985149201,1.6830217724001104
2025-04-30 16:15:43,1743.83,1764.53,1745.0364810296367,1757.536934080645,1751.2867075551408,12.500453051008435,103.54,155.82,259.36,52.27999999999999,0.9644308149527205,0.3685230616820263,6.752339222712838,1.508812121102978
2025-04-30 16:15:44,1783.16,1760.39,1754.5673607722274,1758.250200560484,1756.4087806663556,3.682839788256615,103.61,155.82,259.43,52.209999999999994,5.122073111214831,4.157642296262111,6.770260856092567,3.0367612616991804
2025-04-30 16:15:45,1747.97,1799.73,1752.9180205791706,1768.6201504203632,1760.7690854997668,15.702129841192573,103.61,155.87,259.48,52.260000000000005,4.360304833411192,-0.7617682778036396,6.785760284854349,4.752161766731016
2025-04-30 16:15:46,1747.97,1758.32,1751.681015434378,1766.0451128152722,1758.863064124825,14.364097380894236,103.61,155.97,259.58,52.36,-1.9060213749417017,-6.2663262083528934,6.77580344151715,4.594983708381302
2025-04-30 16:15:47,1733.49,1758.32,1747.1332615757833,1764.113834611454,1755.6235480936186,16.98057303567066,103.7,155.97,259.67,52.269999999999996,-3.239516031206449,-1.3334946562647474,6.760979479079752,3.595947592226896
2025-04-30 16:15:48,1747.97,1762.46,1747.3424461818374,1763.7003759585905,1755.521411070214,16.357929776753053,103.7,156.07,259.77,52.36999999999999,-0.10213702340456621,3.137379007801883,6.757983617477887,2.2995530150436703
2025-04-30 16:15:49,1750.04,1758.32,1748.016834636378,1762.3552819689428,1755.1860583026605,14.338447332564783,103.77,156.07,259.84,52.3,-0.3353527675535588,-0.2332157441489926,6.754872427446846,2.4931257905235245
2025-04-30 16:15:50,1745.9,1764.53,1747.4876259772836,1762.898961476707,1755.1932937269953,15.41133549942333,103.77,156.22,259.99,52.45,0.007235424334794516,0.3425881918883533,6.7510030654101785,1.5693281811111077
2025-04-30 16:15:51,1743.83,1758.32,1746.5732194829627,1761.7542211075302,1754.1637202952465,15.181001624567443,103.85,156.22,260.07,52.370000000000005,-1.0295734317487586,-1.036808856083553,6.744967560850075,0.5782188535444335
2025-04-30 16:15:52,1747.97,1758.32,1746.9224146122222,1760.8956658306474,1753.9090402214347,13.973251218425276,103.85,156.32,260.16999999999996,52.47,-0.2546800738118691,0.7748933579368895,6.741396138986197,0.7111040529548132
2025-04-30 16:15:53,1754.18,1756.25,1748.7368109591666,1759.7342493729857,1754.2355301660762,10.997438413819054,103.94,156.32,260.26,52.379999999999995,0.3264899446414802,0.5811700184533493,6.740319386097583,0.6075672858663573
2025-04-30 16:15:54,1750.04,1754.18,1749.062608219375,1758.3456870297393,1753.7041476245572,9.283078810364259,103.94,156.37,260.31,52.43000000000001,-0.5313825415189513,-0.8578724861604314,6.7369833693963885,0.5725541634582775
2025-04-30 16:15:55,1785.24,1747.97,1758.1069561645313,1755.7517652723045,1756.929360718418,2.3551908922268012,104.01,156.42,260.43,52.40999999999998,3.2252130938607024,3.7565956353796537,6.746263310571572,1.3255563950890177
2025-04-30 16:15:56,1750.04,1760.39,1756.0902171233986,1756.9113239542285,1756.5007705388134,0.8211068308298763,104.01,156.42,260.43,52.40999999999998,-0.4285901796044982,-3.6538032734652006,6.744617608548154,1.5340334382703213
2025-04-30 16:15:57,1741.76,1764.53,1752.507662842549,1758.8159929656713,1755.6618279041102,6.308330123122232,104.01,156.57,260.58,52.55999999999999,-0.838942634703244,-0.41035245509874585,6.737515623480676,1.4009727814277337
2025-04-30 16:15:58,1754.18,1764.53,1752.925747131912,1760.2444947242534,1756.5851209280827,7.318747592341424,104.08,156.57,260.65,52.489999999999995,0.9232930239725192,1.7622356586757633,6.739248471854342,1.3005356253714617
2025-04-30 16:15:59,1750.04,1764.53,1752.2043103489339,1761.31587104319,1756.760090696062,9.11156069425624,104.08,156.67,260.75,52.58999999999999,0.17496976797929165,-0.7483232559932276,6.737334933686394,0.49014970384373313
2025-04-30 16:16:00,1754.18,1764.53,1752.6982327617004,1762.1194032823926,1757.4088180220465,9.421170520692158,104.11,156.67,260.78,52.55999999999999,0.6487273259845097,0.473757558005218,6.73904751623207,0.6262308297463168
2025-04-30 16:16:01,1747.97,1768.67,1751.5161745712753,1763.7570524617945,1757.636613516535,12.240877890519187,104.11,156.77,260.88,52.66000000000001,0.22779549448841863,-0.42093183149609104,6.737337499153624,0.7767291051247873
2025-04-30 16:16:02,1756.25,1754.18,1752.6996309284564,1761.3627893463458,1757.031210137401,8.663158417889463,104.15,156.77,260.92,52.620000000000005,-0.6054033791338043,-0.8331988736222229,6.733984376067058,0.4380274249172102
2025-04-30 16:16:03,1754.18,1791.45,1753.0697231963422,1768.8845920097594,1760.9771576030507,15.814868813417206,104.15,156.87,261.02,52.72,3.945947465649624,4.551350844783428,6.746521917311045,1.7185760645080346
2025-04-30 16:16:04,1747.97,1762.46,1751.7947923972567,1767.2784440073196,1759.536618202288,15.483651610062907,104.17,156.87,261.04,52.7,-1.4405394007626455,-5.38648686641227,6.740486559384774,1.680975164775773
2025-04-30 16:16:05,1750.04,1764.53,1751.3560942979425,1766.5913330054898,1758.973713651716,15.235238707547296,104.17,156.87,261.04,52.7,-0.5629045505720569,0.8776348501905886,6.738330167458573,1.564453522662328
2025-04-30 16:16:06,1747.97,1764.53,1750.509570723457,1766.0759997541172,1758.292785238787,15.566429030660174,104.24,156.97,261.21,52.730000000000004,-0.6809284129290063,-0.1180238623569494,6.731337921624169,1.4634702685685579
2025-04-30 16:16:07,1752.11,1758.32,1750.9096780425928,1764.1369998155878,1757.5233389290902,13.227321772995083,104.24,156.97,261.21,52.730000000000004,-0.769446309696832,-0.08851789676782573,6.728392221586839,1.309584538143181
2025-04-30 16:16:08,1762.46,1764.53,1753.7972585319446,1764.2352498616908,1759.0162541968177,10.437991329746183,104.33,157.05,261.38,52.72000000000001,1.4929152677275397,2.2623615774243717,6.7297277812651695,0.7778613347827301
2025-04-30 16:16:09,1758.32,1766.6,1754.9279438989583,1764.826437396268,1759.8771906476131,9.898493497309573,104.33,157.05,261.38,52.72000000000001,0.8609364507954069,-0.6319788169321328,6.733021592756108,0.8809583328826096
2025-04-30 16:16:10,1779.02,1768.67,1760.950957924219,1765.7873280472008,1763.36914298571,4.836370122981862,104.35,157.15,261.5,52.80000000000001,3.4919523380967803,2.6310158873013734,6.743285415841012,2.271790328671861
2025-04-30 16:16:11,1760.39,1766.6,1760.8107184431644,1765.9904960354006,1763.4006072392826,5.179777592236178,104.35,157.15,261.5,52.80000000000001,0.031464253572721645,-3.4604880845240586,6.743405738033946,2.645805278044435
2025-04-30 16:16:12,1747.97,1770.74,1757.6005388323733,1767.1778720265504,1762.389205429462,9.577333194177072,104.35,157.25,261.6,52.900000000000006,-1.0114018098206543,-1.042866063393376,6.736961768702217,2.039495270107208
2025-04-30 16:16:13,1760.39,1756.25,1758.29790412428,1764.4459040199129,1761.3719040720964,6.147999895632893,104.38,157.25,261.63,52.870000000000005,-1.017301357365568,-0.00589954754491373,6.732300949202291,1.4878891966114984
2025-04-30 16:16:14,1758.32,1754.18,1758.30342809321,1761.8794280149348,1760.0914280540724,3.575999921724815,104.38,157.35,261.73,52.97,-1.2804760180240464,-0.2631746606584784,6.724836363157589,1.40955994701907
2025-04-30 16:16:15,1762.46,1768.67,1759.3425710699075,1763.577071011201,1761.4598210405543,4.234499941293507,104.42,157.35,261.77,52.92999999999999,1.368392986481922,2.6488690045059684,6.729036231468534,1.2360051373399172
2025-04-30 16:16:16,1756.25,1766.6,1758.5694283024307,1764.3328032584009,1761.4511157804159,5.763374955970221,104.42,157.35,261.77,52.92999999999999,-0.008705260138412996,-1.377098246620335,6.729002976091275,0.8195547284738242
2025-04-30 16:16:17,1754.18,1766.6,1757.4720712268231,1764.8996024438006,1761.1858368353119,7.427531216977513,104.45,157.45,261.9,52.999999999999986,-0.26527894510400074,-0.25657368496558774,6.72464998133128,0.5810654209830037
2025-04-30 16:16:18,1758.32,1768.67,1757.6840534201174,1765.8422018328506,1761.763127626484,8.158148412733226,104.45,157.45,261.9,52.999999999999986,0.5772907911721177,0.8425697362761184,6.726854222602634,0.6473672499806635
2025-04-30 16:16:19,1760.39,1766.6,1758.3605400650881,1766.031651374638,1762.196095719863,7.671111309549815,104.47,157.55,262.02,53.08000000000001,0.4329680933790314,-0.14432269779308626,6.725425879682609,0.3855714528282017
2025-04-30 16:16:20,1756.25,1770.74,1757.832905048816,1767.2087385309783,1762.5208217898971,9.375833482162307,104.47,157.55,262.02,53.08000000000001,0.32472607003410303,-0.10824202334492838,6.7266651975545075,0.5417597129490221
2025-04-30 16:16:21,1762.46,1770.74,1758.989678786612,1768.0915538982335,1763.5406163424227,9.101875111621439,104.51,157.65,262.16,53.14,1.0197945525255818,0.6950684824914788,6.726962960083383,0.8819084606696023
2025-04-30 16:16:22,1747.97,1768.67,1756.2347590899592,1768.2361654236752,1762.2354622568173,12.001406333715977,104.51,157.65,262.16,53.14,-1.305154085605409,-2.3249486381309907,6.721984496242114,0.6664720027904529
2025-04-30 16:16:23,1764.53,1772.81,1758.3085693174694,1769.3796240677561,1763.8440966926128,11.071054750286748,104.54,157.72,262.26,53.17999999999999,1.6086344357954658,2.9137885214008747,6.725555135998848,0.77091956136524
2025-04-30 16:16:24,1747.97,1760.39,1755.7239269881022,1767.132218050817,1761.4280725194596,11.408291062714852,104.54,157.72,262.26,53.17999999999999,-2.4160241731531187,-4.0246586089485845,6.716342811725451,0.9849287566034228
2025-04-30 16:16:25,1766.6,1776.95,1758.4429452410768,1769.5866635381128,1764.0148043895947,11.143718297036003,104.56,157.82,262.38,53.25999999999999,2.586731870135054,5.002756043288173,6.723129802829732,1.1279707509136068
2025-04-30 16:16:26,1758.32,1768.67,1758.4122089308075,1769.3574976535847,1763.884853292196,10.94528872277715,104.56,157.82,262.38,53.25999999999999,-0.1299510973985889,-2.716682967533643,6.722634524619108,1.1776660821554155
2025-04-30 16:16:27,1766.6,1826.65,1760.4591566981057,1783.6806232401887,1772.0698899691472,23.221466542082908,104.6,157.85,262.45,53.25,8.185036676951086,8.314987774349675,6.752028512924819,4.070644903634588
2025-04-30 16:16:28,1747.97,1768.67,1757.3368675235795,1779.9279674301415,1768.6324174768606,22.59109990656202,104.6,157.92,262.52,53.31999999999999,-3.437472492286588,-11.622509169237674,6.737133973562878,4.274645413888629
2025-04-30 16:16:29,1766.6,1772.81,1759.6526506426844,1778.148475572606,1768.9005631076452,18.495824929921582,104.63,157.92,262.54999999999995,53.28999999999999,0.26814563078460196,3.70561812307119,6.737385474653438,3.51225403335736
2025-04-30 16:16:30,1752.11,1772.81,1757.7669879820132,1776.8138566794546,1767.290422330734,19.04686869744137,104.63,157.97,262.6,53.34,-1.6101407769112939,-1.8782864076958958,6.729971118053171,2.9619166405972384
2025-04-30 16:16:31,1791.45,1768.67,1766.1877409865099,1774.7778925095909,1770.4828167480505,8.590151523080976,104.65,157.97,262.62,53.31999999999999,3.1923944173165637,4.802535194227858,6.741614538140415,1.8412937675387098
2025-04-30 16:16:32,1758.32,1772.81,1764.2208057398823,1774.2859193821932,1769.2533625610376,10.065113642310962,104.65,158.0,262.65,53.349999999999994,-1.2294541870128342,-4.421848604329398,6.736163547781741,1.150196173683437
2025-04-30 16:16:33,1754.18,1762.46,1761.7106043049118,1771.329439536645,1766.5200219207784,9.618835231733101,104.65,158.0,262.65,53.349999999999994,-2.7333406402592573,-1.5038864532464231,6.725756768303909,1.5844874325786518
2025-04-30 16:16:34,1766.6,1770.74,1762.9329532286838,1771.1820796524837,1767.0575164405836,8.249126423799908,104.69,158.1,262.78999999999996,53.41,0.5374945198052501,3.2708351600645074,6.724218995077305,1.6766343172082905
2025-04-30 16:16:35,1764.53,1770.74,1763.3322149215128,1771.0715597393628,1767.2018873304378,7.739344817849997,104.69,158.1,262.78999999999996,53.41,0.14437088985414448,-0.3931236299511056,6.724768372486281,1.6880255643780255
2025-04-30 16:16:36,1764.53,1774.88,1763.6316611911345,1772.0236698045221,1767.8276654978283,8.392008613387588,104.76,158.2,262.96,53.43999999999998,0.6257781673905356,0.4814072775363911,6.72280064943348,1.0488898265546405
2025-04-30 16:16:37,1762.46,1772.81,1763.338745893351,1772.2202523533915,1767.7794991233714,8.881506460040555,104.76,158.2,262.96,53.43999999999998,-0.0481663744569687,-0.6739445418475043,6.7226174794674245,0.5437297392942572
2025-04-30 16:16:38,1766.6,1779.02,1764.1540594200133,1773.9201892650435,1769.0371243425284,9.766129845030264,104.79,158.3,263.09000000000003,53.510000000000005,1.2576252191570347,1.3057915936140034,6.724075858521617,0.7808373540161578
2025-04-30 16:16:39,1754.18,1764.53,1761.66054456501,1771.5726419487826,1766.6165932568963,9.912097383772561,104.79,158.3,263.09000000000003,53.510000000000005,-2.420531085632092,-3.678156304789127,6.714875466730095,0.8989061803302343
2025-04-30 16:16:40,1766.6,1808.01,1762.8954084237575,1780.681981461587,1771.7886949426722,17.786573037829385,104.83,158.32,263.15,53.489999999999995,5.172101685775942,7.592632771408034,6.7329990051669135,1.972434164623352
2025-04-30 16:16:41,1752.11,1774.88,1760.199056317818,1779.2314860961903,1769.7152712070042,19.03242977837226,104.83,158.32,263.15,53.489999999999995,-2.0734237356680296,-7.245525421443972,6.72511975862392,1.9659140049707349
2025-04-30 16:16:42,1764.53,1772.81,1761.2817922383636,1777.6261145721428,1769.4539534052533,16.344322333779246,104.83,158.32,263.15,53.489999999999995,-0.2613178017509199,1.8121059339171097,6.724126721189918,1.8477714373596354
2025-04-30 16:16:43,1766.6,1766.6,1762.6113441787725,1774.869585929107,1768.7404650539397,12.258241750334491,104.87,158.37,263.24,53.5,-0.7134883513135719,-0.452170549562652,6.719117377050685,1.8639111309472278
2025-04-30 16:16:44,1766.6,1774.88,1763.6085081340793,1774.8721894468301,1769.2403487904548,11.263681312750805,104.87,158.37,263.24,53.5,0.4998837365151303,1.2133720878287022,6.721016342764924,1.174404940126053
2025-04-30 16:16:45,1754.18,1776.95,1761.2513811005597,1775.3916420851226,1768.321511592841,14.140260984562929,104.87,158.47,263.34000000000003,53.599999999999994,-0.9188371976138114,-1.4187209341289417,6.714974955866431,0.5609561385032127
2025-04-30 16:16:46,1760.39,1774.88,1761.03603582542,1775.263731563842,1768.149883694631,14.227695738421971,104.87,158.47,263.34000000000003,53.599999999999994,-0.17162789821009028,0.7472092994037212,6.714323220856336,0.5645679324010724
2025-04-30 16:16:47,1766.6,1766.6,1762.4270268690648,1773.0977986728813,1767.762412770973,10.670771803816478,104.92,158.5,263.42,53.58,-0.38747092365792923,-0.21584302544783895,6.710813173108192,0.5674782169185756
2025-04-30 16:16:48,1766.6,1774.88,1763.4702701517986,1773.543349004661,1768.5068095782299,10.073078852862409,104.92,158.5,263.42,53.58,0.7443968072568623,1.1318677309147915,6.713639066375335,0.5460673027688174
2025-04-30 16:16:49,1756.25,1779.02,1761.665202613849,1774.912511753496,1768.2888571836725,13.247309139646859,104.92,158.55,263.47,53.63000000000001,-0.21795239455741466,-0.962349201814277,6.711537748024954,0.2786634453641349
2025-04-30 16:16:50,1764.53,1776.95,1762.3814019603867,1775.4218838151219,1768.9016428877544,13.040481854735162,104.92,158.55,263.47,53.63000000000001,0.6127857040819435,0.8307380986393582,6.713863575260525,0.42249283062652415
2025-04-30 16:16:51,1758.32,1774.88,1761.36605147029,1775.2864128613414,1768.3262321658158,13.920361391051529,104.92,158.57,263.49,53.64999999999999,-0.5754107219386242,-1.1881964260205677,6.711170159985751,0.411765310616141
2025-04-30 16:16:52,1762.46,1760.39,1761.6395386027175,1771.562309646006,1766.6009241243619,9.922771043288549,104.92,158.57,263.49,53.64999999999999,-1.7253080414539,-1.1498973195152757,6.704622252911836,0.8858757691505164
2025-04-30 16:16:53,1747.97,1779.02,1758.222153952038,1773.4267322345045,1765.8244430932714,15.2045782824664,104.92,158.67,263.59,53.749999999999986,-0.7764810310904977,0.9488270103634022,6.69913288210531,1.3082713814978335
2025-04-30 16:16:54,1758.32,1768.67,1758.2466154640285,1772.2375491758785,1765.2420823199536,13.990933711849948,104.97,158.67,263.64,53.69999999999999,-0.5823607733177596,0.19412025777273811,6.695653450251481,1.5814879238188233
2025-04-30 16:16:55,1764.53,1783.16,1759.8174615980213,1774.9681618819088,1767.392811739965,15.150700283887545,104.97,158.73,263.7,53.75999999999999,2.15072942001143,2.73309019332919,6.7022859500860035,1.2271901146351951
2025-04-30 16:16:56,1766.6,1774.88,1761.513096198516,1774.9461214114317,1768.2296088049739,13.433025212915709,104.97,158.73,263.7,53.75999999999999,0.8367970650087955,-1.3139323550026347,6.70545924193976,1.19507323836127
2025-04-30 16:16:57,1752.11,1764.53,1759.162322148887,1772.3420910585737,1765.7522066037304,13.1797689096868,104.97,158.75,263.72,53.78,-2.4774022012434216,-3.314199266252217,6.6955566506452815,1.263516502669892
2025-04-30 16:16:58,1752.11,1764.53,1757.399241611665,1770.3890682939302,1763.8941549527976,12.989826682265175,104.97,158.75,263.72,53.78,-1.8580516509327936,0.619350550310628,6.688511103686813,1.7269414885919911
2025-04-30 16:16:59,1766.6,1776.95,1759.6994312087486,1772.0293012204477,1765.8643662145982,12.329870011699086,104.97,158.75,263.72,53.78,1.970211261800614,3.8282629127334076,6.6959819487282575,1.6709769899874365
2025-04-30 16:17:00,1764.53,1774.88,1760.9070734065615,1772.7419759153358,1766.8245246609486,11.834902508774348,104.97,158.8,263.77,53.83000000000001,0.9601584463503059,-1.0100528154503081,6.698352799645888,1.5891478971146233
2025-04-30 16:17:01,1764.53,1768.67,1761.812805054921,1771.7239819365018,1766.7683934957113,9.911176881580786,104.97,158.8,263.77,53.83000000000001,-0.05613116523727513,-1.016289611587581,6.698139996199611,1.185744577841536
2025-04-30 16:17:02,1766.6,1779.02,1763.0096037911908,1773.5479864523763,1768.2787951217836,10.538382661185551,105.04,158.83,263.87,53.790000000000006,1.5104016260722801,1.5665327913095553,6.701325608900056,1.6112591124816964
2025-04-30 16:17:03,1766.6,1779.02,1763.907202843393,1774.9159898392822,1769.4115963413376,11.008786995889295,105.04,158.83,263.87,53.790000000000006,1.1328012195540396,-0.37760040651824056,6.7056186365851325,1.405587852698676
2025-04-30 16:17:04,1764.53,1781.09,1764.0629021325447,1776.4594923794616,1770.261197256003,12.396590246916958,105.04,158.88,263.92,53.83999999999999,0.849600914665416,-0.2832003048886236,6.707567408867973,1.5495838589038118
2025-04-30 16:17:05,1762.46,1776.95,1763.6621765994084,1776.5821192845963,1770.1221479420024,12.919942685187834,105.04,158.88,263.92,53.83999999999999,-0.13904931400065834,-0.9886502286660743,6.707040547267966,1.4589778583685018
2025-04-30 16:17:06,1766.6,1781.09,1764.3966324495564,1777.7090894634473,1771.0528609565017,13.312457013890935,105.04,158.9,263.94,53.86,0.9307130144993607,1.069762328500019,6.710058552119585,1.042576025943345
2025-04-30 16:17:07,1754.18,1779.02,1761.8424743371675,1778.0368170975853,1769.9396457173764,16.19434276041784,105.04,158.9,263.94,53.86,-1.1132152391253385,-2.043928253624699,6.70584086918063,0.5952954923237559
2025-04-30 16:17:08,1764.53,1770.74,1762.5143557528756,1776.212612823189,1769.3634842880324,13.698257070313275,105.04,158.95,263.99,53.90999999999998,-0.5761614293439834,0.5370538097813551,6.702388263137407,0.6105595026300851
2025-04-30 16:17:09,1752.11,1781.09,1759.9132668146567,1777.4319596173918,1768.6726132160243,17.51869280273513,105.04,158.95,263.99,53.90999999999998,-0.6908710720081217,-0.1147096426641383,6.699771228138387,0.8874038668856478
2025-04-30 16:17:10,1758.32,1781.09,1759.5149501109925,1778.346469713044,1768.9307099120183,18.831519602051458,105.04,158.98,264.02,53.93999999999998,0.25809669599402696,0.9489677680021487,6.69998751311276,0.947334188663478
2025-04-30 16:17:11,1770.74,1781.09,1762.3212125832442,1779.032352284783,1770.6767824340136,16.71113970153874,105.06,158.98,264.03999999999996,53.91999999999999,1.746072521995302,1.487975826001275,6.7060929242839,0.8068482294593372
2025-04-30 16:17:12,1758.32,1783.16,1761.320909437433,1780.0642642135872,1770.6925868255103,18.743354776154092,105.06,159.08,264.14,54.02000000000001,0.015804391496658354,-1.7302681304986436,6.703613917323755,0.9610591275350409
2025-04-30 16:17:13,1766.6,1774.88,1762.6406820780749,1778.7681981601904,1770.7044401191326,16.127516082115562,105.06,159.08,264.14,54.02000000000001,0.011853293622380079,-0.003951097874278275,6.703658792365692,1.0390422445275267
2025-04-30 16:17:14,1762.46,1779.02,1762.5955115585562,1778.8311486201428,1770.7133300893495,16.235637061586658,105.06,159.18,264.24,54.120000000000005,0.008889970216841903,-0.0029633234055381763,6.7011554775514455,0.7899314322935149
2025-04-30 16:17:15,1760.39,1783.16,1762.044133668917,1779.913361465107,1770.978747567012,17.86922779618999,105.06,159.18,264.24,54.120000000000005,0.26541747766259505,0.25652750744575314,6.702159933639313,0.1268389184749088
2025-04-30 16:17:16,1764.53,1779.02,1762.6656002516877,1779.6900210988301,1771.177810675259,17.024420847142437,105.06,159.18,264.24,54.120000000000005,0.19906310824694629,-0.06635436941564876,6.702913275705214,0.21715421125583287
2025-04-30 16:17:17,1758.32,1783.16,1761.5792001887658,1780.5575158241227,1771.0683580064442,18.97831563535692,105.06,159.23,264.28999999999996,54.16999999999999,-0.10945266881481075,-0.30851577706175703,6.701231039029905,0.21256870178842427
2025-04-30 16:17:18,1758.32,1781.09,1760.7644001415742,1780.690636868092,1770.7275185048331,19.9262367265178,105.06,159.23,264.28999999999996,54.16999999999999,-0.3408395016110717,-0.23138683279626093,6.699941396968829,0.2066544818504116
2025-04-30 16:17:19,1766.6,1774.88,1762.223300106181,1779.237977651069,1770.730638878625,17.014677544888173,105.06,159.33,264.39,54.27000000000001,0.0031203737919440755,0.34395987540301576,6.697419086127335,0.20214737138735192
2025-04-30 16:17:20,1760.39,1781.09,1761.7649750796356,1779.700983238302,1770.7329791589686,17.936008158666255,105.06,159.33,264.39,54.27000000000001,0.0023402803435601527,-0.0007800934483839228,6.697427937749313,0.2185555335832292
2025-04-30 16:17:21,1764.53,1781.09,1762.4562313097267,1780.0482374287265,1771.2522343692267,17.592006118999734,105.06,159.35,264.40999999999997,54.28999999999999,0.5192552102580521,0.516914929914492,6.698885169510766,0.24429233414916673
2025-04-30 16:17:22,1756.25,1781.09,1760.904673482295,1780.3086780715448,1770.60667577692,19.40400458924978,105.06,159.35,264.40999999999997,54.28999999999999,-0.6455585923067702,-1.1648138025648223,6.696443663554618,0.25295532047180064
2025-04-30 16:17:23,1764.53,1781.09,1761.8110051117212,1780.5040085536587,1771.15750683269,18.693003441937435,105.06,159.4,264.46000000000004,54.34,0.5508310557700042,1.1963896480767744,6.697260455779435,0.288494954767467
2025-04-30 16:17:24,1758.32,1783.16,1760.938253833791,1781.168006415244,1771.0531301245173,20.229752581453113,105.06,159.4,264.46000000000004,54.34,-0.10437670817259459,-0.6552077639425988,6.696865777159689,0.2781448784090408
2025-04-30 16:17:25,1750.04,1785.24,1758.2136903753433,1782.186004811433,1770.199847593388,23.97231443608962,105.06,159.43,264.49,54.370000000000005,-0.8532825311292527,-0.7489058229566581,6.692880036676275,0.4414307395809795
2025-04-30 16:17:26,1766.6,1770.74,1760.3102677815073,1779.3245036085746,1769.817385695041,19.014235827067296,105.13,159.43,264.56,54.30000000000001,-0.3824618983471737,0.470820632782079,6.6896635130230475,0.566418009249657
2025-04-30 16:17:27,1766.6,1772.81,1761.8827008361304,1777.695877706431,1769.7892892712807,15.813176870300595,105.13,159.48,264.61,54.349999999999994,-0.028096423760189282,0.3543654745869844,6.688293271542978,0.6619676512426489
2025-04-30 16:17:28,1768.67,1783.16,1763.5795256270978,1779.0619082798232,1771.3207169534605,15.482382652725391,105.13,159.48,264.61,54.349999999999994,1.5314276821798103,1.5595241059399996,6.694080761344543,0.7106792596784846
2025-04-30 16:17:29,1760.39,1783.16,1762.7821442203235,1780.0864312098674,1771.4342877150955,17.304286989543925,105.13,159.5,264.63,54.370000000000005,0.1135707616349464,-1.417856920544864,6.694004009451278,0.8072911857280495
2025-04-30 16:17:30,1758.32,1783.16,1761.6666081652425,1780.8548234074005,1771.2607157863215,19.188215242158094,105.13,159.5,264.63,54.370000000000005,-0.1735719287739812,-0.2871426904089276,6.693348105252516,0.843249088086858
2025-04-30 16:17:31,1766.6,1776.95,1762.899956123932,1779.8786175555504,1771.389286839741,16.97866143161832,105.13,159.55,264.68,54.420000000000016,0.1285710534195914,0.3021429821935726,6.69256944290151,0.7016502675015915
2025-04-30 16:17:32,1756.25,1783.16,1761.237467092949,1780.6989631666627,1770.9682151298057,19.46149607371376,105.13,159.55,264.68,54.420000000000016,-0.4210717099354042,-0.5496427633549956,6.6909785720070545,0.18360587313078333
2025-04-30 16:17:33,1766.6,1772.81,1762.5781003197117,1778.7267223749968,1770.6524113473542,16.14862205528516,105.13,159.58,264.71000000000004,54.45000000000002,-0.3158037824514395,0.10526792748396474,6.689027254951935,0.32808893422470187
2025-04-30 16:17:34,1758.32,1785.24,1761.5135752397837,1780.3550417812476,1770.9343085105156,18.841466541463888,105.13,159.58,264.71000000000004,54.45000000000002,0.2818971631613749,0.5977009456128144,6.690092183220971,0.2903707140861502
2025-04-30 16:17:35,1754.18,1826.65,1759.6801814298378,1791.9287813359356,1775.8044813828867,32.24859990609775,105.13,159.6,264.73,54.47,4.870172872371086,4.588275709209711,6.7079835102742535,2.1708692206610825
2025-04-30 16:17:36,1766.6,1783.16,1761.4101360723785,1789.7365860019518,1775.5733610371651,28.3264499295733,105.13,159.63,264.76,54.5,-0.23112034572159246,-5.101293218092678,6.7063504847062045,2.6535784150003425
2025-04-30 16:17:37,1752.11,1766.6,1759.0851020542839,1783.9524395014637,1771.5187707778737,24.867337447179807,105.13,159.63,264.76,54.5,-4.0545902592914445,-3.823469913569852,6.691036274689671,2.56934854262698
2025-04-30 16:17:38,1764.53,1774.88,1760.4463265407128,1781.684329626098,1771.0653280834053,21.238003085385117,105.13,159.68,264.81,54.55000000000001,-0.45344269446832186,3.6011475648231226,6.688060576999905,2.484412747609321
2025-04-30 16:17:39,1764.53,1785.24,1761.4672449055345,1782.5732472195734,1772.020246062554,21.10600231403896,105.13,159.68,264.81,54.55000000000001,0.954917979148604,1.4083606736169259,6.691666626528029,2.30169924596954
2025-04-30 16:17:40,1752.11,1779.02,1759.1279336791508,1781.6849354146802,1770.4064345469155,22.55700173552941,105.13,159.78,264.90999999999997,54.650000000000006,-1.6138115156384174,-2.5687294947870214,6.6830486877198565,2.021491960965848
2025-04-30 16:17:41,1770.74,1768.67,1762.0309502593632,1778.4312015610103,1770.2310759101867,16.40025130164713,105.17,159.78,264.95,54.61,-0.17535863672878804,1.4384528789096294,6.681377879708658,0.749359444793983
2025-04-30 16:17:42,1768.67,1774.88,1763.6907126945225,1777.5434011707578,1770.61705693264,13.852688476235244,105.17,159.85,265.02,54.67999999999999,0.38598102245327937,0.5613396591820674,6.681069542870616,0.715593590900016
2025-04-30 16:17:43,1768.67,1772.81,1764.935534520892,1776.3600508780683,1770.64779269948,11.424516357176344,105.17,159.85,265.02,54.67999999999999,0.030735766840052747,-0.3552452556132266,6.681185518143139,0.711162096703457
2025-04-30 16:17:44,1768.67,1787.31,1765.869150890669,1779.0975381585513,1772.4833445246102,13.228387267882226,105.17,159.9,265.07,54.730000000000004,1.8355518251300964,1.8048160582900437,6.686850031454937,0.913660056890519
2025-04-30 16:17:45,1766.6,1774.88,1766.051863168002,1778.0431536189135,1772.0475083934577,11.991290450911492,105.17,159.9,265.07,54.730000000000004,-0.4358361311524277,-2.271387956282524,6.685205801140272,0.9935629884978168
2025-04-30 16:17:46,1766.6,1787.31,1766.1888973760015,1780.359865214185,1773.2743812950932,14.170967838183515,105.17,159.93,265.1,54.760000000000005,1.2268729016354882,1.662709032787916,6.689077233519487,1.164900636088243
2025-04-30 16:17:47,1758.32,1785.24,1764.221673032001,1781.5798989106388,1772.90078597132,17.358225878637768,105.17,159.93,265.1,54.760000000000005,-0.3735953237733156,-1.6004682254088038,6.687667971647121,1.016519152845331
2025-04-30 16:17:48,1762.46,1785.24,1763.7812547740007,1782.494924182979,1773.1380894784897,18.713669408978376,105.17,159.93,265.1,54.760000000000005,0.23730350716982684,0.6108988309431425,6.688563118785087,0.5027807361662512
2025-04-30 16:17:49,1766.6,1774.88,1764.4859410805007,1780.5911931372343,1772.5385671088675,16.10525205673366,105.17,160.0,265.17,54.83,-0.5995223696222638,-0.8368258767920906,6.684536563051366,0.495495686473952
2025-04-30 16:17:50,1764.53,1776.95,1764.4969558103755,1779.6808948529258,1772.0889253316507,15.183939042550264,105.17,160.0,265.17,54.83,-0.44964177721681153,0.14988059240545226,6.682840889424933,0.4803051464414781
2025-04-30 16:17:51,1758.32,1783.16,1762.9527168577815,1780.5506711396943,1771.751693998738,17.597954281912735,105.17,160.0,265.17,54.83,-0.3372313329127792,0.11241044430403235,6.681569134205109,0.5694024254387016
2025-04-30 16:17:52,1758.32,1787.31,1761.794537643336,1782.2405033547707,1772.0175204990533,20.44596571143461,105.17,160.08,265.25,54.91000000000001,0.26582650031537014,0.6030578332281493,6.6805561312667185,0.5440709378861712
2025-04-30 16:17:53,1766.6,1783.16,1762.9959032325019,1782.4703775160779,1772.7331403742899,19.474474283576,105.17,160.08,265.25,54.91000000000001,0.7156198752365981,0.44979337492122795,6.683254038420493,0.40065849155506067
2025-04-30 16:17:54,1766.6,1791.45,1763.8969274243764,1784.7152831370583,1774.3061052807175,20.818355712681978,105.17,160.15,265.32,54.980000000000004,1.5729649064276146,0.8573450311910165,6.68741933737863,1.0303541142826165
2025-04-30 16:17:55,1766.6,1785.24,1764.5726955682821,1784.8464623527937,1774.7095789605378,20.27376678451151,105.17,160.15,265.32,54.980000000000004,0.40347367982030846,-1.169491226607306,6.688940043236838,1.3388097540251347
2025-04-30 16:17:56,1762.46,1783.16,1764.0445216762116,1784.4248467645953,1774.2346842204033,20.380325088383643,105.17,160.15,265.32,54.980000000000004,-0.4748947401344594,-0.8783684199547679,6.687150149002161,1.1606313984095016
2025-04-30 16:17:57,1754.18,1774.88,1761.5783912571587,1782.0386350734464,1771.8085131653024,20.46024381628763,105.17,160.15,265.32,54.980000000000004,-2.4261710551008946,-1.9512763149664352,6.678005828762614,1.2333687528662522
2025-04-30 16:17:58,1760.39,1774.88,1761.2812934428691,1780.2489763050849,1770.7651348739769,18.967682862215725,105.17,160.2,265.37,55.02999999999999,-1.0433782913255527,1.3827927637753419,6.672815797570038,1.762915109002646
2025-04-30 16:17:59,1766.6,1774.88,1762.6109700821517,1778.9067322288136,1770.7588511554827,16.2957621466619,105.17,160.2,265.37,55.02999999999999,-0.006283718494159984,1.0370945728313927,6.672792118486229,1.8974266700093503
2025-04-30 16:18:00,1762.46,1774.88,1762.5732275616137,1777.9000491716101,1770.236638366612,15.326821609996387,105.17,160.2,265.37,55.02999999999999,-0.5222127888707746,-0.5159290703766146,6.670824251783501,1.6000490311873485
2025-04-30 16:18:01,1795.59,1787.31,1770.8274206712103,1780.2525368787074,1775.5399787749589,9.425116207497013,105.19,160.2,265.39,55.00999999999999,5.303340408346912,5.825553197217687,6.690304729208539,2.1554679760932856
2025-04-30 16:18:02,1766.6,1785.24,1769.7705655034079,1781.4994026590305,1775.634984081219,11.728837155622614,105.22,160.28,265.5,55.06,0.09500530626019099,-5.208335102086721,6.687890686980521,2.7475357633718542
2025-04-30 16:18:03,1768.67,1774.88,1769.495424127556,1779.844551994273,1774.6699880609144,10.349127866717026,105.22,160.28,265.5,55.06,-0.9649960203046248,-1.0600013265648158,6.684256050382894,2.6535337228253173
2025-04-30 16:18:04,1762.46,1785.24,1767.736568095667,1781.1934139957048,1774.464991045686,13.456845900037706,105.22,160.28,265.5,55.06,-0.20499701522840041,0.7599990050762244,6.683483933567616,2.2255869464763633
2025-04-30 16:18:05,1750.04,1785.24,1763.3124260717502,1782.2050604967785,1772.7587432842643,18.89263442502829,105.22,160.28,265.5,55.06,-1.7062477614217642,-1.5012507461933637,6.677057388351062,1.1583566655197677
2025-04-30 16:18:06,1766.6,1785.24,1764.1343195538125,1782.9637953725837,1773.549057463198,18.829475818771243,105.22,160.28,265.5,55.06,0.7903141789338406,2.4965619403556047,6.680034089578772,1.1011387300694169
2025-04-30 16:18:07,1758.32,1785.24,1762.6807396653594,1783.5328465294378,1773.1067930973986,20.85210686407845,105.22,160.33,265.55,55.110000000000014,-0.44226436579947404,-1.2325785447333146,6.677110850763651,0.8346015414352006
2025-04-30 16:18:08,1758.32,1787.31,1761.5905547490195,1784.4771348970785,1773.033844823049,22.88658014805901,105.22,160.33,265.55,55.110000000000014,-0.07294827434952822,0.3693160914499458,6.676836144402986,0.6682393385027331
2025-04-30 16:18:09,1762.46,1772.81,1761.8079160617647,1781.5603511728086,1771.6841336172865,19.75243511104395,105.22,160.33,265.55,55.110000000000014,-1.34971120576256,-1.2767629314130318,6.671753443590785,0.6987913338400232
2025-04-30 16:18:10,1758.32,1783.16,1760.9359370463235,1781.9602633796064,1771.448100212965,21.024326333282943,105.22,160.33,265.55,55.110000000000014,-0.2360334043214607,1.1136778014410993,6.670864596279798,0.93609737171659
2025-04-30 16:18:11,1762.46,1787.31,1761.3169527847426,1783.2976975347046,1772.3073251597236,21.980744749962014,105.22,160.33,265.55,55.110000000000014,0.8592249467585589,1.0952583510800196,6.674100239072202,0.7571716003252555
2025-04-30 16:18:12,1760.39,1783.16,1761.0852145885572,1783.2632731510284,1772.174243869793,22.17805856247128,105.22,160.33,265.55,55.110000000000014,-0.13308128993071477,-0.9923062366892736,6.673599085656915,0.615247967489251
2025-04-30 16:18:13,1762.46,1772.81,1761.4289109414178,1780.6499548632714,1771.0394329023447,19.221043921853607,105.22,160.33,265.55,55.110000000000014,-1.1348109674481748,-1.00172967751746,6.669325649531234,0.5218019257041778
2025-04-30 16:18:14,1766.6,1779.02,1762.7216832060635,1780.2424661474538,1771.4820746767587,17.52078294139028,105.22,160.33,265.55,55.110000000000014,0.4426417744139144,1.5774527418620892,6.670992536267242,0.5339869385790112
2025-04-30 16:18:15,1764.53,1774.88,1763.1737624045475,1778.9018496105903,1771.0378060075689,15.728087206042801,105.22,160.43,265.65,55.21000000000001,-0.44426866918979613,-0.8869104436037105,6.666808956675174,0.6070285350217263
2025-04-30 16:18:16,1758.32,1787.31,1761.9603218034106,1781.0038872079426,1771.4821045056765,19.043565404532046,105.22,160.43,265.65,55.21000000000001,0.4442984981076279,0.888567167297424,6.668481452426859,0.4649790536846677
2025-04-30 16:18:17,1758.32,1779.02,1761.0502413525578,1780.5079154059572,1770.7790783792575,19.457674053399387,105.22,160.43,265.65,55.21000000000001,-0.7030261264189903,-1.1473246245266182,6.6658350149197165,0.30901798990571144
2025-04-30 16:18:18,1762.46,1779.02,1761.4026810144185,1780.1359365544681,1770.7693087844432,18.73325554004964,105.22,160.43,265.65,55.21000000000001,-0.009769594814315496,0.6932565316046748,6.665798238730077,0.3562628600937744
2025-04-30 16:18:19,1764.53,1783.16,1762.1845107608137,1780.891952415851,1771.5382315883323,18.7074416550372,105.22,160.43,265.65,55.21000000000001,0.7689228038891542,0.7786923987034697,6.668692734498927,0.37148235027124127
2025-04-30 16:18:20,1750.04,1783.16,1759.1483830706104,1781.4589643118882,1770.3036736912493,22.31058124127776,105.22,160.51,265.73,55.28999999999999,-1.2345578970830502,-2.0034807009722044,6.662039163922817,0.5257748145603831
2025-04-30 16:18:21,1768.67,1785.24,1761.5287873029579,1782.4042232339161,1771.966505268437,20.875435930958247,105.3,160.51,265.81,55.209999999999994,1.662831577187717,2.897389474270767,6.66628982582351,0.6680680894070158
2025-04-30 16:18:22,1768.67,1787.31,1763.3140904772185,1783.630667425437,1773.4723789513278,20.316576948218426,105.3,160.51,265.81,55.209999999999994,1.5058736828907513,-0.1569578942969656,6.671955051651077,1.2261680368175296
2025-04-30 16:18:23,1768.67,1785.24,1764.6530678579138,1784.0330005690776,1774.3430342134957,19.379932711163747,105.3,160.51,265.81,55.209999999999994,0.8706552621679293,-0.635218420722822,6.675230531350458,1.598610594086993
2025-04-30 16:18:24,1768.67,1770.74,1765.6573008934354,1780.7097504268081,1773.1835256601216,15.052449533372737,105.3,160.51,265.81,55.209999999999994,-1.159508553374053,-2.0301638155419823,6.67086836081883,1.5652204892904038
2025-04-30 16:18:25,1760.39,1776.95,1764.3404756700766,1779.7698128201062,1772.0551442450915,15.429337150029596,105.3,160.51,265.81,55.209999999999994,-1.1283814150301623,0.031127138343890692,6.666623293248818,1.0026643789745913
2025-04-30 16:18:26,1766.6,1783.16,1764.9053567525575,1780.6173596150795,1772.7613581838186,15.712002862522013,105.3,160.51,265.81,55.209999999999994,0.70621393872716,1.8345953537573223,6.669280130599069,0.8481270352896925
2025-04-30 16:18:27,1752.11,1781.09,1761.7065175644182,1780.7355197113097,1771.2210186378638,19.02900214689157,105.3,160.51,265.81,55.209999999999994,-1.5403395459547937,-2.2465534846819537,6.663485241241408,1.1768099744308285
2025-04-30 16:18:28,1756.25,1781.09,1760.3423881733136,1780.8241397834822,1770.583263978398,20.481751610168658,105.3,160.51,265.81,55.209999999999994,-0.637754659465827,0.9025848864889667,6.66108595356575,1.0711832503006615
2025-04-30 16:18:29,1766.6,1789.38,1761.9067911299853,1782.9631048376116,1772.4349479837983,21.05631370762626,105.3,160.58,265.88,55.280000000000015,1.8516840054003296,2.4894386648661566,6.666296604925161,0.8954763845072953
2025-04-30 16:18:30,1758.32,1783.16,1761.010093347489,1783.0123286282087,1772.0112109878487,22.002235280719788,105.3,160.58,265.88,55.280000000000015,-0.4237369959496391,-2.2754210013499687,6.664702889736519,0.892694895191923
2025-04-30 16:18:31,1758.32,1783.16,1760.3375700106167,1783.0492464711565,1771.6934082408866,22.71167646053982,105.3,160.58,265.88,55.280000000000015,-0.31780274696211563,0.10593424898752346,6.663507603345039,0.7161888995265644
2025-04-30 16:18:32,1766.6,1787.31,1761.9031775079625,1784.1144348533671,1773.0088061806648,22.211257345404647,105.3,160.58,265.88,55.280000000000015,1.3153979397782223,1.633200686740338,6.668454940244509,0.9074319688071554
2025-04-30 16:18:33,1766.6,1783.16,1763.077383130972,1783.8758261400253,1773.4766046354987,20.798443009053244,105.3,160.58,265.88,55.280000000000015,0.4677984548338827,-0.8475994849443396,6.670214374775404,0.7251298463990365
2025-04-30 16:18:34,1766.6,1768.67,1763.958037348229,1780.074369605019,1772.016203476624,16.116332256789974,105.3,160.58,265.88,55.280000000000015,-1.4604011588746744,-1.928199613708557,6.664721666962173,0.7614040715235466
2025-04-30 16:18:35,1762.46,1783.16,1763.5835280111717,1780.845777203764,1772.214652607468,17.262249192592435,105.3,160.58,265.88,55.280000000000015,0.19844913084398286,1.6588502897186572,6.665468053038965,0.7377467569066036
2025-04-30 16:18:36,1766.6,1779.02,1764.3376460083787,1780.3893329028233,1772.363489455601,16.05168689444463,105.3,160.58,265.88,55.280000000000015,0.14883684813298714,-0.049612282710995714,6.666027842596559,0.6081805245484453
2025-04-30 16:18:37,1766.6,1791.45,1764.9032345062842,1783.1544996771174,1774.0288670917007,18.25126517083322,105.3,160.66,265.96,55.36,1.66537763609972,1.5165407879667328,6.670284480453513,0.882245074412755
2025-04-30 16:18:38,1766.6,1774.88,1765.3274258797132,1781.0858747578382,1773.2066503187757,15.75844887812491,105.3,160.66,265.96,55.36,-0.8222167729250032,-2.487594409024723,6.667192975077391,0.8392257605218615
2025-04-30 16:18:39,1766.6,1783.16,1765.645569409785,1781.6044060683785,1773.6249877390817,15.958836658593555,105.3,160.66,265.96,55.36,0.4183374203059884,1.2405541932309916,6.668765908671665,0.7866567629428682
2025-04-30 16:18:40,1766.6,1789.38,1765.8841770573385,1783.548304551284,1774.7162408043114,17.664127493945443,105.3,160.66,265.96,55.36,1.0912530652296937,0.6729156449237053,6.672868980792009,0.8822574517913734
2025-04-30 16:18:41,1758.32,1789.38,1763.993132793004,1785.006228413463,1774.4996806032336,21.013095620459126,105.3,160.66,265.96,55.36,-0.21656020107775475,-1.3078132663074484,6.6720547222559,0.6189476185903154
2025-04-30 16:18:42,1762.46,1785.24,1763.6098495947529,1785.0646713100973,1774.3372604524252,21.45482171534445,105.3,160.66,265.96,55.36,-0.16242015080842975,0.054140050269325,6.671444028353817,0.6357764646311616
2025-04-30 16:18:43,1762.46,1783.16,1763.3223871960647,1784.5885034825728,1773.9554453393189,21.266116286508122,105.3,160.66,265.96,55.36,-0.3818151131063132,-0.21939496229788347,6.670008417315802,0.43647135104613455
2025-04-30 16:18:44,1770.74,1785.24,1765.1767903970485,1784.7513776119295,1774.964084004489,19.57458721488092,105.35,160.66,266.01,55.31,1.0086386651701105,1.3904537782764237,6.672546435592431,0.3824294573016142
2025-04-30 16:18:45,1766.6,1783.16,1765.5325927977865,1784.353533208947,1774.9430630033667,18.820940411160564,105.35,160.66,266.01,55.31,-0.021021001122335292,-1.0296596662924458,6.672467412243522,0.42624526937591006
2025-04-30 16:18:46,1758.32,1783.16,1763.7294445983398,1784.0551499067103,1773.8922972525252,20.325705308370516,105.35,160.66,266.01,55.31,-1.0507657508414923,-1.029744749719157,6.668517313574707,0.5173821232196939
2025-04-30 16:18:47,1758.32,1781.09,1762.3770834487548,1783.3138624300327,1772.8454729393939,20.93677898127794,105.35,160.66,266.01,55.31,-1.0468243131313102,0.003941437710182072,6.664582031783812,0.8793828090008926
2025-04-30 16:18:48,1766.6,1785.24,1763.432812586566,1783.7953968225245,1773.6141047045453,20.362584235958593,105.35,160.66,266.01,55.31,0.76863176515144,1.8154560782827502,6.6674715162477876,0.9081375345476611
2025-04-30 16:18:49,1766.6,1772.81,1764.2246094399243,1781.0490476168934,1772.6368285284088,16.824438176969124,105.35,160.66,266.01,55.31,-0.9772761761364563,-1.7459079412878964,6.663797683788622,0.9199910417745272
2025-04-30 16:18:50,1758.32,1791.45,1762.7484570799431,1783.64928571267,1773.1988713963065,20.90082863272687,105.35,160.73,266.08,55.379999999999995,0.5620428678976168,1.5393190440340732,6.6641568878989395,0.5211943379804896
2025-04-30 16:18:51,1762.46,1785.24,1762.6763428099573,1784.0469642845023,1773.3616535472297,21.370621474545032,105.35,160.73,266.08,55.379999999999995,0.162782150923249,-0.3992607169743678,6.664768666876357,0.3927238680386437
2025-04-30 16:18:52,1768.67,1779.02,1764.174757107468,1782.790223213377,1773.4824901604225,18.615466105909036,105.35,160.73,266.08,55.379999999999995,0.12083661319275052,-0.04194553773049847,6.665222803274203,0.3799004892851642
2025-04-30 16:18:53,1752.11,1785.24,1761.1585678306008,1783.4026674100328,1772.2806176203167,22.24409957943203,105.35,160.73,266.08,55.379999999999995,-1.2018725401057964,-1.3227091532985469,6.660705843955243,0.5128917391381698
2025-04-30 16:18:54,1760.39,1774.88,1760.9664258729506,1781.2720005575245,1771.1192132152376,20.305574684573912,105.35,160.73,266.08,55.379999999999995,-1.1614044050791108,0.04046813502668556,6.656340974740291,0.9966273206615468
2025-04-30 16:18:55,1764.53,1787.31,1761.8573194047128,1782.7815004181434,1772.319409911428,20.924181013430598,105.35,160.73,266.08,55.379999999999995,1.20019669619046,2.361601101269571,6.660851635788396,0.9610207843727708
2025-04-30 16:18:56,1766.6,1785.24,1763.0429895535344,1783.3961253136076,1773.219557433571,20.3531357600732,105.35,160.73,266.08,55.379999999999995,0.9001475221430155,-0.30004917404744447,6.664234631574476,0.9312792639031945
2025-04-30 16:18:57,1762.46,1783.16,1762.8972421651508,1783.3370939852057,1773.1171680751781,20.439851820054855,105.35,160.73,266.08,55.379999999999995,-0.10238935839288388,-1.0025368805358994,6.6638498249072775,0.8435845688252909
2025-04-30 16:18:58,1766.6,1783.16,1763.822931623863,1783.2928204889042,1773.5578760563835,19.469888865041185,105.35,160.73,266.08,55.379999999999995,0.440707981205378,0.5430973395982619,6.665506123687904,0.9769971004304572
2025-04-30 16:18:59,1766.6,1779.02,1764.5171987178974,1782.2246153666783,1773.3709070422879,17.707416648780963,105.35,160.73,266.08,55.379999999999995,-0.18696901409566635,-0.6276769953010444,6.6648034439923505,0.47579104976455794
2025-04-30 16:19:00,1766.6,1783.16,1765.037899038423,1782.4584615250087,1773.7481802817158,17.420562486585823,105.35,160.73,266.08,55.379999999999995,0.3772732394279501,0.5642422535236165,6.666221338001709,0.2547139099656396
2025-04-30 16:19:01,1766.6,1787.31,1765.4284242788171,1783.6713461437566,1774.549885211287,18.24292186493949,105.35,160.73,266.08,55.379999999999995,0.8017049295710876,0.42443169014313753,6.669234360124973,0.5449666274314491
2025-04-30 16:19:02,1758.32,1785.24,1763.6513182091128,1784.0635096078174,1773.857413908465,20.412191398704636,105.35,160.73,266.08,55.379999999999995,-0.6924713028217866,-1.4941762323928742,6.666631867264858,0.449898380823776
2025-04-30 16:19:03,1766.6,1783.16,1764.3884886568344,1783.837632205863,1774.1130604313487,19.449143549028577,105.35,160.73,266.08,55.379999999999995,0.2556465228835805,0.9481178257053671,6.667592655456089,0.4383658901088829
2025-04-30 16:19:04,1758.32,1785.24,1762.8713664926258,1784.1882241543972,1773.5297953235115,21.316857661771337,105.35,160.73,266.08,55.379999999999995,-0.5832651078371782,-0.8389116307207587,6.6654005887631955,0.3911071055771722
2025-04-30 16:19:05,1756.25,1783.16,1761.2160248694695,1783.9311681157978,1772.5735964926337,22.715143246328353,105.35,160.73,266.08,55.379999999999995,-0.9561988308778382,-0.37293372304065997,6.661806937127281,0.7437060154133356
2025-04-30 16:19:06,1766.6,1783.16,1762.5620186521023,1783.7383760868483,1773.1501973694753,21.176357434746024,105.35,160.73,266.08,55.379999999999995,0.5766008768416668,1.532799707719505,6.663973957852907,0.6061832875402414
2025-04-30 16:19:07,1760.39,1774.88,1762.0190139890767,1781.5237820651362,1771.7713980271064,19.504768076059463,105.35,160.78,266.13,55.43000000000001,-1.3787993423688931,-1.95540021921056,6.65754101893648,0.8985567862373076
2025-04-30 16:19:08,1764.53,1789.38,1762.6467604918075,1783.487836548852,1773.0672985203298,20.841076057044575,105.35,160.78,266.13,55.43000000000001,1.295900493223371,2.674699835592264,6.662410445488744,0.6771752268992184
2025-04-30 16:19:09,1756.25,1791.45,1761.0475703688558,1785.478377411639,1773.2629738902474,24.43080704278327,105.35,160.78,266.13,55.43000000000001,0.1956753699175806,-1.1002251233057905,6.663145707838657,0.6147396907862872
2025-04-30 16:19:10,1766.6,1789.38,1762.435677776642,1786.4537830587294,1774.4447304176856,24.01810528208739,105.35,160.78,266.13,55.43000000000001,1.1817565274382105,0.9860811575206299,6.6675862313534715,0.9481432622815623
2025-04-30 16:19:11,1764.53,1779.02,1762.9592583324813,1784.595337294047,1773.7772978132643,21.636078961565772,105.35,160.78,266.13,55.43000000000001,-0.6674326044212648,-1.8491891318594753,6.665078311908413,0.9904732969960546
2025-04-30 16:19:12,1762.46,1789.38,1762.834443749361,1785.7915029705352,1774.312973359948,22.957059221174177,105.35,160.78,266.13,55.43000000000001,0.5356755466837058,1.2031081511049706,6.667091146029598,0.6125668649520551
2025-04-30 16:19:13,1762.46,1785.24,1762.7408328120207,1785.6536272279013,1774.197230019961,22.912794415880626,105.35,160.78,266.13,55.43000000000001,-0.11574333998714792,-0.6514188866708537,6.6666562332442965,0.4815174731101978
2025-04-30 16:19:14,1762.46,1774.88,1762.6706246090155,1782.9602204209261,1772.8154225149708,20.289595811910658,105.35,160.78,266.13,55.43000000000001,-1.3818075049900926,-1.2660641650029447,6.661464005762247,0.6607824677403606
2025-04-30 16:19:15,1762.46,1789.38,1762.6179684567617,1784.5651653156947,1773.591566886228,21.94719685893301,105.35,160.78,266.13,55.43000000000001,0.77614437125726,2.1579518762473526,6.6643804164199745,0.5948988861656327
2025-04-30 16:19:16,1772.81,1785.24,1765.1659763425714,1784.733873986771,1774.9499251646712,19.567897644199547,105.4,160.78,266.18,55.379999999999995,1.35835827844312,0.5822139071858601,6.668231717245622,0.8071120936879955
2025-04-30 16:19:17,1762.46,1783.16,1764.4894822569286,1784.3404054900782,1774.4149438735035,19.850923233149615,105.4,160.78,266.18,55.379999999999995,-0.5349812911676963,-1.8933395696108164,6.666221869439032,0.8190369717887882
2025-04-30 16:19:18,1760.39,1776.95,1763.4646116926965,1782.4928041175585,1772.9787079051275,19.028192424862027,105.4,160.78,266.18,55.379999999999995,-1.4362359683759678,-0.9012546772082715,6.660826137366825,0.9186128563868929
2025-04-30 16:19:19,1768.67,1787.31,1764.7659587695225,1783.6971030881687,1774.2315309288456,18.931144318646147,105.4,160.78,266.18,55.379999999999995,1.252823023718065,2.689058992094033,6.665532813371827,0.7636167018749593
2025-04-30 16:19:20,1754.18,1787.31,1762.119469077142,1784.6003273161264,1773.3598981966343,22.48085823898441,105.4,160.78,266.18,55.379999999999995,-0.8716327322113102,-2.1244557559293753,6.662258214495364,0.8031291665376484
2025-04-30 16:19:21,1770.74,1783.16,1764.2746018078565,1784.2402454870949,1774.2574236474757,19.965643679238383,105.4,160.78,266.18,55.379999999999995,0.8975254508413855,1.7691581830526957,6.665630088593604,0.6383689998202018
2025-04-30 16:19:22,1764.53,1785.24,1764.3384513558924,1784.490184115321,1774.4143177356068,20.15173275942857,105.4,160.78,266.18,55.379999999999995,0.15689408813113914,-0.7406313627102463,6.666219517128963,0.6382301486441868
2025-04-30 16:19:23,1766.6,1783.16,1764.9038385169192,1784.1576380864908,1774.530738301705,19.253799569571584,105.4,160.78,266.18,55.379999999999995,0.11642056609821338,-0.04047352203292576,6.66665689246017,0.4628412040099494
2025-04-30 16:19:24,1758.32,1785.24,1763.2578788876895,1784.428228564868,1773.8430537262789,21.170349677178592,105.4,160.78,266.18,55.379999999999995,-0.6876845754261467,-0.8041051415243601,6.664073360365938,0.4798689311784131
2025-04-30 16:19:25,1768.67,1770.74,1764.6109091657672,1781.006171423651,1772.808540294709,16.395262257883815,105.4,160.78,266.18,55.379999999999995,-1.0345134315698488,-0.34682885614370207,6.66018684211632,0.6999211984464346
2025-04-30 16:19:26,1766.6,1783.16,1765.1081818743255,1781.5446285677383,1773.326405221032,16.43644669341279,105.4,160.78,266.18,55.379999999999995,0.517864926323,1.5523783578928487,6.66213238620069,0.727893989278268
2025-04-30 16:19:27,1766.6,1781.09,1765.481136405744,1781.4309714258038,1773.456053915774,15.949835020059709,105.4,160.78,266.18,55.379999999999995,0.1296486947419453,-0.38821623158105467,6.662619457709649,0.6416938562564581
2025-04-30 16:19:28,1764.53,1787.31,1765.243352304308,1782.9007285693529,1774.0720404368303,17.65737626504483,105.4,160.78,266.18,55.379999999999995,0.6159865210563567,0.48633782631441136,6.664933630520312,0.48864394736445554
2025-04-30 16:19:29,1766.6,1805.94,1765.582514228231,1788.6605464270147,1777.1215303276228,23.078032198783603,105.4,160.86,266.26,55.46000000000001,3.049489890792529,2.4335033697361723,6.6743841495276754,1.7172081146356197
2025-04-30 16:19:30,1768.67,1791.45,1766.3543856711733,1789.357909820261,1777.8561477457172,23.003524149087752,105.4,160.86,266.26,55.46000000000001,0.7346174180943308,-2.314872472698198,6.677143172344979,2.1544004328719897
2025-04-30 16:19:31,1768.67,1789.38,1766.93328925338,1789.3634323651959,1778.148360809288,22.430143111815823,105.4,160.86,266.26,55.46000000000001,0.29221306357089816,-0.44240435452343263,6.678240644975015,2.203501792645533
2025-04-30 16:19:32,1766.6,1781.09,1766.8499669400348,1787.295074273897,1777.072520606966,20.445107333862097,105.4,160.86,266.26,55.46000000000001,-1.0758402023220697,-1.3680532658929678,6.674200082373492,1.6231368307422671
2025-04-30 16:19:33,1756.25,1770.74,1764.199975205026,1783.1563057054227,1773.6781404552244,18.95633050039669,105.4,160.86,266.26,55.46000000000001,-3.394380151741643,-2.3185399494195735,6.661451715592927,1.7926335799307842
2025-04-30 16:19:34,1756.25,1789.38,1762.2124814037695,1784.712229279067,1773.4623553414183,22.499747875297544,105.4,160.86,266.26,55.46000000000001,-0.2157851138060778,3.1785950379355654,6.6606412855133215,2.2930464352008464
2025-04-30 16:19:35,1758.32,1774.88,1761.239361052827,1782.2541719593003,1771.7467665060635,21.014810906473258,105.4,160.86,266.26,55.46000000000001,-1.7155888353547653,-1.4998037215486875,6.654198001396626,2.680654204211043
2025-04-30 16:19:36,1766.6,1785.24,1762.5795207896203,1783.0006289694752,1772.7900748795478,20.421108179854855,105.4,160.86,266.26,55.46000000000001,1.0433083734842512,2.7588972088390165,6.6581163833149235,2.00383676337357
2025-04-30 16:19:37,1756.25,1789.38,1760.9971405922151,1784.5954717271063,1772.7963061596606,23.59833113489117,105.4,160.86,266.26,55.46000000000001,0.006231280112842796,-1.0370770933714084,6.658139786304818,0.7540541434481719
2025-04-30 16:19:38,1756.25,1787.31,1759.8103554441614,1785.2741037953297,1772.5422296197455,25.463748351168306,105.4,160.86,266.26,55.46000000000001,-0.25407653991510415,-0.26030782002794695,6.657185544064299,0.6178295621175618
2025-04-30 16:19:39,1754.18,1787.31,1758.402766583121,1785.7830778464972,1772.0929222148093,27.380311263376143,105.4,160.86,266.26,55.46000000000001,-0.4493074049362349,-0.19523086502113074,6.655498067900966,0.46104664403914986
2025-04-30 16:19:40,1766.6,1787.31,1760.452074937341,1786.1648083848727,1773.3084416611068,25.71273344753172,105.4,160.86,266.26,55.46000000000001,1.2155194462975487,1.6648268512337836,6.66006322767612,0.44182713144998287
2025-04-30 16:19:41,1766.6,1779.02,1761.989056203006,1784.3786062886547,1773.1838312458303,22.389550085648807,105.4,160.86,266.26,55.46000000000001,-0.12461041527649286,-1.3401298615740416,6.659595224916379,0.4927205511458474
2025-04-30 16:19:42,1762.46,1783.16,1762.1067921522545,1784.073954716491,1773.0903734343729,21.96716256423656,105.4,160.86,266.26,55.46000000000001,-0.09345781145748333,0.031152603819009528,6.659244222846573,0.5116330323150527
2025-04-30 16:19:43,1764.53,1785.24,1762.7125941141908,1784.3654660373682,1773.5390300757795,21.652871923177372,105.4,160.86,266.26,55.46000000000001,0.44865664140661465,0.542114452864098,6.6609292549194405,0.5570526377169399
2025-04-30 16:19:44,1764.53,1785.24,1763.166945585643,1784.584099528026,1773.8755225568343,21.417153942383038,105.4,160.86,266.26,55.46000000000001,0.3364924810548473,-0.11216416035176735,6.662193028974091,0.31481342496616815
2025-04-30 16:19:45,1766.6,1770.74,1764.025209189232,1781.1230746460194,1772.5741419176256,17.097865456787304,105.4,160.86,266.26,55.46000000000001,-1.3013806392086735,-1.6378731202635208,6.657305397958087,0.4902618364746297
2025-04-30 16:19:46,1754.18,1783.16,1761.563906891924,1781.6323059845145,1771.5981064382192,20.068399092590425,105.4,160.86,266.26,55.46000000000001,-0.9760354794063915,0.32534515980228207,6.653639674696085,0.8931794231053392
2025-04-30 16:19:47,1764.53,1785.24,1762.3054301689428,1782.5342294883858,1772.4198298286642,20.228799319442942,105.4,160.86,266.26,55.46000000000001,0.8217233904449586,1.79775886985135,6.656725843806575,0.914192922946549
2025-04-30 16:19:48,1756.25,1783.16,1760.7915726267072,1782.6906721162893,1771.7411223714982,21.899099489582113,105.4,160.86,266.26,55.46000000000001,-0.6787074571659559,-1.5004308476109145,6.6541768035653925,0.9050311316410878
2025-04-30 16:19:49,1764.53,1783.16,1761.7261794700303,1782.808004087217,1772.2670917786236,21.081824617186612,105.4,160.86,266.26,55.46000000000001,0.5259694071253307,1.2046768642912866,6.656152201316275,0.42828143037489613
2025-04-30 16:19:50,1764.53,1774.88,1762.4271346025228,1780.8260030654126,1771.6265688339677,18.398868462889823,105.4,160.86,266.26,55.46000000000001,-0.6405229446559133,-1.166492351781244,6.653746571697669,0.3845325806364107
2025-04-30 16:19:51,1766.6,1774.88,1763.4703509518922,1779.3395022990594,1771.4049266254758,15.86915134716719,105.47,160.86,266.33000000000004,55.390000000000015,-0.22164220849185767,0.41888073616405563,6.651165546406,0.43294236577007666
2025-04-30 16:19:52,1770.74,1779.02,1765.287763213919,1779.2596267242948,1772.273694969107,13.97186351037567,105.47,160.86,266.33000000000004,55.390000000000015,0.8687683436312454,1.0904105521231031,6.654427545956818,0.3913262988356175
2025-04-30 16:19:53,1764.53,1791.45,1765.0983224104393,1782.307220043221,1773.70277122683,17.2088976327816,105.47,160.91,266.38,55.44,1.4290762577229543,0.5603079140917089,6.658543301179844,0.8963938469805443
2025-04-30 16:19:54,1766.6,1791.45,1765.4737418078294,1784.5929150324157,1775.0333284201224,19.119173224586348,105.47,160.91,266.38,55.44,1.3305571932924067,-0.09851906443054759,6.6635382602169235,1.5331811829298796
2025-04-30 16:19:55,1766.6,1781.09,1765.755306355872,1783.7171862743119,1774.736246315092,17.961879918439763,105.47,160.91,266.38,55.44,-0.29708210503031296,-1.6276392983227197,6.662423003426192,1.5643935658524646
2025-04-30 16:19:56,1768.67,1779.02,1766.4839797669042,1782.542889705734,1774.5134347363191,16.058909938829856,105.47,160.91,266.38,55.44,-0.2228115787729621,0.07427052625735087,6.661586560833143,1.110005627584797
2025-04-30 16:19:57,1770.74,1785.24,1767.547984825178,1783.2171672793006,1775.3825760522393,15.66918245412262,105.47,160.91,266.38,55.44,0.8691413159201602,1.0919528946931223,6.664849348252083,0.633272756823771
2025-04-30 16:19:58,1766.6,1787.31,1767.3109886188836,1784.2403754594752,1775.7756820391794,16.929386840591633,105.47,160.91,266.38,55.44,0.3931059869400997,-0.4760353289800605,6.666325082111474,0.504114619986065
2025-04-30 16:19:59,1766.6,1789.38,1767.133241464163,1785.5252815946064,1776.3292615293847,18.392040130443547,105.47,160.91,266.38,55.44,0.5535794902052658,0.16047350326516607,6.668403239210832,0.744600867505094
2025-04-30 16:20:00,1756.25,1779.02,1764.4124310981222,1783.898961195955,1774.1556961470387,19.486530097832883,105.47,160.91,266.38,55.44,-2.1735653823459415,-2.7271448725512073,6.660243597442733,0.8940092218115301
2025-04-30 16:20:01,1760.39,1785.24,1763.4068233235917,1784.2342208969662,1773.820522110279,20.827397573374583,105.47,160.91,266.38,55.44,-0.3351740367597813,1.8383913455861602,6.6589853421852006,1.0695781651069274
2025-04-30 16:20:02,1762.46,1789.38,1763.1701174926936,1785.5206656727248,1774.3453915827092,22.350548180031183,105.47,160.91,266.38,55.44,0.5248694724302823,0.8600435091900636,6.660955720856497,1.0994748649493062
2025-04-30 16:20:03,1768.67,1789.38,1764.5450881195202,1786.4854992545436,1775.5152936870318,21.940411135023396,105.47,160.91,266.38,55.44,1.1699021043225457,0.6450326318922635,6.6653475749744135,1.0518955424176235
2025-04-30 16:20:04,1766.6,1787.31,1765.05881608964,1786.6916244409076,1775.8752202652738,21.632808351267613,105.47,160.91,266.38,55.44,0.3599265782420389,-0.8099755260805068,6.666698752153222,0.8989358076696174
2025-04-30 16:20:05,1766.6,1789.38,1765.44411206723,1787.3637183306807,1776.4039151989555,21.91960626345076,105.47,160.91,266.38,55.44,0.5286949336816633,0.16876835543962443,6.668683491742143,1.076771167021953
2025-04-30 16:20:06,1768.67,1785.24,1766.2505840504225,1786.8327887480104,1776.5416863992164,20.58220469758794,105.47,160.91,266.38,55.44,0.13777120026088596,-0.39092373342077735,6.669200689729018,0.8799326916095539
2025-04-30 16:20:07,1758.32,1741.76,1764.2679380378167,1775.564591561008,1769.9162647994124,11.296653523191253,105.47,159.83,265.3,54.360000000000014,-6.625421599803985,-6.763192800064871,6.671376773946609,2.788901643249345
2025-04-30 16:20:08,1551.46,1694.17,1711.0659535283626,1755.2159436707561,1733.1409485995594,44.14999014239356,104.94,158.5,263.44,53.56,-36.77531619985302,-30.149894600049038,6.578883017084256,18.783220999913123
2025-04-30 16:20:09,1516.33,1654.86,1662.3819651462718,1730.126957753067,1696.2544614496694,67.74499260679522,103.69,156.95,260.64,53.25999999999999,-36.886487149889945,-0.11117095003692157,6.508035815460534,35.24938626100671
2025-04-30 16:20:10,1425.42,1541.13,1603.1414738597039,1682.8777183148002,1643.009596087252,79.73624445509631,102.45,155.37,257.82,52.92,-53.244865362417386,-16.35837821252744,6.372700293672143,55.41094428518469
2025-04-30 16:20:11,1282.97,1351.08,1523.098605394778,1599.9282887361,1561.5134470654389,76.82968334132215,101.11,153.76,254.87,52.64999999999999,-81.49614902181315,-28.251283659395767,6.126705539838872,81.51305847236743
2025-04-30 16:20:12,1087.06,1210.76,1414.0889540460835,1502.636216552075,1458.3625852990792,88.54726250599151,99.7,152.03,251.73000000000002,52.33,-103.15086176635964,-21.654712744546487,5.7933602649891505,110.31825878468052
2025-04-30 16:20:13,872.88,1004.65,1278.7867155345627,1378.1396624140561,1328.4631889743096,99.3529468794934,98.21,150.35,248.56,52.14,-129.89939632476967,-26.74853455841003,5.344637848526197,147.36944745492184
2025-04-30 16:20:14,724.78,831.72,1140.285036650922,1241.5347468105422,1190.909891730732,101.24971015962024,96.76,148.8,245.56,52.040000000000006,-137.55329724357762,-7.653900918807949,4.849771489171528,180.78923504410707
2025-04-30 16:20:15,484.42,656.95,976.3187774881915,1095.3885601079066,1035.853668798049,119.06978261971517,95.33,147.12,242.45,51.790000000000006,-155.05622293268289,-17.50292568910527,4.2724424191610915,209.05979705939419
2025-04-30 16:20:16,340.8,507.0,817.4390831161436,948.29142008093,882.8652515985368,130.85233696478645,93.88,145.44,239.32,51.56,-152.98841719951224,2.067805733170644,3.68905752928915,228.42437623175724
2025-04-30 16:20:17,129.73,203.47,645.5118123371077,762.0860650606975,703.7989386989026,116.57425272358978,92.38,143.63,236.01,51.25,-179.06631289963423,-26.077895700121985,2.982072521150926,246.50007559714385
2025-04-30 16:20:18,111.3,84.68,511.9588592528308,592.7345487955231,552.3467040241769,80.7756895426923,92.38,141.98,234.35999999999999,49.599999999999994,-151.45223467472567,27.614078224908553,2.3568300975735914,254.52541881896218
2025-04-30 16:20:19,96.97,127.68,408.2116444396231,476.47091159664234,442.3412780181327,68.25926715701922,92.38,141.98,234.35999999999999,49.599999999999994,-110.00542600604422,41.446808668681456,1.887443574546378,240.6729575632995
2025-04-30 16:20:20,84.68,74.45,327.32873332971735,375.9656836974818,351.6472085135996,48.63695036776443,92.38,141.98,234.35999999999999,49.599999999999994,-90.6940695045331,19.311356501511113,1.500457445865942,211.361876835175
2025-04-30 16:20:21,70.35,82.64,263.084049997288,302.63426277311135,282.85915638519964,39.550212775823354,92.38,141.98,234.35999999999999,49.599999999999994,-68.78805212839995,21.90601737613315,1.206942973110841,166.71769644889432
2025-04-30 16:20:22,58.07,56.03,211.830537497966,240.9831970798335,226.40686728889975,29.15265958186751,92.38,141.98,234.35999999999999,49.599999999999994,-56.45228909629989,12.335763032100061,0.9660644577693945,129.4475237274505
2025-04-30 16:20:23,53.98,51.93,172.3679031234745,193.7198978098751,183.0439004666748,21.351994686400616,92.38,141.98,234.35999999999999,49.599999999999994,-43.362966822224934,13.08932227407496,0.7810372917120564,102.80979256035398
2025-04-30 16:20:24,43.74,41.7,140.21092734260588,155.71492335740635,147.96292535000612,15.503996014800464,92.38,141.98,234.35999999999999,49.599999999999994,-35.0809751166687,8.281991705556237,0.6313488851282525,80.91437295610835
2025-04-30 16:20:25,35.56,37.6,114.04819550695441,126.18619251805477,120.1171940125046,12.137997011100353,92.38,141.98,234.35999999999999,49.599999999999994,-27.84573133750152,7.2352437791671775,0.5125328277008524,64.47053948924481
2025-04-30 16:20:26,33.51,31.47,93.91364663021581,102.50714438854106,98.21039550937843,8.593497758325256,92.38,141.98,234.35999999999999,49.599999999999994,-21.90679850312617,5.9389328343753505,0.4190578387537148,50.93299741043971
