time,force_left_raw,force_right_raw,force_left,force_right,dis_left,dis_right,force_avg,force_sum,force_diff,force_diff_ratio,total_delta_dis,dis_diff,left_force_rate,right_force_rate,force_rate,force_rate_diff,force_rate_ratio,left_force_acc,right_force_acc,force_acc,left_dis_rate,right_dis_rate,dis_rate_diff,stiffness_ratio,force_std_5s,force_diff_std_5s,force_rate_std_5s
2024-07-11 18:11:42,396.31,414.96,396.31,414.96,2.58,0.53,405.635,811.27,18.649999999999977,0.0459772947453318,3.1100000000000003,2.05,0.0,0.0,0.0,0.0,0.0,0.0,0.0,0.0,0.0,0.0,0.0,130.42921851150527,0.0,0.0,0.0
2024-07-11 18:11:43,394.24,406.67,395.7925,412.8875,2.58,1.02,404.34,808.6800000000001,17.09499999999997,0.0422787751835613,3.6,1.56,-0.5174999999999841,-2.072499999999991,-1.294999999999959,1.5550000000000068,1.2007712735357394,-0.5174999999999841,-2.072499999999991,-1.294999999999959,0.0,0.49,0.49,112.31663546760126,0.0,0.0,0.0
2024-07-11 18:11:44,396.31,404.6,395.921875,410.815625,2.58,1.02,403.36875,806.7375,14.893749999999956,0.0369234105593865,3.6,1.56,0.1293749999999818,-2.071875000000034,-0.9712500000000546,2.201250000000016,2.266406932914244,0.6468749999999659,0.0006249999999567,0.3237499999999045,0.0,0.0,0.0,112.04684387587668,0.0,0.0,0.0
2024-07-11 18:11:45,394.24,406.67,395.50140625,409.77921875,2.58,1.07,402.6403125,805.280625,14.277812499999982,0.035460464392868,3.65,1.51,-0.4204687499999977,-1.0364062499999704,-0.7284374999999841,0.6159374999999727,0.8455586847757033,-0.5498437499999795,1.0354687500000637,0.2428125000000704,0.0,0.05,0.05,110.31238416099062,0.0,0.0,0.0
2024-07-11 18:11:46,394.24,410.81,395.1860546875,410.0369140625,2.58,1.12,402.611484375,805.2229687500001,14.85085937499997,0.0368863281711091,3.7,1.46,-0.3153515624999841,0.2576953125000045,-0.0288281249999613,0.5730468749999886,19.87735926778065,0.1051171875000136,1.294101562499975,0.6996093750000227,0.0,0.05,0.05,108.81388528678777,1.281554679379805,1.852090002324129,0.5752118018116157
2024-07-11 18:11:47,392.17,402.53,394.432041015625,408.16018554687497,2.58,1.12,401.29611328125,802.5922265625,13.72814453124994,0.0342095127331048,3.7,1.46,-0.7540136718749864,-1.8767285156250184,-1.3153710937500591,1.1227148437500318,0.8535340297126335,-0.4386621093750023,-2.1344238281250227,-1.2865429687500978,0.0,0.0,0.0,108.45837968185684,1.1185498621761614,1.2803279033215749,0.5283978939543115
2024-07-11 18:11:48,394.24,404.6,394.3840307617188,407.2701391601562,2.58,1.18,400.82708496093744,801.6541699218749,12.886108398437443,0.0321487964505803,3.76,1.4,-0.0480102539062841,-0.8900463867187796,-0.4690283203125318,0.8420361328124955,1.7952739761587084,0.7060034179687023,0.9866821289062386,0.8463427734375273,0.0,0.0599999999999998,0.0599999999999998,106.60291977606852,1.0509453652366612,0.8416530547407424,0.4890943364759356
2024-07-11 18:11:49,394.24,404.6,394.34802307128905,406.6026043701171,2.58,1.18,400.4753137207031,800.9506274414061,12.254581298828043,0.0306000915621342,3.76,1.4,-0.0360076904296988,-0.6675347900390989,-0.3517712402343704,0.6315270996094,1.7952727002808442,0.0120025634765852,0.2225115966796806,0.1172570800781613,0.0,0.0,0.0,106.50936362003708,1.006917731495966,1.0440655437293749,0.4824389175614317
2024-07-11 18:11:50,394.24,406.67,394.3210173034668,406.6194532775878,2.58,1.18,400.4702352905273,800.9404705810546,12.298435974120991,0.030709987558723,3.76,1.4,-0.0270057678222315,0.0168489074707167,-0.0050784301757857,0.0438546752929482,8.633778549020784,0.0090019226074673,0.6843836975098156,0.3466928100585846,0.0,0.0,0.0,106.50801297407295,0.8913287696413968,1.0965137637546778,0.5321986276790699
2024-07-11 18:11:51,392.17,410.81,393.78326297760015,407.6670899581909,2.56,1.25,400.7251764678955,801.450352935791,13.883826980590698,0.0346467548366187,3.81,1.31,-0.5377543258666719,1.0476366806030342,0.2549411773682095,1.585391006469706,6.218629741205778,-0.5107485580444404,1.0307877731323174,0.2600196075439953,-0.02,0.07,0.09,105.17718406580352,0.3384276144719548,0.7700056533807796,0.597352696334914
2024-07-11 18:11:52,402.53,408.74,395.9699472332001,407.9353174686431,2.71,1.25,401.9526323509216,803.9052647018432,11.965370235443004,0.0297681100772805,3.96,1.46,2.186684255599971,0.2682275104522773,1.2274558830260958,1.9184567451476937,1.562952452079661,2.724438581466643,-0.7794091701507568,0.9725147056578862,0.1499999999999999,0.0,0.1499999999999999,101.50316435549423,0.6141009067011253,0.7626358228460601,0.676238835783822
2024-07-11 18:11:53,400.46,406.67,397.0924604249001,407.6189881014824,2.71,1.25,402.3557242631912,804.7114485263825,10.526527676582305,0.0261622415580059,3.96,1.46,1.1225131916999658,-0.3163293671607334,0.4030919122696446,1.4388425588606992,3.569505975084477,-1.0641710639000053,-0.5845568776130108,-0.8243639707564512,0.0,0.0,0.0,101.60495521672628,0.8923635242506289,1.1939940606652435,0.5896073293007271
2024-07-11 18:11:54,400.46,431.53,397.9343453186751,413.59674107611175,2.71,1.34,405.7655431973934,811.5310863947868,15.662395757436684,0.038599619857859,4.05,1.37,0.8418848937749885,5.977752974629368,3.4098189342021783,5.13586808085438,1.5061992069842414,-0.2806282979249772,6.2940823417901015,3.0067270219325337,0.0,0.09,0.09,100.1889982736778,2.1184442256691223,1.9660993136843008,1.3931718675129887
2024-07-11 18:11:55,419.1,435.67,403.2257589890063,419.1150558070838,3.08,1.97,411.1704073980451,822.3408147960902,15.889296818077526,0.0386440670183041,5.05,1.11,5.291413670331224,5.518314730972065,5.404864200651673,0.2269010606408414,0.0419808916998491,4.449528776556235,-0.4594382436573028,1.9950452664494944,0.3700000000000001,0.6299999999999999,0.2599999999999998,81.41986653033238,4.22421406891963,2.328739298508297,2.217814893304883
2024-07-11 18:11:56,437.74,446.03,411.8543192417547,425.8437918553129,4.13,2.6,418.8490555485338,837.6981110970676,13.989472613558178,0.0333997949734838,6.73,1.5299999999999998,8.6285602527484,6.728736048229052,7.678648150488698,1.899824204519348,0.2474164618393114,3.3371465824171764,1.210421317256987,2.273783949837025,1.0499999999999998,0.6300000000000001,0.4199999999999997,62.23610598995955,7.091774237149642,2.3325990361892432,2.990618333184885
2024-07-11 18:11:57,458.46,439.82,423.505739431316,429.3378438914846,5.15,3.21,426.42179166140033,852.8435833228007,5.83210446016858,0.013676844290178,8.36,1.9400000000000004,11.65142018956135,3.494052036171752,7.572736112866551,8.157368153389598,1.0772020779025488,3.0228599368129494,-3.2346840120573006,-0.1059120376221471,1.0200000000000005,0.6099999999999999,0.4100000000000006,51.0073852456956,9.789063350276423,4.242345571897857,3.064389150510502
2024-07-11 18:11:58,481.25,448.1,437.9418045734871,434.0283829186135,6.2,3.82,435.9850937460503,871.9701874921005,3.91342165487356,0.008976044598848,10.02,2.3800000000000003,14.436065142171003,4.690539027128864,9.563302084649932,9.74552611504214,1.0190544029379025,2.784644952609653,1.196486990957112,1.9905659717833828,1.0499999999999998,0.6099999999999999,0.4399999999999999,43.51148205933815,12.020970406878789,5.733463234662242,2.3673424047328946
2024-07-11 18:11:59,483.32,462.6,449.2863534301153,441.17128718896015,7.22,4.43,445.2288203095377,890.4576406190754,8.115066241155148,0.0182267316327064,11.65,2.79,11.34454885662825,7.142904270346662,9.243726563487428,4.2016445862815885,0.4545400713536837,-3.0915162855427525,2.4523652432177983,-0.3195755211625055,1.0199999999999996,0.6099999999999999,0.4099999999999997,38.21706284055579,13.499629973205945,5.185276660363182,1.6548191848671443
2024-07-11 18:12:00,491.61,483.32,459.8672650725865,451.7084653917201,8.25,5.05,455.7878652321533,911.5757304643066,8.158799680866423,0.017900431945046,13.3,3.2,10.580911642471222,10.537178202759948,10.559044922615612,0.0437334397112749,0.0041417984192687,-0.7636372141570291,3.3942739324132845,1.3153183591281843,1.0300000000000002,0.6200000000000001,0.4100000000000001,34.26976172649561,14.676468932131948,3.7852383575255697,1.280733984775826
2024-07-11 18:12:01,501.96,475.03,470.3904488044399,457.5388490437901,9.29,5.64,463.96464892411495,927.92929784823,12.851599760649776,0.027699523579548,14.93,3.65,10.52318373185335,5.830383652069997,8.176783691961646,4.692800079783353,0.5739175307375656,-0.0577279106178707,-4.706794550689949,-2.3822612306539668,1.0399999999999991,0.5899999999999999,0.4499999999999993,31.07599583711448,15.01137855780934,3.343704515740929,1.1746731326941342
2024-07-11 18:12:02,533.04,477.1,486.05283660332987,462.4291367828425,10.32,6.23,474.2409866930862,948.4819733861724,23.62369982048733,0.0498137032300882,16.55,4.09,15.662387798889997,4.89028773905244,10.276337768971246,10.772100059837555,1.0482429882871545,5.139204067036644,-0.940095913017558,2.0995540770096,1.0300000000000011,0.5900000000000007,0.4400000000000004,28.655042781754887,15.06847071770611,7.563865319857664,0.9386804584149252
2024-07-11 18:12:03,535.11,495.75,498.3171274524974,470.7593525871319,11.34,6.83,484.5382400198147,969.0764800396294,27.557774865365506,0.0568743032693647,18.17,4.51,12.264290849167535,8.330215804289367,10.29725332672848,3.9340750448781705,0.3820508768698207,-3.398096949722458,3.439928065236927,0.0209155577572346,1.0199999999999996,0.5999999999999996,0.4199999999999999,26.66693524231587,15.35957634180738,9.017387970009656,0.9943142616849856
2024-07-11 18:12:04,535.11,514.39,507.51534558937306,481.6670144403489,12.37,7.42,494.591180014861,989.182360029722,25.848331149024148,0.0522620138434039,19.79,4.949999999999999,9.198218136875653,10.907661853217007,10.052939995046302,1.7094437163413545,0.1700441410313362,-3.0660727122918843,2.5774460489276407,-0.2443133316821786,1.0299999999999994,0.5899999999999999,0.4399999999999995,24.991973472606745,15.536641116686289,8.587776639521614,0.9647352808163075
2024-07-11 18:12:05,543.39,518.54,516.4840091920298,490.8852608302617,13.4,8.0,503.68463501114576,1007.3692700222916,25.59874836176812,0.0508229684440913,21.4,5.4,8.968663602656761,9.218246389912792,9.093454996284777,0.2495827872560312,0.0274464172211314,-0.2295545342188916,-1.6894154633042149,-0.9594849987615248,1.0300000000000011,0.5800000000000001,0.450000000000001,23.5366640875926,15.78284932764874,5.894334449817673,0.925844320476289
2024-07-11 18:12:06,555.82,518.54,526.3180068940223,497.7989456226962,14.42,8.57,512.0584762583593,1024.1169525167186,28.51906127132611,0.0556949304384561,22.99,5.85,9.83399770199253,6.9136847924345375,8.373841247213534,2.9203129095579925,0.3487422885867896,0.8653340993357688,-2.304561597478255,-0.7196137490712431,1.0199999999999996,0.5700000000000003,0.4499999999999993,22.273094997184177,15.000304601907963,1.89339224859023,0.8525024974416374
2024-07-11 18:12:07,580.68,530.96,539.9085051705167,506.0892092170222,15.45,9.15,522.9988571937695,1045.997714387539,33.81929595349453,0.0646641869741225,24.6,6.299999999999999,13.590498276494372,8.29026359432595,10.94038093541019,5.300234682168423,0.4844652328830877,3.7565005745018425,1.3765788018914122,2.566539688196656,1.0299999999999994,0.5800000000000001,0.4499999999999993,21.26011528185586,14.936322062390692,3.3303167214553864,1.0165035023820752
2024-07-11 18:12:08,553.75,553.75,543.3688788778875,518.0044069127666,16.29,9.71,530.686642895327,1061.373285790654,25.364471965120856,0.0477955725038442,26.0,6.579999999999998,3.4603737073707634,11.91519769574444,7.687785701557573,8.454823988373676,1.099773487037654,-10.130124569123607,3.624934101418489,-3.2525952338526167,0.8399999999999999,0.5600000000000005,0.2799999999999993,20.411023941703966,14.484038329959224,3.582275647243516,1.2973733040101498
2024-07-11 18:12:09,553.75,555.82,545.9641591584157,527.458305184575,16.29,10.27,536.7112321714953,1073.422464342991,18.505853973840654,0.0344800943786609,26.56,6.02,2.5952802805281863,9.453898271808384,6.024589276168285,6.858617991280198,1.1384372508137377,-0.8650934268425772,-2.4612994239360546,-1.6631964253892877,0.0,0.5599999999999987,0.5599999999999987,20.20750045045161,13.455316420232943,5.557895747826271,1.8084552952003847
2024-07-11 18:12:10,547.54,551.68,546.3581193688117,533.5137288884313,16.29,10.82,539.9359241286215,1079.871848257243,12.844390480380412,0.0237887310004806,27.11,5.469999999999999,0.3939602103960169,6.055423703856263,3.224691957126197,5.661463493460246,1.7556597073681293,-2.2013200701321693,-3.398474567952121,-2.7998973190420884,0.0,0.5500000000000007,0.5500000000000007,19.91648484736764,11.220182778179073,8.26371892591689,2.862617808388296
2024-07-11 18:12:11,543.39,553.75,545.6160895266088,538.5727966663235,16.29,11.38,542.0944430964662,1084.1888861929324,7.043292860285305,0.0129927412778131,27.67,4.909999999999998,-0.7420298422028964,5.05906777789221,2.158518967844657,5.801097620095106,2.687534841703441,-1.1359900525989133,-0.9963559259640532,-1.06617298928154,0.0,0.5600000000000005,0.5600000000000005,19.591413932238968,7.728701381118978,10.486754621631494,3.525465980704173
2024-07-11 18:12:12,543.39,574.47,545.0595671449565,547.5470974997427,16.29,11.92,546.3033323223497,1092.606664644699,2.487530354786145,0.0045533867414979,28.21,4.369999999999999,-0.5565223816522575,8.974300833419193,4.208889225883468,9.53082321507145,2.2644504141399606,0.1855074605506388,3.915233055526983,2.050370258038811,0.0,0.5399999999999991,0.5399999999999991,19.365590675532044,5.87438335704209,9.067840336510736,2.210803225330672
2024-07-11 18:12:13,549.61,574.47,546.1971753587175,554.277823124807,16.29,12.48,550.2374992417622,1100.4749984835244,8.080647766089555,0.0146857452691594,28.77,3.809999999999999,1.1376082137609274,6.730725625064338,3.934166919412519,5.59311741130341,1.4216773472492297,1.694130595413185,-2.243575208354855,-0.2747223064709487,0.0,0.5600000000000005,0.5600000000000005,19.125390341201665,5.315887538994226,6.105074371780233,1.4229142093948115
2024-07-11 18:12:14,547.54,568.25,546.532881519038,557.7708673436052,16.29,13.02,552.1518744313216,1104.3037488626433,11.237985824567204,0.0203530700964992,29.31,3.27,0.3357061603205693,3.493044218798218,1.9143751895594503,3.1573380584776487,1.6492777520411164,-0.801902053440358,-3.23768140626612,-2.0197917298530683,0.0,0.5399999999999991,0.5399999999999991,18.83834375956936,5.191719206214776,4.021441339977726,1.0286405963298526
2024-07-11 18:12:15,547.54,578.61,546.7846611392786,562.9806505077039,16.29,13.56,554.8826558234912,1109.7653116469824,16.19598936842533,0.0291881340482719,29.85,2.729999999999998,0.2517796202405407,5.209783164098667,2.730781392169547,4.958003543858126,1.815598180973732,-0.0839265400800286,1.716738945300449,0.8164062026100964,0.0,0.5400000000000009,0.5400000000000009,18.589033073181174,5.023454024091659,5.095993590825628,1.035937221389281
2024-07-11 18:12:16,547.54,595.18,546.9734958544589,571.0304878807779,16.29,14.1,559.0019918676184,1118.0039837352367,24.056992026318994,0.0430356104866626,30.39,2.1899999999999995,0.1888347151802918,8.049837373073956,4.119336044127181,7.861002657893664,1.9083174243051724,-0.0629449050602488,2.840054208975289,1.3885546519576335,0.0,0.5399999999999991,0.5399999999999991,18.3942735595046,4.785147377594071,8.193876278727755,1.0136944310843268
2024-07-11 18:12:17,547.54,601.39,547.1151218908442,578.6203659105834,16.29,14.64,562.8677439007138,1125.7354878014276,31.50524401973917,0.0559727294824763,30.93,1.6499999999999986,0.1416260363853325,7.589878029805504,3.8657520330954185,7.448251993420172,1.926727323151356,-0.0472086787949592,-0.4599593432684514,-0.2535840110317622,0.0,0.5400000000000009,0.5400000000000009,18.198115929602256,5.130630845150564,9.568433547140495,0.9535054753851856
2024-07-11 18:12:18,543.39,595.18,546.1838414181332,582.7602744329375,16.29,15.18,564.4720579255354,1128.9441158510708,36.576433014804365,0.0647975970403691,31.47,1.1099999999999994,-0.9312804727110232,4.139908522354176,1.6043140248216332,5.071188995065199,3.160968336395785,-1.072906509096356,-3.4499695074513284,-2.2614380082737853,0.0,0.5399999999999991,0.5399999999999991,17.93682999646347,5.201560988729047,10.46701562561747,1.1274150644205505
2024-07-11 18:12:19,543.39,603.47,545.4853810635999,587.9377058247032,16.29,15.7,566.7115434441516,1133.4230868883033,42.45232476110334,0.0749099346524551,31.99,0.5899999999999999,-0.6984603545332675,5.177431391765708,2.2394855186162204,5.875891746298976,2.623767411616164,0.2328201181777558,1.0375228694115322,0.6351714937945871,0.0,0.5199999999999996,0.5199999999999996,17.715271201277915,4.6865581018589175,10.323780890456602,1.067995992893338
2024-07-11 18:12:20,543.39,613.82,544.9615357976999,594.4082793685275,16.29,16.24,569.6849075831137,1139.3698151662277,49.44674357082761,0.0867966534233961,32.53,0.0500000000000007,-0.5238452659000359,6.47057354382423,2.973364138962097,6.994418809724266,2.352357844676213,0.1746150886332316,1.2931421520585218,0.7338786203458767,0.0,0.5399999999999991,0.5399999999999991,17.512600371057896,4.020446899860911,9.776979193924925,1.063208584424279
2024-07-11 18:12:21,537.18,622.11,543.0161518482748,601.3337095263956,16.29,16.76,572.1749306873353,1144.3498613746706,58.31755767812081,0.1019226017227689,33.05,0.4700000000000024,-1.945383949425036,6.925430157868163,2.490023104221564,8.8708141072932,3.562541459841173,-1.421538683525,0.4548566140439334,-0.4833410347405333,0.0,0.5200000000000031,0.5200000000000031,17.31240282526271,3.787209528341031,10.579507211138257,0.846906664357774
2024-07-11 18:12:22,543.39,615.89,543.1096138862061,604.9727821447967,16.29,17.28,574.0411980155014,1148.0823960310029,61.863168258590576,0.1077678193911653,33.57,0.990000000000002,0.0934620379313173,3.6390726184010873,1.8662673281661453,3.54561058046977,1.8998396570089144,2.0388459873563534,-3.286357539467076,-0.6237557760554182,0.0,0.5199999999999996,0.5199999999999996,17.099826658197046,3.8997791830132615,10.571435884401602,0.5347818737301913
2024-07-11 18:12:23,543.39,615.89,543.1797104146546,607.7020866085975,16.29,17.81,575.4408985116261,1150.881797023252,64.52237619394293,0.1121268513390389,34.099999999999994,1.5199999999999996,0.0700965284484027,2.729304463800758,1.3997004961246375,2.659207935352356,1.899839317679464,-0.0233655094829146,-0.9097681546003288,-0.4665668320415079,0.0,0.5299999999999976,0.5299999999999976,16.8750991682266,3.485918419226884,9.172708660792129,0.5990465776825633
2024-07-11 18:12:24,543.39,630.39,543.2322828109909,613.3740649564481,16.29,18.33,578.3031738837195,1156.606347767439,70.14178214545723,0.121288945300293,34.62,2.039999999999999,0.0525723963363589,5.671978347850654,2.8622753720934497,5.619405951514295,1.963264626121446,-0.0175241321120438,2.942673884049896,1.4625748759688122,0.0,0.5199999999999996,0.5199999999999996,16.704308410728228,3.260402669288354,7.70222771340004,0.6713169217374656
2024-07-11 18:12:25,543.39,640.75,543.2717121082432,620.2180487173362,16.29,18.83,581.7448804127896,1163.4897608255792,76.94633660909301,0.1322681798630112,35.12,2.539999999999999,0.0394292972522407,6.843983760888023,3.441706529070075,6.804554463635782,1.9770867821166445,-0.0131430990841181,1.1720054130373685,0.5794311569766251,0.0,0.5,0.5,16.564489289530194,3.75857204399724,7.32549689519488,0.8049387377343349
2024-07-11 18:12:26,545.46,624.18,543.8187840811823,621.2085365380021,16.29,19.35,582.5136603095923,1165.0273206191846,77.38975245681979,0.1328548283019391,35.64,3.0600000000000023,0.5470719729391931,0.990487820665976,0.7687798968026982,0.4434158477267829,0.5767779214740064,0.5076426756869523,-5.853495940222047,-2.6729266322673766,0.0,0.5200000000000031,0.5200000000000031,16.344378337968966,3.737474210311392,7.05236541636256,1.0831938707209
2024-07-11 18:12:27,543.39,634.54,543.7115880608867,624.5414024035016,16.29,19.86,584.1264952321942,1168.2529904643884,80.8298143426149,0.1383772433950411,36.15,3.5700000000000003,-0.1071960202956461,3.332865865499457,1.6128349226019054,3.440061885795103,2.132927371958226,-0.6542679932348392,2.342378044833481,0.8440550257992072,0.0,0.509999999999998,0.509999999999998,16.158408826384107,3.505319653235352,6.54834153254728,1.100765715794456
2024-07-11 18:12:28,543.39,638.68,543.631191045665,628.0760518026261,16.29,20.38,585.8536214241456,1171.7072428482911,84.44486075696113,0.1441398627997641,36.67,4.09,-0.0803970152217061,3.5346493991245325,1.7271261919513563,3.615046414346239,2.0930979670708902,0.0267990050739399,0.2017835336250755,0.1142912693494508,0.0,0.5199999999999996,0.5199999999999996,15.976373205556923,2.831768664253143,5.309567524276139,1.0639817136082836
2024-07-11 18:12:29,620.04,657.32,562.7333932842487,635.3870388519696,17.28,20.88,599.0602160681092,1198.1204321362184,72.6536455677209,0.1212793697490024,38.16,3.599999999999998,19.102202238583686,7.310987049343453,13.206594643963626,11.791215189240232,0.8928277587290011,19.182599253805392,3.77633765021892,11.47946845201227,0.990000000000002,0.5,0.490000000000002,15.698642567334034,7.10958480649522,4.432400123611396,5.1542155022254015
2024-07-11 18:12:30,646.97,655.25,583.7925449631865,640.3527791389772,18.29,21.39,612.0726620510818,1224.1453241021636,56.5602341757907,0.0924077116822163,39.68,3.1000000000000014,21.05915167893784,4.965740287007634,13.012445982972622,16.093411391930204,1.2367705638293216,1.9569494403541512,-2.345246762335819,-0.1941486609910043,1.009999999999998,0.5100000000000016,0.4999999999999964,15.425217908917942,12.64800947750586,10.868353100900457,6.441239178721337
2024-07-11 18:12:31,646.97,649.04,599.5869087223898,642.524584354233,19.32,21.91,621.0557465383114,1242.1114930766228,42.93767563184315,0.069136588465747,41.23,2.59,15.794363759203293,2.1718052152557448,8.983084487229576,13.622558543947548,1.5164676505988377,-5.264787919734545,-2.793935071751889,-4.029361495743046,1.0300000000000011,0.5199999999999996,0.5100000000000016,15.06319989025252,16.133229045758547,17.42381621076161,5.764534210422792
2024-07-11 18:12:32,651.11,659.39,612.4676815417923,646.7409382656747,20.32,22.39,629.6043099037336,1259.2086198074671,34.273256723882355,0.0544361849662156,42.71,2.0700000000000003,12.880772819402525,4.216353911441729,8.548563365422183,8.664418907960794,1.0135525145025788,-2.9135909398007698,2.044548696185984,-0.4345211218073928,1.0,0.4800000000000004,0.5199999999999996,14.74137895486665,17.41029262647536,20.65074823217681,4.659621081435703
2024-07-11 18:12:33,671.82,671.82,627.3057611563443,653.010703699256,21.35,22.9,640.1582324278002,1280.3164648556003,25.704942542911795,0.0401540450480059,44.25,1.5499999999999972,14.83807961455193,6.2697654335813695,10.553922524066593,8.56831418097056,0.8118605522800922,1.9573067951494068,2.0534115221396405,2.00535915864441,1.0300000000000011,0.509999999999998,0.5200000000000031,14.466852383298257,15.813503182724642,18.57290965705404,2.185106431014473
2024-07-11 18:12:34,698.75,667.68,645.1668208672581,656.6780277744421,22.38,23.4,650.92242432085,1301.8448486417,11.51120690718392,0.0176844528002086,45.78,1.0199999999999996,17.861059710913878,3.667324075186002,10.764191893049883,14.193735635727876,1.318606585440544,3.022980096361948,-2.6024413583953674,0.2102693689832904,1.0299999999999976,0.5,0.5299999999999976,14.218488643564031,15.32624257561142,17.05344331375692,1.761595282789992
2024-07-11 18:12:35,700.82,669.75,659.0801156504436,659.9460208308316,23.4,23.89,659.5130682406376,1319.0261364812752,0.8659051803879265,0.0013129462034542,47.29,0.490000000000002,13.913294783185506,3.267993056389514,8.590643919787567,10.645301726795992,1.239173755427344,-3.947764927728372,-0.399331018796488,-2.173547973262316,1.0199999999999996,0.490000000000002,0.5299999999999976,13.94614198127502,15.54610032236766,16.983869500660795,1.0848485311689895
2024-07-11 18:12:36,709.11,671.82,671.5875867378328,662.9145156231237,24.41,24.37,667.2510511804783,1334.5021023609563,8.673071114709046,0.0129982127212339,48.78,0.0399999999999991,12.507471087389147,2.9684947922921765,7.737982939840663,9.538976295096973,1.232746975085269,-1.4058236957963572,-0.2994982640973376,-0.8526609799469043,1.0100000000000016,0.4800000000000004,0.5300000000000011,13.678783056615318,15.004093040619289,13.516289092117926,1.3421393467489038
2024-07-11 18:12:37,723.61,694.61,684.5931900533747,670.8383867173428,25.42,24.86,677.7157883853588,1355.4315767707176,13.75480333603184,0.0202958283567607,50.28,0.5600000000000023,13.005603315541862,7.923871094219066,10.46473720488052,5.081732221322795,0.4856052890986598,0.4981322281527127,4.95537630192689,2.726754265039858,1.0100000000000016,0.4899999999999984,0.5200000000000031,13.47883402757607,14.48119821579876,9.029510247883977,1.3689871363422603
2024-07-11 18:12:38,744.32,698.75,699.524892540031,677.8162900380071,26.43,25.35,688.6705912890191,1377.341182578038,21.70860250202395,0.0315224764133871,51.78,1.0799999999999983,14.931702486656375,6.977903320664268,10.954802903660266,7.953799165992109,0.7260558231749409,1.9260991711145152,-0.9459677735547984,0.4900656987797447,1.009999999999998,0.490000000000002,0.519999999999996,13.299933912496815,14.854163332674007,7.585854054785172,1.4467212079013552
2024-07-11 18:12:39,758.82,696.68,714.3486694050233,682.5322175285053,27.45,25.83,698.4404434667642,1396.8808869335285,31.816451876518045,0.045553564557403,53.28,1.620000000000001,14.823776864992285,4.7159274904981885,9.76985217774518,10.107849374494094,1.0345958317489192,-0.1079256216640942,-2.2619758301660795,-1.1849507259150869,1.0199999999999996,0.4799999999999969,0.5400000000000027,13.108866936146722,15.72064208906415,11.921513641687174,1.3277384177428158
2024-07-11 18:12:40,767.1,698.75,727.5365020537674,686.5866631463789,28.46,26.3,707.0615826000732,1414.1231652001463,40.94983890738854,0.0579155194642147,54.760000000000005,2.16,13.18783264874412,4.0544456178736255,8.62113913330893,9.133387030870496,1.0594175352262785,-1.6359442162481628,-0.661481872624563,-1.1487130444362492,1.0100000000000016,0.4700000000000024,0.5399999999999991,12.912008211980732,15.881847046635029,13.149189096838114,1.3225561779648576
2024-07-11 18:12:41,756.75,721.53,734.8398765403256,695.3224973597842,29.47,26.79,715.0811869500549,1430.1623739001095,39.51737918054141,0.0552627867247173,56.26,2.68,7.303374486558141,8.735834213405269,8.019604349981705,1.432459726847128,0.1786197280705834,-5.884458162185979,4.681388595531644,-0.6015347833272244,1.009999999999998,0.4899999999999984,0.5199999999999996,12.710294600777823,14.754013448216943,11.677087924822928,1.2310726358684208
2024-07-11 18:12:42,765.03,731.89,742.3874074052442,704.464373019838,30.47,27.25,723.4258902125412,1446.8517804250823,37.92303438540614,0.0524214502771568,57.72,3.219999999999999,7.547530864918599,9.14187566005387,8.344703262486291,1.594344795135271,0.1910606709338598,0.2441563783604579,0.4060414466486008,0.3250989125045862,1.0,0.4600000000000008,0.5399999999999991,12.533365864157576,13.631541663060064,7.893740992758842,1.209049507653102
2024-07-11 18:12:43,787.82,723.61,753.7455555539332,709.2507797648785,31.48,27.7,731.4981676594059,1462.9963353188118,44.49477578905464,0.0608269134434045,59.18,3.780000000000001,11.358148148688995,4.786406745040495,8.072277446864746,6.571741403648503,0.8141123286202983,3.810617283770398,-4.355468915013375,-0.2724258156215455,1.0100000000000016,0.4499999999999993,0.5600000000000023,12.360563624515754,13.042025072379491,4.663890803532774,0.7147694780408677
2024-07-11 18:12:44,787.82,733.96,762.2641666654499,715.4280848236589,32.49,28.17,738.8461257445545,1477.692251489109,46.83608184179104,0.0633908470876831,60.66,4.32,8.518611111516748,6.177305058780348,7.347958085148548,2.3413060527364,0.3186335179068389,-2.8395370371722493,1.3908983137398536,-0.7243193617161978,1.0100000000000016,0.4700000000000024,0.5399999999999991,12.180120566508966,12.649841795353847,3.656635440523882,0.4749961996112328
2024-07-11 18:12:45,787.82,752.6,768.6531249990875,724.7210636177441,33.5,28.62,746.6870943084158,1493.3741886168316,43.932061381343374,0.0588359724674194,62.120000000000005,4.879999999999999,6.388958333637561,9.29297879408523,7.840968563861338,2.9040204604476685,0.3703649704026607,-2.129652777879187,3.115673735304881,0.4930104787127902,1.009999999999998,0.4499999999999993,0.5599999999999987,12.020075374892794,12.435961434127483,3.696887486441116,0.3697397934081258
2024-07-11 18:12:46,796.1,767.1,775.5148437493156,735.315797713308,34.51,29.09,755.4153207313118,1510.8306414626236,40.19904603600753,0.0532144965551885,63.6,5.419999999999998,6.861718750228079,10.594734095563922,8.728226422896,3.733015345335843,0.4276945552018213,0.4727604165905177,1.301755301478693,0.887257859034662,1.009999999999998,0.4699999999999988,0.5399999999999991,11.877599195813092,12.52253917302525,3.5678387915282617,0.5202111761453024
2024-07-11 18:12:47,816.81,756.75,785.8386328119867,740.6743482849811,35.51,29.52,763.256490548484,1526.512981096968,45.164284527005634,0.0591731416989025,65.03,5.989999999999998,10.323789062671151,5.3585505716730495,7.841169817172158,4.965238490998104,0.6332266707063995,3.4620703124430747,-5.2361835238908725,-0.887056605723842,1.0,0.4299999999999997,0.5700000000000003,11.73699029388734,12.667700969990166,2.450364806554478,0.5013669281258034
2024-07-11 18:12:48,798.17,765.03,788.92147460899,746.7632612137359,36.11,29.97,767.842367911363,1535.684735822726,42.158213395254165,0.0549047761652245,66.08,6.140000000000001,3.0828417970033115,6.08891292875478,4.585877362879046,3.006071131751469,0.6555060762371021,-7.240947265667842,0.7303623570817308,-3.2552924542931123,0.6000000000000014,0.4499999999999993,0.1500000000000021,11.619890379713569,11.848808223939706,2.581565865680435,1.5802886942049603
2024-07-11 18:12:49,794.03,769.17,790.1986059567425,752.3649459103019,36.11,30.42,771.2817759335222,1542.5635518670445,37.83366004644063,0.0490529676415543,66.53,5.689999999999998,1.2771313477525157,5.601684696566053,3.439408022159228,4.324553348813538,1.257353609574073,-1.805710449250796,-0.4872282321887269,-1.1464693407198183,0.0,0.4500000000000028,0.4500000000000028,11.592992098910718,9.91991845819928,2.927064010686508,2.323369681334418
2024-07-11 18:12:50,787.82,779.53,789.603954467557,759.1562094327264,36.11,30.87,774.3800819501416,1548.7601639002833,30.44774503483052,0.0393188638308391,66.98,5.239999999999998,-0.5946514891855941,6.791263522424515,3.098306016619404,7.385915011610109,2.3838551092554283,-1.871782836938109,1.1895788258584616,-0.3411020055398239,0.0,0.4499999999999993,0.4499999999999993,11.561362651370244,7.418431469739615,5.562888085806353,2.58577196350506
2024-07-11 18:12:51,791.96,777.46,790.1929658506677,763.7321570745448,36.11,31.3,776.9625614626063,1553.9251229252127,26.46080877612292,0.0340567358770216,67.41,4.809999999999999,0.589011383110801,4.575947641818402,2.5824795124647157,3.986936258707601,1.5438398235588138,1.183662872296395,-2.215315880606113,-0.5158265041546883,0.0,0.4299999999999997,0.4299999999999997,11.525924194283968,5.4005339083802175,7.846035778287177,2.1068772395680475
2024-07-11 18:12:52,789.89,775.39,790.1172243880007,766.6466178059086,36.11,31.73,778.3819210969547,1556.763842193909,23.47060658209216,0.0301530725673362,67.84,4.379999999999999,-0.075741462666997,2.9144607313637607,1.419359634348325,2.9902021940307577,2.106724761606241,-0.664752845777798,-1.6614869104546417,-1.1631198781163905,0.0,0.4299999999999997,0.4299999999999997,11.473789941379197,4.276755362777283,7.794806647195847,1.160533417385599
2024-07-11 18:12:53,789.89,789.89,790.0604182910005,772.4574633544314,36.11,32.17,781.2589408227159,1562.5178816454318,17.602954936569063,0.0225315244335002,68.28,3.9399999999999977,-0.0568060970002761,5.8108455485228205,2.877019725761216,5.867651645523097,2.0394888340509283,0.0189353656667208,2.89638481715906,1.4576600914128903,0.0,0.4400000000000013,0.4400000000000013,11.441987835101466,3.81169267664899,7.585740552718568,0.772846473227392
2024-07-11 18:12:54,785.74,800.24,788.9803137182503,779.4030975158234,36.11,32.58,784.1917056170369,1568.3834112340735,9.577216202426824,0.0122128506608957,68.69,3.530000000000001,-1.0801045727502014,6.945634161392036,2.932764794320974,8.025738734142237,2.7365767664377865,-1.0232984757499253,1.1347886128692153,0.0557450685597586,0.0,0.4099999999999966,0.4099999999999966,11.416388036113682,3.805499349304966,8.153129535444096,0.6760875185777603
2024-07-11 18:12:55,785.74,794.03,788.1702352886878,783.0598231368676,36.11,33.01,785.6150292127777,1571.2300584255554,5.110412151820128,0.0065049826636285,69.12,3.1000000000000014,-0.810078429562509,3.656725621044188,1.4233235957408397,4.466804050606697,3.1382890901858747,0.2700261431876924,-3.2889085403478475,-1.5094411985801344,0.0,0.4299999999999997,0.4299999999999997,11.365958012830143,3.6847682280945016,9.036810376150653,0.765371822138572
2024-07-11 18:12:56,785.74,798.17,787.5626764665158,786.8373673526507,36.11,33.43,787.2000219095833,1574.4000438191665,0.7253091138650234,0.0009213784206766,69.53999999999999,2.68,-0.6075588221719954,3.777544215783109,1.584992696805557,4.385103037955105,2.7666375246746853,0.2025196073905135,0.120818594738921,0.1616691010647173,0.0,0.4200000000000017,0.4200000000000017,11.320103689811328,3.525398362823033,9.232469037774193,0.7857904045102024
2024-07-11 18:12:57,787.82,804.39,787.6270073498869,791.225525514488,36.11,33.84,789.4262664321875,1578.852532864375,3.59851816460116,0.0045583967915157,69.95,2.269999999999996,0.0643308833710989,4.388158161837282,2.2262445226042478,4.323827278466183,1.942205940254154,0.6718897055430944,0.6106139460541726,0.6412518257986903,0.0,0.4100000000000037,0.4100000000000037,11.28557905856481,3.08260123157757,6.57753371471417,0.7030390540355359
2024-07-11 18:12:58,787.82,816.81,787.6752555124152,797.621644135866,36.11,34.25,792.6484498241406,1585.2968996482812,9.94638862345073,0.012548297562569,70.36,1.8599999999999997,0.0482481625283526,6.396118621377923,3.222183391953081,6.34787045884957,1.970051892344342,-0.0160827208427463,2.007960459540641,0.9959388693488336,0.0,0.4099999999999966,0.4099999999999966,11.265611690712465,3.3280902947332884,3.953924844283831,0.7958656722438858
2024-07-11 18:12:59,783.67,816.81,786.6739416343114,802.4187331018994,36.11,34.67,794.5463373681055,1589.092674736211,15.744791467588016,0.0198160770584202,70.78,1.4399999999999975,-1.0013138781038151,4.797088966033471,1.8978875439648848,5.798402844137286,3.055186176541129,-1.0495620406321675,-1.5990296553444523,-1.3242958479881963,0.0,0.4200000000000017,0.4200000000000017,11.225576803370002,3.7086685846254657,5.908929775133077,0.7132635877451925
2024-07-11 18:13:00,787.82,812.67,786.9604562257335,804.9815498264246,36.11,35.08,795.9710030260791,1591.942006052158,18.021093600691074,0.0226403895487889,71.19,1.0300000000000011,0.286514591422133,2.562816724525192,1.4246656579736054,2.276302133103058,1.5977787648521156,1.287828469525948,-2.234272241508279,-0.4732218859912791,0.0,0.4099999999999966,0.4099999999999966,11.180938219485054,3.61691975584535,7.476144169611406,0.7129591462559722
2024-07-11 18:13:01,787.82,825.1,787.1753421693002,810.0111623698184,36.11,35.5,798.5932522695593,1597.1865045391187,22.83582020051824,0.0285950577556534,71.61,0.6099999999999994,0.2148859435666281,5.029612543393796,2.622249243480269,4.814726599827168,1.8361049300302583,-0.0716286478555048,2.4667958188686043,1.1975835855066634,0.0,0.4200000000000017,0.4200000000000017,11.15197934810194,3.454925434796137,7.44821287578356,0.6865368417256771
2024-07-11 18:13:02,783.67,835.45,786.2990066269751,816.3708717773638,36.11,35.91,801.3349392021695,1602.669878404339,30.071865150388703,0.0375272107101705,72.02,0.2000000000000028,-0.8763355423250232,6.359709407545438,2.7416869326101505,7.236044949870461,2.639266440138422,-1.0912214858916514,1.330096864151642,0.1194376891298816,0.0,0.4099999999999966,0.4099999999999966,11.12656106742028,3.413900025538656,7.587776030313656,0.7148174733455694
2024-07-11 18:13:03,781.6,829.24,785.1242549702314,819.588153833023,36.11,36.31,802.3562044016271,1604.7124088032542,34.46389886279155,0.042953364890523,72.42,0.2000000000000028,-1.1747516567437517,3.2172820556590978,1.0212651994576163,4.392033712402849,4.300576788632986,-0.2984161144187283,-3.14242735188634,-1.7204217331525342,0.0,0.4000000000000057,0.4000000000000057,11.079207309064069,3.351303984958332,7.927059082543996,0.7449111554751847
2024-07-11 18:13:04,785.74,827.17,785.2781912276735,821.4836153747672,36.11,36.72,803.3809033012203,1606.7618066024406,36.20542414709371,0.0450663240229553,72.83,0.6099999999999994,0.1539362574420693,1.895461541744225,1.0246988995932045,1.7415252843021565,1.6995466526282716,1.3286879141858208,-1.3218205139148722,0.0034337001355879,0.0,0.4099999999999966,0.4099999999999966,11.030906113831035,3.018299513057729,7.732078295891515,0.8523188906634949
2024-07-11 18:13:05,785.74,841.67,785.3936434207551,826.5302115310753,36.11,37.12,805.9619274759152,1611.9238549518304,41.13656811032024,0.0510403365927098,73.22999999999999,1.009999999999998,0.1154521930816372,5.046596156308169,2.581024174694903,4.931143963226532,1.910536949260648,-0.038484064360432,3.151134614563944,1.556325275101699,0.0,0.3999999999999986,0.3999999999999986,11.005898080977977,2.704131444488847,6.900898518730286,0.8921883617994427
2024-07-11 18:13:06,783.67,849.95,784.9627325655663,832.3851586483065,36.11,37.51,808.6739456069364,1617.3478912138728,47.42242608274023,0.0586422083729999,73.62,1.3999999999999986,-0.430910855188813,5.854947117231177,2.712018131021182,6.28585797241999,2.3177778875229085,-0.5463630482704502,0.8083509609230077,0.1309939563262787,0.0,0.3900000000000005,0.3900000000000005,10.984432689792229,2.9706658583437413,6.653984892259807,0.9086377413187516
2024-07-11 18:13:07,783.67,835.45,784.6395494241747,833.15136898623,36.11,37.91,808.8954592052023,1617.7909184104046,48.51181956205528,0.0599729160919616,74.02,1.7999999999999972,-0.3231831413916097,0.7662103379234395,0.2215135982659148,1.0893934793150493,4.917930862539805,0.1077277137972032,-5.088736779307737,-2.490504532755267,0.0,0.3999999999999986,0.3999999999999986,10.928066039950505,2.9818197675824964,6.362007280662345,1.08702510398364
2024-07-11 18:13:08,783.67,843.74,784.397162068131,835.7985267396725,36.11,38.3,810.0978444039017,1620.1956888078034,51.4013646715415,0.0634508102486232,74.41,2.1899999999999977,-0.2423873560436504,2.6471577534425705,1.2023851986994032,2.889545109486221,2.4031755459367243,0.0807957853479592,1.880947415519131,0.9808716004334884,0.0,0.3900000000000005,0.3900000000000005,10.886948441297584,2.709191328075687,6.15281189374949,1.069455050887948
2024-07-11 18:13:09,777.46,852.02,782.6628715510983,839.8538950547544,36.11,38.7,811.2583833029264,1622.5167666058528,57.19102350365608,0.0704966809714977,74.81,2.5900000000000034,-1.7342905170327183,4.055368315081864,1.1605388990246863,5.789658832114583,4.988763279039516,-1.491903160989068,1.4082105616392937,-0.0418462996747166,0.0,0.4000000000000057,0.4000000000000057,10.84425040046352,1.978013765960409,5.85943836154846,1.054447589298383
2024-07-11 18:13:10,783.67,856.17,782.9146536633237,843.9329212910658,36.11,39.08,813.4237874771948,1626.8475749543895,61.018267627742034,0.0750141174774024,75.19,2.969999999999999,0.2517821122254418,4.0790262363113925,2.1654041742683603,3.827244124085951,1.767449422198359,1.9860726292581603,0.0236579212295282,1.0048652752436738,0.0,0.3799999999999954,0.3799999999999954,10.818244136972346,1.9487110169321409,5.822513194493139,0.9682194510549728
2024-07-11 18:13:11,783.67,847.88,783.1034902474928,844.9196909682994,36.11,39.47,814.0115906078961,1628.0231812157922,61.81620072080659,0.0759401971152556,75.58,3.3599999999999994,0.1888365841690529,0.9867696772336104,0.5878031307013316,0.7979330930645574,1.3574812618491008,-0.0629455280563888,-3.092256559077782,-1.577601043567029,0.0,0.3900000000000005,0.3900000000000005,10.770198198434745,2.168530531934182,5.866201471682724,0.7379102085559835
2024-07-11 18:13:12,783.67,854.1,783.2451176856196,847.2147682262245,36.11,39.87,815.2299429559221,1630.459885911844,63.9696505406049,0.0784682297490088,75.97999999999999,3.759999999999998,0.1416274381267612,2.2950772579250724,1.2183523480259737,2.153449819798311,1.7675084352888424,-0.0472091460422916,1.308307580691462,0.6305492173246421,0.0,0.3999999999999986,0.3999999999999986,10.729533195925098,2.088050491662108,4.94171095020753,0.5670789246030303
2024-07-11 18:13:13,777.46,864.45,781.7988382642147,851.5235761696683,36.11,40.25,816.6612072169415,1633.322414433883,69.7247379054536,0.0853778007378202,76.36,4.140000000000001,-1.4462794214048245,4.308807943443867,1.4312642610194644,5.755087364848691,4.020978865056396,-1.5879068595315855,2.0137306855187944,0.2129119129934906,0.0,0.3800000000000025,0.3800000000000025,10.694882091698002,2.023300308057047,4.607261459954684,0.5698008073536851
2024-07-11 18:13:14,820.96,866.52,791.5891286981611,855.2726821272512,36.43,40.64,823.4309054127061,1646.8618108254122,63.683553429090125,0.0773392799968231,77.07,4.210000000000001,9.790290433946325,3.749105957582856,6.76969819576459,6.041184476363469,0.8923859541858358,11.23656985535115,-0.559701985861011,5.338433934745126,0.3200000000000003,0.3900000000000005,0.0700000000000002,10.68419481936566,4.040992850482794,3.4104386528353703,2.488078693808545
2024-07-11 18:13:15,843.74,860.31,804.6268465236208,856.5320115954383,37.44,41.02,830.5794290595295,1661.158858119059,51.90516507181758,0.0624927167629198,78.46000000000001,3.5800000000000054,13.037717825459708,1.2593294681871612,7.148523646823378,11.778388357272547,1.647667027700123,3.247427391513384,-2.489776489395694,0.3788254510587876,1.009999999999998,0.3800000000000025,0.6299999999999955,10.586023686891483,6.954422127199391,6.482345833902591,3.238263760099654
2024-07-11 18:13:16,872.74,854.1,821.6551348927155,855.9240086965788,38.43,41.4,838.7895717946471,1677.5791435892943,34.268873803863244,0.040855149986769,79.83,2.969999999999999,17.028288369094753,-0.6080028988595814,8.210142735117643,17.636291267954334,2.148109928029369,3.990570543635045,-1.8673323670467423,1.0616190882942649,0.990000000000002,0.3799999999999954,0.6100000000000065,10.507197310377675,9.85792532980504,14.119197560423476,3.3570774943598827
2024-07-11 18:13:17,878.95,878.95,835.9788511695367,861.6805065224341,39.44,41.78,848.8296788459854,1697.6593576919709,25.701655352897436,0.0302789310542968,81.22,2.3400000000000034,14.323716276821187,5.7564978258553765,10.040107051338282,8.567218450965811,0.8532994273725826,-2.704572092273565,6.364500724714958,1.8299643162206396,1.009999999999998,0.3800000000000025,0.6299999999999955,10.45099320850766,12.643951764832805,18.797368827783224,3.217159629733123
2024-07-11 18:13:18,878.95,881.02,846.7216383771524,866.5153798918255,40.43,42.15,856.6185091344889,1713.237018268978,19.793741514673115,0.0231068337661364,82.58,1.7199999999999989,10.74278720761572,4.834873369391403,7.788830288503505,5.907913838224317,0.7585109523356264,-3.5809290692054674,-0.9216244564639736,-2.2512767628347774,0.990000000000002,0.3699999999999974,0.6200000000000045,10.37319567402874,13.400293171699472,18.329662200846293,1.2736835636620296
2024-07-11 18:13:19,893.45,876.88,858.4037287828644,869.1065349188692,41.43,42.51,863.7551318508667,1727.5102637017335,10.702806136004824,0.012391018853549,83.94,1.0799999999999983,11.68209040571196,2.591155027043669,7.136622716377815,9.090935378668291,1.2738426096090134,0.9393031980962404,-2.2437183423477336,-0.6522075721256897,1.0,0.3599999999999994,0.6400000000000006,10.290149172750985,13.333152968252447,15.664036609271314,1.193754283170296
2024-07-11 18:13:20,918.3,887.23,873.3777965871484,873.6374011891519,42.42,42.89,873.5075988881501,1747.0151977763005,0.2596046020034919,0.0002971978744509,85.31,0.4699999999999988,14.974067804284005,4.530866270282672,9.752467037283395,10.443201534001332,1.070826532737896,3.291977398572044,1.9397112432390031,2.6158443209055804,0.990000000000002,0.3800000000000025,0.6099999999999994,10.239216840334466,13.36228547543633,13.182131017348093,1.260209778041658
2024-07-11 18:13:21,932.8,899.66,888.2333474403613,880.1430508918638,43.43,43.25,884.1881991661126,1768.376398332225,8.090296548497463,0.0091499711791873,86.68,0.1799999999999997,14.85555085321289,6.505649702711935,10.680600277962412,8.349901150500955,0.7817819365403653,-0.1185169510711148,1.9747834324292624,0.928133240679017,1.009999999999998,0.3599999999999994,0.6499999999999986,10.200602087742393,13.90254714424728,9.98932046022942,1.531320739560985
2024-07-11 18:13:22,936.94,895.52,900.410010580271,883.9872881688979,44.42,43.61,892.1986493745844,1784.3972987491688,16.422722411373115,0.0184070244944644,88.03,0.8100000000000023,12.176663139909692,3.84423727703404,8.010450208471866,8.332425862875652,1.0401943218957836,-2.6788877133031974,-2.661412425677895,-2.6701500694905462,0.990000000000002,0.3599999999999994,0.6300000000000026,10.135165730312606,14.511132571091064,7.593288306510354,1.4812906762557374
2024-07-11 18:13:23,953.51,901.73,913.6850079352032,888.4229661266734,45.41,43.97,901.0539870309384,1802.1079740618768,25.26204180852983,0.0280361023247171,89.38,1.4399999999999975,13.274997354932225,4.435677957775511,8.855337656353868,8.839319397156714,0.9981910054692648,1.0983342150225326,0.5914406807414707,0.8448874478820017,0.9899999999999948,0.3599999999999994,0.6299999999999955,10.081158838104493,14.7684331400356,9.355998486472169,1.396352192330761
2024-07-11 18:13:24,988.72,916.23,932.4437559514024,895.374724595005,46.4,44.33,913.9092402732036,1827.8184805464075,37.06903135639743,0.040560954723201,90.73,2.0700000000000003,18.75874801619921,6.9517584683316045,12.855253242265462,11.806989547867602,0.9184563234112182,5.483750661266981,2.516080510556094,3.9999155859115945,0.990000000000002,0.3599999999999994,0.6300000000000026,10.072845036926692,15.494375451000009,14.40572064785026,1.866867078572096
2024-07-11 18:13:25,984.58,918.3,945.4778169635516,901.1060434462538,47.39,44.67,923.2919302049028,1846.5838604098053,44.371773517297925,0.0480582273251239,92.06,2.719999999999999,13.034061012149325,5.73131885124883,9.38268993169902,7.302742160900493,0.778320655988837,-5.724687004049883,-1.220439617082775,-3.472563310566443,0.990000000000002,0.3400000000000034,0.6499999999999986,10.029240931736496,15.851563923375444,14.771392601161612,1.8878570651667503
2024-07-11 18:13:26,986.65,910.02,955.7708627226638,903.3345325846904,48.38,45.02,929.5526976536772,1859.1053953073545,52.43633013797341,0.0564102822937525,93.4,3.3599999999999994,10.293045759112031,2.228489138436544,6.260767448774345,8.06455662067549,1.2881097083624402,-2.7410152530372898,-3.502829712812286,-3.121922482924674,0.990000000000002,0.3500000000000014,0.6400000000000006,9.952384236630545,15.420430920871755,14.4569755177917,2.4231378556332466
2024-07-11 18:13:27,1007.36,926.59,968.6681470419978,909.1483994385178,49.37,45.38,938.9082732402578,1877.816546480516,59.51974760348003,0.0633925051428926,94.75,3.989999999999995,12.897284319334062,5.813866853827449,9.3555755865807,7.0834174655066136,0.7571331814724078,2.6042385602220293,3.585377715390905,3.094808137806353,0.9899999999999948,0.3599999999999994,0.6299999999999955,9.90932204043204,14.54854906160976,13.331936789195073,2.3492351177852413
2024-07-11 18:13:28,1017.71,949.37,980.9286102814984,919.2037995788884,50.36,45.7,950.0662049301932,1900.1324098603864,61.72481070261006,0.0649689572340659,96.06,4.659999999999997,12.260463239500496,10.055400140370466,11.15793168993548,2.205063099130029,0.1976229074332926,-0.6368210798335667,4.241533286543017,1.802356103354782,0.990000000000002,0.3200000000000003,0.6700000000000017,9.890341401622443,13.960282505213282,10.34012838292383,2.453382807344581
2024-07-11 18:13:29,1017.71,939.01,990.1239577111236,924.155349684166,51.35,46.04,957.1396536976448,1914.2793073952896,65.96860802695755,0.0689226569008852,97.39,5.310000000000002,9.195347429625372,4.9515501052778745,7.073448767451623,4.243797324347497,0.599961470550801,-3.065115809875124,-5.103850035092592,-4.084482922483858,0.990000000000002,0.3399999999999963,0.6500000000000057,9.82790475274402,14.003365347487147,8.503183202818587,1.96966126857336
2024-07-11 18:13:30,1034.28,947.3,1001.1629682833428,929.9415122631248,52.32,46.37,965.5522402732336,1931.1044805464676,71.22145602021806,0.0737624055704135,98.69,5.950000000000003,11.039010572219013,5.786162578958511,8.412586575588762,5.252847993260502,0.6244033653216238,1.8436631425936407,0.834612473680636,1.3391378081371386,0.9699999999999988,0.3299999999999983,0.6400000000000006,9.783688625894673,14.305146313759227,7.041387496185071,1.9262640099664825
2024-07-11 18:13:31,1013.57,963.87,1004.2647262125072,938.4236341973436,52.61,46.71,971.3441802049254,1942.6883604098507,65.84109201516355,0.0677834832278395,99.32,5.899999999999999,3.101757929164364,8.482121934218867,5.791939931691672,5.380364005054503,0.9289397230580942,-7.937252643054649,2.6959593552603565,-2.620646643897089,0.2899999999999991,0.3400000000000034,0.0500000000000042,9.779945332510875,12.78194364545761,4.500201818459009,2.0659434840465583
2024-07-11 18:13:32,1009.43,963.87,1005.5560446593804,944.7852256480076,52.61,47.03,975.170635153694,1950.341270307388,60.77081901137274,0.0623181387526878,99.64,5.579999999999998,1.2913184468732195,6.3615914506640365,3.8264549487685136,5.070273003790817,1.3250571995798373,-1.8104394822911445,-2.1205304835548304,-1.965484982923158,0.0,0.3200000000000003,0.3200000000000003,9.786939234913234,10.27422488785711,4.150586958998791,2.7613980740687154
2024-07-11 18:13:33,1007.36,955.58,1006.0070334945352,947.4839192360056,52.61,47.35,976.7454763652704,1953.4909527305408,58.52311425852952,0.0599164425274772,99.96,5.259999999999998,0.4509888351549307,2.69869358799815,1.5748412115765404,2.2477047528432195,1.427257115868828,-0.840329611718289,-3.6628978626658864,-2.251613737191974,0.0,0.3200000000000003,0.3200000000000003,9.77136321122356,7.999028897043344,4.96883144275137,2.69801019203015
2024-07-11 18:13:34,1007.36,970.08,1006.3452751209014,953.1329394270042,52.61,47.66,979.7391072739528,1959.4782145479055,53.21233569389722,0.0543127606569095,100.27,4.950000000000003,0.338241626366198,5.649020190998499,2.993630908682462,5.310778564632301,1.7740252397862923,-0.1127472087887326,2.9503266030003488,1.4187896971059215,0.0,0.3099999999999951,0.3099999999999951,9.77100925005429,5.473660860454525,6.902440140351215,2.657763580936754
2024-07-11 18:13:35,1007.36,976.29,1006.598956340676,958.9222045702531,52.61,47.98,982.7605804554646,1965.5211609109288,47.676751770422925,0.0485130892203814,100.59,4.630000000000003,0.2536812197746485,5.78926514324894,3.021473181511737,5.535583923474292,1.832080498104626,-0.0845604065915495,0.1402449522504412,0.0278422728292753,0.0,0.3200000000000003,0.3200000000000003,9.769962925594012,4.358071180667356,6.995774763080236,1.543873564082919
2024-07-11 18:13:36,1001.15,978.36,1005.2367172555072,963.78165342769,52.61,48.29,984.5091853415984,1969.018370683197,41.45506382781719,0.0421073407977661,100.9,4.32,-1.3622390851689945,4.859448857436746,1.748604886133876,6.22168794260574,3.55808475308392,-1.6159203049436428,-0.929816285812194,-1.2728682953778616,0.0,0.3100000000000023,0.3100000000000023,9.757276269418456,3.927632212631948,7.910397169520926,0.9496256523933312
2024-07-11 18:13:37,997.0,982.51,1003.1775379416304,968.4637400707676,52.61,48.6,985.8206390061988,1971.6412780123976,34.71379787086289,0.0352130970504377,101.21,4.009999999999998,-2.059179313876712,4.682086643077582,1.311453664600435,6.741265956954294,5.140296602634126,-0.6969402287077173,-0.1773622143591637,-0.4371512215334405,0.0,0.3100000000000023,0.3100000000000023,9.740348080879862,3.6795823032025945,9.400303491366564,0.816128727013115
2024-07-11 18:13:38,1003.22,990.79,1003.1881534562228,974.0453050530756,52.61,48.9,988.6167292546492,1977.2334585092983,29.14284840314724,0.0294784090854304,101.51,3.710000000000001,0.0106155145924731,5.581564982308123,2.796090248450355,5.57094946771565,1.992406174441972,2.0697948284691847,0.8994783392305408,1.4846365838499196,0.0,0.2999999999999971,0.2999999999999971,9.73910668422365,3.3226958160847677,9.666271755850504,0.7907982693109484
2024-07-11 18:13:39,1003.22,984.58,1003.1961150921672,976.6789787898068,52.61,49.21,989.937546940987,1979.875093881974,26.51713630236054,0.0267866759448761,101.82,3.3999999999999986,0.0079616359444116,2.633673736731112,1.3208176863377048,2.6257121007867,1.9879428781153403,-0.0026538786480614,-2.9478912455770114,-1.47527256211265,0.0,0.3100000000000023,0.3100000000000023,9.72242719719662,2.939349013099032,8.727183315478582,0.816681648256303
2024-07-11 18:13:40,1003.22,988.72,1003.2020863191256,979.689234092355,52.61,49.51,991.4456602057404,1982.8913204114808,23.51285222677052,0.0237157245694892,102.12,3.1000000000000014,0.0059712269583087,3.0102553025483303,1.5081132647533195,3.004284075590021,1.992079874717868,-0.0019904089861029,0.3765815658172187,0.1872955784156147,0.0,0.2999999999999971,0.2999999999999971,9.708633475294818,2.868826862355049,7.11828215656628,0.6181612584556655
2024-07-11 18:13:41,1001.15,1005.29,1002.6890647393442,986.0894255692664,52.61,49.8,994.3892451543052,1988.7784903086103,16.59963917007792,0.0166933011738363,102.41,2.8100000000000023,-0.5130215797813662,6.400191476911232,2.943584948564876,6.913213056692598,2.348568439139032,-0.518992806739675,3.389936174362901,1.4354716838115564,0.0,0.2899999999999991,0.2899999999999991,9.70988414651324,3.1910420780819004,6.719013965565318,0.8213665960802465
2024-07-11 18:13:42,1001.15,990.79,1002.304298554508,987.2645691769496,52.61,50.11,994.7844338657288,1989.5688677314577,15.0397293775585,0.0151185813231873,102.72,2.5,-0.384766184836053,1.175143607683367,0.3951887114237706,1.55990979251942,3.9472429251749785,0.1282553949453131,-5.225047869227865,-2.5483962371411053,0.0,0.3100000000000023,0.3100000000000023,9.684427805503322,2.707974715032931,6.147984511755658,1.0709841814487322
2024-07-11 18:13:43,1001.15,994.93,1002.0157239158812,989.1809268827122,52.61,50.4,995.5983253992968,1991.1966507985933,12.834797033168911,0.0128915413905802,103.01,2.210000000000001,-0.2885746386269829,1.916357705762607,0.8138915335678121,2.20493234438959,2.7091197589981078,0.0961915462090701,0.7412140980792401,0.4187028221440414,0.0,0.2899999999999991,0.2899999999999991,9.665064709583849,2.4183253183589866,5.836934210666945,0.9687251841910464
2024-07-11 18:13:44,1001.15,1017.71,1001.7992929369108,996.3131951620342,52.61,50.68,999.0562440494724,1998.112488098945,5.4860977748767255,0.005491280197748,103.29,1.93,-0.2164309789702656,7.13226827932192,3.4579186501757704,7.348699258292186,2.125179299038554,0.0721436596567173,5.215910573559313,2.6440271166079583,0.0,0.2800000000000011,0.2800000000000011,9.672342282671414,2.731708508043546,6.514699554940946,1.3308611417767835
2024-07-11 18:13:45,992.86,1011.5,999.5644697026833,1000.1098963715256,52.61,50.97,999.8371830371044,1999.6743660742088,0.5454266688424241,0.0005455154874717,103.58,1.6400000000000006,-2.234823234227747,3.7967012094914026,0.7809389876317709,6.0315244437191495,7.723416061725777,-2.0183922552574813,-3.335567069830517,-2.6769796625439994,0.0,0.2899999999999991,0.2899999999999991,9.652801442211844,2.5303655076262315,6.831970969009328,1.4112779583806234
2024-07-11 18:13:46,999.07,1015.64,999.4408522770124,1003.992422278644,52.61,51.26,1001.7166372778282,2003.4332745556565,4.551570001631717,0.0045437699921375,103.87,1.3500000000000014,-0.1236174256707727,3.88252590711852,1.8794542407239303,4.006143332789293,2.1315449530185155,2.1112058085569743,0.0858246976271175,1.0985152530921596,0.0,0.2899999999999991,0.2899999999999991,9.643945582303674,2.9246817073574403,6.046472169315147,1.242967599767641
2024-07-11 18:13:47,999.07,1026.0,999.3481392077592,1009.4943167089832,52.61,51.55,1004.4212279583712,2008.8424559167424,10.146177501223749,0.0101015163844613,104.16,1.0600000000000025,-0.0927130692530227,5.501894430339007,2.704590680542992,5.59460749959203,2.068559013857803,0.03090435641775,1.619368523220487,0.8251364398190617,0.0,0.2899999999999991,0.2899999999999991,9.64306085172149,3.267519718962878,4.834230445477603,1.1729328025837915
2024-07-11 18:13:48,994.93,1021.86,998.2436044058196,1012.5857375317372,52.61,51.82,1005.4146709687784,2010.8293419375568,14.342133125917826,0.0142648934074469,104.43,0.7899999999999991,-1.1045348019398489,3.0914208227542304,0.9934430104071909,4.195955624694079,4.223645802619767,-1.0118217326868262,-2.410473607584777,-1.7111476701358015,0.0,0.2700000000000031,0.2700000000000031,9.627642069722649,2.779672496103726,5.332742218185333,1.1323677663332703
2024-07-11 18:13:49,1001.15,1021.86,998.9702033043646,1014.904303148803,52.61,52.11,1006.9372532265838,2013.874506453168,15.93409984443838,0.0158243224963179,104.72,0.5,0.7265988985451486,2.318565617065701,1.5225822578054249,1.5919667185205526,1.0455695676144066,1.8311337004849972,-0.7728552056885292,0.5291392473982341,0.0,0.2899999999999991,0.2899999999999991,9.61551989697349,2.8630914071254483,6.502850005160071,0.7648773286329535
2024-07-11 18:13:50,988.72,1026.0,996.4076524782736,1017.6782273616022,52.61,52.39,1007.042939919938,2014.085879839876,21.270574883328663,0.0211218151868458,105.0,0.2199999999999988,-2.562550826091069,2.773924212799216,0.1056866933540732,5.336475038890285,50.492870735782944,-3.289149724636218,0.4553585957335144,-1.4168955644513517,0.0,0.2800000000000011,0.2800000000000011,9.590885050752885,2.1884465563915816,6.285363171892271,0.9719732461875248
2024-07-11 18:13:51,999.07,1028.07,997.0732393587052,1020.2761705212016,52.61,52.66,1008.6747049399536,2017.349409879907,23.202931162496498,0.0230033835743649,105.27,0.0499999999999971,0.6655868804316469,2.597943159599481,1.631765020015564,1.932356279167834,1.1842116182499027,3.228137706522716,-0.1759810531997345,1.5260783266614908,0.0,0.269999999999996,0.269999999999996,9.58178678976125,1.6366529170550723,5.28883920329451,0.9501160633768204
2024-07-11 18:13:52,999.07,1032.21,997.572429519029,1023.2596278909014,52.61,52.93,1010.4160287049652,2020.8320574099305,25.68719837187234,0.0254223979199665,105.54,0.3200000000000003,0.499190160323792,2.983457369699636,1.741323765011657,2.484267209375844,1.4266535796722637,-0.1663967201078549,0.3855142101001547,0.109558744996093,0.0,0.2700000000000031,0.2700000000000031,9.573773158339892,1.908078846001487,4.814617655392827,0.6752210306135072
2024-07-11 18:13:53,994.93,1042.57,996.9118221392716,1028.087220918176,52.61,53.22,1012.4995215287238,2024.999043057448,31.1753987789042,0.0307905318325913,105.83,0.6099999999999994,-0.6606073797572662,4.827593027274588,2.083492823758661,5.488200407031854,2.6341332738539345,-1.1597975400810585,1.8441356575749523,0.3421690587470039,0.0,0.2899999999999991,0.2899999999999991,9.567225852418956,2.365244767949356,5.6121843611388105,0.7625963544659309
2024-07-11 18:13:54,999.07,1038.42,997.4513666044538,1030.670415688632,52.61,53.49,1014.0608911465428,2028.1217822930855,33.219049084178096,0.0327584362452443,106.1,0.8800000000000026,0.5395444651820753,2.5831947704559752,1.561369617819082,2.0436503052739,1.308882261489245,1.2001518449393416,-2.244398256818613,-0.5221232059395788,0.0,0.2700000000000031,0.2700000000000031,9.557595490942012,2.8266816162359345,5.124413152126097,0.764135001073037
2024-07-11 18:13:55,999.07,1042.57,997.8560249533404,1033.645311766474,52.61,53.76,1015.7506683599072,2031.5013367198144,35.78928681313357,0.0352343226470003,106.37,1.1499999999999986,0.4046583488865281,2.974896077842004,1.689777213364323,2.570237728955476,1.521050341771286,-0.1348861162955472,0.3917013073860289,0.1284075955452408,0.0,0.269999999999996,0.269999999999996,9.54922119780658,2.81681747016068,5.241386702623998,0.2025605336673532
2024-07-11 18:13:56,999.07,1050.85,998.1595187150052,1037.9464838248557,52.61,54.03,1018.0530012699304,2036.1060025398608,39.786965109850144,0.0390814280014282,106.64,1.4200000000000017,0.3034937616649813,4.301172058381553,2.3023329100232104,3.997678296716572,1.736359039543604,-0.1011645872215467,1.326275980539549,0.6125556966588874,0.0,0.2700000000000031,0.2700000000000031,9.546633455769852,2.935555227712164,5.258580371655712,0.3068474105749421
2024-07-11 18:13:57,999.07,1044.64,998.387139036254,1039.6198628686416,52.61,54.3,1019.003500952448,2038.007001904896,41.23272383238748,0.040463770490861,106.91,1.6899999999999975,0.2276203212487644,1.673379043786099,0.9504996825174884,1.4457587225373345,1.5210496416563422,-0.0758734404162169,-2.6277930145954542,-1.351833227505722,0.0,0.269999999999996,0.269999999999996,9.531414193443398,2.703308201883025,4.2569861038679,0.5218752283094324
2024-07-11 18:13:58,999.07,1050.85,998.5578542771906,1042.4273971514813,52.61,54.55,1020.492625714336,2040.985251428672,43.86954287429069,0.0429885936712122,107.16,1.9399999999999975,0.170715240936488,2.807534282839697,1.4891247618879788,2.636819041903209,1.7707161539936926,-0.0569050803122763,1.134155239053598,0.5386250793704903,0.0,0.25,0.25,9.52307405926896,2.5693327674099145,4.266199094941968,0.4839830165805507
2024-07-11 18:13:59,997.0,1063.28,998.168390707893,1047.640547863611,52.61,54.82,1022.904469285752,2045.808938571504,49.47215715571792,0.0483643962782738,107.43,2.210000000000001,-0.389463569297618,5.213150712129618,2.411843571416057,5.602614281427236,2.3229582651496465,-0.5601788102341061,2.405616429289921,0.922718809528078,0.0,0.2700000000000031,0.2700000000000031,9.521590428783036,2.6757118569387086,5.083870988528856,0.6025447316251101
2024-07-11 18:14:00,990.79,1046.71,996.3237930309195,1047.4079108977082,52.61,55.09,1021.865851964314,2043.731703928628,51.084117866788574,0.0499910215402535,107.7,2.480000000000004,-1.844597676973308,-0.2326369659026568,-1.0386173214379824,1.611960711070651,1.552024143805655,-1.4551341076756898,-5.445787678032275,-3.4504608928540392,0.0,0.2700000000000031,0.2700000000000031,9.488076531812789,1.99172481649115,4.990566610509726,1.3998482312165714
2024-07-11 18:14:01,997.0,1048.78,996.4928447731896,1047.750933173281,52.61,55.35,1022.1218889732354,2044.2437779464708,51.25808840009131,0.0501487042816718,107.96,2.740000000000002,0.169051742270085,0.3430222755728209,0.256037008921453,0.1739705333027359,0.679471512981912,2.013649419243393,0.5756592414754778,1.2946543303594351,0.0,0.259999999999998,0.259999999999998,9.467597994679856,1.540558259212906,4.562056514728516,1.301061401108905
2024-07-11 18:14:02,990.79,1069.49,995.0671335798922,1053.1856998799608,52.61,55.6,1024.1264167299264,2048.252833459853,58.11856630006855,0.0567494064149754,108.21,2.990000000000002,-1.4257111932975022,5.4347667066797385,2.0045277566910045,6.860477899977241,3.422489139692982,-1.5947629355675872,5.0917444311069175,1.7484907477695515,0.0,0.25,0.25,9.464249212324898,1.3405190903437054,5.090151761206188,1.4096135263339344
2024-07-11 18:14:03,990.79,1054.99,993.9978501849192,1053.6367749099709,52.61,55.87,1023.8173125474448,2047.6346250948895,59.63892472505154,0.0582515297757638,108.48,3.259999999999998,-1.0692833949731266,0.4510750300098607,-0.3091041824815193,1.5203584249829871,4.91857953586361,0.3564277983243755,-4.983691676669878,-2.313631939172524,0.0,0.269999999999996,0.269999999999996,9.437843870848091,0.9997409837716492,4.616416558302622,1.488643570388154
2024-07-11 18:14:04,990.79,1057.06,993.1958876386892,1054.4925811824778,52.61,56.12,1023.8442344105836,2047.6884688211671,61.29669354378848,0.059869159217571,108.73,3.509999999999998,-0.8019625462297881,0.8558062725071522,0.026921863138682,1.6577688187369404,61.57475934849968,0.2673208487433385,0.4047312424972915,0.3360260456202013,0.0,0.25,0.25,9.416391290298836,1.070814339353568,4.797048574772559,1.1271702291630117
2024-07-11 18:14:05,988.72,1077.77,992.076915729017,1060.3119358868585,52.61,56.37,1026.1944258079377,2052.3888516158754,68.23502015784152,0.0664932671385598,108.98,3.759999999999998,-1.118971909672382,5.8193547043806575,2.3501913973541377,6.93832661405304,2.952237706948696,-0.3170093634425939,4.963548431873505,2.323269534215456,0.0,0.25,0.25,9.416355444958546,1.4503663044340116,6.106678439150245,1.220250584908811
2024-07-11 18:14:06,994.93,1065.35,992.7901867967628,1061.5714519151438,52.61,56.62,1027.1808193559532,2054.3616387119064,68.78126511838116,0.0669612046441308,109.23,4.009999999999998,0.7132710677457226,1.2595160282853612,0.9863935480154852,0.5462449605396387,0.5537793792946465,1.8322429774181048,-4.559838676095296,-1.363797849338653,0.0,0.25,0.25,9.403834202619418,1.5552323045743948,4.965525051256396,1.171774106004868
2024-07-11 18:14:07,990.79,1071.56,992.290140097572,1064.068588936358,52.61,56.86,1028.179364516965,2056.35872903393,71.77844883878583,0.069811213146352,109.47,4.25,-0.5000466991906478,2.49713702121403,0.9985451610118616,2.997183720404678,3.0015474871662686,-1.2133177669363704,1.2376209929286688,0.0121516129963765,0.0,0.240000000000002,0.240000000000002,9.39233904379854,1.9666172194844225,5.212749995308855,1.0373593041702458
2024-07-11 18:14:08,994.93,1075.7,992.950105073179,1066.9764417022684,52.61,57.11,1029.9632733877238,2059.926546775448,74.02633662908943,0.0718727924285411,109.72,4.5,0.6599649756069539,2.9078527659105475,1.7839088707587507,2.2478877903035936,1.2600904491590146,1.1600116747976017,0.4107157446965175,0.7853637097468891,0.0,0.25,0.25,9.387197083490037,2.2795923919128924,4.816693351096448,0.8834524591315601
2024-07-11 18:14:09,1036.35,1067.42,1003.8000788048844,1067.0873312767012,53.38,57.36,1035.4437050407928,2070.8874100815856,63.28725247181694,0.0611209012161629,110.74,3.979999999999997,10.84997373170529,0.1108895744328037,5.48043165306899,10.739084157272488,1.959532182419704,10.190008756098337,-2.796963191477744,3.69652278231024,0.7700000000000031,0.25,0.5200000000000031,9.350223006055352,3.658338832301969,4.062224920428366,1.857510596016827
2024-07-11 18:14:10,1067.42,1075.7,1019.7050591036632,1069.240498457526,54.37,57.61,1044.4727787805946,2088.945557561189,49.53543935386279,0.0474262616631027,111.98,3.240000000000002,15.904980298778923,2.1531671808247665,9.029073739801788,13.751813117954155,1.5230589527998577,5.055006567073633,2.0422776063919628,3.548642086732798,0.9899999999999948,0.25,0.7399999999999949,9.327315319282723,7.1398167216519,9.780667405258017,3.5317156508363747
2024-07-11 18:14:11,1083.99,1079.84,1035.776294327747,1071.8903738431443,55.35,57.85,1053.833334085446,2107.666668170892,36.11407951539718,0.0342692514205474,113.2,2.5,16.07123522408415,2.649875385618543,9.36055530485146,13.421359838465603,1.4338207475456863,0.1662549253052248,0.4967082047937765,0.3314815650496712,0.980000000000004,0.240000000000002,0.740000000000002,9.309481667632197,10.717317241881254,15.974902089282544,3.914313935241616
2024-07-11 18:14:12,1083.99,1086.06,1047.8297207458104,1075.4327803823585,56.32,58.1,1061.6312505640844,2123.262501128169,27.603059636548096,0.0260006095297976,114.42,1.7800000000000011,12.053426418063054,3.542406539213971,7.797916478638399,8.511019878849083,1.0914478002831085,-4.017808806021094,0.8925311535954279,-1.5626388262130604,0.9699999999999988,0.25,0.7199999999999989,9.278371275001865,12.964436498552374,19.028986854631963,3.137012733597897
2024-07-11 18:14:13,1102.62,1086.06,1061.527290559358,1078.0895852867689,57.31,58.33,1069.8084379230634,2139.6168758461267,16.562294727410972,0.0154815517664859,115.64,1.019999999999996,13.697569813547489,2.6568049044103645,8.177187358978927,11.040764909137124,1.3501908509926717,1.6441433954844342,-0.8856016348036064,0.3792708803405276,0.990000000000002,0.2299999999999968,0.7600000000000051,9.251197065650867,13.589024333031398,18.3153974447178,1.5269058959158377
2024-07-11 18:14:14,1119.19,1094.34,1075.9429679195184,1082.152188965077,58.28,58.57,1079.0475784422974,2158.095156884595,6.209221045558252,0.0057543533425722,116.85,0.2899999999999991,14.415677360160544,4.062603678307823,9.23914051923407,10.35307368185272,1.1205666306008697,0.7181075466130551,1.4057987738974589,1.0619531602551433,0.9699999999999988,0.240000000000002,0.7299999999999969,9.234467858004534,13.466015920272683,16.824599402967742,0.6928609414756302
2024-07-11 18:14:15,1115.05,1086.06,1085.719725939639,1083.1291417238076,59.25,58.82,1084.4244338317233,2168.8488676634465,2.590584215831313,0.0023889024745493,118.07,0.4299999999999997,9.776758020120496,0.9769527587309312,5.376855389425828,8.799805261389565,1.6366078288226813,-4.638919340040047,-3.085650919576892,-3.8622851298082415,0.9699999999999988,0.25,0.7199999999999989,9.184589012002492,12.460354423831651,14.130716812798,1.607733907937112
2024-07-11 18:14:16,1135.76,1094.34,1098.2297944547292,1085.9318562928556,60.24,59.05,1092.0808253737923,2184.1616507475846,12.297938161873615,0.0112610146290255,119.29,1.1900000000000048,12.510068515090325,2.802714569048021,7.656391542069059,9.707353946042304,1.267875685932241,2.733310494969828,1.8257618103170896,2.279536152643232,0.990000000000002,0.2299999999999968,0.7600000000000051,9.154839602807886,11.977782363643032,9.75818831782743,1.4135415982256263
2024-07-11 18:14:17,1156.47,1100.55,1112.789845841047,1089.5863922196418,61.21,59.29,1101.1881190303443,2202.3762380606886,23.203453621405288,0.0210712894548534,120.5,1.9200000000000017,14.56005138631781,3.6545359267861386,9.107293656551974,10.90551545953167,1.1974484049097962,2.049982871227485,0.8518213577381175,1.4509021144829148,0.9699999999999988,0.240000000000002,0.7299999999999969,9.138490538521609,12.02351153094898,8.190570432905158,1.5614612657329046
2024-07-11 18:14:18,1154.4,1102.62,1123.1923843807854,1092.8447941647314,62.18,59.5,1108.0185892727584,2216.037178545517,30.34759021605396,0.0273890623158076,121.68,2.68,10.402538539738316,3.258401945089645,6.830470242414094,7.144136594648671,1.045921480539565,-4.157512846579493,-0.3961339816964937,-2.27682341413788,0.9699999999999988,0.2100000000000008,0.759999999999998,9.106004110509158,11.849546803479932,11.63392710554036,1.6192290684360504
2024-07-11 18:14:19,1164.75,1090.2,1133.581788285589,1092.1835956235486,63.16,59.74,1112.8826919545688,2225.7653839091377,41.3981926620404,0.0371990623307594,122.9,3.4199999999999946,10.389403904803656,-0.6611985411827845,4.8641026818104365,11.050602445986442,2.2718681937868084,-0.0131346349346586,-3.919600486272429,-1.9663675606036577,0.9799999999999968,0.240000000000002,0.7399999999999949,9.055188632216275,11.582203423445767,15.151490043431796,1.719414175306368
2024-07-11 18:14:20,1187.53,1108.84,1147.0688412141917,1096.3476967176614,64.13,59.97,1121.7082689659264,2243.416537931853,50.72114449653032,0.0452177681618332,124.1,4.159999999999997,13.48705292860268,4.164101094112766,8.825577011357609,9.322951834489912,1.0563559488672851,3.097649023799022,4.825299635295551,3.9614743295471726,0.9699999999999988,0.2299999999999968,0.740000000000002,9.038745043732323,11.27144784502894,15.0520983431063,1.714051118283354
2024-07-11 18:14:21,1189.6,1108.84,1157.701630910644,1099.470772538246,65.1,60.2,1128.586201724445,2257.17240344889,58.23085837239773,0.0515962876666633,125.3,4.899999999999992,10.632789696452164,3.123075820584745,6.877932758518455,7.509713875867419,1.0918560921826983,-2.8542632321505157,-1.041025273528021,-1.9476442528391544,0.9699999999999988,0.2300000000000039,0.7399999999999949,9.007072567576795,10.865174510718992,14.33100772968912,1.7266936969190672
2024-07-11 18:14:22,1197.89,1108.84,1167.748723182983,1101.8130794036847,66.07,60.42,1134.780901293334,2269.561802586668,65.93564377929829,0.0581042945347826,126.49,5.649999999999992,10.047092272339114,2.342306865438559,6.194699568889064,7.704785406900555,1.2437704326816728,-0.5856974241130501,-0.7807689551461863,-0.6832331896293908,0.9699999999999988,0.2199999999999988,0.75,8.971309133702466,10.979324729487772,13.965612786740673,1.4309861949782163
2024-07-11 18:14:23,1185.46,1123.33,1172.1765423872373,1107.1923095527636,66.56,60.64,1139.6844259700006,2279.368851940001,64.98423283447369,0.0570194970613424,127.2,5.920000000000002,4.42781920425432,5.379230149078921,4.9035246766666205,0.9514109448246018,0.1940258922986539,-5.619273068084794,3.0369232836403626,-1.2911748922224433,0.4900000000000091,0.2199999999999988,0.2700000000000102,8.95978315259605,10.604920747438484,10.309784943461178,1.6378398707971675
2024-07-11 18:14:24,1179.25,1108.84,1173.944906790428,1107.6042321645727,66.56,60.87,1140.7745694775003,2281.5491389550007,66.34067462585517,0.0581540615847411,127.43,5.690000000000005,1.768364403190617,0.4119226118091319,1.0901435074997607,1.356441791381485,1.2442770495560038,-2.6594548010637027,-4.9673075372697895,-3.81338116916686,0.0,0.2299999999999968,0.2299999999999968,8.952166369970445,7.987878093977256,6.741410360161511,2.8815218259489
2024-07-11 18:14:25,1179.25,1112.98,1175.271180092821,1108.9481741234297,66.56,61.09,1142.1096771081252,2284.2193542162504,66.32300596939149,0.0580706102405627,127.65,5.469999999999999,1.3262733023930195,1.3439419588567034,1.3351076306248617,0.0176686564636838,0.0132338718051837,-0.4420911007975974,0.9320193470475716,0.2449641231251007,0.0,0.2200000000000059,0.2200000000000059,8.947196773685299,5.547602702602921,3.471855407763246,2.713496381495468
2024-07-11 18:14:26,1177.18,1133.69,1175.7483850696158,1115.133630592572,66.56,61.3,1145.441007831094,2290.882015662188,60.61475447704379,0.0529182681689564,127.86,5.260000000000005,0.4772049767948374,6.185456469142537,3.331330722968687,5.708251492347699,1.713504378141256,-0.8490683255981821,4.841514510285833,1.9962230923438256,0.0,0.2099999999999937,0.2099999999999937,8.958556224562315,3.887041633697109,2.425142707077925,2.217580261400822
2024-07-11 18:14:27,1170.96,1127.48,1174.5512888022115,1118.220222944429,66.56,61.52,1146.3857558733202,2292.7715117466405,56.33106585778273,0.0491379673203733,128.08,5.039999999999999,-1.1970962674040493,3.086592351857007,0.9447480422263652,4.283688619261056,4.534207951316101,-1.6743012441988867,-3.0988641172855296,-2.386582680742322,0.0,0.2200000000000059,0.2200000000000059,8.950544557485756,2.919204070090417,4.366655582853085,1.7371861437058953
2024-07-11 18:14:28,1179.25,1125.4,1175.725966601659,1120.0151672083216,66.56,61.73,1147.8705669049905,2295.7411338099805,55.71079939333731,0.0485340429060887,128.29,4.830000000000005,1.174677799447181,1.794944263892603,1.4848110316700058,0.6202664644454217,0.4177407316317286,2.3717740668512306,-1.291648087964404,0.5400629894436406,0.0,0.2099999999999937,0.2099999999999937,8.947467128829397,2.9746191919807927,5.166228865062908,0.9699641255799808
2024-07-11 18:14:29,1177.18,1131.62,1176.0894749512445,1122.916375406241,66.56,61.93,1149.5029251787428,2299.005850357485,53.1730995450032,0.0462574721073263,128.49,4.630000000000003,0.363508349585345,2.901208197919459,1.6323582737525155,2.537699848334114,1.554620903093456,-0.8111694498618363,1.106263934026856,0.1475472420825099,0.0,0.2000000000000028,0.2000000000000028,8.946244192018822,2.7848793760103048,5.160118039803192,0.9226652045316108
2024-07-11 18:14:30,1175.11,1131.62,1175.844606213433,1125.0922815546808,66.56,62.15,1150.4684438840568,2300.9368877681136,50.752324658752286,0.0441144864810847,128.71,4.410000000000004,-0.2448687378112026,2.175906148439708,0.9655187053140252,2.42077488625091,2.5072247339204523,-0.6083770873965477,-0.7253020494797511,-0.6668395684384905,0.0,0.2199999999999988,0.2199999999999988,8.938454160093253,2.0917113367957425,3.697369957463487,0.9769852289275736
2024-07-11 18:14:31,1168.89,1141.97,1174.1059546600748,1129.3117111660106,66.56,62.35,1151.708832913043,2303.4176658260853,44.794243494064176,0.0388937222456403,128.91,4.210000000000001,-1.7386515533582951,4.219429611329815,1.2403890289858737,5.95808116468811,4.803393308118865,-1.4937828155470925,2.043523462890107,0.2748703236718484,0.0,0.2000000000000028,0.2000000000000028,8.934208548435608,2.102469540348384,4.670866093083298,0.3063785480848953
2024-07-11 18:14:32,1166.82,1150.26,1172.284465995056,1134.548783374508,66.56,62.56,1153.4166246847822,2306.8332493695643,37.735682620548005,0.0327164372181165,129.12,4.0,-1.8214886650187052,5.237072208497466,1.707791771739494,7.058560873516171,4.133148348160876,-0.0828371116604103,1.0176425971676508,0.4674027427536202,0.0,0.2100000000000008,0.2100000000000008,8.932904397087034,2.111478013256721,7.219545040041407,0.3041291395199934
2024-07-11 18:14:33,1168.89,1146.11,1171.435849496292,1137.439087530881,66.56,62.76,1154.4374685135865,2308.874937027173,33.996761965411224,0.0294487686541701,129.32,3.800000000000004,-0.8486164987639313,2.8903041563728493,1.020843828804345,3.7389206551367806,3.6625749081924193,0.972872166254774,-2.3467680521246166,-0.6869479429351486,0.0,0.1999999999999957,0.1999999999999957,8.926983139395325,2.0353456171905946,8.21029884643846,0.3424983060032626
2024-07-11 18:14:34,1175.11,1148.19,1172.3543871222191,1140.1268156481606,66.56,62.96,1156.2406013851898,2312.48120277038,32.22757147405855,0.0278727207880235,129.52,3.6000000000000014,0.9185376259270016,2.687728117279676,1.8031328716033383,1.769190491352674,0.9811753410075524,1.7671541246909328,-0.2025760390931736,0.7822890427989933,0.0,0.2000000000000028,0.2000000000000028,8.927120077656499,2.2634981647760344,7.747986991881742,0.3877815725511029
2024-07-11 18:14:35,1173.04,1162.68,1172.5257903416643,1145.7651117361204,66.56,63.16,1159.1454510388924,2318.2909020777847,26.760678605543944,0.0230865579108065,129.72,3.4000000000000057,0.1714032194452102,5.638296087959816,2.904849653702513,5.466892868514606,1.8819875856772608,-0.7471344064817913,2.95056797068014,1.1017167820991745,0.0,0.1999999999999957,0.1999999999999957,8.935749630767367,2.8451113919198567,6.707037279723071,0.7294842068057837
2024-07-11 18:14:36,1162.68,1146.11,1170.0643427562484,1145.8513338020905,66.56,63.35,1157.9578382791692,2315.9156765583384,24.213008954158116,0.020910095456697,129.91,3.210000000000001,-2.4614475854159537,0.0862220659698778,-1.1876127597231516,2.5476696513858315,2.1452005170264505,-2.632850804861164,-5.552074021989938,-4.092462413425665,0.0,0.1900000000000048,0.1900000000000048,8.913538829694637,2.3776659547860204,5.474740830985374,1.5205693814804082
2024-07-11 18:14:37,1170.96,1158.54,1170.2882570671864,1149.0235003515677,66.56,63.55,1159.655878709377,2319.311757418754,21.26475671561866,0.0183371266318658,130.11,3.010000000000005,0.2239143109379711,3.1721665494774243,1.6980404302078114,2.948252238539453,1.7362663749486005,2.6853618963539247,3.0859444835075465,2.885653189930963,0.0,0.1999999999999957,0.1999999999999957,8.912888093124963,2.152285655998871,5.352607424589787,1.5198411922856516
2024-07-11 18:14:38,1168.89,1162.68,1169.9386928003898,1152.4376252636755,66.56,63.73,1161.188159032033,2322.3763180640653,17.501067536714118,0.0150716896185294,130.29,2.8300000000000054,-0.3495642667965057,3.4141249121080364,1.5322803226556516,3.763689178904542,2.4562651278562595,-0.5734785777344769,0.2419583626306121,-0.1657601075521597,0.0,0.1799999999999997,0.1799999999999997,8.912335176296704,1.857946619238613,5.574572790685865,1.5179528587031048
2024-07-11 18:14:39,1162.68,1156.47,1168.1240196002925,1153.4457189477569,66.56,63.93,1160.784869274025,2321.5697385480494,14.678300652535654,0.0126451515939129,130.49,2.6300000000000026,-1.814673200097332,1.008093684081132,-0.4032897580079861,2.8227668841784634,6.999334420955329,-1.4651089333008258,-2.4060312280269045,-1.9355700806636376,0.0,0.2000000000000028,0.2000000000000028,8.895584798669935,1.296666333096676,4.8917676562624735,1.666760958214019
2024-07-11 18:14:40,1170.96,1158.54,1168.833014700219,1154.7192892108176,66.56,64.13,1161.7761519555183,2323.5523039110367,14.11372548940176,0.0121484035056985,130.69,2.430000000000007,0.708995099926824,1.2735702630607193,0.991282681493658,0.5645751631338953,0.5695394503853813,2.5236683000241555,0.2654765789795874,1.394572439501644,0.0,0.1999999999999957,0.1999999999999957,8.889556531226274,1.5082940366675108,4.330666168149956,1.2651892030316498
2024-07-11 18:14:41,1170.96,1170.96,1169.3647610251646,1158.7794669081131,66.56,64.31,1164.0721139666389,2328.1442279332778,10.58529411705149,0.0090933319172883,130.87,2.25,0.5317463249452885,4.060177697295558,2.2959620111205368,3.528431372350269,1.5367980038268256,-0.1772487749815354,2.7866074342348384,1.3046793296268788,0.0,0.1800000000000068,0.1800000000000068,8.894873577380341,1.635647121371106,3.9970378111959297,1.0211606623584828
2024-07-11 18:14:42,1168.89,1164.75,1169.2460707688736,1160.2721001810849,66.56,64.49,1164.7590854749792,2329.5181709499584,8.973970587788699,0.0077045722948146,131.05,2.0700000000000074,-0.1186902562910745,1.492633272971716,0.6869715083403207,1.6113235292627903,2.345542957978973,-0.650436581236363,-2.5675444243238417,-1.608990502780216,0.0,0.1799999999999926,0.1799999999999926,8.887898333361928,1.7860762477086458,3.398937366386068,1.0034932139810018
2024-07-11 18:14:43,1168.89,1162.68,1169.1570530766553,1160.8740751358137,66.56,64.68,1165.0155641062345,2330.031128212469,8.282977940841647,0.0071097573190675,131.24,1.8799999999999957,-0.089017692218249,0.6019749547288029,0.2564786312552769,0.690992646947052,2.69414239082128,0.0296725640728254,-0.8906583182429131,-0.4304928770850438,0.0,0.1900000000000119,0.1900000000000119,8.876985333962581,1.8917283964604072,2.930443662579443,1.003074120044101
2024-07-11 18:14:44,1166.82,1185.46,1168.5727898074915,1167.0205563518605,66.56,64.86,1167.796673079676,2335.593346159352,1.5522334556312671,0.0013291983870861,131.42000000000002,1.7000000000000028,-0.5842632691637846,6.146481216046595,2.7811089734414054,6.73074448521038,2.4201648081113496,-0.4952455769455355,5.5445062613177925,2.5246303421861285,0.0,0.1799999999999926,0.1799999999999926,8.88598892249039,2.1583727098417427,4.588089961595255,1.0831992721871824
2024-07-11 18:14:45,1168.89,1168.89,1168.6520923556186,1167.4879172638953,66.56,65.04,1168.070004809757,2336.140009619514,1.1641750917233369,0.0009966655131395,131.60000000000002,1.519999999999996,0.0793025481270888,0.4673609120350193,0.273331730081054,0.3880583639079304,1.4197288549851157,0.6635658172908734,-5.679120304011576,-2.507777243360352,0.0,0.1800000000000068,0.1800000000000068,8.87591182320551,1.852178335717076,4.421165655709133,1.193305629829873
2024-07-11 18:14:46,1168.89,1173.04,1168.711569266714,1168.8759379479216,66.56,65.22,1168.7937536073175,2337.5875072146355,0.1643686812076339,0.0001406310399586,131.78,1.3400000000000034,0.0594769110953166,1.3880206840262872,0.7237487975608019,1.3285437729309706,1.8356395779431776,-0.0198256370317722,0.920659771991268,0.4504170674797478,0.0,0.1799999999999926,0.1799999999999926,8.869280199863693,1.863666234758596,4.237511691810387,1.0502410010412129
2024-07-11 18:14:47,1166.82,1187.53,1168.2386769500354,1173.539453460941,66.56,65.4,1170.8890652054884,2341.7781304109767,5.300776510905735,0.0045271381071855,131.96,1.1599999999999966,-0.4728923166785534,4.663515513019547,2.0953115981706105,5.136407829698101,2.451380206553728,-0.5323692277738701,3.27549482899326,1.3715628006098086,0.0,0.1800000000000068,0.1800000000000068,8.873060445077508,2.113408616412009,3.4015270065438235,1.1482455487856773
2024-07-11 18:14:48,1162.68,1179.25,1166.8490077125266,1174.9670900957058,66.56,65.58,1170.9080489041162,2341.8160978082324,8.118082383179171,0.0069331510564334,132.14,0.980000000000004,-1.3896692375087696,1.4276366347646672,0.0189836986278351,2.8173058722734368,148.39876721259827,-0.916776920830216,-3.23587887825488,-2.0763278995427754,0.0,0.1799999999999926,0.1799999999999926,8.861117300158915,1.511601339329684,3.341317669005961,1.2020300884737345
2024-07-11 18:14:49,1162.68,1185.46,1165.806755784395,1177.5903175717797,66.56,65.76,1171.6985366780873,2343.3970733561746,11.783561787384542,0.0100568204264687,132.32,0.7999999999999972,-1.0422519281316909,2.62322747607368,0.7904877739711083,3.665479404205371,4.636978442832815,0.3474173093770787,1.1955908413090128,0.7715040753432731,0.0,0.1800000000000068,0.1800000000000068,8.855037241709871,1.5535518494847902,4.833676843955927,0.8014325678991949
2024-07-11 18:14:50,1168.89,1195.82,1166.5775668382962,1182.1477381788343,66.56,65.93,1174.3626525085654,2348.7253050171307,15.570171340538309,0.0132584013073136,132.49,0.6299999999999955,0.7708110539012978,4.5574206070550645,2.6641158304780674,3.786609553153767,1.421337649248014,1.8130629820329889,1.9341931309813845,1.8736280565069592,0.0,0.1700000000000017,0.1700000000000017,8.863783256432804,2.0085947611384496,5.919124173167976,1.0859793348575448
2024-07-11 18:14:51,1166.82,1170.96,1166.6381751287222,1179.350803634126,66.56,66.11,1172.994489381424,2345.988978762848,12.7126285054037,0.010837756365991,132.67000000000002,0.4500000000000028,0.0606082904259892,-2.79693454470862,-1.3681631271413153,2.857542835134609,2.088596520291208,-0.7102027634753085,-7.354355151763684,-4.032278957619383,0.0,0.1799999999999926,0.1799999999999926,8.841444791889494,1.4952506798380345,4.023717737140607,1.6167644608091056
2024-07-11 18:14:52,1162.68,1191.67,1165.6486313465416,1182.4306027255943,66.56,66.27,1174.039617036068,2348.079234072136,16.78197137905272,0.0142942121554003,132.82999999999998,0.2900000000000062,-0.98954378218059,3.0797990914684306,1.0451276546439203,4.0693428736490205,3.893628650948685,-1.0501520726065792,5.87673363617705,2.413290781785236,0.0,0.1599999999999966,0.1599999999999966,8.838663014359746,1.4840028249838615,3.4023626557515505,1.474933155210114
2024-07-11 18:14:53,1162.68,1197.89,1164.9064735099062,1186.2954520441958,66.56,66.45,1175.6009627770509,2351.2019255541018,21.388978534289663,0.0181940804689115,133.01,0.1099999999999994,-0.7421578366354424,3.8648493186015,1.5613457409829152,4.607007155236943,2.950662421299635,0.2473859455451474,0.7850502271330697,0.5162180863389949,0.0,0.1800000000000068,0.1800000000000068,8.838440372442752,1.4717340748247405,3.8013507462734326,1.4764534055551215
2024-07-11 18:14:54,1162.68,1185.46,1164.3498551324296,1186.086589033147,66.56,66.61,1175.2182220827883,2350.4364441655766,21.736733900717358,0.0184959129068798,133.17000000000002,0.0499999999999971,-0.556618377476525,-0.2088630110488338,-0.3827406942625657,0.3477553664276911,0.9085902362890376,0.1855394591589174,-4.073712329650334,-1.944086435245481,0.0,0.1599999999999966,0.1599999999999966,8.824947159704445,1.0258171667199727,3.877416802181591,1.5943908874152828
2024-07-11 18:14:55,1164.75,1193.74,1164.449891349322,1187.9999417748602,66.56,66.79,1176.224916562091,2352.449833124182,23.550050425538075,0.0200217237995171,133.35000000000002,0.2300000000000039,0.1000362168924766,1.9133527417131968,1.0066944793027233,1.8133165248207208,1.8012562508740924,0.6566545943690016,2.122215752762031,1.389435173565289,0.0,0.1800000000000068,0.1800000000000068,8.820584235031921,1.2926393387746755,4.418049095443544,1.2112267967383954
2024-07-11 18:14:56,1154.4,1206.17,1161.9374185119916,1192.542456331145,66.56,66.95,1177.2399374215684,2354.4798748431367,30.60503781915349,0.025997281285061,133.51,0.3900000000000005,-2.512472837330506,4.542514556284914,1.0150208594773176,7.05498739361542,6.950576805556055,-2.6125090542229827,2.6291618145717166,0.0083263801745943,0.0,0.1599999999999966,0.1599999999999966,8.817616123166447,1.187383165643334,5.02042298492155,0.727241033624912
2024-07-11 18:14:57,1158.54,1185.46,1161.0880638839938,1190.7718422483588,66.56,67.11,1175.9299530661765,2351.8599061323525,29.683778364365025,0.0252428116672454,133.67000000000002,0.5499999999999972,-0.8493546279978545,-1.7706140827863237,-1.3099843553920891,0.9212594547884692,0.703259354004556,1.6631182093326515,-6.313128639071238,-2.3250052148694067,0.0,0.1599999999999966,0.1599999999999966,8.797261496737597,0.7671681286417709,4.426427735363786,1.1863154125052249
2024-07-11 18:14:58,1162.68,1197.89,1161.4860479129954,1192.5513816862692,66.56,67.28,1177.0187147996323,2354.0374295992647,31.065333773273775,0.0263932368757355,133.84,0.7199999999999989,0.3979840290016909,1.7795394379104437,1.0887617334560673,1.3815554089087527,1.2689223891079295,1.2473386569995455,3.550153520696768,2.3987460888481564,0.0,0.1700000000000017,0.1700000000000017,8.794222250488719,0.8230093777555332,4.352915451413379,1.0827798163732207
2024-07-11 18:14:59,1164.75,1197.89,1162.3020359347463,1193.886036264702,66.56,67.46,1178.0940360997242,2356.1880721994485,31.584000329955416,0.0268094051368854,134.01999999999998,0.8999999999999915,0.8159880217510818,1.334654578432719,1.0753213000919004,0.5186665566816373,0.482335906767032,0.4180039927493908,-0.4448848594777246,-0.0134404333641668,0.0,0.1799999999999926,0.1799999999999926,8.790434467313013,0.8590823792897613,3.2880603189756994,1.054444983139635
2024-07-11 18:15:00,1162.68,1195.82,1162.39652695106,1194.3695271985264,66.56,67.62,1178.383027074793,2356.766054149586,31.973000247466416,0.027132943606378,134.18,1.0600000000000025,0.0944910163134409,0.4834909338244415,0.2889909750688275,0.3889999175110006,1.3460578530540677,-0.7214970054376408,-0.8511636446082775,-0.7863303250230729,0.0,0.1600000000000108,0.1600000000000108,8.782106262428728,0.969240584323952,0.8914749073567546,1.0295717500349426
2024-07-11 18:15:01,1156.47,1206.17,1160.914895213295,1197.3196453988949,66.56,67.78,1179.117270306095,2358.23454061219,36.40475018559982,0.0308745797144288,134.34,1.2199999999999989,-1.4816317377649284,2.950118200368479,0.734243231301889,4.431749938133407,6.035798102595193,-1.576122754078369,2.4666272665440374,0.4452522562330614,0.0,0.1599999999999966,0.1599999999999966,8.777112263875113,1.2477270736067132,2.5354007236389347,0.9969365797984134
2024-07-11 18:15:02,1162.68,1214.45,1161.3561714099712,1201.602234049171,66.56,67.92,1181.4792027295712,2362.9584054591423,40.24606263919986,0.0340641312281716,134.48000000000002,1.3599999999999994,0.4412761966761991,4.282588650276239,2.361932423476219,3.84131245360004,1.626342391965696,1.9229079344411275,1.3324704499077598,1.62768919217433,0.0,0.1400000000000005,0.1400000000000005,8.785538324985371,1.667506677340424,3.969571433623885,0.7720487880931066
2024-07-11 18:15:03,1154.4,1202.03,1159.6171285574785,1201.7091755368783,66.56,68.09,1180.6631520471783,2361.3263040943566,42.09204697940004,0.0356511904947355,134.65,1.5300000000000011,-1.7390428524929575,0.1069414877072176,-0.8160506823928699,1.8459843402001752,2.262092438541738,-2.1803190491691566,-4.175647162569021,-3.177983105869089,0.0,0.1700000000000017,0.1700000000000017,8.768385765159989,1.4688266477849747,4.742515566282268,1.1583634710074122
2024-07-11 18:15:04,1162.68,1202.03,1160.3828464181088,1201.789381652659,66.56,68.25,1181.0861140353836,2362.1722280707672,41.40653523454989,0.0350580154210935,134.81,1.6899999999999975,0.7657178606305024,0.0802061157803564,0.4229619882053157,0.685511744850146,1.62073695327068,2.50476071312346,-0.0267353719268612,1.2390126705981857,0.0,0.1599999999999966,0.1599999999999966,8.761116425148485,1.3318265812154442,4.22382420924007,1.146263840106278
2024-07-11 18:15:05,1162.68,1218.59,1160.9571348135817,1205.989536239494,66.56,68.41,1183.473335526538,2366.946671053076,45.03240142591244,0.0380510485838923,134.97,1.8499999999999943,0.5742883954728768,4.200154586835424,2.387221491154378,3.6258661913625474,1.518863953736128,-0.1914294651576256,4.119948471055068,1.9642595029490624,0.0,0.1599999999999966,0.1599999999999966,8.768417624347043,1.5714961420036264,3.1343353032058823,1.3674110461497686
2024-07-11 18:15:06,1160.61,1206.17,1160.8703511101862,1206.0346521796205,66.56,68.55,1183.4525016449034,2366.9050032898067,45.16430106943426,0.0381631717103106,135.11,1.9899999999999949,-0.0867837033954401,0.0451159401263794,-0.020833881634644,0.1318996435218196,6.330712400232599,-0.661072098868317,-4.155038646709045,-2.408055372789022,0.0,0.1400000000000005,0.1400000000000005,8.759177654398087,1.3387770852111351,2.210112283429112,1.4460268565127716
2024-07-11 18:15:07,1162.68,1214.45,1161.3227633326396,1208.1384891347154,66.56,68.72,1184.7306262336774,2369.461252467355,46.81572580207581,0.0395159243172345,135.28,2.1599999999999966,0.4524122224534039,2.1038369550949483,1.2781245887740624,1.6514247326415443,1.2920676552806822,0.5391959258488441,2.058721014968569,1.2989584704087065,0.0,0.1700000000000017,0.1700000000000017,8.757618402395469,1.7348882936205472,2.272876995510797,1.2311932790967313
2024-07-11 18:15:08,1154.4,1224.81,1159.59207249948,1212.3063668510367,66.56,68.88,1185.9492196752583,2371.8984393505166,52.71429435155687,0.0444490315711344,135.44,2.319999999999993,-1.7306908331597697,4.1678777163213,1.2185934415808788,5.89856854948107,4.8404689437356,-2.1831030556131736,2.064040761226352,-0.0595311471931836,0.0,0.1599999999999966,0.1599999999999966,8.756270015645217,1.8068518483947205,4.129917093355553,0.9230692807809388
2024-07-11 18:15:09,1162.68,1214.45,1160.36405437461,1212.8422751382775,66.56,69.02,1186.6031647564437,2373.206329512888,52.47822076366765,0.0442255863443727,135.57999999999998,2.4599999999999937,0.7719818751299954,0.5359082872407726,0.653945081185384,0.2360735878892228,0.3609985512281088,2.502672708289765,-3.6319694290805273,-0.5646483603954948,0.0,0.1400000000000005,0.1400000000000005,8.752051600563448,1.426883726618413,3.858659496777269,0.8885250947782656
2024-07-11 18:15:10,1156.47,1222.74,1159.3905407809575,1215.316706353708,66.56,69.18,1187.3536235673328,2374.707247134665,55.926165572750506,0.0471015242768385,135.74,2.6200000000000045,-0.973513593652342,2.474431215430513,0.7504588108890857,3.4479448090828555,4.5944429788958345,-1.7454954687823374,1.938522928189741,0.0965137297037017,0.0,0.1600000000000108,0.1600000000000108,8.747263996022312,1.546727223390764,4.478604665038519,0.5240496233796766
2024-07-11 18:15:11,1152.33,1218.59,1157.625405585718,1216.135029765281,66.56,69.33,1186.8802176754994,2373.7604353509987,58.50962417956293,0.0492969916078446,135.89,2.769999999999996,-1.765135195239509,0.8183234115729192,-0.4734058918334085,2.583458606812428,5.457163069188154,-0.7916216015871669,-1.6561078038575945,-1.2238647027224945,0.0,0.1499999999999914,0.1499999999999914,8.73412472544981,1.015456559620746,4.390344157590296,0.7042142318716228
2024-07-11 18:15:12,1154.4,1218.59,1156.8190541892886,1216.7487723239608,66.56,69.47,1186.7839132566246,2373.567826513249,59.92971813467216,0.0504975820911853,136.03,2.9099999999999966,-0.8063513964293634,0.6137425586798599,-0.0963044188747517,1.420093955109223,14.745732604684488,0.9587837988101456,-0.2045808528930592,0.3771014729586568,0.0,0.1400000000000005,0.1400000000000005,8.724427733089737,0.50960962459621,3.3505996302014145,0.6830067224611334
2024-07-11 18:15:13,1158.54,1224.81,1157.2492906419666,1218.7640792429706,66.56,69.63,1188.0066849424686,2376.013369884937,61.51478860100406,0.0517798336734133,136.19,3.069999999999993,0.4302364526779456,2.015306919009845,1.222771685844009,1.5850704663318993,1.2962920129654494,1.236587849107309,1.401564360329985,1.3190761047187607,0.0,0.1599999999999966,0.1599999999999966,8.723156444814688,0.5652889282765486,3.5563046072166378,0.6842437807739957
2024-07-11 18:15:14,1160.61,1231.02,1158.0894679814749,1221.828059432228,66.56,69.78,1189.9587637068514,2379.917527413703,63.73859145075312,0.0535636976180895,136.34,3.219999999999999,0.8401773395082728,3.063980189257336,1.9520787643828044,2.223802849749063,1.1391967123086133,0.4099408868303271,1.048673270247491,0.7293070785387954,0.0,0.1500000000000056,0.1500000000000056,8.72787703519858,1.301979905111532,2.9607806330472184,0.9811153527005836
2024-07-11 18:15:15,1160.61,1218.59,1158.719600986106,1221.018544574171,66.56,69.92,1189.8690727801386,2379.738145560277,62.29894358806496,0.0523578139485087,136.48000000000002,3.3599999999999994,0.6301330046312614,-0.8095148580569003,-0.0896909267128194,1.4396478626881617,16.051030627290526,-0.2100443348770113,-3.873495047314236,-2.041769691095624,0.0,0.1400000000000005,0.1400000000000005,8.718266882047711,1.5503080859267548,2.0373352453767377,1.0346155435072386
2024-07-11 18:15:16,1162.68,1220.67,1159.7097007395796,1220.9314084306284,66.56,70.07,1190.320554585104,2380.641109170208,61.22170769104878,0.0514329584613072,136.63,3.509999999999991,0.990099753473487,-0.0871361435426933,0.4514818049653968,1.0772358970161804,2.3859954026349763,0.3599667488422255,0.7223787145142069,0.5411727316782162,0.0,0.1499999999999914,0.1499999999999914,8.711999896604729,1.5260529601996031,1.405636015622011,0.8887847477571325
2024-07-11 18:15:17,1162.68,1228.95,1160.4522755546848,1222.9360563229714,66.56,70.21,1191.694165938828,2383.388331877656,62.48378076828658,0.0524327319053614,136.76999999999998,3.649999999999992,0.7425748151051721,2.004647892342973,1.3736113537240726,1.262073077237801,0.9187985779365834,-0.2475249383683149,2.0917840358856665,0.9221295487586758,0.0,0.1400000000000005,0.1400000000000005,8.713125372711142,1.319143202841516,0.983725329776062,0.8034852598318228
2024-07-11 18:15:18,1160.61,1226.88,1160.4917066660134,1223.9220422422286,66.56,70.35,1192.2068744541211,2384.4137489082423,63.43033557621516,0.0532041350223332,136.91,3.789999999999992,0.0394311113286676,0.9859859192572458,0.5127085152930704,0.9465548079285782,1.846181472539118,-0.7031437037765045,-1.0186619730857274,-0.8609028384310022,0.0,0.1400000000000005,0.1400000000000005,8.707960453919807,1.0703400926561255,0.9979564806424586,0.8129962439763115
2024-07-11 18:15:19,1154.4,1237.23,1158.96877999951,1227.2490316816716,66.56,70.5,1193.1089058405908,2386.217811681181,68.28025168216163,0.057228850854002,137.06,3.9399999999999977,-1.5229266665035084,3.3269894394429684,0.9020313864696164,4.849916105946477,5.376654074393191,-1.562357777832176,2.3410035201857227,0.3893228711765459,0.0,0.1500000000000056,0.1500000000000056,8.70501165282051,1.337807327937529,2.7618954765233306,0.5455593425347002
2024-07-11 18:15:20,1156.47,1241.37,1158.3440849996323,1230.7792737612535,66.56,70.64,1194.561679380443,2389.123358760886,72.43518876162102,0.0606374622184029,137.2,4.079999999999998,-0.6246949998774198,3.530242079581967,1.45277353985216,4.154937079459387,2.860001304732536,0.8982316666260886,0.2032526401389986,0.5507421533825436,0.0,0.1400000000000005,0.1400000000000005,8.706717716280798,1.5837197229257924,4.676719993495947,0.467336664561957
2024-07-11 18:15:21,1160.61,1231.02,1158.9105637497244,1230.83945532094,66.56,70.79,1194.875009535332,2389.750019070664,71.92889157121567,0.0601978373779779,137.35000000000002,4.230000000000004,0.5664787500918465,0.060181559686498,0.3133301548891722,0.5062971904053484,1.6158533312285202,1.1911737499692665,-3.470060519895469,-1.1394433849629877,0.0,0.1500000000000056,0.1500000000000056,8.699490359197974,1.403750672418195,4.638979485480022,0.5058294080606953
2024-07-11 18:15:22,1156.47,1235.16,1158.3004228122934,1231.919591490705,66.56,70.91,1195.1100071514993,2390.2200143029986,73.6191686784116,0.0616003281507782,137.47,4.349999999999994,-0.6101409374309696,1.0801361697649554,0.2349976161672202,1.690277107195925,7.192710896617188,-1.176619687522816,1.0199546100784571,-0.078332538721952,0.0,0.1199999999999903,0.1199999999999903,8.693605866428264,1.2568618422673938,4.148747599966787,0.5017188030798487
2024-07-11 18:15:23,1154.4,1239.3,1157.32531710922,1233.7646936180288,66.56,71.06,1195.5450053636246,2391.090010727249,76.43937650880866,0.0639368456243291,137.62,4.5,-0.9751057030732682,1.8451021273237984,0.4349982121252651,2.8202078303970666,6.483248134217176,-0.3649647656422985,0.764965957558843,0.2000005959580448,0.0,0.1500000000000056,0.1500000000000056,8.68729106726009,0.9281102145591626,2.9537956588516643,0.5094632215856892
2024-07-11 18:15:24,1158.54,1235.16,1157.628987831915,1234.1135202135215,66.54,71.2,1195.8712540227184,2391.742508045437,76.48453238160641,0.063957162663094,137.74,4.659999999999997,0.3036707226949602,0.3488265954927101,0.3262486590938351,0.0451558727977499,0.1384089501370552,1.2787764257682284,-1.4962755318310883,-0.1087495530314299,-0.019999999999996,0.1400000000000005,0.1599999999999966,8.682091225066264,0.5221366992896398,2.170370282135629,0.5083057052389243
2024-07-11 18:15:25,1152.33,1241.37,1156.3042408739364,1235.927640160141,66.54,71.33,1196.1159405170388,2392.2318810340776,79.62339928620463,0.0665682953654291,137.87,4.789999999999992,-1.324746957978732,1.8141199466194848,0.2446864943203763,3.138866904598217,12.828064275685492,-1.6284176806736923,1.4652933511267747,-0.0815621647734587,0.0,0.1299999999999954,0.1299999999999954,8.675679494025962,0.5152392579524203,2.961148555333485,0.0802920326625221
2024-07-11 18:15:26,1202.03,1243.44,1167.735680655452,1237.8057301201056,67.28,71.47,1202.770705387779,2405.541410775558,70.0700494646535,0.0582571965649972,138.75,4.189999999999998,11.431439781515792,1.8780899599646543,6.6547648707401095,9.553349821551135,1.435565128377486,12.756186739494524,0.0639700133451697,6.410078376419733,0.7399999999999949,0.1400000000000005,0.5999999999999943,8.668617634011973,3.202017033989908,3.5901521568595904,2.838496515683407
2024-07-11 18:15:27,1220.67,1231.02,1180.969260491589,1236.1092975900792,68.25,71.61,1208.539279040834,2417.078558081668,55.14003709849021,0.0456253578258764,139.86,3.3599999999999994,13.233579836136869,-1.6964325300264136,5.768573653055228,14.930012366163282,2.588163153658045,1.802140054621077,-3.574522489991068,-0.8861912176848818,0.9699999999999988,0.1400000000000005,0.8299999999999983,8.641064424422778,5.751248257543065,9.809593691688598,3.2345324968470908
2024-07-11 18:15:28,1247.59,1249.66,1197.6244453686918,1239.4969731925594,69.2,71.74,1218.5607092806256,2437.121418561251,41.87252782386759,0.0343622828724099,140.94,2.539999999999992,16.655184877102784,3.387675602480158,10.02143023979147,13.267509274622626,1.323913616444541,3.4216050409659147,5.084108132506572,4.252856586736243,0.9500000000000028,0.1299999999999954,0.8200000000000074,8.645953601778572,9.508877819601384,15.8342011579599,4.248917092496001
2024-07-11 18:15:29,1249.66,1245.52,1210.633334026519,1241.0027298944196,70.17,71.88,1225.8180319604694,2451.636063920939,30.36939586790072,0.0247747994003283,142.05,1.7099999999999935,13.008888657827129,1.505756701860264,7.25732267984381,11.503131955966865,1.5850377444119224,-3.646296219275655,-1.881918900619894,-2.7641075599476608,0.9699999999999988,0.1400000000000005,0.8299999999999983,8.62948274080244,11.937420455403984,20.072204128835512,3.5832284226605884
2024-07-11 18:15:30,1253.8,1249.66,1221.4250005198892,1243.1670474208147,71.15,72.01,1232.296023970352,2464.592047940704,21.74204690092552,0.0176435259550955,143.16000000000005,0.8599999999999994,10.791666493370258,2.1643175263950525,6.477992009882655,8.627348966975205,1.3317934974325458,-2.217222164456871,0.6585608245347885,-0.7793306699611549,0.980000000000004,0.1300000000000096,0.8499999999999943,8.607823521671754,12.108227870357458,19.29607460015137,1.6450552231082414
2024-07-11 18:15:31,1286.93,1257.94,1237.801250389917,1246.8602855656109,72.1,72.15,1242.330767977764,2484.661535955528,9.059035175693907,0.0072919671651922,144.25,0.0500000000000113,16.376249870027777,3.693238144796169,10.034744007411971,12.683011725231609,1.263909717273687,5.58458337665752,1.5289206184011164,3.556751997529318,0.9499999999999886,0.1400000000000005,0.8099999999999881,8.612344952273268,12.89749245365878,17.793539519979618,2.002186047223819
2024-07-11 18:15:32,1291.07,1247.59,1251.1184377924376,1247.0427141742082,73.07,72.28,1249.080575983323,2498.161151966646,4.075723618229404,0.0032629789409365,145.35,0.789999999999992,13.31718740252063,0.1824286085973199,6.749808005558862,13.13475879392331,1.9459452531332475,-3.0590624675071467,-3.510809536198849,-3.2849360018531115,0.9699999999999988,0.1299999999999954,0.8400000000000034,8.593605554796817,12.291386259221744,15.428209548015202,1.7747408867826986
2024-07-11 18:15:33,1291.07,1247.59,1261.1063283443282,1247.179535630656,74.02,72.41,1254.142931987492,2508.2858639749843,13.926792713672056,0.0111046295819704,146.43,1.6099999999999994,9.987890551890588,0.1368214564479331,5.06235600416926,9.851069095442654,1.9459451570344608,-3.329296850630044,-0.0456071521493868,-1.6874520013896015,0.9500000000000028,0.1299999999999954,0.8200000000000074,8.56479494244825,11.680111270237424,10.416062126599227,1.82329661097793
2024-07-11 18:15:34,1324.21,1262.08,1276.882246258246,1250.9046517229922,75.0,72.53,1263.8934489906192,2527.7868979812383,25.97759453525396,0.0205536269971545,147.53,2.469999999999999,15.775917913917963,3.7251160923360658,9.750517003127015,12.0508018215819,1.235914011718883,5.788027362027378,3.5882946358881327,4.688160998957756,0.980000000000004,0.1200000000000045,0.8599999999999994,8.567026641520997,11.933690769040478,8.968554151555477,2.1778963257897743
2024-07-11 18:15:35,1315.92,1253.8,1286.6416846936845,1251.628488792244,75.95,72.68,1269.1350867429642,2538.2701734859284,35.01319590144044,0.0275882340970558,148.63,3.269999999999996,9.75943843543837,0.7238370692518856,5.241637752345014,9.035601366186484,1.7238123024300596,-6.016479478479596,-3.00127902308418,-4.508879250782002,0.9500000000000028,0.1500000000000056,0.7999999999999972,8.538889041270775,10.869802097656327,12.676252574323003,2.398305791664807
2024-07-11 18:15:36,1328.35,1251.73,1297.0687635202637,1251.653866594183,76.9,72.8,1274.3613150572232,2548.7226301144465,45.41489692608047,0.0356373787824874,149.7,4.1000000000000085,10.427078826578963,0.0253778019389301,5.22622831425906,10.401701024640031,1.9902879110681957,0.6676403911405941,-0.6984592673129555,-0.0154094380859532,0.9500000000000028,0.1199999999999903,0.8300000000000125,8.51276757878728,10.438708190358556,16.41918859803817,1.9910410424452032
2024-07-11 18:15:37,1317.99,1266.22,1302.2990726401977,1255.2953999456372,77.57,72.93,1278.7972362929174,2557.594472585835,47.003672694560464,0.0367561575235042,150.5,4.639999999999986,5.230309119934191,3.6415333514542,4.435921235694195,1.5887757684799908,0.3581613211556574,-5.196769706644773,3.6161555495152697,-0.7903070785648652,0.6699999999999875,0.1300000000000096,0.5399999999999778,8.496991546816783,9.58117131818013,13.841020239705884,2.1534667445136924
2024-07-11 18:15:38,1353.2,1251.73,1315.0243044801482,1254.404049959228,77.93,73.05,1284.714177219688,2569.428354439376,60.6202545209203,0.047185790854216,150.98000000000002,4.88000000000001,12.725231839950538,-0.8913499864092955,5.916940926770621,13.616581826359834,2.3012870491009805,7.494922720016348,-4.532883337863495,1.4810196910764262,0.3600000000000136,0.1199999999999903,0.2400000000000233,8.50916789449278,8.1176492432962,13.09291305948005,2.0992969465159272
2024-07-11 18:15:39,1320.06,1264.15,1316.283228360111,1256.840537469421,78.4,73.18,1286.561882914766,2573.123765829532,59.44269089069007,0.0462027451876757,151.58,5.219999999999999,1.258923879962822,2.4364875101930465,1.847705695078048,1.1775636302302246,0.6373109072814632,-11.466307959987716,3.327837496602342,-4.0692352316925735,0.4699999999999988,0.1300000000000096,0.3399999999999892,8.487675646042291,7.216296948038929,10.6689311471849,1.5904600655697283
2024-07-11 18:15:40,1359.41,1272.44,1327.0649212700832,1260.7404031020656,78.9,73.31,1293.9026621860744,2587.805324372149,66.32451816801768,0.0512592794304185,152.21,5.590000000000003,10.781692909972207,3.899865632644605,7.340779271308293,6.881827277327602,0.9374789903772864,9.522769030009384,1.4633781224515587,5.493073576230245,0.5,0.1299999999999954,0.3700000000000045,8.500772969484931,7.492597636811654,9.117123292697348,2.0381086521945515
2024-07-11 18:15:41,1332.49,1257.94,1328.4211909525625,1260.0403023265492,79.24,73.41,1294.230746639556,2588.461493279112,68.3808886260133,0.0528351599981129,152.64999999999998,5.829999999999998,1.356269682479251,-0.7001007755163755,0.3280844534815514,2.0563704579956266,6.267789187767992,-9.425423227492956,-4.599966408160981,-7.012694817826741,0.3399999999999892,0.0999999999999943,0.2399999999999948,8.478419509735582,6.530239568741115,8.354798655772518,2.87825558774258
2024-07-11 18:15:42,1369.76,1266.22,1338.7558932144218,1261.585226744912,79.87,73.54,1300.170559979667,2600.341119959334,77.1706664695098,0.0593542638062519,153.41000000000005,6.329999999999998,10.33470226185932,1.5449244183628252,5.939813340110959,8.789777843496495,1.479806832368484,8.978432579380069,2.2450251938792007,5.611728886629408,0.6300000000000097,0.1300000000000096,0.5,8.475135594188979,6.284414456106948,7.101861332673347,3.01398720206514
2024-07-11 18:15:43,1332.49,1270.37,1337.1894199108162,1263.781420058684,80.02,73.66,1300.48541998475,2600.9708399695,73.4079998521322,0.056446614985154,153.68,6.359999999999999,-1.5664733036055625,2.196193313772028,0.3148600050831192,3.7626666173775902,11.950246479027456,-11.901175565464882,0.6512688954092027,-5.62495333502784,0.1499999999999914,0.1199999999999903,0.0300000000000011,8.462294452905098,5.696436726219139,6.801819260467931,3.280350427986577
2024-07-11 18:15:44,1338.7,1266.22,1337.567064933112,1264.391065044013,80.25,73.79,1300.9790649885626,2601.9581299771253,73.1759998890991,0.0562468696093088,154.04000000000002,6.459999999999994,0.3776450222958374,0.6096449853289414,0.4936450038126168,0.231999963033104,0.4699723308631683,1.9441183259014,-1.5865483284430866,0.1787849987294976,0.2300000000000039,0.1300000000000096,0.0999999999999943,8.445722257484032,3.5618884266827124,4.328279600315568,3.465828063278531
2024-07-11 18:15:45,1378.04,1284.86,1347.685298699834,1269.5082987830096,80.85,73.9,1308.596798741422,2617.193597482844,78.17699991682434,0.0597410905576661,154.75,6.949999999999989,10.118233766721914,5.117233738996674,7.617733752859294,5.00100002772524,0.6564943766056083,9.740588744426075,4.507588753667733,7.1240887490466775,0.5999999999999943,0.1099999999999994,0.4899999999999949,8.456198967917434,5.109539655347555,3.875718290276395,3.555916964883255
2024-07-11 18:15:46,1351.12,1276.58,1348.5439740248755,1271.276224087257,81.08,74.01,1309.9100990560664,2619.820198112133,77.26774993761842,0.058987063260533,155.09,7.069999999999993,0.8586753250415313,1.7679253042474556,1.3133003146444937,0.9092499792059244,0.692339198222805,-9.259558441680385,-3.3493084347492186,-6.304433438214801,0.2300000000000039,0.1099999999999994,0.1200000000000045,8.446128638918935,4.80100853642898,2.3602030098380484,3.3989120146607483
2024-07-11 18:15:47,1349.05,1276.58,1348.6704805186566,1272.6021680654428,81.08,74.13,1310.6363242920495,2621.2726485840994,76.06831245321382,0.0580392218537537,155.20999999999998,6.950000000000003,0.1265064937811075,1.3259439781857054,0.7262252359832928,1.199437484404598,1.6516030748745787,-0.7321688312604238,-0.4419813260617502,-0.5870750786612007,0.0,0.1199999999999903,0.1199999999999903,8.444277532683284,4.976802709320788,2.2539072716731567,3.111205796126203
2024-07-11 18:15:48,1349.05,1291.07,1348.7653603889926,1277.219126049082,81.39,74.24,1312.9922432190374,2625.984486438075,71.5462343399106,0.0544909801675683,155.63,7.150000000000006,0.0948798703359443,4.616957983639168,2.3559189269876697,4.522078113303223,1.9194532299258789,-0.0316266234451632,3.2910140054534622,1.6296936910043769,0.3100000000000023,0.1099999999999994,0.2000000000000028,8.436626837900215,4.561546171845973,2.7985528350130675,2.9492347412872206
2024-07-11 18:15:49,1351.12,1278.65,1349.3540202917443,1277.5768445368117,81.39,74.35,1313.465432414278,2626.930864828556,71.77717575493261,0.054647175273088,155.74,7.040000000000006,0.588659902751715,0.3577184877296986,0.4731891952405931,0.2309414150220163,0.4880519870125255,0.4937800324157706,-4.259239495909469,-1.8827297317470768,0.0,0.1099999999999994,0.1099999999999994,8.433706330939845,2.0658348672096296,3.109945933739749,2.9527282319201973
2024-07-11 18:15:50,1351.12,1284.86,1349.7955152188083,1279.3976334026088,81.39,74.46,1314.5965743107083,2629.193148621417,70.39788181619952,0.0535509396101695,155.85,6.930000000000007,0.4414949270640136,1.8207888657971123,1.131141896430563,1.379293938733099,1.2193808077525854,-0.1471649756877013,1.463070378067414,0.65795270118997,0.0,0.1099999999999994,0.1099999999999994,8.435011651432127,1.9741519261625635,3.048009279314254,0.7256795829349282
2024-07-11 18:15:51,1386.33,1295.21,1358.9291364141063,1283.3507250519565,81.53,74.56,1321.1399307330314,2642.279861466063,75.57841136214984,0.057206969183808,156.09,6.969999999999999,9.13362119529802,3.953091649347698,6.543356422322859,5.180529545950321,0.7917234550380498,8.692126268234006,2.132302783550585,5.412214525892296,0.1400000000000005,0.1000000000000085,0.039999999999992,8.46396260022467,3.948031490649172,2.569796301230744,2.5087265922790083
2024-07-11 18:15:52,1351.12,1284.86,1356.9768523105795,1283.7280437889674,81.69,74.67,1320.3524480497736,2640.704896099547,73.24880852161232,0.0554767089456514,156.36,7.019999999999996,-1.9522841035266083,0.3773187370109099,-0.7874826832578492,2.329602840537518,2.958287123994576,-11.085905298824628,-3.575772912336788,-7.330839105580708,0.1599999999999966,0.1099999999999994,0.0499999999999971,8.444310818658625,3.921283774342727,1.9929817309806923,2.811084046493251
2024-07-11 18:15:53,1340.77,1286.93,1352.9251392329347,1284.5285328417256,81.69,74.78,1318.72683603733,2637.45367207466,68.39660639120916,0.0518656362108091,156.47,6.909999999999997,-4.05171307764499,0.8004890527581665,-1.6256120124435256,4.852202130403157,2.984844543726685,-2.099428974118382,0.4231703157472566,-0.8381293291856764,0.0,0.1099999999999994,0.1099999999999994,8.427985093687894,3.4451501126704467,2.733731940646635,3.201739203425845
2024-07-11 18:15:54,1344.91,1284.86,1350.9213544247011,1284.611399631294,81.69,74.89,1317.7663770279976,2635.532754055995,66.30995479340709,0.0503199625510541,156.57999999999998,6.799999999999997,-2.003784808233604,0.0828667895684702,-0.9604590093324532,2.0866515978020743,2.172554377617821,2.0479282694113863,-0.7176222631896962,0.6651530031110724,0.0,0.1099999999999994,0.1099999999999994,8.415930314293444,2.560558394174767,3.705652781863849,3.3384350841897947
2024-07-11 18:15:55,1342.84,1286.93,1348.9010158185258,1285.1910497234703,81.69,75.0,1317.0460327709982,2634.0920655419964,63.70996609505528,0.0483733783493044,156.69,6.689999999999998,-2.020338606175301,0.5796500921765073,-0.7203442569993967,2.599988698351808,3.609364638815114,-0.0165537979416967,0.496783302608037,0.2401147523330564,0.0,0.1099999999999994,0.1099999999999994,8.405424879479057,1.7192041301281884,4.8965772589741405,3.402927587697415
2024-07-11 18:15:56,1351.12,1301.43,1349.4557618638944,1289.250787292603,81.69,75.1,1319.3532745782486,2638.706549156497,60.20497457129136,0.0456321863792732,156.79,6.590000000000003,0.5547460453685744,4.059737569132494,2.3072418072504206,3.50499152376392,1.519125560929097,2.5750846515438752,3.480087476955987,3.0275860642498174,0.0,0.0999999999999943,0.0999999999999943,8.414779425750808,1.299261678295077,4.9120255999578,1.5320784463165755
2024-07-11 18:15:57,1349.05,1295.21,1349.3543213979208,1290.7405904694524,81.69,75.21,1320.0474559336867,2640.0949118673734,58.61373092846839,0.0444027452351001,156.89999999999998,6.480000000000004,-0.1014404659736101,1.4898031768493638,0.6941813554381042,1.591243642822974,2.292255961790799,-0.6561865113421845,-2.5699343922831304,-1.6130604518123164,0.0,0.1099999999999994,0.1099999999999994,8.413304318166874,1.2028777462304392,4.081528008341982,1.570878754502378
2024-07-11 18:15:58,1340.77,1297.29,1347.2082410484404,1292.3779428520893,81.69,75.32,1319.7930919502649,2639.5861839005297,54.83029819635112,0.041544616720022,157.01,6.3700000000000045,-2.1460803494803717,1.637352382636891,-0.2543639834218538,3.7834327321172623,14.87403132782076,-2.044639883506761,0.1475492057875271,-0.948545338859958,0.0,0.1099999999999994,0.1099999999999994,8.40578997225957,1.3222386703982505,4.460290059291438,1.3307845966055742
2024-07-11 18:15:59,1338.7,1307.64,1345.0811807863304,1296.193457139067,81.69,75.41,1320.6373189626988,2641.2746379253977,48.88772364726333,0.0370182811800624,157.1,6.280000000000001,-2.127060262110035,3.815514286977759,0.8442270124339757,5.942574549087794,7.039063453906113,0.0190200873703361,2.178161904340868,1.0985909958558295,0.0,0.0900000000000034,0.0900000000000034,8.406348253063976,1.3824802372852014,5.6591832260264345,1.1675944422245268
2024-07-11 18:16:00,1349.05,1297.29,1346.073385589748,1296.4675928543002,81.69,75.52,1321.270489222024,2642.540978444048,49.60579273544772,0.0375440101800139,157.20999999999998,6.170000000000002,0.9922048034175076,0.2741357152331147,0.6331702593251975,0.718069088184393,1.1340835162822698,3.119265065527543,-3.5413785717446444,-0.2110567531087781,0.0,0.1099999999999994,0.1099999999999994,8.404493866913876,0.748484649693135,5.123572145937536,0.9239008215061278
2024-07-11 18:16:01,1351.12,1305.57,1347.335039192311,1298.743194640725,81.84,75.61,1323.039116916518,2646.078233833036,48.59184455158584,0.0367274435755964,157.45,6.230000000000004,1.2616536025630012,2.275601786424886,1.7686276944939436,1.013948183861885,0.5732962418954789,0.2694487991454934,2.001466071191772,1.135457435168746,0.1500000000000056,0.0900000000000034,0.0600000000000022,8.402915900372195,1.295919889893853,4.436496083327082,0.7195779647356748
2024-07-11 18:16:02,1349.05,1295.21,1347.763779394233,1297.8598959805438,81.84,75.72,1322.8118376873886,2645.623675374777,49.9038834136893,0.0377256099122974,157.56,6.1200000000000045,0.4287402019222099,-0.8832986601812536,-0.2272792291294081,1.3120388621034635,5.772780444340448,-0.8329134006407912,-3.15890044660614,-1.995906923623352,0.0,0.1099999999999994,0.1099999999999994,8.395606938891735,1.3963962614515908,2.5521722056363507,0.8410801590163945
2024-07-11 18:16:03,1351.12,1303.5,1348.6028345456748,1299.2699219854078,81.84,75.81,1323.9363782655414,2647.872756531083,49.332912560267005,0.0372622985008045,157.65,6.030000000000001,0.8390551514416984,1.410026004863994,1.124540578152846,0.5709708534222955,0.5077365430633192,0.4103149495194884,2.2933246650452475,1.3518198072822545,0.0,0.0900000000000034,0.0900000000000034,8.397947160593684,1.3511837521638903,0.5301881524743027,0.7287919472288759
2024-07-11 18:16:04,1346.98,1313.85,1348.197125909256,1302.9149414890558,81.84,75.9,1325.556033699156,2651.112067398312,45.28218442020034,0.0341608979438409,157.74,5.939999999999998,-0.4057086364186943,3.6450195036479727,1.6196554336145257,4.050728140066667,2.5009798720255825,-1.2447637878603928,2.234993498783979,0.4951148554616793,0.0,0.0900000000000034,0.0900000000000034,8.403423515251252,1.5745911487924185,1.8868490552606187,0.8108219056673328
2024-07-11 18:16:05,1349.05,1309.71,1348.410344431942,1304.613706116792,81.84,76.0,1326.512025274367,2653.024050548734,43.796638315150176,0.033016389936665,157.84,5.840000000000003,0.2132185226860201,1.698764627736182,0.955991575211101,1.4855461050501615,1.553930588553081,0.6189271591047145,-1.9462548759117908,-0.6636638584034245,0.0,0.0999999999999943,0.0999999999999943,8.404156214332303,1.6110625203987898,2.6876440520651164,0.7884723932304851
2024-07-11 18:16:06,1349.05,1297.29,1348.5702583239563,1302.782779587594,81.84,76.09,1325.6765189557752,2651.3530379115505,45.78747873636257,0.0345389527890937,157.93,5.75,0.1599138920144014,-1.8309265291979957,-0.835506318591797,1.990840421212397,2.382792319004281,-0.0533046306716187,-3.5296911569341773,-1.791497893802898,0.0,0.0900000000000034,0.0900000000000034,8.394076556459815,1.4933992845219504,2.664430395070473,1.0198460521677926
2024-07-11 18:16:07,1342.84,1317.99,1347.1376937429677,1306.5845846906957,81.84,76.18,1326.8611392168314,2653.7222784336627,40.55310905227202,0.0305631899398643,158.02,5.659999999999997,-1.4325645809890375,3.8018051031015143,1.184620261056125,5.234369684090552,4.418601840240447,-1.592478473003439,5.63273163229951,2.020126579647922,0.0,0.0900000000000034,0.0900000000000034,8.39679237324414,1.1334586668955888,3.18922136801374,0.951817015432334
2024-07-11 18:16:08,1349.05,1295.21,1347.6157703072256,1303.7409385180215,81.84,76.27,1325.6783544126238,2651.356708825248,43.87483178920388,0.0330961364874571,158.11,5.570000000000007,0.4780765642581173,-2.8436461726737434,-1.1827848042075857,3.3217227369318607,2.808389080351932,1.9106411452471548,-6.645451275775258,-2.36740506526371,0.0,0.0899999999999892,0.0899999999999892,8.384531946291137,0.5900833091241472,2.0419071109655564,1.267939598372778
2024-07-11 18:16:09,1386.33,1311.78,1357.2943277304191,1305.7507038885162,81.94,76.38,1331.5225158094677,2663.045031618936,51.5436238419029,0.038710290807105,158.32,5.560000000000002,9.678557423193524,2.009765370494506,5.8441613968439015,7.668792052699018,1.3122140577134709,9.200480858935409,4.853411543168249,7.026946201051487,0.0999999999999943,0.1099999999999994,0.0100000000000051,8.410324074021878,2.444183050248562,4.0579028221048175,2.8039586495737168
2024-07-11 18:16:10,1351.12,1315.92,1355.7507457978145,1308.2930279163872,82.07,76.47,1332.0218868571008,2664.043773714201,47.457717881427016,0.0356283318720647,158.54,5.599999999999994,-1.543581932604866,2.542324027871018,0.4993710476330761,4.085905960475884,8.182087843807563,-11.22213935579839,0.5325586573765122,-5.344790349210825,0.1299999999999954,0.0900000000000034,0.039999999999992,8.40180319449538,3.1642331387575844,4.091581001232849,2.821004023737543
2024-07-11 18:16:11,1353.2,1311.78,1355.1130593483606,1309.1647709372903,82.07,76.56,1332.1389151428257,2664.277830285651,45.94828841107028,0.0344921147894338,158.63,5.509999999999991,-0.6376864494536676,0.8717430209030681,0.1170282857247002,1.5094294703567357,12.897878176472156,0.9058954831511984,-1.67058100696795,-0.3823427619083759,0.0,0.0900000000000034,0.0900000000000034,8.397774107955945,3.117628369540997,4.091664030482742,2.686404737540641
2024-07-11 18:16:12,1353.2,1322.13,1354.6347945112705,1312.4060782029678,82.07,76.65,1333.5204363571193,2667.0408727142385,42.22871630830264,0.0316670934507722,158.72,5.419999999999988,-0.478264837090137,3.2413072656775057,1.381521214293798,3.7195721027676423,2.692372271892133,0.1594216123635305,2.3695642447744376,1.2644929285690978,0.0,0.0900000000000034,0.0900000000000034,8.40171640596902,3.0530367968371204,3.5838688780628,2.6858714867484483
2024-07-11 18:16:13,1344.91,1309.71,1352.2035958834529,1311.732058652226,82.07,76.74,1331.9678272678393,2663.9356545356786,40.47153723122688,0.0303847708422944,158.81,5.329999999999998,-2.4311986278175937,-0.6740195507418321,-1.5526090892799402,1.7571790770757616,1.131758120862589,-1.9529337907274569,-3.9153268164193378,-2.9341303035737383,0.0,0.0899999999999892,0.0899999999999892,8.38717850815856,0.7559776437430319,4.374392893035011,2.776012949609308
2024-07-11 18:16:14,1353.2,1309.71,1352.4526969125895,1311.2265439891694,82.07,76.83,1331.8396204508797,2663.679240901759,41.22615292342016,0.030954292288218,158.89999999999998,5.239999999999995,0.2491010291366819,-0.5055146630566014,-0.128206816959846,0.7546156921932834,5.885878958766022,2.680299656954276,0.1685048876852306,1.4244022723200942,0.0,0.0900000000000034,0.0900000000000034,8.381621221329505,0.6919217087131501,3.06635611802253,1.0698818661102782
2024-07-11 18:16:15,1342.84,1317.99,1350.049522684442,1312.917407991877,82.07,76.92,1331.4834653381597,2662.966930676319,37.13211469256498,0.0278877775288382,158.99,5.149999999999992,-2.4031742281474635,1.6908640027077126,-0.3561551127199891,4.094038230855176,11.495066586359338,-2.652275257284145,2.196378665764314,-0.227948295760143,0.0,0.0900000000000034,0.0900000000000034,8.37463649892146,0.7816630231702489,3.181226172104931,1.0509751870451147
2024-07-11 18:16:16,1351.12,1311.78,1350.3171420133317,1312.633055993908,82.07,76.99,1331.4750990036196,2662.950198007239,37.6840860194236,0.0283025090137405,159.06,5.079999999999998,0.2676193288893955,-0.2843519979692246,-0.0083663345399145,0.5519713268586202,65.96740266874261,2.670793557036859,-1.9752160006769373,0.3477887781800746,0.0,0.0699999999999931,0.0699999999999931,8.37089834422684,0.8462272113121612,2.234110062959748,1.0457555790085211
2024-07-11 18:16:17,1338.7,1326.28,1347.4128565099986,1316.0447919954308,82.07,77.08,1331.7288242527147,2663.457648505429,31.368064514567777,0.0235543932967098,159.14999999999998,4.989999999999995,-2.904285503332858,3.411736001522968,0.2537252490951687,6.316021504855826,24.89305512291236,-3.1719048322222534,3.696087999492193,0.2620915836350832,0.0,0.0900000000000034,0.0900000000000034,8.36775881800161,0.2176686340005628,3.887638460624802,0.7029136055374576
2024-07-11 18:16:18,1349.05,1309.71,1347.822142382499,1314.4610939965733,82.07,77.17,1331.141618189536,2662.283236379072,33.36104838592564,0.0250619828161014,159.24,4.899999999999992,0.409285872500277,-1.5836979988575877,-0.5872060631786553,1.9929838713578647,3.394005277405029,3.313571375833135,-4.995434000380556,-0.840931312273824,0.0,0.0900000000000034,0.0900000000000034,8.359341935632969,0.2698826298568676,3.8642710702132246,0.3224967527872889
2024-07-11 18:16:19,1349.05,1311.78,1348.1291067868742,1313.79082049743,82.07,77.26,1330.9599636421522,2661.9199272843043,34.33828628944434,0.0257996387582376,159.32999999999998,4.809999999999988,0.3069644043753214,-0.6702734991433772,-0.1816545473839141,0.9772379035186988,5.379620482788704,-0.1023214681249555,0.9134244997142104,0.4055515157947411,0.0,0.0900000000000034,0.0900000000000034,8.353479917709612,0.3050484267444355,2.6370411347039897,0.3218474315921046
2024-07-11 18:16:20,1344.91,1328.35,1347.3243300901556,1317.4306153730722,82.07,77.35,1332.377472731614,2664.754945463228,29.89371471708341,0.0224363705529781,159.42,4.719999999999999,-0.8047766967185908,3.6397948756423375,1.4175090894618734,4.444571572360928,3.1354779097538645,-1.1117411010939122,4.310068374785715,1.5991636368457876,0.0,0.0899999999999892,0.0899999999999892,8.357655654083292,0.55594954914869,2.9846655212411624,0.7569243699997296
2024-07-11 18:16:21,1349.05,1315.92,1347.7557475676167,1317.0529615298042,82.07,77.44,1332.4043545487104,2664.808709097421,30.70278603781253,0.0230431444553245,159.51,4.629999999999996,0.4314174774610819,-0.3776538432680354,0.0268818170964095,0.8090713207291174,30.096225325922987,1.2361941741796727,-4.017448718910373,-1.3906272723654638,0.0,0.0900000000000034,0.0900000000000034,8.35310855868348,0.6732087826077685,1.8584931426627915,0.7549068343889485
2024-07-11 18:16:22,1351.12,1326.28,1348.5968106757125,1319.3597211473532,82.07,77.53,1333.9782659115328,2667.9565318230657,29.23708952835932,0.0219172157849692,159.6,4.539999999999992,0.8410631080957955,2.3067596175490053,1.5739113628224004,1.4656965094532095,0.9312440413295098,0.4096456306347136,2.6844134608170407,1.5470295457259908,0.0,0.0900000000000034,0.0900000000000034,8.35825975910572,1.2134169180762566,2.227982251910545,0.9814610803226969
2024-07-11 18:16:23,1384.26,1326.28,1357.5126080067844,1321.0897908605148,82.43,77.61,1339.3011994336496,2678.602398867299,36.42281714626961,0.027195389009191,160.04000000000002,4.820000000000007,8.915797331071872,1.7300697131615834,5.322933522116728,7.185727617910288,1.3499560417385708,8.074734222976076,-0.5766899043874218,3.749022159294327,0.3600000000000136,0.0799999999999983,0.2800000000000153,8.368540309079663,3.253156165386862,3.11090976194656,2.210097173679276
2024-07-11 18:16:24,1355.27,1317.99,1356.9519560050885,1320.314843145386,82.43,77.7,1338.633399575237,2677.266799150474,36.637112859702256,0.0273690413252489,160.13,4.730000000000004,-0.5606520016960985,-0.7749477151287465,-0.6677998584125362,0.2142957134326479,0.3208976309824778,-9.47644933276797,-2.50501742829033,-5.990733380529264,0.0,0.0900000000000034,0.0900000000000034,8.359666466093616,3.383285305680624,3.644945516779115,2.317892672059967
2024-07-11 18:16:25,1357.34,1328.35,1357.0489670038162,1322.3236323590395,82.43,77.79,1339.686299681428,2679.372599362856,34.725334644776694,0.0259204969305976,160.22000000000003,4.640000000000001,0.0970109987279101,2.008789213653472,1.0529001061909185,1.9117782149255615,1.8157243863498291,0.6576630004240087,2.7837369287822185,1.7206999646034546,0.0,0.0900000000000034,0.0900000000000034,8.361542200223976,3.3627354260123274,3.386460400357547,2.328213150628254
2024-07-11 18:16:26,1359.41,1326.28,1357.6392252528622,1323.3127242692797,82.43,77.86,1340.475974761071,2680.951949522142,34.32650098358249,0.0256076957769371,160.29000000000002,4.570000000000007,0.5902582490459736,0.9890919102401768,0.7896750796430752,0.3988336611942031,0.5050598232309019,0.4932472503180634,-1.0196973034132952,-0.2632250265478433,0.0,0.0699999999999931,0.0699999999999931,8.362817183843369,2.5681451002040974,2.9907588714717,2.2337608256200974
