time,force_left,force_right,dis_left,dis_right,force_avg,force_sum,force_diff,force_diff_ratio,total_delta_dis,dis_diff,left_force_rate,right_force_rate,force_rate,force_rate_diff,force_rate_ratio,left_force_acc,right_force_acc,force_acc,left_dis_rate,right_dis_rate,dis_rate_diff,stiffness_ratio,force_std_5s,force_diff_std_5s,force_rate_std_5s
2025-04-07 11:27:29,652.84,636.4,28.14,1.78,644.62,1289.24,16.440000000000055,0.02550339731081359,29.92,26.36,0.0,0.0,0.0,0.0,0.0,0.0,0.0,0.0,0.0,0.0,0.0,21.544785376176957,0.0,0.0,0.0
2025-04-07 11:27:30,661.06,632.29,28.71,2.43,646.675,1293.35,28.769999999999982,0.04448911733948408,31.14,26.28,8.219999999999914,-4.110000000000014,2.05499999999995,12.329999999999927,5.999997080293502,8.219999999999914,-4.110000000000014,2.05499999999995,0.5700000000000003,0.6500000000000001,0.07999999999999985,20.766698112822795,0.0,0.0,0.0
2025-04-07 11:27:31,669.28,636.4,29.3,3.11,652.8399999999999,1305.6799999999998,32.879999999999995,0.050364560917890204,32.410000000000004,26.19,8.220000000000027,4.110000000000014,6.164999999999964,4.110000000000014,0.666666558529356,1.1368683772161603e-13,8.220000000000027,4.110000000000014,0.5899999999999999,0.6799999999999997,0.08999999999999986,20.14316506809117,0.0,0.0,0.0
2025-04-07 11:27:32,677.5,642.56,29.87,3.79,660.03,1320.06,34.940000000000055,0.0529369876324759,33.660000000000004,26.080000000000002,8.220000000000027,6.159999999999968,7.190000000000055,2.060000000000059,0.28650900048554145,0.0,2.0499999999999545,1.025000000000091,0.5700000000000003,0.6800000000000002,0.10999999999999988,19.608733820299054,0.0,0.0,0.0
2025-04-07 11:27:33,675.44,652.84,30.44,4.44,664.1400000000001,1328.2800000000002,22.600000000000023,0.03402896974428742,34.88,26.0,-2.0599999999999454,10.280000000000086,4.110000000000127,12.340000000000032,3.0024323595054234,-10.279999999999973,4.120000000000118,-3.0799999999999272,0.5700000000000003,0.6500000000000004,0.08000000000000007,19.040710463282387,8.390344450617038,7.60830335883105,2.9416139277614435
2025-04-07 11:27:34,675.44,667.22,31.03,5.12,671.33,1342.66,8.220000000000027,0.012244350748150203,36.15,25.91,0.0,14.379999999999995,7.189999999999941,14.379999999999995,1.9999997218359375,2.0599999999999454,4.099999999999909,3.0799999999998136,0.5899999999999999,0.6799999999999997,0.08999999999999986,18.570677217961904,9.609377971544234,10.738688001799844,2.226529249751726
2025-04-07 11:27:35,687.77,677.5,31.61,5.77,682.635,1365.27,10.269999999999982,0.015044643162092976,37.379999999999995,25.84,12.329999999999927,10.279999999999973,11.30499999999995,2.0499999999999545,0.18133567613129478,12.329999999999927,-4.100000000000023,4.115000000000009,0.5799999999999983,0.6499999999999995,0.07000000000000117,18.26203803472344,11.371324680968286,12.38367554484533,2.6206025070581993
2025-04-07 11:27:36,685.72,693.94,32.18,6.44,689.83,1379.66,8.220000000000027,0.011915979281973889,38.62,25.74,-2.0499999999999545,16.440000000000055,7.19500000000005,18.49000000000001,2.5698398096122403,-14.379999999999882,6.160000000000082,-4.1099999999999,0.5700000000000003,0.6700000000000008,0.10000000000000053,17.861988144433248,12.488327349969541,11.753305917910943,2.5594594155797212
2025-04-07 11:27:37,687.77,712.44,32.77,7.12,700.105,1400.21,24.670000000000073,0.03523757145679934,39.89,25.650000000000002,2.0499999999999545,18.5,10.274999999999977,16.450000000000045,1.6009730801972752,4.099999999999909,2.0599999999999454,3.0799999999999272,0.5900000000000034,0.6799999999999997,0.0899999999999963,17.55088950737304,14.331463027199833,8.145098526107606,2.851918214114782
2025-04-07 11:27:38,687.77,720.67,33.34,7.77,704.22,1408.44,32.89999999999998,0.04671835499315785,41.11,25.570000000000004,0.0,8.229999999999905,4.115000000000009,8.229999999999905,1.9999995139733588,-2.0499999999999545,-10.270000000000095,-6.159999999999968,0.5700000000000003,0.6499999999999995,0.07999999999999918,17.13013823570571,13.289597153412753,11.30270896732283,2.8502070100257417
2025-04-07 11:27:39,702.16,718.61,33.91,8.45,710.385,1420.77,16.450000000000045,0.023156457381340523,42.36,25.459999999999997,14.389999999999986,-2.0599999999999454,6.164999999999964,16.449999999999932,2.6682882938705164,14.389999999999986,-10.28999999999985,2.0499999999999545,0.5699999999999932,0.6799999999999997,0.11000000000000654,16.77018374008065,11.155084602995931,10.284000680668976,2.959244836102597
2025-04-07 11:27:40,706.27,724.78,34.49,9.1,715.525,1431.05,18.50999999999999,0.02586911704570892,43.59,25.39,4.110000000000014,6.169999999999959,5.139999999999986,2.0599999999999454,0.40077813214432273,-10.279999999999973,8.229999999999905,-1.0249999999999773,0.5800000000000054,0.6500000000000004,0.06999999999999496,16.414888359373975,9.869160678598602,9.242529415695673,2.3639627746646057
2025-04-07 11:27:41,706.27,735.06,35.08,9.78,720.665,1441.33,28.789999999999964,0.03994921351814054,44.86,25.299999999999997,0.0,10.279999999999973,5.139999999999986,10.279999999999973,1.9999996108950173,-4.110000000000014,4.110000000000014,0.0,0.5899999999999963,0.6799999999999997,0.09000000000000341,16.064756663737032,8.300203310762718,6.88108131037555,2.408102468750024
2025-04-07 11:27:42,704.22,730.95,35.65,10.43,717.585,1435.17,26.730000000000018,0.037249942463610686,46.08,25.22,-2.0499999999999545,-4.1099999999999,-3.0799999999999272,2.0599999999999454,0.6688309516782605,-2.0499999999999545,-14.389999999999873,-8.219999999999914,0.5700000000000003,0.6500000000000004,0.08000000000000007,15.572590807886487,6.476724094787135,6.972530387169331,3.746864355697934
2025-04-07 11:27:43,716.55,716.55,36.22,11.11,716.55,1433.1,0.0,0.0,47.33,25.11,12.329999999999927,-14.400000000000091,-1.0350000000000819,26.730000000000018,25.826062003802804,14.379999999999882,-10.290000000000191,2.0449999999998454,0.5700000000000003,0.6799999999999997,0.10999999999999943,15.139446120020153,3.7493326072777333,11.393567483453102,4.2130235579687705
2025-04-07 11:27:44,714.5,696.0,36.79,11.76,705.25,1410.5,18.5,0.026231832646250505,48.55,25.03,-2.0499999999999545,-20.549999999999955,-11.299999999999955,18.5,1.6371679967108035,-14.379999999999882,-6.149999999999864,-10.264999999999873,0.5700000000000003,0.6500000000000004,0.08000000000000007,14.526261286791737,5.840568251462868,11.356351967071111,6.8156654113886495
2025-04-07 11:27:45,724.78,689.83,37.37,12.41,707.3050000000001,1414.6100000000001,34.94999999999993,0.049412912322954056,49.78,24.959999999999997,10.279999999999973,-6.169999999999959,2.0550000000000637,16.449999999999932,8.004862284738266,12.329999999999927,14.379999999999995,13.355000000000018,0.5799999999999983,0.6500000000000004,0.07000000000000206,14.208617633414674,6.777965587106199,13.529757204029918,6.232506919370389
2025-04-07 11:27:46,720.67,685.72,37.94,13.09,703.1949999999999,1406.3899999999999,34.94999999999993,0.04970171851378098,51.03,24.849999999999998,-4.110000000000014,-4.110000000000014,-4.110000000000127,0.0,0.0,-14.389999999999986,2.0599999999999454,-6.165000000000191,0.5700000000000003,0.6799999999999997,0.10999999999999943,13.780031084067586,6.64390002182425,14.566781731048188,4.95788689866963
2025-04-07 11:27:47,730.95,677.5,38.51,13.74,704.225,1408.45,53.450000000000045,0.07589903784174235,52.25,24.769999999999996,10.280000000000086,-8.220000000000027,1.0300000000000864,18.500000000000114,17.961147610534905,14.3900000000001,-4.110000000000014,5.140000000000214,0.5700000000000003,0.6500000000000004,0.08000000000000007,13.477990172670046,5.386825363792276,20.111396023150657,5.367479156922749
2025-04-07 11:27:48,739.17,687.77,39.1,14.42,713.47,1426.94,51.39999999999998,0.07204227217396345,53.52,24.68,8.219999999999914,10.269999999999982,9.245000000000005,2.050000000000068,0.22174145789709135,-2.060000000000173,18.49000000000001,8.214999999999918,0.5900000000000034,0.6799999999999997,0.0899999999999963,13.33090408574544,4.083854490551303,14.274146209143314,7.63935157588654
2025-04-07 11:27:49,741.23,716.55,39.67,15.07,728.89,1457.78,24.680000000000064,0.033859704435704095,54.74,24.6,2.060000000000059,28.779999999999973,15.419999999999959,26.719999999999914,1.732814414214369,-6.1599999999998545,18.50999999999999,6.1749999999999545,0.5700000000000003,0.6500000000000004,0.08000000000000007,13.315491170707139,10.55645809445558,12.211725103358658,7.642848454601211
2025-04-07 11:27:50,739.17,737.11,40.25,15.75,738.14,1476.28,2.0599999999999454,0.00279079848972979,56.0,24.5,-2.060000000000059,20.56000000000006,9.25,22.62000000000012,2.4454051410372952,-4.120000000000118,-8.219999999999914,-6.169999999999959,0.5799999999999983,0.6799999999999997,0.10000000000000142,13.181071193195157,15.433777648391775,21.134076038473996,7.6909440252806585
2025-04-07 11:27:51,749.45,753.56,40.82,16.4,751.505,1503.01,4.1099999999999,0.005469025481574806,57.22,24.42,10.280000000000086,16.449999999999932,13.365000000000009,6.169999999999845,0.46165353822269384,12.340000000000146,-4.110000000000127,4.115000000000009,0.5700000000000003,0.6499999999999986,0.0799999999999983,13.133606900845738,18.9051955160479,24.72955013743683,5.516380833481272
2025-04-07 11:27:52,757.68,763.85,41.39,17.07,760.765,1521.53,6.170000000000073,0.008110257427575948,58.46,24.32,8.229999999999905,10.290000000000077,9.259999999999991,2.060000000000173,0.22246217899978357,-2.050000000000182,-6.1599999999998545,-4.105000000000018,0.5700000000000003,0.6700000000000017,0.10000000000000142,13.013427762343008,18.599921169187727,20.896457355255233,2.9079816883880034
2025-04-07 11:27:53,747.39,778.24,41.96,17.73,762.815,1525.63,30.850000000000023,0.04044230902585517,59.69,24.23,-10.289999999999964,14.389999999999986,2.050000000000068,24.67999999999995,12.039018517551517,-18.519999999999868,4.099999999999909,-7.209999999999923,0.5700000000000003,0.6600000000000001,0.08999999999999986,12.7796111110804,14.630717087689156,13.217054513014654,5.1216799001889655
2025-04-07 11:27:54,710.39,780.3,42.0,18.38,745.345,1490.69,69.90999999999997,0.09379549055297141,60.379999999999995,23.62,-37.0,2.0599999999999454,-17.470000000000027,39.059999999999945,2.2358327283438553,-26.710000000000036,-12.330000000000041,-19.520000000000095,0.03999999999999915,0.6499999999999986,0.6099999999999994,12.344236297710564,10.368390906982585,28.896423654147934,12.300236989586837
2025-04-07 11:27:55,706.27,780.3,42.0,19.05,743.285,1486.57,74.02999999999997,0.09959840424655626,61.05,22.95,-4.1200000000000045,0.0,-2.060000000000059,4.1200000000000045,1.9999990291266296,32.879999999999995,-2.0599999999999454,15.409999999999968,0.0,0.6700000000000017,0.6700000000000017,12.175020275593445,8.82488640153511,33.63164997439168,11.965822370401476
2025-04-07 11:27:56,720.67,784.41,42.45,19.71,752.54,1505.08,63.74000000000001,0.08469981650849151,62.160000000000004,22.740000000000002,14.399999999999977,4.110000000000014,9.254999999999995,10.289999999999964,1.1118313223304859,18.519999999999982,4.110000000000014,11.315000000000055,0.45000000000000284,0.6600000000000001,0.2099999999999973,12.106499161735856,8.800693154519099,29.34625189014771,11.009488861886382
2025-04-07 11:27:57,716.55,774.13,42.45,20.36,745.3399999999999,1490.6799999999998,57.58000000000004,0.07725333394524206,62.81,22.090000000000003,-4.1200000000000045,-10.279999999999973,-7.2000000000000455,6.159999999999968,0.8555554367284017,-18.519999999999982,-14.389999999999986,-16.45500000000004,0.0,0.6499999999999986,0.6499999999999986,11.866581565569469,8.047679013231022,17.041046622786986,10.044350402091736
2025-04-07 11:27:58,763.85,761.79,42.52,21.04,762.8199999999999,1525.6399999999999,2.060000000000059,0.0027005060136068184,63.56,21.480000000000004,47.30000000000007,-12.340000000000032,17.480000000000018,59.6400000000001,3.411899118312409,51.42000000000007,-2.060000000000059,24.680000000000064,0.07000000000000028,0.6799999999999997,0.6099999999999994,12.001573127728554,8.049690522001345,29.403826791762977,13.715774859627894
2025-04-07 11:27:59,724.78,747.39,42.72,21.69,736.085,1472.17,22.610000000000014,0.030716561224971912,64.41,21.029999999999998,-39.07000000000005,-14.399999999999977,-26.7349999999999,24.670000000000073,0.9227603918922676,-86.37000000000012,-2.0599999999999454,-44.21499999999992,0.19999999999999574,0.6500000000000021,0.4500000000000064,11.42811657462946,10.142941757695226,30.382480642633485,16.918183487005898
2025-04-07 11:28:00,724.78,728.89,42.72,22.34,726.835,1453.67,4.110000000000014,0.005654653386732009,65.06,20.38,0.0,-18.5,-9.25,18.5,1.9999997837838073,39.07000000000005,-4.100000000000023,17.4849999999999,0.0,0.6499999999999986,0.6499999999999986,11.171764353339006,13.996277808760313,29.17443144261768,17.242735064368386
2025-04-07 11:28:01,728.89,735.06,42.88,22.99,731.9749999999999,1463.9499999999998,6.169999999999959,0.008429249621326835,65.87,19.890000000000004,4.110000000000014,6.169999999999959,5.139999999999873,2.0599999999999454,0.40077813214433156,4.110000000000014,24.66999999999996,14.389999999999873,0.1600000000000037,0.6499999999999986,0.4899999999999949,11.112418231176282,14.146081347850249,23.310474684141454,16.579723158122952
2025-04-07 11:28:02,726.83,735.06,42.88,23.67,730.9449999999999,1461.8899999999999,8.229999999999905,0.011259397066455764,66.55000000000001,19.21,-2.0599999999999454,0.0,-1.0299999999999727,2.0599999999999454,1.9999980582543124,-6.169999999999959,-6.169999999999959,-6.169999999999845,0.0,0.6800000000000033,0.6800000000000033,10.983395777860316,14.405479686563623,8.143204528930784,16.522033924429476
2025-04-07 11:28:03,728.89,755.62,43.06,24.32,742.255,1484.51,26.730000000000018,0.036011882660255755,67.38,18.740000000000002,2.0599999999999454,20.56000000000006,11.31000000000006,18.500000000000114,1.635720456611809,4.119999999999891,20.56000000000006,12.340000000000032,0.17999999999999972,0.6499999999999986,0.46999999999999886,11.015954125616592,5.842459242476403,10.34014506668062,14.757502159918486
2025-04-07 11:28:04,728.89,735.06,43.06,24.47,731.9749999999999,1463.9499999999998,6.169999999999959,0.008429249621326835,67.53,18.590000000000003,0.0,-20.56000000000006,-10.280000000000086,20.56000000000006,1.9999998054474788,-2.0599999999999454,-41.12000000000012,-21.590000000000146,0.0,0.14999999999999858,0.14999999999999858,10.839256466174197,5.696061797417405,9.309378067303923,9.263626179849895
2025-04-07 11:28:05,780.3,728.89,43.06,24.47,754.595,1509.19,51.40999999999997,0.06812926130158656,67.53,18.590000000000003,51.40999999999997,-6.169999999999959,22.62000000000012,57.57999999999993,2.5455348123105574,51.40999999999997,14.3900000000001,32.900000000000205,0.0,0.0,0.0,11.174218700218885,10.189017617022651,19.701642571115737,12.435994934061439
2025-04-07 11:28:06,728.89,757.68,43.22,24.97,743.285,1486.57,28.789999999999964,0.03873346019530396,68.19,18.25,-51.40999999999997,28.789999999999964,-11.31000000000006,80.19999999999993,7.091069222717091,-102.81999999999994,34.95999999999992,-33.93000000000018,0.1599999999999966,0.5,0.3400000000000034,10.900205148845796,9.662004450423172,18.357240533369932,14.565821981611693
2025-04-07 11:28:07,728.89,733.0,43.22,25.0,730.9449999999999,1461.8899999999999,4.110000000000014,0.005622858073284797,68.22,18.22,0.0,-24.67999999999995,-12.340000000000032,24.67999999999995,1.9999998379254498,51.40999999999997,-53.469999999999914,-1.0299999999999727,0.0,0.030000000000001137,0.030000000000001137,10.714526374750418,9.662004450423172,19.32400890084661,16.011328801820373
2025-04-07 11:28:08,737.11,726.83,43.38,25.0,731.97,1463.94,10.279999999999973,0.014044291413521976,68.38,18.380000000000003,8.220000000000027,-6.169999999999959,1.025000000000091,14.389999999999986,14.039010693646846,8.220000000000027,18.50999999999999,13.365000000000123,0.1600000000000037,0.0,0.1600000000000037,10.704445587826184,10.2983641904915,20.01234668898175,14.810713014571661
2025-04-07 11:28:09,733.0,739.17,43.38,25.45,736.085,1472.17,6.169999999999959,0.008382184111369984,68.83,17.930000000000003,-4.110000000000014,12.339999999999918,4.115000000000009,16.449999999999932,3.9975688948799513,-12.330000000000041,18.509999999999877,3.089999999999918,0.0,0.4499999999999993,0.4499999999999993,10.694246539383315,9.793614246027717,20.01234668898175,14.199133160161638
2025-04-07 11:28:10,739.17,735.06,43.54,25.45,737.115,1474.23,4.110000000000014,0.005575792100858376,68.99,18.09,6.169999999999959,-4.110000000000014,1.0299999999999727,10.279999999999973,9.980572834395545,10.279999999999973,-16.449999999999932,-3.0850000000000364,0.1599999999999966,0.0,0.1599999999999966,10.684374392167353,4.900091835873841,10.425944561525283,7.71567187612333
2025-04-07 11:28:11,728.89,743.28,43.54,25.6,736.085,1472.17,14.389999999999986,0.019549372668170948,69.14,17.939999999999998,-10.279999999999973,8.220000000000027,-1.0299999999999727,18.5,17.961147610536777,-16.449999999999932,12.330000000000041,-2.0599999999999454,0.0,0.15000000000000213,0.15000000000000213,10.646297213678086,2.77865075171351,4.457209889605691,6.364221279936787
2025-04-07 11:28:12,774.13,739.17,43.61,25.9,756.65,1513.3,34.960000000000036,0.046203660812524125,69.50999999999999,17.71,45.24000000000001,-4.110000000000014,20.56499999999994,49.35000000000002,2.3997081254700725,55.51999999999998,-12.330000000000041,21.594999999999914,0.07000000000000028,0.29999999999999716,0.22999999999999687,10.885483946403628,9.744271009161995,12.37367649488217,8.815830505403293
2025-04-07 11:28:13,739.17,735.06,43.65,25.9,737.115,1474.23,4.110000000000014,0.005575792100858376,69.55,17.75,-34.960000000000036,-4.110000000000014,-19.534999999999968,30.850000000000023,1.5792167095358773,-80.20000000000005,0.0,-40.09999999999991,0.03999999999999915,0.0,0.03999999999999915,10.598346360915222,8.981409967259838,13.120301825796517,14.302939121033797
2025-04-07 11:28:14,737.11,753.56,43.65,26.25,745.335,1490.67,16.449999999999932,0.02207061251374123,69.9,17.4,-2.0599999999999454,18.5,8.220000000000027,20.559999999999945,2.5012162407279366,32.90000000000009,22.610000000000014,27.754999999999995,0.0,0.3500000000000014,0.3500000000000014,10.662875383935974,8.76641888116199,12.628027557777946,14.638247419004747
2025-04-07 11:28:15,737.11,741.23,43.75,26.68,739.1700000000001,1478.3400000000001,4.1200000000000045,0.005573819276250639,70.43,17.07,0.0,-12.329999999999927,-6.164999999999964,12.329999999999927,1.9999996755880494,2.0599999999999454,-30.829999999999927,-14.384999999999991,0.10000000000000142,0.4299999999999997,0.3299999999999983,10.495101370224317,8.497218221276484,12.625911056236665,15.085815937495694
2025-04-07 11:28:16,739.17,735.06,43.75,26.68,737.115,1474.23,4.110000000000014,0.005575792100858376,70.43,17.07,2.0599999999999454,-6.170000000000073,-2.0550000000000637,8.230000000000018,4.004864231209504,2.0599999999999454,6.1599999999998545,4.1099999999999,0.0,0.0,0.0,10.465923463496756,8.301813506697972,13.516195840546228,15.117224613003511
2025-04-07 11:28:17,735.06,753.56,43.86,26.9,744.31,1488.62,18.5,0.024855235016518342,70.75999999999999,16.96,-4.110000000000014,18.5,7.194999999999936,22.610000000000014,3.142459604939626,-6.169999999999959,24.670000000000073,9.25,0.10999999999999943,0.21999999999999886,0.10999999999999943,10.518795781249354,3.9534563991518055,7.354289224663295,11.321746552542125
2025-04-07 11:28:18,733.0,747.39,43.86,27.13,740.1949999999999,1480.3899999999999,14.389999999999986,0.019440823000100197,70.99,16.73,-2.0599999999999454,-6.169999999999959,-4.115000000000009,4.110000000000014,0.9987846904532962,2.050000000000068,-24.66999999999996,-11.309999999999945,0.0,0.23000000000000043,0.23000000000000043,10.426750099637271,3.4851596089697496,6.908873280065191,6.644595924508871
2025-04-07 11:28:19,745.34,745.34,43.97,27.13,745.34,1490.68,0.0,0.0,71.1,16.84,12.340000000000032,-2.0499999999999545,5.1450000000000955,14.389999999999986,2.796889641032085,14.399999999999977,4.1200000000000045,9.260000000000105,0.10999999999999943,0.0,0.10999999999999943,10.482981568453145,3.486634121899522,7.826520938450166,5.860941050718734
2025-04-07 11:28:20,741.23,743.28,43.97,27.4,742.255,1484.51,2.0499999999999545,0.0027618540760764162,71.37,16.57,-4.110000000000014,-2.060000000000059,-3.0850000000000364,2.0499999999999545,0.6645054572105261,-16.450000000000045,-0.010000000000104592,-8.230000000000132,0.0,0.2699999999999996,0.2699999999999996,10.400097934705087,3.2998003727489063,8.146106431909603,5.1722596609219265
2025-04-07 11:28:21,739.17,741.23,44.08,27.4,740.2,1480.4,2.060000000000059,0.002783031609317789,71.47999999999999,16.68,-2.060000000000059,-2.0499999999999545,-2.05499999999995,0.010000000000104592,0.004866177680743141,2.0499999999999545,0.010000000000104592,1.0300000000000864,0.10999999999999943,0.0,0.10999999999999943,10.355344007339902,2.3450346479302793,8.42567801426086,5.172259660921911
2025-04-07 11:28:22,743.28,745.34,44.08,27.55,744.31,1488.62,2.060000000000059,0.0027676640072448245,71.63,16.529999999999998,4.110000000000014,4.110000000000014,4.1099999999999,0.0,0.0,6.170000000000073,6.159999999999968,6.16499999999985,0.0,0.15000000000000213,0.15000000000000213,10.39103712981939,2.3450346479302793,5.814186959498182,4.302226167927493
2025-04-07 11:28:23,784.41,747.39,44.13,27.78,765.9,1531.8,37.01999999999998,0.04833529175044352,71.91,16.35,41.129999999999995,2.0499999999999545,21.590000000000032,39.08000000000004,1.810097183413747,37.01999999999998,-2.060000000000059,17.480000000000132,0.05000000000000426,0.23000000000000043,0.17999999999999616,10.650813368783016,10.418141868874248,15.89099493423865,9.887897526774855
2025-04-07 11:28:24,739.17,745.34,44.18,27.78,742.255,1484.51,6.170000000000073,0.00831250714604491,71.96000000000001,16.4,-45.24000000000001,-2.0499999999999545,-23.644999999999982,43.190000000000055,1.8266017413152187,-86.37,-4.099999999999909,-45.235000000000014,0.04999999999999716,0.0,0.04999999999999716,10.314827538704453,10.673739621144541,15.28035568957733,16.232244376548795
2025-04-07 11:28:25,745.34,743.28,44.18,28.03,744.31,1488.62,2.060000000000059,0.0027676640072448245,72.21000000000001,16.15,6.170000000000073,-2.060000000000059,2.05499999999995,8.230000000000132,4.0048642312097815,51.41000000000008,-0.010000000000104592,25.699999999999932,0.0,0.25,0.25,10.307574985354174,10.484000906142215,15.279076542775675,16.199596214103607
2025-04-07 11:28:26,743.28,747.39,44.29,28.03,745.335,1490.67,4.110000000000014,0.005514298932004689,72.32,16.259999999999998,-2.060000000000059,4.110000000000014,1.025000000000091,6.170000000000073,6.0195063224323935,-8.230000000000132,6.170000000000073,-1.029999999999859,0.10999999999999943,0.0,0.10999999999999943,10.306070100856333,9.834366146325367,15.042650364879124,16.14083509301796
2025-04-07 11:28:27,747.39,749.45,44.29,28.18,748.4200000000001,1496.8400000000001,2.060000000000059,0.0027524651896630153,72.47,16.11,4.110000000000014,2.060000000000059,3.0850000000000364,2.0499999999999545,0.6645054572105261,6.170000000000073,-2.0499999999999545,2.0599999999999454,0.0,0.14999999999999858,0.14999999999999858,10.327307709020179,9.573035960445871,15.042650364879124,16.098342927146266
2025-04-07 11:28:28,743.28,747.39,44.4,28.36,745.335,1490.67,4.110000000000014,0.005514298932004689,72.75999999999999,16.04,-4.110000000000014,-2.060000000000059,-3.0850000000000364,2.0499999999999545,0.6645054572105261,-8.220000000000027,-4.120000000000118,-6.170000000000073,0.10999999999999943,0.17999999999999972,0.07000000000000028,10.243746423258022,2.2274520196836765,1.7187408181569364,11.16703049158549
2025-04-07 11:28:29,747.39,747.39,44.4,28.36,747.39,1494.78,0.0,0.0,72.75999999999999,16.04,4.110000000000014,0.0,2.05499999999995,4.110000000000014,1.9999990267645191,8.220000000000027,2.060000000000059,5.139999999999986,0.0,0.0,0.0,10.271989963276665,1.6885074770317494,1.7187408181569286,2.41130047899471
2025-04-07 11:28:30,749.45,751.51,44.49,28.68,750.48,1500.96,2.0599999999999454,0.002744909920657493,73.17,15.810000000000002,2.060000000000059,4.1200000000000045,3.090000000000032,2.0599999999999454,0.6666664509169816,-2.0499999999999545,4.1200000000000045,1.0350000000000819,0.09000000000000341,0.3200000000000003,0.22999999999999687,10.256662426449878,2.1826033767020663,1.7187408181569355,2.561367798657617
2025-04-07 11:28:31,747.39,747.39,44.49,28.68,747.39,1494.78,0.0,0.0,73.17,15.810000000000002,-2.060000000000059,-4.1200000000000045,-3.090000000000032,2.0599999999999454,0.6666664509169816,-4.120000000000118,-8.240000000000009,-6.180000000000064,0.0,0.0,0.0,10.21443200472281,1.869437081046328,1.719936045322253,3.2213766467149143
2025-04-07 11:28:32,751.51,751.51,44.59,28.81,751.51,1503.02,0.0,0.0,73.4,15.780000000000005,4.1200000000000045,4.1200000000000045,4.1200000000000045,0.0,0.0,6.180000000000064,8.240000000000009,7.210000000000036,0.10000000000000142,0.129999999999999,0.029999999999997584,10.238555718820766,2.521444030707517,1.8386081692407226,3.4605357244218986
2025-04-07 11:28:33,747.39,747.39,44.59,28.86,747.39,1494.78,0.0,0.0,73.45,15.730000000000004,-4.1200000000000045,-4.1200000000000045,-4.1200000000000045,0.0,0.0,-8.240000000000009,-8.240000000000009,-8.240000000000009,0.0,0.05000000000000071,0.05000000000000071,10.175493394479327,2.007839635028241,0.921260006729187,3.7557762180407037
2025-04-07 11:28:34,790.58,747.39,44.67,28.86,768.985,1537.97,43.190000000000055,0.0561649446267939,73.53,15.810000000000002,43.190000000000055,0.0,21.595000000000027,43.190000000000055,1.999999907385973,47.31000000000006,4.1200000000000045,25.715000000000032,0.0799999999999983,0.0,0.0799999999999983,10.458112192872132,9.040477310407203,19.10567454972475,10.32133978706255
2025-04-07 11:28:35,751.51,747.39,44.7,29.06,749.45,1498.9,4.1200000000000045,0.005497364726803175,73.76,15.640000000000004,-39.07000000000005,0.0,-19.534999999999968,39.07000000000005,1.999999897619668,-82.2600000000001,0.0,-41.129999999999995,0.030000000000001137,0.1999999999999993,0.16999999999999815,10.160656044459653,9.127868042428501,18.938738606359184,14.926863116542608
2025-04-07 11:28:36,749.45,749.45,44.7,29.06,749.45,1498.9,0.0,0.0,73.76,15.640000000000004,-2.0599999999999454,2.060000000000059,0.0,4.1200000000000045,4120000.0000000047,37.010000000000105,2.060000000000059,19.534999999999968,0.0,0.0,0.0,10.160656044459653,8.85692074030174,18.938738606359184,14.841330213292878
2025-04-07 11:28:37,747.39,753.56,44.81,29.23,750.4749999999999,1500.9499999999998,6.169999999999959,0.008221459731208235,74.04,15.580000000000002,-2.060000000000059,4.1099999999999,1.0249999999998636,6.169999999999959,6.019506322433618,-1.1368683772161603e-13,2.049999999999841,1.0249999999998636,0.10999999999999943,0.1700000000000017,0.060000000000002274,10.136074957643503,8.922730103504612,18.3602649763014,14.711993661635393
2025-04-07 11:28:38,745.34,751.51,44.81,29.23,748.425,1496.85,6.169999999999959,0.008243979011598998,74.04,15.580000000000002,-2.0499999999999545,-2.0499999999999545,-2.0499999999999545,0.0,0.0,0.010000000000104592,-6.1599999999998545,-3.074999999999818,0.0,0.0,0.0,10.108387221658734,8.766330902948354,17.655479319463407,14.60307441945017
2025-04-07 11:28:39,753.56,730.95,44.92,29.43,742.255,1484.51,22.6099999999999,0.03046122959028726,74.35,15.490000000000002,8.219999999999914,-20.559999999999945,-6.169999999999959,28.77999999999986,4.664504916611853,10.269999999999868,-18.50999999999999,-4.1200000000000045,0.10999999999999943,0.1999999999999993,0.08999999999999986,9.983254741314665,3.298320405902277,8.646261041629389,8.397018369635703
2025-04-07 11:28:40,747.39,751.51,44.92,29.43,749.45,1498.9,4.1200000000000045,0.005497364726803175,74.35,15.490000000000002,-6.169999999999959,20.559999999999945,7.19500000000005,26.729999999999905,3.7150794002668963,-14.389999999999873,41.11999999999989,13.365000000000009,0.0,0.0,0.0,10.08002676422291,3.298320405902277,8.646261041629389,4.875706359082752
2025-04-07 11:28:41,749.45,751.51,45.02,29.43,750.48,1500.96,2.0599999999999454,0.002744909920657493,74.45,15.590000000000003,2.060000000000059,0.0,1.0299999999999727,2.060000000000059,1.999998058254423,8.230000000000018,-20.559999999999945,-6.165000000000077,0.10000000000000142,0.0,0.10000000000000142,10.080322228605477,3.4397939618516666,8.219375280396823,4.897416921194271
2025-04-07 11:28:42,751.51,753.56,45.02,29.56,752.535,1505.07,2.0499999999999545,0.0027241257845493283,74.58,15.460000000000004,2.0599999999999454,2.0499999999999545,2.05499999999995,0.009999999999990905,0.004866177680687819,-1.1368683772161603e-13,2.0499999999999545,1.0249999999999773,0.0,0.129999999999999,0.129999999999999,10.090305576692067,3.8738407943526805,8.671122764671155,4.961719208097127
2025-04-07 11:28:43,755.62,753.56,45.13,29.56,754.5899999999999,1509.1799999999998,2.060000000000059,0.002729959312037133,74.69,15.570000000000004,4.110000000000014,0.0,2.05499999999995,4.110000000000014,1.9999990267645191,2.050000000000068,-2.0499999999999545,0.0,0.10999999999999943,0.0,0.10999999999999943,10.102958761508116,4.688204080454489,9.005473335699689,4.789113435699765
2025-04-07 11:28:44,749.45,755.62,45.13,29.73,752.5350000000001,1505.0700000000002,6.169999999999959,0.008198954190570543,74.86,15.400000000000002,-6.169999999999959,2.060000000000059,-2.0549999999998363,8.230000000000018,4.004864231209948,-10.279999999999973,2.060000000000059,-4.109999999999786,0.0,0.1700000000000017,0.1700000000000017,10.052564653318667,2.0037358857865994,1.8402907378995028,3.33025224269872
2025-04-07 11:28:45,788.53,753.56,45.18,29.73,771.045,1542.09,34.97000000000003,0.04535403245549351,74.91,15.45,39.07999999999993,-2.060000000000059,18.509999999999877,41.139999999999986,2.2225822678237703,45.249999999999886,-4.120000000000118,20.564999999999714,0.04999999999999716,0.0,0.04999999999999716,10.292951404445983,8.404494779579931,14.37021468176448,8.109890104064222
2025-04-07 11:28:46,753.56,749.45,45.24,29.94,751.505,1503.01,4.1099999999999,0.005469025481574806,75.18,15.3,-34.97000000000003,-4.1099999999999,-19.539999999999964,30.860000000000127,1.5793243818155476,-74.04999999999995,-2.049999999999841,-38.04999999999984,0.060000000000002274,0.21000000000000085,0.14999999999999858,9.996075951103006,8.239854064240834,14.133524684239227,13.572864933388171
2025-04-07 11:28:47,751.51,755.62,45.24,29.94,753.565,1507.13,4.110000000000014,0.005454074956434997,75.18,15.3,-2.0499999999999545,6.169999999999959,2.060000000000059,8.219999999999914,3.9902893251021125,32.92000000000007,10.279999999999859,21.600000000000023,0.0,0.0,0.0,10.023476855234414,8.129899753378634,13.876187516749667,13.573035493212208
2025-04-07 11:28:48,753.56,784.41,45.35,30.06,768.9849999999999,1537.9699999999998,30.850000000000023,0.04011781759056706,75.41,15.290000000000003,2.0499999999999545,28.789999999999964,15.419999999999845,26.74000000000001,1.7341114309914947,4.099999999999909,22.620000000000005,13.359999999999786,0.10999999999999943,0.11999999999999744,0.00999999999999801,10.19738747914882,9.629435082079569,15.489897352790951,15.24164951703054
2025-04-07 11:28:49,749.45,751.51,45.35,30.11,750.48,1500.96,2.0599999999999454,0.002744909920657493,75.46000000000001,15.240000000000002,-4.1099999999999,-32.89999999999998,-18.50499999999988,28.790000000000077,1.5557956468092198,-6.1599999999998545,-61.68999999999994,-33.92499999999973,0.0,0.05000000000000071,0.05000000000000071,9.945401405441274,10.037674282421461,16.235833825215146,18.083432472846418
2025-04-07 11:28:50,753.56,755.62,45.45,30.11,754.5899999999999,1509.1799999999998,2.060000000000059,0.002729959312037133,75.56,15.340000000000003,4.1099999999999,4.110000000000014,4.1099999999999,1.1368683772161603e-13,2.7661024345643417e-14,8.2199999999998,37.00999999999999,22.61499999999978,0.10000000000000142,0.0,0.10000000000000142,9.986633007058852,7.534086706428762,12.459119952869834,15.23979428995015
2025-04-07 11:28:51,753.56,755.62,45.45,30.24,754.5899999999999,1509.1799999999998,2.060000000000059,0.002729959312037133,75.69,15.210000000000004,0.0,0.0,0.0,0.0,0.0,-4.1099999999999,-4.110000000000014,-4.1099999999999,0.0,0.129999999999999,0.129999999999999,9.969480645138319,7.211262545489964,12.677198823083861,12.241769479940293
2025-04-07 11:28:52,755.62,755.62,45.49,30.24,755.62,1511.24,0.0,0.0,75.73,15.250000000000004,2.060000000000059,0.0,1.0300000000000864,2.060000000000059,1.999998058254202,2.060000000000059,0.0,1.0300000000000864,0.03999999999999915,0.0,0.03999999999999915,9.977815793241572,7.0633416312667725,13.135915651373484,12.220063625038849
2025-04-07 11:28:53,755.62,751.51,45.49,30.36,753.565,1507.13,4.110000000000014,0.005454074956434997,75.85,15.130000000000003,0.0,-4.110000000000014,-2.05499999999995,4.110000000000014,1.9999990267645191,-2.060000000000059,-4.110000000000014,-3.0850000000000364,0.0,0.120000000000001,0.120000000000001,9.934937245419418,1.9769559934373322,1.453107016017286,8.90302996176015
2025-04-07 11:28:54,759.73,757.68,45.6,30.36,758.7049999999999,1517.4099999999999,2.050000000000068,0.002701972436319908,75.96000000000001,15.240000000000002,4.110000000000014,6.169999999999959,5.139999999999873,2.0599999999999454,0.40077813214433156,4.110000000000014,10.279999999999973,7.194999999999823,0.10999999999999943,0.0,0.10999999999999943,9.988217351392608,1.977995829112685,1.453110456916012,2.9608064779717624
2025-04-07 11:28:55,751.51,759.73,45.6,30.49,755.62,1511.24,8.220000000000027,0.010878483879624075,76.09,15.110000000000003,-8.220000000000027,2.050000000000068,-3.0849999999999227,10.270000000000095,3.3290102661232046,-12.330000000000041,-4.119999999999891,-8.224999999999795,0.0,0.129999999999999,0.129999999999999,9.93060835943477,1.9236131367785698,3.1165638129193933,3.201896703518019
2025-04-07 11:28:56,798.81,753.56,45.7,30.49,776.185,1552.37,45.25,0.05829795724176845,76.19,15.210000000000004,47.299999999999955,-6.170000000000073,20.56499999999994,53.47000000000003,2.6000484998760847,55.51999999999998,-8.220000000000141,23.649999999999864,0.10000000000000142,0.0,0.10000000000000142,10.187491663112066,9.265401637273227,18.875103443425107,9.629007866857254
2025-04-07 11:28:57,749.45,759.73,45.7,30.61,754.59,1509.18,10.279999999999973,0.013623292100845069,76.31,15.090000000000003,-49.3599999999999,6.170000000000073,-21.594999999999914,55.52999999999997,2.5714284523534032,-96.65999999999985,12.340000000000146,-42.159999999999854,0.0,0.120000000000001,0.120000000000001,9.888481065542118,9.395963628068454,17.779357974910074,15.241480571125562
2025-04-07 11:28:58,751.51,755.62,45.7,30.61,753.565,1507.13,4.110000000000014,0.005454074956434997,76.31,15.090000000000003,2.0599999999999454,-4.110000000000014,-1.0249999999999773,6.169999999999959,6.01950632243295,51.419999999999845,-10.280000000000086,20.569999999999936,0.0,0.0,0.0,9.875049012252012,9.395963628068454,17.779357974910074,15.217183543612729
2025-04-07 11:28:59,753.56,815.27,45.76,30.66,784.415,1568.83,61.710000000000036,0.07867009162411472,76.42,15.099999999999998,2.0499999999999545,59.64999999999998,30.84999999999991,57.60000000000002,1.8670988049562849,-0.009999999999990905,63.75999999999999,31.874999999999886,0.05999999999999517,0.05000000000000071,0.009999999999994458,10.264524859139952,14.396875094963612,25.92367894416222,20.732539521245265
2025-04-07 11:29:00,757.68,759.73,45.76,30.74,758.7049999999999,1517.4099999999999,2.050000000000068,0.002701972436319908,76.5,15.02,4.1200000000000045,-55.539999999999964,-25.710000000000036,59.65999999999997,2.320497770497943,2.07000000000005,-115.18999999999994,-56.559999999999945,0.0,0.0799999999999983,0.0799999999999983,9.917712288657356,13.960573770443089,27.09680608485065,25.0056845037283
2025-04-07 11:29:01,759.73,755.62,45.79,30.74,757.675,1515.35,4.110000000000014,0.005424489384730293,76.53,15.05,2.050000000000068,-4.110000000000014,-1.0299999999999727,6.160000000000082,5.98057671788692,-2.0699999999999363,51.42999999999995,24.680000000000064,0.030000000000001137,0.0,0.030000000000001137,9.900365740227809,12.824114979209476,25.48748555664131,22.431329262885832
2025-04-07 11:29:02,757.68,755.62,45.79,30.86,756.65,1513.3,2.0599999999999454,0.0027225269243076966,76.65,14.93,-2.050000000000068,0.0,-1.0249999999999773,2.050000000000068,1.9999980487825024,-4.100000000000136,4.110000000000014,0.0049999999999954525,0.0,0.120000000000001,0.120000000000001,9.871493674214042,12.565454428709891,26.23914099203706,20.093780318795144
2025-04-07 11:29:03,757.68,757.68,45.85,30.86,757.68,1515.36,0.0,0.0,76.71000000000001,14.990000000000002,0.0,2.0599999999999454,1.0299999999999727,2.0599999999999454,1.9999980582543124,2.050000000000068,2.0599999999999454,2.05499999999995,0.060000000000002274,0.0,0.060000000000002274,9.877199714806416,11.979426634859665,26.718071225296182,20.078050079626735
2025-04-07 11:29:04,759.73,761.79,45.85,31.04,760.76,1521.52,2.0599999999999454,0.0027078184937327503,76.89,14.810000000000002,2.050000000000068,4.110000000000014,3.080000000000041,2.0599999999999454,0.6688309516782358,2.050000000000068,2.050000000000068,2.050000000000068,0.0,0.17999999999999972,0.17999999999999972,9.894134349146386,1.5582819064555404,1.4531104569160913,11.850644708200505
2025-04-07 11:29:05,757.68,757.68,45.9,31.04,757.68,1515.36,0.0,0.0,76.94,14.86,-2.050000000000068,-4.110000000000014,-3.080000000000041,2.0599999999999454,0.6688309516782358,-4.100000000000136,-8.220000000000027,-6.160000000000082,0.04999999999999716,0.0,0.04999999999999716,9.847673383835803,1.5581174538483222,1.7199360453222865,2.3417461433725313
2025-04-07 11:29:06,755.62,761.79,45.9,31.16,758.7049999999999,1517.4099999999999,6.169999999999959,0.008132278015655204,77.06,14.739999999999998,-2.0599999999999454,4.110000000000014,1.0249999999999773,6.169999999999959,6.01950632243295,-0.009999999999877218,8.220000000000027,4.105000000000018,0.0,0.120000000000001,0.120000000000001,9.845639633459127,1.55778689171103,2.5188926138283056,2.3410878881409225
2025-04-07 11:29:07,763.85,759.73,45.95,31.16,761.79,1523.58,4.1200000000000045,0.005408314620291275,77.11,14.790000000000003,8.230000000000018,-2.0599999999999454,3.0850000000000364,10.289999999999964,3.3354932461933857,10.289999999999964,-6.169999999999959,2.060000000000059,0.05000000000000426,0.0,0.05000000000000426,9.879263261843299,1.866271684398191,2.682461556108274,2.5158313735225164
2025-04-07 11:29:08,759.73,813.21,45.95,31.29,786.47,1572.94,53.48000000000002,0.06800005077371034,77.24000000000001,14.660000000000004,-4.1200000000000045,53.48000000000002,24.680000000000064,57.60000000000002,2.3338734872822684,-12.350000000000023,55.539999999999964,21.595000000000027,0.0,0.129999999999999,0.129999999999999,10.182159371023312,12.066681606804137,22.653253188008115,10.872789775398067
2025-04-07 11:29:09,763.85,759.73,45.99,31.29,761.79,1523.58,4.1200000000000045,0.005408314620291275,77.28,14.700000000000003,4.1200000000000045,-53.48000000000002,-24.680000000000064,57.60000000000002,2.3338734872822684,8.240000000000009,-106.96000000000004,-49.36000000000013,0.03999999999999915,0.0,0.03999999999999915,9.857530928344579,11.982974171714849,22.418283163525246,17.592945105922478
2025-04-07 11:29:10,755.62,759.73,45.99,31.29,757.675,1515.35,4.110000000000014,0.005424489384730293,77.28,14.700000000000003,-8.230000000000018,0.0,-4.115000000000009,8.230000000000018,1.9999995139733866,-12.350000000000023,53.48000000000002,20.565000000000055,0.0,0.0,0.0,9.80428299942698,11.983767875755321,21.86447003702581,17.64727932288719
2025-04-07 11:29:11,763.85,755.62,46.04,31.49,759.735,1519.47,8.230000000000018,0.010832724554176514,77.53,14.55,8.230000000000018,-4.110000000000014,2.060000000000059,12.340000000000032,5.990288354228797,16.460000000000036,-4.110000000000014,6.175000000000068,0.04999999999999716,0.1999999999999993,0.15000000000000213,9.799238877863552,11.85047077123879,21.68932617671649,17.66838044360608
2025-04-07 11:29:12,763.85,761.79,46.04,31.49,762.8199999999999,1525.6399999999999,2.060000000000059,0.0027005060136068184,77.53,14.55,0.0,6.169999999999959,3.0849999999999227,6.169999999999959,1.9999993517020298,-8.230000000000018,10.279999999999973,1.0249999999998636,0.0,0.0,0.0,9.839029925976655,11.778765109296682,21.961064409540786,17.668380443606075
2025-04-07 11:29:13,763.85,763.85,46.1,31.62,763.85,1527.7,0.0,0.0,77.72,14.48,0.0,2.060000000000059,1.0300000000000864,2.060000000000059,1.999998058254202,0.0,-4.1099999999999,-2.0549999999998363,0.060000000000002274,0.13000000000000256,0.07000000000000028,9.828229415488558,2.478077379741323,3.051430811930517,11.6030650045581
2025-04-07 11:29:14,765.9,759.73,46.1,31.62,762.815,1525.63,6.169999999999959,0.008088461805170975,77.72,14.48,2.0499999999999545,-4.1200000000000045,-1.0349999999999682,6.169999999999959,5.961346897249519,2.0499999999999545,-6.180000000000064,-2.0650000000000546,0.0,0.0,0.0,9.81491238014781,2.5819939000674683,3.2524037264766004,2.855523156971422
2025-04-07 11:29:15,765.9,761.79,46.15,31.72,763.845,1527.69,4.110000000000014,0.005380672773428301,77.87,14.43,0.0,2.0599999999999454,1.0299999999999727,2.0599999999999454,1.9999980582543124,-2.0499999999999545,6.17999999999995,2.064999999999941,0.04999999999999716,0.09999999999999787,0.05000000000000071,9.809233211644623,1.6892698126661418,3.2524037264766004,1.5280764051577918
2025-04-07 11:29:16,765.9,759.73,46.15,31.72,762.815,1525.63,6.169999999999959,0.008088461805170975,77.87,14.43,0.0,-2.0599999999999454,-1.0299999999999727,2.0599999999999454,1.9999980582543124,0.0,-4.119999999999891,-2.0599999999999454,0.0,0.0,0.0,9.7960060383202,0.5646171268964921,2.680927078456031,1.7229241132446669
2025-04-07 11:29:17,807.04,765.9,46.19,31.84,786.47,1572.94,41.139999999999986,0.05230968752487736,78.03,14.349999999999998,41.139999999999986,6.169999999999959,23.654999999999973,34.97000000000003,1.4783343276967127,41.139999999999986,8.229999999999905,24.684999999999945,0.03999999999999915,0.120000000000001,0.08000000000000185,10.07907202256732,10.360833340035116,16.749685668692383,10.629539618440655
2025-04-07 11:29:18,763.85,759.73,46.19,31.84,761.79,1523.58,4.1200000000000045,0.005408314620291275,78.03,14.349999999999998,-43.18999999999994,-6.169999999999959,-24.680000000000064,37.01999999999998,1.49999993922204,-84.32999999999993,-12.339999999999918,-48.335000000000036,0.0,0.0,0.0,9.762783419674696,10.603200342348694,16.131328835529917,17.10998049385213
2025-04-07 11:29:19,757.68,763.85,46.19,31.89,760.765,1521.53,6.170000000000073,0.008110257427575948,78.08,14.299999999999997,-6.170000000000073,4.1200000000000045,-1.0249999999999773,10.290000000000077,10.03901459608362,37.01999999999987,10.289999999999964,23.655000000000086,0.0,0.05000000000000071,0.05000000000000071,9.743404076032222,10.868240773003865,16.131328835529906,17.109890049325287
2025-04-07 11:29:20,757.68,763.85,46.24,32.04,760.765,1521.53,6.170000000000073,0.008110257427575948,78.28,14.200000000000003,0.0,0.0,0.0,0.0,0.0,6.170000000000073,-4.1200000000000045,1.0249999999999773,0.05000000000000426,0.14999999999999858,0.09999999999999432,9.718510351066552,11.184168163076942,15.893065468939543,17.094411879324788
2025-04-07 11:29:21,759.73,763.85,46.24,32.04,761.79,1523.58,4.1200000000000045,0.005408314620291275,78.28,14.200000000000003,2.050000000000068,0.0,1.0249999999999773,2.050000000000068,1.9999980487825024,2.050000000000068,0.0,1.0249999999999773,0.0,0.0,0.0,9.7316043723607,11.278079069592659,16.130053626693197,17.106669386528765
2025-04-07 11:29:22,765.9,759.73,46.29,32.17,762.815,1525.63,6.169999999999959,0.008088461805170975,78.46000000000001,14.119999999999997,6.169999999999959,-4.1200000000000045,1.025000000000091,10.289999999999964,10.039014596082396,4.119999999999891,-4.1200000000000045,1.1368683772161603e-13,0.04999999999999716,0.13000000000000256,0.0800000000000054,9.722342471038205,0.8575765271881429,1.1228312428851328,11.184168163077706
2025-04-07 11:29:23,763.85,763.85,46.29,32.17,763.85,1527.7,0.0,0.0,78.46000000000001,14.119999999999997,-2.0499999999999545,4.1200000000000045,1.0349999999999682,6.169999999999959,5.961346897249519,-8.219999999999914,8.240000000000009,0.009999999999877218,0.0,0.0,0.0,9.735533905996254,1.3398908537578882,2.6813112463865525,0.9184742783551557
2025-04-07 11:29:24,767.96,761.79,46.35,32.29,764.875,1529.75,6.170000000000073,0.008066677551146782,78.64,14.060000000000002,4.110000000000014,-2.060000000000059,1.0249999999999773,6.170000000000073,6.019506322433061,6.159999999999968,-6.180000000000064,-0.009999999999990905,0.060000000000002274,0.11999999999999744,0.05999999999999517,9.7262842099913,1.6254130244291467,2.6813112463865525,0.4595323710034231
2025-04-07 11:29:25,757.68,765.9,46.35,32.29,761.79,1523.58,8.220000000000027,0.01079037528611514,78.64,14.060000000000002,-10.280000000000086,4.110000000000014,-3.0850000000000364,14.3900000000001,4.664504160614512,-14.3900000000001,6.170000000000073,-4.110000000000014,0.0,0.0,0.0,9.687054810693606,1.341423683995438,3.1168942875880457,1.8391710089059408
2025-04-07 11:29:26,767.96,763.85,46.38,32.42,765.905,1531.81,4.110000000000014,0.005366200762018544,78.80000000000001,13.96,10.280000000000086,-2.0499999999999545,4.115000000000009,12.330000000000041,2.996354071359889,20.560000000000173,-6.159999999999968,7.2000000000000455,0.030000000000001137,0.13000000000000256,0.10000000000000142,9.71960647563951,1.6269933927288969,3.117551924186506,2.561068136539931
2025-04-07 11:29:27,763.85,765.9,46.38,32.42,764.875,1529.75,2.0499999999999545,0.0026801764959238803,78.80000000000001,13.96,-4.110000000000014,2.0499999999999545,-1.0299999999999727,6.159999999999968,5.98057671788681,-14.3900000000001,4.099999999999909,-5.144999999999982,0.0,0.0,0.0,9.706535409815539,1.5597652066844239,3.250822972725383,2.6825584802572475
2025-04-07 11:29:28,767.96,770.02,46.44,32.52,768.99,1537.98,2.0599999999999454,0.002678838472959475,78.96000000000001,13.919999999999995,4.110000000000014,4.1200000000000045,4.115000000000009,0.009999999999990905,0.002430133066794123,8.220000000000027,2.07000000000005,5.144999999999982,0.05999999999999517,0.10000000000000142,0.04000000000000625,9.738981639577233,2.5817934657874395,2.680162308517742,3.1706182362435404
2025-04-07 11:29:29,765.9,765.9,46.44,32.54,765.9,1531.8,0.0,0.0,78.97999999999999,13.899999999999999,-2.060000000000059,-4.1200000000000045,-3.090000000000032,2.0599999999999454,0.6666664509169816,-6.170000000000073,-8.240000000000009,-7.205000000000041,0.0,0.01999999999999602,0.01999999999999602,9.69739162196263,2.581594952734176,3.116563812919453,3.6668293524515376
2025-04-07 11:29:30,770.02,763.85,46.49,32.54,766.935,1533.87,6.169999999999959,0.00804501032284998,79.03,13.950000000000003,4.1200000000000045,-2.0499999999999545,1.0349999999999682,6.169999999999959,5.961346897249519,6.180000000000064,2.07000000000005,4.125,0.05000000000000426,0.0,0.05000000000000426,9.704352654633016,1.5605904331315519,2.3448176901411504,3.172241715254386
2025-04-07 11:29:31,767.96,763.85,46.49,32.67,765.905,1531.81,4.110000000000014,0.005366200762018544,79.16,13.82,-2.0599999999999454,0.0,-1.0299999999999727,2.0599999999999454,1.9999980582543124,-6.17999999999995,2.0499999999999545,-2.064999999999941,0.0,0.13000000000000256,0.13000000000000256,9.67540412234204,1.5605904331315519,2.3448176901411504,2.7237084095034945
2025-04-07 11:29:32,759.73,765.9,46.54,32.67,762.815,1525.63,6.169999999999959,0.008088461805170975,79.21000000000001,13.869999999999997,-8.230000000000018,2.0499999999999545,-3.089999999999918,10.279999999999973,3.326859764770382,-6.170000000000073,2.0499999999999545,-2.0599999999999454,0.04999999999999716,0.0,0.04999999999999716,9.6302864583981,2.231488852757702,2.680927078456043,3.054211436688684
2025-04-07 11:29:33,767.96,763.85,46.54,32.84,765.905,1531.81,4.110000000000014,0.005366200762018544,79.38,13.699999999999996,8.230000000000018,-2.0499999999999545,3.089999999999918,10.279999999999973,3.326859764770382,16.460000000000036,-4.099999999999909,6.179999999999836,0.0,0.1700000000000017,0.1700000000000017,9.648588943706363,1.5617442172078828,2.518892613828313,2.686679176976624
2025-04-07 11:29:34,772.07,767.96,46.6,32.84,770.0150000000001,1540.0300000000002,4.110000000000014,0.005337558352321,79.44,13.759999999999998,4.110000000000014,4.110000000000014,4.110000000000127,0.0,0.0,-4.1200000000000045,6.159999999999968,1.0200000000002092,0.060000000000002274,0.0,0.060000000000002274,9.693038649382698,2.581695179524905,1.128308468460137,2.9467685691278764
2025-04-07 11:29:35,757.68,770.02,46.6,32.97,763.8499999999999,1527.6999999999998,12.340000000000032,0.016155004233612658,79.57,13.630000000000003,-14.3900000000001,2.0599999999999454,-6.165000000000191,16.450000000000045,2.6682882938704364,-18.500000000000114,-2.050000000000068,-10.275000000000318,0.0,0.12999999999999545,0.12999999999999545,9.599723393242135,2.7590297207501138,3.5636947119526106,4.276475768667538
2025-04-07 11:29:36,767.96,765.9,46.63,32.97,766.9300000000001,1533.8600000000001,2.060000000000059,0.002686033923974841,79.6,13.660000000000004,10.280000000000086,-4.1200000000000045,3.0800000000001546,14.400000000000091,4.6753231573624054,24.670000000000186,-6.17999999999995,9.245000000000346,0.030000000000001137,0.0,0.030000000000001137,9.63479887393469,2.8157516758376313,3.9559916582317136,4.562669174945829
2025-04-07 11:29:37,772.07,763.85,46.63,33.09,767.96,1535.92,8.220000000000027,0.010703682469524902,79.72,13.54,4.110000000000014,-2.0499999999999545,1.0299999999999727,6.159999999999968,5.98057671788681,-6.170000000000073,2.07000000000005,-2.050000000000182,0.0,0.12000000000000455,0.12000000000000455,9.633216136061012,2.2975601189048755,4.112501671732052,4.174341864294416
2025-04-07 11:29:38,807.04,767.96,46.67,33.09,787.5,1575.0,39.07999999999993,0.049625396762380355,79.76,13.579999999999998,34.969999999999914,4.110000000000014,19.539999999999964,30.8599999999999,1.579324381815536,30.8599999999999,6.159999999999968,18.50999999999999,0.03999999999999915,0.0,0.03999999999999915,9.873369986542503,9.351927876110949,15.016947759115286,9.407303279899116
2025-04-07 11:29:39,770.02,815.27,46.69,33.12,792.645,1585.29,45.25,0.05708734672257146,79.81,13.57,-37.01999999999998,47.309999999999945,5.144999999999982,84.32999999999993,16.39066736818909,-71.9899999999999,43.19999999999993,-14.394999999999982,0.01999999999999602,0.02999999999999403,0.00999999999999801,9.931650044710562,13.262601366247138,19.437309484596824,9.41294016235101
2025-04-07 11:29:40,770.02,763.85,46.69,33.22,766.935,1533.87,6.169999999999959,0.00804501032284998,79.91,13.469999999999999,0.0,-51.41999999999996,-25.710000000000036,51.41999999999996,1.9999999222092557,37.01999999999998,-98.7299999999999,-30.855000000000018,0.0,0.10000000000000142,0.10000000000000142,9.597484550150362,12.625475931622535,20.330814789378167,16.415926565381568
2025-04-07 11:29:41,767.96,759.73,46.74,33.22,763.845,1527.69,8.230000000000018,0.010774437208105808,79.96000000000001,13.520000000000003,-2.0599999999999454,-4.1200000000000045,-3.089999999999918,2.060000000000059,0.6666664509170429,-2.0599999999999454,47.299999999999955,22.62000000000012,0.05000000000000426,0.0,0.05000000000000426,9.552838799989509,13.26289212426838,19.10836596886292,16.416396376793536
2025-04-07 11:29:42,772.07,770.02,46.74,33.35,771.0450000000001,1542.0900000000001,2.050000000000068,0.002658729383293243,80.09,13.39,4.110000000000014,10.289999999999964,7.2000000000000455,6.17999999999995,0.8583332141203746,6.169999999999959,14.409999999999968,10.289999999999964,0.0,0.13000000000000256,0.13000000000000256,9.627231743947663,12.87439435468636,20.331573475754357,16.798596518757158
2025-04-07 11:29:43,770.02,763.85,46.78,33.35,766.935,1533.87,6.169999999999959,0.00804501032284998,80.13,13.43,-2.050000000000068,-6.169999999999959,-4.110000000000127,4.119999999999891,1.0024328461233374,-6.160000000000082,-16.459999999999923,-11.310000000000173,0.03999999999999915,0.0,0.03999999999999915,9.571134287144213,11.667751711447265,17.849147878820407,13.049631029266713
2025-04-07 11:29:44,770.02,765.9,46.78,33.47,767.96,1535.92,4.1200000000000045,0.0053648627462825425,80.25,13.310000000000002,0.0,2.0499999999999545,1.025000000000091,2.0499999999999545,1.9999980487821698,2.050000000000068,8.219999999999914,5.135000000000218,0.0,0.11999999999999744,0.11999999999999744,9.569594896329036,2.5813959401807085,2.347449679971626,12.434479080363639
2025-04-07 11:29:45,772.07,763.85,46.83,33.47,767.96,1535.92,8.220000000000027,0.010703682469524902,80.3,13.36,2.050000000000068,-2.0499999999999545,0.0,4.100000000000023,4100000.000000023,2.050000000000068,-4.099999999999909,-1.025000000000091,0.04999999999999716,0.0,0.04999999999999716,9.563636244537532,2.5814952062673693,2.6820831456162826,4.447490865645519
2025-04-07 11:29:46,765.9,765.9,46.83,33.6,765.9,1531.8,0.0,0.0,80.43,13.229999999999997,-6.170000000000073,2.0499999999999545,-2.060000000000059,8.220000000000027,3.990289325102168,-8.220000000000141,4.099999999999909,-2.060000000000059,0.0,0.13000000000000256,0.13000000000000256,9.522566088243615,1.9242823337497603,3.250826048868031,4.277315747054516
2025-04-07 11:29:47,772.07,770.02,46.88,33.6,771.0450000000001,1542.0900000000001,2.050000000000068,0.002658729383293243,80.48,13.280000000000001,6.170000000000073,4.1200000000000045,5.1450000000000955,2.050000000000068,0.3984450148794976,12.340000000000146,2.07000000000005,7.205000000000155,0.05000000000000426,0.0,0.05000000000000426,9.580578906801954,1.9242823337497603,3.250826048868031,3.487741031097436
2025-04-07 11:29:48,765.9,778.24,46.88,33.7,772.0699999999999,1544.1399999999999,12.340000000000032,0.015983006701486946,80.58000000000001,13.18,-6.170000000000073,8.220000000000027,1.0249999999998636,14.3900000000001,14.039010693650072,-12.340000000000146,4.100000000000023,-4.120000000000232,0.0,0.10000000000000142,0.10000000000000142,9.581409660195957,2.5188926138247694,4.952835551479479,2.6240345843757993
2025-04-07 11:29:49,763.85,770.02,46.94,33.7,766.935,1533.87,6.169999999999959,0.00804501032284998,80.64,13.239999999999995,-2.0499999999999545,-8.220000000000027,-5.134999999999991,6.170000000000073,1.201557701741457,4.120000000000118,-16.440000000000055,-6.1599999999998545,0.05999999999999517,0.0,0.05999999999999517,9.510602560632408,2.6610679247214026,4.910644560543862,3.805369561553805
2025-04-07 11:29:50,772.07,823.5,46.94,33.72,797.7850000000001,1595.5700000000002,51.42999999999995,0.06446599012958874,80.66,13.219999999999999,8.220000000000027,53.48000000000002,30.850000000000136,45.25999999999999,1.4670988179222357,10.269999999999982,61.700000000000045,35.98500000000013,0.0,0.01999999999999602,0.01999999999999602,9.890713985981728,13.142653175823412,21.231344046008907,14.421770435699015
2025-04-07 11:29:51,776.18,772.07,46.97,33.82,774.125,1548.25,4.1099999999999,0.0053092200803367415,80.78999999999999,13.149999999999999,4.1099999999999,-51.42999999999995,-23.660000000000082,55.53999999999985,2.3474217097454755,-4.110000000000127,-104.90999999999997,-54.51000000000022,0.030000000000001137,0.10000000000000142,0.07000000000000028,9.581940715658613,12.242392331565785,20.604865930163157,19.696940435001654
2025-04-07 11:29:52,772.07,772.07,46.97,33.82,772.07,1544.14,0.0,0.0,80.78999999999999,13.149999999999999,-4.1099999999999,0.0,-2.05499999999995,4.1099999999999,1.9999990267644636,-8.2199999999998,51.42999999999995,21.605000000000132,0.0,0.0,0.0,9.556504399597669,12.138614315480195,20.94994630064714,19.640200164458683
2025-04-07 11:29:53,772.07,772.07,47.03,33.95,772.07,1544.14,0.0,0.0,80.98,13.079999999999998,0.0,0.0,0.0,0.0,0.0,4.1099999999999,0.0,2.05499999999995,0.060000000000002274,0.13000000000000256,0.07000000000000028,9.534082371769792,12.138614315480183,22.01352470641625,19.634850075821895
2025-04-07 11:29:54,772.07,772.07,47.03,33.95,772.07,1544.14,0.0,0.0,80.98,13.079999999999998,0.0,0.0,0.0,0.0,0.0,0.0,0.0,0.0,0.0,0.0,0.0,9.534082371769792,11.30541540590084,22.610830811803407,19.432366556855676
2025-04-07 11:29:55,774.13,772.07,47.08,34.02,773.1,1546.2,2.0599999999999454,0.0026645970732574677,81.1,13.059999999999995,2.0599999999999454,0.0,1.0299999999999727,2.0599999999999454,1.9999980582543124,2.0599999999999454,0.0,1.0299999999999727,0.04999999999999716,0.07000000000000028,0.020000000000003126,9.532675591458995,0.9193040846092837,1.838608169240683,10.526272844649275
2025-04-07 11:29:56,772.07,765.9,47.08,34.02,768.985,1537.97,6.170000000000073,0.0080235635181135,81.1,13.059999999999995,-2.0599999999999454,-6.170000000000073,-4.115000000000009,4.110000000000127,0.9987846904533239,-4.119999999999891,-6.170000000000073,-5.144999999999982,0.0,0.0,0.0,9.481935764711027,1.5599294855791646,2.6816934947899815,2.057500303766667
2025-04-07 11:29:57,778.24,772.07,47.12,34.15,775.155,1550.31,6.169999999999959,0.007959698372635488,81.27,12.969999999999999,6.169999999999959,6.170000000000073,6.169999999999959,1.1368683772161603e-13,1.842574056659258e-14,8.229999999999905,12.340000000000146,10.284999999999968,0.03999999999999915,0.12999999999999545,0.0899999999999963,9.538021292752292,2.229527416287872,3.118869987671633,3.679659630998478
2025-04-07 11:29:58,767.96,772.07,47.12,34.15,770.0150000000001,1540.0300000000002,4.110000000000014,0.005337558352321,81.27,12.969999999999999,-10.279999999999973,0.0,-5.139999999999873,10.279999999999973,1.9999996108950615,-16.449999999999932,-6.170000000000073,-11.309999999999832,0.0,0.0,0.0,9.4747753233078,2.4550076374583982,2.680927078456048,4.517688014903145
2025-04-07 11:29:59,811.15,774.13,47.15,34.25,792.64,1585.28,37.01999999999998,0.046704683025453296,81.4,12.899999999999999,43.18999999999994,2.0599999999999454,22.624999999999886,41.129999999999995,1.8179004721370045,53.469999999999914,2.0599999999999454,27.76499999999976,0.030000000000001137,0.10000000000000142,0.07000000000000028,9.7375920179657,9.631223572318355,14.58627539846958,11.288802748741707
2025-04-07 11:30:00,776.18,770.02,47.17,34.25,773.0999999999999,1546.1999999999998,6.159999999999968,0.00796792134527493,81.42,12.920000000000002,-34.97000000000003,-4.110000000000014,-19.540000000000077,30.860000000000014,1.5793243818155327,-78.15999999999997,-6.169999999999959,-42.164999999999964,0.020000000000003126,0.0,0.020000000000003126,9.495209905487473,9.631223572318364,14.056213216937154,15.61348735869085
2025-04-07 11:30:01,772.07,741.23,47.17,34.32,756.6500000000001,1513.3000000000002,30.840000000000032,0.040758606963908574,81.49000000000001,12.850000000000001,-4.1099999999999,-28.789999999999964,-16.449999999999818,24.680000000000064,1.5003038601639194,30.860000000000127,-24.67999999999995,3.090000000000259,0.0,0.07000000000000028,0.07000000000000028,9.285188252728087,12.896759573628522,15.757495042042674,17.30868842518108
2025-04-07 11:30:02,772.07,772.07,47.22,34.32,772.07,1544.14,0.0,0.0,81.53999999999999,12.899999999999999,0.0,30.840000000000032,15.419999999999959,30.840000000000032,1.9999998702983297,4.1099999999999,59.629999999999995,31.869999999999777,0.04999999999999716,0.0,0.04999999999999716,9.468604249833161,12.872277382032236,16.99679616869012,18.88516137076931
2025-04-07 11:30:03,774.13,772.07,47.22,34.32,773.1,1546.2,2.0599999999999454,0.0026645970732574677,81.53999999999999,12.899999999999999,2.0599999999999454,0.0,1.0299999999999727,2.0599999999999454,1.9999980582543124,2.0599999999999454,-30.840000000000032,-14.389999999999986,0.0,0.0,0.0,9.481236086813393,12.77327561747491,17.364776992521374,18.71656071504585
2025-04-07 11:30:04,776.18,765.9,47.28,34.45,771.04,1542.08,10.279999999999973,0.013332641609601749,81.73,12.829999999999998,2.0499999999999545,-6.170000000000073,-2.060000000000059,8.220000000000027,3.990289325102168,-0.009999999999990905,-6.170000000000073,-3.090000000000032,0.060000000000002274,0.13000000000000256,0.07000000000000028,9.433989851535667,7.0630142290651925,12.370186740708466,14.161417655023067
2025-04-07 11:30:05,776.18,772.07,47.28,34.45,774.125,1548.25,4.1099999999999,0.0053092200803367415,81.73,12.829999999999998,0.0,6.170000000000073,3.0850000000000364,6.170000000000073,1.999999351701993,-2.0499999999999545,12.340000000000146,5.1450000000000955,0.0,0.0,0.0,9.471736088685475,7.217973746140796,12.556381644406947,11.434492774058599
2025-04-07 11:30:06,778.24,772.07,47.31,34.57,775.155,1550.31,6.169999999999959,0.007959698372635488,81.88,12.740000000000002,2.060000000000059,0.0,1.0299999999999727,2.060000000000059,1.999998058254423,2.060000000000059,-6.170000000000073,-2.0550000000000637,0.030000000000001137,0.11999999999999744,0.0899999999999963,9.466963733915929,1.6262018632326933,3.954431691153459,6.8038963102034415
2025-04-07 11:30:07,774.13,774.13,47.31,34.57,774.13,1548.26,0.0,0.0,81.88,12.740000000000002,-4.110000000000014,2.0599999999999454,-1.0249999999999773,6.169999999999959,6.01950632243295,-6.170000000000073,2.0599999999999454,-2.05499999999995,0.0,0.0,0.0,9.454445414576876,1.5602603949283216,3.9544316911534594,2.005276165519385
2025-04-07 11:30:08,778.24,772.07,47.4,34.7,775.155,1550.31,6.169999999999959,0.007959698372635488,82.1,12.699999999999996,4.110000000000014,-2.0599999999999454,1.0249999999999773,6.169999999999959,6.01950632243295,8.220000000000027,-4.119999999999891,2.0499999999999545,0.0899999999999963,0.13000000000000256,0.04000000000000625,9.44159550010237,1.690485876895242,3.7352951690594427,2.004892141737338
2025-04-07 11:30:09,776.18,772.07,47.4,34.7,774.125,1548.25,4.1099999999999,0.0053092200803367415,82.1,12.699999999999996,-2.060000000000059,0.0,-1.0299999999999727,2.060000000000059,1.999998058254423,-6.170000000000073,2.0599999999999454,-2.05499999999995,0.0,0.0,0.0,9.429049824250308,0.5632450621025152,2.518892613828295,1.7202347223562349
2025-04-07 11:30:10,774.13,776.18,47.4,34.8,775.155,1550.31,2.0499999999999545,0.0026446323604380055,82.19999999999999,12.600000000000001,-2.0499999999999545,4.1099999999999,1.0299999999999727,6.1599999999998545,5.9805767178866995,0.010000000000104592,4.1099999999999,2.0599999999999454,0.0,0.09999999999999432,0.09999999999999432,9.430109374329572,0.5627877041861223,2.6824615561082568,1.1260295289200806
2025-04-07 11:30:11,767.96,770.02,47.4,34.8,768.99,1537.98,2.0599999999999454,0.002678838472959475,82.19999999999999,12.600000000000001,-6.169999999999959,-6.159999999999968,-6.164999999999964,0.009999999999990905,0.0016220597531113076,-4.1200000000000045,-10.269999999999868,-7.194999999999936,0.0,0.0,0.0,9.35510937524198,2.5790051376415755,2.344817690141114,2.942313290592949
2025-04-07 11:30:12,774.13,761.79,47.4,34.92,767.96,1535.92,12.340000000000032,0.016068545215807445,82.32,12.479999999999997,6.169999999999959,-8.230000000000018,-1.0299999999999727,14.399999999999977,13.980568950904281,12.339999999999918,-2.07000000000005,5.134999999999991,0.0,0.12000000000000455,0.12000000000000455,9.32896004216521,3.5150295162316874,4.265680484987029,2.942225773118016
2025-04-07 11:30:13,774.13,770.02,47.49,34.92,772.075,1544.15,4.110000000000014,0.005323317028367317,82.41,12.57,0.0,8.230000000000018,4.115000000000009,8.230000000000018,1.9999995139733866,-6.169999999999959,16.460000000000036,5.144999999999982,0.09000000000000341,0.0,0.09000000000000341,9.368705140532642,3.1337824589430583,4.265680484987025,3.749195580387869
2025-04-07 11:30:14,778.24,772.07,47.49,34.92,775.155,1550.31,6.169999999999959,0.007959698372635488,82.41,12.57,4.110000000000014,2.050000000000068,3.0799999999999272,2.0599999999999454,0.6688309516782605,4.110000000000014,-6.17999999999995,-1.0350000000000819,0.0,0.0,0.0,9.406079245163461,3.36180494674801,4.26568048498702,4.072360187900846
2025-04-07 11:30:15,776.18,774.13,47.49,35.05,775.155,1550.31,2.0499999999999545,0.0026446323604380055,82.53999999999999,12.440000000000005,-2.060000000000059,2.0599999999999454,0.0,4.1200000000000045,4120000.0000000047,-6.170000000000073,0.009999999999877218,-3.0799999999999272,0.0,0.12999999999999545,0.12999999999999545,9.391264727510727,3.36180494674801,4.26568048498702,4.0462250926017225
2025-04-07 11:30:16,772.07,774.13,47.49,35.05,773.1,1546.2,2.0599999999999454,0.0026645970732574677,82.53999999999999,12.440000000000005,-4.1099999999999,0.0,-2.05499999999995,4.1099999999999,1.9999990267644636,-2.049999999999841,-2.0599999999999454,-2.05499999999995,0.0,0.0,0.0,9.366367708185516,2.9610669529715845,4.26568048498702,2.661067924724935
2025-04-07 11:30:17,770.02,767.96,47.49,35.13,768.99,1537.98,2.0599999999999454,0.002678838472959475,82.62,12.36,-2.050000000000068,-6.169999999999959,-4.110000000000014,4.119999999999891,1.0024328461233651,2.0599999999998317,-6.169999999999959,-2.0550000000000637,0.0,0.0800000000000054,0.0800000000000054,9.30755253803495,2.5582537989771033,1.8391710089056017,3.4395701039519353
2025-04-07 11:30:18,774.13,774.13,47.49,35.13,774.13,1548.26,0.0,0.0,82.62,12.36,4.110000000000014,6.169999999999959,5.139999999999986,2.0599999999999454,0.40077813214432273,6.160000000000082,12.339999999999918,9.25,0.0,0.0,0.0,9.369765076618675,2.5586554086045377,2.2529691520299933,3.7475498662459286
2025-04-07 11:30:19,776.18,776.18,47.49,35.18,776.18,1552.36,0.0,0.0,82.67,12.310000000000002,2.0499999999999545,2.0499999999999545,2.0499999999999545,0.0,0.0,-2.060000000000059,-4.1200000000000045,-3.090000000000032,0.0,0.04999999999999716,0.04999999999999716,9.388895495477252,2.77569000430188,1.126490124234873,3.589118972672811
2025-04-07 11:30:20,780.3,772.07,47.58,35.18,776.185,1552.37,8.229999999999905,0.010603142278447487,82.75999999999999,12.399999999999999,4.1200000000000045,-4.1099999999999,0.0049999999999954525,8.229999999999905,1645.670865828312,2.07000000000005,-6.1599999999998545,-2.044999999999959,0.0899999999999963,0.0,0.0899999999999963,9.378745657579197,2.9602863037181883,3.3806656149342156,3.5890482721746637
2025-04-07 11:30:21,776.18,774.13,47.58,35.3,775.155,1550.31,2.0499999999999545,0.0026446323604380055,82.88,12.280000000000001,-4.1200000000000045,2.0599999999999454,-1.0299999999999727,6.17999999999995,5.999994174763048,-8.240000000000009,6.169999999999845,-1.0349999999999682,0.0,0.11999999999999744,0.11999999999999744,9.352738786767148,2.9956522661987695,3.380971753800752,3.4543639067127803
2025-04-07 11:30:22,778.24,774.13,47.58,35.3,776.185,1552.37,4.110000000000014,0.005295129375992688,82.88,12.280000000000001,2.060000000000059,0.0,1.0299999999999727,2.060000000000059,1.999998058254423,6.180000000000064,-2.0599999999999454,2.0599999999999454,0.0,0.0,0.0,9.365166392794807,0.9184674735573443,3.4428578245403294,2.36592053966315
2025-04-07 11:30:23,778.24,776.18,47.58,35.43,777.21,1554.42,2.060000000000059,0.002650506294758885,83.00999999999999,12.149999999999999,0.0,2.0499999999999545,1.025000000000091,2.0499999999999545,1.9999980487821698,-2.060000000000059,2.0499999999999545,-0.004999999999881766,0.0,0.13000000000000256,0.13000000000000256,9.362847736864865,0.7265552284466431,3.1205207898680256,1.1702211329488106
2025-04-07 11:30:24,776.18,776.18,47.58,35.43,776.18,1552.36,0.0,0.0,83.00999999999999,12.149999999999999,-2.060000000000059,0.0,-1.0300000000000864,2.060000000000059,1.999998058254202,-2.060000000000059,-2.0499999999999545,-2.0550000000001774,0.0,0.0,0.0,9.350439593417184,0.7265552284466431,3.1205207898680256,1.0287553159036915
2025-04-07 11:30:25,778.24,835.84,47.58,35.53,807.04,1614.08,57.60000000000002,0.0713719269535935,83.11,12.049999999999997,2.060000000000059,59.66000000000008,30.860000000000014,57.60000000000002,1.8664937826800458,4.120000000000118,59.66000000000008,31.8900000000001,0.0,0.10000000000000142,0.10000000000000142,9.710504034285838,13.819006567043344,24.882944560481572,13.839858380778331
2025-04-07 11:30:26,772.07,776.18,47.58,35.55,774.125,1548.25,4.1099999999999,0.0053092200803367415,83.13,12.030000000000001,-6.169999999999959,-59.66000000000008,-32.914999999999964,53.49000000000012,1.6250948921435604,-8.230000000000018,-119.32000000000016,-63.77499999999998,0.0,0.01999999999999602,0.01999999999999602,9.312221709223847,13.960107718065315,24.66905409617482,22.575966590602487
2025-04-07 11:30:27,767.96,767.96,47.58,35.55,767.96,1535.92,0.0,0.0,83.13,12.030000000000001,-4.110000000000014,-8.219999999999914,-6.164999999999964,4.1099999999999,0.6666665585293375,2.0599999999999454,51.44000000000017,26.75,0.0,0.0,0.0,9.238060757391306,15.262292422830363,25.12754026959264,22.70641676927471
2025-04-07 11:30:28,776.18,778.24,47.58,35.6,777.21,1554.42,2.060000000000059,0.002650506294758885,83.18,11.979999999999997,8.219999999999914,10.279999999999973,9.25,2.060000000000059,0.22270267862674387,12.329999999999927,18.499999999999886,15.414999999999964,0.0,0.05000000000000426,0.05000000000000426,9.343712318541568,15.262292422830363,25.12754026959264,23.23987655948283
2025-04-07 11:30:29,776.18,776.18,47.58,35.6,776.18,1552.36,0.0,0.0,83.18,11.979999999999997,0.0,-2.060000000000059,-1.0300000000000864,2.060000000000059,1.999998058254202,-8.219999999999914,-12.340000000000032,-10.280000000000086,0.0,0.0,0.0,9.33132953436728,15.262292422830363,25.12754026959264,23.23987655948283
2025-04-07 11:30:30,778.24,772.07,47.58,35.73,775.155,1550.31,6.169999999999959,0.007959698372635488,83.31,11.850000000000001,2.060000000000059,-4.1099999999999,-1.0249999999999773,6.169999999999959,6.01950632243295,2.060000000000059,-2.049999999999841,0.005000000000109139,0.0,0.12999999999999545,0.12999999999999545,9.304465138585222,3.6334683843376054,2.6809270784560053,15.856763777643893
2025-04-07 11:30:31,776.18,774.13,47.65,35.73,775.155,1550.31,2.0499999999999545,0.0026446323604380055,83.38,11.920000000000002,-2.060000000000059,2.0599999999999454,0.0,4.1200000000000045,4120000.0000000047,-4.120000000000118,6.169999999999845,1.0249999999999773,0.07000000000000028,0.0,0.07000000000000028,9.296653762333248,3.662479692773878,2.518894598826781,5.600648846339142
2025-04-07 11:30:32,772.07,774.13,47.65,35.85,773.1,1546.2,2.0599999999999454,0.0026645970732574677,83.5,11.799999999999997,-4.1099999999999,0.0,-2.05499999999995,4.1099999999999,1.9999990267644636,-2.049999999999841,-2.0599999999999454,-2.05499999999995,0.0,0.12000000000000455,0.12000000000000455,9.258682523848114,1.5236920620590428,2.252969152029995,4.6533087690373645
2025-04-07 11:30:33,780.3,772.07,47.65,35.85,776.185,1552.37,8.229999999999905,0.010603142278447487,83.5,11.799999999999997,8.229999999999905,-2.0599999999999454,3.0849999999999227,10.28999999999985,3.335493246193472,12.339999999999804,-2.0599999999999454,5.139999999999873,0.0,0.0,0.0,9.295628631190075,1.258426596977974,3.3809717538007718,1.9774762956859686
2025-04-07 11:30:34,778.24,778.24,47.65,35.9,778.24,1556.48,0.0,0.0,83.55,11.75,-2.0599999999999454,6.169999999999959,2.0550000000000637,8.229999999999905,4.004864231209449,-10.28999999999985,8.229999999999905,-1.029999999999859,0.0,0.04999999999999716,0.04999999999999716,9.314661767628227,1.8676475845249347,3.3809717538007718,2.1310314404062454
2025-04-07 11:30:35,776.18,778.24,47.65,35.9,777.21,1554.42,2.060000000000059,0.002650506294758885,83.55,11.75,-2.060000000000059,0.0,-1.0299999999999727,2.060000000000059,1.999998058254423,-1.1368683772161603e-13,-6.169999999999959,-3.0850000000000364,0.0,0.0,0.0,9.302333820438854,1.9772158455722642,3.12052078986803,2.131875348138327
2025-04-07 11:30:36,776.18,778.24,47.65,35.95,777.21,1554.42,2.060000000000059,0.002650506294758885,83.6,11.699999999999996,0.0,0.0,0.0,0.0,0.0,2.060000000000059,0.0,1.0299999999999727,0.0,0.05000000000000426,0.05000000000000426,9.296770223722845,1.9769559934359175,3.1198589711713813,2.131875348138327
2025-04-07 11:30:37,776.18,774.13,47.65,35.95,775.155,1550.31,2.0499999999999545,0.0026446323604380055,83.6,11.699999999999996,0.0,-4.110000000000014,-2.0550000000000637,4.110000000000014,1.9999990267644083,0.0,-4.110000000000014,-2.0550000000000637,0.0,0.0,0.0,9.272188884303961,1.1719694961825393,3.1205207898680225,2.13187534813836
2025-04-07 11:30:38,778.24,780.3,47.65,36.0,779.27,1558.54,2.0599999999999454,0.0026434996822108456,83.65,11.649999999999999,2.060000000000059,6.169999999999959,4.115000000000009,4.1099999999999,0.9987846904532686,2.060000000000059,10.279999999999973,6.170000000000073,0.0,0.04999999999999716,0.04999999999999716,9.315839697359955,1.5258833507128235,0.920152161329206,2.4767281845208955
2025-04-07 11:30:39,772.07,778.24,47.65,36.0,775.155,1550.31,6.169999999999959,0.007959698372635488,83.65,11.649999999999999,-6.169999999999959,-2.0599999999999454,-4.115000000000009,4.110000000000014,0.9987846904532962,-8.230000000000018,-8.229999999999905,-8.230000000000018,0.0,0.0,0.0,9.266646631600159,1.7211297161987102,1.8391710089055766,3.0515131492425405
2025-04-07 11:30:40,774.13,807.04,47.65,36.1,790.585,1581.17,32.90999999999997,0.04162740244043659,83.75,11.549999999999997,2.0599999999999454,28.799999999999955,15.430000000000064,26.74000000000001,1.7329875740124645,8.229999999999905,30.8599999999999,19.545000000000073,0.0,0.10000000000000142,0.10000000000000142,9.43982078280811,6.440674460022373,13.456543018175164,7.752358512091701
2025-04-07 11:30:41,778.24,778.24,47.65,36.13,778.24,1556.48,0.0,0.0,83.78,11.519999999999996,4.110000000000014,-28.799999999999955,-12.345000000000027,32.90999999999997,2.665856406167962,2.050000000000068,-57.59999999999991,-27.77500000000009,0.0,0.030000000000001137,0.030000000000001137,9.289090364178916,6.366159949293189,13.752344163814362,10.34844456911283
2025-04-07 11:30:42,767.96,778.24,47.65,36.13,773.1,1546.2,10.279999999999973,0.01329711549179001,83.78,11.519999999999996,-10.279999999999973,0.0,-5.139999999999986,10.279999999999973,1.9999996108950173,-14.389999999999986,28.799999999999955,7.205000000000041,0.0,0.0,0.0,9.227739207116983,6.784029960133152,13.250053962154226,10.605722158344557
2025-04-07 11:30:43,776.18,778.24,47.65,36.18,777.21,1554.42,2.060000000000059,0.002650506294758885,83.83,11.469999999999999,8.219999999999914,0.0,4.110000000000014,8.219999999999914,1.9999995133820858,18.499999999999886,0.0,9.25,0.0,0.04999999999999716,0.04999999999999716,9.271263160309399,6.846296991803947,13.25005396215421,10.605188942211296
2025-04-07 11:30:44,778.24,772.07,47.65,36.18,775.155,1550.31,6.169999999999959,0.007959698372635488,83.83,11.469999999999999,2.060000000000059,-6.169999999999959,-2.0550000000000637,8.230000000000018,4.004864231209504,-6.1599999999998545,-6.169999999999959,-6.165000000000077,0.0,0.0,0.0,9.246749263428972,6.846296991803947,13.25005396215421,10.464447548724241
2025-04-07 11:30:45,776.18,772.07,47.65,36.25,774.125,1548.25,4.1099999999999,0.0053092200803367415,83.9,11.399999999999999,-2.060000000000059,0.0,-1.0299999999999727,2.060000000000059,1.999998058254423,-4.120000000000118,6.169999999999959,1.025000000000091,0.0,0.07000000000000028,0.07000000000000028,9.226757935318737,2.1318753481337382,3.9544316911534465,6.0582243685753525
2025-04-07 11:30:46,780.3,778.24,47.71,36.25,779.27,1558.54,2.0599999999999454,0.0026434996822108456,83.96000000000001,11.46,4.1200000000000045,6.169999999999959,5.144999999999982,2.0499999999999545,0.3984450148794843,6.180000000000064,6.169999999999959,6.1749999999999545,0.060000000000002274,0.0,0.060000000000002274,9.281443433999005,2.4767281845169236,3.4389722301872134,4.3259238897604355
2025-04-07 11:30:47,776.18,780.3,47.71,36.3,778.24,1556.48,4.1200000000000045,0.005293996703723797,84.00999999999999,11.410000000000004,-4.1200000000000045,2.0599999999999454,-1.0299999999999727,6.17999999999995,5.999994174763048,-8.240000000000009,-4.110000000000014,-6.1749999999999545,0.0,0.04999999999999716,0.04999999999999716,9.26365897793526,2.1333219400694263,1.719339989646836,3.332567703738377
2025-04-07 11:30:48,778.24,778.24,47.71,36.3,778.24,1556.48,0.0,0.0,84.00999999999999,11.410000000000004,2.060000000000059,-2.0599999999999454,0.0,4.1200000000000045,4120000.0000000047,6.180000000000064,-4.119999999999891,1.0299999999999727,0.0,0.0,0.0,9.26365897793526,2.2303346161465925,2.34481769014113,2.8549811733179693
2025-04-07 11:30:49,772.07,780.3,47.71,36.35,776.185,1552.37,8.229999999999905,0.010603142278447487,84.06,11.36,-6.169999999999959,2.0599999999999454,-2.0550000000000637,8.229999999999905,4.004864231209449,-8.230000000000018,4.119999999999891,-2.0550000000000637,0.0,0.05000000000000426,0.05000000000000426,9.233702007688532,2.0575003037623016,3.051430811930473,2.8549811733179693
2025-04-07 11:30:50,780.3,778.24,47.71,36.35,779.27,1558.54,2.0599999999999454,0.0026434996822108456,84.06,11.36,8.229999999999905,-2.0599999999999454,3.0850000000000364,10.28999999999985,3.3354932461933493,14.399999999999864,-4.119999999999891,5.1400000000001,0.0,0.0,0.0,9.27040198345941,1.2594463069074797,3.1201890968335046,2.999081942861869
2025-04-07 11:30:51,772.07,778.24,47.71,36.43,775.155,1550.31,6.169999999999959,0.007959698372635488,84.14,11.280000000000001,-8.229999999999905,0.0,-4.115000000000009,8.229999999999905,1.9999995139733588,-16.45999999999981,2.0599999999999454,-7.2000000000000455,0.0,0.0799999999999983,0.0799999999999983,9.212681136050854,1.68987647477033,3.2524037264765706,2.6621293169191054
2025-04-07 11:30:52,774.13,780.3,47.71,36.43,777.2149999999999,1554.4299999999998,6.169999999999959,0.007938601277717696,84.14,11.280000000000001,2.0599999999999454,2.0599999999999454,2.0599999999999454,0.0,0.0,10.28999999999985,2.0599999999999454,6.1749999999999545,0.0,0.0,0.0,9.237164140276157,1.6262018632328625,3.379752949551002,2.9456302381663813
2025-04-07 11:30:53,774.13,776.18,47.71,36.48,775.155,1550.31,2.0499999999999545,0.0026446323604380055,84.19,11.230000000000004,0.0,-4.1200000000000045,-2.0599999999999454,4.1200000000000045,1.99999902912674,-2.0599999999999454,-6.17999999999995,-4.119999999999891,0.0,0.04999999999999716,0.04999999999999716,9.207209773046564,1.7215777647209831,2.7611736634986976,3.0519350419037554
2025-04-07 11:30:54,778.24,780.3,47.71,36.48,779.27,1558.54,2.0599999999999454,0.0026434996822108456,84.19,11.230000000000004,4.110000000000014,4.1200000000000045,4.115000000000009,0.009999999999990905,0.002430133066794123,4.110000000000014,8.240000000000009,6.1749999999999545,0.0,0.0,0.0,9.256087311366109,2.05750030376229,2.2529691520300243,3.5343821949528924
2025-04-07 11:30:55,778.24,780.3,47.71,36.53,779.27,1558.54,2.0599999999999454,0.0026434996822108456,84.24000000000001,11.18,0.0,0.0,0.0,0.0,0.0,-4.110000000000014,-4.1200000000000045,-4.115000000000009,0.0,0.05000000000000426,0.05000000000000426,9.250593432447845,2.05750030376229,2.2529691520300243,3.2539840964577533
2025-04-07 11:30:56,776.18,778.24,47.71,36.53,777.21,1554.42,2.060000000000059,0.002650506294758885,84.24000000000001,11.18,-2.060000000000059,-2.0599999999999454,-2.0599999999999454,1.1368683772161603e-13,5.518775851158278e-14,-2.060000000000059,-2.0599999999999454,-2.0599999999999454,0.0,0.0,0.0,9.226139491617527,1.7214289122650466,1.8391710089055935,2.6841860963800355
2025-04-07 11:30:57,776.18,778.24,47.71,36.6,777.21,1554.42,2.060000000000059,0.002650506294758885,84.31,11.11,0.0,0.0,0.0,0.0,0.0,2.060000000000059,2.0599999999999454,2.0599999999999454,0.0,0.07000000000000028,0.07000000000000028,9.218479311843444,1.7217273303232419,0.004472135824398842,2.52093335889705
2025-04-07 11:30:58,772.07,778.24,47.71,36.6,775.155,1550.31,6.169999999999959,0.007959698372635488,84.31,11.11,-4.1099999999999,0.0,-2.0550000000000637,4.1099999999999,1.999999026764353,-4.1099999999999,0.0,-2.0550000000000637,0.0,0.0,0.0,9.19410497931319,1.7217273303232419,1.838047877504494,2.5199131929493297
2025-04-07 11:30:59,774.13,825.55,47.71,36.68,799.8399999999999,1599.6799999999998,51.41999999999996,0.06428785749113836,84.39,11.030000000000001,2.0599999999999454,47.309999999999945,24.684999999999945,45.25,1.8330969482237451,6.169999999999845,47.309999999999945,26.74000000000001,0.0,0.0799999999999983,0.0799999999999983,9.477900112834456,10.223928794743317,21.68809304664654,11.545463069968198
2025-04-07 11:31:00,774.13,772.07,47.71,36.73,773.1,1546.2,2.0599999999999454,0.0026645970732574677,84.44,10.980000000000004,0.0,-53.479999999999905,-26.739999999999895,53.479999999999905,1.9999999252056913,-2.0599999999999454,-100.78999999999985,-51.42499999999984,0.0,0.04999999999999716,0.04999999999999716,9.155613344912206,10.943180296421216,21.68809304664654,18.201852034889143
2025-04-07 11:31:01,772.07,774.13,47.71,36.73,773.1,1546.2,2.0599999999999454,0.0026645970732574677,84.44,10.980000000000004,-2.0599999999999454,2.0599999999999454,0.0,4.119999999999891,4119999.999999891,-2.0599999999999454,55.53999999999985,26.739999999999895,0.0,0.0,0.0,9.155613344912206,11.397312402491282,21.688093046646554,18.201795447152953
2025-04-07 11:31:02,772.07,780.3,47.71,36.83,776.185,1552.37,8.229999999999905,0.010603142278447487,84.53999999999999,10.880000000000003,0.0,6.169999999999959,3.0849999999999227,6.169999999999959,1.9999993517020298,2.0599999999999454,4.110000000000014,3.0849999999999227,0.0,0.10000000000000142,0.10000000000000142,9.18127502742755,11.461903964873452,21.09493232982745,18.288705189269084
2025-04-07 11:31:03,770.02,780.3,47.71,36.83,775.16,1550.32,10.279999999999973,0.013261778196421636,84.53999999999999,10.880000000000003,-2.050000000000068,0.0,-1.0249999999999773,2.050000000000068,1.9999980487825024,-2.050000000000068,-6.169999999999959,-4.1099999999999,0.0,0.0,0.0,9.169150589435173,11.461432938336364,20.792032127716602,18.268447320448384
2025-04-07 11:31:04,774.13,780.3,47.71,36.96,777.2149999999999,1554.4299999999998,6.169999999999959,0.007938601277717696,84.67,10.75,4.110000000000014,0.0,2.05499999999995,4.110000000000014,1.9999990267645191,6.160000000000082,0.0,3.0799999999999272,0.0,0.13000000000000256,0.13000000000000256,9.179343224526475,1.840144695392855,3.6769348648023223,12.524379725159983
2025-04-07 11:31:05,774.13,780.3,47.71,36.96,777.2149999999999,1554.4299999999998,6.169999999999959,0.007938601277717696,84.67,10.75,0.0,0.0,0.0,0.0,0.0,-4.110000000000014,0.0,-2.05499999999995,0.0,0.0,0.0,9.179343224526475,1.721129716198771,3.048732523524963,1.6885074770340516
2025-04-07 11:31:06,780.3,772.07,47.74,37.08,776.185,1552.37,8.229999999999905,0.010603142278447487,84.82,10.660000000000004,6.169999999999959,-8.229999999999905,-1.0299999999999727,14.399999999999864,13.98056895090417,6.169999999999959,-8.229999999999905,-1.0299999999999727,0.030000000000001137,0.11999999999999744,0.0899999999999963,9.150966645237366,0.8599680226511763,1.7199360453222958,1.8673731549960404
2025-04-07 11:31:07,776.18,780.3,47.74,37.08,778.24,1556.48,4.1200000000000045,0.005293996703723797,84.82,10.660000000000004,-4.1200000000000045,8.229999999999905,2.0550000000000637,12.349999999999909,6.009729435654545,-10.289999999999964,16.45999999999981,3.0850000000000364,0.0,0.0,0.0,9.175194421419544,1.1710924387010055,2.342184877416557,1.558281906459808
2025-04-07 11:31:08,778.24,782.35,47.74,37.21,780.2950000000001,1560.5900000000001,4.110000000000014,0.0052672386658030295,84.95,10.530000000000001,2.060000000000059,2.050000000000068,2.0550000000000637,0.009999999999990905,0.004866177680687549,6.180000000000064,-6.179999999999836,0.0,0.0,0.13000000000000256,0.13000000000000256,9.18534421206187,1.557786891709828,1.721133347535487,1.453988480009401
2025-04-07 11:31:09,776.18,780.3,47.74,37.21,778.24,1556.48,4.1200000000000045,0.005293996703723797,84.95,10.530000000000001,-2.060000000000059,-2.050000000000068,-2.0550000000000637,0.009999999999990905,0.004866177680687549,-4.120000000000118,-4.100000000000136,-4.110000000000127,0.0,0.0,0.0,9.161153511934627,1.5236920620594536,1.8391710089055568,1.8384674324012957
2025-04-07 11:31:10,778.24,837.9,47.74,37.31,808.0699999999999,1616.1399999999999,59.65999999999997,0.07383023738806012,85.05000000000001,10.43,2.060000000000059,57.60000000000002,29.829999999999927,55.539999999999964,1.8618839469700352,4.120000000000118,59.65000000000009,31.88499999999999,0.0,0.10000000000000142,0.10000000000000142,9.501116878293745,13.419288077241097,24.444825014714233,13.352459230418907
2025-04-07 11:31:11,778.24,780.3,47.74,37.33,779.27,1558.54,2.0599999999999454,0.0026434996822108456,85.07,10.410000000000004,0.0,-57.60000000000002,-28.799999999999955,57.60000000000002,1.9999999305555618,-2.060000000000059,-115.20000000000005,-58.62999999999988,0.0,0.01999999999999602,0.01999999999999602,9.160338437047862,13.023376866235006,25.08548943114323,20.79684188765204
2025-04-07 11:31:12,772.07,780.3,47.74,37.33,776.185,1552.37,8.229999999999905,0.010603142278447487,85.07,10.410000000000004,-6.169999999999959,0.0,-3.0850000000000364,6.169999999999959,1.999999351701956,-6.169999999999959,57.60000000000002,25.714999999999918,0.0,0.0,0.0,9.124074184506005,13.312286899702283,24.712021973120674,20.834992020636786
2025-04-07 11:31:13,776.18,784.41,47.74,37.46,780.295,1560.59,8.230000000000018,0.010547292997459583,85.2,10.280000000000001,4.1099999999999,4.110000000000014,4.110000000000014,1.1368683772161603e-13,2.7661024345642653e-14,10.279999999999859,4.110000000000014,7.19500000000005,0.0,0.13000000000000256,0.13000000000000256,9.15839191128648,13.312286899702293,24.296817692858443,20.91591051090051
2025-04-07 11:31:14,772.07,780.3,47.74,37.46,776.185,1552.37,8.229999999999905,0.010603142278447487,85.2,10.280000000000001,-4.1099999999999,-4.110000000000014,-4.110000000000014,1.1368683772161603e-13,2.7661024345642653e-14,-8.2199999999998,-8.220000000000027,-8.220000000000027,0.0,0.0,0.0,9.110152475232951,13.579518308835004,23.84019861494446,20.986458252882937
2025-04-07 11:31:15,778.24,780.3,47.74,37.51,779.27,1558.54,2.0599999999999454,0.0026434996822108456,85.25,10.230000000000004,6.169999999999959,0.0,3.0850000000000364,6.169999999999959,1.999999351701956,10.279999999999859,4.110000000000014,7.19500000000005,0.0,0.04999999999999716,0.04999999999999716,9.14099696022291,1.9229450070089404,3.37944817980671,13.382550672424136
2025-04-07 11:31:16,774.13,782.35,47.74,37.51,778.24,1556.48,8.220000000000027,0.010562294394322744,85.25,10.230000000000004,-4.110000000000014,2.050000000000068,-1.0299999999999727,6.160000000000082,5.98057671788692,-10.279999999999973,2.050000000000068,-4.115000000000009,0.0,0.0,0.0,9.128914848927685,1.838467432395918,2.7581932492120558,3.662900831308459
2025-04-07 11:31:17,778.24,780.3,47.74,37.58,779.27,1558.54,2.0599999999999454,0.0026434996822108456,85.32,10.160000000000004,4.110000000000014,-2.050000000000068,1.0299999999999727,6.160000000000082,5.98057671788692,8.220000000000027,-4.100000000000136,2.0599999999999454,0.0,0.07000000000000028,0.07000000000000028,9.133497314422208,1.558775962087235,3.377624905166208,3.298476163321499
2025-04-07 11:31:18,774.13,780.3,47.74,37.58,777.2149999999999,1554.4299999999998,6.169999999999959,0.007938601277717696,85.32,10.160000000000004,-4.110000000000014,0.0,-2.0550000000000637,4.110000000000014,1.9999990267644083,-8.220000000000027,2.050000000000068,-3.0850000000000364,0.0,0.0,0.0,9.109411520049091,1.340463539220825,3.1165638129194395,2.777448019315601
2025-04-07 11:31:19,778.24,784.41,47.74,37.63,781.325,1562.65,6.169999999999959,0.007896841893070255,85.37,10.11,4.110000000000014,4.110000000000014,4.110000000000127,0.0,0.0,8.220000000000027,4.110000000000014,6.165000000000191,0.0,0.05000000000000426,0.05000000000000426,9.152219642119952,1.524366261756476,2.7555816082996047,2.6206025070583183
2025-04-07 11:31:20,776.18,782.35,47.74,37.63,779.265,1558.53,6.170000000000073,0.007917717326047437,85.37,10.11,-2.060000000000059,-2.0599999999999454,-2.060000000000059,1.1368683772161603e-13,5.518775851157973e-14,-6.170000000000073,-6.169999999999959,-6.1700000000001864,0.0,0.0,0.0,9.12808938587221,1.5241989699450038,2.249771099467461,2.6210932833457883
2025-04-07 11:31:21,776.18,780.3,47.74,37.68,778.24,1556.48,4.1200000000000045,0.005293996703723797,85.42,10.060000000000002,0.0,-2.050000000000068,-1.0249999999999773,2.050000000000068,1.9999980487825024,2.060000000000059,0.009999999999877218,1.0350000000000819,0.0,0.04999999999999716,0.04999999999999716,9.110746791023802,1.5241989699450038,1.8374901360276616,2.6206034610372484
2025-04-07 11:31:22,774.13,780.3,47.74,37.68,777.2149999999999,1554.4299999999998,6.169999999999959,0.007938601277717696,85.42,10.060000000000002,-2.0499999999999545,0.0,-1.025000000000091,2.0499999999999545,1.9999980487821698,-2.0499999999999545,2.050000000000068,-1.1368683772161603e-13,0.0,0.0,0.0,9.098747259438687,1.7190389757015667,0.9167878707743035,2.5795043128478103
2025-04-07 11:31:23,770.02,782.35,47.74,37.81,776.185,1552.37,12.330000000000041,0.015885388127978062,85.55000000000001,9.93,-4.110000000000014,2.050000000000068,-1.0299999999999727,6.160000000000082,5.98057671788692,-2.060000000000059,2.050000000000068,-0.004999999999881766,0.0,0.13000000000000256,0.13000000000000256,9.072881249878652,1.9766967395078505,3.1132651669909226,2.453857677209579
2025-04-07 11:31:24,778.24,776.18,47.74,37.81,777.21,1554.42,2.060000000000059,0.002650506294758885,85.55000000000001,9.93,8.220000000000027,-6.170000000000073,1.025000000000091,14.3900000000001,14.039010693646956,12.330000000000041,-8.220000000000141,2.0550000000000637,0.0,0.0,0.0,9.084862547225452,1.1706547313278288,3.8418810496941336,1.1258030467182838
2025-04-07 11:31:25,772.07,755.62,47.74,37.86,763.845,1527.69,16.450000000000045,0.021535782754962412,85.6,9.880000000000003,-6.169999999999959,-20.559999999999945,-13.365000000000009,14.389999999999986,1.076692773910004,-14.389999999999986,-14.389999999999873,-14.3900000000001,0.0,0.04999999999999716,0.04999999999999716,8.923422792950669,6.022116945059935,5.991304532403527,5.815512015291538
2025-04-07 11:31:26,778.24,784.41,47.74,37.86,781.325,1562.65,6.169999999999959,0.007896841893070255,85.6,9.880000000000003,6.169999999999959,28.789999999999964,17.480000000000018,22.620000000000005,1.294050269219091,12.339999999999918,49.34999999999991,30.845000000000027,0.0,0.0,0.0,9.127628398041725,6.624056914005068,5.703295538546033,11.01626445307121
2025-04-07 11:31:27,776.18,784.41,47.74,37.86,780.295,1560.59,8.230000000000018,0.010547292997459583,85.6,9.880000000000003,-2.060000000000059,0.0,-1.0300000000000864,2.060000000000059,1.999998058254202,-8.230000000000018,-28.789999999999964,-18.510000000000105,0.0,0.0,0.0,9.11559568790192,6.996161090196438,5.553046010974429,11.016450993854615
2025-04-07 11:31:28,778.24,782.35,47.74,37.93,780.2950000000001,1560.5900000000001,4.110000000000014,0.0052672386658030295,85.67,9.810000000000002,2.060000000000059,-2.0599999999999454,1.1368683772161603e-13,4.1200000000000045,4119999.531610287,4.120000000000118,-2.0599999999999454,1.0300000000002,0.0,0.07000000000000028,0.07000000000000028,9.108147436580515,7.292009668121614,5.555265970230316,10.987569453705415
2025-04-07 11:31:29,811.15,782.35,47.78,37.93,796.75,1593.5,28.799999999999955,0.03614684651879901,85.71000000000001,9.850000000000001,32.90999999999997,0.0,16.454999999999927,32.90999999999997,1.9999998784564104,30.84999999999991,2.0599999999999454,16.454999999999814,0.03999999999999915,0.0,0.03999999999999915,9.295881352282331,11.642767926914138,10.120139327104086,13.034945627044241
2025-04-07 11:31:30,780.3,782.35,47.81,37.98,781.325,1562.65,2.050000000000068,0.002623748116822475,85.78999999999999,9.830000000000005,-30.850000000000023,0.0,-15.424999999999955,30.850000000000023,1.9999998703403725,-63.75999999999999,0.0,-31.87999999999988,0.030000000000001137,0.04999999999999716,0.01999999999999602,9.107413345291839,7.147163423343714,10.828832808756365,13.73134070293208
2025-04-07 11:31:31,780.3,782.35,47.81,37.98,781.325,1562.65,2.050000000000068,0.002623748116822475,85.78999999999999,9.830000000000005,0.0,0.0,0.0,0.0,0.0,30.850000000000023,0.0,15.424999999999955,0.0,0.0,0.0,9.107413345291839,7.147163423343714,11.326280060107907,11.288916577776591
2025-04-07 11:31:32,780.3,780.3,47.81,38.03,780.3,1560.6,0.0,0.0,85.84,9.780000000000001,0.0,-2.050000000000068,-1.025000000000091,2.050000000000068,1.9999980487822806,0.0,-2.050000000000068,-1.025000000000091,0.0,0.05000000000000426,0.05000000000000426,9.090167648064217,7.146516109264865,12.049782985597627,11.288802748741745
2025-04-07 11:31:33,774.13,772.07,47.81,38.03,773.1,1546.2,2.0599999999999454,0.0026645970732574677,85.84,9.780000000000001,-6.169999999999959,-8.229999999999905,-7.199999999999932,2.0599999999999454,0.2861110713734574,-6.169999999999959,-6.179999999999836,-6.174999999999841,0.0,0.0,0.0,9.006290668612644,8.645891365266024,12.223423006670357,11.739193647776617
2025-04-07 11:31:34,774.13,778.24,47.81,38.08,776.185,1552.37,4.110000000000014,0.005295129375992688,85.89,9.730000000000004,0.0,6.169999999999959,3.0849999999999227,6.169999999999959,1.9999993517020298,6.169999999999959,14.399999999999864,10.284999999999854,0.0,0.04999999999999716,0.04999999999999716,9.036965781383563,3.664233548776618,1.4531104569160802,7.344294213877824
2025-04-07 11:31:35,780.3,784.41,47.81,38.08,782.355,1564.71,4.110000000000014,0.0052533696272748865,85.89,9.730000000000004,6.169999999999959,6.169999999999959,6.170000000000073,0.0,0.0,6.169999999999959,0.0,3.08500000000015,0.0,0.0,0.0,9.108801849938272,3.88856753830766,1.719339989646862,5.006609880947382
2025-04-07 11:31:36,778.24,782.35,47.81,38.21,780.2950000000001,1560.5900000000001,4.110000000000014,0.0052672386658030295,86.02000000000001,9.600000000000001,-2.0599999999999454,-2.0599999999999454,-2.0599999999999454,0.0,0.0,-8.229999999999905,-8.229999999999905,-8.230000000000018,0.0,0.13000000000000256,0.13000000000000256,9.07108801358884,3.7359145466645867,1.8374901360276483,5.11146187504122
2025-04-07 11:31:37,778.24,782.35,47.81,38.21,780.2950000000001,1560.5900000000001,4.110000000000014,0.0052672386658030295,86.02000000000001,9.600000000000001,0.0,0.0,0.0,0.0,0.0,2.0599999999999454,2.0599999999999454,2.0599999999999454,0.0,0.0,0.0,9.07108801358884,3.735295169056948,0.9167878707743278,5.090916420449254
2025-04-07 11:31:38,778.24,784.41,47.81,38.33,781.325,1562.65,6.169999999999959,0.007896841893070255,86.14,9.480000000000004,0.0,2.0599999999999454,1.0299999999999727,2.0599999999999454,1.9999980582543124,0.0,2.0599999999999454,1.0299999999999727,0.0,0.11999999999999744,0.11999999999999744,9.070408531803942,2.344595914007487,0.9212600067292818,3.13689735248064
2025-04-07 11:31:39,778.24,776.18,47.81,38.33,777.21,1554.42,2.060000000000059,0.002650506294758885,86.14,9.480000000000004,0.0,-8.230000000000018,-4.115000000000009,8.230000000000018,1.9999995139733866,0.0,-10.289999999999964,-5.144999999999982,0.0,0.0,0.0,9.022637462007925,1.9249493499779442,1.4531070160173245,3.8760966190228294
2025-04-07 11:31:40,778.24,778.24,47.81,38.41,778.24,1556.48,0.0,0.0,86.22,9.400000000000006,0.0,2.060000000000059,1.0299999999999727,2.060000000000059,1.999998058254423,0.0,10.290000000000077,5.144999999999982,0.0,0.0799999999999983,0.0799999999999983,9.026211911085458,1.6898764747697774,2.3439389923798744,2.231142084225023
2025-04-07 11:31:41,780.3,780.3,47.81,38.41,780.3,1560.6,0.0,0.0,86.22,9.400000000000006,2.0599999999999454,2.0599999999999454,2.0599999999999454,0.0,0.0,2.0599999999999454,-1.1368683772161603e-13,1.0299999999999727,0.0,0.0,0.0,9.050104279168357,1.6904858768946522,2.6809270784560284,2.413432203315432
2025-04-07 11:31:42,772.07,821.44,47.81,38.46,796.7550000000001,1593.5100000000002,49.370000000000005,0.06196384075159385,86.27000000000001,9.350000000000001,-8.229999999999905,41.1400000000001,16.455000000000155,49.370000000000005,3.000303676675531,-10.28999999999985,39.080000000000155,14.39500000000021,0.0,0.05000000000000426,0.05000000000000426,9.235597435544252,7.987546087502807,21.308199126157962,7.7440191438297195
2025-04-07 11:31:43,772.07,780.3,47.81,38.46,776.185,1552.37,8.229999999999905,0.010603142278447487,86.27000000000001,9.350000000000001,0.0,-41.1400000000001,-20.570000000000164,41.1400000000001,1.9999999027710194,8.229999999999905,-82.2800000000002,-37.02500000000032,0.0,0.0,0.0,8.997159974531586,8.531599058792052,21.19852754320448,13.33084515325277
2025-04-07 11:31:44,774.13,784.41,47.81,38.46,779.27,1558.54,10.279999999999973,0.013191833365596185,86.27000000000001,9.350000000000001,2.0599999999999454,4.110000000000014,3.0850000000000364,2.050000000000068,0.664505457210563,2.0599999999999454,45.250000000000114,23.6550000000002,0.0,0.0,0.0,9.032919797926047,8.305002257674682,20.55036082408286,13.30286557475505
2025-04-07 11:31:45,778.24,784.41,47.81,38.51,781.325,1562.65,6.169999999999959,0.007896841893070255,86.32,9.300000000000004,4.110000000000014,0.0,2.0550000000000637,4.110000000000014,1.9999990267644083,2.050000000000068,-4.110000000000014,-1.0299999999999727,0.0,0.04999999999999716,0.04999999999999716,9.051494334435887,8.052659964259123,19.69896317068489,13.322652982795995
2025-04-07 11:31:46,778.24,786.47,47.81,38.51,782.355,1564.71,8.230000000000018,0.010519521175784008,86.32,9.300000000000004,0.0,2.060000000000059,1.0299999999999727,2.060000000000059,1.999998058254423,-4.110000000000014,2.060000000000059,-1.025000000000091,0.0,0.0,0.0,9.063426679061322,7.947017994190138,18.45677599148887,13.302710907931628
2025-04-07 11:31:47,780.3,784.41,47.81,38.58,782.355,1564.71,4.110000000000014,0.0052533696272748865,86.39,9.230000000000004,2.0599999999999454,-2.060000000000059,0.0,4.1200000000000045,4120000.0000000047,2.0599999999999454,-4.120000000000118,-1.0299999999999727,0.0,0.07000000000000028,0.07000000000000028,9.056082775135053,2.6215825373196586,2.3456939271778436,9.955576954652187
2025-04-07 11:31:48,778.24,778.24,47.81,38.58,778.24,1556.48,0.0,0.0,86.39,9.230000000000004,-2.0599999999999454,-6.169999999999959,-4.115000000000009,4.110000000000014,0.9987846904532962,-4.119999999999891,-4.1099999999999,-4.115000000000009,0.0,0.0,0.0,9.008449947812826,1.868473307269738,3.955991658231727,2.7789283006224124
2025-04-07 11:31:49,772.07,784.41,47.81,38.69,778.24,1556.48,12.339999999999918,0.015856291098046395,86.5,9.120000000000005,-6.169999999999959,6.169999999999959,0.0,12.339999999999918,12339999.999999918,-4.110000000000014,12.339999999999918,4.115000000000009,0.0,0.10999999999999943,0.10999999999999943,8.996994115641687,2.108188203168633,4.5995923732433965,2.345472766842568
2025-04-07 11:31:50,778.24,784.41,47.81,38.69,781.325,1562.65,6.169999999999959,0.007896841893070255,86.5,9.120000000000005,6.169999999999959,0.0,3.0850000000000364,6.169999999999959,1.999999351701956,12.339999999999918,-6.169999999999959,3.0850000000000364,0.0,0.0,0.0,9.032658855113771,2.108188203168633,4.5995923732433965,2.6225631546256647
2025-04-07 11:31:51,774.13,784.41,47.81,38.81,779.27,1558.54,10.279999999999973,0.013191833365596185,86.62,9.0,-4.110000000000014,0.0,-2.0550000000000637,4.110000000000014,1.9999990267644083,-10.279999999999973,0.0,-5.1400000000001,0.0,0.12000000000000455,0.12000000000000455,8.996421045989136,1.868473307269616,4.9100152749251995,2.68188506465139
2025-04-07 11:31:52,776.18,778.24,47.81,38.81,777.21,1554.42,2.060000000000059,0.002650506294758885,86.62,9.0,2.0499999999999545,-6.169999999999959,-2.0599999999999454,8.219999999999914,3.990289325102333,6.159999999999968,-6.169999999999959,-0.004999999999881766,0.0,0.0,0.0,8.97263900978251,1.5600945484099304,5.24218465909001,2.72134479623589
2025-04-07 11:31:53,776.18,784.41,47.81,38.89,780.295,1560.59,8.230000000000018,0.010547292997459583,86.7,8.920000000000002,0.0,6.169999999999959,3.0849999999999227,6.169999999999959,1.9999993517020298,-2.0499999999999545,12.339999999999918,5.144999999999868,0.0,0.0799999999999983,0.0799999999999983,8.999942226067564,1.6262018632318211,3.9544316911534505,2.5814952062709726
2025-04-07 11:31:54,767.96,784.41,47.81,38.89,776.185,1552.37,16.449999999999932,0.02119340103043286,86.7,8.920000000000002,-8.219999999999914,0.0,-4.110000000000014,8.219999999999914,1.9999995133820858,-8.219999999999914,-6.169999999999959,-7.194999999999936,0.0,0.0,0.0,8.952537382323674,2.1319961303854353,5.320974534800807,3.2995670170493616
2025-04-07 11:31:55,776.18,788.53,47.81,38.94,782.355,1564.71,12.350000000000023,0.015785672724293126,86.75,8.870000000000005,8.219999999999914,4.1200000000000045,6.170000000000073,4.099999999999909,0.6645055649099345,16.439999999999827,4.1200000000000045,10.280000000000086,0.0,0.04999999999999716,0.04999999999999716,9.01850133696252,2.4553222802676142,5.322135849449793,4.264172545758462
2025-04-07 11:31:56,772.07,786.47,47.81,38.94,779.27,1558.54,14.399999999999977,0.018478832730018022,86.75,8.870000000000005,-4.1099999999999,-2.0599999999999454,-3.0850000000000364,2.0499999999999545,0.6645054572105261,-12.329999999999814,-6.17999999999995,-9.25500000000011,0.0,0.0,0.0,8.982939377718278,2.4553222802676142,5.705818959623468,4.422642027114583
2025-04-07 11:31:57,776.18,782.35,47.81,38.99,779.265,1558.53,6.170000000000073,0.007917717326047437,86.80000000000001,8.82,4.1099999999999,-4.1200000000000045,-0.0049999999999954525,8.229999999999905,1645.670865828312,8.2199999999998,-2.060000000000059,3.080000000000041,0.0,0.05000000000000426,0.05000000000000426,8.977707269842082,2.2291825856081986,4.264234984144134,4.276414093606962
2025-04-07 11:31:58,772.07,786.47,47.81,38.99,779.27,1558.54,14.399999999999977,0.018478832730018022,86.80000000000001,8.82,-4.1099999999999,4.1200000000000045,0.0049999999999954525,8.229999999999905,1645.670865828312,-8.2199999999998,8.240000000000009,0.009999999999990905,0.0,0.0,0.0,8.977764873528054,2.181425565995484,3.955733813086865,4.008370928444667
2025-04-07 11:31:59,776.18,839.95,47.81,39.04,808.065,1616.13,63.770000000000095,0.07891691871456279,86.85,8.770000000000003,4.1099999999999,53.48000000000002,28.795000000000073,49.37000000000012,1.71453371368176,8.2199999999998,49.360000000000014,28.790000000000077,0.0,0.04999999999999716,0.04999999999999716,9.30414497059131,12.60422696955207,23.471933665550452,12.97566298884188
2025-04-07 11:32:00,782.35,788.53,47.87,39.06,785.44,1570.88,6.17999999999995,0.007868201252968715,86.93,8.809999999999995,6.170000000000073,-51.42000000000007,-22.625,57.590000000000146,2.545414252136393,2.060000000000173,-104.90000000000009,-51.42000000000007,0.05999999999999517,0.020000000000003126,0.03999999999999204,9.03531566737242,12.477786562527191,24.269079710611223,18.362029299617216
2025-04-07 11:32:01,780.3,786.47,47.87,39.06,783.385,1566.77,6.170000000000073,0.007876076248746143,86.93,8.809999999999995,-2.050000000000068,-2.0599999999999454,-2.0550000000000637,0.009999999999877218,0.004866177680632227,-8.220000000000141,49.36000000000013,20.569999999999936,0.0,0.0,0.0,9.011675957532773,12.028955170752962,25.092388686611738,18.31583386035157
2025-04-07 11:32:02,774.13,778.24,47.87,39.11,776.185,1552.37,4.110000000000014,0.005295129375992688,86.97999999999999,8.759999999999998,-6.169999999999959,-8.230000000000018,-7.2000000000000455,2.060000000000059,0.2861110713734687,-4.119999999999891,-6.170000000000073,-5.144999999999982,0.0,0.04999999999999716,0.04999999999999716,8.923717993518993,12.595072151440197,25.377937859487343,18.67624440298427
2025-04-07 11:32:03,776.18,784.41,47.87,39.11,780.295,1560.59,8.230000000000018,0.010547292997459583,86.97999999999999,8.759999999999998,2.0499999999999545,6.169999999999959,4.110000000000014,4.1200000000000045,1.002432846123393,8.219999999999914,14.399999999999977,11.31000000000006,0.0,0.0,0.0,8.970970234870428,12.45618240071911,25.799539143170776,18.80018384218626
2025-04-07 11:32:04,780.3,788.53,47.87,39.16,784.415,1568.83,8.230000000000018,0.01049189522065249,87.03,8.71,4.1200000000000045,4.1200000000000045,4.1200000000000045,0.0,0.0,2.07000000000005,-2.0499999999999545,0.009999999999990905,0.0,0.04999999999999716,0.04999999999999716,9.0131562792927,3.751320434191204,1.7229277407944232,11.067470917061407
2025-04-07 11:32:05,776.18,780.3,47.87,39.16,778.24,1556.48,4.1200000000000045,0.005293996703723797,87.03,8.71,-4.1200000000000045,-8.230000000000018,-6.1749999999999545,4.110000000000014,0.6655869367470618,-8.240000000000009,-12.350000000000023,-10.294999999999959,0.0,0.0,0.0,8.942203735008576,3.4430807425878798,2.057503341430818,5.424300646166298
2025-04-07 11:32:06,780.3,788.53,47.87,39.24,784.415,1568.83,8.230000000000018,0.01049189522065249,87.11,8.629999999999995,4.1200000000000045,8.230000000000018,6.1749999999999545,4.110000000000014,0.6655869367470618,8.240000000000009,16.460000000000036,12.349999999999909,0.0,0.0800000000000054,0.0800000000000054,9.004878785387685,3.6811275446498097,2.253881097129791,6.359158159693776
2025-04-07 11:32:07,780.3,788.53,47.87,39.24,784.415,1568.83,8.230000000000018,0.01049189522065249,87.11,8.629999999999995,0.0,0.0,0.0,0.0,0.0,-4.1200000000000045,-8.230000000000018,-6.1749999999999545,0.0,0.0,0.0,9.004878785387685,2.9115124935298216,1.838047877504556,4.9137859639996275
2025-04-07 11:32:08,776.18,788.53,47.87,39.29,782.355,1564.71,12.350000000000023,0.015785672724293126,87.16,8.579999999999998,-4.1200000000000045,0.0,-2.0599999999999454,4.1200000000000045,1.99999902912674,-4.1200000000000045,0.0,-2.0599999999999454,0.0,0.04999999999999716,0.04999999999999716,8.976078373381387,2.6838023399610558,2.909745693355182,4.915041454555564
2025-04-07 11:32:09,774.13,784.41,47.87,39.29,779.27,1558.54,10.279999999999973,0.013191833365596185,87.16,8.579999999999998,-2.0499999999999545,-4.1200000000000045,-3.0850000000000364,2.07000000000005,0.6709884372809038,2.07000000000005,-4.1200000000000045,-1.025000000000091,0.0,0.0,0.0,8.940683697330385,2.8740376650246007,3.0504212823803534,4.602387152337333
2025-04-07 11:32:10,778.24,788.53,47.87,39.41,783.385,1566.77,10.289999999999964,0.013135303824894095,87.28,8.46,4.110000000000014,4.1200000000000045,4.115000000000009,0.009999999999990905,0.002430133066794123,6.159999999999968,8.240000000000009,7.2000000000000455,0.0,0.11999999999999744,0.11999999999999744,8.975538393955793,2.1338041147163853,1.722927740794431,3.985300176900091
2025-04-07 11:32:11,780.3,784.41,47.87,39.41,782.355,1564.71,4.110000000000014,0.0052533696272748865,87.28,8.46,2.0599999999999454,-4.1200000000000045,-1.0299999999999727,6.17999999999995,5.999994174763048,-2.050000000000068,-8.240000000000009,-5.144999999999982,0.0,0.0,0.0,8.963737294182662,1.9249493499779242,3.123158657513089,2.779668595354495
2025-04-07 11:32:12,780.3,788.53,47.87,39.46,784.415,1568.83,8.230000000000018,0.01049189522065249,87.33,8.409999999999997,0.0,4.1200000000000045,2.0599999999999454,4.1200000000000045,1.99999902912674,-2.0599999999999454,8.240000000000009,3.089999999999918,0.0,0.05000000000000426,0.05000000000000426,8.982193874015872,1.9249493499779242,3.123158657513089,2.9999395827249526
2025-04-07 11:32:13,780.3,780.3,47.87,39.46,780.3,1560.6,0.0,0.0,87.33,8.409999999999997,0.0,-8.230000000000018,-4.115000000000009,8.230000000000018,1.9999995139733866,0.0,-12.350000000000023,-6.1749999999999545,0.0,0.0,0.0,8.935073755466922,2.1333219400691283,4.4602096363286385,3.458452327270108
2025-04-07 11:32:14,778.24,784.41,47.87,39.51,781.325,1562.65,6.169999999999959,0.007896841893070255,87.38,8.36,-2.0599999999999454,4.110000000000014,1.025000000000091,6.169999999999959,6.0195063224322825,-2.0599999999999454,12.340000000000032,5.1400000000001,0.0,0.04999999999999716,0.04999999999999716,8.941691360246152,1.6269926244394686,3.958850843363372,3.1375535851997833
2025-04-07 11:32:15,780.3,788.53,47.87,39.51,784.415,1568.83,8.230000000000018,0.01049189522065249,87.38,8.36,2.0599999999999454,4.1200000000000045,3.089999999999918,2.060000000000059,0.6666664509170429,4.119999999999891,0.009999999999990905,2.064999999999827,0.0,0.0,0.0,8.977054143087043,1.840983432837076,3.4431555294524503,2.8558829632882166
2025-04-07 11:32:16,772.07,784.41,47.87,39.59,778.24,1556.48,12.339999999999918,0.015856291098046395,87.46000000000001,8.279999999999994,-8.229999999999905,-4.1200000000000045,-6.1749999999999545,4.1099999999999,0.6655869367470435,-10.28999999999985,-8.240000000000009,-9.264999999999873,0.0,0.0800000000000054,0.0800000000000054,8.898239093319928,2.6836109069646703,4.506387688603678,4.077975294187025
2025-04-07 11:32:17,774.13,786.47,47.87,39.59,780.3,1560.6,12.340000000000032,0.015814430327035247,87.46000000000001,8.279999999999994,2.0599999999999454,2.060000000000059,2.0599999999999454,1.1368683772161603e-13,5.518775851158278e-14,10.28999999999985,6.180000000000064,8.2349999999999,0.0,0.0,0.0,8.921792717564683,2.2544494893385734,5.1211258527787535,4.077975294187025
2025-04-07 11:32:18,778.24,794.7,47.87,39.61,786.47,1572.94,16.460000000000036,0.02092896102721156,87.47999999999999,8.259999999999998,4.110000000000014,8.230000000000018,6.170000000000073,4.1200000000000045,0.6677470554704863,2.050000000000068,6.169999999999959,4.110000000000127,0.0,0.01999999999999602,0.01999999999999602,8.990283390600329,3.2857210015429206,4.0108066520338745,4.566948379388573
2025-04-07 11:32:19,772.07,786.47,47.87,39.64,779.27,1558.54,14.399999999999977,0.018478832730018022,87.50999999999999,8.229999999999997,-6.169999999999959,-8.230000000000018,-7.2000000000000455,2.060000000000059,0.2861110713734687,-10.279999999999973,-16.460000000000036,-13.370000000000118,0.0,0.030000000000001137,0.030000000000001137,8.904925049652325,3.5338725217500344,3.0517667014369043,5.9368893370181715
2025-04-07 11:32:20,778.24,780.3,47.87,39.64,779.27,1558.54,2.0599999999999454,0.0026434996822108456,87.50999999999999,8.229999999999997,6.169999999999959,-6.170000000000073,0.0,12.340000000000032,12340000.000000032,12.339999999999918,2.0599999999999454,7.2000000000000455,0.0,0.0,0.0,8.904925049652325,3.301280054763486,5.557301503427661,5.6344680316778994
2025-04-07 11:32:21,774.13,788.53,47.87,39.69,781.3299999999999,1562.6599999999999,14.399999999999977,0.018430112732865583,87.56,8.18,-4.110000000000014,8.230000000000018,2.0599999999999454,12.340000000000032,5.990288354229128,-10.279999999999973,14.400000000000091,2.0599999999999454,0.0,0.04999999999999716,0.04999999999999716,8.923366732259401,2.998653030942338,5.707619468745211,4.91137658910415
2025-04-07 11:32:22,778.24,786.47,47.87,39.69,782.355,1564.71,8.230000000000018,0.010519521175784008,87.56,8.18,4.110000000000014,-2.0599999999999454,1.025000000000091,6.169999999999959,6.0195063224322825,8.220000000000027,-10.289999999999964,-1.0349999999998545,0.0,0.0,0.0,8.935072990691264,2.963149506855821,5.925951400408148,4.856915687964985
2025-04-07 11:32:23,778.24,788.53,47.87,39.76,783.385,1566.77,10.289999999999964,0.013135303824894095,87.63,8.11,0.0,2.0599999999999454,1.0299999999999727,2.0599999999999454,1.9999980582543124,-4.110000000000014,4.119999999999891,0.004999999999881766,0.0,0.07000000000000028,0.07000000000000028,8.939689502000578,1.8401446953920444,5.121125852778773,3.751389076062379
2025-04-07 11:32:24,772.07,788.53,47.87,39.76,780.3,1560.6,16.459999999999923,0.021094450825202452,87.63,8.11,-6.169999999999959,0.0,-3.0850000000000364,6.169999999999959,1.999999351701956,-6.169999999999959,-2.0599999999999454,-4.115000000000009,0.0,0.0,0.0,8.904484663876701,1.6262018632321058,5.633326725834297,1.9786466334340886
2025-04-07 11:32:25,778.24,788.53,47.87,39.89,783.385,1566.77,10.289999999999964,0.013135303824894095,87.75999999999999,7.979999999999997,6.169999999999959,0.0,3.0850000000000364,6.169999999999959,1.999999351701956,12.339999999999918,0.0,6.170000000000073,0.0,0.13000000000000256,0.13000000000000256,8.926447026818062,1.3404635392205984,3.3797529495510297,2.3453640442370776
2025-04-07 11:32:26,772.07,788.53,47.87,39.89,780.3,1560.6,16.459999999999923,0.021094450825202452,87.75999999999999,7.979999999999997,-6.169999999999959,0.0,-3.0850000000000364,6.169999999999959,1.999999351701956,-12.339999999999918,0.0,-6.170000000000073,0.0,0.0,0.0,8.891294338066382,1.5594349938294105,3.848562069136834,2.759122143001325
2025-04-07 11:32:27,774.13,784.41,47.87,39.99,779.27,1558.54,10.279999999999973,0.013191833365596185,87.86,7.8799999999999955,2.0599999999999454,-4.1200000000000045,-1.0299999999999727,6.17999999999995,5.999994174763048,8.229999999999905,-4.1200000000000045,2.0550000000000637,0.0,0.10000000000000142,0.10000000000000142,8.869451299004652,1.9242810345631451,3.3812763862185107,2.6818850646513828
2025-04-07 11:32:28,772.07,788.53,47.87,39.99,780.3,1560.6,16.459999999999923,0.021094450825202452,87.86,7.8799999999999955,-2.0599999999999454,4.1200000000000045,1.0299999999999727,6.17999999999995,5.999994174763048,-4.119999999999891,8.240000000000009,2.0599999999999454,0.0,0.0,0.0,8.881174494864847,1.5599294855790904,3.382188640510597,2.6818850646513828
2025-04-07 11:32:29,770.02,788.53,47.87,40.06,779.275,1558.55,18.50999999999999,0.023752847167235115,87.93,7.809999999999995,-2.050000000000068,0.0,-1.0249999999999773,2.050000000000068,1.9999980487825024,0.009999999999877218,-4.1200000000000045,-2.05499999999995,0.0,0.07000000000000028,0.07000000000000028,8.862447300552173,1.6894207587155377,3.8485646675090504,2.345034647931688
2025-04-07 11:32:30,772.07,788.53,47.87,40.06,780.3,1560.6,16.459999999999923,0.021094450825202452,87.93,7.809999999999995,2.050000000000068,0.0,1.0249999999999773,2.050000000000068,1.9999980487825024,4.100000000000136,0.0,2.0499999999999545,0.0,0.0,0.0,8.874104300305875,0.5627877041823138,3.1218392014963037,1.72023472235623
2025-04-07 11:32:31,772.07,788.53,47.87,40.11,780.3,1560.6,16.459999999999923,0.021094450825202452,87.97999999999999,7.759999999999998,0.0,0.0,0.0,0.0,0.0,-2.050000000000068,0.0,-1.0249999999999773,0.0,0.04999999999999716,0.04999999999999716,8.869061049453729,0.5627877041823138,3.1218392014963037,1.0275030413580137
2025-04-07 11:32:32,774.13,784.41,47.87,40.11,779.27,1558.54,10.279999999999973,0.013191833365596185,87.97999999999999,7.759999999999998,2.0599999999999454,-4.1200000000000045,-1.0299999999999727,6.17999999999995,5.999994174763048,2.0599999999999454,-4.1200000000000045,-1.0299999999999727,0.0,0.0,0.0,8.857353843403573,0.5627877041823138,3.1218392014963037,1.0275030413580137
2025-04-07 11:32:33,772.07,798.81,47.87,40.16,785.44,1570.88,26.739999999999895,0.03404461189391333,88.03,7.710000000000001,-2.0599999999999454,14.399999999999977,6.170000000000073,16.459999999999923,2.6677467313213934,-4.119999999999891,18.519999999999982,7.2000000000000455,0.0,0.04999999999999716,0.04999999999999716,8.922412712456973,2.5801007732216923,5.926820395456477,2.997796273931928
2025-04-07 11:32:34,778.24,788.53,47.87,40.16,783.385,1566.77,10.289999999999964,0.013135303824894095,88.03,7.710000000000001,6.169999999999959,-10.279999999999973,-2.0550000000000637,16.449999999999932,8.004862284738266,8.229999999999905,-24.67999999999995,-8.225000000000136,0.0,0.0,0.0,8.899068398283898,2.580897130840231,6.728348980247585,3.2025392269260773
2025-04-07 11:32:35,767.96,831.72,47.87,40.19,799.84,1599.68,63.75999999999999,0.07971594308897285,88.06,7.68,-10.279999999999973,43.190000000000055,16.45500000000004,53.47000000000003,3.2494680492574806,-16.449999999999932,53.47000000000003,18.510000000000105,0.0,0.030000000000001137,0.030000000000001137,9.08289792093007,8.304475901583455,22.41695295975793,7.709694060077901
2025-04-07 11:32:36,772.07,790.58,47.87,40.29,781.325,1562.65,18.50999999999999,0.02369052567921091,88.16,7.579999999999998,4.110000000000014,-41.139999999999986,-18.514999999999986,45.25,2.443964221227967,14.389999999999986,-84.33000000000004,-34.97000000000003,0.0,0.10000000000000142,0.10000000000000142,8.862579300560581,8.150712085454867,22.22809326055655,12.813225101433304
2025-04-07 11:32:37,772.07,788.53,47.87,40.29,780.3,1560.6,16.459999999999923,0.021094450825202452,88.16,7.579999999999998,0.0,-2.050000000000068,-1.025000000000091,2.050000000000068,1.9999980487822806,-4.110000000000014,39.08999999999992,17.489999999999895,0.0,0.0,0.0,8.850952712670681,7.953399116099996,21.2934583851473,12.813104814993148
2025-04-07 11:32:38,778.24,784.41,47.87,40.42,781.325,1562.65,6.169999999999959,0.007896841893070255,88.28999999999999,7.449999999999996,6.169999999999959,-4.1200000000000045,1.025000000000091,10.289999999999964,10.039014596082396,6.169999999999959,-2.0699999999999363,2.050000000000182,0.0,0.13000000000000256,0.13000000000000256,8.849529857860123,8.241039831233673,23.28677242556383,12.414808496307963
2025-04-07 11:32:39,778.24,788.53,47.92,40.42,783.385,1566.77,10.289999999999964,0.013135303824894095,88.34,7.5,0.0,4.1200000000000045,2.0599999999999454,4.1200000000000045,1.99999902912674,-6.169999999999959,8.240000000000009,1.0349999999998545,0.05000000000000426,0.0,0.05000000000000426,8.867840062623499,8.241039831233673,23.28677242556383,12.449067234134462
2025-04-07 11:32:40,780.3,790.58,47.92,40.49,785.44,1570.88,10.280000000000086,0.01308820532047245,88.41,7.43,2.0599999999999454,2.050000000000068,2.0550000000000637,0.009999999999877218,0.004866177680632227,2.0599999999999454,-2.0699999999999363,-0.004999999999881766,0.0,0.07000000000000028,0.07000000000000028,8.884062788326403,2.0568756646863937,5.03880640628304,8.830360977898923
2025-04-07 11:32:41,782.35,786.47,47.92,40.49,784.4100000000001,1568.8200000000002,4.1200000000000045,0.005252355266694266,88.41,7.43,2.050000000000068,-4.110000000000014,-1.0299999999999727,6.160000000000082,5.98057671788692,-0.009999999999877218,-6.160000000000082,-3.0850000000000364,0.0,0.0,0.0,8.872412522651144,2.1319961303856476,4.735528481595154,1.5592730678107938
2025-04-07 11:32:42,782.35,790.58,47.92,40.54,786.465,1572.93,8.230000000000018,0.01046454704218938,88.46000000000001,7.380000000000003,0.0,4.110000000000014,2.05499999999995,4.110000000000014,1.9999990267645191,-2.050000000000068,8.220000000000027,3.0849999999999227,0.0,0.04999999999999716,0.04999999999999716,8.890628432165629,1.977476295680853,2.680162308517747,1.3416156304992677
2025-04-07 11:32:43,780.3,788.53,47.92,40.54,784.415,1568.83,8.230000000000018,0.01049189522065249,88.46000000000001,7.380000000000003,-2.050000000000068,-2.050000000000068,-2.050000000000068,0.0,0.0,-2.050000000000068,-6.160000000000082,-4.105000000000018,0.0,0.0,0.0,8.86745411635254,1.1706547313276623,2.5168531939704257,2.002712535537751
2025-04-07 11:32:44,780.3,784.41,47.92,40.59,782.355,1564.71,4.110000000000014,0.0052533696272748865,88.51,7.329999999999998,0.0,-4.1200000000000045,-2.0599999999999454,4.1200000000000045,1.99999902912674,2.050000000000068,-2.0699999999999363,-0.009999999999877218,0.0,0.05000000000000426,0.05000000000000426,8.839170615307077,1.5241989699444736,2.7581932492121033,2.1059956077827007
2025-04-07 11:32:45,778.24,788.53,47.92,40.59,783.385,1566.77,10.289999999999964,0.013135303824894095,88.51,7.329999999999998,-2.0599999999999454,4.1200000000000045,1.0299999999999727,6.17999999999995,5.999994174763048,-2.0599999999999454,8.240000000000009,3.089999999999918,0.0,0.0,0.0,8.850807718327784,1.5238618703739817,2.7611736634987336,1.8672386028571528
2025-04-07 11:32:46,780.3,792.64,47.92,40.72,786.47,1572.94,12.340000000000032,0.015690363248832974,88.64,7.200000000000003,2.0599999999999454,4.110000000000014,3.0850000000000364,2.050000000000068,0.664505457210563,4.119999999999891,-0.009999999999990905,2.0550000000000637,0.0,0.12999999999999545,0.12999999999999545,8.872630766328625,1.8387482154933001,3.0524416456337184,2.366354263418735
2025-04-07 11:32:47,782.35,788.53,47.92,40.72,785.44,1570.88,6.17999999999995,0.007868201252968715,88.64,7.200000000000003,2.050000000000068,-4.110000000000014,-1.0299999999999727,6.160000000000082,5.98057671788692,-0.009999999999877218,-8.220000000000027,-4.115000000000009,0.0,0.0,0.0,8.861010730358634,1.6262018632321662,3.252406801124229,2.2290693125158882
2025-04-07 11:32:48,780.3,772.07,47.92,40.77,776.185,1552.37,8.229999999999905,0.010603142278447487,88.69,7.149999999999999,-2.050000000000068,-16.459999999999923,-9.25500000000011,14.409999999999854,1.5569960500274052,-4.100000000000136,-12.349999999999909,-8.225000000000136,0.0,0.05000000000000426,0.05000000000000426,8.751662997500699,4.022795358948762,3.252406801124229,4.690177768486017
2025-04-07 11:32:49,774.13,790.58,47.92,40.77,782.355,1564.71,16.450000000000045,0.02102626043033378,88.69,7.149999999999999,-6.169999999999959,18.50999999999999,6.170000000000073,24.67999999999995,3.9999993517018324,-4.119999999999891,34.969999999999914,15.425000000000182,0.0,0.0,0.0,8.821231155471517,4.022795358948762,3.9513124401899047,5.8172792179850505
2025-04-07 11:32:50,780.3,788.53,47.92,40.77,784.415,1568.83,8.230000000000018,0.01049189522065249,88.69,7.149999999999999,6.169999999999959,-2.050000000000068,2.0599999999999454,8.220000000000027,3.990289325102388,12.339999999999918,-20.56000000000006,-4.110000000000127,0.0,0.0,0.0,8.844458125555777,4.0881942835412906,4.108750418314485,5.880762493078659
2025-04-07 11:32:51,778.24,790.58,47.92,40.84,784.4100000000001,1568.8200000000002,12.340000000000032,0.01573156892985615,88.76,7.079999999999998,-2.0599999999999454,2.050000000000068,-0.004999999999881766,4.110000000000014,821.8356328928579,-8.229999999999905,4.100000000000136,-2.064999999999827,0.0,0.07000000000000028,0.07000000000000028,8.837426669249362,3.736327408027791,4.108750418314485,5.6608243657616395
2025-04-07 11:32:52,780.3,788.53,47.92,40.84,784.415,1568.83,8.230000000000018,0.01049189522065249,88.76,7.079999999999998,2.0599999999999454,-2.050000000000068,0.004999999999881766,4.110000000000014,821.8356328928579,4.119999999999891,-4.100000000000136,0.009999999999763531,0.0,0.0,0.0,8.837483000929664,3.562973477305081,3.676095755009564,5.651492059624667
2025-04-07 11:32:53,776.18,790.58,47.92,40.89,783.38,1566.76,14.400000000000091,0.018381883608999727,88.81,7.030000000000001,-4.1200000000000045,2.050000000000068,-1.0349999999999682,6.170000000000073,5.961346897249629,-6.17999999999995,4.100000000000136,-1.03999999999985,0.0,0.04999999999999716,0.04999999999999716,8.820853408165146,0.9209845275460394,3.676934864802376,2.8735940040305112
2025-04-07 11:32:54,772.07,790.58,47.92,40.89,781.325,1562.65,18.50999999999999,0.02369052567921091,88.81,7.030000000000001,-4.1099999999999,0.0,-2.05499999999995,4.1099999999999,1.9999990267644636,0.010000000000104592,-2.050000000000068,-1.0199999999999818,0.0,0.0,0.0,8.797714122309266,1.3423831420198864,4.361670551520267,1.5269020924734744
2025-04-07 11:32:55,772.07,792.64,47.92,40.94,782.355,1564.71,20.569999999999936,0.026292411978842755,88.86,6.980000000000004,0.0,2.0599999999999454,1.0299999999999727,2.0599999999999454,1.9999980582543124,4.1099999999999,2.0599999999999454,3.0849999999999227,0.0,0.04999999999999716,0.04999999999999716,8.804355066347568,1.341615630491547,4.910015274925203,1.17329450693333
2025-04-07 11:32:56,780.3,790.58,47.92,40.94,785.44,1570.88,10.280000000000086,0.01308820532047245,88.86,6.980000000000004,8.229999999999905,-2.0599999999999454,3.0850000000000364,10.28999999999985,3.3354932461933493,8.229999999999905,-4.119999999999891,2.0550000000000637,0.0,0.0,0.0,8.839072599155159,1.6269933927275877,5.244146260355319,1.9786497921562503
2025-04-07 11:32:57,780.3,792.64,47.92,41.02,786.47,1572.94,12.340000000000032,0.015690363248832974,88.94,6.899999999999999,0.0,2.0599999999999454,1.0299999999999727,2.0599999999999454,1.9999980582543124,-8.229999999999905,4.119999999999891,-2.0550000000000637,0.0,0.0800000000000054,0.0800000000000054,8.842702846382924,2.1335633339508147,4.266643880147329,2.0055342181074702
2025-04-07 11:32:58,772.07,790.58,47.92,41.02,781.325,1562.65,18.50999999999999,0.02369052567921091,88.94,6.899999999999999,-8.229999999999905,-2.0599999999999454,-5.144999999999982,6.169999999999959,1.1992223130763202,-8.229999999999905,-4.119999999999891,-6.1749999999999545,0.0,0.0,0.0,8.7848548596261,2.412899189767219,4.4606692323012105,3.2205771998199233
2025-04-07 11:32:59,778.24,792.64,47.92,41.07,785.44,1570.88,14.399999999999977,0.018333672822451498,88.99000000000001,6.850000000000001,6.169999999999959,2.0599999999999454,4.115000000000009,4.110000000000014,0.9987846904532962,14.399999999999864,4.119999999999891,9.259999999999991,0.0,0.04999999999999716,0.04999999999999716,8.826160143542419,2.2303346161460467,4.266643880147335,3.5936273457329975
2025-04-07 11:33:00,780.3,788.53,47.92,41.07,784.415,1568.83,8.230000000000018,0.01049189522065249,88.99000000000001,6.850000000000001,2.0599999999999454,-4.110000000000014,-1.025000000000091,6.169999999999959,6.0195063224322825,-4.110000000000014,-6.169999999999959,-5.1400000000001,0.0,0.0,0.0,8.81464199556532,1.97903575005085,3.9559916582317163,3.6804986075258967
2025-04-07 11:33:01,780.3,788.53,47.92,41.12,784.415,1568.83,8.230000000000018,0.01049189522065249,89.03999999999999,6.800000000000004,0.0,0.0,0.0,0.0,0.0,-2.0599999999999454,4.110000000000014,1.025000000000091,0.0,0.04999999999999716,0.04999999999999716,8.809692174194833,1.9249499993452617,4.361670551520254,3.3654735922303702
2025-04-07 11:33:02,776.18,792.64,47.92,41.12,784.41,1568.82,16.460000000000036,0.020983924196550416,89.03999999999999,6.800000000000004,-4.1200000000000045,4.110000000000014,-0.0049999999999954525,8.230000000000018,1645.6708658283346,-4.1200000000000045,4.110000000000014,-0.0049999999999954525,0.0,0.0,0.0,8.809636019658177,1.560590433130777,4.734440832875521,3.301748779056336
2025-04-07 11:33:03,780.3,794.7,47.92,41.17,787.5,1575.0,14.400000000000091,0.018285714262494448,89.09,6.75,4.1200000000000045,2.060000000000059,3.090000000000032,2.0599999999999454,0.6666664509169816,8.240000000000009,-2.0499999999999545,3.0950000000000273,0.0,0.05000000000000426,0.05000000000000426,8.839375812780606,1.341423683993665,3.8485620691368863,2.230798623811691
2025-04-07 11:33:04,772.07,784.41,47.92,41.17,778.24,1556.48,12.339999999999918,0.015856291098046395,89.09,6.75,-8.229999999999905,-10.290000000000077,-9.259999999999991,2.060000000000173,0.22246217899978357,-12.349999999999909,-12.350000000000136,-12.350000000000023,0.0,0.0,0.0,8.735435977826512,3.3812745378007447,3.68000951085717,4.636225566125964
2025-04-07 11:33:05,778.24,792.64,47.92,41.24,785.44,1570.88,14.399999999999977,0.018333672822451498,89.16,6.68,6.169999999999959,8.230000000000018,7.2000000000000455,2.060000000000059,0.2861110713734687,14.399999999999864,18.520000000000095,16.460000000000036,0.0,0.07000000000000028,0.07000000000000028,8.809331440003014,3.458378232637313,3.1201890968335904,6.060643530187216
2025-04-07 11:33:06,696.0,792.64,47.8,41.24,744.3199999999999,1488.6399999999999,96.63999999999999,0.1298366292322702,89.03999999999999,6.559999999999995,-82.24000000000001,0.0,-41.12000000000012,82.24000000000001,1.9999999513618634,-88.40999999999997,-8.230000000000018,-48.320000000000164,-0.12000000000000455,0.0,0.12000000000000455,8.359388944750798,18.032817860777744,36.80768017683264,19.47092909955769
2025-04-07 11:33:07,642.56,759.73,46.65,40.62,701.145,1402.29,117.17000000000007,0.1671123659626578,87.27,6.030000000000001,-53.440000000000055,-32.90999999999997,-43.174999999999955,20.530000000000086,0.47550664793268005,28.799999999999955,-32.90999999999997,-2.0549999999998363,-1.1499999999999986,-0.6200000000000045,0.529999999999994,8.034204101819594,36.890593042129225,51.56353750471356,24.059606605262726
2025-04-07 11:33:08,613.8,720.67,45.47,39.34,667.2349999999999,1334.4699999999998,106.87,0.1601684561508787,84.81,6.1299999999999955,-28.75999999999999,-39.06000000000006,-33.91000000000008,10.300000000000068,0.3037451989458816,24.680000000000064,-6.150000000000091,9.264999999999873,-1.1799999999999997,-1.279999999999994,0.09999999999999432,7.867409410831158,50.59305527935635,51.741665319160376,22.077571650885925
2025-04-07 11:33:09,541.91,673.39,44.2,37.98,607.65,1215.3,131.48000000000002,0.21637455736628894,82.18,6.220000000000006,-71.88999999999999,-47.27999999999997,-59.58499999999992,24.610000000000014,0.4130234050008667,-43.129999999999995,-8.219999999999914,-25.67499999999984,-1.269999999999996,-1.3600000000000065,0.09000000000001052,7.394134736016856,68.66755043322881,45.956498669937865,24.934141904224422
2025-04-07 11:33:10,439.27,607.63,42.82,36.58,523.45,1046.9,168.36,0.321635303617088,79.4,6.240000000000002,-102.63999999999999,-65.75999999999999,-84.19999999999993,36.879999999999995,0.43800474539186796,-30.75,-18.480000000000018,-24.61500000000001,-1.3800000000000026,-1.3999999999999986,0.01999999999999602,6.5925691864915725,86.03757267903383,27.894270558664896,20.106487323746965
2025-04-07 11:33:11,303.9,550.12,41.34,35.13,427.01,854.02,246.22000000000003,0.5766141294662558,76.47,6.210000000000001,-135.37,-57.50999999999999,-96.44000000000005,77.86000000000001,0.8073413437646063,-32.73000000000002,8.25,-12.240000000000123,-1.4799999999999969,-1.4499999999999957,0.030000000000001137,5.584019804053619,111.25879440520669,56.55875750049676,26.5401927743564
2025-04-07 11:33:12,150.21,445.43,39.67,33.6,297.82,595.64,295.22,0.9912698912387689,73.27000000000001,6.07,-153.68999999999997,-104.69,-129.19,48.99999999999997,0.3792863195348994,-18.319999999999965,-47.18000000000001,-32.74999999999994,-1.6700000000000017,-1.5300000000000011,0.14000000000000057,4.064692178726734,146.80168534454936,79.11183413371226,36.21608378883613
2025-04-07 11:33:13,137.92,332.6,39.67,32.02,235.26,470.52,194.68000000000004,0.8275099854309702,71.69,7.649999999999999,-12.29000000000002,-112.82999999999998,-62.56,100.53999999999996,1.6070971610118734,141.39999999999995,-8.139999999999986,66.63,0.0,-1.5799999999999983,1.5799999999999983,3.281629191217336,154.11429352918606,64.5540372091475,28.390206938308875
2025-04-07 11:33:14,119.49,226.01,39.67,30.34,172.75,345.5,106.52,0.6166135999038287,70.01,9.330000000000002,-18.429999999999993,-106.59000000000003,-62.50999999999999,88.16000000000004,1.4103343239428208,-6.139999999999972,6.239999999999952,0.05000000000001137,0.0,-1.6800000000000033,1.6800000000000033,2.4675046069489412,142.79768229911915,72.36511452350504,27.721929045432617
2025-04-07 11:33:15,107.2,111.3,39.67,28.38,109.25,218.5,4.099999999999994,0.03752860377548184,68.05,11.290000000000003,-12.289999999999992,-114.71,-63.5,102.42,1.6129133604265613,6.140000000000001,-8.119999999999962,-0.9900000000000091,0.0,-1.9600000000000009,1.9600000000000009,1.6054371549531647,122.06777981924708,115.81130566572507,29.714917970608646
2025-04-07 11:33:16,94.92,96.97,39.67,28.38,95.945,191.89,2.049999999999997,0.021366407615129396,68.05,11.290000000000003,-12.280000000000001,-14.329999999999998,-13.305000000000007,2.049999999999997,0.154077402925411,0.009999999999990905,100.38,50.19499999999999,0.0,0.0,0.0,1.409919156356809,85.19723865830514,126.29781542053688,41.23037709019892
2025-04-07 11:33:17,84.68,82.64,39.67,28.38,83.66,167.32,2.0400000000000063,0.024384412809175155,68.05,11.290000000000003,-10.239999999999995,-14.329999999999998,-12.284999999999997,4.090000000000003,0.33292630582610494,2.0400000000000063,0.0,1.0200000000000102,0.0,0.0,0.0,1.2293901362323272,63.650737584102025,86.78645124672397,27.425110893121285
2025-04-07 11:33:18,72.4,76.49,39.67,28.38,74.445,148.89,4.089999999999989,0.05493988777030159,68.05,11.290000000000003,-12.280000000000001,-6.150000000000006,-9.215000000000003,6.1299999999999955,0.6652196782181569,-2.0400000000000063,8.179999999999993,3.069999999999993,0.0,0.0,0.0,1.0939750022927994,38.90598009946838,46.27559994208603,28.197152914789104
2025-04-07 11:33:19,66.26,70.35,39.67,28.38,68.305,136.61,4.089999999999989,0.05987848532496162,68.05,11.290000000000003,-6.140000000000001,-6.140000000000001,-6.139999999999986,0.0,0.0,6.140000000000001,0.010000000000005116,3.075000000000017,0.0,0.0,0.0,1.0037472299228918,16.515575754427598,1.1219313704464953,23.984674638193443
2025-04-07 11:33:20,58.07,64.21,39.67,28.38,61.14,122.28,6.1399999999999935,0.10042525187397354,68.05,11.290000000000003,-8.190000000000005,-6.140000000000001,-7.165000000000006,2.0500000000000043,0.2861130096143744,-2.0500000000000043,0.0,-1.02500000000002,0.0,0.0,0.0,0.8984570036964438,13.569140263857545,1.7127667675407403,3.1218135754717364
2025-04-07 11:33:21,56.03,56.03,39.67,28.38,56.03,112.06,0.0,0.0,68.05,11.290000000000003,-2.039999999999999,-8.179999999999993,-5.109999999999999,6.1399999999999935,1.2015653225899552,6.150000000000006,-2.039999999999992,2.055000000000007,0.0,0.0,0.0,0.823365160567742,10.893161501613884,2.3338530373594515,2.8436301623100704
