time,force_left,force_right,dis_left,dis_right,force_avg,force_sum,force_diff,force_diff_ratio,total_delta_dis,dis_diff,left_force_rate,right_force_rate,force_rate,force_rate_diff,force_rate_ratio,left_force_acc,right_force_acc,force_acc,left_dis_rate,right_dis_rate,dis_rate_diff,stiffness_ratio,force_std_5s,force_diff_std_5s,force_rate_std_5s
2025-05-09 05:19:51,344.11,402.77,11.75,0.46,373.44,746.88,58.65999999999997,0.15708011954509385,12.21,11.29,0.0,0.0,0.0,0.0,0.0,0.0,0.0,0.0,0.0,0.0,0.0,30.584764079871903,0.0,0.0,0.0
2025-05-09 05:19:52,354.37,417.13,12.25,0.96,385.75,771.5,62.75999999999999,0.16269604624058054,13.21,11.29,10.259999999999991,14.360000000000014,12.310000000000002,4.100000000000023,0.3330625237154751,10.259999999999991,14.360000000000014,12.310000000000002,0.5,0.49999999999999994,5.551115123125783e-17,29.2013603935382,0.0,0.0,0.0
2025-05-09 05:19:53,360.53,423.29,12.75,1.48,391.90999999999997,783.8199999999999,62.76000000000005,0.16013880697063418,14.23,11.27,6.159999999999968,6.160000000000025,6.159999999999968,5.684341886080802e-14,9.227826239120465e-15,-4.100000000000023,-8.199999999999989,-6.150000000000034,0.5,0.52,0.020000000000000018,27.541108394862373,0.0,0.0,0.0
2025-05-09 05:19:54,368.74,429.44,13.27,1.98,399.09000000000003,798.1800000000001,60.69999999999999,0.15209601806084835,15.25,11.29,8.210000000000036,6.149999999999977,7.180000000000064,2.060000000000059,0.2869080380350979,2.050000000000068,-0.010000000000047748,1.0200000000000955,0.5199999999999996,0.5,0.019999999999999574,26.169834349519064,0.0,0.0,0.0
2025-05-09 05:19:55,372.85,431.49,13.77,2.48,402.17,804.34,58.639999999999986,0.1458089858870403,16.25,11.29,4.110000000000014,2.0500000000000114,3.079999999999984,2.0600000000000023,0.6688309516782666,-4.100000000000023,-4.099999999999966,-4.10000000000008,0.5,0.5,0.0,24.74892155391252,11.46262709853199,2.0550133819515835,4.621631746472242
2025-05-09 05:19:56,376.95,437.65,14.27,2.98,407.29999999999995,814.5999999999999,60.69999999999999,0.14903019850471347,17.25,11.29,4.099999999999966,6.159999999999968,5.129999999999939,2.0600000000000023,0.4015593759143569,-0.010000000000047748,4.109999999999957,2.0499999999999545,0.5,0.5,0.0,23.611592834110557,8.505291294247318,1.723519654660211,3.447371462433387
2025-05-09 05:19:57,385.16,445.86,14.79,3.5,415.51,831.02,60.69999999999999,0.14608553308925046,18.29,11.29,8.210000000000036,8.210000000000036,8.210000000000036,0.0,0.0,4.1100000000000705,2.050000000000068,3.0800000000000978,0.5199999999999996,0.52,4.440892098500626e-16,22.71787738010512,8.856679964862598,1.4566399692443097,1.9731877761632637
2025-05-09 05:19:58,391.32,454.06,15.29,4.0,422.69,845.38,62.74000000000001,0.14843029135198305,19.29,11.29,6.159999999999968,8.199999999999989,7.180000000000007,2.0400000000000205,0.28412252310271524,-2.050000000000068,-0.010000000000047748,-1.0300000000000296,0.5,0.5,0.0,21.91238870334947,9.70726119974104,1.4495792492996118,2.051250837903578
2025-05-09 05:19:59,395.42,460.22,15.79,4.5,427.82000000000005,855.6400000000001,64.80000000000001,0.15146556927804786,20.29,11.29,4.100000000000023,6.160000000000025,5.130000000000052,2.0600000000000023,0.40155937591434804,-2.0599999999999454,-2.0399999999999636,-2.0499999999999545,0.5,0.5,0.0,21.08526263749322,10.578273488617986,2.339119492458659,1.9996324662297507
2025-05-09 05:20:00,401.58,460.22,16.31,5.0,430.9,861.8,58.64000000000004,0.1360872589090573,21.31,11.309999999999999,6.159999999999968,0.0,3.0799999999999272,6.159999999999968,1.9999993506495983,2.0599999999999454,-6.160000000000025,-2.050000000000125,0.5199999999999996,0.5,0.019999999999999574,20.220552781766646,9.553623919748865,2.3391194924586407,1.9996324662297698
2025-05-09 05:20:01,409.79,462.27,16.81,5.5,436.03,872.06,52.47999999999996,0.12035869063972955,22.31,11.309999999999999,8.210000000000036,2.0499999999999545,5.1299999999999955,6.160000000000082,1.200779493025457,2.050000000000068,2.0499999999999545,2.050000000000068,0.5,0.5,0.0,19.544149729083383,7.860963681381339,4.726406668918804,1.9996324662297653
2025-05-09 05:20:02,409.79,470.48,17.31,6.02,440.135,880.27,60.69,0.13788951085941925,23.33,11.29,0.0,8.210000000000036,4.105000000000018,8.210000000000036,1.9999995127894,-8.210000000000036,6.160000000000082,-1.0249999999999773,0.5,0.5199999999999996,0.019999999999999574,18.86562285188072,6.8301079786483765,4.72597079974053,1.5203206898546355
2025-05-09 05:20:03,418.0,474.58,17.83,6.52,446.28999999999996,892.5799999999999,56.579999999999984,0.12677855177848807,24.349999999999998,11.309999999999999,8.20999999999998,4.099999999999966,6.154999999999973,4.110000000000014,0.6677496884241013,8.20999999999998,-4.1100000000000705,2.0499999999999545,0.5199999999999996,0.5,0.019999999999999574,18.328130664142478,7.342164190481987,4.5917665445882765,1.1686798107266363
2025-05-09 05:20:04,426.22,484.85,18.33,7.03,455.535,911.07,58.629999999999995,0.12870580717462804,25.36,11.299999999999997,8.220000000000027,10.270000000000039,9.245000000000061,2.0500000000000114,0.22174145789708383,0.010000000000047748,6.170000000000073,3.0900000000000887,0.5,0.5100000000000007,0.010000000000000675,17.962735884750163,9.535237674017166,3.112608231049984,2.3655934773329474
2025-05-09 05:20:05,432.38,488.95,18.83,7.53,460.66499999999996,921.3299999999999,56.56999999999999,0.12280073345532928,26.36,11.299999999999997,6.159999999999968,4.099999999999966,5.129999999999939,2.0600000000000023,0.4015593759143569,-2.060000000000059,-6.170000000000073,-4.115000000000123,0.5,0.5,0.0,17.475909807438928,10.306307170853938,3.0440187253037836,1.97786690654354
2025-05-09 05:20:06,436.48,488.95,19.33,8.03,462.71500000000003,925.4300000000001,52.46999999999997,0.11339593461764592,27.36,11.299999999999999,4.100000000000023,0.0,2.050000000000068,4.100000000000023,1.9999990243906642,-2.0599999999999454,-4.099999999999966,-3.0799999999998704,0.5,0.4999999999999991,8.881784197001252e-16,16.912097335084162,9.618587214346745,3.047723740761299,2.6601987707688304
2025-05-09 05:20:07,444.69,499.21,19.85,8.53,471.95,943.9,54.51999999999998,0.1155207116950509,28.380000000000003,11.320000000000002,8.20999999999998,10.259999999999991,9.234999999999957,2.0500000000000114,0.22198156773345462,4.109999999999957,10.259999999999991,7.184999999999889,0.5200000000000031,0.5,0.020000000000003126,16.62966819486722,9.445865100666744,2.341309462672549,3.029844467955397
2025-05-09 05:20:08,450.86,503.32,20.35,9.03,477.09000000000003,954.1800000000001,52.45999999999998,0.10995828856199394,29.380000000000003,11.320000000000002,6.170000000000016,4.110000000000014,5.140000000000043,2.0600000000000023,0.40077813214432934,-2.0399999999999636,-6.149999999999977,-4.094999999999914,0.5,0.5,0.0,16.23859713279111,8.751055222085684,2.6786283803469324,3.080837954193615
2025-05-09 05:20:09,452.91,509.48,20.85,9.55,481.19500000000005,962.3900000000001,56.56999999999999,0.11756148730231715,30.400000000000002,11.3,2.0500000000000114,6.160000000000025,4.105000000000018,4.110000000000014,1.0012177828945705,-4.1200000000000045,2.0500000000000114,-1.035000000000025,0.5,0.5200000000000014,0.02000000000000135,15.828782374053212,8.90222486235844,2.0525033495709613,2.6166834925148663
2025-05-09 05:20:10,461.12,511.53,21.36,10.05,486.325,972.65,50.40999999999997,0.10365496303160439,31.41,11.309999999999999,8.20999999999998,2.0499999999999545,5.129999999999939,6.160000000000025,1.2007794930254592,6.159999999999968,-4.1100000000000705,1.0249999999999204,0.509999999999998,0.5,0.00999999999999801,15.483125899932316,9.049452331494521,2.3413094626725504,2.6166834925148663
2025-05-09 05:20:11,469.34,515.63,21.87,10.55,492.485,984.97,46.29000000000002,0.09399271024702745,32.42,11.32,8.21999999999997,4.100000000000023,6.160000000000025,4.119999999999948,0.6688310602546867,0.009999999999990905,2.050000000000068,1.0300000000000864,0.5100000000000016,0.5,0.010000000000001563,15.190776829402319,7.972093043861868,3.9549525913719763,1.9728006741685598
2025-05-09 05:20:12,473.44,521.79,22.38,11.05,497.615,995.23,48.349999999999966,0.0971634695554525,33.43,11.329999999999998,4.100000000000023,6.159999999999968,5.1299999999999955,2.0599999999999454,0.4015593759143414,-4.119999999999948,2.0599999999999454,-1.0300000000000296,0.509999999999998,0.5,0.00999999999999801,14.88528223496015,8.293195704913124,3.954172479799023,0.7265638306439461
2025-05-09 05:20:13,479.61,530.0,22.88,11.55,504.805,1009.61,50.389999999999986,0.09982072265563785,34.43,11.329999999999998,6.170000000000016,8.210000000000036,7.189999999999998,2.0400000000000205,0.2837273597041254,2.069999999999993,2.050000000000068,2.0600000000000023,0.5,0.5,0.0,14.661777093761922,9.266997895758262,3.8458965144683708,1.1728469635890302
2025-05-09 05:20:14,485.77,538.22,23.38,12.05,511.995,1023.99,52.450000000000045,0.10244240646404289,35.43,11.329999999999998,6.159999999999968,8.220000000000027,7.189999999999998,2.060000000000059,0.28650900048554373,-0.010000000000047748,0.009999999999990905,0.0,0.5,0.5,0.0,14.450888669181806,10.08658762912348,2.340880176343938,1.030000000000016
2025-05-09 05:20:15,489.88,540.27,23.88,12.55,515.075,1030.15,50.389999999999986,0.09783041285670935,36.43,11.329999999999998,4.110000000000014,2.0499999999999545,3.080000000000041,2.060000000000059,0.6688309516782727,-2.0499999999999545,-6.170000000000073,-4.109999999999957,0.5,0.5,0.0,14.138758876235004,9.484289641295524,2.339119492458655,1.71963658951534
2025-05-09 05:20:16,493.98,548.48,24.4,13.05,521.23,1042.46,54.5,0.10456036662402324,37.45,11.349999999999998,4.100000000000023,8.210000000000036,6.154999999999973,4.110000000000014,0.6677496884241013,-0.009999999999990905,6.160000000000082,3.074999999999932,0.5199999999999996,0.5,0.019999999999999574,13.918023660399903,9.166803150498234,2.3391194924586665,1.7193399896471724
2025-05-09 05:20:17,504.25,552.59,24.9,13.56,528.4200000000001,1056.8400000000001,48.34000000000003,0.09148026173975202,38.46,11.339999999999998,10.269999999999982,4.110000000000014,7.190000000000055,6.159999999999968,0.8567453606751823,6.169999999999959,-4.100000000000023,1.0350000000000819,0.5,0.5099999999999998,0.009999999999999787,13.739469221542665,8.991215852151669,2.3421848774168104,1.7796853654508609
2025-05-09 05:20:18,506.31,556.69,25.4,14.06,531.5,1063.0,50.38000000000005,0.09478833472288188,39.46,11.339999999999998,2.0600000000000023,4.100000000000023,3.0799999999999272,2.0400000000000205,0.6623374472930589,-8.20999999999998,-0.009999999999990905,-4.110000000000127,0.5,0.5,0.0,13.469335695151148,8.358846660872715,2.343068500919248,2.105019002289546
2025-05-09 05:20:19,506.31,562.86,25.9,14.56,534.585,1069.17,56.55000000000001,0.1057829903461882,40.46,11.339999999999998,0.0,6.169999999999959,3.0850000000000364,6.169999999999959,1.999999351701956,-2.0600000000000023,2.0699999999999363,0.005000000000109139,0.5,0.5,0.0,13.212678862761274,7.933881931310997,3.3748881462946203,2.0005330539633803
2025-05-09 05:20:20,520.69,564.91,26.4,15.06,542.8,1085.6,44.219999999999914,0.08146647000466736,41.46,11.339999999999998,14.380000000000052,2.0499999999999545,8.214999999999918,12.330000000000098,1.5009127813861765,14.380000000000052,-4.1200000000000045,5.129999999999882,0.5,0.5,0.0,13.092136683740069,7.936502378250941,4.906039135596074,2.362988044827983
2025-05-09 05:20:21,526.85,573.12,26.9,15.56,549.985,1099.97,46.26999999999998,0.08412956701704667,42.46,11.339999999999998,6.159999999999968,8.210000000000036,7.185000000000059,2.050000000000068,0.2853165921619289,-8.220000000000084,6.160000000000082,-1.029999999999859,0.5,0.5,0.0,12.953014296914407,8.816178735709899,4.730969245302733,2.471850015676524
2025-05-09 05:20:22,530.96,581.34,27.42,16.06,556.1500000000001,1112.3000000000002,50.379999999999995,0.09058707167025608,43.480000000000004,11.360000000000003,4.110000000000014,8.220000000000027,6.165000000000077,4.110000000000014,0.6666665585293436,-2.0499999999999545,0.009999999999990905,-1.0199999999999818,0.5200000000000031,0.4999999999999982,0.020000000000004903,12.790938068285694,10.305518788493115,4.73140042693496,2.362769561341099
2025-05-09 05:20:23,533.01,581.34,27.92,16.56,557.175,1114.35,48.33000000000004,0.0867411493933843,44.480000000000004,11.360000000000003,2.0499999999999545,0.0,1.0249999999998636,2.0499999999999545,1.9999980487826134,-2.060000000000059,-8.220000000000027,-5.140000000000214,0.5,0.5,0.0,12.526416085287407,9.505905664374348,4.731400426934954,2.9935096458839445
2025-05-09 05:20:24,539.18,587.5,28.42,17.06,563.3399999999999,1126.6799999999998,48.32000000000005,0.08577413269823894,45.480000000000004,11.360000000000003,6.169999999999959,6.159999999999968,6.164999999999964,0.009999999999990905,0.0016220597531113076,4.1200000000000045,6.159999999999968,5.1400000000001,0.5,0.5,0.0,12.386543263268615,7.801257110234477,2.3413094626725854,2.77513603270187
2025-05-09 05:20:25,547.4,591.61,28.92,17.56,569.505,1139.01,44.210000000000036,0.07762881787231231,46.480000000000004,11.360000000000003,8.220000000000027,4.110000000000014,6.165000000000077,4.110000000000014,0.6666665585293436,2.050000000000068,-2.0499999999999545,1.1368683772161603e-13,0.5,0.5,0.0,12.252689065131474,7.443909758989802,2.3448176901413875,2.4528106327232844
2025-05-09 05:20:26,555.62,595.71,29.42,18.06,575.665,1151.33,40.09000000000003,0.0696411974505291,47.480000000000004,11.360000000000003,8.220000000000027,4.100000000000023,6.159999999999968,4.1200000000000045,0.6688310602547022,0.0,-0.009999999999990905,-0.005000000000109139,0.5,0.5,0.0,12.124367899655267,8.281644311366161,4.116251935924229,2.2981198837311174
2025-05-09 05:20:27,559.73,603.93,29.92,18.56,581.8299999999999,1163.6599999999999,44.19999999999993,0.07596720678554343,48.480000000000004,11.360000000000003,4.110000000000014,8.219999999999914,6.164999999999964,4.1099999999999,0.6666665585293375,-4.110000000000014,4.119999999999891,0.0049999999999954525,0.5,0.5,0.0,12.001443646834906,9.74534927542284,3.44525035374791,2.298119883731105
2025-05-09 05:20:28,563.84,610.09,30.43,19.07,586.965,1173.93,46.25,0.07879515800977033,49.5,11.36,4.110000000000014,6.160000000000082,5.135000000000105,2.050000000000068,0.3992209543873558,0.0,-2.0599999999998317,-1.029999999999859,0.509999999999998,0.5100000000000016,3.552713678800501e-15,11.857878548325687,9.425236999671968,3.050086884008395,0.4600760806648773
2025-05-09 05:20:29,567.95,618.31,30.93,19.57,593.13,1186.26,50.3599999999999,0.08490550118033888,50.5,11.36,4.110000000000014,8.219999999999914,6.164999999999964,4.1099999999999,0.6666665585293375,0.0,2.0599999999998317,1.029999999999859,0.5,0.5,0.0,11.745148282274291,9.261836615919423,3.730344488113623,0.4600760806648773
2025-05-09 05:20:30,578.22,618.31,31.43,20.07,598.265,1196.53,40.08999999999992,0.06701043840603993,51.5,11.36,10.269999999999982,0.0,5.134999999999991,10.269999999999982,1.999999610516142,6.159999999999968,-8.219999999999914,-1.0299999999999727,0.5,0.5,0.0,11.616795890936002,8.937886634992934,4.356956506553607,0.5632450621176802
2025-05-09 05:20:31,582.33,628.58,31.93,20.57,605.455,1210.91,46.25,0.07638883141374861,52.5,11.36,4.110000000000014,10.270000000000095,7.190000000000055,6.160000000000082,0.8567453606751981,-6.159999999999968,10.270000000000095,2.0550000000000637,0.5,0.5,0.0,11.532475970809983,9.273228537029803,3.730891314418048,0.8599680226613006
2025-05-09 05:20:32,590.55,632.69,32.45,21.07,611.62,1223.24,42.1400000000001,0.0688989894560366,53.52,11.380000000000003,8.219999999999914,4.110000000000014,6.164999999999964,4.1099999999999,0.6666665585293375,4.1099999999999,-6.160000000000082,-1.025000000000091,0.5200000000000031,0.5,0.020000000000003126,11.427877215473146,9.756176633291437,4.004393836774776,0.8599680226613006
2025-05-09 05:20:33,588.5,640.91,32.95,21.57,614.7049999999999,1229.4099999999999,52.40999999999997,0.0852604093260012,54.52,11.380000000000003,-2.0499999999999545,8.219999999999914,3.0849999999999227,10.269999999999868,3.329010266123131,-10.269999999999868,4.1099999999999,-3.080000000000041,0.5,0.5,0.0,11.274853058054784,8.997353082989516,5.236301175448157,1.5567979958877516
2025-05-09 05:20:34,602.89,647.07,33.45,22.07,624.98,1249.96,44.180000000000064,0.07069026197527889,55.52,11.380000000000003,14.389999999999986,6.160000000000082,10.275000000000091,8.229999999999905,0.800973158056124,16.43999999999994,-2.0599999999998317,7.190000000000168,0.5,0.5,0.0,11.256844177650501,10.030939013870087,4.728364410660406,2.6589424589487334
2025-05-09 05:20:35,598.77,651.18,33.95,22.57,624.9749999999999,1249.9499999999998,52.40999999999997,0.08385935423999459,56.52,11.380000000000003,-4.1200000000000045,4.1099999999999,-0.005000000000109139,8.229999999999905,1645.6708657909012,-18.50999999999999,-2.050000000000182,-10.2800000000002,0.5,0.5,0.0,11.05759003790534,8.553470494482355,4.730969245302646,3.9405386687609902
2025-05-09 05:20:36,609.05,655.29,34.45,23.07,632.17,1264.34,46.24000000000001,0.07314488179897043,57.52,11.380000000000003,10.279999999999973,4.110000000000014,7.19500000000005,6.169999999999959,0.8575398391188432,14.399999999999977,1.1368683772161603e-13,7.200000000000159,0.5,0.5,0.0,10.990437917412414,8.39107934058431,4.731620229900058,3.941125473770232
2025-05-09 05:20:37,617.27,659.4,34.95,23.57,638.335,1276.67,42.129999999999995,0.06599982757329641,58.52,11.380000000000003,8.220000000000027,4.110000000000014,6.165000000000077,4.110000000000014,0.6666665585293436,-2.0599999999999454,0.0,-1.0299999999999727,0.5,0.5,0.0,10.90797999131955,8.867831330149514,4.734440832875595,3.9411254737702377
2025-05-09 05:20:38,623.44,667.62,35.45,24.07,645.53,1291.06,44.17999999999995,0.06843988649878405,59.52,11.380000000000003,6.170000000000073,8.220000000000027,7.194999999999936,2.0499999999999545,0.284920043791512,-2.0499999999999545,4.110000000000014,1.029999999999859,0.5,0.5,0.0,10.845597936061862,8.869569183448572,3.955991658231841,3.777658004637333
2025-05-09 05:20:39,627.55,673.78,35.95,24.58,650.665,1301.33,46.23000000000002,0.07105038680265519,60.53,11.370000000000005,4.1099999999999,6.159999999999968,5.134999999999991,2.050000000000068,0.39922095438736466,-2.060000000000173,-2.060000000000059,-2.0599999999999454,0.5,0.509999999999998,0.00999999999999801,10.749462898571569,10.250533522699248,3.8472288728382122,2.998653030945779
2025-05-09 05:20:40,633.72,673.78,36.45,25.06,653.75,1307.5,40.059999999999945,0.06127724656018769,61.510000000000005,11.390000000000004,6.170000000000073,0.0,3.0850000000000364,6.170000000000073,1.999999351701993,2.060000000000173,-6.159999999999968,-2.0499999999999545,0.5,0.4800000000000004,0.019999999999999574,10.628352940524257,8.85757091419432,2.6820831456165086,1.719636589515343
2025-05-09 05:20:41,639.89,675.84,36.96,25.56,657.865,1315.73,35.950000000000045,0.0546464699373786,62.519999999999996,11.400000000000002,6.169999999999959,2.060000000000059,4.115000000000009,4.1099999999999,0.9987846904532686,-1.1368683772161603e-13,2.060000000000059,1.0299999999999727,0.509999999999998,0.5,0.00999999999999801,10.522472640395513,7.5737023641005194,3.9562545418615214,1.6238318878504425
2025-05-09 05:20:42,639.89,684.06,37.46,26.06,661.9749999999999,1323.9499999999998,44.16999999999996,0.06672457409007197,63.519999999999996,11.400000000000002,0.0,8.219999999999914,4.1099999999999,8.219999999999914,1.999999513382141,-6.169999999999959,6.1599999999998545,-0.005000000000109139,0.5,0.5,0.0,10.421520616789662,6.353251726476982,4.112501671732169,1.5579537862208614
2025-05-09 05:20:43,646.06,688.17,37.96,26.56,667.115,1334.23,42.110000000000014,0.06312254999044761,64.52,11.400000000000002,6.169999999999959,4.110000000000014,5.1400000000001,2.0599999999999454,0.40077813214431385,6.169999999999959,-4.1099999999999,1.0300000000002,0.5,0.5,0.0,10.33966196001764,6.526703225977428,3.95417247979902,0.8584768488433595
2025-05-09 05:20:44,656.34,692.28,38.46,27.06,674.31,1348.62,35.93999999999994,0.053298927713812665,65.52,11.400000000000002,10.280000000000086,4.110000000000014,7.194999999999936,6.170000000000073,0.8575398391188725,4.110000000000127,0.0,2.0549999999998363,0.5,0.5,0.0,10.29166650958995,8.028552640419369,3.677775142664374,1.5582819064597844
2025-05-09 05:20:45,656.34,692.28,38.96,27.56,674.31,1348.62,35.93999999999994,0.053298927713812665,66.52,11.400000000000002,0.0,0.0,0.0,0.0,0.0,-10.280000000000086,-4.110000000000014,-7.194999999999936,0.5,0.5,0.0,10.136951140454734,7.340268217169291,4.008499719346384,2.620602507058244
2025-05-09 05:20:46,662.51,706.66,39.44,28.05,684.585,1369.17,44.14999999999998,0.06449162621954665,67.49,11.389999999999997,6.169999999999959,14.379999999999995,10.275000000000091,8.210000000000036,0.7990266862261098,6.169999999999959,14.379999999999995,10.275000000000091,0.4799999999999969,0.490000000000002,0.010000000000005116,10.14350259085046,8.549340179217749,4.21199121556541,3.8034086685498596
2025-05-09 05:20:47,664.56,706.66,39.94,28.55,685.6099999999999,1371.2199999999998,42.10000000000002,0.06140517194701778,68.49,11.389999999999997,2.0499999999999545,0.0,1.0249999999998636,2.0499999999999545,1.9999980487826134,-4.1200000000000045,-14.379999999999995,-9.250000000000227,0.5,0.5,0.0,10.010366330699863,7.805074791440931,3.841883652585051,4.274670455134577
2025-05-09 05:20:48,672.79,719.0,40.44,29.05,695.895,1391.79,46.210000000000036,0.06640369586445706,69.49,11.389999999999997,8.230000000000018,12.340000000000032,10.285000000000082,4.110000000000014,0.39961104524928887,6.180000000000064,12.340000000000032,9.260000000000218,0.5,0.5,0.0,10.014318462882164,9.036325719007026,4.7274908778336515,4.962807169334778
2025-05-09 05:20:49,674.85,719.0,40.94,29.55,696.925,1393.85,44.14999999999998,0.06334971472776879,70.49,11.389999999999997,2.060000000000059,0.0,1.0299999999999727,2.060000000000059,1.999998058254423,-6.169999999999959,-12.340000000000032,-9.25500000000011,0.5,0.5,0.0,9.886863244618198,9.291742974274971,3.94975315684414,5.272113665314964
2025-05-09 05:20:50,685.13,727.22,41.45,30.03,706.175,1412.35,42.09000000000003,0.05960278959237759,71.48,11.420000000000002,10.279999999999973,8.220000000000027,9.25,2.0599999999999454,0.22270267862673157,8.219999999999914,8.220000000000027,8.220000000000027,0.5100000000000051,0.4800000000000004,0.03000000000000469,9.879336739237035,8.934209254320686,1.7211333475358674,4.897837022605058
2025-05-09 05:20:51,695.41,729.27,41.95,30.53,712.3399999999999,1424.6799999999998,33.860000000000014,0.0475334811360678,72.48,11.420000000000002,10.279999999999973,2.0499999999999545,6.164999999999964,8.230000000000018,1.334955176811823,0.0,-6.170000000000073,-3.0850000000000364,0.5,0.5,0.0,9.828090372128994,10.270325822484482,4.693577526791269,4.398706343915284
2025-05-09 05:20:52,695.41,735.44,42.45,31.03,715.425,1430.85,40.030000000000086,0.05595275527699945,73.48,11.420000000000002,0.0,6.170000000000073,3.0850000000000364,6.170000000000073,1.999999351701993,-10.279999999999973,4.120000000000118,-3.0799999999999272,0.5,0.5,0.0,9.736322676424567,8.823604422229796,4.73856729402464,3.941517157136347
2025-05-09 05:20:53,705.7,741.61,42.95,31.53,723.655,1447.31,35.90999999999997,0.04962309380903452,74.48,11.420000000000002,10.290000000000077,6.169999999999959,8.230000000000018,4.120000000000118,0.5006074725871977,10.290000000000077,-1.1368683772161603e-13,5.144999999999982,0.5,0.5,0.0,9.716098150965385,10.035753833170416,4.268573532223624,3.4553303025904825
2025-05-09 05:20:54,707.75,747.78,43.45,32.02,727.765,1455.53,40.02999999999997,0.05500401907895537,75.47,11.43,2.0499999999999545,6.169999999999959,4.110000000000014,4.1200000000000045,1.002432846123393,-8.240000000000123,0.0,-4.1200000000000045,0.5,0.490000000000002,0.00999999999999801,9.643103092048456,8.682240206305982,3.3815795125946897,2.6215849213786595
2025-05-09 05:20:55,718.04,751.89,43.93,32.52,734.9649999999999,1469.9299999999998,33.85000000000002,0.046056614878182515,76.45,11.409999999999997,10.289999999999964,4.110000000000014,7.199999999999932,6.17999999999995,0.8583332141203881,8.240000000000009,-2.0599999999999454,3.089999999999918,0.4799999999999969,0.5,0.020000000000003126,9.613668938997135,9.181056584075533,3.1218392014964635,2.134047211286552
2025-05-09 05:20:56,724.21,751.89,44.43,33.02,738.05,1476.1,27.67999999999995,0.0375042340796636,77.45,11.409999999999997,6.170000000000073,0.0,3.0850000000000364,6.170000000000073,1.999999351701993,-4.119999999999891,-4.110000000000014,-4.114999999999895,0.5,0.5,0.0,9.529373666502599,9.035688684322698,5.125543873580669,2.413432721249938
2025-05-09 05:20:57,726.27,760.11,44.93,33.52,743.19,1486.38,33.84000000000003,0.04553344360724254,78.45,11.409999999999997,2.0599999999999454,8.220000000000027,5.1400000000001,6.160000000000082,1.1984433466063453,-4.110000000000127,8.220000000000027,2.0550000000000637,0.5,0.5,0.0,9.473422441384036,7.851050089000763,4.462518347301227,2.134407411906147
2025-05-09 05:20:58,728.32,764.23,45.44,34.0,746.2750000000001,1492.5500000000002,35.90999999999997,0.048118990924097646,79.44,11.439999999999998,2.050000000000068,4.1200000000000045,3.0850000000000364,2.0699999999999363,0.670988437280867,-0.009999999999877218,-4.100000000000023,-2.0550000000000637,0.509999999999998,0.4799999999999969,0.030000000000001137,9.394196759891784,7.234788697674637,4.462518347301227,1.7214289122702364
2025-05-09 05:20:59,736.55,772.45,45.94,34.5,754.5,1509.0,35.90000000000009,0.0475811795260688,80.44,11.439999999999998,8.229999999999905,8.220000000000027,8.224999999999909,0.009999999999877218,0.0012158053232914294,6.179999999999836,4.100000000000023,5.139999999999873,0.5,0.5,0.0,9.379661743166812,7.604133251068247,3.3785396253411393,2.3448150246873882
2025-05-09 05:21:00,742.72,778.62,46.44,35.01,760.6700000000001,1521.3400000000001,35.89999999999998,0.04719523571693998,81.44999999999999,11.43,6.170000000000073,6.169999999999959,6.170000000000073,1.1368683772161603e-13,1.842574056659224e-14,-2.0599999999998317,-2.050000000000068,-2.0549999999998363,0.5,0.509999999999998,0.00999999999999801,9.339103629968037,9.033981403567422,3.5608117052155692,2.1808352757601446
2025-05-09 05:21:01,750.95,782.73,46.92,35.49,766.84,1533.68,31.779999999999973,0.041442804181520486,82.41,11.43,8.230000000000018,4.110000000000014,6.169999999999959,4.1200000000000045,0.6677470554704986,2.0599999999999454,-2.0599999999999454,-1.1368683772161603e-13,0.480000000000004,0.480000000000004,0.0,9.305181297109803,9.819637213257995,1.8442017243241233,1.8676475845297522
2025-05-09 05:21:02,750.95,778.62,47.42,35.99,764.7850000000001,1529.5700000000002,27.66999999999996,0.03618010285743033,83.41,11.43,0.0,-4.110000000000014,-2.05499999999995,4.110000000000014,1.9999990267645191,-8.230000000000018,-8.220000000000027,-8.224999999999909,0.5,0.5,0.0,9.168984424301831,8.353911808248949,3.6828073530935894,4.00811271049102
2025-05-09 05:21:03,761.24,795.07,47.92,36.49,778.155,1556.31,33.83000000000004,0.04347462903473654,84.41,11.43,10.289999999999964,16.450000000000045,13.36999999999989,6.160000000000082,0.46073294983299795,10.289999999999964,20.56000000000006,15.42499999999984,0.5,0.5,0.0,9.218753592953991,8.739053867553476,3.4425615462908237,5.5565607618381465
2025-05-09 05:21:04,769.47,801.24,48.42,36.97,785.355,1570.71,31.769999999999982,0.04045304347657676,85.39,11.450000000000003,8.230000000000018,6.169999999999959,7.2000000000000455,2.060000000000059,0.2861110713734687,-2.0599999999999454,-10.280000000000086,-6.169999999999845,0.5,0.4799999999999969,0.020000000000003126,9.197271235539628,10.244158945467511,3.0507621998445105,5.4897978104844105
2025-05-09 05:21:05,775.65,805.35,48.91,37.47,790.5,1581.0,29.700000000000045,0.037571157447727876,86.38,11.439999999999998,6.17999999999995,4.110000000000014,5.144999999999982,2.0699999999999363,0.4023322833173295,-2.050000000000068,-2.0599999999999454,-2.0550000000000637,0.4899999999999949,0.5,0.010000000000005116,9.15142383478324,11.244345579001171,2.3439603238963094,5.50894885617932
2025-05-09 05:21:06,785.94,807.41,49.41,37.98,796.675,1593.35,21.469999999999914,0.02694950886252287,87.38999999999999,11.43,10.290000000000077,2.0599999999999454,6.1749999999999545,8.230000000000132,1.3327933064302648,4.110000000000127,-2.050000000000068,1.0299999999999727,0.5,0.509999999999998,0.00999999999999801,9.116317552164809,12.288385980266245,4.740750995359325,5.50899559811037
2025-05-09 05:21:07,792.11,815.64,49.91,38.46,803.875,1607.75,23.529999999999973,0.029270719913828958,88.37,11.449999999999996,6.169999999999959,8.230000000000018,7.2000000000000455,2.060000000000059,0.2861110713734687,-4.120000000000118,6.170000000000073,1.025000000000091,0.5,0.480000000000004,0.01999999999999602,9.096695608275482,9.937839050820179,5.3314069437626355,3.2184208084089527
2025-05-09 05:21:08,798.28,819.75,50.41,38.96,809.015,1618.03,21.470000000000027,0.026538444866240532,89.37,11.449999999999996,6.169999999999959,4.110000000000014,5.139999999999986,2.0599999999999454,0.40077813214432273,0.0,-4.1200000000000045,-2.060000000000059,0.5,0.5,0.0,9.052422411856076,9.611870525553657,4.828997825636302,1.0287528857797046
2025-05-09 05:21:09,802.4,827.98,50.89,39.44,815.19,1630.38,25.58000000000004,0.03137918763554613,90.33,11.450000000000003,4.1200000000000045,8.230000000000018,6.175000000000068,4.110000000000014,0.6655869367470496,-2.0499999999999545,4.1200000000000045,1.0350000000000819,0.480000000000004,0.4799999999999969,7.105427357601002e-15,9.024576452733573,9.769654164810989,3.4422594324077562,0.8611663602347981
2025-05-09 05:21:10,802.4,830.04,51.39,39.94,816.22,1632.44,27.639999999999986,0.03386341913471438,91.33,11.450000000000003,0.0,2.0599999999999454,1.0299999999999727,2.0599999999999454,1.9999980582543124,-4.1200000000000045,-6.170000000000073,-5.1450000000000955,0.5,0.5,0.0,8.937041400010497,8.145180323357469,2.680927078456258,2.4123676129479357
2025-05-09 05:21:11,812.69,830.04,51.89,40.43,821.365,1642.73,17.34999999999991,0.0211233738701753,92.32,11.46,10.290000000000077,0.0,5.144999999999982,10.290000000000077,1.9999996112731782,10.290000000000077,-2.0599999999999454,4.115000000000009,0.5,0.490000000000002,0.00999999999999801,8.896934479019341,6.785925323786741,3.9580715001121654,2.3453640442370878
2025-05-09 05:21:12,816.81,836.21,52.38,40.93,826.51,1653.02,19.40000000000009,0.023472190265729272,93.31,11.450000000000003,4.119999999999891,6.170000000000073,5.144999999999982,2.050000000000182,0.3984450148795285,-6.1700000000001864,6.170000000000073,0.0,0.490000000000002,0.5,0.00999999999999801,8.857678610463202,6.61362325053456,4.2683333984120795,2.0052761655193767
2025-05-09 05:21:13,820.93,846.5,52.88,41.41,833.7149999999999,1667.4299999999998,25.57000000000005,0.03066995312466502,94.28999999999999,11.470000000000006,4.1200000000000045,10.289999999999964,7.204999999999927,6.169999999999959,0.8563496382582072,1.1368683772161603e-13,4.119999999999891,2.0599999999999454,0.5,0.4799999999999969,0.020000000000003126,8.842029813956625,7.680642063005682,4.461364141156838,2.3466785037580276
2025-05-09 05:21:14,827.1,836.21,53.38,41.91,831.655,1663.31,9.110000000000014,0.010954061466648974,95.28999999999999,11.470000000000006,6.170000000000073,-10.289999999999964,-2.0599999999999454,16.460000000000036,7.990287383355868,2.050000000000068,-20.579999999999927,-9.264999999999873,0.5,0.5,0.0,8.72762085499401,7.225557590941554,7.334782205355519,3.739629995066319
2025-05-09 05:21:15,835.34,846.5,53.86,42.41,840.9200000000001,1681.8400000000001,11.159999999999968,0.013271179168920691,96.27,11.450000000000003,8.240000000000009,10.289999999999964,9.2650000000001,2.0499999999999545,0.2212627931718445,2.0699999999999363,20.579999999999927,11.325000000000045,0.4799999999999969,0.5,0.020000000000003126,8.735016009815977,7.400346782416015,6.605366757417802,4.269657480407527
2025-05-09 05:21:16,831.22,858.84,54.36,42.89,845.03,1690.06,27.620000000000005,0.03268523007149424,97.25,11.469999999999999,-4.1200000000000045,12.340000000000032,4.1099999999999,16.460000000000036,4.00486520562901,-12.360000000000014,2.050000000000068,-5.1550000000002,0.5,0.480000000000004,0.01999999999999602,8.689254409364993,7.398747698091674,8.306489631607333,4.282304578144808
2025-05-09 05:21:17,843.57,862.95,54.85,43.4,853.26,1706.52,19.379999999999995,0.022712889362312902,98.25,11.450000000000003,12.350000000000023,4.110000000000014,8.230000000000018,8.240000000000009,1.0012149451743677,16.470000000000027,-8.230000000000018,4.120000000000118,0.490000000000002,0.509999999999998,0.01999999999999602,8.684580064279084,8.75956434419087,8.305996026967513,4.569145160749439
2025-05-09 05:21:18,853.87,860.9,55.35,43.88,857.385,1714.77,7.029999999999973,0.008199350340629498,99.23,11.469999999999999,10.299999999999955,-2.050000000000068,4.125,12.350000000000023,2.993938668136086,-2.050000000000068,-6.160000000000082,-4.105000000000018,0.5,0.480000000000004,0.01999999999999602,8.640380846111247,10.176439087422601,8.53389418729808,4.462921408673932
2025-05-09 05:21:19,857.98,873.24,55.85,44.38,865.61,1731.22,15.259999999999991,0.01762918633376556,100.23,11.469999999999999,4.110000000000014,12.340000000000032,8.225000000000023,8.230000000000018,1.0006077810811205,-6.189999999999941,14.3900000000001,4.100000000000023,0.5,0.5,0.0,8.636236569527721,9.825894615760246,7.919002462431744,2.477048142447033
2025-05-09 05:21:20,862.1,881.47,56.33,44.86,871.7850000000001,1743.5700000000002,19.370000000000005,0.022218780981298397,101.19,11.469999999999999,4.1200000000000045,8.230000000000018,6.175000000000068,4.110000000000014,0.6655869367470496,0.009999999999990905,-4.110000000000014,-2.0499999999999545,0.4799999999999969,0.4799999999999969,0.0,8.615327516401548,10.453708313322618,7.480225263987711,2.0550079075274033
2025-05-09 05:21:21,864.16,877.36,56.83,45.36,870.76,1741.52,13.200000000000045,0.0151591712812266,102.19,11.469999999999999,2.0599999999999454,-4.110000000000014,-1.025000000000091,6.169999999999959,6.0195063224322825,-2.060000000000059,-12.340000000000032,-7.200000000000159,0.5,0.5,0.0,8.52099022877982,8.180980228556523,5.123335827368714,3.8462260723988115
2025-05-09 05:21:22,872.4,887.65,57.31,45.85,880.025,1760.05,15.25,0.017329053132207548,103.16,11.46,8.240000000000009,10.289999999999964,9.264999999999986,2.0499999999999545,0.22126279317184722,6.180000000000064,14.399999999999977,10.290000000000077,0.480000000000004,0.490000000000002,0.00999999999999801,8.530680413622719,8.347768114893656,4.505704162503334,4.074760115638752
2025-05-09 05:21:23,874.46,895.88,57.82,46.33,885.1700000000001,1770.3400000000001,21.41999999999996,0.02419874145734855,104.15,11.490000000000002,2.060000000000059,8.230000000000018,5.1450000000000955,6.169999999999959,1.1992223130762938,-6.17999999999995,-2.0599999999999454,-4.119999999999891,0.509999999999998,0.4799999999999969,0.030000000000001137,8.498991757090813,7.82018142372909,3.3776249051663005,4.02311695082312
2025-05-09 05:21:24,878.57,899.99,58.32,46.83,889.28,1778.56,21.41999999999996,0.02408690173613829,105.15,11.490000000000002,4.110000000000014,4.110000000000014,4.1099999999999,0.0,0.0,2.0499999999999545,-4.1200000000000045,-1.0350000000001955,0.5,0.5,0.0,8.457251464980965,8.123048534881411,3.7344705113308363,3.7526930330098067
2025-05-09 05:21:25,890.93,904.11,58.8,47.31,897.52,1795.04,13.180000000000064,0.014684909512116893,106.11,11.489999999999995,12.3599999999999,4.1200000000000045,8.240000000000009,8.239999999999895,0.9999998786407778,8.249999999999886,0.009999999999990905,4.130000000000109,0.4799999999999969,0.480000000000004,7.105427357601002e-15,8.45839215476023,10.020203590748109,4.2163823356047105,4.052577266382509
2025-05-09 05:21:26,897.11,906.17,59.3,47.81,901.64,1803.28,9.059999999999945,0.010048356317323532,107.11,11.489999999999995,6.180000000000064,2.0599999999999454,4.1200000000000045,4.120000000000118,0.9999997572816399,-6.179999999999836,-2.060000000000059,-4.1200000000000045,0.5,0.5,0.0,8.41788807377567,8.842302867468653,5.371441147401663,2.4166335055196204
2025-05-09 05:21:27,905.35,914.4,59.78,48.3,909.875,1819.75,9.049999999999955,0.00994642120077322,108.08,11.480000000000004,8.240000000000009,8.230000000000018,8.235000000000014,0.009999999999990905,0.0012143289357209415,2.0599999999999454,6.170000000000073,4.115000000000009,0.480000000000004,0.4899999999999949,0.009999999999990905,8.418532490576125,9.831758235435197,6.250598371356118,2.1122174367238067
2025-05-09 05:21:28,907.41,922.63,60.28,48.8,915.02,1830.04,15.220000000000027,0.016633516189117736,109.08,11.480000000000004,2.0599999999999454,8.230000000000018,5.144999999999982,6.170000000000073,1.1992223130763424,-6.180000000000064,0.0,-3.090000000000032,0.5,0.5,0.0,8.388522108649413,10.140389292332527,5.129968810821353,2.112217436723818
2025-05-09 05:21:29,911.53,930.87,60.77,49.28,921.2,1842.4,19.340000000000032,0.020994355166093874,110.05000000000001,11.490000000000002,4.1200000000000045,8.240000000000009,6.180000000000064,4.1200000000000045,0.6666665587918128,2.060000000000059,0.009999999999990905,1.0350000000000819,0.490000000000002,0.480000000000004,0.00999999999999801,8.370740496403993,9.640967534436422,4.362854570118067,1.842102738720084
2025-05-09 05:21:30,919.77,926.75,61.27,49.76,923.26,1846.52,6.980000000000018,0.007560167225310152,111.03,11.510000000000005,8.240000000000009,-4.1200000000000045,2.0599999999999454,12.360000000000014,5.99999708738022,4.1200000000000045,-12.360000000000014,-4.120000000000118,0.5,0.4799999999999969,0.020000000000003126,8.315410174588758,8.778029676417162,5.166381712572157,2.3014739842110203
2025-05-09 05:21:31,921.83,941.16,61.75,50.27,931.495,1862.99,19.329999999999927,0.020751587479533803,112.02000000000001,11.479999999999997,2.060000000000059,14.409999999999968,8.235000000000014,12.349999999999909,1.4996962356167158,-6.17999999999995,18.529999999999973,6.175000000000068,0.4799999999999969,0.5100000000000051,0.030000000000008242,8.315434669564054,8.23671885522775,5.748793786525981,2.5628728996967767
2025-05-09 05:21:32,932.12,939.1,62.25,50.75,935.61,1871.22,6.980000000000018,0.007460373438227087,113.0,11.5,10.289999999999964,-2.0599999999999454,4.115000000000009,12.349999999999909,3.0012143374934492,8.229999999999905,-16.469999999999914,-4.1200000000000045,0.5,0.4799999999999969,0.020000000000003126,8.27973444000235,8.235937712250394,6.245982708909748,2.302033340332009
2025-05-09 05:21:33,938.3,949.4,62.73,51.25,943.8499999999999,1887.6999999999998,11.100000000000023,0.011760343262424835,113.97999999999999,11.479999999999997,6.17999999999995,10.299999999999955,8.239999999999895,4.1200000000000045,0.49999993932040265,-4.110000000000014,12.3599999999999,4.124999999999886,0.4799999999999969,0.5,0.020000000000003126,8.280838670987553,9.253820562344647,6.245652888209486,2.685529277442346
2025-05-09 05:21:34,944.48,955.57,63.24,51.73,950.0250000000001,1900.0500000000002,11.090000000000032,0.011673377004106896,114.97,11.510000000000005,6.180000000000064,6.170000000000073,6.175000000000182,0.009999999999990905,0.0016194329361227003,1.1368683772161603e-13,-4.129999999999882,-2.0649999999997135,0.5100000000000051,0.4799999999999969,0.030000000000008242,8.263242513149148,10.458039132651885,5.041867709490141,2.685337502065621
2025-05-09 05:21:35,942.42,951.45,63.72,52.22,946.935,1893.87,9.030000000000086,0.009536029390046896,115.94,11.5,-2.060000000000059,-4.1200000000000045,-3.0900000000001455,2.0599999999999454,0.6666664509169571,-8.240000000000123,-10.290000000000077,-9.265000000000327,0.4799999999999969,0.490000000000002,0.010000000000005116,8.167457235057295,7.786125962253702,4.694894035012856,4.696372270167746
2025-05-09 05:21:36,956.85,965.87,64.22,52.72,961.36,1922.72,9.019999999999982,0.009382541389924108,116.94,11.5,14.430000000000064,14.419999999999959,14.425000000000068,0.010000000000104592,0.0006932408531621277,16.490000000000123,18.539999999999964,17.515000000000214,0.5,0.5,0.0,8.220967947486164,9.40044373953088,1.7229422509183874,6.368016370896109
2025-05-09 05:21:37,963.03,972.04,64.7,53.2,967.535,1935.07,9.009999999999991,0.00931232460912284,117.9,11.5,6.17999999999995,6.169999999999959,6.1749999999999545,0.009999999999990905,0.00161943293612276,-8.250000000000114,-8.25,-8.250000000000114,0.480000000000004,0.480000000000004,0.0,8.20640366237147,10.075784957019001,1.1365518026028232,6.283837402415889
2025-05-09 05:21:38,969.21,967.92,65.19,53.68,968.565,1937.13,1.2900000000000773,0.0013318672455314925,118.87,11.509999999999998,6.180000000000064,-4.1200000000000045,1.0300000000000864,10.300000000000068,9.99999029127079,1.1368683772161603e-13,-10.289999999999964,-5.144999999999868,0.4899999999999949,0.4799999999999969,0.00999999999999801,8.148102901084354,9.949279119619343,3.795750255219582,6.572378374683006
2025-05-09 05:21:39,965.09,974.1,65.69,54.18,969.595,1939.19,9.009999999999991,0.00929253965904058,119.87,11.509999999999998,-4.1200000000000045,6.180000000000064,1.0299999999999727,10.300000000000068,9.999990291271894,-10.300000000000068,10.300000000000068,-1.1368683772161603e-13,0.5,0.5,0.0,8.088721047061641,9.428670107713836,3.4558530061331436,6.732090499985925
2025-05-09 05:21:40,975.39,984.4,66.17,54.67,979.895,1959.79,9.009999999999991,0.00919486270549919,120.84,11.5,10.299999999999955,10.299999999999955,10.299999999999955,0.0,0.0,14.419999999999959,4.119999999999891,9.269999999999982,0.480000000000004,0.490000000000002,0.00999999999999801,8.109028400289404,6.689536605782161,3.4536097058004995,5.855568503569918
2025-05-09 05:21:41,981.57,986.46,66.67,55.15,984.0150000000001,1968.0300000000002,4.889999999999986,0.004969436436467482,121.82,11.520000000000003,6.180000000000064,2.060000000000059,4.120000000000118,4.1200000000000045,0.9999997572815846,-4.119999999999891,-8.239999999999895,-6.179999999999836,0.5,0.4799999999999969,0.020000000000003126,8.077614446908436,7.512648001876748,3.4833776711690976,3.8944518227858094
2025-05-09 05:21:42,985.69,994.69,67.15,55.65,990.19,1980.38,9.0,0.009089164696584327,122.80000000000001,11.500000000000007,4.1200000000000045,8.230000000000018,6.1749999999999545,4.110000000000014,0.6655869367470618,-2.060000000000059,6.169999999999959,2.0549999999998363,0.480000000000004,0.5,0.01999999999999602,8.063436416421528,9.314089864291871,3.4816806286618904,3.8944518227858094
2025-05-09 05:21:43,989.82,1000.87,67.64,56.13,995.345,1990.69,11.049999999999955,0.011101678301391252,123.77000000000001,11.509999999999998,4.1299999999999955,6.17999999999995,5.154999999999973,2.0499999999999545,0.39767208580560226,0.009999999999990905,-2.050000000000068,-1.0199999999999818,0.4899999999999949,0.480000000000004,0.009999999999990905,8.041892154464795,9.889338703882421,2.250693226541473,3.3688377075780704
2025-05-09 05:21:44,1004.24,996.75,68.14,56.62,1000.495,2000.99,7.490000000000009,0.007486294276846676,124.75999999999999,11.520000000000003,14.419999999999959,-4.1200000000000045,5.149999999999977,18.539999999999964,3.5999993009710183,10.289999999999964,-10.299999999999955,-0.0049999999999954525,0.5,0.4899999999999949,0.010000000000005116,8.019357101479985,8.31686058558813,2.282546823177928,2.4150336436579565
2025-05-09 05:21:45,1008.36,1004.99,68.62,57.12,1006.675,2013.35,3.3700000000000045,0.0033476544035089283,125.74000000000001,11.500000000000007,4.1200000000000045,8.240000000000009,6.17999999999995,4.1200000000000045,0.6666665587918251,-10.299999999999955,12.360000000000014,1.0299999999999727,0.480000000000004,0.5,0.01999999999999602,8.006004389963381,8.80105561851027,3.0880252589639876,0.8602717593876399
2025-05-09 05:21:46,1010.42,1011.17,69.1,57.6,1010.795,2021.59,0.75,0.0007419902148882907,126.69999999999999,11.499999999999993,2.0599999999999454,6.17999999999995,4.1200000000000045,4.1200000000000045,0.9999997572816123,-2.060000000000059,-2.060000000000059,-2.0599999999999454,0.47999999999998977,0.480000000000004,1.4210854715202004e-14,7.977861026220514,8.318470412288194,4.202703891544057,0.8602717593876807
2025-05-09 05:21:47,1016.61,1009.11,69.6,58.08,1012.86,2025.72,7.5,0.0074047745913504584,127.67999999999999,11.519999999999996,6.190000000000055,-2.0599999999999454,2.0650000000000546,8.25,3.9951554502878115,4.130000000000109,-8.239999999999895,-2.05499999999995,0.5,0.4799999999999969,0.020000000000003126,7.932800689749369,7.269929848362819,4.0139407070856885,1.5605904331373701
2025-05-09 05:21:48,1012.49,1021.47,69.55,58.57,1016.98,2033.96,8.980000000000018,0.008830065479330913,128.12,10.979999999999997,-4.1200000000000045,12.360000000000014,4.1200000000000045,16.480000000000018,3.999999029126449,-10.31000000000006,14.419999999999959,2.05499999999995,-0.04999999999999716,0.490000000000002,0.5399999999999991,7.937714580567323,6.284287350218726,3.431482187043916,1.5258833507184912
2025-05-09 05:21:49,1024.85,1029.71,69.07,59.07,1027.28,2054.56,4.860000000000127,0.004730939953342016,128.14,9.999999999999993,12.3599999999999,8.240000000000009,10.299999999999955,4.119999999999891,0.3999999611650435,16.479999999999905,-4.1200000000000045,6.17999999999995,-0.480000000000004,0.5,0.980000000000004,8.01685650057081,7.8462161262688666,3.27059168958763,3.122826444104729
2025-05-09 05:21:50,1035.16,1031.77,68.57,59.55,1033.4650000000001,2066.9300000000003,3.3900000000001,0.003280227193683262,128.12,9.019999999999996,10.310000000000173,2.0599999999999454,6.185000000000173,8.250000000000227,1.3338720559624804,-2.049999999999727,-6.180000000000064,-4.114999999999782,-0.5,0.4799999999999969,0.9799999999999969,8.066383015404442,9.730824348436519,3.2679703181025967,3.1231566563334403
2025-05-09 05:21:51,1037.22,1037.94,68.08,60.03,1037.58,2075.16,0.7200000000000273,0.000693922395676579,128.11,8.049999999999997,2.0599999999999454,6.170000000000073,4.114999999999782,4.110000000000127,0.998784690453379,-8.250000000000227,4.110000000000127,-2.070000000000391,-0.4899999999999949,0.480000000000004,0.9699999999999989,8.099133493879215,10.545230912603413,3.277956680616681,3.1236529096556187
2025-05-09 05:21:52,1045.47,1044.12,67.6,60.52,1044.795,2089.59,1.3500000000001364,0.0012921195054608958,128.12,7.079999999999991,8.25,6.179999999999836,7.2150000000001455,2.0700000000001637,0.2869022471376126,6.190000000000055,0.009999999999763531,3.100000000000364,-0.480000000000004,0.490000000000002,0.970000000000006,8.15481573403984,10.545987981224378,3.301325491374564,2.5660879758886312
2025-05-09 05:21:53,1049.59,1050.3,67.1,61.02,1049.945,2099.89,0.7100000000000364,0.0006762258969029906,128.12,6.079999999999991,4.119999999999891,6.180000000000064,5.149999999999864,2.060000000000173,0.3999999223301563,-4.130000000000109,2.2737367544323206e-13,-2.065000000000282,-0.5,0.5,1.0,8.195012424328656,8.981052694430028,1.8455703725406227,2.3726530509116395
2025-05-09 05:21:54,1055.77,1052.36,66.62,61.5,1054.065,2108.13,3.410000000000082,0.003235094606845865,128.12,5.1200000000000045,6.180000000000064,2.0599999999999454,4.120000000000118,4.120000000000118,0.9999997572816123,2.060000000000173,-4.120000000000118,-1.0299999999997453,-0.47999999999998977,0.4799999999999969,0.9599999999999866,8.227169776559712,8.507017691302218,1.3793041723998607,1.346600349027244
2025-05-09 05:21:55,1059.9,1058.55,66.13,61.98,1059.225,2118.45,1.3500000000001364,0.0012745167445307839,128.10999999999999,4.149999999999999,4.130000000000109,6.190000000000055,5.1599999999998545,2.0599999999999454,0.39922472883241755,-2.0499999999999545,4.130000000000109,1.0399999999997362,-0.4900000000000091,0.4799999999999969,0.970000000000006,8.268089858183671,8.35347053625789,1.1096485930237696,1.2645582232543557
2025-05-09 05:21:56,1068.14,1062.67,65.63,62.47,1065.4050000000002,2130.8100000000004,5.470000000000027,0.005134197788508434,128.1,3.1599999999999966,8.240000000000009,4.120000000000118,6.180000000000291,4.119999999999891,0.66666655879177,4.1099999999999,-2.0699999999999363,1.0200000000004366,-0.5,0.490000000000002,0.990000000000002,8.316978857790955,8.003031925472234,1.9678211300825874,1.1752659273543988
2025-05-09 05:21:57,1068.14,1068.85,65.15,62.95,1068.495,2136.99,0.709999999999809,0.0006644860287931371,128.10000000000002,2.200000000000003,0.0,6.179999999999836,3.0899999999996908,6.179999999999836,1.9999993527511657,-8.240000000000009,2.059999999999718,-3.0900000000006003,-0.47999999999998977,0.480000000000004,0.9599999999999937,8.341100637462132,7.691964638512486,2.075764919252601,1.1752659273544772
2025-05-09 05:21:58,1078.45,1068.85,64.67,63.43,1073.65,2147.3,9.600000000000136,0.008941461361764703,128.1,1.240000000000002,10.309999999999945,0.0,5.1550000000002,10.309999999999945,1.999999612027145,10.309999999999945,-6.179999999999836,2.0650000000005093,-0.480000000000004,0.4799999999999969,0.9600000000000009,8.38134263558671,7.691964638512407,3.593649955129205,1.175704044392316
2025-05-09 05:21:59,1084.64,1079.15,64.18,63.93,1081.895,2163.79,5.490000000000009,0.005074429584133007,128.11,0.2500000000000071,6.190000000000055,10.300000000000182,8.24499999999989,4.110000000000127,0.4984838691954291,-4.119999999999891,10.300000000000182,3.0899999999996908,-0.4899999999999949,0.5,0.9899999999999949,8.4450471591207,8.572330779905998,3.612987683344652,1.8720556882743438
2025-05-09 05:22:00,1092.89,1083.27,63.68,64.42,1088.08,2176.16,9.620000000000118,0.008841261663810433,128.1,0.740000000000002,8.25,4.119999999999891,6.184999999999945,4.130000000000109,0.6677444352879078,2.0599999999999454,-6.180000000000291,-2.0599999999999454,-0.5000000000000071,0.490000000000002,0.9900000000000091,8.493989004730764,9.401513840872697,3.6888711010281474,1.8726031346765069
2025-05-09 05:22:01,1097.01,1085.33,63.2,64.9,1091.17,2182.34,11.680000000000064,0.010704106591361525,128.10000000000002,1.7000000000000028,4.119999999999891,2.0599999999999454,3.0900000000001455,2.0599999999999454,0.6666664509169571,-4.130000000000109,-2.0599999999999454,-3.0949999999998,-0.4799999999999969,0.480000000000004,0.9600000000000009,8.518110784401944,9.54160665192821,4.372899495758019,2.1873174209519712
2025-05-09 05:22:02,1092.89,1095.63,62.72,65.38,1094.2600000000002,2188.5200000000004,2.740000000000009,0.0025039752869482875,128.1,2.6599999999999966,-4.119999999999891,10.300000000000182,3.0900000000001455,14.420000000000073,4.666665156418847,-8.239999999999782,8.240000000000236,0.0,-0.480000000000004,0.47999999999998977,0.9599999999999937,8.542232564073128,8.192646397844767,3.6243316625275908,2.187317420951864
2025-05-09 05:22:03,1094.95,1099.75,62.23,65.87,1097.35,2194.7,4.7999999999999545,0.004374174142822053,128.1,3.6400000000000077,2.0599999999999454,4.119999999999891,3.0899999999996908,2.0599999999999454,0.6666664509170552,6.179999999999836,-6.180000000000291,-4.547473508864641e-13,-0.490000000000002,0.4900000000000091,0.9800000000000111,8.566354343744306,5.94555338047834,3.6723534688262265,2.373844455729944
2025-05-09 05:22:04,1105.26,1103.88,61.75,66.35,1104.5700000000002,2209.1400000000003,1.3799999999998818,0.001249354951474806,128.1,4.599999999999994,10.309999999999945,4.130000000000109,7.220000000000255,6.179999999999836,0.8559555601169055,8.25,0.010000000000218279,4.130000000000564,-0.4799999999999969,0.47999999999998977,0.9599999999999866,8.622716560322276,6.327979930445133,4.437598449612172,2.012200288241784
2025-05-09 05:22:05,1111.45,1103.88,61.25,66.83,1107.665,2215.33,7.569999999999936,0.006834196253529487,128.07999999999998,5.579999999999998,6.190000000000055,0.0,3.0949999999998,6.190000000000055,1.9999993537968015,-4.119999999999891,-4.130000000000109,-4.125000000000455,-0.5,0.480000000000004,0.980000000000004,8.648227602684045,6.939129628427022,4.106991599699231,1.8464344017593795
2025-05-09 05:22:06,1117.64,1110.06,60.77,67.31,1113.85,2227.7,7.580000000000155,0.006805225113969501,128.08,6.539999999999999,6.190000000000055,6.179999999999836,6.184999999999945,0.010000000000218279,0.0016168146133231614,0.0,6.179999999999836,3.0900000000001455,-0.4799999999999969,0.480000000000004,0.9600000000000009,8.696517733475032,7.886810508698122,2.799121290691057,2.0113036816951757
2025-05-09 05:22:07,1113.51,1116.24,60.28,67.8,1114.875,2229.75,2.730000000000018,0.002448705009576242,128.07999999999998,7.519999999999996,-4.130000000000109,6.180000000000064,1.025000000000091,10.310000000000173,10.05852677216828,-10.320000000000164,2.2737367544323206e-13,-5.1599999999998545,-0.490000000000002,0.4899999999999949,0.9799999999999969,8.704520544155837,7.180120646626331,2.800976615396844,2.528078816018296
2025-05-09 05:22:08,1127.95,1118.3,59.8,68.28,1123.125,2246.25,9.650000000000091,0.008592097933362708,128.07999999999998,8.480000000000004,14.440000000000055,2.0599999999999454,8.25,12.38000000000011,1.5006058787144523,18.570000000000164,-4.120000000000118,7.224999999999909,-0.480000000000004,0.480000000000004,0.960000000000008,8.768933410611076,7.178325535952404,3.538484138723834,3.0085149991316755
2025-05-09 05:22:09,1130.01,1122.42,59.32,68.78,1126.2150000000001,2252.4300000000003,7.589999999999918,0.0067393881215048,128.1,9.46,2.0599999999999454,4.120000000000118,3.0900000000001455,2.060000000000173,0.6666664509170307,-12.38000000000011,2.060000000000173,-5.1599999999998545,-0.4799999999999969,0.5,0.9799999999999969,8.791686114038361,7.4817381002080925,2.562319261918734,2.86327042034102
2025-05-09 05:22:10,1136.2,1134.79,58.83,69.26,1135.495,2270.99,1.4100000000000819,0.0012417491919896897,128.09,10.430000000000007,6.190000000000055,12.36999999999989,9.279999999999745,6.179999999999836,0.6659482041004098,4.130000000000109,8.249999999999773,6.1899999999996,-0.490000000000002,0.480000000000004,0.970000000000006,8.864821540597848,8.885385191431107,3.53170213919573,3.4688640071353527
2025-05-09 05:22:11,1144.45,1128.61,58.33,69.75,1136.53,2273.06,15.840000000000146,0.013937159587571806,128.07999999999998,11.420000000000002,8.25,-6.180000000000064,1.0350000000000819,14.430000000000064,13.942015514959815,2.0599999999999454,-18.549999999999955,-8.244999999999663,-0.5,0.4899999999999949,0.9899999999999949,8.873594559075622,9.018396198887164,5.788167240154702,3.96781961535539
2025-05-09 05:22:12,1144.45,1136.85,57.85,70.23,1140.65,2281.3,7.600000000000136,0.006662867657333334,128.08,12.380000000000003,0.0,8.240000000000009,4.120000000000118,8.240000000000009,1.9999995145631693,-8.25,14.420000000000073,3.0850000000000364,-0.4799999999999969,0.480000000000004,0.9600000000000009,8.905761954202358,7.398956514273005,5.173748157767248,3.496587622239589
2025-05-09 05:22:13,1152.7,1149.22,57.37,70.71,1150.96,2301.92,3.480000000000018,0.003023562936137185,128.07999999999998,13.339999999999996,8.25,12.370000000000118,10.309999999999945,4.120000000000118,0.39961198839846285,8.25,4.130000000000109,6.189999999999827,-0.480000000000004,0.47999999999998977,0.9599999999999937,8.98625851822097,8.976382205549324,5.529984629273399,4.03270318768924
2025-05-09 05:22:14,1156.83,1153.34,56.88,71.2,1155.085,2310.17,3.490000000000009,0.0030214226632486667,128.08,14.32,4.129999999999882,4.119999999999891,4.125,0.009999999999990905,0.0024242418365452286,-4.120000000000118,-8.250000000000227,-6.184999999999945,-0.4899999999999949,0.4900000000000091,0.980000000000004,9.018464951448587,8.808370592799944,5.7541663166787425,3.8980883135197377
2025-05-09 05:22:15,1163.02,1151.28,56.4,71.68,1157.15,2314.3,11.740000000000009,0.010145616376316287,128.08,15.280000000000008,6.190000000000055,-2.0599999999999454,2.0650000000000546,8.25,3.9951554502878115,2.060000000000173,-6.179999999999836,-2.0599999999999454,-0.480000000000004,0.480000000000004,0.960000000000008,9.034587687112838,9.0586505617615,5.372597137325684,3.5997836740559337
2025-05-09 05:22:16,1171.27,1163.65,55.92,72.16,1167.46,2334.92,7.619999999999891,0.006526990212489421,128.07999999999998,16.239999999999995,8.25,12.370000000000118,10.309999999999945,4.120000000000118,0.39961198839846285,2.0599999999999454,14.430000000000064,8.24499999999989,-0.4799999999999969,0.47999999999998977,0.9599999999999866,9.11508425113145,9.739029982503473,3.453024760988497,3.857248695637806
2025-05-09 05:22:17,1171.27,1161.59,55.49,72.65,1166.4299999999998,2332.8599999999997,9.680000000000064,0.008298826326227238,128.14000000000001,17.160000000000004,0.0,-2.060000000000173,-1.0300000000002,2.060000000000173,1.9999980582540917,-8.25,-14.430000000000291,-11.340000000000146,-0.4299999999999997,0.4900000000000091,0.9200000000000088,9.102778140293598,7.2335741511442535,3.692589877037485,5.050031435545749
2025-05-09 05:22:18,1173.33,1167.77,55.01,73.08,1170.55,2341.1,5.559999999999945,0.004749903887275248,128.09,18.07,2.0599999999999454,6.180000000000064,4.120000000000118,4.120000000000118,0.9999997572816123,2.0599999999999454,8.240000000000236,5.150000000000318,-0.480000000000004,0.4299999999999926,0.9099999999999966,9.138496298395689,6.800139704454787,3.260309801230523,4.149024885439986
2025-05-09 05:22:19,1144.45,1169.84,54.76,73.42,1157.145,2314.29,25.389999999999873,0.02194193465646737,128.18,18.660000000000004,-28.87999999999988,2.0699999999999363,-13.404999999999973,30.949999999999818,2.308839812842974,-30.939999999999827,-4.110000000000127,-17.52500000000009,-0.25,0.3400000000000034,0.5900000000000034,9.027500319648148,6.212336114546822,7.832625358077535,8.766996777688465
2025-05-09 05:22:20,1152.7,1178.08,54.43,73.68,1165.3899999999999,2330.7799999999997,25.37999999999988,0.021778117178130725,128.11,19.250000000000007,8.25,8.240000000000009,8.24499999999989,0.009999999999990905,0.0012128561294281273,37.12999999999988,6.170000000000073,21.649999999999864,-0.3299999999999983,0.2600000000000051,0.5900000000000034,9.096791748522426,4.999299951003429,9.838718412476238,9.46607006629465
2025-05-09 05:22:21,1181.59,1138.91,54.2,73.93,1160.25,2320.5,42.679999999999836,0.036785175577000354,128.13,19.730000000000004,28.889999999999873,-39.169999999999845,-5.139999999999873,68.05999999999972,13.241242560069814,20.639999999999873,-47.409999999999854,-13.384999999999764,-0.22999999999999687,0.25,0.4799999999999969,9.055256309566408,5.286349874923395,14.767292236561103,8.392439007821226
2025-05-09 05:22:22,1154.77,1153.34,53.93,74.22,1154.0549999999998,2308.1099999999997,1.4300000000000637,0.0012391090535208069,128.15,20.29,-26.819999999999936,14.429999999999836,-6.195000000000164,41.24999999999977,6.658594566812609,-55.70999999999981,53.59999999999968,-1.055000000000291,-0.2700000000000031,0.28999999999999204,0.5599999999999952,9.005501295314074,6.576259004943743,16.7757166761959,8.64317577629888
2025-05-09 05:22:23,1185.71,1182.21,53.68,74.45,1183.96,2367.92,3.5,0.002956180949562332,128.13,20.770000000000003,30.940000000000055,28.87000000000012,29.9050000000002,2.0699999999999363,0.06921919180005787,57.75999999999999,14.440000000000282,36.100000000000364,-0.25,0.23000000000000398,0.480000000000004,9.240302745334406,11.833873520538567,17.24056930614522,17.108587609735714
2025-05-09 05:22:24,1150.64,1173.96,53.49,74.67,1162.3000000000002,2324.6000000000004,23.319999999999936,0.020063666850155953,128.16,21.18,-35.069999999999936,-8.25,-21.659999999999854,26.819999999999936,1.2382270896478775,-66.00999999999999,-37.12000000000012,-51.565000000000055,-0.18999999999999773,0.21999999999999886,0.4099999999999966,9.069132263817634,11.281586989431203,17.093279966115247,19.306264980570454
2025-05-09 05:22:25,1193.97,1153.34,53.24,74.88,1173.655,2347.31,40.63000000000011,0.03461835033751976,128.12,21.639999999999993,43.32999999999993,-20.62000000000012,11.35499999999979,63.950000000000045,5.631879732991766,78.39999999999986,-12.370000000000118,33.014999999999645,-0.25,0.20999999999999375,0.45999999999999375,9.160591561344118,11.9062427952777,19.63014187416888,19.64393182384831
2025-05-09 05:22:26,1160.96,1159.53,53.07,75.11,1160.245,2320.49,1.4300000000000637,0.0012324983074846825,128.18,22.04,-33.00999999999999,6.190000000000055,-13.410000000000082,39.200000000000045,2.9231914300379103,-76.33999999999992,26.810000000000173,-24.764999999999873,-0.1700000000000017,0.23000000000000398,0.4000000000000057,9.05168505966855,11.906935268997753,17.480416757045585,20.679741112983045
2025-05-09 05:22:27,1167.14,1188.39,52.84,75.29,1177.765,2355.53,21.25,0.018042648560584962,128.13,22.450000000000003,6.180000000000064,28.860000000000127,17.52000000000021,22.680000000000064,1.2945204740570386,39.190000000000055,22.670000000000073,30.93000000000029,-0.22999999999999687,0.18000000000000682,0.4100000000000037,9.191953413002784,10.129471234970662,16.09187155056864,21.602929951745015
2025-05-09 05:22:28,1196.03,1159.53,52.68,75.45,1177.78,2355.56,36.5,0.030990507538767417,128.13,22.770000000000003,28.889999999999873,-28.860000000000127,0.01499999999987267,57.75,3849.7433504759806,22.70999999999981,-57.720000000000255,-17.505000000000337,-0.1600000000000037,0.1599999999999966,0.3200000000000003,9.19207048160407,8.48563005911162,15.39705588740913,16.410605336184265
2025-05-09 05:22:29,1160.96,1161.59,52.5,75.65,1161.275,2322.55,0.6299999999998818,0.000542507157613291,128.15,23.150000000000006,-35.069999999999936,2.0599999999999454,-16.50499999999988,37.12999999999988,2.2496211905712786,-63.95999999999981,30.920000000000073,-16.519999999999754,-0.17999999999999972,0.20000000000000284,0.38000000000000256,9.06184152117174,8.73734255938837,18.837545487669075,14.898990318139015
2025-05-09 05:22:30,1191.9,1190.45,52.32,75.83,1191.1750000000002,2382.3500000000004,1.4500000000000455,0.0012172854524169494,128.15,23.509999999999998,30.940000000000055,28.860000000000127,29.90000000000009,2.0799999999999272,0.06956521506470588,66.00999999999999,26.800000000000182,46.40499999999997,-0.17999999999999972,0.1799999999999926,0.3599999999999923,9.295161847091988,12.980277154209697,16.107446104209068,19.948769824227316
2025-05-09 05:22:31,1169.21,1215.2,52.18,75.96,1192.205,2384.41,45.99000000000001,0.03857558050958051,128.14,23.779999999999994,-22.690000000000055,24.75,1.0299999999997453,47.440000000000055,46.0582077104894,-53.63000000000011,-4.110000000000127,-28.870000000000346,-0.14000000000000057,0.12999999999999545,0.269999999999996,9.303925321492702,12.593489389366674,20.38269805496811,17.819569509390565
2025-05-09 05:22:32,1169.21,1163.65,52.07,76.12,1166.43,2332.86,5.559999999999945,0.004766681236965153,128.19,24.050000000000004,0.0,-51.549999999999955,-25.774999999999864,51.549999999999955,1.9999999224054434,22.690000000000055,-76.29999999999995,-26.80499999999961,-0.10999999999999943,0.1600000000000108,0.27000000000001023,9.099227637887296,14.042292636891348,21.541005779675213,21.24935487256021
2025-05-09 05:22:33,1202.22,1163.65,51.98,76.28,1182.935,2365.87,38.569999999999936,0.03260534177059145,128.26,24.300000000000004,33.00999999999999,0.0,16.50499999999988,33.00999999999999,1.9999998788246196,33.00999999999999,51.549999999999955,42.279999999999745,-0.09000000000000341,0.1599999999999966,0.25,9.222945507383866,14.230911074140403,21.999829544794213,22.907077345222316
2025-05-09 05:22:34,1206.35,1167.77,51.91,76.33,1187.06,2374.12,38.57999999999993,0.032500463302191515,128.24,24.42,4.129999999999882,4.119999999999891,4.125,0.009999999999990905,0.0024242418365452286,-28.88000000000011,4.119999999999891,-12.379999999999882,-0.07000000000000028,0.04999999999999716,0.11999999999999744,9.256550146159153,10.464198129818099,20.83478461611733,20.711584499984514
2025-05-09 05:22:35,1171.27,1165.71,51.84,76.38,1168.49,2336.98,5.559999999999945,0.004758277773230123,128.22,24.539999999999992,-35.07999999999993,-2.0599999999999454,-18.569999999999936,33.01999999999998,1.7781366839991066,-39.20999999999981,-6.179999999999836,-22.694999999999936,-0.06999999999999318,0.04999999999999716,0.11999999999999034,9.113164801800306,11.42788224038427,19.671165954259052,17.29714738042074
2025-05-09 05:22:36,1165.08,1165.71,51.79,76.44,1165.395,2330.79,0.6300000000001091,0.0005405892418103045,128.23,24.65,-6.190000000000055,0.0,-3.0950000000000273,6.190000000000055,1.9999993537966545,28.889999999999873,2.0599999999999454,15.474999999999909,-0.05000000000000426,0.060000000000002274,0.11000000000000654,9.088317795458803,10.149995443353319,19.089548187424402,17.062019077471362
2025-05-09 05:22:37,1163.02,1165.71,51.79,76.51,1164.365,2328.73,2.6900000000000546,0.002310272120589147,128.3,24.720000000000006,-2.0599999999999454,0.0,-1.0299999999999727,2.0599999999999454,1.9999980582543124,4.130000000000109,0.0,2.0650000000000546,0.0,0.07000000000000739,0.07000000000000739,9.075331184136155,10.571437579633788,19.58555411521455,12.689194517383612
2025-05-09 05:22:38,1165.08,1169.84,51.71,76.56,1167.46,2334.92,4.759999999999991,0.004077227481817589,128.27,24.85,2.0599999999999454,4.129999999999882,3.0950000000000273,2.0699999999999363,0.6688204624166254,4.119999999999891,4.129999999999882,4.125,-0.0799999999999983,0.04999999999999716,0.12999999999999545,9.101582528248363,9.370165019896632,15.844832911709679,9.1403548891714
2025-05-09 05:22:39,1171.27,1167.77,51.71,76.56,1169.52,2339.04,3.5,0.0029926807553588815,128.27,24.85,6.190000000000055,-2.0699999999999363,2.0599999999999454,8.259999999999991,4.009706791404572,4.130000000000109,-6.199999999999818,-1.0350000000000819,0.0,0.0,0.0,9.117642401827064,2.1383854891239746,1.9169167952729462,8.771789013650487
2025-05-09 05:22:40,1169.21,1169.84,51.66,76.62,1169.525,2339.05,0.6299999999998818,0.0005386802329674025,128.28,24.960000000000008,-2.0599999999999454,2.0699999999999363,0.005000000000109139,4.129999999999882,825.834833015347,-8.25,4.139999999999873,-2.0549999999998363,-0.05000000000000426,0.060000000000002274,0.11000000000000654,9.116970618046691,2.352489638679809,1.811123960417875,2.4621296675845277
2025-05-09 05:22:41,1163.02,1194.58,51.66,76.64,1178.8,2357.6,31.559999999999945,0.02677298945811584,128.3,24.980000000000004,-6.190000000000055,24.74000000000001,9.274999999999864,30.930000000000064,3.3347705299439343,-4.130000000000109,22.670000000000073,9.269999999999754,0.0,0.01999999999999602,0.01999999999999602,9.187840926049564,5.386999860784579,12.906996939644772,4.03020998212243
2025-05-09 05:22:42,1171.27,1165.71,51.61,76.67,1168.49,2336.98,5.559999999999945,0.004758277773230123,128.28,25.060000000000002,8.25,-28.86999999999989,-10.309999999999945,37.11999999999989,3.6003876236287553,14.440000000000055,-53.6099999999999,-19.58499999999981,-0.04999999999999716,0.030000000000001137,0.0799999999999983,9.108902329989848,4.575678091834285,12.63791596743703,7.119361804263003
2025-05-09 05:22:43,1171.27,1198.7,51.61,76.72,1184.9850000000001,2369.9700000000003,27.430000000000064,0.023147972317668228,128.32999999999998,25.11,0.0,32.99000000000001,16.49500000000012,32.99000000000001,1.9999998787511302,-8.25,61.8599999999999,26.805000000000064,0.0,0.04999999999999716,0.04999999999999716,9.233889119972813,7.311256219015187,14.565460171240758,10.089911421811381
2025-05-09 05:22:44,1167.14,1165.71,51.61,76.72,1166.4250000000002,2332.8500000000004,1.4300000000000637,0.0012259682352265212,128.32999999999998,25.11,-4.129999999999882,-32.99000000000001,-18.559999999999945,28.860000000000127,1.5549568127717348,-4.129999999999882,-65.98000000000002,-35.055000000000064,0.0,0.0,0.0,9.089261987927518,7.919066390685744,14.953389916671084,14.203560909152309
2025-05-09 05:22:45,1171.27,1165.71,51.54,76.72,1168.49,2336.98,5.559999999999945,0.004758277773230123,128.26,25.18,4.129999999999882,0.0,2.064999999999827,4.129999999999882,1.9999990314775766,8.259999999999764,32.99000000000001,20.624999999999773,-0.07000000000000028,0.0,0.07000000000000028,9.110322710819252,8.065851318992264,14.042046503270095,14.255966557901267
2025-05-09 05:22:46,1163.02,1165.71,51.54,76.78,1164.365,2328.73,2.6900000000000546,0.002310272120589147,128.32,25.240000000000002,-8.25,0.0,-4.125,8.25,1.9999995151516325,-12.379999999999882,0.0,-6.189999999999827,0.0,0.060000000000002274,0.060000000000002274,9.073916699860376,8.24812508998834,10.716428042962832,13.251987869749957
2025-05-09 05:22:47,1169.21,1165.71,51.48,76.78,1167.46,2334.92,3.5,0.0029979613836894096,128.26,25.300000000000004,6.190000000000055,0.0,3.0950000000000273,6.190000000000055,1.9999993537966545,14.440000000000055,0.0,7.220000000000027,-0.060000000000002274,0.0,0.060000000000002274,9.102292147962794,8.32497222218161,10.897420336942139,12.720115172434575
2025-05-09 05:22:48,1160.96,1165.71,51.48,76.83,1163.335,2326.67,4.75,0.004083088702666825,128.31,25.35,-8.25,0.0,-4.125,8.25,1.9999995151516325,-14.440000000000055,0.0,-7.220000000000027,0.0,0.04999999999999716,0.04999999999999716,9.066596453381681,2.1381446396588593,1.636315984154523,8.640075231153897
2025-05-09 05:22:49,1171.27,1163.65,51.48,76.83,1167.46,2334.92,7.619999999999891,0.006526990212489421,128.31,25.35,10.309999999999945,-2.0599999999999454,4.125,12.36999999999989,2.998787151809149,18.559999999999945,-2.0599999999999454,8.25,0.0,0.0,0.0,9.098745155492596,2.2356391703719924,1.9151840642610618,4.021065779118741
2025-05-09 05:22:50,1169.21,1167.77,51.48,76.83,1168.49,2336.98,1.4400000000000546,0.0012323597110524649,128.31,25.35,-2.0599999999999454,4.119999999999891,1.0299999999999727,6.179999999999836,5.9999941747629375,-12.36999999999989,6.179999999999836,-3.0950000000000273,0.0,0.0,0.0,9.106772588989381,2.2356391703719924,2.3551326926522496,3.9270472367925446
2025-05-09 05:22:51,1171.27,1165.71,51.43,76.83,1168.49,2336.98,5.559999999999945,0.004758277773230123,128.26,25.4,2.0599999999999454,-2.0599999999999454,0.0,4.119999999999891,4119999.999999891,4.119999999999891,-6.179999999999836,-1.0299999999999727,-0.04999999999999716,0.0,0.04999999999999716,9.110322710819252,2.1380236200987484,2.3052505286843483,3.212010663120526
2025-05-09 05:22:52,1171.27,1167.77,51.43,76.89,1169.52,2339.04,3.5,0.0029926807553588815,128.32,25.46,0.0,2.0599999999999454,1.0299999999999727,2.0599999999999454,1.9999980582543124,-2.0599999999999454,4.119999999999891,1.0299999999999727,0.0,0.060000000000002274,0.060000000000002274,9.114089704534837,2.417696217497021,2.3052505286843483,2.9708723466348927
2025-05-09 05:22:53,1171.27,1165.71,51.43,76.89,1168.49,2336.98,5.559999999999945,0.004758277773230123,128.32,25.46,0.0,-2.0599999999999454,-1.0299999999999727,2.0599999999999454,1.9999980582543124,0.0,-4.119999999999891,-2.0599999999999454,0.0,0.0,0.0,9.106062896617342,0.7283199846891373,2.3487613757041084,1.9289582680814807
2025-05-09 05:22:54,1210.48,1165.71,51.39,76.89,1188.095,2376.19,44.76999999999998,0.03768217184847828,128.28,25.5,39.210000000000036,0.0,19.605000000000018,39.210000000000036,1.999999897985213,39.210000000000036,2.0599999999999454,20.63499999999999,-0.03999999999999915,0.0,0.03999999999999915,9.261732076225973,8.663952331360727,18.30605036593092,8.694510912064008
2025-05-09 05:22:55,1165.08,1163.65,51.37,76.94,1164.365,2328.73,1.4299999999998363,0.0012281372239561468,128.31,25.57,-45.40000000000009,-2.0599999999999454,-23.730000000000018,43.340000000000146,1.8263800326009303,-84.61000000000013,-2.0599999999999454,-43.335000000000036,-0.020000000000003126,0.04999999999999716,0.07000000000000028,9.074623886878467,9.326260370592928,18.30751566980077,15.380081274167582
2025-05-09 05:22:56,1163.02,1165.71,51.37,76.94,1164.365,2328.73,2.6900000000000546,0.002310272120589147,128.31,25.57,-2.0599999999999454,2.0599999999999454,0.0,4.119999999999891,4119999.999999891,43.340000000000146,4.119999999999891,23.730000000000018,0.0,0.0,0.0,9.074623886878467,9.858632384874348,18.608848701625803,15.380081274167582
2025-05-09 05:22:57,1163.02,1163.65,51.37,76.94,1163.335,2326.67,0.6300000000001091,0.0005415465016169569,128.31,25.57,0.0,-2.0599999999999454,-1.0299999999999727,2.0599999999999454,1.9999980582543124,2.0599999999999454,-4.119999999999891,-1.0299999999999727,0.0,0.0,0.0,9.066596453381681,10.455540397324977,18.96169243501222,15.345519541546983
2025-05-09 05:22:58,1167.14,1167.77,51.37,76.94,1167.455,2334.91,0.6299999999998818,0.00053963536021538,128.31,25.57,4.120000000000118,4.119999999999891,4.119999999999891,2.2737367544323206e-13,5.5187771906666547e-14,4.120000000000118,6.179999999999836,5.149999999999864,0.0,0.0,0.0,9.098706187368823,10.496393190048426,19.43851331763826,15.53455808833969
2025-05-09 05:22:59,1167.14,1167.77,51.37,76.94,1167.455,2334.91,0.6299999999998818,0.00053963536021538,128.31,25.57,0.0,0.0,0.0,0.0,0.0,-4.120000000000118,-4.119999999999891,-4.119999999999891,0.0,0.0,0.0,9.098706187368823,1.92695355421476,0.9010660353158049,11.13492568452972
2025-05-09 05:23:00,1171.27,1163.65,51.32,76.98,1167.46,2334.92,7.619999999999891,0.006526990212489421,128.3,25.660000000000004,4.129999999999882,-4.119999999999891,0.005000000000109139,8.249999999999773,1649.6700659507555,4.129999999999882,-4.119999999999891,0.005000000000109139,-0.04999999999999716,0.04000000000000625,0.09000000000000341,9.09945433281797,2.0087384100723376,3.0299834983048246,2.0074561016370107
2025-05-09 05:23:01,1171.27,1167.77,51.32,76.98,1169.52,2339.04,3.5,0.0029926807553588815,128.3,25.660000000000004,0.0,4.119999999999891,2.0599999999999454,4.119999999999891,1.9999990291266847,-4.129999999999882,8.239999999999782,2.0549999999998363,0.0,0.0,0.0,9.115510451165155,2.258215556606263,3.068105278506518,2.0593761191194853
2025-05-09 05:23:02,1169.21,1167.77,51.32,76.98,1168.49,2336.98,1.4400000000000546,0.0012323597110524649,128.3,25.660000000000004,-2.0599999999999454,0.0,-1.0299999999999727,2.0599999999999454,1.9999980582543124,-2.0599999999999454,-4.119999999999891,-3.089999999999918,0.0,0.0,0.0,9.107482391991564,0.9229395972094401,2.9573349489024165,2.0593761191194853
2025-05-09 05:23:03,1171.27,1163.65,51.32,76.98,1167.46,2334.92,7.619999999999891,0.006526990212489421,128.3,25.660000000000004,2.0599999999999454,-4.119999999999891,-1.0299999999999727,6.179999999999836,5.9999941747629375,4.119999999999891,-4.119999999999891,0.0,0.0,0.0,0.0,9.09945433281797,0.9221008622146923,3.325585662706568,1.261489199319528
2025-05-09 05:23:04,1169.21,1163.65,51.32,76.98,1166.43,2332.86,5.559999999999945,0.004766681236965153,128.3,25.660000000000004,-2.0599999999999454,0.0,-1.0299999999999727,2.0599999999999454,1.9999980582543124,-4.119999999999891,4.119999999999891,0.0,0.0,0.0,0.0,9.091426273644378,1.1743806878935852,2.685911390943372,1.3431492843313517
2025-05-09 05:23:05,1167.14,1167.77,51.32,76.98,1167.455,2334.91,0.6299999999998818,0.00053963536021538,128.3,25.660000000000004,-2.0699999999999363,4.119999999999891,1.0249999999998636,6.189999999999827,6.039018498519174,-0.009999999999990905,4.119999999999891,2.0549999999998363,0.0,0.0,0.0,9.099415361656932,1.1748212630427708,2.8890309794115367,1.4557575347562997
2025-05-09 05:23:06,1171.27,1167.77,51.25,77.03,1169.52,2339.04,3.5,0.0029926807553588815,128.28,25.78,4.129999999999882,0.0,2.0650000000000546,4.129999999999882,1.9999990314773564,6.199999999999818,-4.119999999999891,1.040000000000191,-0.07000000000000028,0.04999999999999716,0.11999999999999744,9.1169316408097,1.1748212630427708,2.8890309794115367,1.4575278728037593
2025-05-09 05:23:07,1167.14,1167.77,51.25,77.03,1167.455,2334.91,0.6299999999998818,0.00053963536021538,128.28,25.78,-4.129999999999882,0.0,-2.0650000000000546,4.129999999999882,1.9999990314773564,-8.259999999999764,0.0,-4.130000000000109,0.0,0.0,0.0,9.100834041933005,1.1287681338953903,3.068105278506557,1.6945965596565786
2025-05-09 05:23:08,1171.27,1165.71,51.25,77.03,1168.49,2336.98,5.559999999999945,0.004758277773230123,128.28,25.78,4.129999999999882,-2.0599999999999454,1.0350000000000819,6.189999999999827,5.980670550076124,8.259999999999764,-2.0599999999999454,3.1000000000001364,0.0,0.0,0.0,9.108902329989848,1.1752606094383604,2.471645201075568,1.6955102476835644
2025-05-09 05:23:09,1171.27,1161.59,51.25,77.03,1166.4299999999998,2332.8599999999997,9.680000000000064,0.008298826326227238,128.28,25.78,0.0,-4.120000000000118,-2.060000000000173,4.120000000000118,1.9999990291265743,-4.129999999999882,-2.060000000000173,-3.0950000000002547,0.0,0.0,0.0,9.092843708350141,1.1752606094384386,3.7967025166584043,1.929630793701264
2025-05-09 05:23:10,1171.27,1157.47,51.25,77.03,1164.37,2328.74,13.799999999999955,0.011851902735511953,128.28,25.78,0.0,-4.119999999999891,-2.0599999999999454,4.119999999999891,1.9999990291266847,0.0,2.2737367544323206e-13,2.2737367544323206e-13,0.0,0.0,0.0,9.076785086710437,1.9811158472181112,5.187801075600344,2.011431704035752
2025-05-09 05:23:11,1167.14,1163.65,51.25,77.03,1165.395,2330.79,3.490000000000009,0.0029946927839962553,128.28,25.78,-4.129999999999882,6.180000000000064,1.025000000000091,10.309999999999945,10.058526772168058,-4.129999999999882,10.299999999999955,3.0850000000000364,0.0,0.0,0.0,9.084775420293301,1.6285752976451302,5.189313056657892,1.6933804947501225
2025-05-09 05:23:12,1167.14,1206.95,51.25,77.08,1187.045,2374.09,39.809999999999945,0.03353706048756608,128.32999999999998,25.83,0.0,43.299999999999955,21.65000000000009,43.299999999999955,1.9999999076212407,4.129999999999882,37.11999999999989,20.625,0.0,0.04999999999999716,0.04999999999999716,9.24994148484422,9.458612081066343,14.709325953285528,10.03217237192428
2025-05-09 05:23:13,1169.21,1165.71,51.25,77.08,1167.46,2334.92,3.5,0.0029979613836894096,128.32999999999998,25.83,2.0699999999999363,-41.24000000000001,-19.585000000000036,43.309999999999945,2.21138615208648,2.0699999999999363,-84.53999999999996,-41.23500000000013,0.0,0.0,0.0,9.097327132413879,9.520155592220883,15.046203175552263,14.676685337636744
2025-05-09 05:23:14,1167.14,1163.65,51.25,77.08,1165.395,2330.79,3.490000000000009,0.0029946927839962553,128.32999999999998,25.83,-2.0699999999999363,-2.0599999999999454,-2.0650000000000546,0.009999999999990905,0.004842612667011125,-4.139999999999873,39.180000000000064,17.519999999999982,0.0,0.0,0.0,9.081235805491813,9.631590341168735,15.735157132993589,14.676843410624823
2025-05-09 05:23:15,1163.02,1165.71,51.2,77.08,1164.365,2328.73,2.6900000000000546,0.002310272120589147,128.28,25.879999999999995,-4.120000000000118,2.0599999999999454,-1.0299999999999727,6.180000000000064,5.999994174763159,-2.050000000000182,4.119999999999891,1.0350000000000819,-0.04999999999999716,0.0,0.04999999999999716,9.076746109473447,9.63231254684432,16.33482721059512,14.651539765499097
2025-05-09 05:23:16,1171.27,1167.77,51.2,77.08,1169.52,2339.04,3.5,0.0029926807553588815,128.28,25.879999999999995,8.25,2.0599999999999454,5.154999999999973,6.190000000000055,1.2007757127496361,12.370000000000118,0.0,6.184999999999945,0.0,0.0,0.0,9.1169316408097,9.318101067282567,16.333740233026813,14.839059522085664
2025-05-09 05:23:17,1163.02,1167.77,51.2,77.08,1165.395,2330.79,4.75,0.004075871267616669,128.28,25.879999999999995,-8.25,0.0,-4.125,8.25,1.9999995151516325,-16.5,-2.0599999999999454,-9.279999999999973,0.0,0.0,0.0,9.084775420293301,2.06250030305521,0.738532328337536,9.202479285496926
2025-05-09 05:23:18,1171.27,1163.65,51.2,77.08,1167.46,2334.92,7.619999999999891,0.006526990212489421,128.28,25.879999999999995,8.25,-4.119999999999891,2.0650000000000546,12.36999999999989,5.990311869098157,16.5,-4.119999999999891,6.190000000000055,0.0,0.0,0.0,9.100873019169995,2.06250030305521,1.9398840171514053,3.6461966485640818
2025-05-09 05:23:19,1167.14,1167.77,51.2,77.08,1167.455,2334.91,0.6299999999998818,0.00053963536021538,128.28,25.879999999999995,-4.129999999999882,4.119999999999891,-0.005000000000109139,8.249999999999773,1649.6700659507555,-12.379999999999882,8.239999999999782,-2.0700000000001637,0.0,0.0,0.0,9.100834041933005,2.009892410081125,2.5912680293631616,3.466485251663405
2025-05-09 05:23:20,1171.27,1165.71,51.2,77.08,1168.49,2336.98,5.559999999999945,0.004758277773230123,128.28,25.879999999999995,4.129999999999882,-2.0599999999999454,1.0350000000000819,6.189999999999827,5.980670550076124,8.259999999999764,-6.179999999999836,1.040000000000191,0.0,0.0,0.0,9.108902329989848,1.529760602218365,2.591268029363176,3.3734996665184283
2025-05-09 05:23:21,1171.27,1169.84,51.2,77.14,1170.5549999999998,2341.1099999999997,1.4300000000000637,0.0012216427239885534,128.34,25.939999999999998,0.0,4.129999999999882,2.064999999999827,4.129999999999882,1.9999990314775766,-4.129999999999882,6.189999999999827,1.0299999999997453,0.0,0.060000000000002274,0.060000000000002274,9.120733916777823,1.8748046565172556,2.9181449587022867,2.569099063874309
2025-05-09 05:23:22,1171.27,1169.84,51.2,77.14,1170.5549999999998,2341.1099999999997,1.4300000000000637,0.0012216427239885534,128.34,25.939999999999998,0.0,0.0,0.0,0.0,0.0,0.0,-4.129999999999882,-2.064999999999827,0.0,0.0,0.0,9.120733916777823,1.5658647770788408,3.077617585080938,1.0337528718218467
2025-05-09 05:23:23,1158.89,1167.77,51.2,77.14,1163.33,2326.66,8.879999999999882,0.00763325968759219,128.34,25.939999999999998,-12.379999999999882,-2.0699999999999363,-7.224999999999909,10.309999999999945,1.4269894218699866,-12.379999999999882,-2.0699999999999363,-7.224999999999909,0.0,0.0,0.0,9.064438140373708,2.973736286239639,3.5340387660578028,3.678475227590829
2025-05-09 05:23:24,1169.21,1163.65,51.2,77.14,1166.43,2332.86,5.559999999999945,0.004766681236965153,128.34,25.939999999999998,10.319999999999936,-4.119999999999891,3.1000000000001364,14.439999999999827,4.6580630135278,22.699999999999818,-2.0499999999999545,10.325000000000045,0.0,0.0,0.0,9.088592729557483,3.0613734662890697,3.172360320013979,4.090719679958488
2025-05-09 05:23:25,1171.27,1167.77,51.14,77.14,1169.52,2339.04,3.5,0.0029926807553588815,128.28,26.0,2.0599999999999454,4.119999999999891,3.089999999999918,2.0599999999999454,0.6666664509170062,-8.259999999999991,8.239999999999782,-0.010000000000218279,-0.060000000000002274,0.0,0.060000000000002274,9.1169316408097,3.146817042679523,3.1456239444662177,4.341968735493094
2025-05-09 05:23:26,1171.27,1169.84,51.14,77.14,1170.5549999999998,2341.1099999999997,1.4300000000000637,0.0012216427239885534,128.28,26.0,0.0,2.0699999999999363,1.0349999999998545,2.0699999999999363,1.9999980676349371,-2.0599999999999454,-2.0499999999999545,-2.0550000000000637,0.0,0.0,0.0,9.124999928866542,3.146817042679523,3.1456239444662177,4.25528935561374
2025-05-09 05:23:27,1173.33,1165.71,51.14,77.14,1169.52,2339.04,7.619999999999891,0.006515493530238386,128.28,26.0,2.0599999999999454,-4.129999999999882,-1.0349999999998545,6.189999999999827,5.980670550077438,2.0599999999999454,-6.199999999999818,-2.069999999999709,0.0,0.0,0.0,9.1169316408097,2.972348398169184,3.0180821725061198,4.280389293043278
2025-05-09 05:23:28,1167.14,1163.65,51.14,77.14,1165.395,2330.79,3.490000000000009,0.0029946927839962553,128.28,26.0,-6.189999999999827,-2.0599999999999454,-4.125,4.129999999999882,1.0012118784940613,-8.249999999999773,2.0699999999999363,-3.0900000000001455,0.0,0.0,0.0,9.084775420293301,2.2358706358145417,2.3527112019964096,3.060364765840805
2025-05-09 05:23:29,1171.27,1161.59,51.14,77.14,1166.4299999999998,2332.8599999999997,9.680000000000064,0.008298826326227238,128.28,26.0,4.129999999999882,-2.060000000000173,1.0349999999998545,6.190000000000055,5.980670550077657,10.319999999999709,-2.2737367544323206e-13,5.1599999999998545,0.0,0.0,0.0,9.092843708350141,2.235870635814595,3.388883296898788,2.72843361656456
2025-05-09 05:23:30,1167.14,1167.77,51.14,77.14,1167.455,2334.91,0.6299999999998818,0.00053963536021538,128.28,26.0,-4.129999999999882,6.180000000000064,1.025000000000091,10.309999999999945,10.058526772168058,-8.259999999999764,8.240000000000236,-0.009999999999763531,0.0,0.0,0.0,9.100834041933005,2.1391102122375645,3.9358671217407517,2.259816364220714
2025-05-09 05:23:31,1167.14,1155.4,51.14,77.14,1161.27,2322.54,11.740000000000009,0.010109621354112641,128.28,26.0,0.0,-12.36999999999989,-6.184999999999945,12.36999999999989,1.9999996766370773,4.129999999999882,-18.549999999999955,-7.210000000000036,0.0,0.0,0.0,9.0526191997769,3.0590141385916976,4.534707267288612,3.210166662340099
2025-05-09 05:23:32,1171.27,1165.71,51.14,77.19,1168.49,2336.98,5.559999999999945,0.004758277773230123,128.32999999999998,26.049999999999997,4.129999999999882,10.309999999999945,7.220000000000027,6.180000000000064,0.855955560116964,4.129999999999882,22.679999999999836,13.404999999999973,0.0,0.04999999999999716,0.04999999999999716,9.105353314849582,2.786423783293664,4.51604362246427,5.227521401199599
2025-05-09 05:23:33,1171.27,1163.65,51.14,77.19,1167.46,2334.92,7.619999999999891,0.006526990212489421,128.32999999999998,26.049999999999997,0.0,-2.0599999999999454,-1.0299999999999727,2.0599999999999454,1.9999980582543124,-4.129999999999882,-12.36999999999989,-8.25,0.0,0.0,0.0,9.097327132413879,2.861918936675828,4.2624617300335075,4.814367300071713
2025-05-09 05:23:34,1169.21,1159.53,51.14,77.19,1164.37,2328.74,9.680000000000064,0.008313508585489625,128.32999999999998,26.049999999999997,-2.0599999999999454,-4.120000000000118,-3.0900000000001455,2.060000000000173,0.6666664509170307,-2.0599999999999454,-2.060000000000173,-2.060000000000173,0.0,0.0,0.0,9.073248585106768,2.970526889308487,4.2624617300335075,5.029749745265674
2025-05-09 05:23:35,1171.27,1167.77,51.14,77.19,1169.52,2339.04,3.5,0.0029926807553588815,128.32999999999998,26.049999999999997,2.0599999999999454,8.240000000000009,5.150000000000091,6.180000000000064,1.1999997669903277,4.119999999999891,12.360000000000127,8.240000000000236,0.0,0.0,0.0,9.113379497285285,3.3728874870211487,3.2571459899734148,5.6271946829659525
2025-05-09 05:23:36,1160.96,1167.77,51.14,77.19,1164.365,2328.73,6.809999999999945,0.005848681465134441,128.32999999999998,26.049999999999997,-10.309999999999945,0.0,-5.154999999999973,10.309999999999945,1.9999996120272332,-12.36999999999989,-8.240000000000009,-10.305000000000064,0.0,0.0,0.0,9.07320962305611,2.3725418858478498,2.3052505286844216,5.336621590482165
2025-05-09 05:23:37,1167.14,1169.84,51.14,77.19,1168.49,2336.98,2.699999999999818,0.0023106744582231283,128.32999999999998,26.049999999999997,6.180000000000064,2.0699999999999363,4.125,4.110000000000127,0.996363394821026,16.49000000000001,2.0699999999999363,9.279999999999973,0.0,0.0,0.0,9.105353314849582,2.3725418858478498,2.9130602465448674,4.492247488729922
2025-05-09 05:23:38,1171.27,1167.77,51.09,77.19,1169.52,2339.04,3.5,0.0029926807553588815,128.28,26.099999999999994,4.129999999999882,-2.0699999999999363,1.0299999999999727,6.199999999999818,6.0194116316391755,-2.050000000000182,-4.139999999999873,-3.0950000000000273,-0.04999999999999716,0.0,0.04999999999999716,9.1169316408097,2.667441658237595,2.9447105120877404,4.468568842481932
2025-05-09 05:23:39,1171.27,1165.71,51.09,77.19,1168.49,2336.98,5.559999999999945,0.004758277773230123,128.28,26.099999999999994,0.0,-2.0599999999999454,-1.0299999999999727,2.0599999999999454,1.9999980582543124,-4.129999999999882,0.009999999999990905,-2.0599999999999454,0.0,0.0,0.0,9.108902329989848,2.1380236200984384,1.7075362368042906,4.148465680224438
2025-05-09 05:23:40,1171.27,1165.71,51.09,77.19,1168.49,2336.98,5.559999999999945,0.004758277773230123,128.28,26.099999999999994,0.0,0.0,0.0,0.0,0.0,0.0,2.0599999999999454,1.0299999999999727,0.0,0.0,0.0,9.108902329989848,2.010019900423734,1.6801726101802175,3.3726573350994054
2025-05-09 05:23:41,1171.27,1163.65,51.09,77.19,1167.46,2334.92,7.619999999999891,0.006526990212489421,128.28,26.099999999999994,0.0,-2.0599999999999454,-1.0299999999999727,2.0599999999999454,1.9999980582543124,0.0,-2.0599999999999454,-1.0299999999999727,0.0,0.0,0.0,9.100873019169995,0.7283199846893486,1.9384839437043946,2.1379031783501965
2025-05-09 05:23:42,1173.33,1163.65,51.09,77.19,1168.49,2336.98,9.679999999999836,0.008284195835407782,128.28,26.099999999999994,2.0599999999999454,0.0,1.0299999999999727,2.0599999999999454,1.9999980582543124,2.0599999999999454,2.0599999999999454,2.0599999999999454,0.0,0.0,0.0,9.108902329989848,0.7283199846893486,2.3487613757041057,1.029999999999933
2025-05-09 05:23:43,1169.21,1157.47,51.09,77.19,1163.3400000000001,2326.6800000000003,11.740000000000009,0.010091632704031817,128.28,26.099999999999994,-4.119999999999891,-6.180000000000064,-5.149999999999864,2.060000000000173,0.3999999223301563,-6.179999999999836,-6.180000000000064,-6.179999999999836,0.0,0.0,0.0,9.068755775890587,2.2329867890565946,2.6859113909434544,2.3487613757041426
2025-05-09 05:23:44,1160.96,1171.9,51.09,77.24,1166.43,2332.86,10.940000000000055,0.009379045455467545,128.32999999999998,26.14999999999999,-8.25,14.430000000000064,3.089999999999918,22.680000000000064,7.339803449902011,-4.130000000000109,20.610000000000127,8.239999999999782,0.0,0.04999999999999716,0.04999999999999716,9.089300949978176,2.1358534594167597,2.520579298494688,3.055473776683318
2025-05-09 05:23:45,1163.02,1165.71,51.09,77.24,1164.365,2328.73,2.6900000000000546,0.002310272120589147,128.32999999999998,26.14999999999999,2.0599999999999454,-6.190000000000055,-2.0650000000000546,8.25,3.9951554502878115,10.309999999999945,-20.62000000000012,-5.154999999999973,0.0,0.0,0.0,9.07320962305611,2.1368188973577653,3.6182979424032577,3.124639979261525
2025-05-09 05:23:46,1171.27,1169.84,51.09,77.24,1170.5549999999998,2341.1099999999997,1.4300000000000637,0.0012216427239885534,128.32999999999998,26.14999999999999,8.25,4.129999999999882,6.189999999999827,4.120000000000118,0.6655895532165881,6.190000000000055,10.319999999999936,8.254999999999882,0.0,0.0,0.0,9.121444641771646,2.95209120795797,4.8563494520060395,4.410102606515977
2025-05-09 05:23:47,1167.14,1163.65,51.09,77.24,1165.395,2330.79,3.490000000000009,0.0029946927839962553,128.32999999999998,26.14999999999999,-4.129999999999882,-6.189999999999827,-5.1599999999998545,2.0599999999999454,0.39922472883241755,-12.379999999999882,-10.319999999999709,-11.349999999999682,0.0,0.0,0.0,9.081235805491813,2.7859616831724114,4.885577754984525,5.083323715837756
2025-05-09 05:23:48,1160.96,1161.59,51.09,77.24,1161.275,2322.55,0.6299999999998818,0.000542507157613291,128.32999999999998,26.14999999999999,-6.180000000000064,-2.060000000000173,-4.119999999999891,4.119999999999891,0.9999997572816123,-2.050000000000182,4.129999999999654,1.0399999999999636,0.0,0.0,0.0,9.049131075749,3.373192849527923,4.122108683671497,4.870204821154722
2025-05-09 05:23:49,1171.27,1167.77,51.09,77.24,1169.52,2339.04,3.5,0.0029926807553588815,128.32999999999998,26.14999999999999,10.309999999999945,6.180000000000064,8.24499999999989,4.129999999999882,0.5009095814542578,16.49000000000001,8.240000000000236,12.364999999999782,0.0,0.0,0.0,9.113379497285285,3.816309735871008,1.2789136014601403,6.169496130155073
2025-05-09 05:23:50,1167.14,1169.84,51.09,77.24,1168.49,2336.98,2.699999999999818,0.0023106744582231283,128.32999999999998,26.14999999999999,-4.129999999999882,2.0699999999999363,-1.0299999999999727,6.199999999999818,6.0194116316391755,-14.439999999999827,-4.110000000000127,-9.274999999999864,0.0,0.0,0.0,9.105353314849582,3.7599577790316414,1.2795897780146985,6.073588313344783
2025-05-09 05:23:51,1165.08,1163.65,51.09,77.24,1164.365,2328.73,1.4299999999998363,0.0012281372239561468,128.32999999999998,26.14999999999999,-2.060000000000173,-6.189999999999827,-4.125,4.129999999999654,1.0012118784940063,2.069999999999709,-8.259999999999764,-3.0950000000000273,0.0,0.0,0.0,9.07320962305611,3.3080572093157747,1.2795897780147394,5.522529538173512
2025-05-09 05:23:52,1177.46,1161.59,51.03,77.24,1169.525,2339.05,15.870000000000118,0.013569611582848168,128.26999999999998,26.209999999999994,12.38000000000011,-2.060000000000173,5.160000000000082,14.440000000000282,2.79844907006802,14.440000000000282,4.129999999999654,9.285000000000082,-0.060000000000002274,0.0,0.060000000000002274,9.117681382102743,3.674195490185919,6.272705158063869,5.617943796443623
2025-05-09 05:23:53,1175.4,1165.71,51.03,77.24,1170.555,2341.11,9.690000000000055,0.008278124472341691,128.26999999999998,26.209999999999994,-2.0599999999999454,4.120000000000118,1.0299999999999727,6.180000000000064,5.999994174763159,-14.440000000000055,6.180000000000291,-4.130000000000109,0.0,0.0,0.0,9.125711318892094,2.419295868655723,6.062645462172528,4.912213604883208
2025-05-09 05:23:54,1171.27,1167.77,51.03,77.24,1169.52,2339.04,3.5,0.0029926807553588815,128.26999999999998,26.209999999999994,-4.130000000000109,2.0599999999999454,-1.0350000000000819,6.190000000000055,5.9806705500763435,-2.0700000000001637,-2.060000000000173,-2.0650000000000546,0.0,0.0,0.0,9.117642401827066,2.419295868655723,6.062645462172528,3.4217776812645413
2025-05-09 05:23:55,1171.27,1167.77,51.03,77.24,1169.52,2339.04,3.5,0.0029926807553588815,128.26999999999998,26.209999999999994,0.0,0.0,0.0,0.0,0.0,4.130000000000109,-2.0599999999999454,1.0350000000000819,0.0,0.0,0.0,9.117642401827066,2.4626525333659366,5.942093065578895,3.3749507403812813
2025-05-09 05:23:56,1171.27,1165.71,51.03,77.24,1168.49,2336.98,5.559999999999945,0.004758277773230123,128.26999999999998,26.209999999999994,0.0,-2.0599999999999454,-1.0299999999999727,2.0599999999999454,1.9999980582543124,0.0,-2.0599999999999454,-1.0299999999999727,0.0,0.0,0.0,9.109612465037715,0.73009074784554,5.2568935694001215,2.5698005759202687
2025-05-09 05:23:57,1171.27,1167.77,51.03,77.24,1169.52,2339.04,3.5,0.0029926807553588815,128.26999999999998,26.209999999999994,0.0,2.0599999999999454,1.0299999999999727,2.0599999999999454,1.9999980582543124,0.0,4.119999999999891,2.0599999999999454,0.0,0.0,0.0,9.117642401827066,0.7300890357276053,2.690130108377626,1.0312516666652782
2025-05-09 05:23:58,1167.14,1165.71,51.03,77.24,1166.4250000000002,2332.8500000000004,1.4300000000000637,0.0012259682352265212,128.26999999999998,26.209999999999994,-4.129999999999882,-2.0599999999999454,-3.0949999999998,2.0699999999999363,0.6688204624166745,-4.129999999999882,-4.119999999999891,-4.124999999999773,0.0,0.0,0.0,9.093513611183338,1.3450650542236062,1.4601780713322445,1.529760602185735
2025-05-09 05:23:59,1169.21,1171.9,51.03,77.3,1170.555,2341.11,2.6900000000000546,0.0022980551940763134,128.32999999999998,26.269999999999996,2.0699999999999363,6.190000000000055,4.129999999999882,4.120000000000118,0.9975784509495847,6.199999999999818,8.25,7.224999999999682,0.0,0.060000000000002274,0.060000000000002274,9.121444641771648,1.5653697646538782,1.5041708679533499,2.6713049245638962
2025-05-09 05:24:00,1160.96,1165.71,51.03,77.3,1163.335,2326.67,4.75,0.004083088702666825,128.32999999999998,26.269999999999996,-8.25,-6.190000000000055,-7.220000000000027,2.0599999999999454,0.2853185200389775,-10.319999999999936,-12.38000000000011,-11.349999999999909,0.0,0.0,0.0,9.065183440620407,2.861828523881051,1.636315984154506,4.278880694761126
2025-05-09 05:24:01,1165.08,1167.77,51.03,77.3,1166.425,2332.85,2.6900000000000546,0.0023061919949365476,128.32999999999998,26.269999999999996,4.119999999999891,2.0599999999999454,3.089999999999918,2.0599999999999454,0.6666664509170062,12.36999999999989,8.25,10.309999999999945,0.0,0.0,0.0,9.089261987927516,2.862008909857112,1.2215645705404192,4.704266148933254
2025-05-09 05:24:02,1171.27,1163.65,51.03,77.3,1167.46,2334.92,7.619999999999891,0.006526990212489421,128.32999999999998,26.269999999999996,6.190000000000055,-4.119999999999891,1.0350000000000819,10.309999999999945,9.96134303251797,2.0700000000001637,-6.179999999999836,-2.0549999999998363,0.0,0.0,0.0,9.097327132413879,2.5891649233109475,2.4274225013374444,4.704650093258731
2025-05-09 05:24:03,1171.27,1165.71,51.03,77.3,1168.49,2336.98,5.559999999999945,0.004758277773230123,128.32999999999998,26.269999999999996,0.0,2.0599999999999454,1.0299999999999727,2.0599999999999454,1.9999980582543124,-6.190000000000055,6.179999999999836,-0.005000000000109139,0.0,0.0,0.0,9.105353314849582,2.669856269558646,2.082155133509365,4.472490357731329
2025-05-09 05:24:04,1171.27,1169.84,51.03,77.3,1170.5549999999998,2341.1099999999997,1.4300000000000637,0.0012216427239885534,128.32999999999998,26.269999999999996,0.0,4.129999999999882,2.064999999999827,4.129999999999882,1.9999990314775766,0.0,2.0699999999999363,1.0349999999998545,0.0,0.0,0.0,9.121444641771646,2.6698562695585673,2.4280135913951026,4.125313624441145
2025-05-09 05:24:05,1169.21,1163.65,51.03,77.3,1166.43,2332.86,5.559999999999945,0.004766681236965153,128.32999999999998,26.269999999999996,-2.0599999999999454,-6.189999999999827,-4.124999999999773,4.129999999999882,1.0012118784941166,-2.0599999999999454,-10.319999999999709,-6.1899999999996,0.0,0.0,0.0,9.089300949978176,1.7265087605042269,2.48277465751512,2.7858692539311973
2025-05-09 05:24:06,1163.02,1165.71,51.03,77.3,1164.365,2328.73,2.6900000000000546,0.002310272120589147,128.32999999999998,26.269999999999996,-6.190000000000055,2.0599999999999454,-2.0650000000000546,8.25,3.9951554502878115,-4.130000000000109,8.249999999999773,2.059999999999718,0.0,0.0,0.0,9.07320962305611,2.306504389785643,2.4827746575151206,2.5897625373766147
2025-05-09 05:24:07,1163.02,1167.77,51.03,77.3,1165.395,2330.79,4.75,0.004075871267616669,128.32999999999998,26.269999999999996,0.0,2.0599999999999454,1.0299999999999727,2.0599999999999454,1.9999980582543124,6.190000000000055,0.0,3.0950000000000273,0.0,0.0,0.0,9.081235805491813,2.4845135338941287,1.8540954667976193,2.589064985665536
2025-05-09 05:24:08,1167.14,1167.77,51.03,77.3,1167.455,2334.91,0.6299999999998818,0.00053963536021538,128.32999999999998,26.269999999999996,4.120000000000118,0.0,2.0599999999999454,4.120000000000118,1.999999029126795,4.120000000000118,-2.0599999999999454,1.0299999999999727,0.0,0.0,0.0,9.09728817036322,2.3749315779837508,2.1091040751939385,2.7674144069870064
2025-05-09 05:24:09,1179.52,1167.77,50.96,77.3,1173.645,2347.29,11.75,0.010011545220222856,128.26,26.339999999999996,12.379999999999882,0.0,6.190000000000055,12.379999999999882,1.9999996768982384,8.259999999999764,0.0,4.130000000000109,-0.07000000000000028,0.0,0.07000000000000028,9.150514508416386,3.6454896790556166,4.193528347346645,3.968338128234483
2025-05-09 05:24:10,1163.02,1169.84,50.96,77.3,1166.4299999999998,2332.8599999999997,6.819999999999936,0.005846900366205461,128.26,26.339999999999996,-16.5,2.0699999999999363,-7.2150000000001455,18.569999999999936,2.573804217074892,-28.87999999999988,2.0699999999999363,-13.4050000000002,0.0,0.0,0.0,9.094261585106334,3.645489679055635,4.267097374093995,4.998526032742111
2025-05-09 05:24:11,1171.27,1165.71,50.96,77.3,1168.49,2336.98,5.559999999999945,0.004758277773230123,128.26,26.339999999999996,8.25,-4.129999999999882,2.060000000000173,12.379999999999882,6.009705820530593,24.75,-6.199999999999818,9.275000000000318,0.0,0.0,0.0,9.110322710819252,3.211449439131225,4.00873670874005,4.912160929774259
2025-05-09 05:24:12,1169.21,1169.84,50.96,77.3,1169.525,2339.05,0.6299999999998818,0.0005386802329674025,128.26,26.339999999999996,-2.0599999999999454,4.129999999999882,1.0350000000000819,6.189999999999827,5.980670550076124,-10.309999999999945,8.259999999999764,-1.025000000000091,0.0,0.0,0.0,9.11839225699055,2.785869253947722,4.67311138322212,4.9122136048833145
2025-05-09 05:24:13,1165.08,1163.65,50.96,77.3,1164.365,2328.73,1.4299999999998363,0.0012281372239561468,128.26,26.339999999999996,-4.130000000000109,-6.189999999999827,-5.160000000000082,2.059999999999718,0.39922472883235594,-2.0700000000001637,-10.319999999999709,-6.195000000000164,0.0,0.0,0.0,9.078161476078579,3.496586549778934,4.492968951595395,5.486418002668139
2025-05-09 05:24:14,1171.27,1169.84,50.96,77.3,1170.5549999999998,2341.1099999999997,1.4300000000000637,0.0012216427239885534,128.26,26.339999999999996,6.190000000000055,6.189999999999827,6.189999999999827,2.2737367544323206e-13,3.673241336200728e-14,10.320000000000164,12.379999999999654,11.349999999999909,0.0,0.0,0.0,9.126422819847008,2.484513533893246,2.8080829759819625,5.486418002668069
2025-05-09 05:24:15,1171.27,1171.9,50.96,77.33,1171.585,2343.17,0.6300000000001091,0.0005377330705517533,128.29,26.369999999999997,0.0,2.060000000000173,1.0300000000002,2.060000000000173,1.9999980582540917,-6.190000000000055,-4.129999999999654,-5.159999999999627,0.0,0.030000000000001137,0.030000000000001137,9.13231733469236,2.7871634326125077,2.0649891040873727,4.062099826444423
2025-05-09 05:24:16,1171.27,1171.9,50.96,77.33,1171.585,2343.17,0.6300000000001091,0.0005377330705517533,128.29,26.369999999999997,0.0,0.0,0.0,0.0,0.0,0.0,-2.060000000000173,-1.0300000000002,0.0,0.0,0.0,9.13231733469236,3.007227959448464,0.4381780460036534,4.036025891889165
2025-05-09 05:24:17,1169.21,1165.71,50.96,77.33,1167.46,2334.92,3.5,0.0029979613836894096,128.29,26.369999999999997,-2.0599999999999454,-6.190000000000055,-4.125,4.130000000000109,1.0012118784941164,-2.0599999999999454,-6.190000000000055,-4.125,0.0,0.0,0.0,9.10016362070182,3.145504728988817,1.1748106230365547,4.532256060727336
2025-05-09 05:24:18,1171.27,1167.77,50.96,77.33,1169.52,2339.04,3.5,0.0029926807553588815,128.29,26.369999999999997,2.0599999999999454,2.0599999999999454,2.0599999999999454,0.0,0.0,4.119999999999891,8.25,6.184999999999945,0.0,0.0,0.0,9.116220990597702,1.7259106292287525,1.4628294500725227,3.718918525593084
2025-05-09 05:24:19,1169.21,1163.65,50.96,77.33,1166.43,2332.86,5.559999999999945,0.004766681236965153,128.29,26.369999999999997,-2.0599999999999454,-4.119999999999891,-3.089999999999918,2.0599999999999454,0.6666664509170062,-4.119999999999891,-6.179999999999836,-5.149999999999864,0.0,0.0,0.0,9.09213493575388,2.3511736431173818,2.1218458944983127,2.6676347201219124
2025-05-09 05:24:20,1167.14,1171.9,50.96,77.33,1169.52,2339.04,4.759999999999991,0.004070045827288071,128.29,26.369999999999997,-2.0699999999999363,8.25,3.089999999999918,10.319999999999936,3.3398047443998267,-0.009999999999990905,12.36999999999989,6.179999999999836,0.0,0.0,0.0,9.116220990597702,2.0095074023482526,1.8726718879716888,3.1425538977079746
2025-05-09 05:24:21,1171.27,1167.77,50.96,77.33,1169.52,2339.04,3.5,0.0029926807553588815,128.29,26.369999999999997,4.129999999999882,-4.130000000000109,0.0,8.259999999999991,8259999.999999992,6.199999999999818,-12.38000000000011,-3.089999999999918,0.0,0.0,0.0,9.116220990597702,1.4566399692768994,0.9521974585135375,3.1425538977079746
2025-05-09 05:24:22,1169.21,1171.9,50.96,77.33,1170.555,2341.11,2.6900000000000546,0.0022980551940763134,128.29,26.369999999999997,-2.0599999999999454,4.130000000000109,1.0350000000000819,6.190000000000055,5.9806705500763435,-6.189999999999827,8.260000000000218,1.0350000000000819,0.0,0.0,0.0,9.124288649744418,1.5632274306994614,1.1431622806931638,2.3714563036243437
2025-05-09 05:24:23,1167.14,1171.9,50.96,77.33,1169.52,2339.04,4.759999999999991,0.004070045827288071,128.29,26.369999999999997,-2.0699999999999363,0.0,-1.0350000000000819,2.0699999999999363,1.9999980676344977,-0.009999999999990905,-4.130000000000109,-2.0700000000001637,0.0,0.0,0.0,9.116220990597702,1.5632274306994614,1.1437132507755605,2.3042704919344295
2025-05-09 05:24:24,1156.83,1173.96,50.96,77.33,1165.395,2330.79,17.13000000000011,0.01469887890826821,128.29,26.369999999999997,-10.310000000000173,2.0599999999999454,-4.125,12.370000000000118,2.998787151809204,-8.240000000000236,2.0599999999999454,-3.089999999999918,0.0,0.0,0.0,9.084067276607161,2.0110463694536675,5.969612215211321,2.668891623876821
2025-05-09 05:24:25,1177.46,1171.9,50.91,77.33,1174.68,2349.36,5.559999999999945,0.004733203932361784,128.24,26.42,20.63000000000011,-2.0599999999999454,9.285000000000082,22.690000000000055,2.4437261773046504,30.940000000000282,-4.119999999999891,13.410000000000082,-0.05000000000000426,0.0,0.05000000000000426,9.160012405177694,3.3111731304911487,5.919549813963916,5.001104378034949
2025-05-09 05:24:26,1165.08,1169.84,50.91,77.33,1167.46,2334.92,4.759999999999991,0.004077227481817589,128.24,26.42,-12.38000000000011,-2.060000000000173,-7.220000000000027,10.319999999999936,1.4293626829137416,-33.01000000000022,-2.2737367544323206e-13,-16.50500000000011,0.0,0.0,0.0,9.103711719403371,3.498429290422922,5.772776628278652,6.257974512571978
2025-05-09 05:24:27,1171.27,1178.08,50.91,77.33,1174.675,2349.35,6.809999999999945,0.005797348197759037,128.24,26.42,6.190000000000055,8.240000000000009,7.214999999999918,2.0499999999999545,0.28413024474978976,18.570000000000164,10.300000000000182,14.434999999999945,0.0,0.0,0.0,9.159973415783114,4.214483064396366,5.280381614997195,7.16044377116392
2025-05-09 05:24:28,1171.27,1171.9,50.91,77.33,1171.585,2343.17,0.6300000000001091,0.0005377330705517533,128.24,26.42,0.0,-6.179999999999836,-3.089999999999918,6.179999999999836,1.9999993527510185,-6.190000000000055,-14.419999999999845,-10.304999999999836,0.0,0.0,0.0,9.13587796993233,4.214483064396057,6.130225933846158,7.350284518302673
2025-05-09 05:24:29,1173.33,1180.14,50.91,77.33,1176.7350000000001,2353.4700000000003,6.810000000000173,0.005787199322033399,128.24,26.42,2.0599999999999454,8.240000000000009,5.150000000000091,6.180000000000064,1.1999997669903277,2.0599999999999454,14.419999999999845,8.240000000000009,0.0,0.0,0.0,9.176037046350304,3.614845432389497,2.548691821307464,7.084266546368795
2025-05-09 05:24:30,1171.27,1180.14,50.91,77.33,1175.705,2351.41,8.870000000000118,0.007544409518081244,128.24,26.42,-2.0599999999999454,0.0,-1.0300000000002,2.0599999999999454,1.999998058253871,-4.119999999999891,-8.240000000000009,-6.180000000000291,0.0,0.0,0.0,9.168005231066708,3.7582436057373667,3.123488434427077,5.939402326833899
2025-05-09 05:24:31,1169.21,1176.02,50.91,77.33,1172.615,2345.23,6.809999999999945,0.005807532731708542,128.24,26.42,-2.0599999999999454,-4.120000000000118,-3.089999999999918,2.060000000000173,0.6666664509170798,0.0,-4.120000000000118,-2.059999999999718,0.0,0.0,0.0,9.143909785215925,2.1358534594066763,3.124144682949179,4.832727490765408
2025-05-09 05:24:32,1171.27,1178.08,50.91,77.33,1174.675,2349.35,6.809999999999945,0.005797348197759037,128.24,26.42,2.0599999999999454,2.0599999999999454,2.0599999999999454,0.0,0.0,4.119999999999891,6.180000000000064,5.149999999999864,0.0,0.0,0.0,9.159973415783114,2.1358534594066763,3.124144682949179,3.5680246635918778
2025-05-09 05:24:33,1169.21,1171.9,50.91,77.33,1170.555,2341.11,2.6900000000000546,0.0022980551940763134,128.24,26.42,-2.0599999999999454,-6.179999999999836,-4.119999999999891,4.119999999999891,0.9999997572816123,-4.119999999999891,-8.239999999999782,-6.179999999999836,0.0,0.0,0.0,9.127846154648736,2.48056848324346,2.2566169369212377,3.8123916378042586
2025-05-09 05:24:34,1171.27,1188.39,50.91,77.39,1179.83,2359.66,17.12000000000012,0.014510565069111272,128.3,26.480000000000004,2.0599999999999454,16.49000000000001,9.274999999999864,14.430000000000064,1.5557949805073097,4.119999999999891,22.669999999999845,13.394999999999754,0.0,0.060000000000002274,0.060000000000002274,9.195868985223155,3.494743195151353,5.336234627525315,5.38369807845862
2025-05-09 05:24:35,1163.02,1188.39,50.91,77.39,1175.705,2351.41,25.37000000000012,0.021578542218006706,128.3,26.480000000000004,-8.25,0.0,-4.125,8.25,1.9999995151516325,-10.309999999999945,-16.49000000000001,-13.399999999999864,0.0,0.0,0.0,9.163717777367747,3.494743195151353,9.290204518739133,5.7837563486024255
2025-05-09 05:24:36,1169.21,1182.21,50.91,77.39,1175.71,2351.42,13.0,0.011057148437065985,128.3,26.480000000000004,6.190000000000055,-6.180000000000064,0.005000000000109139,12.370000000000118,2473.505298886255,14.440000000000055,-6.180000000000064,4.130000000000109,0.0,0.0,0.0,9.163756748528785,3.3075122826760532,8.86853257309239,5.530449122810822
2025-05-09 05:24:37,1165.08,1188.39,50.91,77.39,1176.7350000000001,2353.4700000000003,23.310000000000173,0.019809047899647006,128.3,26.480000000000004,-4.130000000000109,6.180000000000064,1.025000000000091,10.310000000000173,10.05852677216828,-10.320000000000164,12.360000000000127,1.0199999999999818,0.0,0.0,0.0,9.171745836541342,3.339125259712573,9.058138329701128,5.482188887661485
2025-05-09 05:24:38,1169.21,1190.45,50.91,77.39,1179.83,2359.66,21.24000000000001,0.01800259357873373,128.3,26.480000000000004,4.130000000000109,2.0599999999999454,3.0949999999998,2.0700000000001637,0.668820462416748,8.260000000000218,-4.120000000000118,2.069999999999709,0.0,0.0,0.0,9.195868985223155,2.1124588753486804,4.965497960930047,4.9108502318844085
2025-05-09 05:24:39,1169.21,1188.39,50.91,77.39,1178.8000000000002,2357.6000000000004,19.180000000000064,0.01627078383417821,128.3,26.480000000000004,0.0,-2.0599999999999454,-1.0299999999997453,2.0599999999999454,1.999998058254754,-4.130000000000109,-4.119999999999891,-4.124999999999545,0.0,0.0,0.0,9.187840926049565,1.8726031346873422,4.746604049212503,2.668989509158764
2025-05-09 05:24:40,1167.14,1182.21,50.91,77.39,1174.6750000000002,2349.3500000000004,15.069999999999936,0.012829080373014537,128.3,26.480000000000004,-2.0699999999999363,-6.180000000000064,-4.125,4.110000000000127,0.996363394821026,-2.0699999999999363,-4.120000000000118,-3.0950000000002547,0.0,0.0,0.0,9.155689718194157,2.1375423972501464,4.272674806254337,2.668989509158764
2025-05-09 05:24:41,1163.02,1190.45,50.91,77.39,1176.7350000000001,2353.4700000000003,27.430000000000064,0.023310260999026795,128.3,26.480000000000004,-4.120000000000118,8.240000000000009,2.0599999999999454,12.360000000000127,5.999997087380275,-2.050000000000182,14.420000000000073,6.184999999999945,0.0,0.0,0.0,9.171745836541342,2.010276722255063,4.607421187605986,2.860928607987178
2025-05-09 05:24:42,1171.27,1190.45,50.86,77.39,1180.8600000000001,2361.7200000000003,19.180000000000064,0.016242399593311366,128.25,26.53,8.25,0.0,4.125,8.25,1.9999995151516325,12.370000000000118,-8.240000000000009,2.0650000000000546,-0.04999999999999716,0.0,0.04999999999999716,9.207485308323703,2.483060108019043,4.51414997535531,3.3731161408998975
2025-05-09 05:24:43,1167.14,1188.39,50.86,77.39,1177.765,2355.53,21.25,0.018042648560584962,128.25,26.53,-4.129999999999882,-2.0599999999999454,-3.0950000000000273,2.0699999999999363,0.6688204624166254,-12.379999999999882,-2.0599999999999454,-7.220000000000027,0.0,0.0,0.0,9.183352754905632,2.3053866270190384,4.514606295127,3.4663356011788298
2025-05-09 05:24:44,1167.14,1186.33,50.86,77.39,1176.7350000000001,2353.4700000000003,19.189999999999827,0.01630783480026683,128.25,26.53,0.0,-2.060000000000173,-1.0299999999999727,2.060000000000173,1.9999980582545334,4.129999999999882,-2.2737367544323206e-13,2.0650000000000546,0.0,0.0,0.0,9.175321565884433,2.2585570614976023,4.5139206904863185,3.46633560117884
2025-05-09 05:24:45,1171.27,1190.45,50.86,77.39,1180.8600000000001,2361.7200000000003,19.180000000000064,0.016242399593311366,128.25,26.53,4.129999999999882,4.120000000000118,4.125,0.009999999999763531,0.002424241836490108,4.129999999999882,6.180000000000291,5.154999999999973,0.0,0.0,0.0,9.207485308323703,2.11355565340342,3.570914448709222,3.211850323411713
2025-05-09 05:24:46,1171.27,1204.89,50.86,77.39,1188.08,2376.16,33.62000000000012,0.02829775770293445,128.25,26.53,0.0,14.440000000000055,7.2199999999998,14.440000000000055,1.999999722991791,-4.129999999999882,10.319999999999936,3.0949999999998,0.0,0.0,0.0,9.26378160418104,4.436300542120623,6.289207422243348,4.214788547483665
2025-05-09 05:24:47,1171.27,1382.34,50.86,77.39,1276.8049999999998,2553.6099999999997,211.06999999999994,0.16531106929773057,128.25,26.53,0.0,177.44999999999982,88.72499999999991,177.44999999999982,1.9999999774584394,0.0,163.00999999999976,81.50500000000011,0.0,0.0,0.0,9.955594464283863,43.136636024380756,84.18376488373514,39.085870113123974
2025-05-09 05:24:48,1171.27,1198.7,50.86,77.39,1184.9850000000001,2369.9700000000003,27.430000000000064,0.023147972317668228,128.25,26.53,0.0,-183.63999999999987,-91.81999999999971,183.63999999999987,1.9999999782182583,0.0,-361.0899999999997,-180.54499999999962,0.0,0.0,0.0,9.23964905076297,42.317251889742266,83.49936329098561,63.958614099275025
2025-05-09 05:24:49,1171.27,1200.76,50.86,77.39,1186.0149999999999,2372.0299999999997,29.49000000000001,0.024864778249124364,128.25,26.53,0.0,2.0599999999999454,1.0299999999997453,2.0599999999999454,1.999998058254754,0.0,185.69999999999982,92.84999999999945,0.0,0.0,0.0,9.247680239784168,41.14725224726297,82.29450449452862,63.94532678390175
2025-05-09 05:24:50,1171.27,1194.58,50.86,77.39,1182.925,2365.85,23.309999999999945,0.019705391280338613,128.25,26.53,0.0,-6.180000000000064,-3.089999999999918,6.180000000000064,1.999999352751092,0.0,-8.240000000000009,-4.1199999999996635,0.0,0.0,0.0,9.223586672720572,40.87455589972674,81.74911179945624,63.96272856124872
2025-05-09 05:24:51,1169.21,1198.7,50.86,77.39,1183.955,2367.91,29.49000000000001,0.024908041247422383,128.25,26.53,-2.0599999999999454,4.120000000000118,1.0299999999999727,6.180000000000064,5.999994174763159,-2.0599999999999454,10.300000000000182,4.119999999999891,0.0,0.0,0.0,9.231617861741771,41.30952154164812,82.1650492606193,63.85785934401484
2025-05-09 05:24:52,1171.27,1196.64,50.86,77.39,1183.955,2367.91,25.37000000000012,0.021428179262363803,128.25,26.53,2.0599999999999454,-2.0599999999999454,0.0,4.119999999999891,4119999.999999891,4.119999999999891,-6.180000000000064,-1.0299999999999727,0.0,0.0,0.0,9.231617861741771,1.1743806878413765,2.6859113909437524,40.98279456064445
2025-05-09 05:24:53,1171.27,1196.64,50.86,77.39,1183.955,2367.91,25.37000000000012,0.021428179262363803,128.25,26.53,0.0,0.0,0.0,0.0,0.0,-2.0599999999999454,2.0599999999999454,0.0,0.0,0.0,0.0,9.231617861741771,1.1283084684498002,2.76378002018998,1.6924627026912167
2025-05-09 05:24:54,1169.21,1209.01,50.86,77.39,1189.1100000000001,2378.2200000000003,39.799999999999955,0.03347041061510671,128.25,26.53,-2.0599999999999454,12.36999999999989,5.1550000000002,14.429999999999836,2.799223511304707,-2.0599999999999454,12.36999999999989,5.1550000000002,0.0,0.0,0.0,9.27181279320224,2.461290312005791,6.615490911489554,2.9693105260314994
2025-05-09 05:24:55,1171.27,1213.14,50.86,77.44,1192.205,2384.41,41.87000000000012,0.035119798998394,128.3,26.58,2.0599999999999454,4.130000000000109,3.0949999999998,2.0700000000001637,0.668820462416748,4.119999999999891,-8.239999999999782,-2.0600000000004,0.0,0.04999999999999716,0.04999999999999716,9.292322608789378,3.8307218640833383,7.933296918683996,2.2355239877937785
2025-05-09 05:24:56,1171.27,1200.76,50.86,77.44,1186.0149999999999,2372.0299999999997,29.49000000000001,0.024864778249124364,128.3,26.58,0.0,-12.38000000000011,-6.190000000000055,12.38000000000011,1.999999676898275,-2.0599999999999454,-16.51000000000022,-9.284999999999854,0.0,0.0,0.0,9.244076311425749,3.5723549655604647,7.933296918683996,4.2901174226356025
2025-05-09 05:24:57,1171.27,1202.83,50.86,77.44,1187.05,2374.1,31.559999999999945,0.026586917125153132,128.3,26.58,0.0,2.0699999999999363,1.0350000000000819,2.0699999999999363,1.9999980676344977,0.0,14.450000000000045,7.225000000000136,0.0,0.0,0.0,9.252143341760378,3.145013116023828,6.993173099530809,4.2902380470087635
2025-05-09 05:24:58,1167.14,1359.63,50.86,77.44,1263.3850000000002,2526.7700000000004,192.49,0.15236052339361275,128.3,26.58,-4.129999999999882,156.80000000000018,76.33500000000026,160.93000000000006,2.108207216765472,-4.129999999999882,154.73000000000025,75.30000000000018,0.0,0.0,0.0,9.847116057310087,33.530493696036004,70.32439455836077,34.06151648121395
2025-05-09 05:24:59,1171.27,1171.9,50.86,77.44,1171.585,2343.17,0.6300000000001091,0.0005377330705517533,128.3,26.58,4.129999999999882,-187.73000000000002,-91.80000000000018,191.8599999999999,2.089978190740973,8.259999999999764,-344.5300000000002,-168.13500000000045,0.0,0.0,0.0,9.131605540673378,36.22534913565254,76.06518796400886,59.66953462613915
2025-05-09 05:25:00,1163.02,1163.65,50.86,77.44,1163.335,2326.67,0.6300000000001091,0.0005415465016169569,128.3,26.58,-8.25,-8.25,-8.25,0.0,0.0,-12.379999999999882,179.48000000000002,83.55000000000018,0.0,0.0,0.0,9.067303124962564,39.902192984846614,80.52061785654651,59.57144171077295
2025-05-09 05:25:01,1171.27,1171.9,50.86,77.44,1171.585,2343.17,0.6300000000001091,0.0005377330705517533,128.3,26.58,8.25,8.25,8.25,0.0,0.0,16.5,16.5,16.5,0.0,0.0,0.0,9.131605540673378,41.15116851317776,83.42638623361313,59.89537434142991
2025-05-09 05:25:02,1206.35,1171.9,50.86,77.44,1189.125,2378.25,34.44999999999982,0.02897088192665105,128.3,26.58,35.07999999999993,0.0,17.539999999999964,35.07999999999993,1.9999998859749208,26.829999999999927,-8.25,9.289999999999964,0.0,0.0,0.0,9.268316373590675,41.1069230179048,83.31830459148816,60.615979122670446
2025-05-09 05:25:03,1173.33,1163.65,50.8,77.44,1168.49,2336.98,9.679999999999836,0.008284195835407782,128.24,26.64,-33.01999999999998,-8.25,-20.63499999999999,24.769999999999982,1.2003876326441656,-68.09999999999991,-8.25,-38.174999999999955,-0.060000000000002274,0.0,0.060000000000002274,9.111743534686966,9.716191640761945,14.64690684069498,43.28916613888522
2025-05-09 05:25:04,1171.27,1171.9,50.8,77.44,1171.585,2343.17,0.6300000000001091,0.0005377330705517533,128.24,26.64,-2.0599999999999454,8.25,3.0950000000000273,10.309999999999945,3.33117824517661,30.960000000000036,16.5,23.730000000000018,0.0,0.0,0.0,9.13587796993233,9.716191640761945,14.64690684069498,14.825306489243326
2025-05-09 05:25:05,1167.14,1161.59,50.8,77.44,1164.365,2328.73,5.550000000000182,0.0047665465685018315,128.24,26.64,-4.129999999999882,-10.310000000000173,-7.220000000000027,6.180000000000291,0.8559555601169955,-2.0699999999999363,-18.560000000000173,-10.315000000000055,0.0,0.0,0.0,9.079577284158006,9.472577526735341,14.081232900566537,14.688537793122922
2025-05-09 05:25:06,1173.33,1167.77,50.8,77.44,1170.55,2341.1,5.559999999999945,0.004749903887275248,128.24,26.64,6.189999999999827,6.180000000000064,6.184999999999945,0.009999999999763531,0.001616814613249637,10.319999999999709,16.490000000000236,13.404999999999973,0.0,0.0,0.0,9.127807165254154,9.52322201253401,13.400807065247907,14.43262129690931
2025-05-09 05:25:07,1173.33,1165.71,50.8,77.44,1169.52,2339.04,7.619999999999891,0.006515493530238386,128.24,26.64,0.0,-2.0599999999999454,-1.0299999999999727,2.0599999999999454,1.9999980582543124,-6.189999999999827,-8.240000000000009,-7.214999999999918,0.0,0.0,0.0,9.11977534997056,2.786145635107105,3.362122841301371,10.60606630660022
2025-05-09 05:25:08,1171.27,1163.65,50.8,77.44,1167.46,2334.92,7.619999999999891,0.006526990212489421,128.24,26.64,-2.0599999999999454,-2.0599999999999454,-2.0599999999999454,0.0,0.0,-2.0599999999999454,0.0,-1.0299999999999727,0.0,0.0,0.0,9.103711719403371,2.861287734574594,2.857346671302001,5.124791946996537
2025-05-09 05:25:09,1171.27,1169.84,50.8,77.44,1170.5549999999998,2341.1099999999997,1.4300000000000637,0.0012216427239885534,128.24,26.64,0.0,6.189999999999827,3.0949999999998,6.189999999999827,1.999999353796728,2.0599999999999454,8.249999999999773,5.154999999999745,0.0,0.0,0.0,9.127846154648735,2.628937523036156,2.527059556085048,5.124791946996501
2025-05-09 05:25:10,1160.96,1163.65,50.8,77.44,1162.305,2324.61,2.6900000000000546,0.002314366708984034,128.24,26.64,-10.309999999999945,-6.189999999999827,-8.249999999999773,4.120000000000118,0.49939387886137615,-10.309999999999945,-12.379999999999654,-11.344999999999573,0.0,0.0,0.0,9.063513653590817,3.4653690279721125,2.8338189779872387,5.485242246245755
2025-05-09 05:25:11,1169.21,1163.65,50.8,77.44,1166.43,2332.86,5.559999999999945,0.004766681236965153,128.24,26.64,8.25,0.0,4.125,8.25,1.9999995151516325,18.559999999999945,6.189999999999827,12.374999999999773,0.0,0.0,0.0,9.095679904119777,3.2111279171080525,2.8338189779872387,4.91341963402266
2025-05-09 05:25:12,1167.14,1169.84,50.8,77.44,1168.49,2336.98,2.699999999999818,0.0023106744582231283,128.24,26.64,-2.0699999999999363,6.189999999999827,2.0599999999999454,8.259999999999764,4.0097067914044615,-10.319999999999936,6.189999999999827,-2.0650000000000546,0.0,0.0,0.0,9.111743534686966,3.0588449617512876,2.527300931824479,5.072774635246405
2025-05-09 05:25:13,1163.02,1167.77,50.8,77.44,1165.395,2330.79,4.75,0.004075871267616669,128.24,26.64,-4.120000000000118,-2.0699999999999363,-3.0950000000000273,2.050000000000182,0.6623584289634038,-2.050000000000182,-8.259999999999764,-5.154999999999973,0.0,0.0,0.0,9.0876090994416,3.127936620207074,1.6852091858285851,5.187169989502887
2025-05-09 05:25:14,1171.27,1163.65,50.8,77.44,1167.46,2334.92,7.619999999999891,0.006526990212489421,128.24,26.64,8.25,-4.119999999999891,2.0650000000000546,12.36999999999989,5.990311869098157,12.370000000000118,-2.0499999999999545,5.160000000000082,0.0,0.0,0.0,9.103711719403371,2.373519011938739,2.0797908548700414,5.031132327816454
2025-05-09 05:25:15,1171.27,1165.71,50.8,77.44,1168.49,2336.98,5.559999999999945,0.004758277773230123,128.24,26.64,0.0,2.0599999999999454,1.0299999999999727,2.0599999999999454,1.9999980582543124,-8.25,6.179999999999836,-1.0350000000000819,0.0,0.0,0.0,9.111743534686966,1.3446821185808273,1.7720665901712616,2.6698562695397547
2025-05-09 05:25:16,1167.14,1169.84,50.8,77.44,1168.49,2336.98,2.699999999999818,0.0023106744582231283,128.24,26.64,-4.129999999999882,4.129999999999882,0.0,8.259999999999764,8259999.999999763,-4.129999999999882,2.0699999999999363,-1.0299999999999727,0.0,0.0,0.0,9.111743534686966,1.3450650541998783,2.0774214786608156,2.1388682755141097
2025-05-09 05:25:17,1167.14,1167.77,50.8,77.44,1167.455,2334.91,0.6299999999998818,0.00053963536021538,128.24,26.64,0.0,-2.0699999999999363,-1.0350000000000819,2.0699999999999363,1.9999980676344977,4.129999999999882,-6.199999999999818,-1.0350000000000819,0.0,0.0,0.0,9.103672730008789,1.2635297780544756,2.6846731644655097,1.9850144835745585
2025-05-09 05:25:18,1171.27,1169.84,50.8,77.44,1170.5549999999998,2341.1099999999997,1.4300000000000637,0.0012216427239885534,128.24,26.64,4.129999999999882,2.0699999999999363,3.099999999999909,2.0599999999999454,0.6645159146722874,4.129999999999882,4.139999999999873,4.134999999999991,0.0,0.0,0.0,9.127846154648735,1.2645503153402533,2.9300631392516157,1.6341075545999686
2025-05-09 05:25:19,1169.21,1173.96,50.8,77.49,1171.585,2343.17,4.75,0.004054336643048232,128.29,26.689999999999998,-2.0599999999999454,4.120000000000118,1.0300000000002,6.180000000000064,5.9999941747618335,-6.189999999999827,2.050000000000182,-2.069999999999709,0.0,0.04999999999999716,0.04999999999999716,9.13231733469236,1.6964190225369051,2.108727104203189,1.532962817553204
2025-05-09 05:25:20,1171.27,1171.9,50.8,77.49,1171.585,2343.17,0.6300000000001091,0.0005377330705517533,128.29,26.689999999999998,2.0599999999999454,-2.0599999999999454,0.0,4.119999999999891,4119999.999999891,4.119999999999891,-6.180000000000064,-1.0300000000002,0.0,0.0,0.0,9.13231733469236,1.8753546331357425,1.741212221413876,1.5673480787625513
2025-05-09 05:25:21,1167.14,1171.9,50.8,77.49,1169.52,2339.04,4.759999999999991,0.004070045827288071,128.29,26.689999999999998,-4.129999999999882,0.0,-2.0650000000000546,4.129999999999882,1.9999990314773564,-6.189999999999827,2.0599999999999454,-2.0650000000000546,0.0,0.0,0.0,9.116220990597702,1.7278527136371498,2.138387242760554,1.9870939836859056
2025-05-09 05:25:22,1171.27,1167.77,50.8,77.49,1169.52,2339.04,3.5,0.0029926807553588815,128.29,26.689999999999998,4.129999999999882,-4.130000000000109,0.0,8.259999999999991,8259999.999999992,8.259999999999764,-4.130000000000109,2.0650000000000546,0.0,0.0,0.0,9.116220990597702,1.0325006053375,1.9033470519064384,1.8763182032908674
2025-05-09 05:25:23,1156.83,1163.65,50.8,77.49,1160.24,2320.48,6.820000000000164,0.005878094182343367,128.29,26.689999999999998,-14.440000000000055,-4.119999999999891,-9.279999999999973,10.320000000000164,1.1120688456822574,-18.569999999999936,0.010000000000218279,-9.279999999999973,0.0,0.0,0.0,9.043884877668683,4.726054115224136,2.2725030253007694,4.188188152411593
2025-05-09 05:25:24,1163.02,1171.9,50.8,77.49,1167.46,2334.92,8.88000000000011,0.007606256310617796,128.29,26.689999999999998,6.190000000000055,8.25,7.220000000000027,2.0599999999999454,0.2853185200389775,20.63000000000011,12.36999999999989,16.5,0.0,0.0,0.0,9.10016362070182,4.399463035420205,3.151891495594551,5.897200607067786
2025-05-09 05:25:25,1169.21,1163.65,50.8,77.49,1166.43,2332.86,5.559999999999945,0.004766681236965153,128.29,26.689999999999998,6.190000000000055,-8.25,-1.0299999999999727,14.440000000000055,14.019403864656867,0.0,-16.5,-8.25,0.0,0.0,0.0,9.09213493575388,3.816579620554368,2.0555972368149775,5.879139392802374
2025-05-09 05:25:26,1165.08,1169.84,50.75,77.49,1167.46,2334.92,4.759999999999991,0.004077227481817589,128.24,26.739999999999995,-4.130000000000109,6.189999999999827,1.0299999999999727,10.319999999999936,10.019407748148021,-10.320000000000164,14.439999999999827,2.0599999999999454,-0.04999999999999716,0.0,0.04999999999999716,9.103711719403371,3.5273814650576,2.0555972368149775,5.9059266842723845
2025-05-09 05:25:27,1173.33,1171.9,50.75,77.49,1172.615,2345.23,1.4299999999998363,0.0012194965941765537,128.24,26.739999999999995,8.25,2.060000000000173,5.154999999999973,6.189999999999827,1.2007757127495922,12.38000000000011,-4.129999999999654,4.125,0.0,0.0,0.0,9.143909785215925,4.411562081624874,2.7514723331339797,6.423138251664876
2025-05-09 05:25:28,1175.4,1163.65,50.75,77.49,1169.525,2339.05,11.75,0.01004681386883836,128.24,26.739999999999995,2.0700000000001637,-8.25,-3.089999999999918,10.320000000000164,3.3398047443999004,-6.179999999999836,-10.310000000000173,-8.24499999999989,0.0,0.0,0.0,9.11981433936514,2.4615000507872065,3.96358802097313,4.2758063567005085
2025-05-09 05:25:29,1169.21,1171.9,50.75,77.49,1170.555,2341.11,2.6900000000000546,0.0022980551940763134,128.24,26.739999999999995,-6.190000000000055,8.25,1.0299999999999727,14.440000000000055,14.019403864656867,-8.260000000000218,16.5,4.119999999999891,0.0,0.0,0.0,9.127846154648736,2.461500050786842,3.9915999298528595,3.0573280818388486
2025-05-09 05:25:30,1173.33,1171.9,50.75,77.49,1172.615,2345.23,1.4299999999998363,0.0012194965941765537,128.24,26.739999999999995,4.119999999999891,0.0,2.0599999999999454,4.119999999999891,1.9999990291266847,10.309999999999945,-8.25,1.0299999999999727,0.0,0.0,0.0,9.143909785215925,2.1867281495467217,4.321957889660837,2.951130291939077
2025-05-09 05:25:31,1171.27,1171.9,50.75,77.49,1171.585,2343.17,0.6300000000001091,0.0005377330705517533,128.24,26.739999999999995,-2.0599999999999454,0.0,-1.0299999999999727,2.0599999999999454,1.9999980582543124,-6.179999999999836,0.0,-3.089999999999918,0.0,0.0,0.0,9.13587796993233,1.3429556954783068,4.62299470040809,3.1258758772543067
2025-05-09 05:25:32,1173.33,1169.84,50.75,77.49,1171.585,2343.17,3.490000000000009,0.002978870501944919,128.24,26.739999999999995,2.0599999999999454,-2.060000000000173,0.0,4.120000000000118,4120000.0000001183,4.119999999999891,-2.060000000000173,1.0299999999999727,0.0,0.0,0.0,9.13587796993233,1.1743806878598964,4.472149371387443,1.981244558352259
2025-05-09 05:25:33,1171.27,1169.84,50.75,77.49,1170.5549999999998,2341.1099999999997,1.4300000000000637,0.0012216427239885534,128.24,26.739999999999995,-2.0599999999999454,0.0,-1.0300000000002,2.0599999999999454,1.999998058253871,-4.119999999999891,2.060000000000173,-1.0300000000002,0.0,0.0,0.0,9.127846154648735,0.861759827340447,1.1402982066113656,1.3429556954720052
2025-05-09 05:25:34,1171.27,1163.65,50.75,77.49,1167.46,2334.92,7.619999999999891,0.006526990212489421,128.24,26.739999999999995,0.0,-6.189999999999827,-3.0949999999998,6.189999999999827,1.999999353796728,2.0599999999999454,-6.189999999999827,-2.0649999999996,0.0,0.0,0.0,9.103711719403371,1.9833242296759148,2.832807794397779,1.8727399712721344
2025-05-09 05:25:35,1163.02,1171.9,50.75,77.49,1167.46,2334.92,8.88000000000011,0.007606256310617796,128.24,26.739999999999995,-8.25,8.25,0.0,16.5,16500000.0,-8.25,14.439999999999827,3.0949999999998,0.0,0.0,0.0,9.103711719403371,2.113555653400805,3.6844334706981585,1.2635287887501525
2025-05-09 05:25:36,1171.27,1169.84,50.75,77.49,1170.5549999999998,2341.1099999999997,1.4300000000000637,0.0012216427239885534,128.24,26.739999999999995,8.25,-2.060000000000173,3.0949999999998,10.310000000000173,3.3311782451769285,16.5,-10.310000000000173,3.0949999999998,0.0,0.0,0.0,9.127846154648735,1.9296262591556474,3.4915684154833593,2.2364463999837128
2025-05-09 05:25:37,1167.14,1161.59,50.75,77.49,1164.365,2328.73,5.550000000000182,0.0047665465685018315,128.24,26.739999999999995,-4.129999999999882,-8.25,-6.189999999999827,4.120000000000118,0.6655895532165881,-12.379999999999882,-6.189999999999827,-9.284999999999627,0.0,0.0,0.0,9.079577284158006,2.5894627821281335,3.453602466990231,3.4680459195344513
2025-05-09 05:25:38,1169.21,1167.77,50.75,77.49,1168.49,2336.98,1.4400000000000546,0.0012323597110524649,128.24,26.739999999999995,2.0699999999999363,6.180000000000064,4.125,4.110000000000127,0.996363394821026,6.199999999999818,14.430000000000064,10.314999999999827,0.0,0.0,0.0,9.111743534686966,2.2364463999899815,3.4510331786294124,4.2905981517731915
2025-05-09 05:25:39,1171.27,1169.84,50.75,77.49,1170.5549999999998,2341.1099999999997,1.4300000000000637,0.0012216427239885534,128.24,26.739999999999995,2.0599999999999454,2.0699999999999363,2.064999999999827,0.009999999999990905,0.004842612667011658,-0.009999999999990905,-4.110000000000127,-2.060000000000173,0.0,0.0,0.0,9.127846154648735,2.5687959241688203,3.378524826015246,4.1005844095689215
2025-05-09 05:25:40,1171.27,1159.53,50.75,77.49,1165.4,2330.8,11.740000000000009,0.010073794396710325,128.24,26.739999999999995,0.0,-10.309999999999945,-5.154999999999745,10.309999999999945,1.9999996120273216,-2.0599999999999454,-12.379999999999882,-7.2199999999995725,0.0,0.0,0.0,9.087648088836183,2.88048303241439,4.515746892818617,4.870838736808988
2025-05-09 05:25:41,1171.27,1163.65,50.75,77.49,1167.46,2334.92,7.619999999999891,0.006526990212489421,128.24,26.739999999999995,0.0,4.120000000000118,2.0599999999999454,4.120000000000118,1.999999029126795,0.0,14.430000000000064,7.214999999999691,0.0,0.0,0.0,9.103711719403371,2.4622332342873112,4.372279725726705,4.703662668601914
2025-05-09 05:25:42,1171.27,1165.71,50.75,77.49,1168.49,2336.98,5.559999999999945,0.004758277773230123,128.24,26.739999999999995,0.0,2.0599999999999454,1.0299999999999727,2.0599999999999454,1.9999980582543124,0.0,-2.060000000000173,-1.0299999999999727,0.0,0.0,0.0,9.111743534686966,1.8727399712791992,4.372278582158368,3.52687007132383
2025-05-09 05:25:43,1171.27,1163.65,50.75,77.49,1167.46,2334.92,7.619999999999891,0.006526990212489421,128.24,26.739999999999995,0.0,-2.0599999999999454,-1.0299999999999727,2.0599999999999454,1.9999980582543124,0.0,-4.119999999999891,-2.0599999999999454,0.0,0.0,0.0,9.103711719403371,1.8728774652996754,3.7457549305848765,3.041030664100534
2025-05-09 05:25:44,1167.14,1169.84,50.75,77.49,1168.49,2336.98,2.699999999999818,0.0023106744582231283,128.24,26.739999999999995,-4.129999999999882,6.189999999999827,1.0299999999999727,10.319999999999709,10.0194077481478,-4.129999999999882,8.249999999999773,2.0599999999999454,0.0,0.0,0.0,9.111743534686966,1.2614872175446714,3.3086432264602834,2.878692411495179
2025-05-09 05:25:45,1171.27,1176.02,50.75,77.55,1173.645,2347.29,4.75,0.0040472204081751974,128.3,26.799999999999997,4.129999999999882,6.180000000000064,5.154999999999973,2.050000000000182,0.39767208580564634,8.259999999999764,-0.009999999999763531,4.125,0.0,0.060000000000002274,0.060000000000002274,9.147661659020564,2.587470772786515,2.0786053016388597,2.258557061488728
2025-05-09 05:25:46,1163.02,1165.71,50.75,77.55,1164.365,2328.73,2.6900000000000546,0.002310272120589147,128.3,26.799999999999997,-8.25,-10.309999999999945,-9.279999999999973,2.0599999999999454,0.22198273470013113,-12.379999999999882,-16.49000000000001,-14.434999999999945,0.0,0.0,0.0,9.075331184136155,3.341053351867677,2.0797908548700414,5.33758653325643
2025-05-09 05:25:47,1165.08,1167.77,50.75,77.55,1166.425,2332.85,2.6900000000000546,0.0023061919949365476,128.3,26.799999999999997,2.0599999999999454,2.0599999999999454,2.0599999999999454,0.0,0.0,10.309999999999945,12.36999999999989,11.339999999999918,0.0,0.0,0.0,9.09138730248334,3.466335601182816,2.1649826789147704,5.436105683299429
2025-05-09 05:25:48,1171.27,1169.84,50.75,77.55,1170.5549999999998,2341.1099999999997,1.4300000000000637,0.0012216427239885534,128.3,26.799999999999997,6.190000000000055,2.0699999999999363,4.129999999999882,4.120000000000118,0.9975784509495847,4.130000000000109,0.009999999999990905,2.0699999999999363,0.0,0.0,0.0,9.123577481499783,3.6022881617141036,1.1937420156805565,5.769272484464588
2025-05-09 05:25:49,1169.21,1169.84,50.75,77.55,1169.525,2339.05,0.6299999999998818,0.0005386802329674025,128.3,26.799999999999997,-2.0599999999999454,0.0,-1.0299999999997453,2.0599999999999454,1.999998058254754,-8.25,-2.0699999999999363,-5.159999999999627,0.0,0.0,0.0,9.115549422326193,3.6171978104639293,1.561832257318694,5.806022304469732
2025-05-09 05:25:50,1167.14,1171.9,50.75,77.55,1169.52,2339.04,4.759999999999991,0.004070045827288071,128.3,26.799999999999997,-2.0699999999999363,2.060000000000173,-0.005000000000109139,4.130000000000109,825.8348330153925,-0.009999999999990905,2.060000000000173,1.0249999999996362,0.0,0.0,0.0,9.115510451165155,2.5897625373820437,1.5655350523067812,5.1253463297615385
2025-05-09 05:25:51,1171.27,1167.77,50.75,77.55,1169.52,2339.04,3.5,0.0029926807553588815,128.3,26.799999999999997,4.129999999999882,-4.130000000000109,0.0,8.259999999999991,8259999.999999992,6.199999999999818,-6.190000000000282,0.005000000000109139,0.0,0.0,0.0,9.115510451165155,1.5657003225470687,1.6380995085772996,2.064377630183064
2025-05-09 05:25:52,1171.27,1163.65,50.75,77.55,1167.46,2334.92,7.619999999999891,0.006526990212489421,128.3,26.799999999999997,0.0,-4.119999999999891,-2.0599999999999454,4.119999999999891,1.9999990291266847,-4.129999999999882,0.010000000000218279,-2.0599999999999454,0.0,0.0,0.0,9.09945433281797,1.1299081821206367,2.785905597826495,2.3530395236800015
2025-05-09 05:25:53,1177.46,1171.9,50.69,77.55,1174.68,2349.36,5.559999999999945,0.004733203932361784,128.24,26.86,6.190000000000055,8.25,7.220000000000027,2.0599999999999454,0.2853185200389775,6.190000000000055,12.36999999999989,9.279999999999973,-0.060000000000002274,0.0,0.060000000000002274,9.160012405177694,2.6898429322213095,2.5915979626479753,3.675248290932257
2025-05-09 05:25:54,1175.4,1171.9,50.69,77.55,1173.65,2347.3,3.5,0.002982149701374217,128.24,26.86,-2.0599999999999454,0.0,-1.0299999999999727,2.0599999999999454,1.9999980582543124,-8.25,-8.25,-8.25,0.0,0.0,0.0,9.1519805898941,3.0606992665106167,1.712810555782793,3.6752482909322857
2025-05-09 05:25:55,1169.21,1171.9,50.69,77.55,1170.555,2341.11,2.6900000000000546,0.0022980551940763134,128.24,26.86,-6.190000000000055,0.0,-3.0950000000000273,6.190000000000055,1.9999993537966545,-4.130000000000109,0.0,-2.0650000000000546,0.0,0.0,0.0,9.127846154648736,2.9721742882976994,2.0066589147139267,4.086492383450715
2025-05-09 05:25:56,1173.33,1169.84,50.69,77.55,1171.585,2343.17,3.490000000000009,0.002978870501944919,128.24,26.86,4.119999999999891,-2.060000000000173,1.0299999999999727,6.180000000000064,5.999994174763159,10.309999999999945,-2.060000000000173,4.125,0.0,0.0,0.0,9.13587796993233,2.8248792009600217,2.0080014940235653,4.099389588707165
2025-05-09 05:25:57,1165.08,1169.84,50.69,77.55,1167.46,2334.92,4.759999999999991,0.004077227481817589,128.24,26.86,-8.25,0.0,-4.125,8.25,1.9999995151516325,-12.36999999999989,2.060000000000173,-5.154999999999973,0.0,0.0,0.0,9.103711719403371,2.8248792009600217,1.1442683251759767,4.495688212053941
2025-05-09 05:25:58,1167.14,1169.84,50.69,77.55,1168.49,2336.98,2.699999999999818,0.0023106744582231283,128.24,26.86,2.060000000000173,0.0,1.0299999999999727,2.060000000000173,1.9999980582545334,10.310000000000173,0.0,5.154999999999973,0.0,0.0,0.0,9.111743534686966,2.463175288123217,0.8452632725968627,2.3512831603191895
2025-05-09 05:25:59,1173.33,1167.77,50.69,77.55,1170.55,2341.1,5.559999999999945,0.004749903887275248,128.24,26.86,6.189999999999827,-2.0699999999999363,2.0599999999999454,8.259999999999764,4.0097067914044615,4.129999999999654,-2.0699999999999363,1.0299999999999727,0.0,0.0,0.0,9.127807165254154,1.6944416484562348,1.2795897780152583,2.7855901529120457
2025-05-09 05:26:00,1173.33,1167.77,50.69,77.55,1170.55,2341.1,5.559999999999945,0.004749903887275248,128.24,26.86,0.0,0.0,0.0,0.0,0.0,-6.189999999999827,2.0699999999999363,-2.0599999999999454,0.0,0.0,0.0,9.127807165254154,1.6938329315558336,1.2784678329943253,2.41769621747658
2025-05-09 05:26:01,1171.27,1169.84,50.69,77.55,1170.5549999999998,2341.1099999999997,1.4300000000000637,0.0012216427239885534,128.24,26.86,-2.0599999999999454,2.0699999999999363,0.004999999999881766,4.129999999999882,825.8348330528942,-2.0599999999999454,2.0699999999999363,0.004999999999881766,0.0,0.0,0.0,9.127846154648735,1.4575252999600463,1.853353716914574,2.350955656749092
2025-05-09 05:26:02,1167.14,1163.65,50.69,77.55,1165.395,2330.79,3.490000000000009,0.0029946927839962553,128.24,26.86,-4.129999999999882,-6.189999999999827,-5.1599999999998545,2.0599999999999454,0.39922472883241755,-2.0699999999999363,-8.259999999999764,-5.164999999999736,0.0,0.0,0.0,9.0876090994416,2.2594706238464988,1.8100193369135702,2.7873499959639414
2025-05-09 05:26:03,1173.33,1169.84,50.69,77.55,1171.585,2343.17,3.490000000000009,0.002978870501944919,128.24,26.86,6.189999999999827,6.189999999999827,6.190000000000055,0.0,0.0,10.319999999999709,12.379999999999654,11.349999999999909,0.0,0.0,0.0,9.13587796993233,2.462652533351596,1.7283026355360758,4.100899901241236
2025-05-09 05:26:04,1171.27,1169.84,50.69,77.55,1170.5549999999998,2341.1099999999997,1.4300000000000637,0.0012216427239885534,128.24,26.86,-2.0599999999999454,0.0,-1.0300000000002,2.0599999999999454,1.999998058253871,-8.249999999999773,-6.189999999999827,-7.220000000000255,0.0,0.0,0.0,9.127846154648735,2.463071253541598,1.727107408356802,4.062099826444513
2025-05-09 05:26:05,1171.27,1169.84,50.69,77.55,1170.5549999999998,2341.1099999999997,1.4300000000000637,0.0012216427239885534,128.24,26.86,0.0,0.0,0.0,0.0,0.0,2.0599999999999454,0.0,1.0300000000002,0.0,0.0,0.0,9.127846154648735,2.4634893951513024,1.128308468461108,4.062099826444513
2025-05-09 05:26:06,1167.14,1159.53,50.69,77.55,1163.335,2326.67,7.610000000000127,0.00654153790048317,128.24,26.86,-4.129999999999882,-10.309999999999945,-7.2199999999998,6.180000000000064,0.8559555601169909,-4.129999999999882,-10.309999999999945,-7.2199999999998,0.0,0.0,0.0,9.071545468874412,3.6759488571018206,2.522974435066921,5.189058681495127
2025-05-09 05:26:07,1167.14,1165.71,50.69,77.55,1166.4250000000002,2332.8500000000004,1.4300000000000637,0.0012259682352265212,128.24,26.86,0.0,6.180000000000064,3.0900000000001455,6.180000000000064,1.9999993527509448,4.129999999999882,16.49000000000001,10.309999999999945,0.0,0.0,0.0,9.095640914725196,3.4980608914121474,2.6859113909437244,5.020988946412888
2025-05-09 05:26:08,1171.27,1165.71,50.69,77.55,1168.49,2336.98,5.559999999999945,0.004758277773230123,128.24,26.86,4.129999999999882,0.0,2.064999999999827,4.129999999999882,1.9999990314775766,4.129999999999882,-6.180000000000064,-1.0250000000003183,0.0,0.0,0.0,9.111743534686966,3.0601094751706395,2.9150505999040783,4.033789161570056
2025-05-09 05:26:09,1171.27,1159.53,50.69,77.55,1165.4,2330.8,11.740000000000009,0.010073794396710325,128.24,26.86,0.0,-6.180000000000064,-3.089999999999918,6.180000000000064,1.999999352751092,-4.129999999999882,-6.180000000000064,-5.154999999999745,0.0,0.0,0.0,9.087648088836183,2.7863313693874177,4.3734574423447885,4.188496747044213
2025-05-09 05:26:10,1169.21,1167.77,50.69,77.55,1168.49,2336.98,1.4400000000000546,0.0012323597110524649,128.24,26.86,-2.0599999999999454,8.240000000000009,3.089999999999918,10.299999999999955,3.3333322545851045,-2.0599999999999454,14.420000000000073,6.179999999999836,0.0,0.0,0.0,9.111743534686966,2.186728721180096,4.371101691793619,4.587594140723408
2025-05-09 05:26:11,1158.89,1169.84,50.69,77.55,1164.365,2328.73,10.949999999999818,0.009404267554070716,128.24,26.86,-10.319999999999936,2.0699999999999363,-4.125,12.389999999999873,3.0036356354822393,-8.259999999999991,-6.170000000000073,-7.214999999999918,0.0,0.0,0.0,9.079577284158006,1.8441983353298292,4.9767288453361065,3.5253357996083783
2025-05-09 05:26:12,1171.27,1167.77,50.69,77.55,1169.52,2339.04,3.5,0.0029926807553588815,128.24,26.86,12.379999999999882,-2.0699999999999363,5.154999999999973,14.449999999999818,2.803103238971223,22.699999999999818,-4.139999999999873,9.279999999999973,0.0,0.0,0.0,9.11977534997056,2.2346017542351655,4.545659468108081,4.032191401707044
2025-05-09 05:26:13,1171.27,1200.76,50.69,77.57,1186.0149999999999,2372.0299999999997,29.49000000000001,0.024864778249124364,128.26,26.879999999999995,0.0,32.99000000000001,16.49499999999989,32.99000000000001,1.9999998787511577,-12.379999999999882,35.059999999999945,11.339999999999918,0.0,0.01999999999999602,0.01999999999999602,9.246959229323567,8.789640635430764,11.058649555890673,8.266585601081
2025-05-09 05:26:14,1167.14,1173.96,50.69,77.58,1170.5500000000002,2341.1000000000004,6.819999999999936,0.005826320955254892,128.26999999999998,26.89,-4.129999999999882,-26.799999999999955,-15.46499999999969,22.670000000000073,1.4658906261952733,-4.129999999999882,-59.789999999999964,-31.95999999999958,0.0,0.010000000000005116,0.010000000000005116,9.125672338616418,8.292492538435695,11.240891868530763,11.82248387607262
2025-05-09 05:26:15,1171.27,1167.77,50.69,77.58,1169.52,2339.04,3.5,0.0029926807553588815,128.26999999999998,26.89,4.129999999999882,-6.190000000000055,-1.0300000000002,10.319999999999936,10.01940774814581,8.259999999999764,20.6099999999999,14.43499999999949,0.0,0.0,0.0,9.117642401827066,8.202386390557976,10.859851288116303,11.786534902166853
2025-05-09 05:26:16,1167.14,1169.84,50.69,77.58,1168.49,2336.98,2.699999999999818,0.0023106744582231283,128.26999999999998,26.89,-4.129999999999882,2.0699999999999363,-1.0299999999999727,6.199999999999818,6.0194116316391755,-8.259999999999764,8.259999999999991,2.2737367544323206e-13,0.0,0.0,0.0,9.109612465037715,7.412655057400635,11.451839153603315,11.581709178700585
2025-05-09 05:26:17,1171.27,1171.9,50.69,77.58,1171.585,2343.17,0.6300000000001091,0.0005377330705517533,128.26999999999998,26.89,4.129999999999882,2.060000000000173,3.0950000000000273,2.069999999999709,0.6688204624165519,8.259999999999764,-0.009999999999763531,4.125,0.0,0.0,0.0,9.133741255681445,7.238375681049258,11.873262820303498,11.424745401977125
2025-05-09 05:26:18,1167.14,1163.65,50.69,77.58,1165.395,2330.79,3.490000000000009,0.0029946927839962553,128.26999999999998,26.89,-4.129999999999882,-8.25,-6.190000000000055,4.120000000000118,0.6655895532165635,-8.259999999999764,-10.310000000000173,-9.285000000000082,0.0,0.0,0.0,9.085483674393986,2.3744962623734667,2.2289840735189097,7.143988206877075
2025-05-09 05:26:19,1167.14,1169.84,50.69,77.58,1168.49,2336.98,2.699999999999818,0.0023106744582231283,128.26999999999998,26.89,0.0,6.189999999999827,3.0950000000000273,6.189999999999827,1.9999993537965812,4.129999999999882,14.439999999999827,9.285000000000082,0.0,0.0,0.0,9.109612465037715,2.2364463999898248,1.1729151716987152,3.8323370806860075
2025-05-09 05:26:20,1171.27,1171.9,50.69,77.58,1171.585,2343.17,0.6300000000001091,0.0005377330705517533,128.26999999999998,26.89,4.129999999999882,2.060000000000173,3.0950000000000273,2.069999999999709,0.6688204624165519,4.129999999999882,-4.129999999999654,0.0,0.0,0.0,0.0,9.133741255681445,2.589462782127878,1.3180857331755325,4.100647205015439
2025-05-09 05:26:21,1169.21,1169.84,50.69,77.58,1169.525,2339.05,0.6299999999998818,0.0005386802329674025,128.26999999999998,26.89,-2.0599999999999454,-2.060000000000173,-2.0599999999999454,2.2737367544323206e-13,1.1037551702316556e-13,-6.189999999999827,-4.120000000000346,-5.154999999999973,0.0,0.0,0.0,9.117681382102743,2.5688966503198367,1.378724047806888,4.215522802690182
2025-05-09 05:26:22,1169.21,1171.9,50.69,77.58,1170.555,2341.11,2.6900000000000546,0.0022980551940763134,128.26999999999998,26.89,0.0,2.060000000000173,1.0299999999999727,2.060000000000173,1.9999980582545334,2.0599999999999454,4.120000000000346,3.089999999999918,0.0,0.0,0.0,9.125711318892094,2.3754736369881018,1.3168219317740417,3.954948482597571
2025-05-09 05:26:23,1171.27,1169.84,50.62,77.58,1170.5549999999998,2341.1099999999997,1.4300000000000637,0.0012216427239885534,128.2,26.96,2.0599999999999454,-2.060000000000173,-2.2737367544323206e-13,4.120000000000118,4119999.0632207887,2.0599999999999454,-4.120000000000346,-1.0300000000002,-0.07000000000000028,0.0,0.07000000000000028,9.130694156546847,1.1761356214403658,1.037728288137641,2.187317420952147
2025-05-09 05:26:24,1169.21,1163.65,50.62,77.58,1166.43,2332.86,5.559999999999945,0.004766681236965153,128.2,26.96,-2.0599999999999454,-6.189999999999827,-4.124999999999773,4.129999999999882,1.0012118784941166,-4.119999999999891,-4.129999999999654,-4.124999999999545,0.0,0.0,0.0,9.098517869746352,1.9833242296766522,2.064683995191771,2.7861456351024
2025-05-09 05:26:25,1171.27,1165.71,50.62,77.58,1168.49,2336.98,5.559999999999945,0.004758277773230123,128.2,26.96,2.0599999999999454,2.0599999999999454,2.0599999999999454,0.0,0.0,4.119999999999891,8.249999999999773,6.184999999999718,0.0,0.0,0.0,9.11458651236672,1.7259106292113935,2.298571295392226,2.4823335795174737
2025-05-09 05:26:26,1173.33,1169.84,50.62,77.58,1171.585,2343.17,3.490000000000009,0.002978870501944919,128.2,26.96,2.0599999999999454,4.129999999999882,3.0950000000000273,2.0699999999999363,0.6688204624166254,0.0,2.0699999999999363,1.0350000000000819,0.0,0.0,0.0,9.138728477857033,2.0625003030359506,1.8114717773128401,2.786145635102402
2025-05-09 05:26:27,1163.02,1169.84,50.62,77.58,1166.4299999999998,2332.8599999999997,6.819999999999936,0.005846900366205461,128.2,26.96,-10.309999999999945,0.0,-5.1550000000002,10.309999999999945,1.999999612027145,-12.36999999999989,-4.129999999999882,-8.250000000000227,0.0,0.0,0.0,9.09851786974635,2.351283160324732,2.1241869032646137,3.6745458903108794
2025-05-09 05:26:28,1173.33,1169.84,50.62,77.58,1171.585,2343.17,3.490000000000009,0.002978870501944919,128.2,26.96,10.309999999999945,0.0,5.1550000000002,10.309999999999945,1.999999612027145,20.61999999999989,0.0,10.3100000000004,0.0,0.0,0.0,9.138728477857033,2.5878692973228006,1.4576110592339215,4.576410165184189
2025-05-09 05:26:29,1163.02,1169.84,50.62,77.58,1166.4299999999998,2332.8599999999997,6.819999999999936,0.005846900366205461,128.2,26.96,-10.309999999999945,0.0,-5.1550000000002,10.309999999999945,1.999999612027145,-20.61999999999989,0.0,-10.3100000000004,0.0,0.0,0.0,9.09851786974635,2.5878692973228277,1.674822378642288,4.835925454347097
2025-05-09 05:26:30,1173.33,1169.84,50.62,77.58,1171.585,2343.17,3.490000000000009,0.002978870501944919,128.2,26.96,10.309999999999945,0.0,5.1550000000002,10.309999999999945,1.999999612027145,20.61999999999989,0.0,10.3100000000004,0.0,0.0,0.0,9.138728477857033,2.8235097839433743,1.8239161164924753,5.337586533256651
2025-05-09 05:26:31,1171.27,1163.65,50.62,77.58,1167.46,2334.92,7.619999999999891,0.006526990212489421,128.2,26.96,-2.0599999999999454,-6.189999999999827,-4.125,4.129999999999882,1.0012118784940613,-12.36999999999989,-6.189999999999827,-9.2800000000002,0.0,0.0,0.0,9.106552191056537,2.6687932666332825,1.9968650430114032,5.475139267635362
2025-05-09 05:26:32,1169.21,1171.9,50.62,77.58,1170.555,2341.11,2.6900000000000546,0.0022980551940763134,128.2,26.96,-2.0599999999999454,8.25,3.0950000000000273,10.309999999999945,3.33117824517661,0.0,14.439999999999827,7.220000000000027,0.0,0.0,0.0,9.130694156546848,2.4182292075035923,2.231293346918072,5.072317024792728
2025-05-09 05:26:33,1171.27,1171.9,50.62,77.58,1171.585,2343.17,0.6300000000001091,0.0005377330705517533,128.2,26.96,2.0599999999999454,0.0,1.0299999999999727,2.0599999999999454,1.9999980582543124,4.119999999999891,-8.25,-2.0650000000000546,0.0,0.0,0.0,9.138728477857033,2.4182292075035923,2.9187925585763423,4.494541133419707
2025-05-09 05:26:34,1167.14,1169.84,50.62,77.58,1168.49,2336.98,2.699999999999818,0.0023106744582231283,128.2,26.96,-4.129999999999882,-2.060000000000173,-3.0950000000000273,2.069999999999709,0.6688204624165519,-6.189999999999827,-2.060000000000173,-4.125,0.0,0.0,0.0,9.11458651236672,1.8737028846701924,2.5729418959628316,3.9673631041286352
2025-05-09 05:26:35,1165.08,1167.77,50.62,77.58,1166.425,2332.85,2.6900000000000546,0.0023061919949365476,128.2,26.96,-2.060000000000173,-2.0699999999999363,-2.0650000000000546,0.009999999999763531,0.004842612666901017,2.069999999999709,-0.009999999999763531,1.0299999999999727,0.0,0.0,0.0,9.098478868186593,2.139832353252504,2.5927649334254705,3.0072279594338553
2025-05-09 05:26:36,1167.14,1165.71,50.62,77.58,1166.4250000000002,2332.8500000000004,1.4300000000000637,0.0012259682352265212,128.2,26.96,2.060000000000173,-2.0599999999999454,2.2737367544323206e-13,4.120000000000118,4119999.0632207887,4.120000000000346,0.009999999999990905,2.065000000000282,0.0,0.0,0.0,9.098478868186595,2.3536949674983356,0.9539496842082551,2.4631752881191344
2025-05-09 05:26:37,1171.27,1163.65,50.62,77.58,1167.46,2334.92,7.619999999999891,0.006526990212489421,128.2,26.96,4.129999999999882,-2.0599999999999454,1.0349999999998545,6.189999999999827,5.980670550077438,2.069999999999709,0.0,1.034999999999627,0.0,0.0,0.0,9.106552191056537,2.139832353253409,2.7208142163699334,1.8748046564910787
2025-05-09 05:26:38,1169.21,1167.77,50.62,77.58,1168.49,2336.98,1.4400000000000546,0.0012323597110524649,128.2,26.96,-2.0599999999999454,4.119999999999891,1.0299999999999727,6.179999999999836,5.9999941747629375,-6.189999999999827,6.179999999999836,-0.004999999999881766,0.0,0.0,0.0,9.11458651236672,1.0325006053427215,2.562914356743282,1.8748046564910787
2025-05-09 05:26:39,1171.27,1165.71,50.62,77.58,1168.49,2336.98,5.559999999999945,0.004758277773230123,128.2,26.96,2.0599999999999454,-2.0599999999999454,0.0,4.119999999999891,4119999.999999891,4.119999999999891,-6.179999999999836,-1.0299999999999727,0.0,0.0,0.0,9.11458651236672,1.0325006053427215,2.742949142802454,1.264550315329765
2025-05-09 05:26:40,1171.27,1169.84,50.62,77.58,1170.5549999999998,2341.1099999999997,1.4300000000000637,0.0012216427239885534,128.2,26.96,0.0,4.129999999999882,2.064999999999827,4.129999999999882,1.9999990314775766,-2.0599999999999454,6.189999999999827,2.064999999999827,0.0,0.0,0.0,9.130694156546847,1.5311082587552154,2.9168184722400325,0.863853286154794
2025-05-09 05:26:41,1171.27,1161.59,50.62,77.58,1166.4299999999998,2332.8599999999997,9.680000000000064,0.008298826326227238,128.2,26.96,0.0,-8.25,-4.125,8.25,1.9999995151516325,0.0,-12.379999999999882,-6.189999999999827,0.0,0.0,0.0,9.09851786974635,1.529591448730271,3.6875574571796057,2.4192958686362385
2025-05-09 05:26:42,1169.21,1159.53,50.62,77.58,1164.37,2328.74,9.680000000000064,0.008313508585489625,128.2,26.96,-2.0599999999999454,-2.0599999999999454,-2.0599999999999454,0.0,0.0,-2.0599999999999454,6.190000000000055,2.0650000000000546,0.0,0.0,0.0,9.08244922712598,2.35029678977622,4.1225016676771835,2.4836832527519155
2025-05-09 05:26:43,1171.27,1169.84,50.62,77.58,1170.5549999999998,2341.1099999999997,1.4300000000000637,0.0012216427239885534,128.2,26.96,2.0599999999999454,10.309999999999945,6.184999999999945,8.25,1.3338720559624926,4.119999999999891,12.36999999999989,8.24499999999989,0.0,0.0,0.0,9.130694156546847,2.6882126962035353,4.125000606060699,3.96625862747253
2025-05-09 05:26:44,1167.14,1159.53,50.62,77.58,1163.335,2326.67,7.610000000000127,0.00654153790048317,128.2,26.96,-4.129999999999882,-10.309999999999945,-7.2199999999998,6.180000000000064,0.8559555601169909,-6.189999999999827,-20.61999999999989,-13.404999999999745,0.0,0.0,0.0,9.074375904256039,3.3888814526382407,4.226136533525768,5.2581191979641835
2025-05-09 05:26:45,1169.21,1173.96,50.62,77.64,1171.585,2343.17,4.75,0.004054336643048232,128.26,27.020000000000003,2.0699999999999363,14.430000000000064,8.25,12.360000000000127,1.4981816365840597,6.199999999999818,24.74000000000001,15.4699999999998,0.0,0.060000000000002274,0.060000000000002274,9.134453382703468,3.674545890315501,3.5404731322241703,6.698734395391392
2025-05-09 05:26:46,1171.27,1171.9,50.62,77.64,1171.585,2343.17,0.6300000000001091,0.0005377330705517533,128.26,27.020000000000003,2.0599999999999454,-2.0599999999999454,0.0,4.119999999999891,4119999.999999891,-0.009999999999990905,-16.49000000000001,-8.25,0.0,0.0,0.0,9.134453382703468,4.085419807073491,3.8876985479845447,6.272438122452832
2025-05-09 05:26:47,1167.14,1167.77,50.62,77.64,1167.455,2334.91,0.6299999999998818,0.00053963536021538,128.26,27.020000000000003,-4.129999999999882,-4.130000000000109,-4.130000000000109,2.2737367544323206e-13,5.505414537265876e-14,-6.189999999999827,-2.0700000000001637,-4.130000000000109,0.0,0.0,0.0,9.102253164647957,3.543115860372706,3.0827260663252907,6.587840693277272
2025-05-09 05:26:48,1163.02,1171.9,50.62,77.64,1167.46,2334.92,8.88000000000011,0.007606256310617796,128.26,27.020000000000003,-4.120000000000118,4.130000000000109,0.005000000000109139,8.250000000000227,1649.6700659508465,0.009999999999763531,8.260000000000218,4.135000000000218,0.0,0.0,0.0,9.102292147962794,3.4515221279934893,3.8364306327629065,5.8166145651916965
2025-05-09 05:26:49,1163.02,1171.9,50.62,77.64,1167.46,2334.92,8.88000000000011,0.007606256310617796,128.26,27.020000000000003,0.0,0.0,0.0,0.0,0.0,4.120000000000118,-4.130000000000109,-0.005000000000109139,0.0,0.0,0.0,9.102292147962794,2.2602693423624265,4.125000606060757,4.519853426827122
2025-05-09 05:26:50,1171.27,1173.96,50.62,77.64,1172.615,2345.23,2.6900000000000546,0.0022940180687659943,128.26,27.020000000000003,8.25,2.0599999999999454,5.154999999999973,6.190000000000055,1.2007757127496361,8.25,2.0599999999999454,5.154999999999973,0.0,0.0,0.0,9.142483945559926,2.5682946676777414,4.227111306791153,3.2946460356160876
2025-05-09 05:26:51,1160.96,1169.84,50.62,77.64,1165.4,2330.8,8.879999999999882,0.007619701383542285,128.26,27.020000000000003,-10.309999999999945,-4.120000000000118,-7.214999999999918,6.189999999999827,0.85793473902497,-18.559999999999945,-6.180000000000064,-12.36999999999989,0.0,0.0,0.0,9.086231022249876,2.6883094130011513,4.021065779118953,4.691383857669346
2025-05-09 05:26:52,1167.14,1171.9,50.62,77.64,1169.52,2339.04,4.759999999999991,0.004070045827288071,128.26,27.020000000000003,6.180000000000064,2.060000000000173,4.119999999999891,4.119999999999891,0.9999997572816123,16.49000000000001,6.180000000000291,11.334999999999809,0.0,0.0,0.0,9.118353273675712,2.7270139346962456,2.9168167580431126,4.867027583648982
2025-05-09 05:26:53,1169.21,1171.9,50.62,77.64,1170.555,2341.11,2.6900000000000546,0.0022980551940763134,128.26,27.020000000000003,2.0699999999999363,0.0,1.0350000000000819,2.0699999999999363,1.9999980676344977,-4.110000000000127,-2.060000000000173,-3.084999999999809,0.0,0.0,0.0,9.12642281984701,2.785127914481326,3.128761735895044,4.867239207189235
2025-05-09 05:26:54,1163.02,1169.84,50.62,77.64,1166.4299999999998,2332.8599999999997,6.819999999999936,0.005846900366205461,128.26,27.020000000000003,-6.190000000000055,-2.060000000000173,-4.125000000000227,4.129999999999882,1.0012118784940063,-8.259999999999991,-2.060000000000173,-5.160000000000309,0.0,0.0,0.0,9.094261585106334,2.9696578085740666,2.6905148206246206,5.326333635813714
2025-05-09 05:26:55,1167.14,1163.65,50.62,77.64,1165.395,2330.79,3.490000000000009,0.0029946927839962553,128.26,27.020000000000003,4.120000000000118,-6.189999999999827,-1.0349999999998545,10.309999999999945,9.961343032520158,10.310000000000173,-4.129999999999654,3.090000000000373,0.0,0.0,0.0,9.086192038935039,2.418230241320246,2.525008910875525,4.409167154917186
2025-05-09 05:26:56,1165.08,1169.84,50.62,77.64,1167.46,2334.92,4.759999999999991,0.004077227481817589,128.26,27.020000000000003,-2.060000000000173,6.189999999999827,2.0650000000000546,8.25,3.9951554502878115,-6.180000000000291,12.379999999999654,3.099999999999909,0.0,0.0,0.0,9.102292147962794,2.1388682755216086,1.5663428743416983,3.1443592352021303
2025-05-09 05:26:57,1169.21,1171.9,50.62,77.64,1170.555,2341.11,2.6900000000000546,0.0022980551940763134,128.26,27.020000000000003,4.130000000000109,2.060000000000173,3.0950000000000273,2.0699999999999363,0.6688204624166254,6.190000000000282,-4.129999999999654,1.0299999999999727,0.0,0.0,0.0,9.12642281984701,2.3752563019664708,1.7451217722557288,2.863000174642183
2025-05-09 05:26:58,1167.14,1171.9,50.62,77.64,1169.52,2339.04,4.759999999999991,0.004070045827288071,128.26,27.020000000000003,-2.0699999999999363,0.0,-1.0350000000000819,2.0699999999999363,1.9999980676344977,-6.2000000000000455,-2.060000000000173,-4.130000000000109,0.0,0.0,0.0,9.118353273675712,2.138868275521608,1.5663428743416983,2.8630001746421816
2025-05-09 05:26:59,1177.46,1165.71,50.57,77.64,1171.585,2343.17,11.75,0.01002914853806668,128.21,27.07,10.319999999999936,-6.190000000000055,2.0650000000000546,16.50999999999999,7.995153513242634,12.389999999999873,-6.190000000000055,3.1000000000001364,-0.04999999999999716,0.0,0.04999999999999716,9.138015684127481,2.4845135338784163,3.6087878851493973,1.9322991486829042
2025-05-09 05:27:00,1175.4,1171.9,50.57,77.64,1173.65,2347.3,3.5,0.002982149701374217,128.21,27.07,-2.0599999999999454,6.190000000000055,2.0650000000000546,8.25,3.9951554502878115,-12.379999999999882,12.38000000000011,0.0,0.0,0.0,0.0,9.154122071959113,2.3070636098756783,3.6074048844011215,1.5663588350058333
2025-05-09 05:27:01,1173.33,1171.9,50.57,77.64,1172.615,2345.23,1.4299999999998363,0.0012194965941765537,128.21,27.07,-2.0700000000001637,0.0,-1.0350000000000819,2.0700000000001637,1.9999980676347173,-0.010000000000218279,-6.190000000000055,-3.1000000000001364,0.0,0.0,0.0,9.14604937878442,1.6317360387038418,4.055851328636364,1.9322991486829648
2025-05-09 05:27:02,1171.27,1167.77,50.57,77.64,1169.52,2339.04,3.5,0.0029926807553588815,128.21,27.07,-2.0599999999999454,-4.130000000000109,-3.0950000000000273,2.0700000000001637,0.6688204624166989,0.010000000000218279,-4.130000000000109,-2.0599999999999454,0.0,0.0,0.0,9.121909296295847,1.8465731775390326,3.9643498836507143,2.2380616613491386
2025-05-09 05:27:03,1171.27,1169.84,50.57,77.64,1170.5549999999998,2341.1099999999997,1.4300000000000637,0.0012216427239885534,128.21,27.07,0.0,2.0699999999999363,1.0349999999998545,2.0699999999999363,1.9999980676349371,2.0599999999999454,6.2000000000000455,4.129999999999882,0.0,0.0,0.0,9.129981989470538,1.6317360387038822,4.2794240266654215,2.238061661349119
2025-05-09 05:27:04,1173.33,1167.77,50.57,77.64,1170.55,2341.1,5.559999999999945,0.004749903887275248,128.21,27.07,2.0599999999999454,-2.0699999999999363,-0.004999999999881766,4.129999999999882,825.8348330528942,2.0599999999999454,-4.139999999999873,-1.0399999999997362,0.0,0.0,0.0,9.129942990952788,1.6961154147069608,1.728302635536139,1.9856661350792817
2025-05-09 05:27:05,1163.02,1169.84,50.57,77.64,1166.4299999999998,2332.8599999999997,6.819999999999936,0.005846900366205461,128.21,27.07,-10.309999999999945,2.0699999999999363,-4.120000000000118,12.379999999999882,3.004853639598516,-12.36999999999989,4.139999999999873,-4.1150000000002365,0.0,0.0,0.0,9.097808212325026,2.2584436012478144,2.4252979198443056,2.1371838947551245
2025-05-09 05:27:06,1171.27,1171.9,50.57,77.64,1171.585,2343.17,0.6300000000001091,0.0005377330705517533,128.21,27.07,8.25,2.060000000000173,5.1550000000002,6.189999999999827,1.200775712749539,18.559999999999945,-0.009999999999763531,9.275000000000318,0.0,0.0,0.0,9.138015684127481,1.982935324214757,2.633869776583641,3.6737759866384563
2025-05-09 05:27:07,1173.33,1167.77,50.57,77.64,1170.55,2341.1,5.559999999999945,0.004749903887275248,128.21,27.07,2.0599999999999454,-4.130000000000109,-1.0350000000000819,6.190000000000055,5.9806705500763435,-6.190000000000055,-6.190000000000282,-6.190000000000282,0.0,0.0,0.0,9.129942990952788,2.0092517263939507,2.774049386727047,3.3718956092977392
2025-05-09 05:27:08,1173.33,1167.77,50.57,77.64,1170.55,2341.1,5.559999999999945,0.004749903887275248,128.21,27.07,0.0,0.0,0.0,0.0,0.0,-2.0599999999999454,4.130000000000109,1.0350000000000819,0.0,0.0,0.0,9.129942990952788,2.008866595873682,2.4082524784583508,3.3398978277787843
2025-05-09 05:27:09,1167.14,1171.9,50.57,77.64,1169.52,2339.04,4.759999999999991,0.004070045827288071,128.21,27.07,-6.189999999999827,4.130000000000109,-1.0299999999999727,10.319999999999936,10.019407748148021,-6.189999999999827,4.130000000000109,-1.0299999999999727,0.0,0.0,0.0,9.121909296295847,1.9824151936511154,2.373621705327284,3.3715119012101122
2025-05-09 05:27:10,1171.27,1165.71,50.57,77.64,1168.49,2336.98,5.559999999999945,0.004758277773230123,128.21,27.07,4.129999999999882,-6.190000000000055,-1.0299999999999727,10.319999999999936,10.019407748148021,10.319999999999709,-10.320000000000164,0.0,0.0,0.0,0.0,9.113875601638908,1.1759166637203216,2.143497142522201,2.688788295868818
2025-05-09 05:27:11,1171.27,1167.77,50.57,77.64,1169.52,2339.04,3.5,0.0029926807553588815,128.21,27.07,0.0,2.0599999999999454,1.0299999999999727,2.0599999999999454,1.9999980582543124,-4.129999999999882,8.25,2.0599999999999454,0.0,0.0,0.0,9.121909296295847,0.8617598273408672,0.9010660353165552,0.9221008621623893
2025-05-09 05:27:12,1171.27,1171.9,50.57,77.64,1171.585,2343.17,0.6300000000001091,0.0005377330705517533,128.21,27.07,0.0,4.130000000000109,2.0650000000000546,4.130000000000109,1.9999990314774665,0.0,2.0700000000001637,1.0350000000000819,0.0,0.0,0.0,9.138015684127481,1.1761356214386935,2.0646839951917273,1.3446821185695335
2025-05-09 05:27:13,1167.14,1167.77,50.57,77.64,1167.455,2334.91,0.6299999999998818,0.00053963536021538,128.21,27.07,-4.129999999999882,-4.130000000000109,-4.130000000000109,2.2737367544323206e-13,5.505414537265876e-14,-4.129999999999882,-8.260000000000218,-6.195000000000164,0.0,0.0,0.0,9.105802908464215,1.5311082587531428,2.298571295392223,2.3763427783046915
2025-05-09 05:27:14,1171.27,1169.84,50.57,77.64,1170.5549999999998,2341.1099999999997,1.4300000000000637,0.0012216427239885534,128.21,27.07,4.129999999999882,2.0699999999999363,3.099999999999909,2.0599999999999454,0.6645159146722874,8.259999999999764,6.2000000000000455,7.230000000000018,0.0,0.0,0.0,9.129981989470538,1.6325264163315254,2.1441665047288287,2.865252170403291
2025-05-09 05:27:15,1171.27,1163.65,50.57,77.64,1167.46,2334.92,7.619999999999891,0.006526990212489421,128.21,27.07,0.0,-6.189999999999827,-3.0949999999998,6.189999999999827,1.999999353796728,-4.129999999999882,-8.259999999999764,-6.194999999999709,0.0,0.0,0.0,9.105841906981968,1.8461547876659807,2.9584573682919366,3.2155431112022823
2025-05-09 05:27:16,1165.08,1169.84,50.57,77.64,1167.46,2334.92,4.759999999999991,0.004077227481817589,128.21,27.07,-6.190000000000055,6.189999999999827,0.0,12.379999999999882,12379999.999999883,-6.190000000000055,12.379999999999654,3.0949999999998,0.0,0.0,0.0,9.105841906981968,2.0114317040420673,3.08786819666916,3.1488660657450125
2025-05-09 05:27:17,1173.33,1169.84,50.57,77.64,1171.585,2343.17,3.490000000000009,0.002978870501944919,128.21,27.07,8.25,0.0,4.125,8.25,1.9999995151516325,14.440000000000055,-6.189999999999827,4.125,0.0,0.0,0.0,9.138015684127481,2.0114317040420673,2.7859881550360233,3.649025554857134
2025-05-09 05:27:18,1165.08,1176.02,50.57,77.69,1170.55,2341.1,10.940000000000055,0.009346033907696399,128.26,27.119999999999997,-8.25,6.180000000000064,-1.0350000000000819,14.430000000000064,13.942015514959815,-16.5,6.180000000000064,-5.160000000000082,0.0,0.04999999999999716,0.04999999999999716,9.12638383653217,1.9289589161047604,3.7125153198338503,2.9732166924057575
2025-05-09 05:27:19,1171.27,1173.96,50.57,77.69,1172.615,2345.23,2.6900000000000546,0.0022940180687659943,128.26,27.119999999999997,6.190000000000055,-2.0599999999999454,2.0650000000000546,8.25,3.9951554502878115,14.440000000000055,-8.240000000000009,3.1000000000001364,0.0,0.0,0.0,9.142483945559926,2.3735190119348926,3.3827429698398737,2.7875338562967085
2025-05-09 05:27:20,1173.33,1169.84,50.57,77.69,1171.585,2343.17,3.490000000000009,0.002978870501944919,128.26,27.119999999999997,2.0599999999999454,-4.120000000000118,-1.0299999999999727,6.180000000000064,5.999994174763159,-4.130000000000109,-2.060000000000173,-3.0950000000000273,0.0,0.0,0.0,9.134453382703468,1.9834546881663229,3.361923556537421,2.2365626528225713
2025-05-09 05:27:21,1043.4,1173.96,51.12,77.69,1108.68,2217.36,130.55999999999995,0.11776166241137051,128.81,26.57,-129.92999999999984,4.120000000000118,-62.90499999999997,134.04999999999995,2.130991143295587,-131.98999999999978,8.240000000000236,-61.875,0.5499999999999972,0.0,0.5499999999999972,8.607095655561714,28.14088453656198,56.184338832098014,28.676790789765857
2025-05-09 05:27:22,855.92,1180.14,52.04,77.69,1018.03,2036.06,324.22000000000014,0.3184778441514713,129.73,25.65,-187.48000000000013,6.180000000000064,-90.65000000000009,193.6600000000002,2.1363485699244507,-57.550000000000296,2.0599999999999454,-27.74500000000012,0.9200000000000017,0.0,0.9200000000000017,7.84729817430588,67.39230284313176,139.43251037688452,43.20020332706783
2025-05-09 05:27:23,956.85,877.36,52.95,76.98,917.105,1834.21,79.49000000000001,0.08667491717232496,129.93,24.03,100.93000000000006,-302.7800000000001,-100.92499999999995,403.71000000000015,4.000099043843461,288.4100000000002,-308.96000000000015,-10.274999999999864,0.9100000000000037,-0.7099999999999937,1.6199999999999974,7.058454498126264,109.69756917316285,132.36819652016118,48.782088593048194
2025-05-09 05:27:24,979.51,889.7,53.88,76.03,934.605,1869.21,89.80999999999995,0.09609407172431762,129.91,22.15,22.659999999999968,12.340000000000032,17.5,10.319999999999936,0.5897142520163248,-78.2700000000001,315.1200000000001,118.42499999999995,0.9299999999999997,-0.9500000000000028,1.8800000000000026,7.194249809912634,109.80166502608824,120.20022599812368,53.239731474717274
2025-05-09 05:27:25,944.48,1256.45,54.88,75.06,1100.4650000000001,2200.9300000000003,311.97,0.2834892520130224,129.94,20.18,-35.02999999999997,366.75,165.86000000000013,401.78,2.4224044228722734,-57.68999999999994,354.40999999999997,148.36000000000013,1.0,-0.9699999999999989,1.9699999999999989,8.46902409982281,89.62861977349327,121.07474819300683,110.86534159736311
2025-05-09 05:27:26,921.83,996.75,55.92,74.13,959.29,1918.58,74.91999999999996,0.07809942762032392,130.05,18.209999999999994,-22.649999999999977,-259.70000000000005,-141.17500000000018,237.05000000000007,1.679121645623362,12.379999999999995,-626.45,-307.0350000000003,1.0399999999999991,-0.9300000000000068,1.970000000000006,7.376316744511212,74.54779887764438,129.82395607128913,124.18330597346821
2025-05-09 05:27:27,755.07,698.44,57.05,73.09,726.7550000000001,1453.5100000000002,56.629999999999995,0.07792172041757989,130.14,16.040000000000006,-166.76,-298.30999999999995,-232.53499999999985,131.54999999999995,0.5657212868354388,-144.11,-38.6099999999999,-91.35999999999967,1.1299999999999955,-1.039999999999992,2.1699999999999875,5.584409054983795,133.58937431548316,106.55992436183502,154.1398123052575
2025-05-09 05:27:28,623.44,858.84,58.19,72.02,741.1400000000001,1482.2800000000002,235.39999999999998,0.31761880303637796,130.20999999999998,13.829999999999998,-131.63,160.39999999999998,14.384999999999991,292.03,20.301006583176473,35.129999999999995,458.7099999999999,246.91999999999985,1.1400000000000006,-1.0700000000000074,2.210000000000008,5.691882300192903,158.0066604371556,113.39651418804723,154.78443754945135
2025-05-09 05:27:29,436.48,488.95,59.41,70.91,462.71500000000003,925.4300000000001,52.46999999999997,0.11339593461764592,130.32,11.5,-186.96000000000004,-369.89000000000004,-278.42500000000007,182.93,0.6570171476806422,-55.33000000000004,-530.29,-292.81000000000006,1.2199999999999989,-1.1099999999999994,2.3299999999999983,3.5506061728774854,244.04121297949558,119.7134481585089,183.5100956895833
2025-05-09 05:27:30,108.32,554.64,60.68,69.75,331.48,662.96,446.32,1.346446237038596,130.43,9.07,-328.16,65.69,-131.235,393.85,3.001104865309522,-141.2,435.58000000000004,147.19000000000005,1.2700000000000031,-1.1599999999999966,2.4299999999999997,2.541439833309516,248.10530751579057,170.50411804411058,112.56704100224005
2025-05-09 05:27:31,182.1,632.69,61.3,68.58,407.39500000000004,814.7900000000001,450.59000000000003,1.106027317208048,129.88,7.280000000000001,73.78,78.05000000000007,75.91500000000002,4.270000000000067,0.05624711774686094,401.94000000000005,12.36000000000007,207.15000000000003,0.6199999999999974,-1.1700000000000017,1.7899999999999991,3.1367030864128194,188.53789024359557,197.0953770893676,153.18944914712628
2025-05-09 05:27:32,182.1,513.58,61.3,67.37,347.84000000000003,695.6800000000001,331.48,0.9529668785850768,128.67000000000002,6.070000000000007,0.0,-119.11000000000001,-59.55500000000001,119.11000000000001,1.9999999664175978,-73.78,-197.16000000000008,-135.47000000000003,0.0,-1.2099999999999937,1.2099999999999937,2.7033496331440925,166.5036244875973,166.18458433320464,137.42689318324855
2025-05-09 05:27:33,186.2,189.59,61.3,66.03,187.89499999999998,375.78999999999996,3.390000000000015,0.01804199144180539,127.33,4.730000000000004,4.099999999999994,-323.99,-159.94500000000005,328.09000000000003,2.051267610420659,4.099999999999994,-204.88,-100.39000000000004,0.0,-1.3400000000000034,1.3400000000000034,1.4756538013378322,103.18964719150792,215.06793194244463,130.78550007550533
2025-05-09 05:27:34,196.44,251.06,61.36,66.03,223.75,447.5,54.620000000000005,0.24411173075257328,127.39,4.670000000000002,10.240000000000009,61.47,35.85500000000002,51.22999999999999,1.4288104468327854,6.140000000000015,385.46000000000004,195.80000000000007,0.060000000000002274,0.0,0.060000000000002274,1.756417287413319,91.09664871721868,214.55868975643935,102.44466833369127
2025-05-09 05:27:35,16.16,361.75,61.46,65.94,188.955,377.91,345.59,1.8289539740734353,127.4,4.479999999999997,-180.28,110.69,-34.79499999999999,290.97,8.362408151676735,-190.52,49.22,-70.65,0.10000000000000142,-0.09000000000000341,0.19000000000000483,1.4831632536643387,100.47167228880296,196.32559265159495,91.27689494061467
2025-05-09 05:27:36,155.45,257.2,61.46,65.81,206.325,412.65,101.75,0.49315400221420574,127.27000000000001,4.350000000000001,139.29,-104.55000000000001,17.369999999999976,243.84,14.037995737593816,319.57,-215.24,52.164999999999964,0.0,-0.12999999999999545,0.12999999999999545,1.6211597263993105,66.96793212059788,160.15808418559453,77.20324154463985
2025-05-09 05:27:37,126.76,226.47,61.59,65.67,176.615,353.23,99.71,0.5645613307784654,127.26,4.079999999999998,-28.689999999999984,-30.72999999999999,-29.70999999999998,2.0400000000000063,0.06866374726813397,-167.97999999999996,73.82000000000002,-47.079999999999956,0.13000000000000256,-0.14000000000000057,0.2700000000000031,1.387828057615684,18.474733286554738,131.81702325572363,76.48443787791085
2025-05-09 05:27:38,81.69,208.03,61.72,65.49,144.86,289.72,126.34,0.8721524170084742,127.21,3.769999999999996,-45.07000000000001,-18.439999999999998,-31.754999999999995,26.63000000000001,0.8386080668049739,-16.380000000000024,12.289999999999992,-2.045000000000016,0.12999999999999545,-0.18000000000000682,0.3100000000000023,1.1387469449041199,30.022520588874883,114.75302030883539,32.858225111834656
2025-05-09 05:27:39,32.54,298.2,61.72,65.49,165.37,330.74,265.65999999999997,1.6064582354329184,127.21,3.769999999999996,-49.15,90.16999999999999,20.50999999999999,139.32,6.792783676607332,-4.079999999999991,108.60999999999999,52.264999999999986,0.0,0.0,0.0,1.2999764067292163,23.289532251840722,111.6933809587658,28.028950524413165
2025-05-09 05:27:40,-16.6,302.3,61.72,65.49,142.85,285.7,318.90000000000003,2.232411604953367,127.21,3.769999999999996,-49.14,4.100000000000023,-22.52000000000001,53.24000000000002,2.3641206765488154,0.00999999999999801,-86.06999999999996,-43.03,0.0,0.0,0.0,1.1229463004249172,26.051654314258403,102.52954925288608,25.958896933421524
2025-05-09 05:27:41,-43.21,300.25,61.72,65.49,128.52,257.04,343.46,2.67242450457186,127.21,3.769999999999996,-26.61,-2.0500000000000114,-14.329999999999984,24.559999999999988,1.713886830852281,22.53,-6.150000000000034,8.190000000000026,0.0,0.0,0.0,1.010297924610503,19.170487604903773,111.54100582297073,21.29260388022098
2025-05-09 05:27:42,-49.35,304.35,61.72,65.49,127.50000000000001,255.00000000000003,353.70000000000005,2.7741176253010384,127.21,3.769999999999996,-6.140000000000001,4.100000000000023,-1.019999999999996,10.240000000000023,10.039205843915902,20.47,6.150000000000034,13.309999999999988,0.0,0.0,0.0,1.0022796871135944,15.38552404079445,93.24176918098453,20.37230460699039
