time,force_left,force_right,dis_left,dis_right,force_avg,force_sum,force_diff,force_diff_ratio,total_delta_dis,dis_diff,left_force_rate,right_force_rate,force_rate,force_rate_diff,force_rate_ratio,left_force_acc,right_force_acc,force_acc,left_dis_rate,right_dis_rate,dis_rate_diff,stiffness_ratio,force_std_5s,force_diff_std_5s,force_rate_std_5s
2025-04-05 13:46:56,239.23,254.05,0.2,0.13,246.64,493.28,14.820000000000022,0.06008757679173064,0.33,0.07,0.0,0.0,0.0,0.0,0.0,0.0,0.0,0.0,0.0,0.0,0.0,747.3916745706831,0.0,0.0,0.0
2025-04-05 13:46:57,243.92,250.92,0.36,0.13,247.42,494.84,7.0,0.028291973048694637,0.49,0.22999999999999998,4.689999999999998,-3.130000000000024,0.7800000000000011,7.820000000000022,10.025628172271587,4.689999999999998,-3.130000000000024,0.7800000000000011,0.15999999999999998,0.0,0.15999999999999998,504.93774502501014,0.0,0.0,0.0
2025-04-05 13:46:58,243.92,252.49,0.7,0.13,248.20499999999998,496.40999999999997,8.570000000000022,0.03452791025753757,0.83,0.57,0.0,1.5700000000000216,0.7849999999999966,1.5700000000000216,1.999997452232581,-4.689999999999998,4.7000000000000455,0.0049999999999954525,0.33999999999999997,0.0,0.33999999999999997,299.0418083833634,0.0,0.0,0.0
2025-04-05 13:46:59,245.49,252.49,0.96,0.13,248.99,497.98,7.0,0.028113578745678224,1.0899999999999999,0.83,1.5700000000000216,0.0,0.785000000000025,1.5700000000000216,1.9999974522325086,1.5700000000000216,-1.5700000000000216,2.842170943040401e-14,0.26,0.0,0.26,228.43098309084127,0.0,0.0,0.0
2025-04-05 13:47:00,247.05,249.36,1.3,0.13,248.205,496.41,2.3100000000000023,0.009306822951564953,1.4300000000000002,1.17,1.5600000000000023,-3.1299999999999955,-0.7849999999999966,4.689999999999998,5.974514682146925,-0.010000000000019327,-3.1299999999999955,-1.5700000000000216,0.3400000000000001,0.0,0.3400000000000001,173.56980869244148,0.8932846690725293,4.505424508301085,0.7012898830013189
2025-04-05 13:47:01,270.53,250.92,1.43,0.13,260.72499999999997,521.4499999999999,19.609999999999985,0.07521334710820458,1.56,1.2999999999999998,23.47999999999996,1.5599999999999739,12.519999999999953,21.919999999999987,1.7507985822045917,21.91999999999996,4.689999999999969,13.30499999999995,0.1299999999999999,0.0,0.1299999999999999,167.13130312095953,5.62656133886408,6.4315837862846745,5.466489504243079
2025-04-05 13:47:02,250.18,250.92,1.66,0.13,250.55,501.1,0.7399999999999807,0.002953502283162955,1.79,1.5299999999999998,-20.349999999999966,0.0,-10.174999999999955,20.349999999999966,1.9999998034398285,-43.82999999999993,-1.5599999999999739,-22.694999999999908,0.22999999999999998,0.0,0.22999999999999998,139.97198884246436,5.335755569738924,7.4258689727196225,8.064898015474187
2025-04-05 13:47:03,248.61,246.23,1.83,0.13,247.42000000000002,494.84000000000003,2.380000000000024,0.009619270836556273,1.96,1.7000000000000002,-1.5699999999999932,-4.689999999999998,-3.1299999999999955,3.1200000000000045,0.996804793353104,18.779999999999973,-4.689999999999998,7.044999999999959,0.17000000000000015,0.0,0.17000000000000015,126.23462947212784,5.460957562552552,7.7425428639433385,8.233880160653268
2025-04-05 13:47:04,250.18,246.23,1.98,0.13,248.20499999999998,496.40999999999997,3.950000000000017,0.01591426435440766,2.11,1.85,1.5699999999999932,0.0,0.7849999999999682,1.5699999999999932,1.9999974522326172,3.1399999999999864,4.689999999999998,3.9149999999999636,0.1499999999999999,0.0,0.1499999999999999,117.63264567173191,5.550143466614167,7.804144411785311,8.233880160653266
2025-04-05 13:47:05,253.31,249.36,2.21,0.13,251.335,502.67,3.9499999999999886,0.01571607609081072,2.34,2.08,3.1299999999999955,3.130000000000024,3.130000000000024,2.842170943040401e-14,9.08041544728062e-15,1.5600000000000023,3.130000000000024,2.3450000000000557,0.22999999999999998,0.0,0.22999999999999998,107.40807375723344,5.325075821056445,7.65391599117732,8.344634054288989
2025-04-05 13:47:06,253.31,274.39,2.38,0.32,263.85,527.7,21.079999999999984,0.07989387879517189,2.6999999999999997,2.06,0.0,25.029999999999973,12.515000000000015,25.029999999999973,1.9999998401917782,-3.1299999999999955,21.89999999999995,9.384999999999991,0.16999999999999993,0.19,0.020000000000000073,97.72218602882,6.670377238207764,8.302129244958783,8.34285247981767
2025-04-05 13:47:07,261.13,265.0,2.66,0.32,263.065,526.13,3.8700000000000045,0.014711192995224798,2.98,2.3400000000000003,7.819999999999993,-9.389999999999986,-0.785000000000025,17.20999999999998,21.92353895090507,7.819999999999993,-34.41999999999996,-13.30000000000004,0.28000000000000025,0.0,0.28000000000000025,88.27681601449126,8.064958927359788,7.873724023611687,6.044138276048964
2025-04-05 13:47:08,256.44,266.57,2.78,0.32,261.505,523.01,10.129999999999995,0.038737308889935894,3.0999999999999996,2.46,-4.689999999999998,1.5699999999999932,-1.5600000000000023,6.259999999999991,4.012817940501309,-12.509999999999991,10.95999999999998,-0.7749999999999773,0.11999999999999966,0.0,0.11999999999999966,84.35642440115342,7.2748484520298105,7.478454385767146,5.709875874307616
2025-04-05 13:47:09,256.44,266.57,2.91,0.32,261.505,523.01,10.129999999999995,0.038737308889935894,3.23,2.5900000000000003,0.0,0.0,0.0,0.0,0.0,4.689999999999998,-1.5699999999999932,1.5600000000000023,0.13000000000000034,0.0,0.13000000000000034,80.96127524418722,5.087029585131247,7.014956877985774,5.789947106839589
2025-04-05 13:47:10,256.44,265.0,2.97,0.32,260.72,521.44,8.560000000000002,0.032832156977477156,3.29,2.6500000000000004,0.0,-1.5699999999999932,-0.7849999999999682,1.5699999999999932,1.9999974522326172,0.0,-1.5699999999999932,-0.7849999999999682,0.06000000000000005,0.0,0.06000000000000005,79.246176520919,1.28471494892869,6.316805363472891,5.972345226123493
2025-04-05 13:47:11,259.57,263.44,3.16,0.32,261.505,523.01,3.8700000000000045,0.014798952162295377,3.48,2.8400000000000003,3.1299999999999955,-1.5600000000000023,0.7849999999999682,4.689999999999998,5.974514682147141,3.1299999999999955,0.009999999999990905,1.5699999999999363,0.18999999999999995,0.0,0.18999999999999995,75.14509334911111,0.8558183218421915,3.2068083821768925,0.8919739345967344
2025-04-05 13:47:12,256.44,263.44,3.16,0.32,259.94,519.88,7.0,0.026929291271334574,3.48,2.8400000000000003,-3.1299999999999955,0.0,-1.5649999999999977,3.1299999999999955,1.999998722045545,-6.259999999999991,1.5600000000000023,-2.349999999999966,0.0,0.0,0.0,74.69538083466068,0.7001696223064434,2.618448013614168,1.020067399733946
2025-04-05 13:47:13,261.13,324.55,3.42,0.79,292.84000000000003,585.6800000000001,63.420000000000016,0.2165687740180004,4.21,2.63,4.689999999999998,61.110000000000014,32.900000000000034,56.420000000000016,1.714893564896851,7.819999999999993,61.110000000000014,34.46500000000003,0.2599999999999998,0.47000000000000003,0.21000000000000024,69.55817825221419,14.290920456709628,25.164000675568268,14.914047321233777
2025-04-05 13:47:14,259.57,341.82,3.59,1.87,300.695,601.39,82.25,0.2735329810155374,5.46,1.7199999999999998,-1.5600000000000023,17.269999999999982,7.854999999999961,18.829999999999984,2.397198930974048,-6.25,-43.84000000000003,-25.045000000000073,0.16999999999999993,1.08,0.9100000000000001,55.072334235836216,19.945160127208858,36.98921261665352,14.496736529302048
2025-04-05 13:47:15,258.0,354.39,3.59,2.93,306.195,612.39,96.38999999999999,0.314799391515866,6.52,0.6599999999999997,-1.5699999999999932,12.569999999999993,5.5,14.139999999999986,2.5709086234711567,-0.009999999999990905,-4.699999999999989,-2.3549999999999613,0.0,1.06,1.06,46.96241611005888,21.989310755455755,42.85863658587379,13.818749491180473
2025-04-05 13:47:16,258.0,354.39,3.59,4.01,306.195,612.39,96.38999999999999,0.314799391515866,7.6,0.41999999999999993,0.0,0.0,0.0,0.0,0.0,1.5699999999999932,-12.569999999999993,-5.5,0.0,1.0799999999999996,1.0799999999999996,40.28881048831441,19.366650652603866,37.252793854958036,13.94068712438524
2025-04-05 13:47:17,258.0,360.68,3.59,5.1,309.34000000000003,618.6800000000001,102.68,0.3319325003816755,8.69,1.5099999999999998,0.0,6.2900000000000205,3.1450000000000387,6.2900000000000205,1.9999993640701363,0.0,6.2900000000000205,3.1450000000000387,0.0,1.0899999999999999,1.0899999999999999,35.59723410848861,6.502619279951877,15.75809411064672,13.192612042351593
2025-04-05 13:47:18,258.0,368.54,3.59,6.16,313.27,626.54,110.54000000000002,0.35285855539037086,9.75,2.5700000000000003,0.0,7.860000000000014,3.92999999999995,7.860000000000014,1.999999491094306,0.0,1.5699999999999932,0.7849999999999113,0.0,1.0600000000000005,1.0600000000000005,32.130253114845836,4.629821000859755,10.38975697502107,2.907317062172594
2025-04-05 13:47:19,330.11,376.4,4.33,7.24,353.255,706.51,46.289999999999964,0.13103848457618852,11.57,2.91,72.11000000000001,7.859999999999957,39.985000000000014,64.25000000000006,1.6068525295272604,72.11000000000001,-5.684341886080802e-14,36.055000000000064,0.7400000000000002,1.08,0.33999999999999986,30.531976617806688,20.1146126609488,25.36657978522134,16.597254516937436
2025-04-05 13:47:20,342.68,370.11,5.41,8.32,356.395,712.79,27.430000000000007,0.07696516483967183,13.73,2.91,12.569999999999993,-6.289999999999964,3.1399999999999864,18.859999999999957,6.006367513895708,-59.54000000000002,-14.14999999999992,-36.84500000000003,1.08,1.08,0.0,25.957390680452242,24.921076270899736,37.28303005389986,16.807645209844246
2025-04-05 13:47:21,369.4,381.12,6.5,9.38,375.26,750.52,11.720000000000027,0.031231679285744145,15.88,2.880000000000001,26.71999999999997,11.009999999999991,18.86500000000001,15.70999999999998,0.8327590335139644,14.149999999999977,17.299999999999955,15.725000000000023,1.0899999999999999,1.0600000000000005,0.02999999999999936,23.630980879661152,28.857308736263036,44.5960824512647,16.09261577556614
2025-04-05 13:47:22,381.99,401.58,7.56,10.46,391.78499999999997,783.5699999999999,19.589999999999975,0.050001914187623474,18.02,2.9000000000000012,12.590000000000032,20.45999999999998,16.524999999999977,7.869999999999948,0.47624808010601377,-14.129999999999939,9.449999999999989,-2.340000000000032,1.0599999999999996,1.08,0.020000000000000462,21.74167470911905,29.432964215314854,39.816146599087155,14.946847242813467
2025-04-05 13:47:23,407.18,412.61,8.62,11.52,409.895,819.79,5.430000000000007,0.01324729500665466,20.14,2.9000000000000004,25.189999999999998,11.03000000000003,18.110000000000014,14.159999999999968,0.7818884162402838,12.599999999999966,-9.42999999999995,1.5850000000000364,1.0599999999999996,1.0599999999999987,8.881784197001252e-16,20.352283001376215,23.935278774227946,15.854794858338554,13.212850279178987
2025-04-05 13:47:24,410.34,425.22,9.68,12.58,417.78,835.56,14.880000000000052,0.035616831740110155,22.259999999999998,2.9000000000000004,3.159999999999968,12.610000000000014,7.884999999999991,9.450000000000045,1.1984779710237268,-22.03000000000003,1.579999999999984,-10.225000000000023,1.0600000000000005,1.0600000000000005,0.0,18.768193226945495,25.08505845119778,8.286286864452565,7.004884902694695
2025-04-05 13:47:25,413.49,458.35,10.72,13.64,435.92,871.84,44.860000000000014,0.10290879036770789,24.36,2.92,3.150000000000034,33.129999999999995,18.140000000000043,29.97999999999996,1.6527011216812992,-0.009999999999934062,20.519999999999982,10.255000000000052,1.040000000000001,1.0600000000000005,0.019999999999999574,17.89490895341096,23.43116370349566,15.188542721406789,4.564089449167278
2025-04-05 13:47:26,421.37,478.88,11.78,14.7,450.125,900.25,57.50999999999999,0.12776450957453037,26.479999999999997,2.92,7.8799999999999955,20.529999999999973,14.204999999999984,12.649999999999977,0.8905314403004965,4.729999999999961,-12.600000000000023,-3.935000000000059,1.0599999999999987,1.0599999999999987,0.0,16.99867760579012,22.682739417892513,21.83080690217379,4.2751880075617805
2025-04-05 13:47:27,429.25,485.2,12.82,15.51,457.225,914.45,55.94999999999999,0.1223686366179263,28.33,2.6899999999999995,7.8799999999999955,6.319999999999993,7.100000000000023,1.5600000000000023,0.21971827891291806,0.0,-14.20999999999998,-7.104999999999961,1.040000000000001,0.8100000000000005,0.23000000000000043,16.139251106980193,20.29201487038722,24.080002699335363,5.3599960354463
2025-04-05 13:47:28,465.56,453.61,13.86,16.49,459.58500000000004,919.1700000000001,11.949999999999989,0.026001718885512514,30.349999999999998,2.629999999999999,36.31,-31.589999999999975,2.3600000000000136,67.89999999999998,28.77117424950226,28.430000000000007,-37.90999999999997,-4.740000000000009,1.0399999999999991,0.9799999999999986,0.0600000000000005,15.14283310896761,17.37816611440969,22.126537234732385,6.2284675081435585
2025-04-05 13:47:29,482.94,510.51,14.9,17.16,496.725,993.45,27.569999999999993,0.055503548129239404,32.06,2.26,17.379999999999995,56.89999999999998,37.139999999999986,39.51999999999998,1.0640818237996277,-18.930000000000007,88.48999999999995,34.77999999999997,1.040000000000001,0.6700000000000017,0.3699999999999992,15.493605255969893,22.54953003944914,19.525601655262747,13.413968652117823
2025-04-05 13:47:30,494.01,466.24,15.93,17.61,480.125,960.25,27.769999999999982,0.05783910427942906,33.54,1.6799999999999997,11.069999999999993,-44.26999999999998,-16.600000000000023,55.339999999999975,3.333734738931636,-6.310000000000002,-101.16999999999996,-53.74000000000001,1.0299999999999994,0.4499999999999993,0.5800000000000001,14.314996591681677,19.20744959644619,19.86057904493218,19.50567109842673
2025-04-05 13:47:31,481.36,478.88,16.95,18.14,480.12,960.24,2.480000000000018,0.005165375312077487,35.09,1.1900000000000013,-12.649999999999977,12.639999999999986,-0.0049999999999954525,25.289999999999964,5056.988602284135,-23.71999999999997,56.90999999999997,16.595000000000027,1.0199999999999996,0.5300000000000011,0.48999999999999844,13.682530245581924,16.41440541110221,20.307200200913933,19.563864776674368
2025-04-05 13:47:32,459.24,504.18,17.59,18.48,481.71000000000004,963.4200000000001,44.94,0.09329264475868748,36.07,0.8900000000000006,-22.120000000000005,25.30000000000001,1.5900000000000318,47.420000000000016,29.82388061391098,-9.470000000000027,12.660000000000025,1.5950000000000273,0.6400000000000006,0.33999999999999986,0.3000000000000007,13.354865168980728,13.217884948055119,16.341339296397926,19.641373933612687
2025-04-05 13:47:33,489.27,486.78,17.89,19.01,488.025,976.05,2.490000000000009,0.005102197622863197,36.900000000000006,1.120000000000001,30.029999999999973,-17.400000000000034,6.314999999999941,47.43000000000001,7.510687646763706,52.14999999999998,-42.700000000000045,4.724999999999909,0.3000000000000007,0.5300000000000011,0.23000000000000043,13.22560939767996,7.149282656324545,18.355648994246945,19.593240097033462
2025-04-05 13:47:34,467.14,537.43,18.5,19.37,502.28499999999997,1004.5699999999999,70.28999999999996,0.1399404717641568,37.870000000000005,0.870000000000001,-22.129999999999995,50.64999999999998,14.259999999999991,72.77999999999997,5.1037864583599974,-52.15999999999997,68.05000000000001,7.94500000000005,0.6099999999999994,0.35999999999999943,0.25,13.263400758822264,9.430932217974135,29.00339169821347,11.348262311913658
2025-04-05 13:47:35,497.18,493.11,18.78,19.58,495.145,990.29,4.069999999999993,0.008219814381201828,38.36,0.7999999999999972,30.04000000000002,-44.319999999999936,-7.139999999999986,74.35999999999996,10.414564367708085,52.170000000000016,-94.96999999999991,-21.399999999999977,0.28000000000000114,0.2099999999999973,0.07000000000000384,12.907846378836123,9.302649219444032,31.22737789184353,7.931180082434117
2025-04-05 13:47:36,476.62,499.43,19.2,19.96,488.025,976.05,22.810000000000002,0.046739408745987594,39.16,0.7600000000000016,-20.560000000000002,6.319999999999993,-7.1200000000000045,26.879999999999995,3.7752803686403946,-50.60000000000002,50.63999999999993,0.01999999999998181,0.41999999999999815,0.38000000000000256,0.039999999999995595,12.462333696058895,7.882423168038033,28.81630094234856,9.15056173139112
2025-04-05 13:47:37,500.34,501.01,19.46,20.24,500.67499999999995,1001.3499999999999,0.6700000000000159,0.0013381934361847956,39.7,0.7799999999999976,23.71999999999997,1.579999999999984,12.649999999999977,22.139999999999986,1.7501974901029673,44.27999999999997,-4.740000000000009,19.769999999999982,0.26000000000000156,0.2799999999999976,0.01999999999999602,12.611460639509806,6.753819660016301,29.45747918610821,10.404194827087755
2025-04-05 13:47:38,481.36,505.76,19.8,20.58,493.56,987.12,24.399999999999977,0.049436745179032404,40.379999999999995,0.7799999999999976,-18.97999999999996,4.75,-7.114999999999952,23.72999999999996,3.335206839746069,-42.69999999999993,3.170000000000016,-19.76499999999993,0.33999999999999986,0.33999999999999986,0.0,12.222882312459578,5.73635075636267,27.77062512800168,11.286497242280241
2025-04-05 13:47:39,533.59,516.84,20.07,20.6,525.215,1050.43,16.75,0.031891701432952786,40.67,0.5300000000000011,52.23000000000002,11.080000000000041,31.65500000000003,41.14999999999998,1.2999525730547263,71.20999999999998,6.330000000000041,38.76999999999998,0.2699999999999996,0.020000000000003126,0.24999999999999645,12.914064103416177,14.520022555079677,10.831601912921245,17.386789309702923
2025-04-05 13:47:40,490.85,512.09,20.41,20.9,501.47,1002.94,21.24000000000001,0.04235547481932026,41.31,0.48999999999999844,-42.74000000000001,-4.75,-23.745000000000005,37.99000000000001,1.5999157043623624,-94.97000000000003,-15.830000000000041,-55.400000000000034,0.33999999999999986,0.29999999999999716,0.0400000000000027,12.139191185204766,14.206375065442355,9.657558179995558,21.326058297303796
2025-04-05 13:47:41,494.01,518.42,20.56,20.94,506.215,1012.43,24.409999999999968,0.048220617626461786,41.5,0.38000000000000256,3.159999999999968,6.329999999999927,4.744999999999948,3.169999999999959,0.6680715135781834,45.89999999999998,11.079999999999927,28.489999999999952,0.14999999999999858,0.0400000000000027,0.10999999999999588,12.197951513302373,11.950428130406925,9.914092495029436,20.813754947149732
2025-04-05 13:47:42,495.6,513.67,20.83,21.15,504.635,1009.27,18.069999999999936,0.035808059219419736,41.98,0.3200000000000003,1.5900000000000318,-4.75,-1.579999999999984,6.340000000000032,4.012655688192663,-1.5699999999999363,-11.079999999999927,-6.324999999999932,0.2699999999999996,0.2099999999999973,0.060000000000002274,12.020842972347715,11.685037120181557,3.5316327668656697,20.238344670451685
2025-04-05 13:47:43,505.09,508.92,21.05,21.15,507.005,1014.01,3.830000000000041,0.007554166117584392,42.2,0.09999999999999787,9.489999999999952,-4.749999999999943,2.3700000000000045,14.239999999999895,6.008436283360162,7.89999999999992,5.684341886080802e-14,3.9499999999999886,0.22000000000000242,0.0,0.22000000000000242,12.014336208191084,9.359143657409057,7.865176412516055,19.750561827451904
2025-04-05 13:47:44,498.76,510.51,21.34,21.15,504.635,1009.27,11.75,0.023284155828897805,42.489999999999995,0.19000000000000128,-6.329999999999984,1.589999999999975,-2.3700000000000045,7.919999999999959,3.3417707418688614,-15.819999999999936,6.339999999999918,-4.740000000000009,0.28999999999999915,0.0,0.28999999999999915,11.87655891088353,2.1217492783128966,8.193656082604328,11.350803605912656
2025-04-05 13:47:45,484.52,508.92,21.58,21.15,496.72,993.44,24.400000000000034,0.049122241808016165,42.73,0.4299999999999997,-14.240000000000009,-1.589999999999975,-7.914999999999964,12.650000000000034,1.5982310046454944,-7.910000000000025,-3.17999999999995,-5.544999999999959,0.23999999999999844,0.0,0.23999999999999844,11.62461943307701,4.111455946501385,8.810988593795763,4.857467189801659
2025-04-05 13:47:46,505.09,518.42,21.85,21.32,511.755,1023.51,13.329999999999984,0.02604762039247758,43.17,0.5300000000000011,20.569999999999993,9.499999999999943,15.034999999999968,11.07000000000005,0.7362819596752986,34.81,11.089999999999918,22.949999999999932,0.2700000000000031,0.1700000000000017,0.10000000000000142,11.85441251205901,5.442021683163452,7.636823947165419,8.606543005179228
2025-04-05 13:47:47,514.59,513.67,22.11,21.32,514.13,1028.26,0.9200000000000728,0.001789430685255951,43.43,0.7899999999999991,9.500000000000057,-4.75,2.375,14.250000000000057,5.999997473685298,-11.069999999999936,-14.249999999999943,-12.659999999999968,0.259999999999998,0.0,0.259999999999998,11.83813005208082,6.7934632184196335,9.198479765700368,8.478529795902087
2025-04-05 13:47:48,506.67,512.09,22.28,21.32,509.38,1018.76,5.420000000000016,0.010640386331146943,43.6,0.9600000000000009,-7.920000000000016,-1.5799999999999272,-4.75,6.340000000000089,1.334736561108111,-17.420000000000073,3.1700000000000728,-7.125,0.1700000000000017,0.0,0.1700000000000017,11.68302725497644,6.889449724036042,8.918516132182482,8.963681581805519
2025-04-05 13:47:49,509.84,513.67,22.45,21.32,511.755,1023.51,3.829999999999984,0.007484049970231721,43.769999999999996,1.129999999999999,3.169999999999959,1.5799999999999272,2.375,1.5900000000000318,0.6694734023270018,11.089999999999975,3.1599999999998545,7.125,0.16999999999999815,0.0,0.16999999999999815,11.691912001555588,6.930408177013808,9.474420826625728,8.837467397393864
2025-04-05 13:47:50,508.25,515.25,22.6,21.32,511.75,1023.5,7.0,0.013678553954707271,43.92,1.2800000000000011,-1.589999999999975,1.580000000000041,-0.0049999999999954525,3.170000000000016,633.8732253555086,-4.759999999999934,1.1368683772161603e-13,-2.3799999999999955,0.15000000000000213,0.0,0.15000000000000213,11.65186676566788,1.6793800939689978,4.624137757463463,7.326575257239883
2025-04-05 13:47:51,501.92,513.67,22.81,21.32,507.79499999999996,1015.5899999999999,11.749999999999943,0.023139258907355697,44.129999999999995,1.4899999999999984,-6.329999999999984,-1.580000000000041,-3.955000000000041,4.749999999999943,1.2010110743334563,-4.740000000000009,-3.160000000000082,-3.9500000000000455,0.2099999999999973,0.0,0.2099999999999973,11.50679783578523,2.4402166912017265,4.021222450946867,3.4040226203713666
2025-04-05 13:47:52,511.42,512.09,23.1,21.32,511.755,1023.51,0.6700000000000159,0.0013092202297794759,44.42,1.7800000000000011,9.5,-1.5799999999999272,3.9600000000000364,11.079999999999927,2.797979091419377,15.829999999999984,1.1368683772161603e-13,7.915000000000077,0.2900000000000027,0.0,0.2900000000000027,11.520823693813064,1.82230142951696,4.097649326138007,3.8209504707598643
2025-04-05 13:47:53,513.0,510.51,23.19,21.32,511.755,1023.51,2.490000000000009,0.00486560951067288,44.510000000000005,1.870000000000001,1.579999999999984,-1.580000000000041,0.0,3.160000000000025,3160000.000000025,-7.920000000000016,-1.1368683772161603e-13,-3.9600000000000364,0.08999999999999986,0.0,0.08999999999999986,11.497528386934881,1.7704081450387301,4.355194599555713,2.993165130760417
2025-04-05 13:47:54,511.42,507.34,23.34,21.32,509.38,1018.76,4.080000000000041,0.00800973731200735,44.66,2.0199999999999996,-1.579999999999984,-3.170000000000016,-2.375,1.5900000000000318,0.6694734023270018,-3.159999999999968,-1.589999999999975,-2.375,0.14999999999999858,0.0,0.14999999999999858,11.405731943445323,1.82230142951696,4.337680255620417,2.9931651307604175
2025-04-05 13:47:55,511.42,508.92,23.46,21.32,510.17,1020.34,2.5,0.004900327332261153,44.78,2.1400000000000006,0.0,1.580000000000041,0.7900000000000205,1.580000000000041,1.999997468357635,1.579999999999984,4.750000000000057,3.1650000000000205,0.120000000000001,0.0,0.120000000000001,11.392809035444193,1.6799680056535655,4.33716151417021,3.0450398191156776
2025-04-05 13:47:56,513.0,510.51,23.61,21.32,511.755,1023.51,2.490000000000009,0.00486560951067288,44.93,2.289999999999999,1.579999999999984,1.589999999999975,1.5849999999999795,0.009999999999990905,0.006309144284445899,1.579999999999984,0.009999999999934062,0.7949999999999591,0.14999999999999858,0.0,0.14999999999999858,11.390050937234568,1.1198805739985516,1.2073648992742492,2.308800012993745
2025-04-05 13:47:57,524.09,512.09,23.78,21.32,518.09,1036.18,12.0,0.02316199883579687,45.1,2.460000000000001,11.090000000000032,1.580000000000041,6.335000000000036,9.509999999999991,1.5011836620073045,9.510000000000048,-0.009999999999934062,4.750000000000057,0.1700000000000017,0.0,0.1700000000000017,11.48758289384517,3.433545907661499,4.131642530519725,3.1969802157661142
2025-04-05 13:47:58,514.59,505.76,23.93,21.32,510.175,1020.35,8.830000000000041,0.017307786509907882,45.25,2.6099999999999994,-9.5,-6.330000000000041,-7.9150000000000205,3.169999999999959,0.40050531895068,-20.590000000000032,-7.910000000000082,-14.250000000000057,0.14999999999999858,0.0,0.14999999999999858,11.274585386197009,3.5586187629499006,4.250394099374724,5.269182099719089
2025-04-05 13:47:59,514.59,508.92,24.19,21.32,511.755,1023.51,5.670000000000016,0.011079520452014139,45.510000000000005,2.870000000000001,0.0,3.160000000000025,1.579999999999984,3.160000000000025,1.9999987341780525,9.5,9.490000000000066,9.495000000000005,0.26000000000000156,0.0,0.26000000000000156,11.244890985609953,3.2837124569637584,4.130492706687604,5.178900703817369
2025-04-05 13:48:00,514.59,512.09,24.19,21.32,513.34,1026.68,2.5,0.004870066613024376,45.510000000000005,2.870000000000001,0.0,3.170000000000016,1.5850000000000364,3.170000000000016,1.9999987381711073,0.0,0.009999999999990905,0.005000000000052296,0.0,0.0,0.0,11.27971849528195,3.0455594724153396,4.130492706687604,5.203136554041231
2025-04-05 13:48:01,517.75,585.01,24.27,21.73,551.38,1102.76,67.25999999999999,0.12198483782149362,46.0,2.539999999999999,3.159999999999968,72.91999999999996,38.039999999999964,69.75999999999999,1.8338590474800478,3.159999999999968,69.74999999999994,36.45499999999993,0.0799999999999983,0.41000000000000014,0.33000000000000185,11.98652147855388,17.267927133851842,27.069714996652603,17.612506564938432
2025-04-05 13:48:02,519.34,602.48,24.44,22.76,560.9100000000001,1121.8200000000002,83.13999999999999,0.14822342238822012,47.2,1.6799999999999997,1.5900000000000318,17.470000000000027,9.530000000000086,15.879999999999995,1.666316719169269,-1.5699999999999363,-55.44999999999993,-28.509999999999877,0.1700000000000017,1.0300000000000011,0.8599999999999994,11.883686188904955,24.57034813550706,38.56158386269939,17.598351272207275
2025-04-05 13:48:03,517.75,604.07,24.44,23.78,560.9100000000001,1121.8200000000002,86.32000000000005,0.15389278109876317,48.22,0.6600000000000001,-1.5900000000000318,1.5900000000000318,0.0,3.1800000000000637,3180000.000000064,-3.1800000000000637,-15.879999999999995,-9.530000000000086,0.0,1.0199999999999996,1.0199999999999996,11.632310003477604,25.05950328717656,41.62777342111873,16.031711387122684
2025-04-05 13:48:04,514.59,607.25,24.44,24.82,560.9200000000001,1121.8400000000001,92.65999999999997,0.16519289708836743,49.260000000000005,0.379999999999999,-3.159999999999968,3.17999999999995,0.009999999999990905,6.339999999999918,633.9366063399344,-1.5699999999999363,1.5899999999999181,0.009999999999990905,0.0,1.0399999999999991,1.0399999999999991,11.386926281223584,20.626877369102942,36.913982174780315,16.25527129887407
2025-04-05 13:48:05,514.59,591.36,24.44,25.86,552.975,1105.95,76.76999999999998,0.1388308691372469,50.3,1.4199999999999982,0.0,-15.889999999999986,-7.94500000000005,15.889999999999986,1.9999997482693692,3.159999999999968,-19.069999999999936,-7.955000000000041,0.0,1.0399999999999991,1.0399999999999991,10.993538548836213,4.817930572352643,9.685731774109726,17.93599021520696
2025-04-05 13:48:06,578.01,608.84,25.16,26.88,593.425,1186.85,30.83000000000004,0.05195264767754543,52.04,1.7199999999999989,63.41999999999996,17.480000000000018,40.44999999999993,45.93999999999994,1.1357230868795287,63.41999999999996,33.370000000000005,48.39499999999998,0.7199999999999989,1.0199999999999996,0.3000000000000007,11.403247282796938,15.80550481636089,24.773088826385735,18.951188089404823
2025-04-05 13:48:07,605.02,615.19,26.16,27.92,610.105,1220.21,10.170000000000073,0.016669261821048525,54.08,1.7600000000000016,27.00999999999999,6.350000000000023,16.680000000000064,20.659999999999968,1.2386090384526889,-36.40999999999997,-11.129999999999995,-23.769999999999868,1.0,1.0400000000000027,0.0400000000000027,11.281527158255786,24.75627359882753,36.648520433982,19.323033017619142
2025-04-05 13:48:08,636.83,651.79,27.11,28.94,644.31,1288.62,14.959999999999923,0.023218636955473743,56.05,1.8300000000000018,31.81000000000006,36.59999999999991,34.20499999999993,4.78999999999985,0.14003800204536934,4.800000000000068,30.249999999999886,17.524999999999864,0.9499999999999993,1.0199999999999996,0.07000000000000028,11.495271873411742,37.26416754068175,37.406875972205924,20.954820746071753
2025-04-05 13:48:09,605.02,672.5,28.09,29.98,638.76,1277.52,67.48000000000002,0.10564218156170993,58.07,1.8900000000000006,-31.81000000000006,20.710000000000036,-5.5499999999999545,52.520000000000095,9.463061358007057,-63.62000000000012,-15.889999999999873,-39.75499999999988,0.9800000000000004,1.0399999999999991,0.05999999999999872,10.999827604618089,37.11189111996311,30.44706012080638,22.172727222874467
2025-04-05 13:48:10,603.43,680.47,29.04,30.99,641.95,1283.9,77.04000000000008,0.12000934633536993,60.03,1.9499999999999993,-1.5900000000000318,7.970000000000027,3.1900000000000546,9.56000000000006,2.9968642643058403,30.220000000000027,-12.740000000000009,8.740000000000009,0.9499999999999993,1.009999999999998,0.05999999999999872,10.693819578647018,22.725741737069765,30.528614937464816,19.63463394107457
2025-04-05 13:48:11,647.98,688.45,30.02,32.01,668.215,1336.43,40.47000000000003,0.06056433923128886,62.03,1.9899999999999984,44.55000000000007,7.980000000000018,26.264999999999986,36.57000000000005,1.3923471771426952,46.1400000000001,0.009999999999990905,23.074999999999932,0.9800000000000004,1.0199999999999996,0.03999999999999915,10.772448641424333,20.685032813606895,30.098507105835,16.281311602570547
2025-04-05 13:48:12,676.66,680.47,30.97,33.03,678.565,1357.13,3.810000000000059,0.005614790026578543,64.0,2.0600000000000023,28.67999999999995,-7.980000000000018,10.350000000000023,36.65999999999997,3.542028643282246,-15.870000000000118,-15.960000000000036,-15.914999999999964,0.9499999999999993,1.0200000000000031,0.07000000000000384,10.60257795933472,17.862066299843207,31.863863074021644,16.35985200116426
2025-04-05 13:48:13,686.23,698.02,31.91,34.05,692.125,1384.25,11.789999999999964,0.01703449518940288,65.96,2.139999999999997,9.57000000000005,17.549999999999955,13.559999999999945,7.9799999999999045,0.5884955318218588,-19.1099999999999,25.529999999999973,3.2099999999999227,0.9400000000000013,1.019999999999996,0.07999999999999474,10.493101720844427,23.15249192851589,32.529922686658814,11.880341745926296
2025-04-05 13:48:14,665.5,707.6,32.86,35.07,686.55,1373.1,42.10000000000002,0.06132109815552972,67.93,2.210000000000001,-20.730000000000018,9.580000000000041,-5.5750000000000455,30.31000000000006,5.436770325242957,-30.300000000000068,-7.969999999999914,-19.13499999999999,0.9499999999999993,1.0200000000000031,0.07000000000000384,10.106727364835455,19.787491440301192,28.97931969525855,11.888294978675445
2025-04-05 13:48:15,673.47,750.74,33.79,36.09,712.105,1424.21,77.26999999999998,0.10850927867588446,69.88,2.3000000000000043,7.970000000000027,43.139999999999986,25.555000000000064,35.16999999999996,1.3762472558697951,28.700000000000045,33.559999999999945,31.13000000000011,0.9299999999999997,1.0200000000000031,0.09000000000000341,10.19039767901549,16.42744563223372,29.06271356910772,13.044540716330358
2025-04-05 13:48:16,722.96,765.14,34.73,37.08,744.05,1488.1,42.17999999999995,0.056689738516645674,71.81,2.3500000000000014,49.49000000000001,14.399999999999977,31.944999999999936,35.09000000000003,1.0984504273454272,41.51999999999998,-28.74000000000001,6.389999999999873,0.9399999999999977,0.9899999999999949,0.04999999999999716,10.361370138401751,26.236547362410235,29.15180526142417,14.538125137031944
2025-04-05 13:48:17,748.54,768.34,35.64,38.1,758.44,1516.88,19.800000000000068,0.026106217992054544,73.74000000000001,2.460000000000001,25.579999999999927,3.2000000000000455,14.3900000000001,22.37999999999988,1.555246591018286,-23.910000000000082,-11.199999999999932,-17.554999999999836,0.9100000000000037,1.0200000000000031,0.10999999999999943,10.285326684495162,31.64343008430025,25.459023351259926,14.314016295226162
2025-04-05 13:48:18,722.96,768.34,36.57,39.1,745.6500000000001,1491.3000000000002,45.379999999999995,0.06085965257042894,75.67,2.530000000000001,-25.579999999999927,0.0,-12.789999999999964,25.579999999999927,1.9999998436278466,-51.159999999999854,-3.2000000000000455,-27.180000000000064,0.9299999999999997,1.0,0.07000000000000028,9.85397106047349,29.399139953406777,20.568793839211807,19.379710717655197
2025-04-05 13:48:19,718.16,777.94,37.49,40.09,748.05,1496.1,59.780000000000086,0.0799144441148127,77.58000000000001,2.6000000000000014,-4.800000000000068,9.600000000000023,2.3999999999998636,14.400000000000091,5.99999750000142,20.77999999999986,9.600000000000023,15.189999999999827,0.9200000000000017,0.990000000000002,0.07000000000000028,9.642304593422212,17.446566424371174,21.375151929284574,17.982680904136622
2025-04-05 13:48:20,758.14,784.35,38.4,41.11,771.245,1542.49,26.210000000000036,0.03398401281825623,79.50999999999999,2.710000000000001,39.98000000000002,6.409999999999968,23.19500000000005,33.57000000000005,1.4472946131797957,44.780000000000086,-3.1900000000000546,20.795000000000186,0.9099999999999966,1.019999999999996,0.10999999999999943,9.699974723934416,11.400825408714628,15.924076111347832,17.574123946871428
2025-04-05 13:48:21,815.83,829.24,39.29,42.11,822.5350000000001,1645.0700000000002,13.409999999999968,0.016303257592317297,81.4,2.8200000000000003,57.690000000000055,44.889999999999986,51.29000000000008,12.800000000000068,0.2495613131300202,17.710000000000036,38.48000000000002,28.095000000000027,0.8900000000000006,1.0,0.10999999999999943,10.104852455714344,31.490099912512072,19.199672653459476,24.047397364371925
2025-04-05 13:48:22,769.34,834.06,40.18,43.11,801.7,1603.4,64.71999999999991,0.08072845193871954,83.28999999999999,2.9299999999999997,-46.49000000000001,4.819999999999936,-20.835000000000036,51.309999999999945,2.4626828671618424,-104.18000000000006,-40.07000000000005,-72.12500000000011,0.8900000000000006,1.0,0.10999999999999943,9.625405095144616,33.66777676800165,21.85413805209436,29.145445313118866
2025-04-05 13:48:23,756.54,843.69,41.07,44.1,800.115,1600.23,87.15000000000009,0.10892184234901015,85.17,3.030000000000001,-12.800000000000068,9.63000000000011,-1.5850000000000364,22.430000000000177,14.151410630024627,33.68999999999994,4.810000000000173,19.25,0.8900000000000006,0.990000000000002,0.10000000000000142,9.394328878779747,29.159924425484878,29.987159418657853,27.467045390795185
2025-04-05 13:48:24,815.83,827.64,41.96,45.1,821.735,1643.47,11.809999999999945,0.01437202989482974,87.06,3.1400000000000006,59.29000000000008,-16.050000000000068,21.620000000000005,75.34000000000015,3.48473619404551,72.09000000000015,-25.680000000000177,23.20500000000004,0.8900000000000006,1.0,0.10999999999999943,9.438720314280722,20.916045993446836,33.629939042466326,27.325858312228775
2025-04-05 13:48:25,846.33,842.09,42.83,46.1,844.21,1688.42,4.240000000000009,0.005022447015526423,88.93,3.270000000000003,30.5,14.450000000000045,22.475000000000023,16.049999999999955,0.7141267757896846,-28.790000000000077,30.500000000000114,0.8550000000000182,0.8699999999999974,1.0,0.13000000000000256,9.492971893703228,18.07640983436646,37.23227403745305,27.271988055512242
2025-04-05 13:48:26,820.64,869.4,43.7,47.07,845.02,1690.04,48.75999999999999,0.057702776197364816,90.77000000000001,3.3699999999999974,-25.690000000000055,27.309999999999945,0.8099999999999454,53.0,65.43201798516739,-56.190000000000055,12.8599999999999,-21.665000000000077,0.8700000000000045,0.9699999999999989,0.09999999999999432,9.309463376562041,21.867626014270034,35.10252027988874,18.087983096520208
2025-04-05 13:48:27,812.62,901.58,44.57,48.07,857.1,1714.2,88.96000000000004,0.10379185613838313,92.64,3.5,-8.019999999999982,32.180000000000064,12.080000000000041,40.200000000000045,3.3278142940551008,17.670000000000073,4.870000000000118,11.270000000000095,0.8699999999999974,1.0,0.13000000000000256,9.251942905311498,22.678489092088576,40.11080315825155,11.267350509325633
2025-04-05 13:48:28,875.27,912.85,45.44,49.05,894.06,1788.12,37.58000000000004,0.04203297313152034,94.49,3.6099999999999994,62.64999999999998,11.269999999999982,36.95999999999992,51.379999999999995,1.3901514775391945,70.66999999999996,-20.910000000000082,24.87999999999988,0.8699999999999974,0.9799999999999969,0.10999999999999943,9.461953545751365,26.549600750293447,33.6829511771163,13.416794699182052
2025-04-05 13:48:29,897.8,904.8,46.29,50.04,901.3,1802.6,7.0,0.007766559405562455,96.33,3.75,22.529999999999973,-8.050000000000068,7.240000000000009,30.58000000000004,4.223756322685591,-40.120000000000005,-19.32000000000005,-29.719999999999914,0.8500000000000014,0.990000000000002,0.14000000000000057,9.356379016335731,27.387482907342598,34.681475170471046,14.177883128309368
2025-04-05 13:48:30,839.9,909.63,47.14,51.02,874.765,1749.53,69.73000000000002,0.07971283707085582,98.16,3.8800000000000026,-57.89999999999998,4.830000000000041,-26.534999999999968,62.73000000000002,2.3640473953628303,-80.42999999999995,12.88000000000011,-33.77499999999998,0.8500000000000014,0.980000000000004,0.13000000000000256,8.91162378859389,23.83653299034875,31.269491201489025,22.816804771921912
2025-04-05 13:48:31,872.05,914.46,47.96,51.99,893.255,1786.51,42.41000000000008,0.047478043730538357,99.95,4.030000000000001,32.14999999999998,4.830000000000041,18.49000000000001,27.319999999999936,1.477555355459414,90.04999999999995,0.0,45.02499999999998,0.8200000000000003,0.9699999999999989,0.14999999999999858,8.937018419839736,17.993038723350335,31.48129015780642,23.1573362025946
2025-04-05 13:48:32,938.09,948.31,48.81,52.99,943.2,1886.4,10.219999999999914,0.01083545376289701,101.80000000000001,4.18,66.04000000000008,33.84999999999991,49.94500000000005,32.19000000000017,0.6445089469514704,33.8900000000001,29.019999999999868,31.45500000000004,0.8500000000000014,1.0,0.14999999999999858,9.26522584218835,25.381364078787907,25.752636175739383,29.48010579187258
2025-04-05 13:48:33,904.24,951.54,49.62,53.97,927.89,1855.78,47.299999999999955,0.05097586992965124,103.59,4.350000000000001,-33.85000000000002,3.230000000000018,-15.31000000000006,37.08000000000004,2.421946282041386,-99.8900000000001,-30.61999999999989,-65.25500000000011,0.8099999999999952,0.9799999999999969,0.1700000000000017,8.957331702313624,27.39292212415432,26.50409534392752,29.993371225989275
2025-04-05 13:48:34,883.31,949.93,50.45,54.94,916.6199999999999,1833.2399999999998,66.62,0.07268006363304308,105.39,4.489999999999995,-20.930000000000064,-1.6100000000000136,-11.270000000000095,19.32000000000005,1.7142855621751842,12.919999999999959,-4.840000000000032,4.039999999999964,0.8300000000000054,0.9699999999999989,0.13999999999999346,8.697409538880258,27.301328584887255,23.849507961381523,31.044153515597785
2025-04-05 13:48:35,957.45,961.22,51.27,55.92,959.335,1918.67,3.769999999999982,0.003929805538284516,107.19,4.649999999999999,74.1400000000001,11.290000000000077,42.715000000000146,62.85000000000002,1.4713800428097803,95.07000000000016,12.900000000000091,53.98500000000024,0.8200000000000003,0.980000000000004,0.1600000000000037,8.949855313463427,25.24695897529008,26.41497359453536,29.966424419673515
2025-04-05 13:48:36,971.98,980.6,52.08,56.87,976.29,1952.58,8.620000000000005,0.008829343731033465,108.94999999999999,4.789999999999999,14.529999999999973,19.379999999999995,16.954999999999927,4.850000000000023,0.2860512954260541,-59.61000000000013,8.089999999999918,-25.76000000000022,0.8099999999999952,0.9499999999999957,0.14000000000000057,8.960899412933461,23.903024808588103,28.01959992576624,29.954102515348467
2025-04-05 13:48:37,918.74,1008.08,52.89,57.85,963.4100000000001,1926.8200000000002,89.34000000000003,0.09273310418956303,110.74000000000001,4.960000000000001,-53.24000000000001,27.480000000000018,-12.879999999999882,80.72000000000003,6.267080258767121,-67.76999999999998,8.100000000000023,-29.83499999999981,0.8100000000000023,0.980000000000004,0.1700000000000017,8.699747076939254,25.263004176066996,36.89404694527289,25.286645833324812
2025-04-05 13:48:38,963.91,1009.69,53.69,58.83,986.8,1973.6,45.780000000000086,0.04639237936117522,112.52,5.140000000000001,45.16999999999996,1.6100000000000136,23.389999999999873,43.559999999999945,1.8623342512896934,98.40999999999997,-25.870000000000005,36.269999999999754,0.7999999999999972,0.9799999999999969,0.17999999999999972,8.769996367134764,26.81554316063683,36.85734092416326,23.759024759025806
2025-04-05 13:48:39,1017.25,999.99,54.5,59.78,1008.62,2017.24,17.25999999999999,0.017112490316360474,114.28,5.280000000000001,53.34000000000003,-9.700000000000045,21.82000000000005,63.04000000000008,2.889092443212992,8.170000000000073,-11.31000000000006,-1.5699999999998226,0.8100000000000023,0.9500000000000028,0.14000000000000057,8.825866216084474,19.844579990515662,35.47547857323423,20.052070653675642
2025-04-05 13:48:40,967.14,1012.93,55.26,60.76,990.035,1980.07,45.789999999999964,0.0462508900733298,116.02,5.5,-50.110000000000014,12.93999999999994,-18.585000000000036,63.049999999999955,3.392520667607165,-103.45000000000005,22.639999999999986,-40.405000000000086,0.759999999999998,0.9799999999999969,0.21999999999999886,8.533313148307938,16.796450666732404,31.598889537450518,20.208136665709645
2025-04-05 13:48:41,986.52,1042.06,56.07,61.71,1014.29,2028.58,55.539999999999964,0.054757515055105004,117.78,5.640000000000001,19.379999999999995,29.129999999999995,24.254999999999995,9.75,0.4019789568345102,69.49000000000001,16.190000000000055,42.84000000000003,0.8100000000000023,0.9500000000000028,0.14000000000000057,8.611733667755699,20.12067978473828,25.898911560140892,21.412649007070538
2025-04-05 13:48:42,1062.61,1058.27,56.83,62.69,1060.44,2120.88,4.339999999999918,0.0040926407867557585,119.52,5.859999999999999,76.08999999999992,16.210000000000036,46.15000000000009,59.87999999999988,1.2975080975621163,56.70999999999992,-12.919999999999959,21.895000000000095,0.759999999999998,0.9799999999999969,0.21999999999999886,8.872489885605006,29.4982901199371,21.802261809271076,23.472164738259696
2025-04-05 13:48:43,1017.25,1069.61,57.62,63.64,1043.4299999999998,2086.8599999999997,52.3599999999999,0.050180654140497445,121.25999999999999,6.020000000000003,-45.3599999999999,11.339999999999918,-17.01000000000022,56.69999999999982,3.3333331373701323,-121.44999999999982,-4.870000000000118,-63.16000000000031,0.7899999999999991,0.9500000000000028,0.1600000000000037,8.604898494104416,28.23038867957675,22.882371380606486,28.229376852846148
2025-04-05 13:48:44,1001.08,1056.65,58.38,64.59,1028.865,2057.73,55.57000000000005,0.05401097320444283,122.97,6.210000000000001,-16.16999999999996,-12.959999999999809,-14.564999999999827,3.21000000000015,0.22039133399305558,29.18999999999994,-24.299999999999727,2.445000000000391,0.7600000000000051,0.9500000000000028,0.18999999999999773,8.366796711663035,27.012790165030605,21.82231541335612,29.508630390107964
2025-04-05 13:48:45,1078.84,1066.37,59.14,65.55,1072.605,2145.21,12.470000000000027,0.011625901416061015,124.69,6.409999999999997,77.75999999999988,9.7199999999998,43.74000000000001,68.04000000000008,1.5555555199918736,93.92999999999984,22.67999999999961,58.304999999999836,0.759999999999998,0.9599999999999937,0.19999999999999574,8.602173321018741,23.455113888019593,25.43839086892092,30.69704167342519
2025-04-05 13:48:46,1057.75,1095.57,59.89,66.53,1076.6599999999999,2153.3199999999997,37.819999999999936,0.0351271524574822,126.42,6.640000000000001,-21.089999999999918,29.200000000000045,4.054999999999836,50.289999999999964,12.401969814557873,-98.8499999999998,19.480000000000246,-39.68500000000017,0.75,0.980000000000004,0.23000000000000398,8.516532126906089,20.098434951507095,23.179369490993476,30.752760323262102
2025-04-05 13:48:47,1017.25,1106.94,60.63,67.48,1062.095,2124.19,89.69000000000005,0.0844463065126507,128.11,6.850000000000001,-40.5,11.370000000000118,-14.564999999999827,51.87000000000012,3.5612767894764126,-19.410000000000082,-17.829999999999927,-18.619999999999663,0.740000000000002,0.9500000000000028,0.21000000000000085,8.290492480754878,20.194999195344426,28.141918378106347,25.703605632284354
2025-04-05 13:48:48,1116.19,1092.33,61.39,68.41,1104.26,2208.52,23.860000000000127,0.02160723016173084,129.8,7.019999999999996,98.94000000000005,-14.610000000000127,42.164999999999964,113.55000000000018,2.6929917539904786,139.44000000000005,-25.980000000000246,56.72999999999979,0.759999999999998,0.9299999999999926,0.1699999999999946,8.50739592829433,27.264369743310734,30.246174468848103,29.119317127982175
2025-04-05 13:48:49,1101.56,1102.07,62.11,69.37,1101.815,2203.63,0.5099999999999909,0.0004628726233869735,131.48000000000002,7.260000000000005,-14.63000000000011,9.740000000000009,-2.4449999999999363,24.37000000000012,9.967276087003953,-113.57000000000016,24.350000000000136,-44.6099999999999,0.7199999999999989,0.960000000000008,0.2400000000000091,8.380095768329054,18.641865719394964,34.632082669108996,26.74553514140253
2025-04-05 13:48:50,1062.61,1145.95,62.83,70.32,1104.28,2208.56,83.34000000000015,0.0754699894270748,133.14999999999998,7.489999999999995,-38.950000000000045,43.88000000000011,2.464999999999918,82.83000000000015,33.602420445266716,-24.319999999999936,34.1400000000001,4.9099999999998545,0.7199999999999989,0.9499999999999886,0.22999999999998977,8.293503505118263,19.38650580945296,38.484003559920865,21.318199970916826
2025-04-05 13:48:51,1142.21,1152.46,63.58,71.28,1147.335,2294.67,10.25,0.008933746456846739,134.86,7.700000000000003,79.60000000000014,6.509999999999991,43.055000000000064,73.09000000000015,1.6975960585856227,118.55000000000018,-37.37000000000012,40.590000000000146,0.75,0.960000000000008,0.21000000000000796,8.507600411481533,30.161491300994317,41.95464634578633,26.724626283635814
2025-04-05 13:48:52,1119.44,1108.56,64.28,72.1,1114.0,2228.0,10.88000000000011,0.009766606813495064,136.38,7.819999999999993,-22.769999999999982,-43.90000000000009,-33.335000000000036,21.13000000000011,0.6338682875695755,-102.37000000000012,-50.41000000000008,-76.3900000000001,0.7000000000000028,0.8199999999999932,0.11999999999999034,8.16835307106355,19.029393250967285,33.23628694664917,32.46563922056674
2025-04-05 13:48:53,1086.95,1139.45,65.0,72.63,1113.2,2226.4,52.5,0.04716133664466282,137.63,7.6299999999999955,-32.49000000000001,30.8900000000001,-0.7999999999999545,63.38000000000011,79.22490096887843,-9.720000000000027,74.79000000000019,32.53500000000008,0.7199999999999989,0.5300000000000011,0.18999999999999773,8.088352771282768,18.249763491617063,35.23319642042149,27.21058975840109
2025-04-05 13:48:54,1166.62,1155.72,65.72,73.46,1161.17,2322.34,10.899999999999864,0.009387083709200873,139.18,7.739999999999995,79.66999999999985,16.269999999999982,47.97000000000003,63.399999999999864,1.3216593428880652,112.15999999999985,-14.620000000000118,48.76999999999998,0.7199999999999989,0.8299999999999983,0.10999999999999943,8.342937143677704,24.757672952035772,33.19632931515174,33.79419021814257
2025-04-05 13:48:55,1138.95,1124.81,66.42,73.74,1131.88,2263.76,14.1400000000001,0.012492490358967035,140.16,7.319999999999993,-27.669999999999845,-30.910000000000082,-29.289999999999964,3.2400000000002365,0.11061795457092133,-107.33999999999969,-47.180000000000064,-77.25999999999999,0.7000000000000028,0.28000000000000114,0.4200000000000017,8.075627796264072,20.92844404154226,18.37989880276817,38.64022596336624
2025-04-05 13:48:56,1103.19,1176.88,67.12,74.12,1140.035,2280.07,73.69000000000005,0.06463836630924637,141.24,7.0,-35.75999999999999,52.070000000000164,8.154999999999973,87.83000000000015,10.770078385030297,-8.090000000000146,82.98000000000025,37.444999999999936,0.7000000000000028,0.38000000000000966,0.3199999999999932,8.071615632458117,19.955502248752477,29.015770194844034,32.88895426279166
2025-04-05 13:48:57,1199.22,1188.29,67.82,75.05,1193.755,2387.51,10.930000000000064,0.009155982585073217,142.87,7.230000000000004,96.02999999999997,11.409999999999854,53.72000000000003,84.62000000000012,1.5752047361279848,131.78999999999996,-40.66000000000031,45.565000000000055,0.6999999999999886,0.9299999999999926,0.23000000000000398,8.35553294354635,30.827358912173715,29.006497030837764,34.78446283903203
2025-04-05 13:48:58,1155.23,1201.33,68.52,75.99,1178.28,2356.56,46.09999999999991,0.039124825984379843,144.51,7.469999999999999,-43.99000000000001,13.039999999999964,-15.475000000000136,57.02999999999997,3.685298630998439,-140.01999999999998,1.6300000000001091,-69.19500000000016,0.7000000000000028,0.9399999999999977,0.23999999999999488,8.153622530249654,25.782843471967592,28.024119433088337,37.093671191997196
2025-04-05 13:48:59,1148.72,1202.96,69.22,76.79,1175.8400000000001,2351.6800000000003,54.24000000000001,0.04612872495736773,146.01,7.570000000000007,-6.509999999999991,1.6300000000001091,-2.439999999999827,8.1400000000001,3.33606420653134,37.48000000000002,-11.409999999999854,13.03500000000031,0.7000000000000028,0.8000000000000114,0.10000000000000853,8.053146989568203,26.624569620934423,26.873063651173037,31.6726773813014
2025-04-05 13:49:00,1240.03,1216.01,69.92,77.64,1228.02,2456.04,24.019999999999982,0.019559942004560217,147.56,7.719999999999999,91.30999999999995,13.049999999999955,52.179999999999836,78.25999999999999,1.4998083269488676,97.81999999999994,11.419999999999845,54.61999999999966,0.7000000000000028,0.8499999999999943,0.14999999999999147,8.322173974504107,31.866254368845997,24.795669581602326,31.905893381944328
2025-04-05 13:49:01,1165.0,1248.67,70.6,78.17,1206.835,2413.67,83.67000000000007,0.06933010720659408,148.76999999999998,7.570000000000007,-75.02999999999997,32.66000000000008,-21.184999999999945,107.69000000000005,5.083313425380547,-166.33999999999992,19.610000000000127,-73.36499999999978,0.6799999999999926,0.5300000000000011,0.14999999999999147,8.11208571545281,21.60237874633273,28.176166701664716,36.77762991955841
2025-04-05 13:49:02,1187.81,1242.13,71.3,78.72,1214.97,2429.94,54.320000000000164,0.04470892281726399,150.01999999999998,7.420000000000002,22.809999999999945,-6.539999999999964,8.134999999999991,29.34999999999991,3.607866796820301,97.83999999999992,-39.200000000000045,29.319999999999936,0.7000000000000028,0.5499999999999972,0.15000000000000568,8.098720116659646,22.958059151418073,21.38910236545706,29.125370512664674
2025-04-05 13:49:03,1253.11,1253.57,71.98,79.66,1253.34,2506.68,0.4600000000000364,0.00036701932407249194,151.64,7.679999999999993,65.29999999999995,11.439999999999827,38.36999999999989,53.86000000000013,1.4037007713395755,42.49000000000001,17.97999999999979,30.2349999999999,0.6800000000000068,0.9399999999999977,0.2599999999999909,8.265233393133517,28.44486649643513,31.92896835163956,29.95473514321223
2025-04-05 13:49:04,1178.03,1235.6,72.66,79.99,1206.815,2413.63,57.569999999999936,0.047704080536201364,152.64999999999998,7.329999999999998,-75.07999999999993,-17.970000000000027,-46.524999999999864,57.1099999999999,1.2275120638901238,-140.37999999999988,-29.409999999999854,-84.89499999999975,0.6799999999999926,0.3299999999999983,0.3499999999999943,7.905764769696924,19.547495172016934,32.246270637082986,40.87382184846422
2025-04-05 13:49:05,1235.13,1224.17,73.33,80.63,1229.65,2459.3,10.960000000000036,0.008913105347933907,153.95999999999998,7.299999999999997,57.100000000000136,-11.429999999999836,22.835000000000036,68.52999999999997,3.00109467917255,132.18000000000006,6.540000000000191,69.3599999999999,0.6700000000000017,0.6400000000000006,0.030000000000001137,7.986814705203855,19.686175542751467,34.70527812883798,34.178651304578935
2025-04-05 13:49:06,1267.82,1278.09,74.01,81.46,1272.955,2545.91,10.269999999999982,0.008067842140477973,155.47,7.449999999999989,32.68999999999983,53.919999999999845,43.304999999999836,21.230000000000018,0.4902436095082898,-24.41000000000031,65.34999999999968,20.4699999999998,0.6800000000000068,0.8299999999999983,0.14999999999999147,8.187785372176076,27.38459726744285,27.027995301168744,36.14346455446673
2025-04-05 13:49:07,1195.96,1296.1,74.67,81.84,1246.03,2492.06,100.13999999999987,0.08036724630998661,156.51,7.170000000000002,-71.8599999999999,18.00999999999999,-26.924999999999955,89.86999999999989,3.3377900338796658,-104.54999999999973,-35.909999999999854,-70.22999999999979,0.6599999999999966,0.38000000000000966,0.2799999999999869,7.961344272178492,24.966289421939425,42.223389844966185,40.514206397262576
2025-04-05 13:49:08,1276.0,1283.0,75.37,82.62,1279.5,2559.0,7.0,0.005470887060984066,157.99,7.25,80.03999999999996,-13.099999999999909,33.47000000000003,93.13999999999987,2.782790475566457,151.89999999999986,-31.1099999999999,60.39499999999998,0.7000000000000028,0.7800000000000011,0.0799999999999983,8.098613785058461,30.193994228986178,40.933428515090135,39.59060267285653
2025-04-05 13:49:09,1267.82,1289.55,76.03,83.28,1278.685,2557.37,21.730000000000018,0.016994021188178478,159.31,7.25,-8.180000000000064,6.5499999999999545,-0.8150000000000546,14.730000000000018,18.073597455707453,-88.22000000000003,19.649999999999864,-34.28500000000008,0.6599999999999966,0.6599999999999966,0.0,8.026395028394985,22.384102450178077,39.58789271987074,28.32649651827769
2025-04-05 13:49:10,1240.03,1287.91,76.69,83.69,1263.97,2527.94,47.88000000000011,0.03788064587143639,160.38,7.0,-27.789999999999964,-1.6399999999998727,-14.714999999999918,26.15000000000009,1.7770980783487706,-19.6099999999999,-8.189999999999827,-13.899999999999864,0.6599999999999966,0.4099999999999966,0.25,7.881094850473284,13.871131262448513,38.57422623980935,30.42261708006063
2025-04-05 13:49:11,1326.78,1320.67,77.36,84.6,1323.725,2647.45,6.1099999999999,0.004615762333856456,161.95999999999998,7.239999999999995,86.75,32.75999999999999,59.75499999999988,53.99000000000001,0.9035227026437522,114.53999999999996,34.399999999999864,74.4699999999998,0.6700000000000017,0.9099999999999966,0.23999999999999488,8.173159989051864,28.77362955033802,39.34298882901498,35.768468725960254
2025-04-05 13:49:12,1253.11,1337.06,78.02,85.11,1295.085,2590.17,83.95000000000005,0.06482200005032723,163.13,7.090000000000003,-73.67000000000007,16.389999999999873,-28.639999999999873,90.05999999999995,3.1445529628298665,-160.42000000000007,-16.37000000000012,-88.39499999999975,0.6599999999999966,0.5100000000000051,0.14999999999999147,7.938975001906609,22.708735819065176,32.950129438289046,36.21832191722851
2025-04-05 13:49:13,1284.18,1296.1,78.68,85.68,1290.1399999999999,2580.2799999999997,11.919999999999845,0.009239307354830126,164.36,7.0,31.070000000000164,-40.960000000000036,-4.945000000000164,72.0300000000002,14.566225568002476,104.74000000000024,-57.34999999999991,23.69499999999971,0.6600000000000108,0.5700000000000074,0.09000000000000341,7.849476710577531,22.182917808532203,32.02765476896496,33.94818176279836
2025-04-05 13:49:14,1328.42,1341.98,79.34,86.42,1335.2,2670.4,13.559999999999945,0.010155781897726304,165.76,7.079999999999998,44.24000000000001,45.88000000000011,45.06000000000017,1.6400000000001,0.036395915747984425,13.169999999999845,86.84000000000015,50.00500000000034,0.6599999999999966,0.7399999999999949,0.0799999999999983,8.055019256424837,28.32078066544258,33.02336188215858,38.80563241979183
2025-04-05 13:49:15,1259.65,1345.26,79.99,87.08,1302.455,2604.91,85.6099999999999,0.0657297180587968,167.07,7.090000000000003,-68.76999999999998,3.2799999999999727,-32.74500000000012,72.04999999999995,2.2003358619533926,-113.00999999999999,-42.600000000000136,-77.80500000000029,0.6499999999999915,0.6599999999999966,0.010000000000005116,7.795863962435722,19.332060611846718,40.766721109257766,42.4905349166141
2025-04-05 13:49:16,1344.82,1343.62,80.65,87.46,1344.2199999999998,2688.4399999999996,1.2000000000000455,0.0008927110139019911,168.11,6.809999999999988,85.16999999999985,-1.6400000000001,41.76499999999987,86.80999999999995,2.078534608439258,153.93999999999983,-4.920000000000073,74.50999999999999,0.6600000000000108,0.37999999999999545,0.28000000000001535,7.996073951602676,24.603710340111686,41.839117701022325,37.44211355546055
2025-04-05 13:49:17,1315.3,1322.3,81.29,88.12,1318.8,2637.6,7.0,0.005307855622302202,169.41000000000003,6.829999999999998,-29.519999999999982,-21.319999999999936,-25.419999999999845,8.200000000000045,0.3225806324712613,-114.68999999999983,-19.679999999999836,-67.18499999999972,0.6400000000000006,0.6600000000000108,0.020000000000010232,7.784664377636122,22.369969713884878,34.85488229789331,36.75970290277117
2025-04-05 13:49:18,1305.47,1328.86,81.95,88.59,1317.165,2634.33,23.389999999999873,0.017757835944807246,170.54000000000002,6.640000000000001,-9.829999999999927,6.559999999999945,-1.634999999999991,16.389999999999873,10.024458700636858,19.690000000000055,27.87999999999988,23.784999999999854,0.6599999999999966,0.46999999999999886,0.18999999999999773,7.723495908739908,16.365356167836186,34.244861950371416,36.57093569352583
2025-04-05 13:49:19,1403.97,1404.39,82.58,89.39,1404.18,2808.36,0.42000000000007276,0.00029910695188719807,171.97,6.810000000000002,98.5,75.5300000000002,87.0150000000001,22.9699999999998,0.26397747211425965,108.32999999999993,68.97000000000025,88.65000000000009,0.6299999999999955,0.7999999999999972,0.1700000000000017,8.165261335318595,40.257429655905234,35.91617922329705,50.21295156630411
2025-04-05 13:49:20,1316.94,1346.9,83.22,89.86,1331.92,2663.84,29.960000000000036,0.022493843457194268,173.07999999999998,6.640000000000001,-87.02999999999997,-57.49000000000001,-72.25999999999999,29.539999999999964,0.408801544301113,-185.52999999999997,-133.0200000000002,-159.2750000000001,0.6400000000000006,0.46999999999999886,0.1700000000000017,7.695400926187886,35.777102244314946,13.483822900053168,61.26305050762654
2025-04-05 13:49:21,1379.31,1383.02,83.88,90.75,1381.165,2762.33,3.7100000000000364,0.0026861381495432465,174.63,6.8700000000000045,62.36999999999989,36.11999999999989,49.24499999999989,26.25,0.5330490296872988,149.39999999999986,93.6099999999999,121.50499999999988,0.6599999999999966,0.8900000000000006,0.23000000000000398,7.909093466706216,39.63302496025477,13.000962656665017,62.43807105844959
2025-04-05 13:49:22,1380.95,1412.61,84.51,91.17,1396.78,2793.56,31.659999999999854,0.022666418460554585,175.68,6.659999999999997,1.6400000000001,29.589999999999918,15.615000000000009,27.949999999999818,1.7899454505318189,-60.72999999999979,-6.529999999999973,-33.62999999999988,0.6300000000000097,0.4200000000000017,0.21000000000000796,7.950705783522849,39.310014086746435,14.763145667505867,59.68356813227575
2025-04-05 13:49:23,1343.18,1386.31,85.15,91.81,1364.745,2729.49,43.12999999999988,0.03160297342609565,176.96,6.659999999999997,-37.76999999999998,-26.299999999999955,-32.03500000000008,11.470000000000027,0.3580458761340447,-39.41000000000008,-55.88999999999987,-47.65000000000009,0.6400000000000006,0.6400000000000006,0.0,7.7121665477386605,28.818512409564452,18.72914653688193,63.31564976370379
2025-04-05 13:49:24,1428.66,1427.43,85.76,92.49,1428.045,2856.09,1.2300000000000182,0.0008613173948570953,178.25,6.72999999999999,85.48000000000002,41.12000000000012,63.30000000000018,44.3599999999999,0.7007898783445481,123.25,67.42000000000007,95.33500000000026,0.6099999999999994,0.6799999999999926,0.06999999999999318,8.011472605826242,35.82680306000281,18.50035053721948,56.58981672969091
2025-04-05 13:49:25,1351.39,1387.95,86.4,93.12,1369.67,2739.34,36.559999999999945,0.026692560962353982,179.52,6.719999999999999,-77.26999999999998,-39.48000000000002,-58.375,37.789999999999964,0.6473661559337698,-162.75,-80.60000000000014,-121.67500000000018,0.6400000000000006,0.6300000000000097,0.009999999999990905,7.629623397785075,25.515479468358777,19.428009934113085,52.02080737551086
2025-04-05 13:49:26,1417.13,1424.13,87.04,94.02,1420.63,2841.26,7.0,0.004927391365149692,181.06,6.97999999999999,65.74000000000001,36.180000000000064,50.960000000000036,29.559999999999945,0.5800627829657995,143.01,75.66000000000008,109.33500000000004,0.6400000000000006,0.8999999999999915,0.2599999999999909,7.8461835422170365,28.741380751457484,18.640169795363914,52.36894220337096
2025-04-05 13:49:27,1417.13,1448.83,87.65,94.38,1432.98,2865.96,31.699999999999818,0.022121732318579522,182.03,6.72999999999999,0.0,24.699999999999818,12.349999999999909,24.699999999999818,1.9999998380566935,-65.74000000000001,-11.480000000000246,-38.61000000000013,0.6099999999999994,0.35999999999999943,0.25,7.872218821775428,33.207582981907315,18.644332382791212,52.26884337251024
2025-04-05 13:49:28,1397.39,1410.97,88.29,94.99,1404.18,2808.36,13.579999999999927,0.009671124777684344,183.28,6.699999999999989,-19.74000000000001,-37.8599999999999,-28.799999999999955,18.11999999999989,0.6291666448205998,-19.74000000000001,-62.55999999999972,-41.149999999999864,0.6400000000000006,0.6099999999999994,0.030000000000001137,7.661392363261718,25.597947280988535,15.442894158803188,51.6778261926719
2025-04-05 13:49:29,1484.71,1450.48,88.92,95.73,1467.595,2935.19,34.23000000000002,0.023323873396050097,184.65,6.810000000000002,87.31999999999994,39.50999999999999,63.414999999999964,47.809999999999945,0.7539225616349037,107.05999999999995,77.36999999999989,92.21499999999992,0.6299999999999955,0.7400000000000091,0.11000000000001364,7.947982626872555,36.09934909385872,13.392049133721057,51.708670573705525
2025-04-05 13:49:30,1399.04,1422.49,89.54,96.31,1410.7649999999999,2821.5299999999997,23.450000000000045,0.016622187241232846,185.85000000000002,6.769999999999996,-85.67000000000007,-27.99000000000001,-56.830000000000155,57.680000000000064,1.0149568711075672,-172.99,-67.5,-120.24500000000012,0.6200000000000045,0.5799999999999983,0.04000000000000625,7.590879700883078,25.041737409778335,11.636810989270169,51.21580669090359
2025-04-05 13:49:31,1473.16,1473.56,90.16,96.99,1473.3600000000001,2946.7200000000003,0.3999999999998636,0.000271488298669962,187.14999999999998,6.829999999999998,74.12000000000012,51.069999999999936,62.595000000000255,23.050000000000182,0.36824026889943,159.7900000000002,79.05999999999995,119.42500000000041,0.6199999999999903,0.6799999999999926,0.060000000000002274,7.872615506959042,31.767439187008858,13.914056561621425,53.840312661610824
2025-04-05 13:49:32,1433.6,1501.61,90.77,97.58,1467.605,2935.21,68.00999999999999,0.04634080692942527,188.35,6.810000000000002,-39.56000000000017,28.049999999999955,-5.755000000000109,67.61000000000013,11.748043136742956,-113.68000000000029,-23.019999999999982,-68.35000000000036,0.6099999999999994,0.5900000000000034,0.01999999999999602,7.7919033300137865,34.145535103440885,25.64171464625565,54.29555011692958
2025-04-05 13:49:33,1445.13,1499.96,91.41,98.11,1472.545,2945.09,54.82999999999993,0.037234855276249666,189.51999999999998,6.700000000000003,11.5300000000002,-1.6499999999998636,4.940000000000055,13.180000000000064,2.6680156542478266,51.09000000000037,-29.699999999999818,10.695000000000164,0.6400000000000006,0.5300000000000011,0.10999999999999943,7.769865936207969,26.75001177570451,26.490730076764603,50.72478223215958
2025-04-05 13:49:34,1488.01,1455.43,92.0,98.58,1471.72,2943.44,32.57999999999993,0.02213736307032762,190.57999999999998,6.579999999999998,42.87999999999988,-44.52999999999997,-0.8250000000000455,87.40999999999985,105.95138672558583,31.34999999999968,-42.88000000000011,-5.7650000000001,0.5900000000000034,0.46999999999999886,0.12000000000000455,7.722321294352392,27.16587137384573,26.531402714519277,42.43401951854212
2025-04-05 13:49:35,1430.3,1506.57,92.62,99.34,1468.435,2936.87,76.26999999999998,0.051939650000211335,191.96,6.719999999999999,-57.710000000000036,51.13999999999987,-3.285000000000082,108.84999999999991,33.13545414445755,-100.58999999999992,95.66999999999985,-2.4600000000000364,0.6200000000000045,0.7600000000000051,0.14000000000000057,7.649692604450444,2.5604604078835678,30.566585841405356,28.81823953679352
2025-04-05 13:49:36,1521.05,1465.32,93.23,99.74,1493.185,2986.37,55.73000000000002,0.03732290370093264,192.97,6.509999999999991,90.75,-41.25,24.75,132.0,5.333333117845126,148.46000000000004,-92.38999999999987,28.035000000000082,0.6099999999999994,0.3999999999999915,0.21000000000000796,7.737912588807003,10.545246322412007,16.53813713814226,12.277538943127078
2025-04-05 13:49:37,1445.13,1533.01,93.85,100.44,1489.0700000000002,2978.1400000000003,87.87999999999988,0.05901670166008526,194.29,6.590000000000003,-75.91999999999985,67.69000000000005,-4.114999999999782,143.6099999999999,34.89914097226404,-166.66999999999985,108.94000000000005,-28.86499999999978,0.6199999999999903,0.7000000000000028,0.0800000000000125,7.664161780512834,11.279443359508132,21.378708333292707,11.971026793888672
2025-04-05 13:49:38,1530.97,1539.62,94.46,100.99,1535.295,3070.59,8.649999999999864,0.005634096375202007,195.45,6.530000000000001,85.83999999999992,6.6099999999999,46.22499999999991,79.23000000000002,1.7140075345806953,161.75999999999976,-61.080000000000155,50.33999999999969,0.6099999999999994,0.5499999999999972,0.060000000000002274,7.855180312841237,26.692603704029654,32.19639995403214,22.305860776934804
2025-04-05 13:49:39,1492.96,1491.71,95.06,101.5,1492.335,2984.67,1.25,0.0008376135379538685,196.56,6.439999999999998,-38.00999999999999,-47.909999999999854,-42.960000000000036,9.899999999999864,0.2304469220100776,-123.84999999999991,-54.519999999999754,-89.18499999999995,0.6000000000000085,0.5100000000000051,0.09000000000000341,7.592261866136234,24.355405560170535,39.25065451683576,33.68086819694527
2025-04-05 13:49:40,1517.74,1531.35,95.67,102.25,1524.545,3049.09,13.6099999999999,0.008927253699348096,197.92000000000002,6.579999999999998,24.779999999999973,39.63999999999987,32.210000000000036,14.8599999999999,0.4613473933142655,62.789999999999964,87.54999999999973,75.17000000000007,0.6099999999999994,0.75,0.14000000000000057,7.7028344396582735,21.422945759171526,37.09624482343192,35.424658184660004
2025-04-05 13:49:41,1540.89,1529.7,96.26,102.61,1535.295,3070.59,11.190000000000055,0.007288501553585175,198.87,6.349999999999994,23.15000000000009,-1.6499999999998636,10.75,24.799999999999955,2.3069765295835745,-1.6299999999998818,-41.289999999999736,-21.460000000000036,0.5900000000000034,0.35999999999999943,0.23000000000000398,7.720093489615863,22.915463556306708,35.72308889219964,34.63250507110335
2025-04-05 13:49:42,1497.92,1531.35,96.86,103.29,1514.635,3029.27,33.429999999999836,0.022071324099818445,200.15,6.430000000000007,-42.97000000000003,1.6499999999998636,-20.660000000000082,44.61999999999989,2.159728840284166,-66.12000000000012,3.299999999999727,-31.410000000000082,0.5999999999999943,0.6800000000000068,0.0800000000000125,7.5674993376592585,17.900979861460996,12.000611651078389,36.84928961323409
2025-04-05 13:49:43,1574.0,1524.74,97.47,103.86,1549.37,3098.74,49.25999999999999,0.03179356768764493,201.32999999999998,6.390000000000001,76.07999999999993,-6.6099999999999,34.7349999999999,82.68999999999983,2.380595872157887,119.04999999999995,-8.259999999999764,55.39499999999998,0.6099999999999994,0.5699999999999932,0.04000000000000625,7.695673731209091,21.55787512721126,19.308325147459026,33.883413715267864
2025-04-05 13:49:44,1506.17,1544.58,98.07,104.62,1525.375,3050.75,38.409999999999854,0.025180693255638226,202.69,6.550000000000011,-67.82999999999993,19.839999999999918,-23.99499999999989,87.66999999999985,3.653677697283707,-143.90999999999985,26.449999999999818,-58.72999999999979,0.5999999999999943,0.7600000000000051,0.1600000000000108,7.525654903914082,13.137190719497214,16.37472747864827,28.03495197962714
2025-04-05 13:49:45,1592.23,1574.37,98.66,104.98,1583.3,3166.6,17.860000000000127,0.011280237471559332,203.64,6.320000000000007,86.05999999999995,29.789999999999964,57.924999999999955,56.26999999999998,0.9714285546581178,153.88999999999987,9.950000000000045,81.91999999999985,0.5900000000000034,0.35999999999999943,0.23000000000000398,7.774995051193307,26.595947294662334,15.448558185151041,35.318387456111275
2025-04-05 13:49:46,1521.05,1584.31,99.28,105.64,1552.6799999999998,3105.3599999999997,63.25999999999999,0.04074245817506346,204.92000000000002,6.359999999999999,-71.18000000000006,9.940000000000055,-30.62000000000012,81.12000000000012,2.649248770436023,-157.24,-19.84999999999991,-88.54500000000007,0.6200000000000045,0.6599999999999966,0.03999999999999204,7.577005623770223,26.70260862725701,17.04158237957962,40.12965932449465
2025-04-05 13:49:47,1587.25,1576.03,99.87,106.3,1581.6399999999999,3163.2799999999997,11.220000000000027,0.007093902527064392,206.17000000000002,6.429999999999993,66.20000000000005,-8.279999999999973,28.960000000000036,74.48000000000002,2.57182311561384,137.3800000000001,-18.220000000000027,59.580000000000155,0.5900000000000034,0.6599999999999966,0.06999999999999318,7.67153316354691,24.31558594812143,21.609322525243535,38.781174137717905
2025-04-05 13:49:48,1555.78,1604.2,100.46,106.68,1579.99,3159.98,48.42000000000007,0.030645763561386024,207.14,6.220000000000013,-31.470000000000027,28.170000000000073,-1.6499999999998636,59.6400000000001,36.14543263913478,-97.67000000000007,36.450000000000045,-30.6099999999999,0.5899999999999892,0.38000000000000966,0.20999999999997954,7.627643103081766,25.286313887170095,21.48337915692031,37.156887887712024
2025-04-05 13:49:49,1585.6,1567.75,101.06,107.25,1576.675,3153.35,17.84999999999991,0.011321293220656517,208.31,6.189999999999998,29.819999999999936,-36.450000000000045,-3.3150000000000546,66.26999999999998,19.990944195793272,61.289999999999964,-64.62000000000012,-1.665000000000191,0.6000000000000085,0.5699999999999932,0.030000000000015348,7.568887679089397,12.636905079983311,22.79467086842886,33.98141164666357
2025-04-05 13:49:50,1595.54,1600.88,101.63,107.97,1598.21,3196.42,5.3400000000001455,0.003341238007933192,209.6,6.340000000000003,9.940000000000055,33.13000000000011,21.535000000000082,23.190000000000055,1.0768515868654924,-19.87999999999988,69.58000000000015,24.850000000000136,0.5699999999999932,0.7199999999999989,0.15000000000000568,7.62504767354462,16.343058312338982,25.253182373712793,23.501448519187157
2025-04-05 13:49:51,1582.28,1622.44,102.22,108.33,1602.3600000000001,3204.7200000000003,40.16000000000008,0.025063032012117778,210.55,6.109999999999999,-13.259999999999991,21.559999999999945,4.150000000000091,34.819999999999936,8.390359424009578,-23.200000000000045,-11.570000000000164,-17.38499999999999,0.5900000000000034,0.35999999999999943,0.23000000000000398,7.6103537990484265,11.651887186225357,18.741934798734086,14.489233675388126
2025-04-05 13:49:52,1638.69,1595.91,102.82,108.91,1617.3000000000002,3234.6000000000004,42.77999999999997,0.02645149321310114,211.73,6.090000000000003,56.41000000000008,-26.529999999999973,14.940000000000055,82.94000000000005,5.551539119709547,69.67000000000007,-48.08999999999992,10.789999999999964,0.5999999999999943,0.5799999999999983,0.01999999999999602,7.638501829506912,16.754299299001723,18.42178058712021,10.765302248427655
2025-04-05 13:49:53,1577.31,1590.94,103.41,109.48,1584.125,3168.25,13.63000000000011,0.008604118987703614,212.89,6.070000000000007,-61.38000000000011,-4.970000000000027,-33.17500000000018,56.41000000000008,1.7003767384965498,-117.79000000000019,21.559999999999945,-48.11500000000024,0.5900000000000034,0.5700000000000074,0.01999999999999602,7.441049333265775,15.914939286737171,16.638640869974875,21.285749516989195
2025-04-05 13:49:54,1658.62,1632.4,103.99,110.07,1645.51,3291.02,26.2199999999998,0.01593426960885411,214.06,6.079999999999998,81.30999999999995,41.460000000000036,61.38499999999999,39.84999999999991,0.6491813855309689,142.69000000000005,46.430000000000064,94.56000000000017,0.5799999999999983,0.5899999999999892,0.009999999999990905,7.687143755549174,23.344669734235644,16.288611972786313,34.004520765627696
2025-04-05 13:49:55,1577.31,1610.83,104.58,110.46,1594.07,3188.14,33.51999999999998,0.021027934770099208,215.04,5.8799999999999955,-81.30999999999995,-21.570000000000164,-51.440000000000055,59.73999999999978,1.1613530100825566,-162.6199999999999,-63.0300000000002,-112.82500000000005,0.5900000000000034,0.39000000000000057,0.20000000000000284,7.412899891123048,23.911794056501428,11.7605960733289,44.02207011829414
2025-04-05 13:49:56,1660.29,1672.27,105.15,111.32,1666.28,3332.56,11.980000000000018,0.007189667998661899,216.47,6.1699999999999875,82.98000000000002,61.440000000000055,72.21000000000004,21.539999999999964,0.2982966306841618,164.28999999999996,83.01000000000022,123.65000000000009,0.5700000000000074,0.8599999999999994,0.28999999999999204,7.697510012022405,34.455241908896156,13.105772773858027,55.07973055035771
2025-04-05 13:49:57,1587.25,1673.94,105.72,111.83,1630.595,3261.19,86.69000000000005,0.053164642321873554,217.55,6.109999999999999,-73.03999999999996,1.6700000000000728,-35.684999999999945,74.71000000000004,2.0935966906656427,-156.01999999999998,-59.76999999999998,-107.89499999999998,0.5699999999999932,0.5100000000000051,0.05999999999998806,7.495265421763891,34.56705718600527,30.56133128644759,59.091294557658884
2025-04-05 13:49:58,1678.58,1657.32,106.3,112.26,1667.9499999999998,3335.8999999999996,21.25999999999999,0.012746185429571514,218.56,5.960000000000008,91.32999999999993,-16.62000000000012,37.35499999999979,107.95000000000005,2.8898406400792402,164.3699999999999,-18.29000000000019,73.03999999999974,0.5799999999999983,0.4300000000000068,0.14999999999999147,7.631542790851285,30.398762803781786,29.434168580070367,56.771394755633764
2025-04-05 13:49:59,1603.83,1629.08,106.87,112.83,1616.455,3232.91,25.25,0.015620601862952818,219.7,5.959999999999994,-74.75,-28.24000000000001,-51.49499999999989,46.50999999999999,0.903194467361989,-166.07999999999993,-11.61999999999989,-88.84999999999968,0.5700000000000074,0.5699999999999932,1.4210854715202004e-14,7.357555724362514,32.02617035333098,29.5172788379959,57.03522895982795
2025-04-05 13:50:00,1690.23,1693.9,107.44,113.42,1692.065,3384.13,3.6700000000000728,0.002168947409130929,220.86,5.980000000000004,86.40000000000009,64.82000000000016,75.61000000000013,21.579999999999927,0.2854119787671989,161.1500000000001,93.06000000000017,127.10500000000002,0.5699999999999932,0.5900000000000034,0.020000000000010232,7.6612559645872675,30.616696302844538,32.903005181897896,59.856291377765785
2025-04-05 13:50:01,1625.4,1678.93,108.02,113.83,1652.165,3304.33,53.52999999999997,0.032399911611491625,221.85,5.810000000000002,-64.82999999999993,-14.970000000000027,-39.90000000000009,49.8599999999999,1.2496240288314726,-151.23000000000002,-79.79000000000019,-115.51000000000022,0.5799999999999983,0.4099999999999966,0.1700000000000017,7.447216554215837,29.92129851795555,32.531538543388926,56.1016615841278
2025-04-05 13:50:02,1693.56,1685.58,108.59,114.59,1689.57,3379.14,7.980000000000018,0.004723095222616952,223.18,6.0,68.15999999999985,6.649999999999864,37.40499999999997,61.50999999999999,1.64443251852874,132.98999999999978,21.61999999999989,77.30500000000006,0.5700000000000074,0.7600000000000051,0.18999999999999773,7.570436385113198,31.052461536899678,19.603756527767786,54.90796174053451
2025-04-05 13:50:03,1653.64,1653.99,109.14,114.82,1653.815,3307.63,0.34999999999990905,0.00021163189340299679,223.95999999999998,5.679999999999993,-39.919999999999845,-31.589999999999918,-35.75499999999988,8.329999999999927,0.2329744026576857,-108.0799999999997,-38.23999999999978,-73.15999999999985,0.5499999999999972,0.22999999999998977,0.3200000000000074,7.384421292264596,31.205146290325704,21.977792882816942,56.120877420974125
2025-04-05 13:50:04,1703.55,1692.23,109.71,115.5,1697.8899999999999,3395.7799999999997,11.319999999999936,0.006667098571363774,225.20999999999998,5.790000000000006,49.909999999999854,38.24000000000001,44.07499999999982,11.669999999999845,0.2647759440776846,89.8299999999997,69.82999999999993,79.8299999999997,0.5699999999999932,0.6800000000000068,0.11000000000001364,7.539141212472177,22.223982935123423,21.735285827428154,51.484730576162114
2025-04-05 13:50:05,1668.6,1728.87,110.26,116.06,1698.735,3397.47,60.26999999999998,0.03547934196005889,226.32,5.799999999999997,-34.950000000000045,36.63999999999987,0.8450000000000273,71.58999999999992,84.72179322864423,-84.8599999999999,-1.6000000000001364,-43.22999999999979,0.5500000000000114,0.5600000000000023,0.009999999999990905,7.505898694300553,23.509745585621676,27.96470364584614,39.38269264537402
2025-04-05 13:50:06,1703.55,1688.91,110.82,116.86,1696.23,3392.46,14.639999999999873,0.008630905001897718,227.68,6.040000000000006,34.950000000000045,-39.95999999999981,-2.5049999999998818,74.90999999999985,29.90417967897154,69.90000000000009,-76.59999999999968,-3.349999999999909,0.5599999999999881,0.7999999999999972,0.2400000000000091,7.450061457088626,19.033108193373796,23.71934379362128,32.5530485515565
2025-04-05 13:50:07,1683.57,1727.2,111.37,117.24,1705.385,3410.77,43.63000000000011,0.02558366584344089,228.61,5.86999999999999,-19.980000000000018,38.289999999999964,9.154999999999973,58.26999999999998,6.3648272676322115,-54.930000000000064,78.24999999999977,11.659999999999854,0.5500000000000114,0.37999999999999545,0.17000000000001592,7.459800501028824,20.751946113573975,24.938501759327934,28.556110904673194
2025-04-05 13:50:08,1721.87,1733.87,111.92,117.65,1727.87,3455.74,12.0,0.006944966920575641,229.57,5.730000000000004,38.299999999999955,6.669999999999845,22.4849999999999,31.63000000000011,1.406715525607504,58.27999999999997,-31.62000000000012,13.329999999999927,0.5499999999999972,0.4100000000000108,0.13999999999998636,7.526549603491094,13.130631458566674,22.347650212046933,18.98786006900192
2025-04-05 13:50:09,1695.22,1697.23,112.45,118.05,1696.225,3392.45,2.009999999999991,0.0011849843026809572,230.5,5.599999999999994,-26.649999999999864,-36.63999999999987,-31.644999999999982,9.990000000000009,0.3156896724383107,-64.94999999999982,-43.30999999999972,-54.12999999999988,0.5300000000000011,0.3999999999999915,0.13000000000000966,7.358893677401762,13.381771837118576,24.41576847039636,19.982679249790305
2025-04-05 13:50:10,1733.54,1755.55,113.0,118.54,1744.545,3489.09,22.00999999999999,0.012616470189868143,231.54000000000002,5.540000000000006,38.319999999999936,58.319999999999936,48.320000000000164,20.0,0.4139072762022487,64.9699999999998,94.95999999999981,79.96500000000015,0.5499999999999972,0.4900000000000091,0.05999999999998806,7.534529638358254,21.396861160009376,15.59058914858579,29.631830351836236
2025-04-05 13:50:11,1708.54,1712.21,113.55,118.73,1710.375,3420.75,3.6700000000000728,0.0021457282747083793,232.28,5.180000000000007,-25.0,-43.33999999999992,-34.17000000000007,18.339999999999918,0.5367281083778687,-63.319999999999936,-101.65999999999985,-82.49000000000024,0.5499999999999972,0.18999999999999773,0.35999999999999943,7.36341911760195,19.28218996900309,17.03732314655094,35.542897919275035
2025-04-05 13:50:12,1735.21,1723.87,114.08,119.22,1729.54,3459.08,11.340000000000146,0.0065566566794890485,233.3,5.140000000000001,26.670000000000073,11.659999999999854,19.164999999999964,15.010000000000218,0.7831984981373206,51.67000000000007,54.99999999999977,53.335000000000036,0.5300000000000011,0.4899999999999949,0.04000000000000625,7.413373307272296,18.699325990546644,7.964491823085712,36.26291828438529
2025-04-05 13:50:13,1726.87,1760.55,114.61,119.53,1743.71,3487.42,33.680000000000064,0.019315138400700187,234.14,4.920000000000002,-8.340000000000146,36.680000000000064,14.170000000000073,45.02000000000021,3.1771345675981237,-35.01000000000022,25.02000000000021,-4.994999999999891,0.5300000000000011,0.3100000000000023,0.21999999999999886,7.447296457472896,21.180774124208494,13.299795863095019,35.43205586047762
2025-04-05 13:50:14,1753.55,1733.87,115.16,119.85,1743.71,3487.42,19.680000000000064,0.011286280395658557,235.01,4.689999999999998,26.680000000000064,-26.680000000000064,0.0,53.36000000000013,53360000.00000013,35.02000000000021,-63.36000000000013,-14.170000000000073,0.5499999999999972,0.3199999999999932,0.23000000000000398,7.419726788563352,14.807857458145532,11.340640634461481,30.081274823384835
2025-04-05 13:50:15,1726.87,1732.2,115.67,120.04,1729.5349999999999,3459.0699999999997,5.330000000000155,0.0030817531862138677,235.71,4.3700000000000045,-26.680000000000064,-1.6699999999998454,-14.175000000000182,25.01000000000022,1.7643737732364109,-53.36000000000013,25.01000000000022,-14.175000000000182,0.5100000000000051,0.19000000000001194,0.3199999999999932,7.337554591075666,13.711831296393298,12.30630123148295,21.745951519765786
2025-04-05 13:50:16,1730.2,1733.87,116.14,120.36,1732.0349999999999,3464.0699999999997,3.6699999999998454,0.0021188948248048976,236.5,4.219999999999999,3.3300000000001546,1.6699999999998454,2.5,1.6600000000003092,0.6639997344002299,30.01000000000022,3.3399999999996908,16.675000000000182,0.46999999999999886,0.3199999999999932,0.15000000000000568,7.323615191020654,7.377416044981994,12.306301231483001,13.052161027967871
2025-04-05 13:50:17,1763.57,1780.59,116.16,120.53,1772.08,3544.16,17.019999999999982,0.009604532521328297,236.69,4.3700000000000045,33.36999999999989,46.72000000000003,40.04500000000007,13.350000000000136,0.33337494485266994,30.039999999999736,45.05000000000018,37.54500000000007,0.01999999999999602,0.1700000000000017,0.15000000000000568,7.486923792779907,16.888036223929895,12.175447835706093,20.307887814837
2025-04-05 13:50:18,1746.88,1783.93,116.67,120.76,1765.4050000000002,3530.8100000000004,37.049999999999955,0.0209866857627645,237.43,4.090000000000003,-16.689999999999827,3.3400000000001455,-6.674999999999727,20.029999999999973,3.0007486141201762,-50.05999999999972,-43.37999999999988,-46.7199999999998,0.5100000000000051,0.23000000000000398,0.28000000000000114,7.435475687842835,19.335801832372418,13.435499618547839,20.983348576907428
2025-04-05 13:50:19,1736.87,1740.54,116.67,120.93,1738.705,3477.41,3.6700000000000728,0.0021107663450034976,237.60000000000002,4.260000000000005,-10.010000000000218,-43.3900000000001,-26.700000000000273,33.37999999999988,1.2501872190940944,6.679999999999609,-46.730000000000246,-20.025000000000546,0.0,0.1700000000000017,0.1700000000000017,7.31778195573324,19.773791872091074,14.377796075894198,25.314117948291365
2025-04-05 13:50:20,1741.88,1795.62,117.16,121.1,1768.75,3537.5,53.73999999999978,0.030383038852080137,238.26,3.9399999999999977,5.010000000000218,55.07999999999993,30.045000000000073,50.06999999999971,1.6665001941587416,15.020000000000437,98.47000000000003,56.745000000000346,0.4899999999999949,0.1699999999999875,0.3200000000000074,7.4236128287433365,18.5821893893262,21.939711711870704,27.214134333099892
2025-04-05 13:50:21,1741.88,1738.87,117.16,121.12,1740.375,3480.75,3.0100000000002183,0.0017295123167539788,238.28,3.960000000000008,0.0,-56.75,-28.375,56.75,1.999999929515421,-5.010000000000218,-111.82999999999993,-58.42000000000007,0.0,0.020000000000010232,0.020000000000010232,7.3039071373849795,16.180163240857265,22.08680307332849,31.83935921151691
2025-04-05 13:50:22,1745.21,1742.21,117.56,121.38,1743.71,3487.42,3.0,0.0017204695725089208,238.94,3.819999999999993,3.3299999999999272,3.3400000000001455,3.3350000000000364,0.010000000000218279,0.0029984998505902007,3.3299999999999272,60.090000000000146,31.710000000000036,0.4000000000000057,0.2599999999999909,0.14000000000001478,7.297689766059723,14.482849080922605,23.83996078016893,24.059504982438973
2025-04-05 13:50:23,1748.55,1747.21,117.56,121.38,1747.88,3495.76,1.3399999999999181,0.0007666430185328941,238.94,3.819999999999993,3.339999999999918,5.0,4.170000000000073,1.6600000000000819,0.39808143930902,0.009999999999990905,1.6599999999998545,0.8350000000000364,0.0,0.0,0.0,7.315141846006773,12.180428666544307,22.817431275233282,24.432655657951027
2025-04-05 13:50:24,1743.54,1748.88,117.88,121.51,1746.21,3492.42,5.3400000000001455,0.003058051435361207,239.39,3.6300000000000097,-5.009999999999991,1.6700000000000728,-1.6700000000000728,6.680000000000064,3.9999976047917176,-8.349999999999909,-3.3299999999999272,-5.8400000000001455,0.3199999999999932,0.13000000000000966,0.18999999999998352,7.294414940914764,11.188549950765537,22.65926918503758,20.783873977196905
2025-04-05 13:50:25,1740.21,1733.87,117.88,121.51,1737.04,3474.08,6.3400000000001455,0.0036498871622704476,239.39,3.6300000000000097,-3.3299999999999272,-15.010000000000218,-9.170000000000073,11.680000000000291,1.2737185088638703,1.6800000000000637,-16.68000000000029,-7.5,0.0,0.0,0.0,7.25610924743678,4.388210911154211,2.008651288800402,13.41104703220453
2025-04-05 13:50:26,1753.55,1752.21,118.2,121.63,1752.88,3505.76,1.3399999999999181,0.0007644562087738247,239.82999999999998,3.4299999999999926,13.339999999999918,18.340000000000146,15.840000000000146,5.000000000000227,0.3156565457287649,16.669999999999845,33.350000000000364,25.01000000000022,0.3200000000000074,0.11999999999999034,0.20000000000001705,7.308843733857969,5.818052079585932,2.2928410324311024,9.151769227859882
2025-04-05 13:50:27,1741.88,1747.21,118.2,121.63,1744.545,3489.09,5.329999999999927,0.0030552378969557615,239.82999999999998,3.4299999999999926,-11.669999999999845,-5.0,-8.335000000000036,6.669999999999845,0.8002398559999953,-25.009999999999764,-23.340000000000146,-24.175000000000182,0.0,0.0,0.0,7.274089950072594,5.7639812630485014,2.4068693358800437,10.301760529152446
2025-04-05 13:50:28,1753.55,1747.21,118.45,121.74,1750.38,3500.76,6.339999999999918,0.0036220706340210963,240.19,3.289999999999992,11.669999999999845,0.0,5.835000000000036,11.669999999999845,1.999999657240808,23.33999999999969,5.0,14.170000000000073,0.25,0.10999999999999943,0.14000000000000057,7.287480714070192,6.097928336802143,2.073166659967165,10.488718344011495
2025-04-05 13:50:29,1743.54,1742.21,118.45,121.74,1742.875,3485.75,1.3299999999999272,0.0007631069349418749,240.19,3.289999999999992,-10.009999999999991,-5.0,-7.505000000000109,5.009999999999991,0.6675548744097326,-21.679999999999836,-5.0,-13.340000000000146,0.0,0.0,0.0,7.256234617360279,6.277805548181174,2.5899864864511257,11.097460632955793
2025-04-05 13:50:30,1756.89,1753.88,118.73,121.74,1755.3850000000002,3510.7700000000004,3.009999999999991,0.001714723549697227,240.47,3.009999999999991,13.350000000000136,11.670000000000073,12.510000000000218,1.6800000000000637,0.1342925552124284,23.360000000000127,16.670000000000073,20.015000000000327,0.28000000000000114,0.0,0.28000000000000114,7.299808677590517,5.358703901203714,2.2926294947067194,11.179695545944181
2025-04-05 13:50:31,1751.89,1747.21,118.73,121.74,1749.5500000000002,3499.1000000000004,4.680000000000064,0.0026749735631019914,240.47,3.009999999999991,-5.0,-6.670000000000073,-5.835000000000036,1.6700000000000728,0.28620389268143437,-18.350000000000136,-18.340000000000146,-18.345000000000255,0.0,0.0,0.0,7.2755436966127025,4.982763540524038,1.9824656365241735,9.329710874405679
2025-04-05 13:50:32,1760.23,1745.54,119.02,121.82,1752.885,3505.77,14.690000000000055,0.008380469906251456,240.83999999999997,2.799999999999997,8.339999999999918,-1.6700000000000728,3.334999999999809,10.009999999999991,3.0014983503754764,13.339999999999918,5.0,9.169999999999845,0.28999999999999204,0.0799999999999983,0.20999999999999375,7.278213721648341,4.69581861881136,5.199100883806696,8.338625186444297
2025-04-05 13:50:33,1740.21,1753.88,119.02,121.82,1747.045,3494.09,13.670000000000073,0.007824641032243262,240.83999999999997,2.799999999999997,-20.019999999999982,8.340000000000146,-5.839999999999918,28.360000000000127,4.856163552026879,-28.3599999999999,10.010000000000218,-9.174999999999727,0.0,0.0,0.0,7.2539652580386775,4.898981526886543,6.2438673912888145,8.512868641063525
2025-04-05 13:50:34,1756.89,1752.21,119.26,121.82,1754.5500000000002,3509.1000000000004,4.680000000000064,0.002667350601198434,241.07999999999998,2.559999999999988,16.680000000000064,-1.6700000000000728,7.505000000000109,18.350000000000136,2.4450363164508397,36.700000000000045,-10.010000000000218,13.345000000000027,0.2400000000000091,0.0,0.2400000000000091,7.277874534271303,3.508205738090947,5.561998741459709,8.13693815264701
2025-04-05 13:50:35,1743.54,1750.54,119.26,121.82,1747.04,3494.08,7.0,0.004006777175103731,241.07999999999998,2.559999999999988,-13.350000000000136,-1.6700000000000728,-7.510000000000218,11.680000000000064,1.5552594467030996,-30.0300000000002,0.0,-15.015000000000327,0.0,0.0,0.0,7.246723049416281,3.4092840158564983,4.886054645621481,6.672187984462219
2025-04-05 13:50:36,1760.23,1755.55,119.49,121.93,1757.8899999999999,3515.7799999999997,4.680000000000064,0.0026622826214028074,241.42000000000002,2.440000000000012,16.690000000000055,5.009999999999991,10.849999999999909,11.680000000000064,1.0764975966361812,30.04000000000019,6.680000000000064,18.360000000000127,0.22999999999998977,0.11000000000001364,0.11999999999997613,7.281459666633006,4.771316118302571,4.886054645621481,8.089566273911222
2025-04-05 13:50:37,1756.89,1752.21,119.49,121.93,1754.5500000000002,3509.1000000000004,4.680000000000064,0.002667350601198434,241.42000000000002,2.440000000000012,-3.339999999999918,-3.339999999999918,-3.3399999999996908,0.0,0.0,-20.029999999999973,-8.349999999999909,-14.1899999999996,0.0,0.0,0.0,7.267624855986974,4.914763473532987,3.8929192131354635,8.293889015413782
2025-04-05 13:50:38,1763.57,1742.21,119.77,121.93,1752.8899999999999,3505.7799999999997,21.3599999999999,0.01218559064619817,241.7,2.160000000000011,6.679999999999836,-10.0,-1.6600000000003092,16.679999999999836,10.048186717957838,10.019999999999754,-6.660000000000082,1.6799999999993815,0.28000000000000114,0.0,0.28000000000000114,7.252337578600176,3.9847685002737423,7.269883080215128,7.705939592288668
2025-04-05 13:50:39,1756.89,1753.88,119.77,121.93,1755.3850000000002,3510.7700000000004,3.009999999999991,0.001714723549697227,241.7,2.160000000000011,-6.679999999999836,11.670000000000073,2.4950000000003456,18.34999999999991,7.354706471058475,-13.359999999999673,21.670000000000073,4.155000000000655,0.0,0.0,0.0,7.262660292665867,4.06258907604178,7.522099440980447,6.966336555177473
2025-04-05 13:50:40,1765.24,1747.21,120.06,121.93,1756.225,3512.45,18.029999999999973,0.010266338305019935,241.99,1.8700000000000045,8.349999999999909,-6.670000000000073,0.8399999999996908,15.019999999999982,17.88093109413621,15.029999999999745,-18.340000000000146,-1.6550000000006548,0.29000000000000625,0.0,0.29000000000000625,7.257427962901657,1.8643249450602557,8.636780071299617,5.515693066152344
2025-04-05 13:50:41,1760.23,1747.21,120.06,121.93,1753.72,3507.44,13.019999999999982,0.007424218229007916,241.99,1.8700000000000045,-5.009999999999991,0.0,-2.5049999999998818,5.009999999999991,1.9999992015972157,-13.3599999999999,6.670000000000073,-3.3449999999995725,0.0,0.0,0.0,7.247076295520161,1.3178837205056602,8.053126721963244,2.431001336898318
2025-04-05 13:50:42,1758.56,1795.62,120.21,121.95,1777.09,3554.18,37.059999999999945,0.02085431800254665,242.16,1.740000000000009,-1.6700000000000728,48.409999999999854,23.36999999999989,50.07999999999993,2.142918179592725,3.339999999999918,48.409999999999854,25.874999999999773,0.14999999999999147,0.01999999999999602,0.12999999999999545,7.338495179474334,10.163761975802775,12.47842658350798,10.729723085895609
2025-04-05 13:50:43,1761.9,1757.22,120.21,121.99,1759.56,3519.12,4.680000000000064,0.0026597558465413554,242.2,1.7800000000000011,3.3400000000001455,-38.399999999999864,-17.529999999999973,41.74000000000001,2.3810609023924227,5.010000000000218,-86.80999999999972,-40.899999999999864,0.0,0.03999999999999204,0.03999999999999204,7.264905007163893,9.571636093206536,13.691962971027868,14.643818405730114
2025-04-05 13:50:44,1766.91,1750.54,120.42,121.99,1758.725,3517.45,16.37000000000012,0.009307879282259728,242.41,1.5699999999999932,5.009999999999991,-6.680000000000064,-0.8350000000000364,11.690000000000055,13.999983233552468,1.6699999999998454,31.7199999999998,16.694999999999936,0.21000000000000796,0.0,0.21000000000000796,7.255166836124059,9.245483627197382,11.916617389175427,14.653536518533668
2025-04-05 13:50:45,1760.23,1753.88,120.42,121.99,1757.055,3514.11,6.349999999999909,0.0036140018362463932,242.41,1.5699999999999932,-6.680000000000064,3.3400000000001455,-1.6699999999998454,10.02000000000021,5.999996407188461,-11.690000000000055,10.02000000000021,-0.834999999999809,0.0,0.0,0.0,7.248277681414638,9.143771787439494,12.966646829462068,14.689121570059923
2025-04-05 13:50:46,1763.57,1747.21,120.59,121.99,1755.3899999999999,3510.7799999999997,16.3599999999999,0.00931986623524119,242.57999999999998,1.3999999999999915,3.339999999999918,-6.670000000000073,-1.665000000000191,10.009999999999991,6.012008401195461,10.019999999999982,-10.010000000000218,0.004999999999654392,0.1700000000000017,0.0,0.1700000000000017,7.236334375313982,8.825842311121068,12.89302640965257,14.65570170616201
2025-04-05 13:50:47,1763.57,1753.88,120.59,121.99,1758.725,3517.45,9.689999999999827,0.005509673197623366,242.57999999999998,1.3999999999999915,0.0,6.670000000000073,3.3350000000000364,6.670000000000073,1.9999994003000299,-3.339999999999918,13.340000000000146,5.000000000000227,0.0,0.0,0.0,7.250082417140398,1.6681254451544596,5.485594771763524,8.019146307432065
2025-04-05 13:50:48,1768.58,1747.21,120.72,121.99,1757.895,3515.79,21.36999999999989,0.012156584999583766,242.70999999999998,1.269999999999996,5.009999999999991,-6.670000000000073,-0.8299999999999272,11.680000000000064,14.072272202082994,5.009999999999991,-13.340000000000146,-4.164999999999964,0.12999999999999545,0.0,0.12999999999999545,7.242779418883527,1.3955805246461144,5.970721899402074,2.0925480878588085
2025-04-05 13:50:49,1756.89,1753.88,120.72,121.99,1755.3850000000002,3510.7700000000004,3.009999999999991,0.001714723549697227,242.70999999999998,1.269999999999996,-11.689999999999827,6.670000000000073,-2.5099999999997635,18.3599999999999,7.314738121618927,-16.699999999999818,13.340000000000146,-1.6799999999998363,0.0,0.0,0.0,7.232437859039853,1.4932765988828174,7.463436205930804,2.3152337894911046
2025-04-05 13:50:50,1770.25,1748.88,120.85,121.99,1759.565,3519.13,21.36999999999989,0.012145047206471396,242.83999999999997,1.1400000000000006,13.3599999999999,-5.0,4.179999999999836,18.3599999999999,4.392343446807936,25.049999999999727,-11.670000000000073,6.6899999999996,0.12999999999999545,0.0,0.12999999999999545,7.245779083982133,1.9227506340582148,7.9515973238085165,3.045317306948658
2025-04-05 13:50:51,1768.58,1747.21,120.85,121.99,1757.895,3515.79,21.36999999999989,0.012156584999583766,242.83999999999997,1.1400000000000006,-1.6700000000000728,-1.6700000000000728,-1.6700000000000728,0.0,0.0,-15.029999999999973,3.3299999999999272,-5.849999999999909,0.0,0.0,0.0,7.238902127990027,1.5634800928605612,8.559084063145935,3.046207478160491
2025-04-05 13:50:52,1771.92,1760.55,121.0,122.1,1766.2350000000001,3532.4700000000003,11.370000000000118,0.0064374219702150026,243.1,1.0999999999999943,3.3400000000001455,13.339999999999918,8.340000000000146,9.999999999999773,1.1990406236161841,5.010000000000218,15.009999999999991,10.010000000000218,0.15000000000000568,0.10999999999999943,0.04000000000000625,7.265466856168381,4.1047107085362216,8.310109505896902,4.624010164348832
2025-04-05 13:50:53,1768.58,1758.89,121.0,122.1,1763.7350000000001,3527.4700000000003,9.689999999999827,0.00549402262500081,243.1,1.0999999999999943,-3.3400000000001455,-1.6599999999998545,-2.5,1.680000000000291,0.6719997312002239,-6.680000000000291,-14.999999999999773,-10.840000000000146,0.0,0.0,0.0,7.255183022397438,4.392012067466581,7.950969752174797,4.887378642994772
2025-04-05 13:50:54,1746.88,1755.55,121.17,122.1,1751.2150000000001,3502.4300000000003,8.669999999999845,0.004950848408133208,243.26999999999998,0.9299999999999926,-21.699999999999818,-3.3400000000001455,-12.519999999999982,18.359999999999673,1.4664535569925035,-18.359999999999673,-1.680000000000291,-10.019999999999982,0.1700000000000017,0.0,0.1700000000000017,7.198647563618008,5.793416953816807,6.350502342334747,7.895244138087286
2025-04-05 13:50:55,1768.58,1752.21,121.17,122.1,1760.395,3520.79,16.36999999999989,0.009299049355798466,243.26999999999998,0.9299999999999926,21.699999999999818,-3.339999999999918,9.179999999999836,25.039999999999736,2.727668548184274,43.399999999999636,2.2737367544323206e-13,21.699999999999818,0.0,0.0,0.0,7.2363834125194915,5.799431006639533,5.304609316434073,8.936995020699143
2025-04-05 13:50:56,1753.55,1755.55,121.25,122.1,1754.55,3509.1,2.0,0.0011398934193155546,243.35,0.8499999999999943,-15.029999999999973,3.339999999999918,-5.845000000000027,18.36999999999989,3.1428566051570916,-36.72999999999979,6.679999999999836,-15.024999999999864,0.0799999999999983,0.0,0.0799999999999983,7.2099855877954155,6.262284327685221,5.186443868393735,9.337486546175114
2025-04-05 13:50:57,1768.58,1755.55,121.25,122.1,1762.065,3524.13,13.029999999999973,0.007394732880231568,243.35,0.8499999999999943,15.029999999999973,0.0,7.5150000000001,15.029999999999973,1.9999997338656073,30.059999999999945,-3.339999999999918,13.360000000000127,0.0,0.0,0.0,7.240867034144784,5.299077278241129,5.376134298917663,9.143772060807345
2025-04-05 13:50:58,1773.59,1755.55,121.34,122.1,1764.57,3529.14,18.039999999999964,0.0102234538668211,243.44,0.7599999999999909,5.009999999999991,0.0,2.5049999999998818,5.009999999999991,1.9999992015972157,-10.019999999999982,0.0,-5.010000000000218,0.09000000000000341,0.0,0.09000000000000341,7.2484800885290825,5.518185163690239,6.46169250274253,9.189635874179178
2025-04-05 13:50:59,1770.25,1753.88,121.34,122.1,1762.065,3524.13,16.36999999999989,0.00929023616649196,243.44,0.7599999999999909,-3.339999999999918,-1.6699999999998454,-2.5049999999998818,1.6700000000000728,0.6666664005324355,-8.349999999999909,-1.6699999999998454,-5.0099999999997635,0.0,0.0,0.0,7.23819007871266,3.762136029009784,6.49971307059002,6.401507634924836
2025-04-05 13:51:00,1765.24,1742.21,121.44,122.1,1753.725,3507.45,23.029999999999973,0.013132047491407105,243.54,0.6599999999999966,-5.009999999999991,-11.670000000000073,-8.340000000000146,6.660000000000082,0.7985610553284066,-1.6700000000000728,-10.000000000000227,-5.835000000000264,0.09999999999999432,0.0,0.09999999999999432,7.2009731165271695,4.915825210559504,7.86129951089506,6.4001390609893924
2025-04-05 13:51:01,1768.58,1740.54,121.44,122.1,1754.56,3509.12,28.039999999999964,0.01598121465439697,243.54,0.6599999999999966,3.339999999999918,-1.6700000000000728,0.8350000000000364,5.009999999999991,5.99999281437959,8.349999999999909,10.0,9.175000000000182,0.0,0.0,0.0,7.204401711405101,4.9133626469834635,5.894443994135433,5.900806724508282
2025-04-05 13:51:02,1773.59,1753.88,121.57,122.1,1763.7350000000001,3527.4700000000003,19.70999999999981,0.011175148187695237,243.67,0.5300000000000011,5.009999999999991,13.340000000000146,9.175000000000182,8.330000000000155,0.9079018084030716,1.6700000000000728,15.010000000000218,8.340000000000146,0.12999999999999545,0.0,0.12999999999999545,7.238211485869368,5.189093610715933,4.624334546721232,6.450304643968579
2025-04-05 13:51:03,1768.58,1752.21,121.57,122.1,1760.395,3520.79,16.36999999999989,0.009299049355798466,243.67,0.5300000000000011,-5.009999999999991,-1.6700000000000728,-3.3400000000001455,3.339999999999918,0.9999997005988239,-10.019999999999982,-15.010000000000218,-12.515000000000327,0.0,0.0,0.0,7.224504423094742,4.506817613435454,4.944247162106642,6.488026471894441
2025-04-05 13:51:04,1773.59,1750.54,121.61,122.1,1762.065,3524.13,23.049999999999955,0.013081242739012868,243.70999999999998,0.4899999999999949,5.009999999999991,-1.6700000000000728,1.6700000000000728,6.680000000000064,3.9999976047917176,10.019999999999982,0.0,5.010000000000218,0.04000000000000625,0.0,0.04000000000000625,7.230171075334739,4.506817613435454,4.346780417734437,6.4880264718944565
2025-04-05 13:51:05,1768.58,1753.88,121.61,122.1,1761.23,3522.46,14.699999999999818,0.008346439699331364,243.70999999999998,0.4899999999999949,-5.009999999999991,3.3400000000001455,-0.8350000000000364,8.350000000000136,9.999988023966166,-10.019999999999982,5.010000000000218,-2.505000000000109,0.0,0.0,0.0,7.226744872074414,3.4888726690399166,5.352469523500323,4.697195173718306
2025-04-05 13:51:06,1776.93,1755.55,121.7,122.23,1766.24,3532.48,21.38000000000011,0.012104810211463504,243.93,0.5300000000000011,8.350000000000136,1.6699999999998454,5.009999999999991,6.680000000000291,1.333333067199049,13.360000000000127,-1.6700000000003001,5.845000000000027,0.09000000000000341,0.13000000000000966,0.04000000000000625,7.240765763781553,2.317030966728011,3.462985706005686,4.915230666001599
2025-04-05 13:51:07,1775.26,1758.89,121.7,122.23,1767.075,3534.15,16.36999999999989,0.009263896546969424,243.93,0.5300000000000011,-1.6700000000000728,3.3400000000001455,0.8350000000000364,5.010000000000218,5.999992814379863,-10.02000000000021,1.6700000000003001,-4.1749999999999545,0.0,0.0,0.0,7.24418887695573,3.045175282438969,3.6204737259093314,3.0906281723950237
2025-04-05 13:51:08,1775.26,1748.88,121.76,122.23,1762.0700000000002,3524.1400000000003,26.37999999999988,0.014971028384246283,243.99,0.46999999999999886,0.0,-10.009999999999991,-5.004999999999882,10.009999999999991,1.9999996003997256,1.6700000000000728,-13.350000000000136,-5.839999999999918,0.060000000000002274,0.0,0.060000000000002274,7.221894310332824,2.7049385391866916,4.8081004565212195,3.6664816241188514
2025-04-05 13:51:09,1775.26,1747.21,121.76,122.23,1761.2350000000001,3522.4700000000003,28.049999999999955,0.01592632441671533,243.99,0.46999999999999886,0.0,-1.6700000000000728,-0.8350000000000364,1.6700000000000728,1.9999976047932877,0.0,8.339999999999918,4.169999999999845,0.0,0.0,0.0,7.218472038942284,2.8544592308837067,5.899392341589057,3.609155718447349
2025-04-05 13:51:10,1756.89,1748.88,121.78,122.23,1752.8850000000002,3505.7700000000004,8.009999999999991,0.004569609526825992,244.01,0.45000000000000284,-18.36999999999989,1.6700000000000728,-8.349999999999909,20.039999999999964,2.399999712574907,-18.36999999999989,3.3400000000001455,-7.514999999999873,0.01999999999999602,0.0,0.01999999999999602,7.183660476276955,5.642640561011791,8.129284716381814,5.1802333441652
2025-04-05 13:51:11,1768.58,1752.21,121.8,122.23,1760.395,3520.79,16.36999999999989,0.009299049355798466,244.03,0.4300000000000068,11.689999999999827,3.3299999999999272,7.5099999999997635,8.3599999999999,1.1131822752087734,30.059999999999718,1.6599999999998545,15.859999999999673,0.01999999999999602,0.0,0.01999999999999602,7.2138466286364515,5.0981830097373955,8.230648820111261,6.0360224900177375
2025-04-05 13:51:12,1773.59,1758.89,121.8,122.23,1766.24,3532.48,14.699999999999818,0.008322764738471019,244.03,0.4300000000000068,5.009999999999991,6.680000000000064,5.845000000000027,1.6700000000000728,0.285714236832477,-6.679999999999836,3.3500000000001364,-1.6649999999997362,0.0,0.0,0.0,7.237798601656359,4.845896459972578,8.39806346725238,6.817155381828993
2025-04-05 13:51:13,1771.92,1750.54,121.8,122.23,1761.23,3522.46,21.38000000000011,0.012139243589912087,244.03,0.4300000000000068,-1.6699999999998454,-8.350000000000136,-5.009999999999991,6.680000000000291,1.333333067199049,-6.679999999999836,-15.0300000000002,-10.855000000000018,0.0,0.0,0.0,7.217268339067868,4.794969499462398,7.505495986275626,6.818042791006834
2025-04-05 13:51:14,1775.26,1757.22,121.87,122.23,1766.24,3532.48,18.039999999999964,0.01021378747496726,244.10000000000002,0.35999999999999943,3.339999999999918,6.680000000000064,5.009999999999991,3.3400000000001455,0.6666665335995245,5.0099999999997635,15.0300000000002,10.019999999999982,0.07000000000000739,0.0,0.07000000000000739,7.2357230346754475,5.4862402882825645,4.95789773996999,7.167231334343848
2025-04-05 13:51:15,1770.25,1755.55,121.87,122.23,1762.9,3525.8,14.700000000000045,0.008338533094141194,244.10000000000002,0.35999999999999943,-5.009999999999991,-1.6700000000000728,-3.339999999999918,3.339999999999918,0.999999700598892,-8.349999999999909,-8.350000000000136,-8.349999999999909,0.0,0.0,0.0,7.222040117894141,2.7440900132423143,2.7944444886237396,5.741512866832278
2025-04-05 13:51:16,1770.25,1747.21,121.87,122.23,1758.73,3517.46,23.039999999999964,0.013100362185724699,244.10000000000002,0.35999999999999943,0.0,-8.339999999999918,-4.170000000000073,8.339999999999918,1.9999995203837535,5.009999999999991,-6.669999999999845,-0.8300000000001546,0.0,0.0,0.0,7.204956955325862,3.2537624376674836,3.8051176065924053,5.2998650926227855
2025-04-05 13:51:17,1773.59,1753.88,121.87,122.23,1763.7350000000001,3527.4700000000003,19.70999999999981,0.011175148187695237,244.10000000000002,0.35999999999999943,3.339999999999918,6.670000000000073,5.005000000000109,3.3300000000001546,0.6653345324007092,3.339999999999918,15.009999999999991,9.175000000000182,0.0,0.0,0.0,7.225460847089468,2.8051818124277736,3.2094516665622352,5.063094903317707
2025-04-05 13:51:18,1775.26,1747.21,122.02,122.23,1761.2350000000001,3522.4700000000003,28.049999999999955,0.01592632441671533,244.25,0.21000000000000796,1.6700000000000728,-6.670000000000073,-2.5,8.340000000000146,3.335998665600592,-1.6699999999998454,-13.340000000000146,-7.505000000000109,0.14999999999999147,0.0,0.14999999999999147,7.2107880973969785,2.804586868110075,5.0880615169236085,4.60827028287206
2025-04-05 13:51:19,1773.59,1747.21,122.02,122.23,1760.4,3520.8,26.37999999999988,0.014985230620889939,244.25,0.21000000000000796,-1.6700000000000728,0.0,-0.8350000000000364,1.6700000000000728,1.9999976047932877,-3.3400000000001455,6.670000000000073,1.6649999999999636,0.0,0.0,0.0,7.207369468956522,1.9911271935199395,5.354804384849075,3.664717929118395
2025-04-05 13:51:20,1773.59,1752.21,122.02,122.23,1762.9,3525.8,21.37999999999988,0.012127744051206611,244.25,0.21000000000000796,0.0,5.0,2.5,5.0,1.99999920000032,1.6700000000000728,5.0,3.3350000000000364,0.0,0.0,0.0,7.217604883448906,1.9911271935199395,3.458405702053976,3.729482202665929
2025-04-05 13:51:21,1768.58,1752.21,122.02,122.23,1760.395,3520.79,16.36999999999989,0.009299049355798466,244.25,0.21000000000000796,-5.009999999999991,0.0,-2.505000000000109,5.009999999999991,1.9999992015970343,-5.009999999999991,-5.0,-5.005000000000109,0.0,0.0,0.0,7.207348998127538,1.5153407210178618,4.8061907993752655,3.315412116163223
2025-04-05 13:51:22,1775.26,1742.21,122.08,122.23,1758.7350000000001,3517.4700000000003,33.049999999999955,0.018791915769691303,244.31,0.15000000000000568,6.680000000000064,-10.0,-1.6599999999998545,16.680000000000064,10.048186717960728,11.690000000000055,-10.0,0.8450000000002547,0.060000000000002274,0.0,0.060000000000002274,7.198784301916483,1.5136900279693708,6.394922204374306,2.075322264131886
2025-04-05 13:51:23,1775.26,1753.88,122.08,122.23,1764.5700000000002,3529.1400000000003,21.37999999999988,0.01211626627897086,244.31,0.15000000000000568,0.0,11.670000000000073,5.835000000000036,11.670000000000073,1.999999657240847,-6.680000000000064,21.670000000000073,7.494999999999891,0.0,0.0,0.0,7.222667892338964,2.313609193613896,6.306700405124655,3.456899984090022
2025-04-05 13:51:24,1771.92,1752.21,122.08,122.23,1762.065,3524.13,19.710000000000036,0.011185739452752478,244.31,0.15000000000000568,-3.339999999999918,-1.6700000000000728,-2.505000000000109,1.6699999999998454,0.6666664005322842,-3.339999999999918,-13.340000000000146,-8.340000000000146,0.0,0.0,0.0,7.212414525756562,2.25271669341155,6.3067004051246425,3.7097314592840456
2025-04-05 13:51:25,1768.58,1752.21,122.08,122.23,1760.395,3520.79,16.36999999999989,0.009299049355798466,244.31,0.15000000000000568,-3.3400000000001455,0.0,-1.6700000000000728,3.3400000000001455,1.9999988023959268,-2.2737367544323206e-13,1.6700000000000728,0.8350000000000364,0.0,0.0,0.0,7.20557894803496,2.2063703226735667,6.877098225269101,3.566748168850972
2025-04-05 13:51:26,1776.93,1750.54,122.14,122.23,1763.7350000000001,3527.4700000000003,26.3900000000001,0.014962565229491694,244.37,0.09000000000000341,8.350000000000136,-1.6700000000000728,3.3400000000001455,10.02000000000021,2.999999101796608,11.690000000000282,-1.6700000000000728,5.010000000000218,0.060000000000002274,0.0,0.060000000000002274,7.217477565914485,2.3877604571596596,6.50342217605466,3.701054917182647
2025-04-05 13:51:27,1773.59,1743.87,122.14,122.23,1758.73,3517.46,29.720000000000027,0.016898557472210893,244.37,0.09000000000000341,-3.3400000000001455,-6.670000000000073,-5.005000000000109,3.3299999999999272,0.6653345324006638,-11.690000000000282,-5.0,-8.345000000000255,0.0,0.0,0.0,7.196996328530522,2.389417816283979,5.330265471812809,4.452998147316287
2025-04-05 13:51:28,1771.92,1760.55,122.14,122.33,1766.2350000000001,3532.4700000000003,11.370000000000118,0.0064374219702150026,244.47,0.18999999999999773,-1.6699999999998454,16.680000000000064,7.505000000000109,18.34999999999991,2.4450363164508095,1.6700000000003001,23.350000000000136,12.510000000000218,0.0,0.09999999999999432,0.09999999999999432,7.2247514736992215,2.9133091152117183,7.424851513666738,5.025935982481531
2025-04-05 13:51:29,1770.25,1748.88,122.14,122.33,1759.565,3519.13,21.36999999999989,0.012145047206471396,244.47,0.18999999999999773,-1.6700000000000728,-11.669999999999845,-6.670000000000073,9.999999999999773,1.4992501500374082,-2.2737367544323206e-13,-28.34999999999991,-14.175000000000182,0.0,0.0,0.0,7.197467962541547,3.153746977925625,7.405935457455677,5.885542668267957
2025-04-05 13:51:30,1746.88,1757.22,122.21,122.33,1752.0500000000002,3504.1000000000004,10.339999999999918,0.0059016580543353545,244.54,0.12000000000000455,-23.36999999999989,8.339999999999918,-7.514999999999873,31.70999999999981,4.2195603167584865,-21.699999999999818,20.009999999999764,-0.8449999999997999,0.06999999999999318,0.0,0.06999999999999318,7.164676506237522,5.427021052177013,8.729958190048762,6.700130036051712
2025-04-05 13:51:31,1775.26,1758.89,122.21,122.33,1767.075,3534.15,16.36999999999989,0.009263896546969424,244.54,0.12000000000000455,28.37999999999988,1.6700000000000728,15.024999999999864,26.70999999999981,1.7777037086386918,51.74999999999977,-6.669999999999845,22.539999999999736,0.0,0.0,0.0,7.226118396883462,6.149464814174744,7.966600906283631,10.072967288738752
2025-04-05 13:51:32,1778.6,1753.88,122.21,122.33,1766.24,3532.48,24.7199999999998,0.013995832947959488,244.54,0.12000000000000455,3.339999999999918,-5.009999999999991,-0.8350000000000364,8.349999999999909,9.999988023965894,-25.039999999999964,-6.680000000000064,-15.8599999999999,0.0,0.0,0.0,7.222703822594652,6.448424807716621,6.225088754387213,9.649572270313366
2025-04-05 13:51:33,1771.92,1758.89,122.21,122.33,1765.4050000000002,3530.8100000000004,13.029999999999973,0.007380742658267779,244.54,0.12000000000000455,-6.679999999999836,5.009999999999991,-0.834999999999809,11.689999999999827,13.999983233556009,-10.019999999999754,10.019999999999982,2.2737367544323206e-13,0.0,0.0,0.0,7.219289248305844,6.3292284285507465,5.89641670847631,9.05499061291618
2025-04-05 13:51:34,1775.26,1752.21,122.21,122.33,1763.7350000000001,3527.4700000000003,23.049999999999955,0.013068856708593465,244.54,0.12000000000000455,3.339999999999918,-6.680000000000064,-1.6700000000000728,10.019999999999982,5.999996407187508,10.019999999999754,-11.690000000000055,-0.8350000000002638,0.0,0.0,0.0,7.212460099728225,6.190334603296984,6.234065286793103,8.410282694416397
2025-04-05 13:51:35,1775.26,1758.89,122.21,122.33,1767.075,3534.15,16.36999999999989,0.009263896546969424,244.54,0.12000000000000455,0.0,6.680000000000064,3.339999999999918,6.680000000000064,1.9999994011978521,-3.339999999999918,13.360000000000127,5.009999999999991,0.0,0.0,0.0,7.226118396883462,1.3972222445910332,4.954020589379787,6.998918666479881
2025-04-05 13:51:36,1773.59,1757.22,122.25,122.33,1765.405,3530.81,16.36999999999989,0.009272659809350959,244.57999999999998,0.0799999999999983,-1.6700000000000728,-1.6700000000000728,-1.6700000000000728,0.0,0.0,-1.6700000000000728,-8.350000000000136,-5.009999999999991,0.04000000000000625,0.0,0.04000000000000625,7.218108564812706,1.2385051476597504,4.954020589379787,2.0958333664681885
2025-04-05 13:51:37,1773.59,1747.21,122.25,122.33,1760.4,3520.8,26.37999999999988,0.014985230620889939,244.57999999999998,0.0799999999999983,0.0,-10.009999999999991,-5.004999999999882,10.009999999999991,1.9999996003997256,1.6700000000000728,-8.339999999999918,-3.334999999999809,0.0,0.0,0.0,7.197644912921561,2.5307024718007223,5.484833634669248,2.9857800488316495
2025-04-05 13:51:38,1771.92,1758.89,122.25,122.33,1765.4050000000002,3530.8100000000004,13.029999999999973,0.007380742658267779,244.57999999999998,0.0799999999999983,-1.6699999999998454,11.680000000000064,5.005000000000109,13.349999999999909,2.6673321343990977,-1.6699999999998454,21.690000000000055,10.009999999999991,0.0,0.0,0.0,7.218108564812707,2.5307024718007223,5.484833634669248,4.08758639052454
2025-04-05 13:51:39,1768.58,1758.89,122.25,122.33,1763.7350000000001,3527.4700000000003,9.689999999999827,0.00549402262500081,244.57999999999998,0.0799999999999983,-3.3400000000001455,0.0,-1.6700000000000728,3.3400000000001455,1.9999988023959268,-1.6700000000003001,-11.680000000000064,-6.675000000000182,0.0,0.0,0.0,7.211280533112763,2.5307024718007223,6.2445592318432865,4.08758639052454
2025-04-05 13:51:40,1775.26,1752.21,122.25,122.33,1763.7350000000001,3527.4700000000003,23.049999999999955,0.013068856708593465,244.57999999999998,0.0799999999999983,6.680000000000064,-6.680000000000064,0.0,13.360000000000127,13360000.000000129,10.02000000000021,-6.680000000000064,1.6700000000000728,0.0,0.0,0.0,7.211280533112763,2.043282897882102,6.922837568511874,3.655363525013839
2025-04-05 13:51:41,1775.26,1755.55,122.25,122.33,1765.405,3530.81,19.710000000000036,0.011164576960434268,244.57999999999998,0.0799999999999983,0.0,3.339999999999918,1.6699999999998454,3.339999999999918,1.9999988023960629,-6.680000000000064,10.019999999999982,1.6699999999998454,0.0,0.0,0.0,7.218108564812706,2.043282897882102,6.923078794871505,3.730879587979406
2025-04-05 13:51:42,1765.24,1755.55,122.25,122.33,1760.395,3520.79,9.690000000000055,0.005504446442131231,244.57999999999998,0.0799999999999983,-10.019999999999982,0.0,-5.009999999999991,10.019999999999982,1.9999996007984828,-10.019999999999982,-3.339999999999918,-6.679999999999836,0.0,0.0,0.0,7.197624469712878,2.0453239354140726,6.067411309611325,3.7325567644714597
2025-04-05 13:51:43,1770.25,1747.21,122.25,122.33,1758.73,3517.46,23.039999999999964,0.013100362185724699,244.57999999999998,0.0799999999999983,5.009999999999991,-8.339999999999918,-1.6649999999999636,13.349999999999909,8.018013202394593,15.029999999999973,-8.339999999999918,3.3450000000000273,0.0,0.0,0.0,7.190816881221617,2.7424168174762262,6.842768445592722,2.4768427483393505
2025-04-05 13:51:44,1776.93,1753.88,122.31,122.33,1765.4050000000002,3530.8100000000004,23.049999999999955,0.013056494111517446,244.64,0.01999999999999602,6.680000000000064,6.670000000000073,6.675000000000182,0.009999999999990905,0.0014981271163840473,1.6700000000000728,15.009999999999991,8.340000000000146,0.060000000000002274,0.0,0.060000000000002274,7.216338263504178,3.0320545840695434,5.783607870525002,4.320274007514094
2025-04-05 13:51:45,1776.93,1753.88,122.31,122.33,1765.4050000000002,3530.8100000000004,23.049999999999955,0.013056494111517446,244.64,0.01999999999999602,0.0,0.0,0.0,0.0,0.0,-6.680000000000064,-6.670000000000073,-6.675000000000182,0.0,0.0,0.0,7.216338263504178,3.253762437667768,5.783607870525002,4.320274007514094
2025-04-05 13:51:46,1768.58,1748.88,122.31,122.33,1758.73,3517.46,19.699999999999818,0.011201264542481536,244.64,0.01999999999999602,-8.350000000000136,-5.0,-6.675000000000182,3.3500000000001364,0.5018725839891327,-8.350000000000136,-5.0,-6.675000000000182,0.0,0.0,0.0,7.189053273426042,3.420286172351095,5.783608735037213,5.197895006635154
2025-04-05 13:51:47,1771.92,1747.21,122.31,122.33,1759.565,3519.13,24.710000000000036,0.01404324363462378,244.64,0.01999999999999602,3.3400000000001455,-1.6700000000000728,0.8350000000000364,5.010000000000218,5.999992814379863,11.690000000000282,3.3299999999999272,7.510000000000218,0.0,0.0,0.0,7.19246645196016,3.5201431079965864,1.830314180680347,4.807362062503996
2025-04-05 13:51:48,1765.24,1753.88,122.31,122.33,1759.56,3519.12,11.3599999999999,0.006456159490749813,244.64,0.01999999999999602,-6.680000000000064,6.670000000000073,-0.005000000000109139,13.350000000000136,2669.4661067204142,-10.02000000000021,8.340000000000146,-0.8400000000001455,0.0,0.0,0.0,7.192446013765345,3.3692480616268234,5.3579221718871315,4.7347312489731355
2025-04-05 13:51:49,1761.9,1753.88,122.31,122.33,1757.89,3515.78,8.019999999999982,0.004562287740096191,244.64,0.01999999999999602,-3.339999999999918,0.0,-1.6699999999998454,3.339999999999918,1.9999988023960629,3.3400000000001455,-6.670000000000073,-1.6649999999997362,0.0,0.0,0.0,7.185619656697108,2.9747836057054164,7.333305530250283,3.030954057718772
2025-04-05 13:51:50,1766.91,1753.88,122.31,122.33,1760.395,3520.79,13.029999999999973,0.007401747898964848,244.64,0.01999999999999602,5.009999999999991,0.0,2.5049999999998818,5.009999999999991,1.9999992015972157,8.349999999999909,0.0,4.174999999999727,0.0,0.0,0.0,7.195859192299464,0.9518311303860219,6.7372568601767915,3.5105832848690124
2025-04-05 13:51:51,1763.57,1750.54,122.31,122.33,1757.0549999999998,3514.1099999999997,13.029999999999973,0.007415817941148203,244.64,0.01999999999999602,-3.3400000000001455,-3.3400000000001455,-3.3400000000001455,0.0,0.0,-8.350000000000136,-3.3400000000001455,-5.845000000000027,0.0,0.0,0.0,7.182206478162988,1.3726552738293716,6.310930993126098,2.2558618087111237
2025-04-05 13:51:52,1776.93,1742.21,122.4,122.33,1759.5700000000002,3519.1400000000003,34.72000000000003,0.019732093625299322,244.73000000000002,0.07000000000000739,13.360000000000127,-8.329999999999927,2.5150000000003274,21.690000000000055,8.624251044034269,16.700000000000273,-4.989999999999782,5.855000000000473,0.09000000000000341,0.0,0.09000000000000341,7.189841837168137,1.3732689105822047,10.645246356942605,2.576080841123168
2025-04-05 13:51:53,1776.93,1740.54,122.4,122.33,1758.7350000000001,3517.4700000000003,36.3900000000001,0.020691008013890146,244.73000000000002,0.07000000000000739,0.0,-1.6700000000000728,-0.8350000000000364,1.6700000000000728,1.9999976047932877,-13.360000000000127,6.6599999999998545,-3.350000000000364,0.0,0.0,0.0,7.186429913837985,1.3218424644303723,13.422047906336818,2.6031639402853366
2025-04-05 13:51:54,1776.93,1750.54,122.4,122.33,1763.7350000000001,3527.4700000000003,26.3900000000001,0.014962565229491694,244.73000000000002,0.07000000000000739,0.0,10.0,5.0,10.0,1.99999960000008,0.0,11.670000000000073,5.835000000000036,0.0,0.0,0.0,7.206860592461649,2.475498939764226,11.316908588479473,3.264210088214602
2025-04-05 13:51:55,1775.26,1750.54,122.4,122.33,1762.9,3525.8,24.720000000000027,0.014022349529739448,244.73000000000002,0.07000000000000739,-1.6700000000000728,0.0,-0.8350000000000364,1.6700000000000728,1.9999976047932877,-1.6700000000000728,-10.0,-5.835000000000036,0.0,0.0,0.0,7.203448669131498,2.8294155758345183,9.333935397248048,3.2642100882146248
2025-04-05 13:51:56,1770.25,1767.23,122.4,122.46,1768.74,3537.48,3.019999999999982,0.0017074301470496238,244.86,0.05999999999998806,-5.009999999999991,16.690000000000055,5.839999999999918,21.700000000000045,3.715752788398555,-3.339999999999918,16.690000000000055,6.6749999999999545,0.0,0.12999999999999545,0.12999999999999545,7.223474609068551,3.9719160994134057,13.316623821374556,3.1431445241988913
2025-04-05 13:51:57,1775.26,1752.21,122.4,122.46,1763.7350000000001,3527.4700000000003,23.049999999999955,0.013068856708593465,244.86,0.05999999999998806,5.009999999999991,-15.019999999999982,-5.004999999999882,20.029999999999973,4.00199720239825,10.019999999999982,-31.710000000000036,-10.8449999999998,0.0,0.0,0.0,7.203034357579702,3.557016657366306,12.17103652118423,4.529918045616387
2025-04-05 13:51:58,1768.58,1755.55,122.4,122.46,1762.065,3524.13,13.029999999999973,0.007394732880231568,244.86,0.05999999999998806,-6.680000000000064,3.339999999999918,-1.6700000000000728,10.019999999999982,5.999996407187508,-11.690000000000055,18.3599999999999,3.334999999999809,0.0,0.0,0.0,7.1962141338061985,2.611807324590171,9.876050323889597,4.621254429264963
2025-04-05 13:51:59,1775.26,1755.55,122.4,122.46,1765.405,3530.81,19.710000000000036,0.011164576960434268,244.86,0.05999999999998806,6.680000000000064,0.0,3.339999999999918,6.680000000000064,1.9999994011978521,13.360000000000127,-3.339999999999918,5.009999999999991,0.0,0.0,0.0,7.209854581353203,2.6385256301168534,8.864453169823811,4.279006017757033
2025-04-05 13:52:00,1768.58,1747.21,122.46,122.46,1757.895,3515.79,21.36999999999989,0.012156584999583766,244.92,0.0,-6.680000000000064,-8.339999999999918,-7.509999999999991,1.6599999999998545,0.2210385857471732,-13.360000000000127,-8.339999999999918,-10.849999999999909,0.05999999999998806,0.0,0.05999999999998806,7.177425252419463,4.018519005900288,8.209724721328906,5.578759270662319
2025-04-05 13:52:01,1775.26,1760.55,122.46,122.46,1767.905,3535.81,14.710000000000036,0.008320582832041006,244.92,0.0,6.680000000000064,13.339999999999918,10.009999999999991,6.6599999999998545,0.6653345988676586,13.360000000000127,21.679999999999836,17.519999999999982,0.0,0.0,0.0,7.218295740575307,3.758806991690494,4.318828544871745,6.990266089356043
2025-04-05 13:52:02,1775.26,1753.88,122.46,122.46,1764.5700000000002,3529.1400000000003,21.37999999999988,0.01211626627897086,244.92,0.0,0.0,-6.669999999999845,-3.334999999999809,6.669999999999845,1.999999400300098,-6.680000000000064,-20.009999999999764,-13.3449999999998,0.0,0.0,0.0,7.204679049466443,3.7957239099783977,3.9122372116218735,6.736606712581714
2025-04-05 13:52:03,1775.26,1760.55,122.46,122.46,1767.905,3535.81,14.710000000000036,0.008320582832041006,244.92,0.0,0.0,6.669999999999845,3.334999999999809,6.669999999999845,1.999999400300098,0.0,13.33999999999969,6.669999999999618,0.0,0.0,0.0,7.218295740575307,4.10364228470075,3.4149202040455924,6.76718423718467
2025-04-05 13:52:04,1776.93,1757.22,122.46,122.46,1767.075,3534.15,19.710000000000036,0.011154025714158147,244.92,0.0,1.6700000000000728,-3.3299999999999272,-0.8299999999999272,5.0,6.024089127603989,1.6700000000000728,-9.999999999999773,-4.164999999999736,0.0,0.0,0.0,7.214906878920028,4.237484513338625,3.4149202040455924,6.689091305999696
2025-04-05 13:52:05,1773.59,1760.55,122.46,122.46,1767.07,3534.14,13.039999999999964,0.007379447329545811,244.92,0.0,-3.3400000000001455,3.3299999999999272,-0.005000000000109139,6.670000000000073,1333.733253320238,-5.010000000000218,6.6599999999998545,0.8249999999998181,0.0,0.0,0.0,7.214886464090779,1.370068429235567,3.615169428947831,5.155030310289244
2025-04-05 13:52:06,1770.25,1760.55,122.46,122.46,1765.4,3530.8,9.700000000000045,0.005494505491393191,244.92,0.0,-3.339999999999918,0.0,-1.6699999999998454,3.339999999999918,1.9999988023960629,2.2737367544323206e-13,-3.3299999999999272,-1.6649999999997362,0.0,0.0,0.0,7.208067911121723,1.370982312353836,4.806190799375201,2.4732200670382554
2025-04-05 13:52:07,1775.26,1753.88,122.46,122.46,1764.5700000000002,3529.1400000000003,21.37999999999988,0.01211626627897086,244.92,0.0,5.009999999999991,-6.669999999999845,-0.8299999999999272,11.679999999999836,14.07227220208272,8.349999999999909,-6.669999999999845,0.8399999999999181,0.0,0.0,0.0,7.204679049466443,1.370982312353836,4.806190799375201,1.9550543470709385
2025-04-05 13:52:08,1780.27,1757.22,122.52,122.46,1768.745,3537.49,23.049999999999955,0.013031838951894205,244.98,0.060000000000002274,5.009999999999991,3.339999999999918,4.174999999999727,1.6700000000000728,0.39999990419168324,0.0,10.009999999999764,5.004999999999654,0.060000000000002274,0.0,0.060000000000002274,7.21995670169011,1.6282298673060078,5.731398607669755,2.3160435013187315
2025-04-05 13:52:09,1778.6,1758.89,122.52,122.46,1768.745,3537.49,19.70999999999981,0.011143494392270404,244.98,0.060000000000002274,-1.6700000000000728,1.6700000000000728,0.0,3.3400000000001455,3340000.0000001458,-6.680000000000064,-1.6699999999998454,-4.174999999999727,0.0,0.0,0.0,7.21995670169011,1.9049717847747318,5.731398607669733,2.2555858440770504
2025-04-05 13:52:10,1775.26,1753.88,122.52,122.46,1764.5700000000002,3529.1400000000003,21.37999999999988,0.01211626627897086,244.98,0.060000000000002274,-3.339999999999918,-5.009999999999991,-4.174999999999727,1.6700000000000728,0.39999990419168324,-1.6699999999998454,-6.680000000000064,-4.174999999999727,0.0,0.0,0.0,7.202914494232532,2.1619244900751635,5.355271234960804,3.0450389981082737
2025-04-05 13:52:11,1770.25,1753.88,122.52,122.46,1762.065,3524.13,16.36999999999989,0.00929023616649196,244.98,0.060000000000002274,-5.009999999999991,0.0,-2.505000000000109,5.009999999999991,1.9999992015970343,-1.6700000000000728,5.009999999999991,1.669999999999618,0.0,0.0,0.0,7.192689169757984,2.928458212231411,2.5326803983130954,3.146455545530627
2025-04-05 13:52:12,1768.58,1758.89,122.52,122.46,1763.7350000000001,3527.4700000000003,9.689999999999827,0.00549402262500081,244.98,0.060000000000002274,-1.6700000000000728,5.009999999999991,1.6700000000000728,6.680000000000064,3.9999976047917176,3.339999999999918,5.009999999999991,4.175000000000182,0.0,0.0,0.0,7.199506052741016,3.033705654935099,5.281003692481154,3.3085393302786255
2025-04-05 13:52:13,1773.59,1747.21,122.52,122.46,1760.4,3520.8,26.37999999999988,0.014985230620889939,244.98,0.060000000000002274,5.009999999999991,-11.680000000000064,-3.3350000000000364,16.690000000000055,5.004496250525824,6.680000000000064,-16.690000000000055,-5.005000000000109,0.0,0.0,0.0,7.185892696604244,3.1451283758826274,6.200679801441084,2.4335657993983504
2025-04-05 13:52:14,1773.59,1747.21,122.52,122.46,1760.4,3520.8,26.37999999999988,0.014985230620889939,244.98,0.060000000000002274,0.0,0.0,0.0,0.0,0.0,-5.009999999999991,11.680000000000064,3.3350000000000364,0.0,0.0,0.0,7.185892696604244,1.9016814929897312,7.12001053370004,2.4335657993983504
2025-04-05 13:52:15,1775.26,1755.55,122.52,122.46,1765.405,3530.81,19.710000000000036,0.011164576960434268,244.98,0.060000000000002274,1.6700000000000728,8.339999999999918,5.004999999999882,6.669999999999845,1.3326670664001872,1.6700000000000728,8.339999999999918,5.004999999999882,0.0,0.0,0.0,7.206322935724048,2.1751132156234347,7.080496451520863,3.3577049453460703
2025-04-05 13:52:16,1770.25,1755.55,122.52,122.46,1762.9,3525.8,14.700000000000045,0.008338533094141194,244.98,0.060000000000002274,-5.009999999999991,0.0,-2.5049999999998818,5.009999999999991,1.9999992015972157,-6.680000000000064,-8.339999999999918,-7.5099999999997635,0.0,0.0,0.0,7.1960976112495,2.174921263121958,7.312781276641547,3.3577049453460255
2025-04-05 13:52:17,1770.25,1753.88,122.52,122.46,1762.065,3524.13,16.36999999999989,0.00929023616649196,244.98,0.060000000000002274,0.0,-1.6699999999998454,-0.8350000000000364,1.6699999999998454,1.9999976047930152,5.009999999999991,-1.6699999999998454,1.6699999999998454,0.0,0.0,0.0,7.192689169757984,2.076925010870467,5.483007386462168,3.262925068094745
2025-04-05 13:52:18,1773.59,1752.21,122.63,122.46,1762.9,3525.8,21.37999999999988,0.012127744051206611,245.08999999999997,0.1700000000000017,3.339999999999918,-1.6700000000000728,0.8350000000000364,5.009999999999991,5.99999281437959,3.339999999999918,-2.2737367544323206e-13,1.6700000000000728,0.10999999999999943,0.0,0.10999999999999943,7.192867896720113,1.8086230952800473,4.569832600872688,2.8048841330794874
2025-04-05 13:52:19,1776.93,1748.88,122.63,122.46,1762.9050000000002,3525.8100000000004,28.049999999999955,0.015911237408759243,245.08999999999997,0.1700000000000017,3.3400000000001455,-3.3299999999999272,0.005000000000109139,6.670000000000073,1333.733253320238,2.2737367544323206e-13,-1.6599999999998545,-0.8299999999999272,0.0,0.0,0.0,7.192888297389172,1.266012441005794,5.1973329698989925,2.804662189997405
2025-04-05 13:52:20,1775.26,1747.21,122.63,122.46,1761.2350000000001,3522.4700000000003,28.049999999999955,0.01592632441671533,245.08999999999997,0.1700000000000017,-1.6700000000000728,-1.6700000000000728,-1.6700000000000728,0.0,0.0,-5.010000000000218,1.6599999999998545,-1.675000000000182,0.0,0.0,0.0,7.186074473923562,0.7457328615393748,6.2880004770991516,1.3210431484253211
2025-04-05 13:52:21,1775.26,1753.88,122.63,122.46,1764.5700000000002,3529.1400000000003,21.37999999999988,0.01211626627897086,245.08999999999997,0.1700000000000017,0.0,6.670000000000073,3.3350000000000364,6.670000000000073,1.9999994003000299,1.6700000000000728,8.340000000000146,5.005000000000109,0.0,0.0,0.0,7.199681720185722,1.237159044254418,5.005000499500439,1.9201445258109142
2025-04-05 13:52:22,1776.93,1747.21,122.63,122.46,1762.0700000000002,3524.1400000000003,29.720000000000027,0.016866526291880287,245.08999999999997,0.1700000000000017,1.6700000000000728,-6.670000000000073,-2.5,8.340000000000146,3.335998665600592,1.6700000000000728,-13.340000000000146,-5.835000000000036,0.0,0.0,0.0,7.189481385656367,1.2364839266162992,4.016494740442195,2.2835482258979374
2025-04-05 13:52:23,1775.26,1753.88,122.63,122.46,1764.5700000000002,3529.1400000000003,21.37999999999988,0.01211626627897086,245.08999999999997,0.1700000000000017,-1.6700000000000728,6.670000000000073,2.5,8.340000000000146,3.335998665600592,-3.3400000000001455,13.340000000000146,5.0,0.0,0.0,0.0,7.199681720185722,1.491178225693101,4.016494740442195,2.542310464912102
2025-04-05 13:52:24,1775.26,1753.88,122.63,122.46,1764.5700000000002,3529.1400000000003,21.37999999999988,0.01211626627897086,245.08999999999997,0.1700000000000017,0.0,0.0,0.0,0.0,0.0,1.6700000000000728,-6.670000000000073,-2.5,0.0,0.0,0.0,7.199681720185722,1.6250215385593993,4.152844808080342,2.5424732053655172
2025-04-05 13:52:25,1775.26,1752.21,122.63,122.46,1763.7350000000001,3527.4700000000003,23.049999999999955,0.013068856708593465,245.08999999999997,0.1700000000000017,0.0,-1.6700000000000728,-0.8350000000000364,1.6700000000000728,1.9999976047932877,0.0,-1.6700000000000728,-0.8350000000000364,0.0,0.0,0.0,7.196274808452918,1.0865979020699827,3.616091812993659,2.401533364332371
2025-04-05 13:52:26,1771.92,1753.88,122.63,122.46,1762.9,3525.8,18.039999999999964,0.010233138572673902,245.08999999999997,0.1700000000000017,-3.339999999999918,1.6700000000000728,-0.8350000000000364,5.009999999999991,5.99999281437959,-3.339999999999918,3.3400000000001455,0.0,0.0,0.0,0.0,7.192867896720113,1.0869820609293306,4.318631727758184,1.825970290010628
2025-04-05 13:52:27,1773.59,1753.88,122.63,122.46,1763.7350000000001,3527.4700000000003,19.70999999999981,0.011175148187695237,245.08999999999997,0.1700000000000017,1.6699999999998454,0.0,0.8350000000000364,1.6699999999998454,1.9999976047930152,5.0099999999997635,-1.6700000000000728,1.6700000000000728,0.0,0.0,0.0,7.196274808452918,0.6986111227162987,1.9040929599153738,1.3952804377620767
2025-04-05 13:52:28,1781.94,1748.88,122.69,122.46,1765.41,3530.82,33.059999999999945,0.0187265281046745,245.14999999999998,0.23000000000000398,8.350000000000136,-5.0,1.6749999999999545,13.350000000000136,7.97014449543642,6.680000000000291,-5.0,0.8399999999999181,0.060000000000002274,0.0,0.060000000000002274,7.201346085248437,0.95380160451918,5.900099151709194,1.0904334000760867
2025-04-05 13:52:29,1778.6,1752.21,122.69,122.46,1765.405,3530.81,26.389999999999873,0.014948411262600627,245.14999999999998,0.23000000000000398,-3.3400000000001455,3.3299999999999272,-0.005000000000109139,6.670000000000073,1333.733253320238,-11.690000000000282,8.329999999999927,-1.6800000000000637,0.0,0.0,0.0,7.2013256895724025,1.1215759005897605,5.971000753642514,1.0906282593081402
2025-04-05 13:52:30,1778.6,1740.54,122.69,122.46,1759.57,3519.14,38.059999999999945,0.02163028465953026,245.14999999999998,0.23000000000000398,0.0,-11.670000000000073,-5.835000000000036,11.670000000000073,1.999999657240847,3.3400000000001455,-15.0,-5.829999999999927,0.0,0.0,0.0,7.1775239356413465,2.4026636262243475,8.556159769429263,2.948638668945637
2025-04-05 13:52:31,1770.25,1748.88,122.69,122.46,1759.565,3519.13,21.36999999999989,0.012145047206471396,245.14999999999998,0.23000000000000398,-8.349999999999909,8.340000000000146,-0.004999999999881766,16.690000000000055,3337.332533572214,-8.349999999999909,20.01000000000022,5.830000000000155,0.0,0.0,0.0,7.177503539965314,2.972819789489377,7.773073394739055,2.9717705160394785
2025-04-05 13:52:32,1775.26,1790.61,122.69,122.52,1782.935,3565.87,15.349999999999909,0.008609399664817005,245.20999999999998,0.1700000000000017,5.009999999999991,41.72999999999979,23.36999999999989,36.7199999999998,1.5712451189026466,13.3599999999999,33.389999999999645,23.374999999999773,0.0,0.060000000000002274,0.060000000000002274,7.271053353162378,9.599294635585991,9.03770048187036,11.283636381947117
2025-04-05 13:52:33,1771.92,1760.55,122.69,122.57,1766.2350000000001,3532.4700000000003,11.370000000000118,0.0064374219702150026,245.26,0.12000000000000455,-3.339999999999918,-30.059999999999945,-16.699999999999818,26.720000000000027,1.5999999041916415,-8.349999999999909,-71.78999999999974,-40.06999999999971,0.0,0.04999999999999716,0.04999999999999716,7.201480032612412,9.581294014943413,10.410591721895464,14.653993056501658
2025-04-05 13:52:34,1773.59,1763.89,122.69,122.57,1768.74,3537.48,9.699999999999818,0.005484129942510311,245.26,0.12000000000000455,1.6699999999998454,3.3400000000001455,2.5049999999998818,1.6700000000003001,0.6666664005325262,5.0099999999997635,33.40000000000009,19.2049999999997,0.0,0.0,0.0,7.211693683390306,9.581032955834798,11.475903014577947,14.689662436557166
2025-04-05 13:52:35,1771.92,1758.89,122.69,122.57,1765.4050000000002,3530.8100000000004,13.029999999999973,0.007380742658267779,245.26,0.12000000000000455,-1.6699999999998454,-5.0,-3.334999999999809,3.3300000000001546,0.998500450224856,-3.3399999999996908,-8.340000000000146,-5.839999999999691,0.0,0.0,0.0,7.198095868881613,8.702606218874642,4.5374199717459485,14.453673667964075
2025-04-05 13:52:36,1773.59,1758.89,122.69,122.57,1766.24,3532.48,14.699999999999818,0.008322764738471019,245.26,0.12000000000000455,1.6699999999998454,0.0,0.834999999999809,1.6699999999998454,1.99999760479356,3.3399999999996908,5.0,4.169999999999618,0.0,0.0,0.0,7.201500419140911,7.387304481392364,2.3353693498029573,14.441522167001585
2025-04-05 13:52:37,1773.59,1760.55,122.69,122.57,1767.07,3534.14,13.039999999999964,0.007379447329545811,245.26,0.12000000000000455,0.0,1.6599999999998545,0.8299999999999272,1.6599999999998545,1.999997590364349,-1.6699999999998454,1.6599999999998545,-0.004999999999881766,0.0,0.0,0.0,7.204884582871709,1.264528568594399,1.9001499940791835,7.863423713624961
2025-04-05 13:52:38,1763.57,1760.55,122.69,122.57,1762.06,3524.12,3.019999999999982,0.0017139030443265716,245.26,0.12000000000000455,-10.019999999999982,0.0,-5.009999999999991,10.019999999999982,1.9999996007984828,-10.019999999999982,-1.6599999999998545,-5.839999999999918,0.0,0.0,0.0,7.184457281315921,2.4769275324056674,4.660656606101641,3.1779454841140398
2025-04-05 13:52:39,1773.59,1752.21,122.69,122.57,1762.9,3525.8,21.37999999999988,0.012127744051206611,245.26,0.12000000000000455,10.019999999999982,-8.339999999999918,0.8400000000001455,18.3599999999999,21.857116836761765,20.039999999999964,-8.339999999999918,5.850000000000136,0.0,0.0,0.0,7.187882218103718,2.161538803904691,6.57098774918951,2.805928099577954
2025-04-05 13:52:40,1773.59,1760.55,122.76,122.57,1767.07,3534.14,13.039999999999964,0.007379447329545811,245.32999999999998,0.19000000000001194,0.0,8.339999999999918,4.169999999999845,8.339999999999918,1.9999995203838625,-10.019999999999982,16.679999999999836,3.3299999999997,0.07000000000000739,0.0,0.07000000000000739,7.202828813423435,2.405092513976697,6.57098774918951,3.3176151072722626
2025-04-05 13:52:41,1778.6,1757.22,122.76,122.57,1767.9099999999999,3535.8199999999997,21.37999999999988,0.012093375787176104,245.32999999999998,0.19000000000001194,5.009999999999991,-3.3299999999999272,0.8399999999999181,8.339999999999918,9.928559608858478,5.009999999999991,-11.669999999999845,-3.3299999999999272,0.0,0.0,0.0,7.206252772974146,2.705710627688712,7.593426104203458,3.3178049972837727
2025-04-05 13:52:42,1778.6,1752.21,122.76,122.57,1765.405,3530.81,26.389999999999873,0.014948411262600627,245.32999999999998,0.19000000000001194,0.0,-5.009999999999991,-2.5049999999998818,5.009999999999991,1.9999992015972157,-5.009999999999991,-1.6800000000000637,-3.3449999999998,0.0,0.0,0.0,7.196042036456846,2.546901058303325,9.187683059400685,3.5221009355214443
2025-04-05 13:52:43,1775.26,1760.55,122.76,122.57,1767.905,3535.81,14.710000000000036,0.008320582832041006,245.32999999999998,0.19000000000001194,-3.339999999999918,8.339999999999918,2.5,11.679999999999836,4.671998131200682,-3.339999999999918,13.349999999999909,5.004999999999882,0.0,0.0,0.0,7.206232392262535,2.127371030354312,5.457668916304709,2.474485805172671
2025-04-05 13:52:44,1773.59,1755.55,122.76,122.57,1764.57,3529.14,18.039999999999964,0.0102234538668211,245.32999999999998,0.19000000000001194,-1.6700000000000728,-5.0,-3.3350000000000364,3.3299999999999272,0.9985004502247198,1.6699999999998454,-13.339999999999918,-5.835000000000036,0.0,0.0,0.0,7.192638457617746,1.5153407210235699,5.35511624523676,3.2087369010252424
2025-04-05 13:52:45,1771.92,1760.55,122.76,122.57,1766.2350000000001,3532.4700000000003,11.370000000000118,0.0064374219702150026,245.32999999999998,0.19000000000001194,-1.6699999999998454,5.0,1.665000000000191,6.669999999999845,4.006003599997285,2.2737367544323206e-13,10.0,5.000000000000227,0.0,0.0,0.0,7.199425234584336,1.4925774689414093,5.828479218458113,2.5973847423902274
2025-04-05 13:52:46,1771.92,1753.88,122.76,122.57,1762.9,3525.8,18.039999999999964,0.010233138572673902,245.32999999999998,0.19000000000001194,0.0,-6.669999999999845,-3.3350000000000364,6.669999999999845,1.9999994002999617,1.6699999999998454,-11.669999999999845,-5.000000000000227,0.0,0.0,0.0,7.185831299939546,1.8648813637300552,5.584706796242597,2.851389135141281
2025-04-05 13:52:47,1773.59,1757.22,122.76,122.57,1765.405,3530.81,16.36999999999989,0.009272659809350959,245.32999999999998,0.19000000000001194,1.6699999999998454,3.339999999999918,2.5049999999998818,1.6700000000000728,0.6666664005324355,1.6699999999998454,10.009999999999764,5.839999999999918,0.0,0.0,0.0,7.196042036456846,1.8648813637300552,2.78966485442227,3.0635641008475125
2025-04-05 13:52:48,1775.26,1760.55,122.76,122.57,1767.905,3535.81,14.710000000000036,0.008320582832041006,245.32999999999998,0.19000000000001194,1.6700000000000728,3.3299999999999272,2.5,1.6599999999998545,0.663999734400048,2.2737367544323206e-13,-0.009999999999990905,-0.004999999999881766,0.0,0.0,0.0,7.206232392262535,1.8648813637300552,2.78966485442227,3.0635641008475125
2025-04-05 13:52:49,1775.26,1753.88,122.76,122.57,1764.5700000000002,3529.1400000000003,21.37999999999988,0.01211626627897086,245.32999999999998,0.19000000000001194,0.0,-6.669999999999845,-3.334999999999809,6.669999999999845,1.999999400300098,-1.6700000000000728,-9.999999999999773,-5.834999999999809,0.0,0.0,0.0,7.192638457617747,1.8648813637300266,3.7297627270375493,3.063564100847451
2025-04-05 13:52:50,1775.26,1755.55,122.76,122.57,1765.405,3530.81,19.710000000000036,0.011164576960434268,245.32999999999998,0.19000000000001194,0.0,1.6699999999998454,0.834999999999809,1.6699999999998454,1.99999760479356,0.0,8.33999999999969,4.169999999999618,0.0,0.0,0.0,7.196042036456846,1.8083922419615812,2.637341464429495,2.9719067953085263
2025-04-05 13:52:51,1771.92,1743.87,122.76,122.57,1757.895,3515.79,28.050000000000182,0.015956584428560065,245.32999999999998,0.19000000000001194,-3.339999999999918,-11.680000000000064,-7.509999999999991,8.340000000000146,1.1105191597178423,-3.339999999999918,-13.349999999999909,-8.3449999999998,0.0,0.0,0.0,7.165430207616557,3.7588069916905984,5.19476467224455,4.351280558640279
2025-04-05 13:52:52,1771.92,1755.55,122.8,122.57,1763.7350000000001,3527.4700000000003,16.37000000000012,0.009281439666797266,245.37,0.23000000000000398,0.0,11.680000000000064,5.8400000000001455,11.680000000000064,1.9999996575342662,3.339999999999918,23.360000000000127,13.350000000000136,0.03999999999999204,0.0,0.03999999999999204,7.18806289608321,3.702741551982874,5.19476467224451,5.19657026316411
2025-04-05 13:52:53,1778.6,1753.88,122.8,122.57,1766.24,3532.48,24.7199999999998,0.013995832947959488,245.37,0.23000000000000398,6.679999999999836,-1.6699999999998454,2.5049999999998818,8.349999999999682,3.3333320026619053,6.679999999999836,-13.349999999999909,-3.3350000000002638,0.0,0.0,0.0,7.1982719680552965,3.3063941841194677,4.508761470736642,5.197252399104872
2025-04-05 13:52:54,1770.25,1757.22,122.8,122.57,1763.7350000000001,3527.4700000000003,13.029999999999973,0.007387731145899038,245.37,0.23000000000000398,-8.349999999999909,3.339999999999918,-2.5049999999998818,11.689999999999827,4.666664803726777,-15.029999999999745,5.0099999999997635,-5.0099999999997635,0.0,0.0,0.0,7.18806289608321,3.2640113358838523,6.0871980417922495,5.08953657025878
2025-04-05 13:52:55,1778.6,1758.89,122.8,122.57,1768.745,3537.49,19.70999999999981,0.011143494392270404,245.37,0.23000000000000398,8.349999999999909,1.6700000000000728,5.0099999999997635,6.679999999999836,1.333333067199019,16.699999999999818,-1.6699999999998454,7.514999999999645,0.0,0.0,0.0,7.208481040027382,4.028635004661105,6.087198041792256,5.610809433584518
2025-04-05 13:52:56,1773.59,1755.55,122.8,122.57,1764.57,3529.14,18.039999999999964,0.0102234538668211,245.37,0.23000000000000398,-5.009999999999991,-3.3400000000001455,-4.1749999999999545,1.6699999999998454,0.399999904191607,-13.3599999999999,-5.010000000000218,-9.184999999999718,0.0,0.0,0.0,7.191465920073905,2.12884064710966,4.322687821251779,4.479822820157173
2025-04-05 13:52:57,1775.26,1758.89,122.8,122.57,1767.075,3534.15,16.36999999999989,0.009263896546969424,245.37,0.23000000000000398,1.6700000000000728,3.3400000000001455,2.505000000000109,1.6700000000000728,0.666666400532375,6.680000000000064,6.680000000000291,6.680000000000064,0.0,0.0,0.0,7.201674992045992,1.993535176712259,4.322687821251805,3.8446287206960146
2025-04-05 13:52:58,1768.58,1747.21,122.8,122.57,1757.895,3515.79,21.36999999999989,0.012156584999583766,245.37,0.23000000000000398,-6.680000000000064,-11.680000000000064,-9.180000000000064,5.0,0.5446622500367883,-8.350000000000136,-15.02000000000021,-11.685000000000173,0.0,0.0,0.0,7.164262105537506,4.14791272820218,3.2094516665622153,5.599673427977837
2025-04-05 13:52:59,1775.26,1747.21,122.8,122.57,1761.2350000000001,3522.4700000000003,28.049999999999955,0.01592632441671533,245.37,0.23000000000000398,6.680000000000064,0.0,3.3400000000001455,6.680000000000064,1.999999401197716,13.360000000000127,11.680000000000064,12.52000000000021,0.0,0.0,0.0,7.177874201500289,4.392201042846196,4.507651273113245,5.978790638582478
2025-04-05 13:53:00,1775.26,1753.88,122.8,122.57,1764.5700000000002,3529.1400000000003,21.37999999999988,0.01211626627897086,245.37,0.23000000000000398,0.0,6.670000000000073,3.3350000000000364,6.670000000000073,1.9999994003000299,-6.680000000000064,6.670000000000073,-0.005000000000109139,0.0,0.0,0.0,7.191465920073906,3.5597707090170556,4.4769822425378685,5.629603671663063
2025-04-05 13:53:01,1775.26,1748.88,122.8,122.57,1762.0700000000002,3524.1400000000003,26.37999999999988,0.014971028384246283,245.37,0.23000000000000398,0.0,-5.0,-2.5,5.0,1.99999920000032,0.0,-11.670000000000073,-5.835000000000036,0.0,0.0,0.0,7.181277225490985,3.4706940949575857,4.629919005770994,5.427366995146199
2025-04-05 13:53:02,1783.61,1747.21,122.86,122.57,1765.4099999999999,3530.8199999999997,36.399999999999864,0.02061843989746372,245.43,0.29000000000000625,8.349999999999909,-1.6700000000000728,3.3399999999996908,10.019999999999982,2.9999991017969485,8.349999999999909,3.3299999999999272,5.839999999999691,0.060000000000002274,0.0,0.060000000000002274,7.193130394845249,2.974713011497343,6.179096212230338,5.5543086878568015
2025-04-05 13:53:03,1780.27,1753.88,122.86,122.57,1767.075,3534.15,26.389999999999873,0.01493428404853534,245.43,0.29000000000000625,-3.339999999999918,6.670000000000073,1.665000000000191,10.009999999999991,6.012008401195461,-11.689999999999827,8.340000000000146,-1.6749999999994998,0.0,0.0,0.0,7.199914406552115,2.4037902364350163,5.459198659143971,2.5298799378629395
2025-04-05 13:53:04,1775.26,1755.55,122.86,122.57,1765.405,3530.81,19.710000000000036,0.011164576960434268,245.43,0.29000000000000625,-5.009999999999991,1.6699999999998454,-1.6700000000000728,6.679999999999836,3.9999976047915813,-1.6700000000000728,-5.000000000000227,-3.3350000000002638,0.0,0.0,0.0,7.193110022437721,1.8277971716754107,6.506755720018909,2.7663681063808783
2025-04-05 13:53:05,1775.26,1740.54,122.86,122.57,1757.9,3515.8,34.72000000000003,0.019750839058108642,245.43,0.29000000000000625,0.0,-15.009999999999991,-7.504999999999882,15.009999999999991,1.9999997335110584,5.009999999999991,-16.679999999999836,-5.834999999999809,0.0,0.0,0.0,7.162531038738007,3.65502154587044,6.838621937203364,4.195055720726567
2025-04-05 13:53:06,1776.93,1747.21,122.86,122.57,1762.0700000000002,3524.1400000000003,29.720000000000027,0.016866526291880287,245.43,0.29000000000000625,1.6700000000000728,6.670000000000073,4.170000000000073,5.0,1.1990404798463867,1.6700000000000728,21.680000000000064,11.674999999999955,0.0,0.0,0.0,7.179521626616463,3.65502154587044,6.71491399795999,4.754751570797459
2025-04-05 13:53:07,1773.59,1750.54,122.86,122.57,1762.065,3524.13,23.049999999999955,0.013081242739012868,245.43,0.29000000000000625,-3.3400000000001455,3.3299999999999272,-0.005000000000109139,6.670000000000073,1333.733253320238,-5.010000000000218,-3.3400000000001455,-4.175000000000182,0.0,0.0,0.0,7.179501254208934,3.538775565188303,5.8249008575253445,4.388543892910437
2025-04-05 13:53:08,1770.25,1747.21,122.86,122.57,1758.73,3517.46,23.039999999999964,0.013100362185724699,245.43,0.29000000000000625,-3.339999999999918,-3.3299999999999272,-3.3350000000000364,0.009999999999990905,0.0029984998505220226,2.2737367544323206e-13,-6.6599999999998545,-3.3299999999999272,0.0,0.0,0.0,7.165912858387675,3.007169350197128,6.059981023072559,4.2923557052044625
2025-04-05 13:53:09,1775.26,1750.54,122.86,122.57,1762.9,3525.8,24.720000000000027,0.014022349529739448,245.43,0.29000000000000625,5.009999999999991,3.3299999999999272,4.170000000000073,1.6800000000000637,0.4028776012284012,8.349999999999909,6.6599999999998545,7.505000000000109,0.0,0.0,0.0,7.182903446266131,2.252530799070796,5.085931576417407,5.024193218816475
2025-04-05 13:53:10,1771.92,1753.88,122.86,122.57,1762.9,3525.8,18.039999999999964,0.010233138572673902,245.43,0.29000000000000625,-3.339999999999918,3.3400000000001455,0.0,6.680000000000064,6680000.000000064,-8.349999999999909,0.010000000000218279,-4.170000000000073,0.0,0.0,0.0,7.182903446266131,1.7295649744279613,4.188481825196279,3.1976573456206747
2025-04-05 13:53:11,1775.26,1740.54,122.86,122.57,1757.9,3515.8,34.72000000000003,0.019750839058108642,245.43,0.29000000000000625,3.339999999999918,-13.340000000000146,-5.0,16.680000000000064,3.3359993328001463,6.679999999999836,-16.68000000000029,-5.0,0.0,0.0,0.0,7.162531038738007,2.4013600314745274,6.128489210237681,3.536713516812137
2025-04-05 13:53:12,1770.25,1752.21,122.86,122.57,1761.23,3522.46,18.039999999999964,0.010242841644621725,245.43,0.29000000000000625,-5.009999999999991,11.670000000000073,3.3299999999999272,16.680000000000064,5.009007504802679,-8.349999999999909,25.01000000000022,8.329999999999927,0.0,0.0,0.0,7.176099062151738,2.327911080939821,6.837157304026265,4.0143673225056995
2025-04-05 13:53:13,1770.25,1753.88,122.86,122.57,1762.065,3524.13,16.36999999999989,0.00929023616649196,245.43,0.29000000000000625,0.0,1.6700000000000728,0.8350000000000364,1.6700000000000728,1.9999976047932877,5.009999999999991,-10.0,-2.494999999999891,0.0,0.0,0.0,7.179501254208934,2.0749168659890844,7.608259985042571,3.6038375379588805
2025-04-05 13:53:14,1773.59,1745.54,122.86,122.57,1759.565,3519.13,28.049999999999955,0.015941440062776032,245.43,0.29000000000000625,3.339999999999918,-8.340000000000146,-2.5,11.680000000000064,4.671998131200772,3.339999999999918,-10.010000000000218,-3.3350000000000364,0.0,0.0,0.0,7.169315050444872,2.006690683877888,8.00017687304474,3.194200995554502
2025-04-05 13:53:15,1768.58,1753.88,122.86,122.57,1761.23,3522.46,14.699999999999818,0.008346439699331364,245.43,0.29000000000000625,-5.009999999999991,8.340000000000146,1.6649999999999636,13.350000000000136,8.01801320239473,-8.349999999999909,16.68000000000029,4.164999999999964,0.0,0.0,0.0,7.176099062151738,1.665625258201994,8.636586710037736,3.363427195585084
2025-04-05 13:53:16,1780.27,1747.21,122.91,122.57,1763.74,3527.48,33.059999999999945,0.01874425934732766,245.48,0.3400000000000034,11.690000000000055,-6.670000000000073,2.509999999999991,18.360000000000127,7.314738121618355,16.700000000000045,-15.010000000000218,0.8450000000000273,0.04999999999999716,0.0,0.04999999999999716,7.184862281306574,1.516992913881582,8.055819635518159,2.252072933988017
2025-04-05 13:53:17,1768.58,1752.21,122.91,122.57,1760.395,3520.79,16.36999999999989,0.009299049355798466,245.48,0.3400000000000034,-11.690000000000055,5.0,-3.3450000000000273,16.690000000000055,4.989535130183793,-23.38000000000011,11.670000000000073,-5.855000000000018,0.0,0.0,0.0,7.17123591668879,1.606546762707502,8.294416796857996,2.6014001037905543
2025-04-05 13:53:18,1766.91,1767.23,122.91,122.69,1767.0700000000002,3534.1400000000003,0.31999999999993634,0.00018109073201335858,245.6,0.21999999999999886,-1.6699999999998454,15.019999999999982,6.675000000000182,16.689999999999827,2.500374157247223,10.02000000000021,10.019999999999982,10.02000000000021,0.0,0.12000000000000455,0.12000000000000455,7.194910394157532,3.0426407117457197,12.773854156048584,4.06377195472409
2025-04-05 13:53:19,1775.26,1765.56,122.91,122.69,1770.4099999999999,3540.8199999999997,9.700000000000045,0.005478956848707976,245.6,0.21999999999999886,8.349999999999909,-1.6700000000000728,3.3399999999996908,10.019999999999982,2.9999991017969485,10.019999999999754,-16.690000000000055,-3.335000000000491,0.0,0.0,0.0,7.208509742636361,4.1722511909981606,11.95385293535097,3.6211106721559627
2025-04-05 13:53:20,1773.59,1762.22,122.91,122.69,1767.905,3535.81,11.36999999999989,0.006431341046927606,245.6,0.21999999999999886,-1.6700000000000728,-3.339999999999918,-2.5049999999998818,1.6699999999998454,0.6666664005323447,-10.019999999999982,-1.6699999999998454,-5.8449999999995725,0.0,0.0,0.0,7.1983102312772385,3.895496438298219,12.055240769059697,4.200126486190802
2025-04-05 13:53:21,1773.59,1762.22,122.91,122.69,1767.905,3535.81,11.36999999999989,0.006431341046927606,245.6,0.21999999999999886,0.0,0.0,0.0,0.0,0.0,1.6700000000000728,3.339999999999918,2.5049999999998818,0.0,0.0,0.0,7.1983102312772385,3.7600275930901352,5.8730681930315525,4.174500868367558
2025-04-05 13:53:22,1776.93,1760.55,122.91,122.69,1768.74,3537.48,16.38000000000011,0.009260829737971255,245.6,0.21999999999999886,3.3400000000001455,-1.6700000000000728,0.8350000000000364,5.010000000000218,5.999992814379863,3.3400000000001455,-1.6700000000000728,0.8350000000000364,0.0,0.0,0.0,7.201710068396946,1.266340199476082,5.875854831426626,3.491263023606418
2025-04-05 13:53:23,1773.59,1760.55,122.91,122.69,1767.07,3534.14,13.039999999999964,0.007379447329545811,245.6,0.21999999999999886,-3.3400000000001455,0.0,-1.6700000000000728,3.3400000000001455,1.9999988023959268,-6.680000000000291,1.6700000000000728,-2.505000000000109,0.0,0.0,0.0,7.194910394157531,1.2663401994761494,2.532680398313104,2.286741677584266
2025-04-05 13:53:24,1775.26,1750.54,122.91,122.69,1762.9,3525.8,24.720000000000027,0.014022349529739448,245.6,0.21999999999999886,1.6700000000000728,-10.009999999999991,-4.169999999999845,11.680000000000064,2.8009585609213272,5.010000000000218,-10.009999999999991,-2.4999999999997726,0.0,0.0,0.0,7.1779315668651,2.314868786951102,5.609619416680589,1.99186031136756
2025-04-05 13:53:25,1766.91,1760.55,122.91,122.69,1763.73,3527.46,6.360000000000127,0.003605994112700999,245.6,0.21999999999999886,-8.349999999999909,10.009999999999991,0.8299999999999272,18.3599999999999,22.120455276561724,-10.019999999999982,20.019999999999982,4.999999999999773,0.0,0.0,0.0,7.181311045678702,2.599068102377414,6.820768285171336,2.125899809492732
2025-04-05 13:53:26,1768.58,1760.55,122.91,122.69,1764.565,3529.13,8.029999999999973,0.004550696628035394,245.6,0.21999999999999886,1.6699999999998454,0.0,0.8350000000000364,1.6699999999998454,1.9999976047930152,10.019999999999754,-10.009999999999991,0.005000000000109139,0.0,0.0,0.0,7.1847108827984085,2.433136864377329,7.3328493779702795,2.2377460758542864
2025-04-05 13:53:27,1773.59,1762.22,122.91,122.69,1767.905,3535.81,11.36999999999989,0.006431341046927606,245.6,0.21999999999999886,5.009999999999991,1.6700000000000728,3.339999999999918,3.339999999999918,0.999999700598892,3.3400000000001455,1.6700000000000728,2.5049999999998818,0.0,0.0,0.0,7.1983102312772385,2.1599924770218673,7.217501645306295,2.853948142486313
2025-04-05 13:53:28,1781.94,1750.54,122.97,122.69,1766.24,3532.48,31.40000000000009,0.01777787842095197,245.66,0.28000000000000114,8.350000000000136,-11.680000000000064,-1.6649999999999636,20.0300000000002,12.030022804791491,3.3400000000001455,-13.350000000000136,-5.004999999999882,0.060000000000002274,0.0,0.060000000000002274,7.1897744557934775,2.0103252226418857,11.072250448757009,2.8532906441512393
2025-04-05 13:53:29,1775.26,1758.89,122.97,122.69,1767.075,3534.15,16.36999999999989,0.009263896546969424,245.66,0.28000000000000114,-6.680000000000064,8.350000000000136,0.8350000000000364,15.0300000000002,17.999978443139042,-15.0300000000002,20.0300000000002,2.5,0.0,0.0,0.0,7.193173462536948,1.7325797242248413,10.084792015703627,1.769537368919161
2025-04-05 13:53:30,1776.93,1760.55,122.97,122.69,1768.74,3537.48,16.38000000000011,0.009260829737971255,245.66,0.28000000000000114,1.6700000000000728,1.6599999999998545,1.6649999999999636,0.010000000000218279,0.006006002398928588,8.350000000000136,-6.690000000000282,0.8299999999999272,0.0,0.0,0.0,7.199951122690096,1.6057669509616517,8.94257513247724,1.807932520865016
2025-04-05 13:53:31,1776.93,1760.55,122.97,122.69,1768.74,3537.48,16.38000000000011,0.009260829737971255,245.66,0.28000000000000114,0.0,0.0,0.0,0.0,0.0,-1.6700000000000728,-1.6599999999998545,-1.6649999999999636,0.0,0.0,0.0,7.199951122690096,1.0862147581420567,7.594415711560707,1.864882704086595
2025-04-05 13:53:32,1776.93,1757.22,122.97,122.69,1767.075,3534.15,19.710000000000036,0.011154025714158147,245.66,0.28000000000000114,0.0,-3.3299999999999272,-1.6649999999999636,3.3299999999999272,1.9999987987995202,0.0,-3.3299999999999272,-1.6649999999999636,0.0,0.0,0.0,7.193173462536948,1.1176616217821413,6.508038875114345,1.4896408963241519
2025-04-05 13:53:33,1778.6,1757.22,122.97,122.69,1767.9099999999999,3535.8199999999997,21.37999999999988,0.012093375787176104,245.66,0.28000000000000114,1.6699999999998454,0.0,0.834999999999809,1.6699999999998454,1.99999760479356,1.6699999999998454,3.3299999999999272,2.4999999999997726,0.0,0.0,0.0,7.196572469280418,0.8325007512348055,2.358204825709376,1.263043942229008
2025-04-05 13:53:34,1768.58,1760.55,122.97,122.69,1764.565,3529.13,8.029999999999973,0.004550696628035394,245.66,0.28000000000000114,-10.019999999999982,3.3299999999999272,-3.3449999999998,13.349999999999909,3.9910301970016473,-11.689999999999827,3.3299999999999272,-4.179999999999609,0.0,0.0,0.0,7.182956088972743,1.7316155753526228,5.1432314744719685,2.0106392018462733
2025-04-05 13:53:35,1768.58,1757.22,122.97,122.69,1762.9,3525.8,11.3599999999999,0.006443927615608356,245.66,0.28000000000000114,0.0,-3.3299999999999272,-1.6649999999999636,3.3299999999999272,1.9999987987995202,10.019999999999982,-6.6599999999998545,1.6799999999998363,0.0,0.0,0.0,7.176178428819595,2.4339951727145506,5.6109598109413765,1.6286175118796504
2025-04-05 13:53:36,1775.26,1745.54,122.97,122.69,1760.4,3520.8,29.720000000000027,0.016882526688887466,245.66,0.28000000000000114,6.680000000000064,-11.680000000000064,-2.5,18.360000000000127,7.343997062401225,6.680000000000064,-8.350000000000136,-0.8350000000000364,0.0,0.0,0.0,7.166001761922977,3.06628643488976,8.590538399890876,1.5628163679719647
2025-04-05 13:53:37,1775.26,1758.89,122.97,122.69,1767.075,3534.15,16.36999999999989,0.009263896546969424,245.66,0.28000000000000114,0.0,13.350000000000136,6.6749999999999545,13.350000000000136,1.9999997003746108,-6.680000000000064,25.0300000000002,9.174999999999955,0.0,0.0,0.0,7.193173462536948,3.06628643488976,8.558012035513835,4.045494407362455
2025-04-05 13:53:38,1773.59,1760.55,122.97,122.69,1767.07,3534.14,13.039999999999964,0.007379447329545811,245.66,0.28000000000000114,-1.6700000000000728,1.6599999999998545,-0.005000000000109139,3.3299999999999272,665.866826620127,-1.6700000000000728,-11.690000000000282,-6.680000000000064,0.0,0.0,0.0,7.193153109203155,2.85314431825454,8.392695037948164,4.019508054476441
2025-04-05 13:53:39,1775.26,1755.55,122.97,122.69,1765.405,3530.81,19.710000000000036,0.011164576960434268,245.66,0.28000000000000114,1.6700000000000728,-5.0,-1.6649999999999636,6.670000000000073,4.006003599997969,3.3400000000001455,-6.6599999999998545,-1.6599999999998545,0.0,0.0,0.0,7.186375449050006,2.889638818397384,7.273627018207625,3.7486324172958447
2025-04-05 13:53:40,1770.25,1758.89,122.97,122.69,1764.5700000000002,3529.1400000000003,11.3599999999999,0.006437829042521446,245.66,0.28000000000000114,-5.009999999999991,3.3400000000001455,-0.834999999999809,8.350000000000136,9.99998802396889,-6.680000000000064,8.340000000000146,0.8300000000001546,0.0,0.0,0.0,7.182976442306536,2.741047701297958,7.273627018207625,3.664605026466184
2025-04-05 13:53:41,1773.59,1753.88,122.97,122.69,1763.7350000000001,3527.4700000000003,19.70999999999981,0.011175148187695237,245.66,0.28000000000000114,3.339999999999918,-5.009999999999991,-0.8350000000000364,8.349999999999909,9.999988023965894,8.349999999999909,-8.350000000000136,-2.2737367544323206e-13,0.0,0.0,0.0,7.179577435563066,1.4924367660957687,3.8062146550082003,3.4094677003897886
2025-04-05 13:53:42,1781.94,1747.21,123.03,122.69,1764.575,3529.15,34.73000000000002,0.01968179305516525,245.72,0.3400000000000034,8.350000000000136,-6.670000000000073,0.8399999999999181,15.02000000000021,17.88093109413164,5.010000000000218,-1.6600000000000819,1.6749999999999545,0.060000000000002274,0.0,0.060000000000002274,7.181242848847295,1.2638700490129455,9.216992459582462,0.9516170448249454
2025-04-05 13:53:43,1776.93,1750.54,123.03,122.69,1763.7350000000001,3527.4700000000003,26.3900000000001,0.014962565229491694,245.72,0.3400000000000034,-5.009999999999991,3.3299999999999272,-0.8399999999999181,8.339999999999918,9.928559608858478,-13.360000000000127,10.0,-1.6799999999998363,0.0,0.0,0.0,7.177824323710629,0.6989134429876823,8.72210983650174,0.9156186433234039
2025-04-05 13:53:44,1775.26,1755.55,123.03,122.69,1765.405,3530.81,19.710000000000036,0.011164576960434268,245.72,0.3400000000000034,-1.6700000000000728,5.009999999999991,1.6699999999998454,6.680000000000064,3.999997604792262,3.339999999999918,1.6800000000000637,2.5099999999997635,0.0,0.0,0.0,7.1846206772561425,0.6989134429876823,8.72210983650174,1.182640055131412
2025-04-05 13:53:45,1775.26,1758.89,123.03,122.69,1767.075,3534.15,16.36999999999989,0.009263896546969424,245.72,0.3400000000000034,0.0,3.3400000000001455,1.6700000000000728,3.3400000000001455,1.9999988023959268,1.6700000000000728,-1.6699999999998454,2.2737367544323206e-13,0.0,0.0,0.0,7.191417030801657,1.3969251951308115,7.313694005083907,1.2679925078648535
2025-04-05 13:53:46,1776.93,1750.54,123.03,122.69,1763.7350000000001,3527.4700000000003,26.3900000000001,0.014962565229491694,245.72,0.3400000000000034,1.6700000000000728,-8.350000000000136,-3.339999999999918,10.02000000000021,2.999999101796812,1.6700000000000728,-11.690000000000282,-5.009999999999991,0.0,0.0,0.0,7.177824323710629,1.3969251951308115,7.081674943119037,2.129823936385639
2025-04-05 13:53:47,1771.92,1747.21,123.03,122.69,1759.565,3519.13,24.710000000000036,0.01404324363462378,245.72,0.3400000000000034,-5.009999999999991,-3.3299999999999272,-4.170000000000073,1.6800000000000637,0.4028776012284012,-6.680000000000064,5.020000000000209,-0.8300000000001546,0.0,0.0,0.0,7.160853788210753,2.792502462091405,4.479964285571933,2.729829665016007
2025-04-05 13:53:48,1771.92,1752.21,123.03,122.69,1762.065,3524.13,19.710000000000036,0.011185739452752478,245.72,0.3400000000000034,0.0,5.0,2.5,5.0,1.99999920000032,5.009999999999991,8.329999999999927,6.670000000000073,0.0,0.0,0.0,7.171027970165115,2.914812172470975,4.088608565270078,3.1549374003300645
2025-04-05 13:53:49,1773.59,1755.55,123.03,122.69,1764.57,3529.14,18.039999999999964,0.0102234538668211,245.72,0.3400000000000034,1.6699999999998454,3.339999999999918,2.5049999999998818,1.6700000000000728,0.6666664005324355,1.6699999999998454,-1.6600000000000819,0.004999999999881766,0.0,0.0,0.0,7.181222500483385,2.8051818124293155,4.320564777896512,3.3060164851375764
2025-04-05 13:53:50,1773.59,1753.88,123.03,122.69,1763.7350000000001,3527.4700000000003,19.70999999999981,0.011175148187695237,245.72,0.3400000000000034,0.0,-1.6699999999998454,-0.834999999999809,1.6699999999998454,1.99999760479356,-1.6699999999998454,-5.0099999999997635,-3.3399999999996908,0.0,0.0,0.0,7.177824323710629,1.991545882168143,3.6184001989829477,3.14386823833336
2025-04-05 13:53:51,1765.24,1752.21,123.03,122.69,1758.725,3517.45,13.029999999999973,0.007408776239941546,245.72,0.3400000000000034,-8.349999999999909,-1.6700000000000728,-5.010000000000218,6.679999999999836,1.3333330671988979,-8.349999999999909,-2.2737367544323206e-13,-4.175000000000409,0.0,0.0,0.0,7.157435263074087,2.5453428061414898,4.18828127040191,3.559888692080393
2025-04-05 13:53:52,1768.58,1755.55,123.03,122.69,1762.065,3524.13,13.029999999999973,0.007394732880231568,245.72,0.3400000000000034,3.339999999999918,3.339999999999918,3.3400000000001455,0.0,0.0,11.689999999999827,5.009999999999991,8.350000000000364,0.0,0.0,0.0,7.171027970165115,2.240540113628557,3.422481555830373,3.4723173098094096
2025-04-05 13:53:53,1775.26,1753.88,123.03,122.69,1764.5700000000002,3529.1400000000003,21.37999999999988,0.01211626627897086,245.72,0.3400000000000034,6.680000000000064,-1.6699999999998454,2.505000000000109,8.349999999999909,3.3333320026616935,3.3400000000001455,-5.0099999999997635,-0.8350000000000364,0.0,0.0,0.0,7.181222500483386,2.4628961611852893,3.8446287206957757,3.473037935295577
2025-04-05 13:53:54,1771.92,1753.88,123.03,122.69,1762.9,3525.8,18.039999999999964,0.010233138572673902,245.72,0.3400000000000034,-3.339999999999918,0.0,-1.6700000000000728,3.339999999999918,1.9999988023957906,-10.019999999999982,1.6699999999998454,-4.175000000000182,0.0,0.0,0.0,7.174426146937872,2.2560457665525626,3.8446287206957757,3.3711670827774802
2025-04-05 13:53:55,1770.25,1752.21,123.03,122.69,1761.23,3522.46,18.039999999999964,0.010242841644621725,245.72,0.3400000000000034,-1.6700000000000728,-1.6700000000000728,-1.6700000000000728,0.0,0.0,1.6699999999998454,-1.6700000000000728,0.0,0.0,0.0,0.0,7.167629793392358,2.161343910805776,3.620473725909225,3.4224815558308728
2025-04-05 13:53:56,1780.27,1747.21,123.1,122.69,1763.74,3527.48,33.059999999999945,0.01874425934732766,245.79,0.4099999999999966,10.019999999999982,-5.0,2.509999999999991,15.019999999999982,5.984061360931743,11.690000000000055,-3.3299999999999272,4.180000000000064,0.06999999999999318,0.0,0.06999999999999318,7.175800450889782,1.3210431487206942,7.5201662215671226,2.4636598791233206
2025-04-05 13:53:57,1780.27,1755.55,123.1,122.69,1767.9099999999999,3535.8199999999997,24.720000000000027,0.013982612229139161,245.79,0.4099999999999966,0.0,8.339999999999918,4.169999999999845,8.339999999999918,1.9999995203838625,-10.019999999999982,13.339999999999918,1.6599999999998545,0.0,0.0,0.0,7.192766153249659,2.4768427484981133,6.244559231843298,2.6790399399787854
2025-04-05 13:53:58,1780.27,1752.21,123.1,122.69,1766.24,3532.48,28.059999999999945,0.01588685568445573,245.79,0.4099999999999966,0.0,-3.339999999999918,-1.6699999999998454,3.339999999999918,1.9999988023960629,0.0,-11.679999999999836,-5.839999999999691,0.0,0.0,0.0,7.185971735278199,2.6664639507762624,6.507524875096464,2.8061503879872824
2025-04-05 13:53:59,1775.26,1752.21,123.1,122.69,1763.7350000000001,3527.4700000000003,23.049999999999955,0.013068856708593465,245.79,0.4099999999999966,-5.009999999999991,0.0,-2.5049999999998818,5.009999999999991,1.9999992015972157,-5.009999999999991,3.339999999999918,-0.8350000000000364,0.0,0.0,0.0,7.175780108321006,2.573238232420438,5.610363624579004,2.9749949579790784
2025-04-05 13:54:00,1768.58,1742.21,123.1,122.69,1755.395,3510.79,26.36999999999989,0.015022259938633544,245.79,0.4099999999999966,-6.680000000000064,-10.0,-8.340000000000146,3.3199999999999363,0.39808148704057456,-1.6700000000000728,-10.0,-5.835000000000264,0.0,0.0,0.0,7.141848703601251,4.8143917062060035,3.8415973240306296,4.886181535719018
2025-04-05 13:54:01,1775.26,1750.54,123.1,122.69,1762.9,3525.8,24.720000000000027,0.014022349529739448,245.79,0.4099999999999966,6.680000000000064,8.329999999999927,7.505000000000109,1.6499999999998636,0.21985340175169057,13.360000000000127,18.329999999999927,15.845000000000255,0.0,0.0,0.0,7.172382899335275,4.814391706205919,1.9014810017455535,6.168312775792251
2025-04-05 13:54:02,1776.93,1752.21,123.1,122.69,1764.5700000000002,3529.1400000000003,24.720000000000027,0.014009078691120752,245.79,0.4099999999999966,1.6700000000000728,1.6700000000000728,1.6700000000000728,0.0,0.0,-5.009999999999991,-6.6599999999998545,-5.835000000000036,0.0,0.0,0.0,7.1791773173067375,4.195701073811339,1.9014810017455535,5.820273404231315
2025-04-05 13:54:03,1773.59,1748.88,123.1,122.69,1761.2350000000001,3522.4700000000003,24.70999999999981,0.014029927855152707,245.79,0.4099999999999966,-3.3400000000001455,-3.3299999999999272,-3.3350000000000364,0.010000000000218279,0.0029984998505902007,-5.010000000000218,-5.0,-5.005000000000109,0.0,0.0,0.0,7.16560882393259,3.6639776883568898,1.1738100357380257,5.9383661473508464
2025-04-05 13:54:04,1771.92,1747.21,123.1,122.69,1759.565,3519.13,24.710000000000036,0.01404324363462378,245.79,0.4099999999999966,-1.6699999999998454,-1.6700000000000728,-1.6700000000000728,2.2737367544323206e-13,1.3615181993497139e-13,1.6700000000003001,1.6599999999998545,1.6649999999999636,0.0,0.0,0.0,7.158814405961128,3.518839652608976,0.7401553890902286,5.8970939877199395
2025-04-05 13:54:05,1776.93,1747.21,123.1,122.69,1762.0700000000002,3524.1400000000003,29.720000000000027,0.016866526291880287,245.79,0.4099999999999966,5.009999999999991,0.0,2.505000000000109,5.009999999999991,1.9999992015970343,6.679999999999836,1.6700000000000728,4.175000000000182,0.0,0.0,0.0,7.169006032918321,1.864881363727687,2.2383096300555643,4.194906137209998
2025-04-05 13:54:06,1768.58,1752.21,123.1,122.69,1760.395,3520.79,16.36999999999989,0.009299049355798466,245.79,0.4099999999999966,-8.350000000000136,5.0,-1.675000000000182,13.350000000000136,7.970144495435338,-13.360000000000127,5.0,-4.180000000000291,0.0,0.0,0.0,7.162191272378082,1.9211214174998548,4.807580472545395,2.4761699255103506
2025-04-05 13:54:07,1773.59,1747.21,123.1,122.69,1760.4,3520.8,26.37999999999988,0.014985230620889939,245.79,0.4099999999999966,5.009999999999991,-5.0,0.005000000000109139,10.009999999999991,2001.5996800203034,13.360000000000127,-10.0,1.680000000000291,0.0,0.0,0.0,7.162211614946859,0.9524875331322948,4.921724291343403,2.2087338001673884
2025-04-05 13:54:08,1775.26,1753.88,123.1,122.69,1764.5700000000002,3529.1400000000003,21.37999999999988,0.01211626627897086,245.79,0.4099999999999966,1.6700000000000728,6.670000000000073,4.170000000000073,5.0,1.1990404798463867,-3.339999999999918,11.670000000000073,4.164999999999964,0.0,0.0,0.0,7.1791773173067375,1.9921753187849618,5.088061516923693,2.599712964925548
2025-04-05 13:54:09,1775.26,1748.88,123.1,122.69,1762.0700000000002,3524.1400000000003,26.37999999999988,0.014971028384246283,245.79,0.4099999999999966,0.0,-5.0,-2.5,5.0,1.99999920000032,-1.6700000000000728,-11.670000000000073,-6.670000000000073,0.0,0.0,0.0,7.169006032918321,1.7103888449058782,5.222976163070221,2.8046644184290406
2025-04-05 13:54:10,1775.26,1763.89,123.1,122.74,1769.575,3539.15,11.36999999999989,0.006425271601132825,245.83999999999997,0.35999999999999943,0.0,15.009999999999991,7.504999999999882,15.009999999999991,1.9999997335110584,0.0,20.00999999999999,10.004999999999882,0.0,0.04999999999999716,0.04999999999999716,7.19807595510057,3.850273691672576,6.524188072089832,4.228018744045661
2025-04-05 13:54:11,1770.25,1760.55,123.1,122.74,1765.4,3530.8,9.700000000000045,0.005494505491393191,245.83999999999997,0.35999999999999943,-5.009999999999991,-3.3400000000001455,-4.1749999999999545,1.6699999999998454,0.399999904191607,-5.009999999999991,-18.350000000000136,-11.679999999999836,0.0,0.0,0.0,7.1810933648670146,3.5085032422375018,8.05126201287714,4.80584461879502
2025-04-05 13:54:12,1781.94,1760.55,123.16,122.74,1771.245,3542.49,21.3900000000001,0.012076251443433206,245.89999999999998,0.4200000000000017,11.690000000000055,0.0,5.8449999999998,11.690000000000055,1.9999996578273391,16.700000000000045,3.3400000000001455,10.019999999999754,0.060000000000002274,0.0,0.060000000000002274,7.203110991447292,3.7584747572389263,7.175968924124386,5.197012843932632
2025-04-05 13:54:13,1775.26,1760.55,123.16,122.74,1767.905,3535.81,14.710000000000036,0.008320582832041006,245.89999999999998,0.4200000000000017,-6.680000000000064,0.0,-3.339999999999918,6.680000000000064,1.9999994011978521,-18.37000000000012,0.0,-9.184999999999718,0.0,0.0,0.0,7.189528234284148,3.607248605350901,7.0190277104453,5.547540671324573
2025-04-05 13:54:14,1780.27,1752.21,123.16,122.74,1766.24,3532.48,28.059999999999945,0.01588685568445573,245.89999999999998,0.4200000000000017,5.009999999999991,-8.339999999999918,-1.6649999999999636,13.349999999999909,8.018013202394593,11.690000000000055,-8.339999999999918,1.6749999999999545,0.0,0.0,0.0,7.182757189171383,2.3901166291231766,7.6127544292456495,5.439892462172416
2025-04-05 13:54:15,1780.27,1753.88,123.16,122.74,1767.075,3534.15,26.389999999999873,0.01493428404853534,245.89999999999998,0.4200000000000017,0.0,1.6700000000000728,0.8350000000000364,1.6700000000000728,1.9999976047932877,-5.009999999999991,10.009999999999991,2.5,0.0,0.0,0.0,7.186152878462169,2.2550293791452813,7.774789386214806,4.030189201514076
2025-04-05 13:54:16,1771.92,1760.55,123.16,122.74,1766.2350000000001,3532.4700000000003,11.370000000000118,0.0064374219702150026,245.89999999999998,0.4200000000000017,-8.349999999999909,6.669999999999845,-0.8399999999999181,15.019999999999754,17.8809310941311,-8.349999999999909,4.999999999999773,-1.6749999999999545,0.0,0.0,0.0,7.182736855702576,2.0778293964638506,7.236220007711077,3.512663875180875
2025-04-05 13:54:17,1775.26,1760.55,123.16,122.74,1767.905,3535.81,14.710000000000036,0.008320582832041006,245.89999999999998,0.4200000000000017,3.339999999999918,0.0,1.6699999999998454,3.339999999999918,1.9999988023960629,11.689999999999827,-6.669999999999845,2.5099999999997635,0.0,0.0,0.0,7.189528234284148,0.8337535611954645,7.6109999343054735,1.9930146763135512
2025-04-05 13:54:18,1775.26,1747.21,123.16,122.74,1761.2350000000001,3522.4700000000003,28.049999999999955,0.01592632441671533,245.89999999999998,0.4200000000000017,0.0,-13.339999999999918,-6.669999999999845,13.339999999999918,1.999999700150004,-3.339999999999918,-13.339999999999918,-8.33999999999969,0.0,0.0,0.0,7.162403386895473,2.610530597560536,8.03641586778571,3.2617123570298014
2025-04-05 13:54:19,1776.93,1758.89,123.16,122.74,1767.91,3535.82,18.039999999999964,0.010204139345213173,245.89999999999998,0.4200000000000017,1.6700000000000728,11.680000000000064,6.6749999999999545,10.009999999999991,1.499625243501845,1.6700000000000728,25.019999999999982,13.3449999999998,0.0,0.0,0.0,7.189548567752955,2.791383169828401,7.271906215016672,4.813482886642547
2025-04-05 13:54:20,1776.93,1755.55,123.16,122.74,1766.24,3532.48,21.38000000000011,0.012104810211463504,245.89999999999998,0.4200000000000017,0.0,-3.3400000000001455,-1.6700000000000728,3.3400000000001455,1.9999988023959268,-1.6700000000000728,-15.02000000000021,-8.345000000000027,0.0,0.0,0.0,7.182757189171383,2.7408962951561144,6.416560605183955,4.878229186907963
2025-04-05 13:54:21,1776.93,1753.88,123.16,122.74,1765.4050000000002,3530.8100000000004,23.049999999999955,0.013056494111517446,245.89999999999998,0.4200000000000017,0.0,-1.6699999999998454,-0.834999999999809,1.6699999999998454,1.99999760479356,0.0,1.6700000000003001,0.8350000000002638,0.0,0.0,0.0,7.1793614998805975,2.741047701299593,5.058767636490041,4.878057246486627
2025-04-05 13:54:22,1775.26,1760.55,123.16,122.74,1767.905,3535.81,14.710000000000036,0.008320582832041006,245.89999999999998,0.4200000000000017,-1.6700000000000728,6.669999999999845,2.4999999999997726,8.339999999999918,3.3359986656008043,-1.6700000000000728,8.33999999999969,3.3349999999995816,0.0,0.0,0.0,7.189528234284148,2.741047701299593,5.058767636490041,4.969422753197853
2025-04-05 13:54:23,1768.58,1753.88,123.16,122.74,1761.23,3522.46,14.699999999999818,0.008346439699331364,245.89999999999998,0.4200000000000017,-6.680000000000064,-6.669999999999845,-6.6749999999999545,0.010000000000218279,0.001498127116418162,-5.009999999999991,-13.33999999999969,-9.174999999999727,0.0,0.0,0.0,7.162383053426666,2.743101802850213,3.80577587358998,4.971100733238152
2025-04-05 13:54:24,1775.26,1753.88,123.16,122.74,1764.5700000000002,3529.1400000000003,21.37999999999988,0.01211626627897086,245.89999999999998,0.4200000000000017,6.680000000000064,0.0,3.3400000000001455,6.680000000000064,1.999999401197716,13.360000000000127,6.669999999999845,10.0150000000001,0.0,0.0,0.0,7.175965810589811,2.475578215447337,4.019195193070308,3.97543173756025
2025-04-05 13:54:25,1775.26,1753.88,123.16,122.74,1764.5700000000002,3529.1400000000003,21.37999999999988,0.01211626627897086,245.89999999999998,0.4200000000000017,0.0,0.0,0.0,0.0,0.0,-6.680000000000064,0.0,-3.3400000000001455,0.0,0.0,0.0,7.175965810589811,2.389417816288364,4.019195193070275,3.9401989162986744
2025-04-05 13:54:26,1763.57,1753.88,123.16,122.74,1758.725,3517.45,9.689999999999827,0.005509673197623366,245.89999999999998,0.4200000000000017,-11.690000000000055,0.0,-5.845000000000255,11.690000000000055,1.9999996578271835,-11.690000000000055,0.0,-5.845000000000255,0.0,0.0,0.0,7.152195985554307,3.5212693025089754,5.009168593688909,4.6690676264112785
2025-04-05 13:54:27,1771.92,1760.55,123.16,122.74,1766.2350000000001,3532.4700000000003,11.370000000000118,0.0064374219702150026,245.89999999999998,0.4200000000000017,8.350000000000136,6.669999999999845,7.510000000000218,1.680000000000291,0.22370170123815458,20.04000000000019,6.669999999999845,13.355000000000473,0.0,0.0,0.0,7.182736855702576,3.032398803058584,5.486203605408652,6.035676639781424
2025-04-05 13:54:28,1773.59,1748.88,123.25,122.74,1761.2350000000001,3522.4700000000003,24.70999999999981,0.014029927855152707,245.99,0.5100000000000051,1.6699999999998454,-11.669999999999845,-5.0,13.33999999999969,2.667999466400045,-6.680000000000291,-18.33999999999969,-12.510000000000218,0.09000000000000341,0.0,0.09000000000000341,7.159782888898806,3.0316427066511547,6.716653184436312,5.628492693430747
2025-04-05 13:54:29,1780.27,1760.55,123.25,122.74,1770.4099999999999,3540.8199999999997,19.720000000000027,0.011138662789332055,245.99,0.5100000000000051,6.680000000000064,11.669999999999845,9.174999999999727,4.989999999999782,0.5438691505319652,5.010000000000218,23.33999999999969,14.174999999999727,0.0,0.0,0.0,7.197081152904259,4.516717558226639,6.528026501171593,6.944847550522761
2025-04-05 13:54:30,1775.26,1757.22,123.25,122.74,1766.24,3532.48,18.039999999999964,0.01021378747496726,245.99,0.5100000000000051,-5.009999999999991,-3.3299999999999272,-4.169999999999845,1.6800000000000637,0.4028776012284232,-11.690000000000055,-14.999999999999773,-13.344999999999573,0.0,0.0,0.0,7.1801292443590015,4.608496772353587,6.177072931413289,7.358258455640269
2025-04-05 13:54:31,1776.93,1755.55,123.25,122.74,1766.24,3532.48,21.38000000000011,0.012104810211463504,245.99,0.5100000000000051,1.6700000000000728,-1.6700000000000728,0.0,3.3400000000001455,3340000.0000001458,6.680000000000064,1.6599999999998545,4.169999999999845,0.0,0.0,0.0,7.1801292443590015,3.2518390951576763,4.947618619093271,6.551232326822234
2025-04-05 13:54:32,1775.26,1747.21,123.25,122.74,1761.2350000000001,3522.4700000000003,28.049999999999955,0.01592632441671533,245.99,0.5100000000000051,-1.6700000000000728,-8.339999999999918,-5.004999999999882,6.669999999999845,1.3326670664001872,-3.3400000000001455,-6.669999999999845,-5.004999999999882,0.0,0.0,0.0,7.159782888898806,3.8944778213251783,4.0152521714082825,6.054327997391586
2025-04-05 13:54:33,1775.26,1758.89,123.25,122.74,1767.075,3534.15,16.36999999999989,0.009263896546969424,245.99,0.5100000000000051,0.0,11.680000000000064,5.839999999999918,11.680000000000064,1.9999996575343442,1.6700000000000728,20.019999999999982,10.8449999999998,0.0,0.0,0.0,7.1835236912739395,3.283905830074333,4.5074682472535965,6.202903150944679
2025-04-05 13:54:34,1778.6,1753.88,123.25,122.74,1766.24,3532.48,24.7199999999998,0.013995832947959488,245.99,0.5100000000000051,3.339999999999918,-5.009999999999991,-0.8350000000000364,8.349999999999909,9.999988023965894,3.339999999999918,-16.690000000000055,-6.6749999999999545,0.0,0.0,0.0,7.1801292443590015,2.3595269654732105,4.7788356322434,4.294297672495551
2025-04-05 13:54:35,1776.93,1757.22,123.25,122.74,1767.075,3534.15,19.710000000000036,0.011154025714158147,245.99,0.5100000000000051,-1.6699999999998454,3.339999999999918,0.8350000000000364,5.0099999999997635,5.999992814379318,-5.0099999999997635,8.349999999999909,1.6700000000000728,0.0,0.0,0.0,7.1835236912739395,2.4606924839962248,4.508761470736627,3.886213774356858
2025-04-05 13:54:36,1771.92,1757.22,123.25,122.74,1764.5700000000002,3529.1400000000003,14.700000000000045,0.008330641454671337,245.99,0.5100000000000051,-5.009999999999991,0.0,-2.5049999999998818,5.009999999999991,1.9999992015972157,-3.3400000000001455,-3.339999999999918,-3.339999999999918,0.0,0.0,0.0,7.173340350529126,2.460862145833246,5.610512454312777,4.0702370938313726
2025-04-05 13:54:37,1778.6,1757.22,123.25,122.74,1767.9099999999999,3535.8199999999997,21.37999999999988,0.012093375787176104,245.99,0.5100000000000051,6.679999999999836,0.0,3.3399999999996908,6.679999999999836,1.99999940119792,11.689999999999827,0.0,5.8449999999995725,0.0,0.0,0.0,7.186918138188876,1.2663401994712429,3.9870703530284812,3.317361526876562
2025-04-05 13:54:38,1768.58,1747.21,123.25,122.74,1757.895,3515.79,21.36999999999989,0.012156584999583766,245.99,0.5100000000000051,-10.019999999999982,-10.009999999999991,-10.014999999999873,0.009999999999990905,0.000998502146928496,-16.699999999999818,-10.009999999999991,-13.354999999999563,0.0,0.0,0.0,7.146205101239054,4.019764607634862,3.658104700524381,5.0564518192107935
2025-04-05 13:54:39,1771.92,1740.54,123.25,122.74,1756.23,3512.46,31.38000000000011,0.017867819125132977,245.99,0.5100000000000051,3.3400000000001455,-6.670000000000073,-1.6649999999999636,10.010000000000218,6.012008401196418,13.360000000000127,3.339999999999918,8.349999999999909,0.0,0.0,0.0,7.139436533438609,5.355466132914188,6.059568466483372,5.0289233440171035
2025-04-05 13:54:40,1775.26,1753.88,123.25,122.74,1764.5700000000002,3529.1400000000003,21.37999999999988,0.01211626627897086,245.99,0.5100000000000051,3.339999999999918,13.340000000000146,8.340000000000146,10.000000000000227,1.1990406236162385,-2.2737367544323206e-13,20.01000000000022,10.00500000000011,0.0,0.0,0.0,7.173340350529126,4.949891413030207,5.967228837576094,6.870292388246717
2025-04-05 13:54:41,1775.26,1752.21,123.25,122.74,1763.7350000000001,3527.4700000000003,23.049999999999955,0.013068856708593465,245.99,0.5100000000000051,0.0,-1.6700000000000728,-0.8350000000000364,1.6700000000000728,1.9999976047932877,-3.339999999999918,-15.010000000000218,-9.175000000000182,0.0,0.0,0.0,7.169945903614188,4.864772091351239,4.347352067638432,6.788619705065302
2025-04-05 13:54:42,1770.25,1743.87,123.25,122.74,1757.06,3514.12,26.38000000000011,0.0150137160853849,245.99,0.5100000000000051,-5.009999999999991,-8.340000000000146,-6.675000000000182,3.3300000000001546,0.49887632975636464,-5.009999999999991,-6.670000000000073,-5.8400000000001455,0.0,0.0,0.0,7.142810654324116,3.939245803550053,4.250819920909399,6.970229551456833
2025-04-05 13:54:43,1773.59,1753.88,123.25,122.74,1763.7350000000001,3527.4700000000003,19.70999999999981,0.011175148187695237,245.99,0.5100000000000051,3.339999999999918,10.010000000000218,6.675000000000182,6.6700000000003,0.9992507866291134,8.349999999999909,18.350000000000364,13.350000000000364,0.0,0.0,0.0,7.169945903614188,4.060790255700156,4.6254134950294405,6.231275551602834
2025-04-05 13:54:44,1798.65,1753.88,123.29,122.74,1776.265,3552.53,44.76999999999998,0.02520457250173561,246.03,0.5500000000000114,25.060000000000173,0.0,12.529999999999973,25.060000000000173,1.9999998403831116,21.720000000000255,-10.010000000000218,5.854999999999791,0.04000000000000625,0.0,0.04000000000000625,7.219708949235017,6.95166400948711,10.203816442880589,7.682524487432694
2025-04-05 13:54:45,1776.93,1750.54,123.31,122.74,1763.7350000000001,3527.4700000000003,26.3900000000001,0.014962565229491694,246.05,0.5700000000000074,-21.720000000000027,-3.3400000000001455,-12.529999999999973,18.37999999999988,1.4668793721564686,-46.7800000000002,-3.3400000000001455,-25.059999999999945,0.01999999999999602,0.0,0.01999999999999602,7.168197491696008,6.976752826408425,9.74240730004653,10.04578058191609
2025-04-05 13:54:46,1773.59,1752.21,123.31,122.74,1762.9,3525.8,21.37999999999988,0.012127744051206611,246.05,0.5700000000000074,-3.3400000000001455,1.6700000000000728,-0.8350000000000364,5.010000000000218,5.999992814379863,18.37999999999988,5.010000000000218,11.694999999999936,0.0,0.0,0.0,7.164803872526707,7.021639231746205,9.982766650583404,10.04578058191609
2025-04-05 13:54:47,1775.26,1750.54,123.31,122.74,1762.9,3525.8,24.720000000000027,0.014022349529739448,246.05,0.5700000000000074,1.6700000000000728,-1.6700000000000728,0.0,3.3400000000001455,3340000.0000001458,5.010000000000218,-3.3400000000001455,0.8350000000000364,0.0,0.0,0.0,7.164803872526707,5.805330094042913,10.065978839636024,9.386606548694884
2025-04-05 13:54:48,1778.6,1753.88,123.31,122.74,1766.24,3532.48,24.7199999999998,0.013995832947959488,246.05,0.5700000000000074,3.339999999999918,3.3400000000001455,3.339999999999918,2.2737367544323206e-13,6.80759303494932e-14,1.6699999999998454,5.010000000000218,3.339999999999918,0.0,0.0,0.0,7.178378349203908,5.6777136684409975,9.332498593624317,9.008324205977548
2025-04-05 13:54:49,1776.93,1747.21,123.31,122.74,1762.0700000000002,3524.1400000000003,29.720000000000027,0.016866526291880287,246.05,0.5700000000000074,-1.6699999999998454,-6.670000000000073,-4.169999999999845,5.000000000000227,1.1990404798465066,-5.0099999999997635,-10.010000000000218,-7.5099999999997635,0.0,0.0,0.0,7.161430574430277,1.6049859814945422,3.030128710137529,6.040343947160701
2025-04-05 13:54:50,1776.93,1747.21,123.31,122.74,1762.0700000000002,3524.1400000000003,29.720000000000027,0.016866526291880287,246.05,0.5700000000000074,0.0,0.0,0.0,0.0,0.0,1.6699999999998454,6.670000000000073,4.169999999999845,0.0,0.0,0.0,7.161430574430277,1.7298063477722145,3.6154003927642404,2.678025391963455
2025-04-05 13:54:51,1778.6,1753.88,123.31,122.74,1766.24,3532.48,24.7199999999998,0.013995832947959488,246.05,0.5700000000000074,1.6699999999998454,6.670000000000073,4.169999999999845,5.000000000000227,1.1990404798465066,1.6699999999998454,6.670000000000073,4.169999999999845,0.0,0.0,0.0,7.178378349203908,2.1592197666737527,2.7386127875257937,3.3053850002686076
2025-04-05 13:54:52,1775.26,1753.88,123.31,122.74,1764.5700000000002,3529.1400000000003,21.37999999999988,0.01211626627897086,246.05,0.5700000000000074,-3.339999999999918,0.0,-1.6699999999998454,3.339999999999918,1.9999988023960629,-5.0099999999997635,-6.670000000000073,-5.839999999999691,0.0,0.0,0.0,7.171591110865307,2.093243894245365,3.6154003927642613,3.4700331410521907
2025-04-05 13:54:53,1773.59,1752.21,123.31,122.74,1762.9,3525.8,21.37999999999988,0.012127744051206611,246.05,0.5700000000000074,-1.6700000000000728,-1.6700000000000728,-1.6700000000000728,0.0,0.0,1.6699999999998454,-1.6700000000000728,-2.2737367544323206e-13,0.0,0.0,0.0,7.164803872526707,1.8081620504794167,4.186487788110695,3.087251204550865
2025-04-05 13:54:54,1773.59,1753.88,123.31,122.74,1763.7350000000001,3527.4700000000003,19.70999999999981,0.011175148187695237,246.05,0.5700000000000074,0.0,1.6700000000000728,0.8350000000000364,1.6700000000000728,1.9999976047932877,1.6700000000000728,3.3400000000001455,2.505000000000109,0.0,0.0,0.0,7.168197491696008,1.6047258335288503,3.9830917639441643,2.4036160259078585
2025-04-05 13:54:55,1768.58,1745.54,123.31,122.74,1757.06,3514.12,23.039999999999964,0.013112813442276957,246.05,0.5700000000000074,-5.009999999999991,-8.340000000000146,-6.675000000000182,3.3300000000001546,0.49887632975636464,-5.009999999999991,-10.010000000000218,-7.510000000000218,0.0,0.0,0.0,7.141068859414473,3.490964050343767,1.9027821735551576,3.9749066026765423
2025-04-05 13:54:56,1775.26,1742.21,123.31,122.74,1758.7350000000001,3517.4700000000003,33.049999999999955,0.018791915769691303,246.05,0.5700000000000074,6.680000000000064,-3.3299999999999272,1.675000000000182,10.009999999999991,5.976115835154071,11.690000000000055,5.010000000000218,8.350000000000364,0.0,0.0,0.0,7.147876418825945,3.3048808603016897,5.351221355914904,3.254660888633752
2025-04-05 13:54:57,1775.26,1740.54,123.31,122.74,1757.9,3515.8,34.72000000000003,0.019750839058108642,246.05,0.5700000000000074,0.0,-1.6700000000000728,-0.8350000000000364,1.6700000000000728,1.9999976047932877,-6.680000000000064,1.6599999999998545,-2.5100000000002183,0.0,0.0,0.0,7.144482799656644,3.041063547639958,6.976550006987715,3.265226638382434
2025-04-05 13:54:58,1773.59,1767.23,123.31,122.86,1770.4099999999999,3540.8199999999997,6.3599999999999,0.003592388201833198,246.17000000000002,0.45000000000000284,-1.6700000000000728,26.690000000000055,12.509999999999764,28.360000000000127,2.266986229657429,-1.6700000000000728,28.360000000000127,13.3449999999998,0.0,0.12000000000000455,0.12000000000000455,7.191818632685465,5.582988223235636,11.460468140525519,6.96375940135793
2025-04-05 13:54:59,1775.26,1760.55,123.31,122.86,1767.905,3535.81,14.710000000000036,0.008320582832041006,246.17000000000002,0.45000000000000284,1.6700000000000728,-6.680000000000064,-2.5049999999998818,8.350000000000136,3.333332002662087,3.3400000000001455,-33.37000000000012,-15.014999999999645,0.0,0.0,0.0,7.181642738019893,6.258253150903205,12.062641916263612,7.199927430189882
2025-04-05 13:55:00,1773.59,1753.88,123.31,122.86,1763.7350000000001,3527.4700000000003,19.70999999999981,0.011175148187695237,246.17000000000002,0.45000000000000284,-1.6700000000000728,-6.669999999999845,-4.169999999999845,4.999999999999773,1.1990404798463976,-3.3400000000001455,0.010000000000218279,-1.6649999999999636,0.0,0.0,0.0,7.16470322474427,5.499812042315031,12.108655994783238,6.60976077479356
2025-04-05 13:55:01,1768.58,1760.55,123.31,122.86,1764.565,3529.13,8.029999999999973,0.004550696628035394,246.17000000000002,0.45000000000000284,-5.009999999999991,6.669999999999845,0.8299999999999272,11.679999999999836,14.07227220208272,-3.339999999999918,13.33999999999969,4.999999999999773,0.0,0.0,0.0,7.168074878465796,4.739713335297501,11.399834647923619,6.609696853865504
2025-04-05 13:55:02,1775.26,1753.88,123.31,122.86,1764.5700000000002,3529.1400000000003,21.37999999999988,0.01211626627897086,246.17000000000002,0.45000000000000284,6.680000000000064,-6.669999999999845,0.005000000000109139,13.349999999999909,2669.4661067203688,11.690000000000055,-13.33999999999969,-0.8249999999998181,0.0,0.0,0.0,7.168095189632794,2.82978046865847,6.737504730981545,6.556583904747916
2025-04-05 13:55:03,1783.61,1763.89,123.37,122.86,1773.75,3547.5,19.7199999999998,0.011117688506769335,246.23000000000002,0.5100000000000051,8.349999999999909,10.009999999999991,9.179999999999836,1.6600000000000819,0.18082786701222708,1.6699999999998454,16.679999999999836,9.174999999999727,0.060000000000002274,0.0,0.060000000000002274,7.203630722480482,4.148214977650356,5.45919865914389,5.157376513305981
2025-04-05 13:55:04,1778.6,1760.55,123.37,122.86,1769.5749999999998,3539.1499999999996,18.049999999999955,0.010200189305228525,246.23000000000002,0.5100000000000051,-5.009999999999991,-3.3400000000001455,-4.175000000000182,1.6699999999998454,0.39999990419158526,-13.3599999999999,-13.350000000000136,-13.355000000000018,0.0,0.0,0.0,7.186675030716503,4.312825929805567,5.356675274832203,5.459465862151788
2025-04-05 13:55:05,1775.26,1757.22,123.37,122.86,1766.24,3532.48,18.039999999999964,0.01021378747496726,246.23000000000002,0.5100000000000051,-3.339999999999918,-3.3299999999999272,-3.334999999999809,0.009999999999990905,0.002998499850522227,1.6700000000000728,0.010000000000218279,0.8400000000003729,0.0,0.0,0.0,7.173130783523003,3.9327741482069114,5.225373670848699,5.297621400213568
2025-04-05 13:55:06,1780.27,1760.55,123.37,122.86,1770.4099999999999,3540.8199999999997,19.720000000000027,0.011138662789332055,246.23000000000002,0.5100000000000051,5.009999999999991,3.3299999999999272,4.169999999999845,1.6800000000000637,0.4028776012284232,8.349999999999909,6.6599999999998545,7.504999999999654,0.0,0.0,0.0,7.1900661690693,3.6084040794798895,1.3960372487864305,5.5538583435302495
2025-04-05 13:55:07,1766.91,1762.22,123.37,122.86,1764.565,3529.13,4.690000000000055,0.0026578788524889564,246.23000000000002,0.5100000000000051,-13.3599999999999,1.6700000000000728,-5.8449999999998,15.029999999999973,2.5714281314922762,-18.36999999999989,-1.6599999999998545,-10.014999999999645,0.0,0.0,0.0,7.166328200599731,3.6099075474044215,6.402095750611554,6.410502515403911
2025-04-05 13:55:08,1776.93,1760.55,123.37,122.86,1768.74,3537.48,16.38000000000011,0.009260829737971255,246.23000000000002,0.5100000000000051,10.019999999999982,-1.6700000000000728,4.1749999999999545,11.690000000000055,2.7999993293415213,23.37999999999988,-3.3400000000001455,10.019999999999754,0.0,0.0,0.0,7.183283892363709,2.433565799563574,6.089255291084364,4.8092717743958415
2025-04-05 13:55:09,1778.6,1752.21,123.37,122.86,1765.405,3530.81,26.389999999999873,0.014948411262600627,246.23000000000002,0.5100000000000051,1.6699999999998454,-8.339999999999918,-3.3350000000000364,10.009999999999764,3.0014983503752033,-8.350000000000136,-6.669999999999845,-7.509999999999991,0.0,0.0,0.0,7.169739645170208,2.4331373781198886,7.882939172668928,4.683754370160787
2025-04-05 13:55:10,1773.59,1747.21,123.37,122.86,1760.4,3520.8,26.37999999999988,0.014985230620889939,246.23000000000002,0.5100000000000051,-5.009999999999991,-5.0,-5.004999999999882,0.009999999999990905,0.0019980015987991094,-6.679999999999836,3.339999999999918,-1.6699999999998454,0.0,0.0,0.0,7.149413121271116,3.894960526218691,8.955733917440703,4.9581922108768905
2025-04-05 13:55:11,1775.26,1760.55,123.37,122.86,1767.905,3535.81,14.710000000000036,0.008320582832041006,246.23000000000002,0.5100000000000051,1.6700000000000728,13.339999999999918,7.504999999999882,11.669999999999845,1.554963150571203,6.680000000000064,18.339999999999918,12.509999999999764,0.0,0.0,0.0,7.179892754010913,3.283589118754245,9.093962282745498,5.975720040296411
2025-04-05 13:55:12,1771.92,1760.55,123.37,122.86,1766.2350000000001,3532.4700000000003,11.370000000000118,0.0064374219702150026,246.23000000000002,0.5100000000000051,-3.339999999999918,0.0,-1.6699999999998454,3.339999999999918,1.9999988023960629,-5.009999999999991,-13.339999999999918,-9.174999999999727,0.0,0.0,0.0,7.173110477305323,3.261902435818989,6.938143123343426,5.2952577840932875
2025-04-05 13:55:13,1770.25,1760.55,123.37,122.86,1765.4,3530.8,9.700000000000045,0.005494505491393191,246.23000000000002,0.5100000000000051,-1.6700000000000728,0.0,-0.8350000000000364,1.6700000000000728,1.9999976047932877,1.6699999999998454,0.0,0.834999999999809,0.0,0.0,0.0,7.169719338952526,2.8028766474464826,8.121991750795956,4.841288051748284
2025-04-05 13:55:14,1775.26,1752.21,123.37,122.86,1763.7350000000001,3527.4700000000003,23.049999999999955,0.013068856708593465,246.23000000000002,0.5100000000000051,5.009999999999991,-8.339999999999918,-1.6649999999999636,13.349999999999909,8.018013202394593,6.680000000000064,-8.339999999999918,-0.8299999999999272,0.0,0.0,0.0,7.162957368464617,2.8519006821417237,7.328183267358835,4.665715915055331
2025-04-05 13:55:15,1775.26,1762.22,123.37,122.86,1768.74,3537.48,13.039999999999964,0.0073724798402407836,246.23000000000002,0.5100000000000051,0.0,10.009999999999991,5.004999999999882,10.009999999999991,1.9999996003997256,-5.009999999999991,18.34999999999991,6.669999999999845,0.0,0.0,0.0,7.183283892363709,1.991860311568644,5.197011641318379,4.293083973089817
2025-04-05 13:55:16,1773.59,1531.35,123.37,120.98,1652.4699999999998,3304.9399999999996,242.24,0.14659267632901496,244.35000000000002,2.3900000000000006,-1.6700000000000728,-230.87000000000012,-116.27000000000021,229.20000000000005,1.97127374239895,-1.6700000000000728,-240.8800000000001,-121.27500000000009,0.0,-1.8799999999999955,1.8799999999999955,6.762717385869786,50.81656882849124,102.07455192162246,52.165538025597044
2025-04-05 13:55:17,1547.51,1361.67,121.7,118.9,1454.5900000000001,2909.1800000000003,185.83999999999992,0.12776108722886778,240.60000000000002,2.799999999999997,-226.07999999999993,-169.67999999999984,-197.87999999999965,56.40000000000009,0.2850212235444662,-224.40999999999985,61.19000000000028,-81.60999999999945,-1.6700000000000017,-2.0799999999999983,0.4099999999999966,6.045677447856702,135.7775717672131,110.7944063569998,91.21294531205524
2025-04-05 13:55:18,1446.78,998.37,119.85,116.5,1222.575,2445.15,448.40999999999997,0.36677504417579687,236.35,3.3499999999999943,-100.73000000000002,-363.30000000000007,-232.0150000000001,262.57000000000005,1.131694066626321,125.34999999999991,-193.62000000000023,-34.135000000000446,-1.8500000000000085,-2.4000000000000057,0.5499999999999972,5.172731097217131,233.35938326431312,179.18506084492648,109.08963476196989
2025-04-05 13:55:19,1212.27,654.98,117.71,113.96,933.625,1867.25,557.29,0.5969098935901354,231.67,3.75,-234.51,-343.39,-288.95000000000005,108.88,0.3768125960311036,-133.77999999999997,19.910000000000082,-56.934999999999945,-2.1400000000000006,-2.5400000000000063,0.4000000000000057,4.029977968532922,335.9578946274375,215.85458908719085,114.24403445038165
2025-04-05 13:55:20,886.53,329.26,115.29,111.41,607.895,1215.79,557.27,0.9167208137643494,226.7,3.8800000000000097,-325.74,-325.72,-325.73,0.01999999999998181,6.140054627630634e-05,-91.23000000000002,17.66999999999996,-36.77999999999997,-2.4199999999999875,-2.549999999999997,0.13000000000000966,2.6814953564998,414.8127783922528,175.0387298571376,81.52619229425596
2025-04-05 13:55:21,566.9,59.4,112.83,108.93,313.15,626.3,507.5,1.620629086314453,221.76,3.8999999999999915,-319.63,-269.86,-294.745,49.76999999999998,0.1688578256837,6.110000000000014,55.860000000000014,30.985000000000014,-2.460000000000008,-2.4799999999999898,0.01999999999998181,1.4121121869944435,458.87659000814176,154.9994495796679,51.71700051723819
2025-04-05 13:55:22,264.26,51.65,110.31,108.93,157.95499999999998,315.90999999999997,212.60999999999999,1.3460162619352585,219.24,1.3799999999999955,-302.64,-7.75,-155.195,294.89,1.9001256361343752,16.99000000000001,262.11,139.55,-2.519999999999996,0.0,2.519999999999996,0.7204661525247849,437.4901424032319,143.5809265884574,67.32520707357688
2025-04-05 13:55:23,33.8,45.45,107.8,108.93,39.625,79.25,11.650000000000006,0.29400630172854775,216.73000000000002,1.1300000000000097,-230.45999999999998,-6.199999999999996,-118.32999999999998,224.26,1.8952082997109079,72.18,1.5500000000000043,36.86500000000001,-2.510000000000005,0.0,2.510000000000005,0.18283117158293188,361.74189842344794,246.08813112379067,93.11295136821735
2025-04-05 13:55:24,29.16,39.25,107.8,108.93,34.205,68.41,10.09,0.2949861045172898,216.73000000000002,1.1300000000000097,-4.639999999999997,-6.200000000000003,-5.420000000000002,1.5600000000000058,0.287822825124941,225.82,-7.105427357601002e-15,112.90999999999998,0.0,0.0,0.0,0.1578230971354999,239.5233581615791,262.6804573621723,131.6246880053283
2025-04-05 13:55:25,22.96,39.25,107.8,108.93,31.105,62.21,16.29,0.5237099976302846,216.73000000000002,1.1300000000000097,-6.199999999999999,0.0,-3.099999999999998,6.199999999999999,1.9999993548389188,-1.5600000000000023,6.200000000000003,2.320000000000004,0.0,0.0,0.0,0.14351958592017908,122.83722143552448,216.97171755784217,120.89637869886762
2025-04-05 13:55:26,22.96,39.25,107.8,108.93,31.105,62.21,16.29,0.5237099976302846,216.73000000000002,1.1300000000000097,0.0,0.0,0.0,0.0,0.0,6.199999999999999,0.0,3.099999999999998,0.0,0.0,0.0,0.14351958592017908,55.53902843946829,89.05187521888604,74.52614796163836
2025-04-05 13:55:27,21.41,37.7,107.8,108.93,29.555,59.11,16.290000000000003,0.5511757553315597,216.73000000000002,1.1300000000000097,-1.5500000000000007,-1.5499999999999972,-1.5500000000000007,3.552713678800501e-15,2.2920718624055724e-15,-1.5500000000000007,-1.5499999999999972,-1.5500000000000007,0.0,0.0,0.0,0.13636783031251865,4.010047381274105,3.019456904818654,51.8316163166847
2025-04-05 13:55:28,19.87,37.7,107.8,108.93,28.785000000000004,57.57000000000001,17.830000000000002,0.6194198152016739,216.73000000000002,1.1300000000000097,-1.5399999999999991,0.0,-0.769999999999996,1.5399999999999991,1.999997402600785,0.010000000000001563,1.5499999999999972,0.7800000000000047,0.0,0.0,0.0,0.132815022688068,2.0782396397102323,3.019456904818623,2.1494580712397373
2025-04-05 13:55:29,19.87,39.25,107.8,108.93,29.560000000000002,59.120000000000005,19.38,0.6556156747085359,216.73000000000002,1.1300000000000097,0.0,1.5499999999999972,0.7749999999999986,1.5499999999999972,1.9999974193581684,1.5399999999999991,1.5499999999999972,1.5449999999999946,0.0,0.0,0.0,0.13639090049189823,1.037723469939248,1.381332689852996,1.4908739048013786
2025-04-05 13:55:30,22.96,40.8,107.8,108.93,31.88,63.76,17.839999999999996,0.5595984768005495,216.73000000000002,1.1300000000000097,3.09,1.5499999999999972,2.3199999999999967,1.5400000000000027,0.6637928173306843,3.09,0.0,1.5449999999999982,0.0,0.0,0.0,0.14709546372400928,1.2714784701530655,1.2926445760751306,1.4881448182276367
