time,force_left,force_right,dis_left,dis_right,force_avg,force_sum,force_diff,force_diff_ratio,total_delta_dis,dis_diff,left_force_rate,right_force_rate,force_rate,force_rate_diff,force_rate_ratio,left_force_acc,right_force_acc,force_acc,left_dis_rate,right_dis_rate,dis_rate_diff,stiffness_ratio,force_std_5s,force_diff_std_5s,force_rate_std_5s
2024-05-22 10:30:56,295.5,291.53,-0.15,0.19,293.515,587.03,3.9700000000000273,0.013525714142290217,0.04000000000000001,0.33999999999999997,0.0,0.0,0.0,0.0,0.0,0.0,0.0,0.0,0.0,0.0,0.0,7337.691557711055,0.0,0.0,0.0
2024-05-22 10:30:57,302.11,299.46,0.16,0.47,300.78499999999997,601.5699999999999,2.650000000000034,0.008810279738649715,0.63,0.30999999999999994,6.610000000000014,7.930000000000007,7.269999999999982,1.3199999999999932,0.1815680630580376,6.610000000000014,7.930000000000007,7.269999999999982,0.31,0.27999999999999997,0.030000000000000027,477.4357501019839,0.0,0.0,0.0
2024-05-22 10:30:58,300.79,296.82,0.16,0.47,298.805,597.61,3.9700000000000273,0.01328625687894704,0.63,0.30999999999999994,-1.3199999999999932,-2.6399999999999864,-1.9799999999999613,1.3199999999999932,0.6666663299665097,-7.930000000000007,-10.569999999999993,-9.249999999999943,0.0,0.0,0.0,474.292897947781,0.0,0.0,0.0
2024-05-22 10:30:59,304.75,302.11,0.36,0.58,303.43,606.86,2.6399999999999864,0.008700523980158397,0.94,0.21999999999999997,3.9599999999999795,5.2900000000000205,4.625,1.330000000000041,0.2875675053908185,5.279999999999973,7.930000000000007,6.604999999999961,0.19999999999999998,0.10999999999999999,0.09,322.797528938799,0.0,0.0,0.0
2024-05-22 10:31:00,300.79,298.14,0.36,0.58,299.46500000000003,598.9300000000001,2.650000000000034,0.008849114224202894,0.94,0.21999999999999997,-3.9599999999999795,-3.9700000000000273,-3.964999999999975,0.010000000000047748,0.0025220674597680585,-7.919999999999959,-9.260000000000048,-8.589999999999975,0.0,0.0,0.0,318.5794483197359,3.6383581461972754,0.7248310147889695,4.658450654455816
2024-05-22 10:31:01,306.08,323.26,0.55,0.78,314.66999999999996,629.3399999999999,17.180000000000007,0.05459687909684155,1.33,0.22999999999999998,5.289999999999964,25.120000000000005,15.204999999999927,19.83000000000004,1.3041761720370908,9.249999999999943,29.090000000000032,19.169999999999902,0.19000000000000006,0.20000000000000007,0.010000000000000009,236.5938070723255,6.527738314301513,6.377348194978844,7.674150930233218
2024-05-22 10:31:02,304.75,302.11,0.55,0.78,303.43,606.86,2.6399999999999864,0.008700523980158397,1.33,0.22999999999999998,-1.329999999999984,-21.149999999999977,-11.239999999999952,19.819999999999993,1.7633450388483132,-6.619999999999948,-46.26999999999998,-26.44499999999988,0.0,0.0,0.0,228.1426856070033,6.364843870826679,6.378591537322326,9.964470256867601
2024-05-22 10:31:03,306.08,325.91,0.69,0.78,315.995,631.99,19.83000000000004,0.06275415730390001,1.47,0.09000000000000008,1.329999999999984,23.80000000000001,12.564999999999998,22.470000000000027,1.7883006933306278,2.659999999999968,44.94999999999999,23.80499999999995,0.1399999999999999,0.0,0.1399999999999999,214.96243880106206,7.43661431701283,8.738167428013739,11.106546267854787
2024-05-22 10:31:04,306.08,304.75,0.69,0.92,305.41499999999996,610.8299999999999,1.329999999999984,0.004354730434475235,1.6099999999999999,0.2300000000000001,0.0,-21.160000000000025,-10.580000000000041,21.160000000000025,1.9999998109640957,-1.329999999999984,-44.960000000000036,-23.14500000000004,0.0,0.14,0.14,189.69863993873295,7.221705996508046,8.992037032841905,12.671606350419797
2024-05-22 10:31:05,310.04,302.11,0.83,0.92,306.07500000000005,612.1500000000001,7.930000000000007,0.025908682427807965,1.75,0.09000000000000008,3.9600000000000364,-2.6399999999999864,0.6600000000000819,6.600000000000023,9.9999848485066,3.9600000000000364,18.52000000000004,11.240000000000123,0.14,0.0,0.14,174.8999000572,5.775881534450001,8.389980333707603,12.440281648740893
2024-05-22 10:31:06,308.72,302.11,0.83,1.03,305.415,610.83,6.610000000000014,0.02164268283600128,1.8599999999999999,0.20000000000000007,-1.3199999999999932,0.0,-0.660000000000025,1.3199999999999932,1.9999969697014748,-5.28000000000003,2.6399999999999864,-1.3200000000001069,0.0,0.10999999999999999,0.10999999999999999,164.20152462283625,4.9794884275395725,7.323818676073318,9.745427389293917
2024-05-22 10:31:07,294.17,302.11,0.92,1.03,298.14,596.28,7.939999999999998,0.026631783636439976,1.9500000000000002,0.10999999999999999,-14.550000000000011,0.0,-7.275000000000034,14.550000000000011,1.9999997250859405,-13.230000000000018,0.0,-6.615000000000009,0.09000000000000008,0.0,0.09000000000000008,152.89222928603624,6.366972985650299,6.777323955662757,8.916496369090293
2024-05-22 10:31:08,310.04,307.4,0.92,1.2,308.72,617.44,2.640000000000043,0.008551438168724427,2.12,0.2799999999999999,15.870000000000005,5.289999999999964,10.580000000000041,10.580000000000041,0.9999999054820506,30.420000000000016,5.289999999999964,17.855000000000075,0.0,0.16999999999999993,0.16999999999999993,145.62257281954112,3.9399565352933483,3.0999435478730883,8.171360045916508
2024-05-22 10:31:09,287.56,306.08,1.0,1.2,296.82,593.64,18.519999999999982,0.06239471712689598,2.2,0.19999999999999996,-22.480000000000018,-1.3199999999999932,-11.900000000000034,21.160000000000025,1.7781511110797357,-38.35000000000002,-6.609999999999957,-22.480000000000075,0.07999999999999996,0.0,0.07999999999999996,134.9181204917634,5.2395722630765444,5.888350363217169,8.552315768258362
2024-05-22 10:31:10,307.4,308.72,1.0,1.31,308.06,616.12,1.32000000000005,0.004284879555006072,2.31,0.31000000000000005,19.839999999999975,2.640000000000043,11.240000000000009,17.199999999999932,1.5302489741771303,42.31999999999999,3.9600000000000364,23.140000000000043,0.0,0.1100000000000001,0.1100000000000001,133.35924962803045,5.591006617774742,6.7859030349688645,10.397802412048453
2024-05-22 10:31:11,340.44,307.4,1.08,1.31,323.91999999999996,647.8399999999999,33.04000000000002,0.10200049363422922,2.39,0.22999999999999998,33.04000000000002,-1.32000000000005,15.859999999999957,34.36000000000007,2.1664563577265956,13.200000000000045,-3.9600000000000932,4.619999999999948,0.08000000000000007,0.0,0.08000000000000007,135.53132404547108,10.867535139119635,13.237761140011541,12.408285739778899
2024-05-22 10:31:12,310.04,308.72,1.11,1.39,309.38,618.76,1.3199999999999932,0.0042665976977613145,2.5,0.2799999999999998,-30.399999999999977,1.32000000000005,-14.539999999999964,31.720000000000027,2.1815679379939596,-63.44,2.6400000000001,-30.39999999999992,0.030000000000000027,0.07999999999999985,0.04999999999999982,123.75195049921979,9.635133626473456,14.132668537823978,14.296570218062788
2024-05-22 10:31:13,307.4,306.08,1.11,1.39,306.74,613.48,1.3199999999999932,0.004303318757568867,2.5,0.2799999999999998,-2.640000000000043,-2.640000000000043,-2.6399999999999864,0.0,0.0,27.759999999999934,-3.9600000000000932,11.899999999999977,0.0,0.0,0.0,122.69595092161963,9.70944282644476,14.347169755739282,13.574648430069916
2024-05-22 10:31:14,311.36,307.4,1.25,1.53,309.38,618.76,3.9600000000000364,0.012799793093284127,2.7800000000000002,0.28,3.9600000000000364,1.3199999999999932,2.6399999999999864,2.640000000000043,0.9999996212122861,6.60000000000008,3.9600000000000364,5.279999999999973,0.1399999999999999,0.14000000000000012,2.220446049250313e-16,111.28772975261518,7.030937348604314,13.937414394355937,11.954886866884163
2024-05-22 10:31:15,311.36,306.08,1.25,1.53,308.72,617.44,5.28000000000003,0.01710287633744867,2.7800000000000002,0.28,0.0,-1.3199999999999932,-0.6599999999999682,1.3199999999999932,1.999996969701647,-3.9600000000000364,-2.6399999999999864,-3.2999999999999545,0.0,0.0,0.0,111.05031976607202,6.95609948174974,13.556595442809384,10.922898882622661
2024-05-22 10:31:16,314.01,310.04,1.37,1.65,312.025,624.05,3.9699999999999704,0.012723339435226765,3.02,0.2799999999999998,2.6499999999999773,3.9600000000000364,3.30499999999995,1.3100000000000591,0.3963690177401093,2.6499999999999773,5.28000000000003,3.964999999999918,0.1200000000000001,0.11999999999999988,2.220446049250313e-16,103.31950221208535,1.8917861929932362,1.77208916254235,7.21822727544649
2024-05-22 10:31:17,310.04,310.04,1.37,1.65,310.04,620.08,0.0,0.0,3.02,0.2799999999999998,-3.9699999999999704,0.0,-1.9849999999999568,3.9699999999999704,1.9999989924438613,-6.619999999999948,-3.9600000000000364,-5.289999999999907,0.0,0.0,0.0,102.66221766151733,1.925929645651632,2.170202755504666,2.6995800599352227
2024-05-22 10:31:18,315.33,311.36,1.48,1.7,313.345,626.69,3.9699999999999704,0.012669740979847226,3.1799999999999997,0.21999999999999997,5.289999999999964,1.3199999999999932,3.305000000000007,3.9699999999999704,1.2012099239909344,9.259999999999934,1.3199999999999932,5.289999999999964,0.10999999999999988,0.050000000000000044,0.05999999999999983,98.5361325358074,1.926786833046036,2.00320493210256,2.4731695251235566
2024-05-22 10:31:19,310.04,310.04,1.48,1.7,310.04,620.08,0.0,0.0,3.1799999999999997,0.21999999999999997,-5.289999999999964,-1.3199999999999932,-3.305000000000007,3.9699999999999704,1.2012099239909344,-10.579999999999927,-2.6399999999999864,-6.610000000000014,0.0,0.0,0.0,97.49682468653313,1.833948608876357,2.4721711105827606,3.043755082131267
2024-05-22 10:31:20,315.33,312.69,1.53,1.81,314.01,628.02,2.6399999999999864,0.008407375534513586,3.34,0.28,5.289999999999964,2.6499999999999773,3.9699999999999704,2.6399999999999864,0.6649872380384806,10.579999999999927,3.9699999999999704,7.274999999999977,0.050000000000000044,0.1100000000000001,0.06000000000000005,94.01494191169404,1.8353902854704405,2.0064969474185457,3.4232068298599616
2024-05-22 10:31:21,314.01,311.36,1.53,1.81,312.685,625.37,2.6499999999999773,0.008474982783072403,3.34,0.28,-1.3199999999999932,-1.329999999999984,-1.3249999999999886,0.009999999999990905,0.007547164115341038,-6.609999999999957,-3.9799999999999613,-5.294999999999959,0.0,0.0,0.0,93.61823544364208,1.8707398269131996,1.775069012742872,3.2869316999292733
2024-05-22 10:31:22,316.65,314.01,1.56,1.9,315.33,630.66,2.6399999999999864,0.00837218149756701,3.46,0.33999999999999986,2.6399999999999864,2.6499999999999773,2.644999999999982,0.009999999999990905,0.0037807169070979457,3.9599999999999795,3.9799999999999613,3.9699999999999704,0.030000000000000027,0.08999999999999986,0.05999999999999983,91.135811810459,1.9618377863622984,1.4491894286117224,3.1922476407697418
2024-05-22 10:31:23,316.65,311.36,1.56,1.9,314.005,628.01,5.289999999999964,0.016846865442120662,3.46,0.33999999999999986,0.0,-2.6499999999999773,-1.3249999999999886,2.6499999999999773,1.999998490567177,-2.6399999999999864,-5.2999999999999545,-3.9699999999999704,0.0,0.0,0.0,90.75286394425898,2.005671333992407,1.8703021146328078,3.045655922785755
2024-05-22 10:31:24,316.65,314.01,1.65,1.95,315.33,630.66,2.6399999999999864,0.00837218149756701,3.5999999999999996,0.30000000000000004,0.0,2.6499999999999773,1.3249999999999886,2.6499999999999773,1.999998490567177,0.0,5.2999999999999545,2.6499999999999773,0.08999999999999986,0.050000000000000044,0.039999999999999813,87.59164233565491,1.1064842972218762,1.184005912147393,2.3678566257271463
2024-05-22 10:31:25,314.01,312.69,1.65,1.95,313.35,626.7,1.3199999999999932,0.0042125418726263,3.5999999999999996,0.30000000000000004,-2.6399999999999864,-1.3199999999999932,-1.9799999999999613,1.3199999999999932,0.6666663299665097,-2.6399999999999864,-3.9699999999999704,-3.30499999999995,0.0,0.0,0.0,87.04164248843266,1.1823229254305327,1.4496447840764197,2.0060022432689224
2024-05-22 10:31:26,317.97,315.33,1.7,2.04,316.65,633.3,2.640000000000043,0.00833728088319205,3.74,0.3400000000000001,3.9600000000000364,2.6399999999999864,3.2999999999999545,1.32000000000005,0.3999998787879362,6.600000000000023,3.9599999999999795,5.279999999999916,0.050000000000000044,0.09000000000000008,0.040000000000000036,84.6657527631677,1.2874762133718745,1.4500965485097743,2.3544335836884187
2024-05-22 10:31:27,316.65,312.69,1.7,2.04,314.66999999999996,629.3399999999999,3.9599999999999795,0.012584612411146178,3.74,0.3400000000000001,-1.32000000000005,-2.6399999999999864,-1.9800000000000182,1.3199999999999363,0.6666663299664618,-5.280000000000086,-5.279999999999973,-5.279999999999973,0.0,0.0,0.0,84.13634114001572,1.2703168895981902,1.5085423427931857,2.3534511892112655
2024-05-22 10:31:28,314.01,315.33,1.7,2.1,314.66999999999996,629.3399999999999,1.3199999999999932,0.004194870803715393,3.8,0.40000000000000013,-2.6399999999999864,2.6399999999999864,0.0,5.279999999999973,5279999.999999973,-1.3199999999999363,5.279999999999973,1.9800000000000182,0.0,0.06000000000000005,0.06000000000000005,82.80787294529658,1.1989495402219357,1.1043912350249772,2.2582061464799734
2024-05-22 10:31:29,315.33,314.01,1.81,2.1,314.66999999999996,629.3399999999999,1.3199999999999932,0.004194870803715393,3.91,0.29000000000000004,1.3199999999999932,-1.3199999999999932,0.0,2.6399999999999864,2639999.9999999865,3.9599999999999795,-3.9599999999999795,0.0,0.1100000000000001,0.0,0.1100000000000001,80.47824028689504,1.180643892119221,1.180643892119889,2.1589163948610737
2024-05-22 10:31:30,315.33,315.33,1.81,2.18,315.33,630.66,0.0,0.0,3.99,0.3700000000000001,0.0,1.3199999999999932,0.660000000000025,1.3199999999999932,1.9999969697014748,-1.3199999999999932,2.6399999999999864,0.660000000000025,0.0,0.08000000000000007,0.08000000000000007,79.03005538093849,0.8605347174858043,1.5050315611308613,1.901441558397205
2024-05-22 10:31:31,325.91,311.36,1.81,2.18,318.635,637.27,14.550000000000011,0.04566353336681933,3.99,0.3700000000000001,10.580000000000041,-3.9699999999999704,3.305000000000007,14.550000000000011,4.402419242838348,10.580000000000041,-5.289999999999964,2.644999999999982,0.0,0.0,0.0,79.85837597534436,1.723274499317608,5.945679103348925,1.9033509923290732
2024-05-22 10:31:32,320.62,315.33,1.9,2.26,317.975,635.95,5.2900000000000205,0.016636527976612917,4.16,0.3599999999999999,-5.2900000000000205,3.9699999999999704,-0.6599999999999682,9.259999999999991,14.030281772301008,-15.870000000000061,7.939999999999941,-3.964999999999975,0.08999999999999986,0.07999999999999963,0.010000000000000231,76.43627970281737,1.9041316918738185,5.960312911248879,1.5499693545357667
2024-05-22 10:31:33,319.3,315.33,1.9,2.26,317.315,634.63,3.9700000000000273,0.012511226974737407,4.16,0.3599999999999999,-1.3199999999999932,0.0,-0.660000000000025,1.3199999999999932,1.9999969697014748,3.9700000000000273,-3.9699999999999704,-5.684341886080802e-14,0.0,0.0,0.0,76.27762589480146,1.7109755988903146,5.720282335689389,1.645495366143594
2024-05-22 10:31:34,317.97,316.65,1.9,2.35,317.31,634.62,1.32000000000005,0.004159969732564622,4.25,0.4500000000000002,-1.329999999999984,1.3199999999999932,-0.0049999999999954525,2.6499999999999773,529.8940211962381,-0.009999999999990905,1.3199999999999932,0.6550000000000296,0.0,0.0900000000000003,0.0900000000000003,74.66115890325673,1.2367528047260803,5.7202823356893795,1.645898690685438
2024-05-22 10:31:35,317.97,315.33,1.9,2.35,316.65,633.3,2.640000000000043,0.00833728088319205,4.25,0.4500000000000002,0.0,-1.3199999999999932,-0.660000000000025,1.3199999999999932,1.9999969697014748,1.329999999999984,-2.6399999999999864,-0.6550000000000296,0.0,0.0,0.0,74.50586482214945,0.7544915506470017,5.242254286087223,1.7234681604253823
2024-05-22 10:31:36,317.97,290.21,1.9,2.43,304.09000000000003,608.1800000000001,27.760000000000048,0.09128876289490376,4.33,0.5300000000000002,0.0,-25.120000000000005,-12.559999999999945,25.120000000000005,1.999999840764353,0.0,-23.80000000000001,-11.89999999999992,0.0,0.08000000000000007,0.08000000000000007,70.22862119431382,5.931808956802202,11.036332271185028,5.402523021700116
2024-05-22 10:31:37,315.33,315.33,1.9,2.43,315.33,630.66,0.0,0.0,4.33,0.5300000000000002,-2.640000000000043,25.120000000000005,11.239999999999952,27.760000000000048,2.469750669951023,-2.640000000000043,50.24000000000001,23.799999999999898,0.0,0.0,0.0,72.8244635509322,5.675566491549458,11.622556517393246,8.419667748789108
2024-05-22 10:31:38,316.65,329.87,1.9,2.43,323.26,646.52,13.220000000000027,0.040895873164338785,4.33,0.5300000000000002,1.3199999999999932,14.54000000000002,7.930000000000007,13.220000000000027,1.6670868011239868,3.9600000000000364,-10.579999999999984,-3.3099999999999454,0.0,0.0,0.0,74.65587190395567,6.980065902267568,11.727929058448476,9.224195357861817
2024-05-22 10:31:39,315.33,316.65,1.9,2.52,315.99,631.98,1.3199999999999932,0.0041773473711910055,4.42,0.6200000000000001,-1.3199999999999932,-13.220000000000027,-7.269999999999982,11.900000000000034,1.6368635987808067,-2.6399999999999864,-27.760000000000048,-15.199999999999989,0.0,0.08999999999999986,0.08999999999999986,71.49093405182488,6.910982564006257,11.727929058448487,9.998951445026593
2024-05-22 10:31:40,316.65,323.26,1.9,2.52,319.955,639.91,6.610000000000014,0.02065915512913022,4.42,0.6200000000000001,1.3199999999999932,6.610000000000014,3.964999999999975,5.2900000000000205,1.3341736862109375,2.6399999999999864,19.83000000000004,11.234999999999957,0.0,0.0,0.0,72.38799267239985,7.250320682562817,11.317937974737292,10.165697467463772
2024-05-22 10:31:41,315.33,316.65,1.9,2.57,315.99,631.98,1.3199999999999932,0.0041773473711910055,4.47,0.6699999999999999,-1.3199999999999932,-6.610000000000014,-3.964999999999975,5.2900000000000205,1.3341736862109375,-2.6399999999999864,-13.220000000000027,-7.92999999999995,0.0,0.04999999999999982,0.04999999999999982,70.69125935318583,3.4148059974173037,5.499207215590277,7.829365395739279
2024-05-22 10:31:42,320.62,315.33,1.95,2.57,317.975,635.95,5.2900000000000205,0.016636527976612917,4.52,0.6199999999999999,5.2900000000000205,-1.3199999999999932,1.9850000000000136,6.610000000000014,3.329973133514778,6.610000000000014,5.2900000000000205,5.949999999999989,0.050000000000000044,0.0,0.050000000000000044,70.34843576362042,3.0643380198661014,4.894023906766307,6.118032159117824
2024-05-22 10:31:43,319.3,316.65,1.95,2.66,317.975,635.95,2.650000000000034,0.008333988494900685,4.61,0.7100000000000002,-1.3199999999999932,1.3199999999999932,0.0,2.6399999999999864,2639999.9999999865,-6.610000000000014,2.6399999999999864,-1.9850000000000136,0.0,0.0900000000000003,0.0900000000000003,68.97503926788735,1.6589778479526396,2.4023051429824753,4.545583845888216
2024-05-22 10:31:44,319.3,315.33,1.95,2.66,317.315,634.63,3.9700000000000273,0.012511226974737407,4.61,0.7100000000000002,0.0,-1.3199999999999932,-0.660000000000025,1.3199999999999932,1.9999969697014748,1.3199999999999932,-2.6399999999999864,-0.660000000000025,0.0,0.0,0.0,68.83187227074353,1.4324611687572648,2.090267925410527,2.977715147558605
2024-05-22 10:31:45,319.3,317.97,1.95,2.71,318.635,637.27,1.329999999999984,0.004174054940059721,4.66,0.76,0.0,2.640000000000043,1.3199999999999932,2.640000000000043,1.999998484849676,0.0,3.9600000000000364,1.9800000000000182,0.0,0.04999999999999982,0.04999999999999982,68.37659476897107,1.0029182419308083,1.72337459654019,2.317917707771354
2024-05-22 10:31:46,315.33,316.65,1.95,2.71,315.99,631.98,1.3199999999999932,0.0041773473711910055,4.66,0.76,-3.9700000000000273,-1.32000000000005,-2.644999999999982,2.6499999999999773,1.0018899803818582,-3.9700000000000273,-3.9600000000000932,-3.964999999999975,0.0,0.0,0.0,67.80899832424929,1.0029182419308083,1.72337459654019,1.810680120838585
2024-05-22 10:31:47,315.33,315.33,1.95,2.77,315.33,630.66,0.0,0.0,4.72,0.8200000000000001,0.0,-1.3199999999999932,-0.660000000000025,1.3199999999999932,1.9999969697014748,3.9700000000000273,5.684341886080802e-14,1.9849999999999568,0.0,0.06000000000000005,0.06000000000000005,66.807189235765,1.371137301657939,1.5089831012970487,1.4326915229734616
2024-05-22 10:31:48,319.3,316.65,1.95,2.77,317.975,635.95,2.650000000000034,0.008333988494900685,4.72,0.8200000000000001,3.9700000000000273,1.3199999999999932,2.6450000000000387,2.650000000000034,1.0018899803818582,3.9700000000000273,2.6399999999999864,3.3050000000000637,0.0,0.0,0.0,67.36757047297236,1.371137301657939,1.5089831012970487,2.0375015337417732
2024-05-22 10:31:49,319.3,320.62,1.95,2.83,319.96000000000004,639.9200000000001,1.3199999999999932,0.004125515676567312,4.78,0.8800000000000001,0.0,3.9700000000000273,1.9850000000000136,3.9700000000000273,1.9999989924438326,-3.9700000000000273,2.650000000000034,-0.660000000000025,0.0,0.06000000000000005,0.06000000000000005,66.9372244901204,1.9055202701618443,0.936925824171814,2.1628147169834206
2024-05-22 10:31:50,316.65,319.3,1.95,2.83,317.975,635.95,2.650000000000034,0.008333988494900685,4.78,0.8800000000000001,-2.650000000000034,-1.3199999999999932,-1.9850000000000136,1.330000000000041,0.6700248513728869,-2.650000000000034,-5.2900000000000205,-3.9700000000000273,0.0,0.0,0.0,66.52195261047017,1.8355700749352315,1.1091753693623243,2.356956724252718
2024-05-22 10:31:51,315.33,319.3,1.95,2.83,317.315,634.63,3.9700000000000273,0.012511226974737407,4.78,0.8800000000000001,-1.3199999999999932,0.0,-0.660000000000025,1.3199999999999932,1.9999969697014748,1.330000000000041,1.3199999999999932,1.3249999999999886,0.0,0.0,0.0,66.38387732554867,1.6600730405610609,1.509857609180434,1.9619218893727997
2024-05-22 10:31:52,315.33,317.97,1.95,2.83,316.65,633.3,2.640000000000043,0.00833728088319205,4.78,0.8800000000000001,0.0,-1.329999999999984,-0.6650000000000205,1.329999999999984,1.99999699248564,1.3199999999999932,-1.329999999999984,-0.0049999999999954525,0.0,0.0,0.0,66.24475601574142,1.2380882440268806,0.9369258241718139,1.9625124203428965
2024-05-22 10:31:53,316.65,315.33,1.95,2.83,315.99,631.98,1.3199999999999932,0.0041773473711910055,4.78,0.8800000000000001,1.3199999999999932,-2.640000000000043,-0.6599999999999682,3.9600000000000364,5.999990909105027,1.3199999999999932,-1.3100000000000591,0.005000000000052296,0.0,0.0,0.0,66.10668073081993,1.5234524935151914,1.108580173014135,1.449640472669023
2024-05-22 10:31:54,317.97,320.62,1.95,2.88,319.295,638.59,2.6499999999999773,0.008299534886861498,4.83,0.9299999999999999,1.32000000000005,5.2900000000000205,3.305000000000007,3.9699999999999704,1.2012099239909344,5.684341886080802e-14,7.930000000000064,3.964999999999975,0.0,0.04999999999999982,0.04999999999999982,66.1066115721301,1.271745847250019,0.9369258241718139,2.005506793805513
2024-05-22 10:31:55,317.97,320.62,1.95,2.88,319.295,638.59,2.6499999999999773,0.008299534886861498,4.83,0.9299999999999999,0.0,0.0,0.0,0.0,0.0,-1.32000000000005,-5.2900000000000205,-3.305000000000007,0.0,0.0,0.0,66.1066115721301,1.5217153150302587,0.9369258241718139,1.7239467799210209
2024-05-22 10:31:56,317.97,317.97,1.95,2.88,317.97,635.94,0.0,0.0,4.83,0.9299999999999999,0.0,-2.6499999999999773,-1.3249999999999886,2.6499999999999773,1.999998490567177,0.0,-2.6499999999999773,-1.3249999999999886,0.0,0.0,0.0,65.83228450677339,1.5074440288108955,1.184005912147406,1.8351205682461404
2024-05-22 10:31:57,316.65,319.3,1.95,2.88,317.975,635.95,2.650000000000034,0.008333988494900685,4.83,0.9299999999999999,-1.32000000000005,1.329999999999984,0.0049999999999954525,2.650000000000034,529.8940211962495,-1.32000000000005,3.9799999999999613,1.329999999999984,0.0,0.0,0.0,65.83331970324645,1.35467246963891,1.1856770217896642,1.7862775540212184
2024-05-22 10:31:58,316.65,316.65,1.95,2.88,316.65,633.3,0.0,0.0,4.83,0.9299999999999999,0.0,-2.650000000000034,-1.3250000000000455,2.650000000000034,1.9999984905671342,1.32000000000005,-3.980000000000018,-1.330000000000041,0.0,0.0,0.0,65.55899263788972,1.1064842972214346,1.4514647773886917,1.8938835761471917
2024-05-22 10:31:59,320.62,317.97,2.04,2.88,319.295,638.59,2.6499999999999773,0.008299534886861498,4.92,0.8399999999999999,3.9700000000000273,1.32000000000005,2.6450000000000387,2.6499999999999773,1.0018899803818366,3.9700000000000273,3.970000000000084,3.970000000000084,0.09000000000000008,0.0,0.09000000000000008,64.89734453306005,1.1064842972214346,1.4514647773886917,1.6207482839725955
2024-05-22 10:32:00,320.62,315.33,2.04,2.88,317.975,635.95,5.2900000000000205,0.016636527976612917,4.92,0.8399999999999999,0.0,-2.640000000000043,-1.3199999999999932,2.640000000000043,1.999998484849676,-3.9700000000000273,-3.9600000000000932,-3.965000000000032,0.0,0.0,0.0,64.62905190466425,0.9351510573151359,2.2135649979162677,1.724907243883018
2024-05-22 10:32:01,320.62,317.97,2.04,2.88,319.295,638.59,2.6499999999999773,0.008299534886861498,4.92,0.8399999999999999,0.0,2.640000000000043,1.3199999999999932,2.640000000000043,1.999998484849676,0.0,5.280000000000086,2.6399999999999864,0.0,0.0,0.0,64.89734453306005,1.106184885088215,1.8702994412660334,1.7237567983912676
2024-05-22 10:32:02,317.97,315.33,2.04,2.88,316.65,633.3,2.640000000000043,0.00833728088319205,4.92,0.8399999999999999,-2.6499999999999773,-2.640000000000043,-2.6450000000000387,0.009999999999934062,0.0037807169070763736,-2.6499999999999773,-5.280000000000086,-3.965000000000032,0.0,0.0,0.0,64.3597430163124,1.3225004725888094,1.8703021146328305,2.172633770335018
2024-05-22 10:32:03,320.62,319.3,2.04,2.97,319.96000000000004,639.9200000000001,1.3199999999999932,0.004125515676567312,5.01,0.9300000000000002,2.6499999999999773,3.9700000000000273,3.310000000000059,1.32000000000005,0.3987914203047148,5.2999999999999545,6.6100000000000705,5.955000000000098,0.0,0.0900000000000003,0.0900000000000003,63.86425870972881,1.3231260333005812,1.4491894286117466,2.561334125021609
2024-05-22 10:32:04,316.65,320.62,2.04,2.97,318.635,637.27,3.9700000000000273,0.012459397076719853,5.01,0.9300000000000002,-3.9700000000000273,1.3199999999999932,-1.3250000000000455,5.2900000000000205,3.9924498170188847,-6.6200000000000045,-2.650000000000034,-4.635000000000105,0.0,0.0,0.0,63.599787704633194,1.2727853314670554,1.5089831012970436,2.403405396515579
2024-05-22 10:32:05,320.62,320.62,2.04,3.05,320.62,641.24,0.0,0.0,5.09,1.0099999999999998,3.9700000000000273,0.0,1.9850000000000136,3.9700000000000273,1.9999989924438326,7.940000000000055,-1.3199999999999932,3.310000000000059,0.0,0.07999999999999963,0.07999999999999963,62.990164442010915,1.5234524935152478,1.5089831012970436,2.4490390972788147
2024-05-22 10:32:06,319.3,317.97,2.07,3.05,318.635,637.27,1.329999999999984,0.004174054940059721,5.119999999999999,0.98,-1.3199999999999932,-2.6499999999999773,-1.9850000000000136,1.329999999999984,0.6700248513728583,-5.2900000000000205,-2.6499999999999773,-3.9700000000000273,0.029999999999999805,0.0,0.029999999999999805,62.23338628254175,1.5235607962919622,1.5076703883807172,2.622073606899746
2024-05-22 10:32:07,320.62,370.83,2.07,3.92,345.725,691.45,50.20999999999998,0.14523103580813926,5.99,1.85,1.3199999999999932,52.85999999999996,27.090000000000032,51.539999999999964,1.9025469951071579,2.6399999999999864,55.509999999999934,29.075000000000045,0.0,0.8700000000000001,0.8700000000000001,57.717018745072,11.776374123642602,21.762275386549074,12.097408296821285
2024-05-22 10:32:08,332.51,386.68,2.99,4.87,359.595,719.19,54.170000000000016,0.15064169370919595,7.86,1.88,11.889999999999986,15.850000000000023,13.870000000000005,3.9600000000000364,0.28550827069154755,10.569999999999993,-37.009999999999934,-13.220000000000027,0.9200000000000004,0.9500000000000002,0.029999999999999805,45.74999417939006,18.937724784144507,27.690351749300692,12.466900476862746
2024-05-22 10:32:09,341.76,364.22,3.95,5.83,352.99,705.98,22.460000000000036,0.06362786463178043,9.780000000000001,1.88,9.25,-22.45999999999998,-6.605000000000018,31.70999999999998,4.800907675865589,-2.6399999999999864,-38.31,-20.475000000000023,0.96,0.96,0.0,36.093043344269596,18.81715659976294,25.865728870457144,13.617068976104973
2024-05-22 10:32:10,357.62,337.8,4.9,6.78,347.71000000000004,695.4200000000001,19.819999999999993,0.05700152409478723,11.68,1.88,15.860000000000014,-26.420000000000016,-5.279999999999973,42.28000000000003,8.007574240989774,6.610000000000014,-3.9600000000000364,1.3250000000000455,0.9500000000000002,0.9500000000000002,0.0,29.76968923204716,15.650984553695087,22.216423429526188,14.619473571233693
2024-05-22 10:32:11,389.32,353.66,5.86,7.74,371.49,742.98,35.65999999999997,0.09599181647960417,13.600000000000001,1.88,31.69999999999999,15.860000000000014,23.779999999999973,15.839999999999975,0.6661059433933578,15.839999999999975,42.28000000000003,29.059999999999945,0.96,0.96,0.0,27.315439167982415,10.4281341811468,15.622388741802574,15.846984097928543
2024-05-22 10:32:12,395.92,391.96,6.78,8.66,393.94,787.88,3.9600000000000364,0.010052292201725502,15.440000000000001,1.88,6.600000000000023,38.299999999999955,22.44999999999999,31.699999999999932,1.4120266631613934,-25.099999999999966,22.43999999999994,-1.329999999999984,0.9199999999999999,0.9199999999999999,0.0,25.51424705218607,18.384346602476842,18.814762289223843,14.734610446157026
2024-05-22 10:32:13,384.04,414.4,7.74,9.62,399.22,798.44,30.359999999999957,0.07604829398314629,17.36,1.879999999999999,-11.879999999999995,22.439999999999998,5.28000000000003,34.31999999999999,6.499998768939589,-18.480000000000018,-15.859999999999957,-17.16999999999996,0.96,0.9599999999999991,8.881784197001252e-16,22.99654245411622,23.282030624496688,12.102368363258462,14.61887136546456
2024-05-22 10:32:14,381.39,414.4,8.66,10.54,397.895,795.79,33.00999999999999,0.08296158513436562,19.2,1.879999999999999,-2.650000000000034,0.0,-1.3250000000000455,2.650000000000034,1.9999984905671342,9.229999999999961,-22.439999999999998,-6.605000000000075,0.9199999999999999,0.9199999999999999,0.0,20.723696837307454,22.2373234675399,12.991151604072646,13.450943461333846
2024-05-22 10:32:15,391.96,391.96,9.56,11.47,391.96,783.92,0.0,0.0,21.03,1.9100000000000001,10.569999999999993,-22.439999999999998,-5.935000000000002,33.00999999999999,5.561919871622596,13.220000000000027,-22.439999999999998,-4.609999999999957,0.9000000000000004,0.9300000000000015,0.030000000000001137,18.638135109931756,11.239058234567558,17.156040335695156,13.626597612757191
2024-05-22 10:32:16,413.08,389.32,10.49,12.42,401.2,802.4,23.75999999999999,0.059222332853384,22.91,1.9299999999999997,21.120000000000005,-2.6399999999999864,9.240000000000009,23.75999999999999,2.5714282931354626,10.550000000000011,19.80000000000001,15.175000000000011,0.9299999999999997,0.9499999999999993,0.019999999999999574,17.512002727542438,3.8082601014112285,15.265412539463169,10.928192096591282
2024-05-22 10:32:17,434.2,418.36,11.39,13.35,426.28,852.56,15.839999999999975,0.0371586749620937,24.740000000000002,1.959999999999999,21.120000000000005,29.04000000000002,25.079999999999984,7.920000000000016,0.315789461092925,0.0,31.680000000000007,15.839999999999975,0.9000000000000004,0.9299999999999997,0.02999999999999936,17.230395423185307,13.294226378394491,13.287858367697924,11.938039307189438
2024-05-22 10:32:18,435.52,455.3,12.28,14.28,445.40999999999997,890.8199999999999,19.78000000000003,0.04440852238519905,26.56,2.0,1.3199999999999932,36.94,19.129999999999995,35.620000000000005,1.8619967662312202,-19.80000000000001,7.899999999999977,-5.949999999999989,0.8899999999999988,0.9299999999999997,0.040000000000000924,16.76995418787823,22.560098182410453,12.136404739460525,13.13980146349252
2024-05-22 10:32:19,424.96,465.86,13.15,15.2,445.40999999999997,890.8199999999999,40.900000000000034,0.09182550887536096,28.35,2.049999999999999,-10.560000000000002,10.560000000000002,0.0,21.120000000000005,21120000.000000004,-11.879999999999995,-26.379999999999995,-19.129999999999995,0.870000000000001,0.9199999999999999,0.049999999999998934,15.711110556927315,24.745720236032724,14.733345852181722,12.88439055601777
2024-05-22 10:32:20,432.88,447.39,14.05,16.13,440.135,880.27,14.509999999999991,0.032967157728953235,30.18,2.0799999999999983,7.920000000000016,-18.470000000000027,-5.274999999999977,26.390000000000043,5.002842653489574,18.480000000000018,-29.03000000000003,-5.274999999999977,0.9000000000000004,0.9299999999999997,0.02999999999999936,14.583664195372293,18.753019623516643,10.6617643943205,12.688581481000929
2024-05-22 10:32:21,452.67,422.32,14.92,17.06,437.495,874.99,30.350000000000023,0.06937222123824913,31.979999999999997,2.139999999999999,19.79000000000002,-25.069999999999993,-2.6399999999999864,44.860000000000014,16.992417805902438,11.870000000000005,-6.599999999999966,2.634999999999991,0.8699999999999992,0.9299999999999997,0.0600000000000005,13.680268490298047,7.866277232592364,11.180403838860222,13.840999963875431
2024-05-22 10:32:22,480.36,459.26,15.79,17.98,469.81,939.62,21.100000000000023,0.04491177274874577,33.769999999999996,2.1900000000000013,27.689999999999998,36.94,32.315,9.25,0.2862447691089349,7.899999999999977,62.00999999999999,34.954999999999984,0.8699999999999992,0.9200000000000017,0.05000000000000249,13.912051705299035,12.85204293098971,10.409047506856725,16.3251276411549
2024-05-22 10:32:23,486.95,492.23,16.66,18.91,489.59000000000003,979.1800000000001,5.28000000000003,0.010784533975807298,35.57,2.25,6.589999999999975,32.97000000000003,19.78000000000003,26.380000000000052,1.3336703066900761,-21.100000000000023,-3.9699999999999704,-12.534999999999968,0.870000000000001,0.9299999999999997,0.05999999999999872,13.764126686417582,22.49497071569564,13.806566191490198,16.431131808247414
2024-05-22 10:32:24,469.81,513.31,17.5,19.81,491.55999999999995,983.1199999999999,43.49999999999994,0.08849377474063426,37.31,2.3099999999999987,-17.139999999999986,21.079999999999927,1.9699999999999136,38.219999999999914,19.401005380201124,-23.72999999999996,-11.8900000000001,-17.810000000000116,0.8399999999999999,0.8999999999999986,0.05999999999999872,13.175019748726353,26.006986705499056,14.69649175823942,16.188107131471558
2024-05-22 10:32:25,465.86,485.63,18.35,20.7,475.745,951.49,19.769999999999982,0.04155587543420132,39.05,2.349999999999998,-3.9499999999999886,-27.67999999999995,-15.81499999999994,23.72999999999996,1.5004741384461533,13.189999999999998,-48.75999999999988,-17.784999999999854,0.8500000000000014,0.8900000000000006,0.03999999999999915,12.182970238592313,21.782388815279305,14.118372781592049,18.992484895347413
2024-05-22 10:32:26,483.0,465.86,19.19,21.6,474.43,948.86,17.139999999999986,0.03612756352648952,40.790000000000006,2.41,17.139999999999986,-19.769999999999982,-1.3149999999999977,36.90999999999997,28.06841971983294,21.089999999999975,7.909999999999968,14.499999999999943,0.8399999999999999,0.9000000000000021,0.060000000000002274,11.631036733732858,9.725097428818149,13.86677756365909,18.83078018829809
2024-05-22 10:32:27,518.58,496.18,20.03,22.53,507.38,1014.76,22.400000000000034,0.04414836997093237,42.56,2.5,35.58000000000004,30.319999999999993,32.94999999999999,5.260000000000048,0.15963580699132757,18.440000000000055,50.089999999999975,34.264999999999986,0.8399999999999999,0.9299999999999997,0.08999999999999986,11.921522276280022,13.460874971561315,13.872916780547598,19.04188980904993
2024-05-22 10:32:28,534.4,529.13,20.84,23.43,531.765,1063.53,5.269999999999982,0.009910392730039753,44.269999999999996,2.59,15.819999999999936,32.94999999999999,24.38499999999999,17.130000000000052,0.7024810046142732,-19.760000000000105,2.6299999999999955,-8.564999999999998,0.8099999999999987,0.8999999999999986,0.08999999999999986,12.01185877542673,23.998584697852635,13.875861414701415,19.876549939564445
2024-05-22 10:32:29,513.31,544.93,21.69,24.32,529.1199999999999,1058.2399999999998,31.620000000000005,0.05975960073374737,46.010000000000005,2.629999999999999,-21.090000000000032,15.799999999999955,-2.6450000000000955,36.889999999999986,13.9470646702964,-36.90999999999997,-17.150000000000034,-27.030000000000086,0.8500000000000014,0.8900000000000006,0.03999999999999915,11.500108422079796,27.773986165115122,9.527615126567623,20.35325207430006
2024-05-22 10:32:30,508.04,531.76,22.5,25.22,519.9,1039.8,23.71999999999997,0.045624158404262,47.72,2.719999999999999,-5.269999999999925,-13.169999999999959,-9.219999999999914,7.900000000000034,0.8568328788684632,15.820000000000107,-28.969999999999914,-6.574999999999818,0.8099999999999987,0.8999999999999986,0.08999999999999986,10.894802789295834,23.332713729868793,9.74385447346173,18.601959372603723
2024-05-22 10:32:31,523.86,505.41,23.31,26.12,514.635,1029.27,18.44999999999999,0.035850651362906404,49.43,2.8100000000000023,15.819999999999993,-26.349999999999966,-5.264999999999986,42.16999999999996,8.009495154891722,21.089999999999918,-13.180000000000007,3.9549999999999272,0.8099999999999987,0.9000000000000021,0.09000000000000341,10.411389633595192,10.100485755646114,9.664003828641633,19.214362922043485
2024-05-22 10:32:32,559.42,526.49,24.13,27.02,542.9549999999999,1085.9099999999999,32.92999999999995,0.06064959331685013,51.15,2.8900000000000006,35.559999999999945,21.079999999999984,28.319999999999936,14.479999999999961,0.5112994169738904,19.739999999999952,47.42999999999995,33.58499999999992,0.8200000000000003,0.8999999999999986,0.0799999999999983,10.614955804204188,10.98620441735955,11.254677694185645,17.77117856249267
2024-05-22 10:32:33,568.64,567.32,24.91,27.92,567.98,1135.96,1.3199999999999363,0.002324025489763567,52.83,3.0100000000000016,9.220000000000027,40.83000000000004,25.02500000000009,31.610000000000014,1.2631368126618616,-26.339999999999918,19.750000000000057,-3.2949999999998454,0.7800000000000011,0.9000000000000021,0.120000000000001,10.751088193240808,21.378999216521162,12.791249743476996,17.928276757680862
2024-05-22 10:32:34,551.52,589.7,25.73,28.79,570.61,1141.22,38.180000000000064,0.06691084967506565,54.519999999999996,3.0599999999999987,-17.120000000000005,22.379999999999995,2.6299999999999955,39.5,15.019005696195578,-26.340000000000032,-18.450000000000045,-22.395000000000095,0.8200000000000003,0.8699999999999974,0.04999999999999716,10.466067306198326,26.097243484705714,14.31999127094709,17.34671820547043
2024-05-22 10:32:35,537.03,572.59,26.51,29.69,554.81,1109.62,35.56000000000006,0.06409401405148799,56.2,3.1799999999999997,-14.490000000000009,-17.110000000000014,-15.800000000000068,2.6200000000000045,0.16582277431501385,2.6299999999999955,-39.49000000000001,-18.430000000000064,0.7800000000000011,0.9000000000000021,0.120000000000001,9.87206388128,22.755811510469506,15.421908766427109,19.162518949762344
2024-05-22 10:32:36,555.47,546.25,27.3,30.56,550.86,1101.72,9.220000000000027,0.016737465024257638,57.86,3.259999999999998,18.440000000000055,-26.340000000000032,-3.949999999999932,44.780000000000086,11.33670599070756,32.930000000000064,-9.230000000000018,11.850000000000136,0.7899999999999991,0.8699999999999974,0.0799999999999983,9.520566721041018,11.668000899897905,16.924279009754038,18.960368535447845
2024-05-22 10:32:37,592.33,560.74,28.09,31.45,576.5350000000001,1153.0700000000002,31.590000000000032,0.05479285723365827,59.54,3.3599999999999994,36.860000000000014,14.490000000000009,25.675000000000068,22.370000000000005,0.8712755259483708,18.41999999999996,40.83000000000004,29.625,0.7899999999999991,0.8900000000000006,0.10000000000000142,9.683154019429729,10.88172803372794,16.74614522808164,18.248920310528018
2024-05-22 10:32:38,609.44,598.91,28.87,32.32,604.175,1208.35,10.530000000000086,0.01742872509218581,61.19,3.4499999999999993,17.110000000000014,38.16999999999996,27.639999999999873,21.059999999999945,0.761939190957339,-19.75,23.67999999999995,1.9649999999998045,0.7800000000000011,0.870000000000001,0.08999999999999986,9.873753719990951,21.20325818123293,14.027135488046017,18.929599969360147
2024-05-22 10:32:39,596.28,616.02,29.66,33.19,606.15,1212.3,19.74000000000001,0.03256619643229203,62.849999999999994,3.5299999999999976,-13.160000000000082,17.110000000000014,1.9750000000000227,30.270000000000095,15.32657451818999,-30.270000000000095,-21.059999999999945,-25.66499999999985,0.7899999999999991,0.8699999999999974,0.0799999999999983,9.644391254663624,26.233446542534622,11.974772231654342,18.971689632186155
2024-05-22 10:32:40,584.43,610.75,30.41,34.06,597.5899999999999,1195.1799999999998,26.32000000000005,0.04404357495265396,64.47,3.650000000000002,-11.850000000000023,-5.269999999999982,-8.56000000000006,6.580000000000041,0.7686914989846375,1.3100000000000591,-22.379999999999995,-10.535000000000082,0.75,0.8700000000000045,0.12000000000000455,9.269272386082326,23.395767939950623,9.732360967411752,16.95528140432943
2024-05-22 10:32:41,596.28,594.96,31.2,34.93,595.62,1191.24,1.3199999999999363,0.002216178096410057,66.13,3.7300000000000004,11.850000000000023,-15.789999999999964,-1.9699999999999136,27.639999999999986,14.030449730736786,23.700000000000045,-10.519999999999982,6.5900000000001455,0.7899999999999991,0.8699999999999974,0.0799999999999983,9.00680464226819,11.74106969147293,12.154334617740316,16.609777466901814
2024-05-22 10:32:42,623.91,591.01,31.96,35.8,607.46,1214.92,32.89999999999998,0.05415994459855798,67.75999999999999,3.8399999999999963,27.629999999999995,-3.9500000000000455,11.840000000000032,31.58000000000004,2.667229504456964,15.779999999999973,11.839999999999918,13.809999999999945,0.7600000000000016,0.8699999999999974,0.10999999999999588,8.96487590075449,5.284865655816338,12.531481157468987,14.0884633654632
2024-05-22 10:32:43,644.95,627.86,32.74,36.67,636.405,1272.81,17.090000000000032,0.026853968735547434,69.41,3.9299999999999997,21.040000000000077,36.85000000000002,28.944999999999936,15.809999999999945,0.5462083072652159,-6.589999999999918,40.80000000000007,17.104999999999905,0.7800000000000011,0.8700000000000045,0.09000000000000341,9.168779582642566,16.356271732886714,11.857983808388362,14.588515774402799
2024-05-22 10:32:44,627.86,655.47,33.47,37.54,641.665,1283.33,27.610000000000014,0.043028683124327075,71.00999999999999,4.07,-17.090000000000032,27.610000000000014,5.259999999999991,44.700000000000045,8.498097243707772,-38.13000000000011,-9.240000000000009,-23.684999999999945,0.7299999999999969,0.8699999999999974,0.14000000000000057,9.036262370986307,21.80563476489577,12.411521663357826,14.409698817116176
2024-05-22 10:32:45,617.33,662.05,34.23,38.39,639.69,1279.38,44.719999999999914,0.06990886199579648,72.62,4.160000000000004,-10.529999999999973,6.579999999999927,-1.974999999999909,17.1099999999999,8.663286752766549,6.560000000000059,-21.030000000000086,-7.2349999999999,0.759999999999998,0.8500000000000014,0.09000000000000341,8.808730256007571,21.15991038497172,16.439594581375772,12.835164101015554
2024-05-22 10:32:46,630.49,625.23,34.99,39.23,627.86,1255.72,5.259999999999991,0.008377663797060375,74.22,4.239999999999995,13.159999999999968,-36.819999999999936,-11.830000000000041,49.979999999999905,4.224851713875572,23.68999999999994,-43.399999999999864,-9.855000000000132,0.7600000000000051,0.8399999999999963,0.07999999999999119,8.45944477958172,13.979684098721112,15.0748542281509,15.343013312253863
2024-05-22 10:32:47,659.42,614.7,35.75,40.1,637.06,1274.12,44.719999999999914,0.07019746951590501,75.85,4.350000000000001,28.92999999999995,-10.529999999999973,9.199999999999932,39.45999999999992,4.289129968572853,15.769999999999982,26.289999999999964,21.029999999999973,0.759999999999998,0.8700000000000045,0.11000000000000654,8.398945176019181,5.287226825098218,17.28679120021985,15.155346828759779
2024-05-22 10:32:48,675.19,659.42,36.48,40.94,667.3050000000001,1334.6100000000001,15.770000000000095,0.02363237196839185,77.41999999999999,4.460000000000001,15.770000000000095,44.719999999999914,30.24500000000012,28.949999999999818,0.957182973807794,-13.159999999999854,55.249999999999886,21.045000000000186,0.7299999999999969,0.8399999999999963,0.10999999999999943,8.619284311298319,14.727281402215452,17.50151507727254,15.652117668226278
2024-05-22 10:32:49,677.82,684.39,37.21,41.78,681.105,1362.21,6.569999999999936,0.009646089795778693,78.99000000000001,4.57,2.6299999999999955,24.970000000000027,13.799999999999955,22.340000000000032,1.6188404624028727,-13.1400000000001,-19.749999999999886,-16.445000000000164,0.730000000000004,0.8400000000000034,0.10999999999999943,8.622673647010082,22.52265120939458,19.872153129442175,15.988955797674874
2024-05-22 10:32:50,660.73,688.33,37.94,42.62,674.53,1349.06,27.600000000000023,0.0409173794480344,80.56,4.68,-17.090000000000032,3.9400000000000546,-6.5750000000000455,21.030000000000086,3.1984786009918387,-19.720000000000027,-21.029999999999973,-20.375,0.7299999999999969,0.8399999999999963,0.10999999999999943,8.373013798746104,23.662482065498644,16.464830093262403,16.80962841647613
2024-05-22 10:32:51,664.67,668.62,38.67,43.47,666.645,1333.29,3.9500000000000455,0.005925192559870476,82.14,4.799999999999997,3.939999999999941,-19.710000000000036,-7.884999999999991,23.649999999999977,2.9993655042022196,21.029999999999973,-23.65000000000009,-1.3099999999999454,0.730000000000004,0.8500000000000014,0.11999999999999744,8.115960456343311,16.869449976215794,16.765383085393513,15.766964118053966
2024-05-22 10:32:52,688.33,654.16,39.4,44.31,671.245,1342.49,34.17000000000007,0.05090540704078938,83.71000000000001,4.910000000000004,23.660000000000082,-14.460000000000036,4.600000000000023,38.12000000000012,8.28695472022722,19.72000000000014,5.25,12.485000000000014,0.7299999999999969,0.8400000000000034,0.11000000000000654,8.0186954005651,5.92564806582762,13.094812713437358,15.795893691083178
2024-05-22 10:32:53,723.8,677.82,40.1,45.15,700.81,1401.62,45.979999999999905,0.06560979428716787,85.25,5.049999999999997,35.469999999999914,23.660000000000082,29.56499999999994,11.809999999999832,0.3994588060389328,11.809999999999832,38.12000000000012,24.964999999999918,0.7000000000000028,0.8399999999999963,0.13999999999999346,8.220645064860468,13.349022717039855,18.060441024515416,15.544903264414328
2024-05-22 10:32:54,717.24,719.86,40.8,45.99,718.55,1437.1,2.6200000000000045,0.003646231989915486,86.78999999999999,5.190000000000005,-6.559999999999945,42.039999999999964,17.74000000000001,48.59999999999991,2.7395714351988976,-42.02999999999986,18.37999999999988,-11.824999999999932,0.6999999999999957,0.8400000000000034,0.14000000000000767,8.279179533596272,22.372370627630126,19.053632986913517,16.08520337142181
2024-05-22 10:32:55,688.33,730.37,41.5,46.81,709.35,1418.7,42.039999999999964,0.059265524692654455,88.31,5.310000000000002,-28.909999999999968,10.509999999999991,-9.199999999999932,39.41999999999996,4.28478214295849,-22.350000000000023,-31.529999999999973,-26.93999999999994,0.7000000000000028,0.8200000000000003,0.11999999999999744,8.03249905976108,23.17582334028392,20.95083697612099,16.690443148700354
2024-05-22 10:32:56,697.53,681.76,42.2,47.06,689.645,1379.29,15.769999999999982,0.022866837252692538,89.26,4.859999999999999,9.199999999999932,-48.610000000000014,-19.70500000000004,57.809999999999945,2.9337730051371134,38.1099999999999,-59.120000000000005,-10.50500000000011,0.7000000000000028,0.25,0.45000000000000284,7.726249073199091,18.33456537526999,18.385598440083452,19.85625751494977
2024-05-22 10:32:57,731.68,681.76,42.9,47.06,706.72,1413.44,49.91999999999996,0.07063617830168069,89.96000000000001,4.160000000000004,34.14999999999998,0.0,17.075000000000045,34.14999999999998,1.9999998828696925,24.950000000000045,48.610000000000014,36.780000000000086,0.6999999999999957,0.0,0.6999999999999957,7.85593588421592,10.709976657306516,20.86427520907445,20.625132423817295
2024-05-22 10:32:58,747.44,675.19,43.58,47.06,711.315,1422.63,72.25,0.10157243963423737,90.64,3.480000000000004,15.760000000000105,-6.569999999999936,4.595000000000027,22.33000000000004,4.859628975053522,-18.389999999999873,-6.569999999999936,-12.480000000000018,0.6799999999999997,0.0,0.6799999999999997,7.847694088176368,10.709240986178765,27.687703949587434,16.41823125370088
2024-05-22 10:32:59,732.99,679.13,44.28,47.06,706.06,1412.12,53.860000000000014,0.07628246880395087,91.34,2.780000000000001,-14.450000000000045,3.939999999999941,-5.255000000000109,18.389999999999986,3.4995235966652727,-30.21000000000015,10.509999999999877,-9.850000000000136,0.7000000000000028,0.0,0.7000000000000028,7.730019621961685,8.63032632639407,20.57178820618179,13.982235872706507
2024-05-22 10:33:00,719.86,676.5,44.95,47.06,698.1800000000001,1396.3600000000001,43.360000000000014,0.0621043283077368,92.01,2.1099999999999994,-13.129999999999995,-2.6299999999999955,-7.879999999999882,10.5,1.332487140547337,1.32000000000005,-6.569999999999936,-2.6249999999997726,0.6700000000000017,0.0,0.6700000000000017,7.588088168806781,8.544477309938225,20.50430369459056,13.83575368384392
2024-05-22 10:33:01,732.99,677.82,45.63,47.06,705.405,1410.81,55.16999999999996,0.07821038966521299,92.69,1.4299999999999997,13.129999999999995,1.32000000000005,7.224999999999909,11.809999999999945,1.63460184988211,26.25999999999999,3.9500000000000455,15.10499999999979,0.6799999999999997,0.0,0.6799999999999997,7.610367810870992,4.722318551310455,10.72553355316181,10.06111549481467
2024-05-22 10:33:02,763.19,726.43,46.33,47.54,744.81,1489.62,36.760000000000105,0.04935486896073527,93.87,1.2100000000000009,30.200000000000045,48.6099999999999,39.40499999999997,18.409999999999854,0.4671995821038012,17.07000000000005,47.28999999999985,32.180000000000064,0.6999999999999957,0.4799999999999969,0.21999999999999886,7.934483776132057,18.303529509361155,13.510053663846005,18.878615415331687
2024-05-22 10:33:03,768.44,747.44,46.97,48.35,757.94,1515.88,21.0,0.027706678592359976,95.32,1.3800000000000026,5.25,21.010000000000105,13.13000000000011,15.760000000000105,1.2003045544322484,-24.950000000000045,-27.599999999999795,-26.274999999999864,0.6400000000000006,0.8100000000000023,0.1700000000000017,7.951531599333493,26.96155837484288,14.003670947290901,18.92275647203651
2024-05-22 10:33:04,738.25,738.25,47.65,49.19,738.25,1476.5,0.0,0.0,96.84,1.5399999999999991,-30.190000000000055,-9.190000000000055,-19.690000000000055,21.0,1.0665311799628625,-35.440000000000055,-30.20000000000016,-32.820000000000164,0.6799999999999997,0.8399999999999963,0.1599999999999966,7.623399343004963,25.882446657919775,21.3939435354962,22.471664546713036
2024-05-22 10:33:05,739.56,713.29,48.32,50.03,726.425,1452.85,26.269999999999982,0.036163402916800196,98.35,1.7100000000000009,1.3099999999999454,-24.960000000000036,-11.825000000000045,26.269999999999982,2.221564294159458,31.5,-15.769999999999982,7.865000000000009,0.6700000000000017,0.8400000000000034,0.1700000000000017,7.3861209213409165,19.88400783293114,20.315089219592405,23.15881187582819
2024-05-22 10:33:06,771.06,742.19,49.0,50.85,756.625,1513.25,28.86999999999989,0.03815628608867484,99.85,1.8500000000000014,31.5,28.90000000000009,30.200000000000045,2.599999999999909,0.08609271238103287,30.190000000000055,53.86000000000013,42.02500000000009,0.6799999999999997,0.8200000000000003,0.14000000000000057,7.577616348746957,13.162759494120936,13.843819920816655,25.690562323546
2024-05-22 10:33:07,798.62,780.25,49.64,51.69,789.435,1578.87,18.370000000000005,0.023269806857727615,101.33,2.049999999999997,27.56000000000006,38.059999999999945,32.809999999999945,10.499999999999886,0.32002437305624903,-3.939999999999941,9.159999999999854,2.6099999999999,0.6400000000000006,0.8399999999999963,0.19999999999999574,7.79073317091944,23.90682669239212,11.353619246742383,23.927920929324408
2024-05-22 10:33:08,764.5,790.74,50.31,52.5,777.62,1555.24,26.24000000000001,0.033743988022756646,102.81,2.1899999999999977,-34.120000000000005,10.490000000000009,-11.81499999999994,44.610000000000014,3.7757085251199083,-61.680000000000064,-27.569999999999936,-44.624999999999886,0.6700000000000017,0.8100000000000023,0.14000000000000057,7.563661048889592,26.274969885807156,11.827635012968534,25.387972398362187
2024-05-22 10:33:09,754.0,755.31,50.96,53.35,754.655,1509.31,1.3099999999999454,0.0017358925578761857,104.31,2.3900000000000006,-10.5,-35.430000000000064,-22.965000000000032,24.930000000000064,1.0855649429320742,23.620000000000005,-45.92000000000007,-11.150000000000091,0.6499999999999986,0.8500000000000014,0.20000000000000284,7.234732938023843,24.18466652654267,11.276919792212752,26.17979836629763
2024-05-22 10:33:10,785.5,747.44,51.61,54.16,766.47,1532.94,38.059999999999945,0.04965621609501184,105.77,2.549999999999997,31.5,-7.869999999999891,11.815000000000055,39.36999999999989,3.3322045423440683,42.0,27.560000000000173,34.780000000000086,0.6499999999999986,0.8099999999999952,0.1599999999999966,7.246572683685614,14.639045136212763,13.808752659092693,24.871647362006392
2024-05-22 10:33:11,813.04,794.68,52.25,55.0,803.8599999999999,1607.7199999999998,18.360000000000014,0.02283979794635909,107.25,2.75,27.539999999999964,47.239999999999895,37.38999999999987,19.699999999999932,0.5268788305194215,-3.9600000000000364,55.109999999999786,25.574999999999818,0.6400000000000006,0.8400000000000034,0.20000000000000284,7.495198065312838,19.214192866214177,13.403998284094182,26.621696179995695
2024-05-22 10:33:12,797.3,810.42,52.9,55.82,803.8599999999999,1607.7199999999998,13.120000000000005,0.016321249948596468,108.72,2.9200000000000017,-15.740000000000009,15.740000000000009,0.0,31.480000000000018,31480000.00000002,-43.27999999999997,-31.499999999999886,-37.38999999999987,0.6499999999999986,0.8200000000000003,0.1700000000000017,7.393855708297868,22.143476917595294,13.808943478774895,23.253901016818613
2024-05-22 10:33:13,785.5,801.24,53.51,56.63,793.37,1586.74,15.740000000000009,0.019839419161501684,110.14,3.1200000000000045,-11.799999999999955,-9.17999999999995,-10.489999999999895,2.6200000000000045,0.24976165397887293,3.9400000000000546,-24.91999999999996,-10.489999999999895,0.6099999999999994,0.8100000000000023,0.20000000000000284,7.203286660583924,22.605777911854233,13.30118115055951,23.051166727521572
2024-05-22 10:33:14,806.49,771.06,54.16,57.44,788.775,1577.55,35.430000000000064,0.04491775215376034,111.6,3.280000000000001,20.99000000000001,-30.180000000000064,-4.595000000000027,51.17000000000007,11.136014986721388,32.789999999999964,-21.000000000000114,5.894999999999868,0.6499999999999986,0.8099999999999952,0.1599999999999966,7.067876280753797,15.351638186202743,11.690159109267915,18.946804281989014
2024-05-22 10:33:15,840.58,809.11,54.81,58.26,824.845,1649.69,31.470000000000027,0.03815262256769139,113.07,3.4499999999999957,34.09000000000003,38.05000000000007,36.07000000000005,3.9600000000000364,0.10978652315535092,13.100000000000023,68.23000000000013,40.66500000000008,0.6500000000000057,0.8200000000000003,0.1699999999999946,7.294994186831219,13.908216366597122,9.974248342607083,23.176944362879194
2024-05-22 10:33:16,819.6,839.27,55.42,59.07,829.435,1658.87,19.66999999999996,0.0237149384536281,114.49000000000001,3.6499999999999986,-20.980000000000018,30.159999999999968,4.589999999999918,51.139999999999986,11.14160977306996,-55.07000000000005,-7.8900000000001,-31.480000000000132,0.6099999999999994,0.8100000000000023,0.20000000000000284,7.244606452575714,18.330126363450933,9.84403017061611,18.18275969153197
2024-05-22 10:33:17,803.86,826.16,56.04,59.89,815.01,1630.02,22.299999999999955,0.027361627431121492,115.93,3.8500000000000014,-15.740000000000009,-13.110000000000014,-14.424999999999955,2.6299999999999955,0.18232234437973377,5.240000000000009,-43.26999999999998,-19.014999999999873,0.6199999999999974,0.8200000000000003,0.20000000000000284,7.030190571636413,18.37007777610314,8.247149204422112,20.226735092446322
2024-05-22 10:33:18,831.4,794.68,56.66,60.7,813.04,1626.08,36.72000000000003,0.04516382952233125,117.36,4.040000000000006,27.539999999999964,-31.480000000000018,-1.9700000000000273,59.01999999999998,29.95937565513884,43.27999999999997,-18.370000000000005,12.454999999999927,0.6199999999999974,0.8100000000000023,0.19000000000000483,6.927743635585006,15.7627041620427,7.728413161833444,19.22112620269687
2024-05-22 10:33:19,866.79,834.02,57.28,61.51,850.405,1700.81,32.76999999999998,0.03853458053687996,118.78999999999999,4.229999999999997,35.389999999999986,39.34000000000003,37.36500000000001,3.9500000000000455,0.10571390055629985,7.850000000000023,70.82000000000005,39.335000000000036,0.6200000000000045,0.8099999999999952,0.18999999999999062,7.158893786018236,14.966486979250595,7.2628183234884895,23.29466875703538
2024-05-22 10:33:20,837.95,814.35,57.86,62.13,826.1500000000001,1652.3000000000002,23.600000000000023,0.028566240962820046,119.99000000000001,4.270000000000003,-28.839999999999918,-19.66999999999996,-24.25499999999988,9.169999999999959,0.3780663624792266,-64.2299999999999,-59.00999999999999,-61.61999999999989,0.5799999999999983,0.6200000000000045,0.04000000000000625,6.885157039043612,14.940742367770003,7.3339873193236444,23.543243563706298
2024-05-22 10:33:21,840.58,810.42,58.48,62.13,825.5,1651.0,30.160000000000082,0.036535433026607694,120.61,3.6500000000000057,2.6299999999999955,-3.9300000000000637,-0.650000000000091,6.560000000000059,10.09229216570304,31.469999999999914,15.739999999999895,23.60499999999979,0.6199999999999974,0.0,0.6199999999999974,6.844374373232946,14.871247593933667,6.106275460540568,23.41866472495813
2024-05-22 10:33:22,873.34,814.35,59.1,62.13,843.845,1687.69,58.99000000000001,0.06990620307058026,121.23,3.030000000000001,32.75999999999999,3.9300000000000637,18.345000000000027,28.829999999999927,1.571545294546448,30.129999999999995,7.860000000000127,18.99500000000012,0.6200000000000045,0.0,0.6200000000000045,6.960694490136976,15.122643866073066,13.475472904503183,23.232516168077847
2024-05-22 10:33:23,881.2,814.35,59.69,62.13,847.7750000000001,1695.5500000000002,66.85000000000002,0.07885346928270655,121.82,2.440000000000005,7.860000000000014,0.0,3.9300000000000637,7.860000000000014,1.999999491094248,-24.899999999999977,-3.9300000000000637,-14.414999999999964,0.5899999999999963,0.0,0.5899999999999963,6.9592430884974315,12.016343557841425,19.16375302491658,22.888592300532558
2024-05-22 10:33:24,856.3,814.35,60.28,62.13,835.325,1670.65,41.94999999999993,0.05021997420139462,122.41,1.8500000000000014,-24.90000000000009,0.0,-12.450000000000045,24.90000000000009,1.9999998393574427,-32.760000000000105,0.0,-16.38000000000011,0.5900000000000034,0.0,0.5900000000000034,6.823993082068515,10.093661005803462,18.427223068058822,16.20364673460882
2024-05-22 10:33:25,868.1,811.73,60.87,62.13,839.915,1679.83,56.370000000000005,0.0671139340681927,123.0,1.2600000000000051,11.800000000000068,-2.6200000000000045,4.589999999999918,14.420000000000073,3.1416115159888482,36.70000000000016,-2.6200000000000045,17.039999999999964,0.5899999999999963,0.0,0.5899999999999963,6.82857718025547,8.597580764382359,14.663007194978775,11.074542654213777
2024-05-22 10:33:26,902.15,811.73,61.46,62.13,856.94,1713.88,90.41999999999996,0.10551497175354749,123.59,0.6700000000000017,34.049999999999955,0.0,17.02500000000009,34.049999999999955,1.9999998825256908,22.249999999999886,2.6200000000000045,12.435000000000173,0.5900000000000034,0.0,0.5900000000000034,6.933732446526965,8.22759229666119,17.817008166356096,12.452012186791368
2024-05-22 10:33:27,882.51,811.73,62.05,62.13,847.12,1694.24,70.77999999999997,0.08355368769058255,124.18,0.0800000000000054,-19.639999999999986,0.0,-9.82000000000005,19.639999999999986,1.9999997963340215,-53.68999999999994,0.0,-26.84500000000014,0.5899999999999963,0.0,0.5899999999999963,6.821710365423495,8.266806366431878,17.947223462140318,11.99638904004038
2024-05-22 10:33:28,866.79,873.34,62.64,62.75,870.065,1740.13,6.550000000000068,0.007528173173811031,125.39,0.10999999999999943,-15.720000000000027,61.610000000000014,22.94500000000005,77.33000000000004,3.370233019384042,3.919999999999959,61.610000000000014,32.7650000000001,0.5900000000000034,0.6199999999999974,0.02999999999999403,6.93887066800486,13.928787007492067,31.651294286332075,15.72782430916627
2024-05-22 10:33:29,900.84,860.24,63.23,63.56,880.54,1761.08,40.60000000000002,0.04610806999556176,126.78999999999999,0.3300000000000054,34.05000000000007,-13.100000000000023,10.474999999999909,47.15000000000009,4.501192887714331,49.770000000000095,-74.71000000000004,-12.470000000000141,0.5899999999999963,0.8100000000000023,0.22000000000000597,6.944869414426458,16.552837898683162,31.77691190156773,12.596334089726303
2024-05-22 10:33:30,882.51,848.44,63.59,64.38,865.475,1730.95,34.069999999999936,0.0393656662071513,127.97,0.789999999999992,-18.33000000000004,-11.799999999999955,-15.06499999999994,6.530000000000086,0.43345499943877286,-52.38000000000011,1.3000000000000682,-25.53999999999985,0.36000000000000654,0.8199999999999932,0.45999999999998664,6.763108488215141,12.72109989348726,32.726598203907436,16.724033454881635
2024-05-22 10:33:31,875.96,889.06,63.59,65.19,882.51,1765.02,13.099999999999909,0.014844024413497733,128.78,1.5999999999999943,-6.5499999999999545,40.61999999999989,17.034999999999968,47.169999999999845,2.769004827179049,11.780000000000086,52.419999999999845,32.09999999999991,0.0,0.8100000000000023,0.8100000000000023,6.8528497681872205,14.211660089520935,25.40592352188755,16.725814778359812
2024-05-22 10:33:32,883.82,911.32,63.79,65.98,897.57,1795.14,27.5,0.030638278874474102,129.77,2.190000000000005,7.860000000000014,22.260000000000105,15.06000000000006,14.400000000000091,0.9561752353137317,14.409999999999968,-18.359999999999786,-1.974999999999909,0.19999999999999574,0.7900000000000063,0.5900000000000105,6.916621662043449,12.470237868624807,14.246621704811261,14.757262618792119
2024-05-22 10:33:33,877.27,877.27,64.35,66.79,877.27,1754.54,0.0,0.0,131.14,2.440000000000012,-6.550000000000068,-34.05000000000007,-20.300000000000068,27.5,1.3546797362226686,-14.410000000000082,-56.31000000000017,-35.36000000000013,0.5599999999999952,0.8100000000000023,0.2500000000000071,6.689568349172119,11.526713321675205,16.428255537335662,17.71568704566661
2024-05-22 10:33:34,924.41,881.2,64.94,67.58,902.8050000000001,1805.6100000000001,43.20999999999992,0.04786194134075241,132.51999999999998,2.6400000000000006,47.139999999999986,3.9300000000000637,25.535000000000082,43.20999999999992,1.6921871277780558,53.690000000000055,37.98000000000013,45.83500000000015,0.5900000000000034,0.789999999999992,0.19999999999998863,6.812594273976803,15.18323228104232,17.150729722084684,20.669598629388066
2024-05-22 10:33:35,928.34,921.79,65.5,68.39,925.065,1850.13,6.550000000000068,0.007080583518908924,133.89,2.8900000000000006,3.9300000000000637,40.58999999999992,22.25999999999999,36.659999999999854,1.6469001955570384,-43.20999999999992,36.659999999999854,-3.275000000000091,0.5600000000000023,0.8100000000000023,0.25,6.909141781244741,18.847350410603816,17.35569560691816,18.482660996187786
2024-05-22 10:33:36,892.99,921.79,66.06,69.18,907.39,1814.78,28.799999999999955,0.03173938435321148,135.24,3.1200000000000045,-35.35000000000002,0.0,-17.675000000000068,35.35000000000002,1.9999998868458273,-39.280000000000086,-40.58999999999992,-39.93500000000006,0.5600000000000023,0.7900000000000063,0.23000000000000398,6.709479394339844,17.269120924357665,17.649021785923377,22.220712016044903
2024-05-22 10:33:37,912.63,879.89,66.65,69.96,896.26,1792.52,32.74000000000001,0.036529578429775326,136.61,3.309999999999988,19.639999999999986,-41.89999999999998,-11.129999999999995,61.539999999999964,5.529199862605582,54.99000000000001,-41.89999999999998,6.545000000000073,0.5900000000000034,0.7799999999999869,0.18999999999998352,6.560720250635237,17.36319404660582,18.26072424631614,22.3359191102583
2024-05-22 10:33:38,949.28,921.79,67.21,70.75,935.535,1871.07,27.49000000000001,0.029384256035974873,137.95999999999998,3.5400000000000063,36.64999999999998,41.89999999999998,39.27499999999998,5.25,0.13367281645645288,17.00999999999999,83.79999999999995,50.40499999999997,0.5599999999999881,0.7900000000000063,0.2300000000000182,6.781204647860217,16.341538865727713,13.365267299983126,24.735550984362586
2024-05-22 10:33:39,932.26,896.92,67.74,71.22,914.5899999999999,1829.1799999999998,35.34000000000003,0.03864026499454375,138.95999999999998,3.480000000000004,-17.019999999999982,-24.870000000000005,-20.94500000000005,7.850000000000023,0.3747911017048891,-53.66999999999996,-66.76999999999998,-60.22000000000003,0.5300000000000011,0.46999999999999886,0.060000000000002274,6.581678133407613,15.242285999812834,11.411140609071426,26.857175624030173
2024-05-22 10:33:40,925.72,896.92,68.31,71.22,911.3199999999999,1822.6399999999999,28.800000000000068,0.0316025106092235,139.53,2.9099999999999966,-6.539999999999964,0.0,-3.269999999999982,6.539999999999964,1.9999993883793918,10.480000000000018,24.870000000000005,17.675000000000068,0.5700000000000074,0.0,0.5700000000000074,6.5313552172912255,14.36031528205734,3.286088860636545,24.44590492291092
2024-05-22 10:33:41,962.36,891.68,68.87,71.22,927.02,1854.04,70.68000000000006,0.07624430964138396,140.09,2.3499999999999943,36.639999999999986,-5.240000000000009,15.700000000000045,41.879999999999995,2.667515753661409,43.17999999999995,-5.240000000000009,18.970000000000027,0.5600000000000023,0.0,0.5600000000000023,6.617317391553163,15.100907257515699,17.97724394894835,23.90194066388753
2024-05-22 10:33:42,968.9,895.61,69.43,71.22,932.255,1864.51,73.28999999999996,0.07861582927566399,140.65,1.789999999999992,6.539999999999964,3.9300000000000637,5.235000000000014,2.6099999999999,0.4985672400062375,-30.100000000000023,9.170000000000073,-10.465000000000032,0.5600000000000023,0.0,0.5600000000000023,6.628190496777885,10.71854082886712,22.91107919762836,22.397984116879808
2024-05-22 10:33:43,934.88,895.61,69.96,71.22,915.245,1830.49,39.26999999999998,0.0429065441025009,141.18,1.2600000000000051,-34.01999999999998,0.0,-17.00999999999999,34.01999999999998,1.9999998824221115,-40.559999999999945,-3.9300000000000637,-22.245000000000005,0.5299999999999869,0.0,0.5299999999999869,6.482823300164164,9.036716356071523,20.90575351428403,15.250282210503542
2024-05-22 10:33:44,954.51,894.3,70.52,71.22,924.405,1848.81,60.210000000000036,0.06513378869095932,141.74,0.7000000000000028,19.629999999999995,-1.3100000000000591,9.159999999999968,20.940000000000055,2.2860259513072245,53.64999999999998,-1.3100000000000591,26.16999999999996,0.5600000000000023,0.0,0.5600000000000023,6.521835709596192,8.59985276037274,19.620722463762622,12.63494143239295
2024-05-22 10:33:45,989.83,892.99,71.06,71.22,941.4100000000001,1882.8200000000002,96.84000000000003,0.10286697602227833,142.28,0.1599999999999966,35.32000000000005,-1.3099999999999454,17.00500000000011,36.629999999999995,2.1540722049942693,15.690000000000055,1.1368683772161603e-13,7.845000000000141,0.5400000000000063,0.0,0.5400000000000063,6.616601021811913,9.675809139296343,20.93437531907748,13.740718048923082
2024-05-22 10:33:46,947.97,894.3,71.59,71.22,921.135,1842.27,53.67000000000007,0.05826507508859722,142.81,0.37000000000000455,-41.860000000000014,1.3099999999999454,-20.27500000000009,43.16999999999996,2.1292230762405273,-77.18000000000006,2.619999999999891,-37.2800000000002,0.5300000000000011,0.0,0.5300000000000011,6.450073479097588,10.17981949742188,21.7673144875522,16.53760812511899
2024-05-22 10:33:47,949.28,942.73,72.12,71.56,946.005,1892.01,6.5499999999999545,0.006923853460685833,143.68,0.5600000000000023,1.3099999999999454,48.430000000000064,24.870000000000005,47.12000000000012,1.8946521152130273,43.16999999999996,47.12000000000012,45.145000000000095,0.5300000000000011,0.3400000000000034,0.18999999999999773,6.584110477560478,13.353860864936808,32.81074397205894,20.33590267236745
2024-05-22 10:33:48,995.06,940.12,72.68,72.35,967.5899999999999,1935.1799999999998,54.93999999999994,0.056780247773560805,145.03,0.3300000000000125,45.77999999999997,-2.6100000000000136,21.584999999999923,48.389999999999986,2.241834503505474,44.47000000000003,-51.04000000000008,-3.285000000000082,0.5600000000000023,0.789999999999992,0.22999999999998977,6.67165409452076,18.69685180719178,32.11443553917773,18.169896601246837
2024-05-22 10:33:49,984.6,919.17,73.19,73.16,951.885,1903.77,65.43000000000006,0.06873729487413162,146.35,0.030000000000001137,-10.459999999999923,-20.950000000000045,-15.704999999999927,10.490000000000123,0.6679401039197751,-56.239999999999895,-18.340000000000032,-37.28999999999985,0.5099999999999909,0.8100000000000023,0.30000000000001137,6.504168045752183,16.87688915351676,32.43210030201562,21.681165328459638
2024-05-22 10:33:50,954.51,954.51,73.72,73.95,954.51,1909.02,0.0,0.0,147.67000000000002,0.23000000000000398,-30.090000000000032,35.34000000000003,2.625,65.43000000000006,24.92570479020772,-19.63000000000011,56.29000000000008,18.329999999999927,0.5300000000000011,0.7900000000000063,0.2600000000000051,6.463804385021978,17.078469998805293,30.415087867701473,20.704591278264818
2024-05-22 10:33:51,985.9,987.21,74.28,74.73,986.5550000000001,1973.1100000000001,1.3100000000000591,0.001327852982015403,149.01,0.45000000000000284,31.389999999999986,32.700000000000045,32.04500000000007,1.3100000000000591,0.04088001120674193,61.48000000000002,-2.6399999999999864,29.420000000000073,0.5600000000000023,0.7800000000000011,0.21999999999999886,6.620730107907322,16.171441416895867,31.84148441891489,19.422239314764898
2024-05-22 10:33:52,971.52,955.82,74.48,75.52,963.6700000000001,1927.3400000000001,15.699999999999932,0.016291884134307436,150.0,1.039999999999992,-14.379999999999995,-31.389999999999986,-22.88499999999999,17.00999999999999,0.7432815930399128,-45.76999999999998,-64.09000000000003,-54.930000000000064,0.20000000000000284,0.789999999999992,0.5899999999999892,6.4244666238368895,13.738754765265123,30.712545156661953,23.49278974494088
2024-05-22 10:33:53,970.21,949.28,74.48,76.3,959.745,1919.49,20.930000000000064,0.021807876027686718,150.78,1.8199999999999932,-1.3099999999999454,-6.540000000000077,-3.925000000000068,5.230000000000132,1.332483736946829,13.07000000000005,24.84999999999991,18.959999999999923,0.0,0.7800000000000011,0.7800000000000011,6.36520091281867,13.794316130207225,26.60020920970361,21.255821085058102
2024-05-22 10:33:54,972.83,997.67,74.68,77.09,985.25,1970.5,24.839999999999918,0.02521187513299979,151.77,2.4099999999999966,2.6200000000000045,48.389999999999986,25.504999999999995,45.76999999999998,1.7945500178572817,3.92999999999995,54.930000000000064,29.430000000000064,0.20000000000000284,0.7900000000000063,0.5900000000000034,6.491730865838236,14.93142633843448,11.347146337295525,22.364938408142354
2024-05-22 10:33:55,968.9,953.2,74.68,77.17,961.05,1922.1,15.699999999999932,0.016336298822812168,151.85000000000002,2.489999999999995,-3.9300000000000637,-44.469999999999914,-24.200000000000045,40.53999999999985,1.6752065423468276,-6.550000000000068,-92.8599999999999,-49.70500000000004,0.0,0.0799999999999983,0.0799999999999983,6.328942994211767,13.454593732257209,8.915779831287853,26.427266127997456
2024-05-22 10:33:56,963.67,954.51,74.82,77.17,959.0899999999999,1918.1799999999998,9.159999999999968,0.009550719943330916,151.99,2.3500000000000085,-5.230000000000018,1.3099999999999454,-1.9600000000000364,6.539999999999964,3.336732991462679,-1.2999999999999545,45.77999999999986,22.24000000000001,0.13999999999998636,0.0,0.13999999999998636,6.310217735968038,11.034960579906706,5.945635373952891,20.17579137233531
2024-05-22 10:33:57,972.83,959.74,74.9,77.62,966.2850000000001,1932.5700000000002,13.090000000000032,0.013546727918215954,152.52,2.719999999999999,9.160000000000082,5.230000000000018,7.195000000000164,3.9300000000000637,0.5462125717564145,14.3900000000001,3.9200000000000728,9.1550000000002,0.0800000000000125,0.45000000000000284,0.36999999999999034,6.3354641598776285,10.972876446041624,6.225482310632631,18.067876397075587
2024-05-22 10:33:58,974.13,958.44,74.9,77.62,966.2850000000001,1932.5700000000002,15.68999999999994,0.016237445457357294,152.52,2.719999999999999,1.2999999999999545,-1.2999999999999545,0.0,2.599999999999909,2599999.999999909,-7.860000000000127,-6.529999999999973,-7.195000000000164,0.0,0.0,0.0,6.3354641598776285,10.37187579467162,5.768953977975523,17.91089284485843
2024-05-22 10:33:59,978.06,964.98,75.01,77.88,971.52,1943.04,13.079999999999927,0.013463438721319674,152.89,2.8699999999999903,3.92999999999995,6.539999999999964,5.2349999999999,2.6100000000000136,0.49856724000627,2.6299999999999955,7.839999999999918,5.2349999999999,0.10999999999999943,0.2599999999999909,0.14999999999999147,6.354372383057281,4.904713804096587,2.678363306200238,12.55938165277259
2024-05-22 10:34:00,972.83,959.74,75.01,77.88,966.2850000000001,1932.5700000000002,13.090000000000032,0.013546727918215954,152.89,2.8699999999999903,-5.2299999999999045,-5.240000000000009,-5.2349999999999,0.010000000000104592,0.00191021931038882,-9.159999999999854,-11.779999999999973,-10.4699999999998,0.0,0.0,0.0,6.320132079795069,4.427327918744576,2.3369788189027147,5.121987651293184
2024-05-22 10:34:01,979.37,997.67,75.15,77.99,988.52,1977.04,18.299999999999955,0.01851252375418548,153.14,2.839999999999989,6.539999999999964,37.92999999999995,22.2349999999999,31.389999999999986,1.411738187014254,11.769999999999868,43.16999999999996,27.4699999999998,0.14000000000000057,0.10999999999999943,0.030000000000001137,6.455008446813319,9.62912599876499,2.331104888245019,10.34104346765831
2024-05-22 10:34:02,971.52,962.36,75.15,78.13,966.94,1933.88,9.159999999999968,0.00947318343488405,153.28,2.9799999999999898,-7.850000000000023,-35.309999999999945,-21.579999999999927,27.459999999999923,1.2724744544729174,-14.389999999999986,-73.2399999999999,-43.81499999999983,0.0,0.14000000000000057,0.14000000000000057,6.308324593499971,9.539737286743899,3.4041783149535334,15.928090516442873
2024-05-22 10:34:03,981.98,953.2,75.29,78.13,967.59,1935.18,28.779999999999973,0.029744003111086274,153.42000000000002,2.839999999999989,10.460000000000036,-9.159999999999968,0.6499999999999773,19.620000000000005,30.184568946818068,18.31000000000006,26.149999999999977,22.229999999999905,0.14000000000000057,0.0,0.14000000000000057,6.306804808324828,9.363593327355256,7.603237468342014,15.929406533201336
2024-05-22 10:34:04,975.44,963.67,75.29,78.35,969.5550000000001,1939.1100000000001,11.770000000000095,0.0121395897993002,153.64,3.059999999999988,-6.539999999999964,10.469999999999914,1.9650000000000318,17.009999999999877,8.656484144282675,-17.0,19.62999999999988,1.3150000000000546,0.0,0.21999999999999886,0.21999999999999886,6.310563614224399,9.438682773570262,7.770505131585689,15.740142391350776
2024-05-22 10:34:05,981.98,961.05,75.35,78.35,971.515,1943.03,20.930000000000064,0.02154367145999433,153.7,3.0,6.539999999999964,-2.6200000000000045,1.9599999999999227,9.159999999999968,4.67346700333333,13.079999999999927,-13.089999999999918,-0.005000000000109139,0.05999999999998806,0.0,0.05999999999998806,6.320852268569602,8.955172667240516,7.772018399360597,15.514077236497114
2024-05-22 10:34:06,972.83,964.98,75.35,78.58,968.905,1937.81,7.850000000000023,0.008101929489370056,153.93,3.230000000000004,-9.149999999999977,3.9300000000000637,-2.6100000000000136,13.080000000000041,5.011492332761548,-15.68999999999994,6.550000000000068,-4.569999999999936,0.0,0.23000000000000398,0.23000000000000398,6.29445198275546,1.7905983637026126,8.920177688813139,10.0459466950606
2024-05-22 10:34:07,963.67,964.98,75.43,78.58,964.325,1928.65,1.3100000000000591,0.0013584631723138941,154.01,3.1499999999999915,-9.160000000000082,0.0,-4.579999999999927,9.160000000000082,1.9999995633189223,-0.010000000000104592,-3.9300000000000637,-1.9699999999999136,0.0800000000000125,0.0,0.0800000000000125,6.261444021417804,2.6716839259341247,10.842311561655078,2.938799925139451
2024-05-22 10:34:08,981.98,970.21,75.49,78.75,976.095,1952.19,11.769999999999982,0.012058252514295974,154.24,3.260000000000005,18.31000000000006,5.230000000000018,11.769999999999982,13.080000000000041,1.1112998206202414,27.47000000000014,5.230000000000018,16.34999999999991,0.05999999999998806,0.1700000000000017,0.11000000000001364,6.32841671208236,4.272461819618054,7.128006734003555,6.315798049336246
2024-05-22 10:34:09,980.67,964.98,75.49,78.75,972.825,1945.65,15.68999999999994,0.016128286160277186,154.24,3.260000000000005,-1.3100000000000591,-5.230000000000018,-3.269999999999982,3.919999999999959,1.198776391811495,-19.62000000000012,-10.460000000000036,-15.039999999999964,0.0,0.0,0.0,6.3072159860787345,4.419928732467728,7.478502523901413,6.6842598692749435
2024-05-22 10:34:10,978.06,997.67,75.57,78.83,987.865,1975.73,19.610000000000014,0.019850890536813354,154.39999999999998,3.260000000000005,-2.6100000000000136,32.68999999999994,15.039999999999964,35.299999999999955,2.3470743120296365,-1.2999999999999545,37.91999999999996,18.309999999999945,0.0799999999999983,0.0799999999999983,0.0,6.3980893367999405,8.910281701500374,7.075258299171809,9.350820819585799
2024-05-22 10:34:11,978.06,967.59,75.57,78.91,972.825,1945.65,10.469999999999914,0.010762470114601746,154.48,3.3400000000000034,0.0,-30.079999999999927,-15.039999999999964,30.079999999999927,1.9999998670212855,2.6100000000000136,-62.76999999999987,-30.079999999999927,0.0,0.0799999999999983,0.0799999999999983,6.297417100612267,8.513185067886871,6.854443814052286,12.445201083148433
2024-05-22 10:34:12,981.98,966.29,75.63,78.91,974.135,1948.27,15.690000000000055,0.016106597118359836,154.54,3.280000000000001,3.9200000000000728,-1.3000000000000682,1.3099999999999454,5.220000000000141,3.984729782649295,3.9200000000000728,28.77999999999986,16.34999999999991,0.060000000000002274,0.0,0.060000000000002274,6.30344890446843,6.356526567245009,3.623931566682815,12.084058506975177
2024-05-22 10:34:13,972.83,968.9,75.63,79.03,970.865,1941.73,3.9300000000000637,0.0040479366296571895,154.66,3.4000000000000057,-9.149999999999977,2.6100000000000136,-3.269999999999982,11.759999999999991,3.59632917543452,-13.07000000000005,3.910000000000082,-4.579999999999927,0.0,0.12000000000000455,0.12000000000000455,6.277414934194912,6.898276596374767,6.058045889558762,10.840139759246611
2024-05-22 10:34:14,978.06,964.98,75.66,79.03,971.52,1943.04,13.079999999999927,0.013463438721319674,154.69,3.3700000000000045,5.2299999999999045,-3.919999999999959,0.6549999999999727,9.149999999999864,13.969444321459424,14.379999999999882,-6.529999999999973,3.9249999999999545,0.030000000000001137,0.0,0.030000000000001137,6.28043179080463,7.057245921752484,5.886737636416276,10.780777105570785
2024-05-22 10:34:15,981.98,970.21,75.66,79.17,976.095,1952.19,11.769999999999982,0.012058252514295974,154.82999999999998,3.510000000000005,3.9200000000000728,5.230000000000018,4.5750000000000455,1.3099999999999454,0.28633873522649117,-1.3099999999998317,9.149999999999977,3.9200000000000728,0.0,0.14000000000000057,0.14000000000000057,6.304301451241353,2.0980812663223403,4.392621085411286,7.620099572840213
2024-05-22 10:34:16,981.98,962.36,75.72,79.17,972.1700000000001,1944.3400000000001,19.620000000000005,0.02018165545102024,154.89,3.450000000000003,0.0,-7.850000000000023,-3.9249999999999545,7.850000000000023,1.9999994904460185,-3.9200000000000728,-13.080000000000041,-8.5,0.060000000000002274,0.0,0.060000000000002274,6.276518779285179,2.1386637183280506,5.802565811776698,3.5031582179513054
2024-05-22 10:34:17,978.06,970.21,75.72,79.28,974.135,1948.27,7.849999999999909,0.008058431317981058,155.0,3.5600000000000023,-3.9200000000000728,7.850000000000023,1.9649999999999181,11.770000000000095,5.9898188346980925,-3.9200000000000728,15.700000000000045,5.889999999999873,0.0,0.10999999999999943,0.10999999999999943,6.284741894937149,2.1386637183280506,5.891065268692908,3.5818779990390124
2024-05-22 10:34:18,984.6,967.59,75.77,79.28,976.095,1952.19,17.00999999999999,0.01742658243569879,155.05,3.510000000000005,6.540000000000077,-2.6200000000000045,1.9600000000000364,9.160000000000082,4.6734670033331165,10.46000000000015,-10.470000000000027,-0.004999999999881766,0.04999999999999716,0.0,0.04999999999999716,6.2953562960634875,2.138663718327988,4.587933085824188,3.122399718165465
2024-05-22 10:34:19,980.67,970.21,75.77,79.42,975.44,1950.88,10.459999999999923,0.010723365854667183,155.19,3.6500000000000057,-3.9300000000000637,2.6200000000000045,-0.6549999999999727,6.550000000000068,9.999984732848256,-10.470000000000141,5.240000000000009,-2.615000000000009,0.0,0.14000000000000057,0.14000000000000057,6.2854564966463276,1.667477885937976,4.842692432934423,3.216940316511911
2024-05-22 10:34:20,985.9,970.21,75.83,79.42,978.0550000000001,1956.1100000000001,15.68999999999994,0.01604204260901268,155.25,3.5900000000000034,5.230000000000018,0.0,2.615000000000009,5.230000000000018,1.9999992351819367,9.160000000000082,-2.6200000000000045,3.269999999999982,0.060000000000002274,0.0,0.060000000000002274,6.29987113494447,2.1978722665551307,4.841882898212257,2.7206331983565306
2024-05-22 10:34:21,981.98,974.13,75.83,79.56,978.0550000000001,1956.1100000000001,7.850000000000023,0.00802613349144362,155.39,3.730000000000004,-3.919999999999959,3.919999999999959,0.0,7.839999999999918,7839999.999999918,-9.149999999999977,3.919999999999959,-2.615000000000009,0.0,0.14000000000000057,0.14000000000000057,6.2941952101538385,1.7039087417148036,4.337997233747391,1.4180470725613394
2024-05-22 10:34:22,983.29,964.98,75.86,79.56,974.135,1948.27,18.309999999999945,0.018796162730220948,155.42000000000002,3.700000000000003,1.3099999999999454,-9.149999999999977,-3.9200000000000728,10.459999999999923,2.668366666232924,5.2299999999999045,-13.069999999999936,-3.9200000000000728,0.030000000000001137,0.0,0.030000000000001137,6.267758291933095,1.7039087417148036,4.493159244896603,2.572705288213169
2024-05-22 10:34:23,984.6,974.13,75.86,79.67,979.365,1958.73,10.470000000000027,0.010690600531272229,155.53,3.8100000000000023,1.3100000000000591,9.149999999999977,5.230000000000018,7.839999999999918,1.4990436904313957,1.1368683772161603e-13,18.299999999999955,9.150000000000091,0.0,0.10999999999999943,0.10999999999999943,6.296952315971502,2.1482900176866226,4.295972532500611,3.458611354286576
2024-05-22 10:34:24,983.29,970.21,75.91,79.67,976.75,1953.5,13.079999999999927,0.0133913488473085,155.57999999999998,3.760000000000005,-1.3100000000000591,-3.919999999999959,-2.615000000000009,2.6099999999999,0.9980875724330089,-2.6200000000001182,-13.069999999999936,-7.845000000000027,0.04999999999999716,0.0,0.04999999999999716,6.278120540698545,1.982427804509404,4.133098111586469,3.7434118795558744
2024-05-22 10:34:25,981.98,985.9,75.91,79.81,983.94,1967.88,3.919999999999959,0.003983982759127565,155.72,3.9000000000000057,-1.3099999999999454,15.68999999999994,7.190000000000055,16.999999999999886,2.3643946642009865,1.1368683772161603e-13,19.6099999999999,9.805000000000064,0.0,0.14000000000000057,0.14000000000000057,6.318648816345693,3.627759983804279,5.424871427047814,4.85610389098094
2024-05-22 10:34:26,984.6,970.21,75.97,79.81,977.405,1954.81,14.389999999999986,0.014722658453023393,155.78,3.8400000000000034,2.6200000000000045,-15.68999999999994,-6.535000000000082,18.309999999999945,2.801835837515513,3.92999999999995,-31.37999999999988,-13.725000000000136,0.060000000000002274,0.0,0.060000000000002274,6.2742649488107265,3.656937584932468,5.34593583949526,5.9974025627766965
2024-05-22 10:34:27,979.37,961.05,75.97,79.84,970.21,1940.42,18.32000000000005,0.018882509952605663,155.81,3.8700000000000045,-5.230000000000018,-9.160000000000082,-7.194999999999936,3.9300000000000637,0.5462125717564318,-7.850000000000023,6.529999999999859,-0.6599999999998545,0.0,0.030000000000001137,0.030000000000001137,6.22687885099237,4.966429049135001,5.348871843669487,6.657333362540901
2024-05-22 10:34:28,1014.67,971.52,76.02,79.95,993.095,1986.19,43.14999999999998,0.04345002236095233,155.97,3.930000000000007,35.299999999999955,10.470000000000027,22.88499999999999,24.829999999999927,1.0849901208219277,40.52999999999997,19.63000000000011,30.079999999999927,0.04999999999999716,0.10999999999999943,0.060000000000002274,6.367218013930769,8.656662896295007,14.717964193461,12.639513637794767
2024-05-22 10:34:29,987.21,974.13,76.02,79.95,980.6700000000001,1961.3400000000001,13.080000000000041,0.013337820048193807,155.97,3.930000000000007,-27.459999999999923,2.6100000000000136,-12.424999999999955,30.069999999999936,2.420120529567768,-62.75999999999988,-7.860000000000014,-35.309999999999945,0.0,0.0,0.0,6.287555258783387,8.431624546912076,14.71796419346099,14.328301713741222
2024-05-22 10:34:30,984.6,970.21,76.02,80.09,977.405,1954.81,14.389999999999986,0.014722658453023393,156.11,4.070000000000007,-2.6100000000000136,-3.919999999999959,-3.2650000000001,1.3099999999999454,0.4012249919678142,24.84999999999991,-6.529999999999973,9.159999999999854,0.0,0.14000000000000057,0.14000000000000057,6.26100181755812,8.380704475167397,12.721612712231083,13.916690339301208
2024-05-22 10:34:31,981.98,974.13,76.05,80.09,978.0550000000001,1956.1100000000001,7.850000000000023,0.00802613349144362,156.14,4.040000000000006,-2.6200000000000045,3.919999999999959,0.650000000000091,6.539999999999964,10.061522982270871,-0.009999999999990905,7.839999999999918,3.915000000000191,0.030000000000001137,0.0,0.030000000000001137,6.263961789010109,8.340042415964723,13.81724538393957,13.609464537592924
2024-05-22 10:34:32,980.67,971.52,76.05,80.23,976.095,1952.19,9.149999999999977,0.009374087553594567,156.28,4.180000000000007,-1.3100000000000591,-2.6100000000000136,-1.9600000000000364,1.2999999999999545,0.6632649677219198,1.3099999999999454,-6.529999999999973,-2.6100000000001273,0.0,0.14000000000000057,0.14000000000000057,6.245808764743994,6.928807978295425,14.577149241192515,13.096769926206981
2024-05-22 10:34:33,985.9,975.44,76.08,80.23,980.6700000000001,1961.3400000000001,10.459999999999923,0.010666177194503497,156.31,4.150000000000006,5.230000000000018,3.9200000000000728,4.5750000000000455,1.3099999999999454,0.28633873522649117,6.540000000000077,6.530000000000086,6.535000000000082,0.030000000000001137,0.0,0.030000000000001137,6.273878790391666,2.035170140330129,2.7135825028917044,6.311882643078837
2024-05-22 10:34:34,987.21,978.06,76.08,80.32,982.635,1965.27,9.150000000000091,0.009311697619857213,156.39999999999998,4.239999999999995,1.3100000000000591,2.619999999999891,1.9649999999999181,1.3099999999998317,0.6666663273962132,-3.919999999999959,-1.300000000000182,-2.6100000000001273,0.0,0.0899999999999892,0.0899999999999892,6.282832440646852,2.639804917051836,2.517498758688849,3.1202535954630415
2024-05-22 10:34:35,984.6,975.44,76.11,80.32,980.02,1960.04,9.159999999999968,0.009346748016013163,156.43,4.209999999999994,-2.6100000000000136,-2.619999999999891,-2.615000000000009,0.009999999999877218,0.003824090315788477,-3.9200000000000728,-5.239999999999782,-4.579999999999927,0.030000000000001137,0.0,0.030000000000001137,6.26491078268292,2.507461365622767,0.9227838316745406,2.937964005906108
2024-05-22 10:34:36,980.67,979.37,76.11,80.46,980.02,1960.04,1.2999999999999545,0.0013265035393904728,156.57,4.349999999999994,-3.9300000000000637,3.92999999999995,0.0,7.860000000000014,7860000.000000014,-1.32000000000005,6.549999999999841,2.615000000000009,0.0,0.14000000000000057,0.14000000000000057,6.259308895322802,2.3758803631687204,3.701706363287086,2.9453111041110507
2024-05-22 10:34:37,988.52,978.06,76.16,80.46,983.29,1966.58,10.460000000000036,0.010637756907282978,156.62,4.299999999999997,7.850000000000023,-1.3100000000000591,3.269999999999982,9.160000000000082,2.8012223849473235,11.780000000000086,-5.240000000000009,3.269999999999982,0.04999999999999716,0.0,0.04999999999999716,6.2781892077755765,1.5339801172408494,3.860217610446355,2.827073133118388
2024-05-22 10:34:38,981.98,975.44,76.16,80.6,978.71,1957.42,6.539999999999964,0.006682265424198893,156.76,4.439999999999998,-6.539999999999964,-2.619999999999891,-4.579999999999927,3.9200000000000728,0.85589500962994,-14.389999999999986,-1.3099999999998317,-7.849999999999909,0.0,0.14000000000000057,0.14000000000000057,6.243365614676158,1.9404316530324863,3.655231866790437,3.224919766443733
2024-05-22 10:34:39,987.21,975.44,76.16,80.6,981.325,1962.65,11.769999999999982,0.011993987708461513,156.76,4.439999999999998,5.230000000000018,0.0,2.615000000000009,5.230000000000018,1.9999992351819367,11.769999999999982,2.619999999999891,7.194999999999936,0.0,0.0,0.0,6.260047165985921,1.7306053854332348,4.138632624430465,3.3541962524574505
2024-05-22 10:34:40,987.21,981.98,76.16,80.68,984.595,1969.19,5.230000000000018,0.005311828716059079,156.84,4.52000000000001,0.0,6.539999999999964,3.269999999999982,6.539999999999964,1.9999993883793918,-5.230000000000018,6.539999999999964,0.6549999999999727,0.0,0.0800000000000125,0.0800000000000125,6.277703351965676,2.3848233687403475,4.199434485737358,3.354634853452687
2024-05-22 10:34:41,987.21,978.06,76.19,80.68,982.635,1965.27,9.150000000000091,0.009311697619857213,156.87,4.490000000000009,0.0,-3.9200000000000728,-1.9600000000000364,3.9200000000000728,1.9999989795923574,0.0,-10.460000000000036,-5.230000000000018,0.030000000000001137,0.0,0.030000000000001137,6.264008374679618,2.2371561188459292,2.7114110717484463,3.5942447050805524
2024-05-22 10:34:42,987.21,981.98,76.19,80.74,984.595,1969.19,5.230000000000018,0.005311828716059079,156.93,4.549999999999997,0.0,3.9200000000000728,1.9600000000000364,3.9200000000000728,1.9999989795923574,0.0,7.8400000000001455,3.9200000000000728,0.0,0.05999999999998806,0.05999999999998806,6.274103063314197,2.4728060983606523,2.834939152786184,3.385635833931294
2024-05-22 10:34:43,987.21,975.44,76.22,80.74,981.325,1962.65,11.769999999999982,0.011993987708461513,156.95999999999998,4.519999999999996,0.0,-6.539999999999964,-3.269999999999982,6.539999999999964,1.9999993883793918,0.0,-10.460000000000036,-5.230000000000018,0.030000000000001137,0.0,0.030000000000001137,6.252070551401182,1.6414475319331088,3.2828950638118064,2.9385191848956493
2024-05-22 10:34:44,987.21,983.29,76.22,80.85,985.25,1970.5,3.9200000000000728,0.003978685608750456,157.07,4.6299999999999955,0.0,7.849999999999909,3.9249999999999545,7.849999999999909,1.9999994904459897,0.0,14.389999999999873,7.194999999999936,0.0,0.10999999999999943,0.10999999999999943,6.2726809303324575,1.6414475319329422,3.28289506381181,3.2168890251296687
2024-05-22 10:34:45,991.14,979.37,76.28,80.85,985.255,1970.51,11.769999999999982,0.011946145909489255,157.13,4.569999999999993,3.92999999999995,-3.919999999999959,0.0049999999999954525,7.849999999999909,1569.6860627888516,3.92999999999995,-11.769999999999868,-3.919999999999959,0.060000000000002274,0.0,0.060000000000002274,6.270317531532378,1.7559669701018483,3.6534394753437214,2.902353786153529
2024-05-22 10:34:46,984.6,955.82,76.28,80.91,970.21,1940.42,28.779999999999973,0.029663681028165335,157.19,4.6299999999999955,-6.539999999999964,-23.549999999999955,-15.044999999999959,17.00999999999999,1.1306081003251538,-10.469999999999914,-19.629999999999995,-15.049999999999955,0.0,0.060000000000002274,0.060000000000002274,6.1722119335058725,6.424302102181202,9.90405623974336,7.506930964115725
2024-05-22 10:34:47,987.21,975.44,76.28,80.91,981.325,1962.65,11.769999999999982,0.011993987708461513,157.19,4.6299999999999955,2.6100000000000136,19.620000000000005,11.115000000000009,17.00999999999999,1.5303642347850421,9.149999999999977,43.16999999999996,26.159999999999968,0.0,0.0,0.0,6.242922538056349,6.169850687017482,9.140315640064047,9.667668022848085
2024-05-22 10:34:48,983.29,1017.28,76.28,80.96,1000.285,2000.57,33.99000000000001,0.033980315576080514,157.24,4.679999999999993,-3.9200000000000728,41.83999999999992,18.959999999999923,45.75999999999999,2.413501982410242,-6.530000000000086,22.219999999999914,7.844999999999914,0.0,0.04999999999999716,0.04999999999999716,6.3615173851340785,10.77702823138588,12.72546777136304,12.775818760455193
2024-05-22 10:34:49,988.52,980.67,76.28,80.96,984.595,1969.19,7.850000000000023,0.00797282130421869,157.24,4.679999999999993,5.230000000000018,-36.610000000000014,-15.68999999999994,41.84000000000003,2.6666664967070552,9.150000000000091,-78.44999999999993,-34.649999999999864,0.0,0.0,0.0,6.261733615735604,10.76907865140228,11.716181971956555,15.455315994828394
2024-05-22 10:34:50,981.98,979.37,76.28,80.96,980.675,1961.35,2.6100000000000136,0.0026614321741031243,157.24,4.679999999999993,-6.539999999999964,-1.2999999999999545,-3.9200000000000728,5.240000000000009,1.336734352873867,-11.769999999999982,35.31000000000006,11.769999999999868,0.0,0.0,0.0,6.236803572648157,10.865507121165066,13.652618796406777,15.546093319544898
2024-05-22 10:34:51,987.21,980.67,76.28,81.05,983.94,1967.88,6.540000000000077,0.006646746746095626,157.32999999999998,4.769999999999996,5.230000000000018,1.2999999999999545,3.2650000000001,3.9300000000000637,1.2036749759035121,11.769999999999982,2.599999999999909,7.185000000000173,0.0,0.09000000000000341,0.09000000000000341,6.253988392207537,8.067769518280015,12.422717899075055,13.393328283141534
2024-05-22 10:34:52,987.21,978.06,76.28,81.05,982.635,1965.27,9.150000000000091,0.009311697619857213,157.32999999999998,4.769999999999996,0.0,-2.6100000000000136,-1.3050000000000637,2.6100000000000136,1.9999984674340376,-5.230000000000018,-3.909999999999968,-4.570000000000164,0.0,0.0,0.0,6.245693725000359,7.890664103869089,12.518834610298182,12.580184120274195
2024-05-22 10:34:53,980.67,981.98,76.28,81.16,981.325,1962.65,1.3100000000000591,0.001334929812921437,157.44,4.8799999999999955,-6.540000000000077,3.9200000000000728,-1.3099999999999454,10.46000000000015,7.984726729216685,-6.540000000000077,6.530000000000086,-0.004999999999881766,0.0,0.10999999999999943,0.10999999999999943,6.2330093608167605,1.666007202892237,3.3850583451397362,7.136622625584168
2024-05-22 10:34:54,981.98,980.67,76.3,81.16,981.325,1962.65,1.3100000000000591,0.001334929812921437,157.45999999999998,4.859999999999999,1.3100000000000591,-1.3100000000000591,0.0,2.6200000000001182,2620000.0000001183,7.850000000000136,-5.230000000000132,1.3099999999999454,0.01999999999999602,0.0,0.01999999999999602,6.232217666504398,1.3068760461837043,3.507460619878752,2.6128131391280474
2024-05-22 10:34:55,985.9,981.98,76.3,81.27,983.94,1967.88,3.919999999999959,0.003983982759127565,157.57,4.969999999999999,3.919999999999959,1.3100000000000591,2.615000000000009,2.6099999999999,0.9980875724330089,2.6099999999999,2.6200000000001182,2.615000000000009,0.0,0.10999999999999943,0.10999999999999943,6.244462738817906,1.3075004780452955,3.408009683084867,2.1671138641058953
2024-05-22 10:34:56,980.67,981.98,76.36,81.27,981.325,1962.65,1.3100000000000591,0.001334929812921437,157.63,4.909999999999997,-5.230000000000018,0.0,-2.615000000000009,5.230000000000018,1.9999992351819367,-9.149999999999977,-1.3100000000000591,-5.230000000000018,0.060000000000002274,0.0,0.060000000000002274,6.225496376162556,1.1697435616786742,3.40724228665943,1.9829227165978682
2024-05-22 10:34:57,987.21,981.98,76.36,81.3,984.595,1969.19,5.230000000000018,0.005311828716059079,157.66,4.939999999999998,6.540000000000077,0.0,3.269999999999982,6.540000000000077,1.9999993883794267,11.770000000000095,0.0,5.884999999999991,0.0,0.030000000000001137,0.030000000000001137,6.245052605321245,1.6282260285625465,1.8473169733426944,2.5158065307172945
2024-05-22 10:34:58,987.21,980.67,76.36,81.3,983.94,1967.88,6.540000000000077,0.006646746746095626,157.66,4.939999999999998,0.0,-1.3100000000000591,-0.6549999999999727,1.3100000000000591,1.9999969465697207,-6.540000000000077,-1.3100000000000591,-3.9249999999999545,0.0,0.0,0.0,6.2408980956431686,1.574749980183643,2.338369089771778,2.420264964833359
2024-05-22 10:34:59,988.52,980.67,76.36,81.38,984.595,1969.19,7.850000000000023,0.00797282130421869,157.74,5.019999999999996,1.3099999999999454,0.0,0.6549999999999727,1.3099999999999454,1.999996946569547,1.3099999999999454,1.3100000000000591,1.3099999999999454,0.0,0.0799999999999983,0.0799999999999983,6.241885341436,1.356066923159804,2.516197528017245,2.4025413628072707
2024-05-22 10:35:00,987.21,976.75,76.36,81.38,981.98,1963.96,10.460000000000036,0.010651948094002004,157.74,5.019999999999996,-1.3099999999999454,-3.919999999999959,-2.615000000000009,2.6100000000000136,0.9980875724330524,-2.619999999999891,-3.919999999999959,-3.269999999999982,0.0,0.0,0.0,6.225307428519669,1.5334462821006267,3.384090719824161,2.4728060983424904
2024-05-22 10:35:01,988.52,978.06,76.36,81.44,983.29,1966.58,10.460000000000036,0.010637756907282978,157.8,5.079999999999998,1.3099999999999454,1.3099999999999454,1.3099999999999454,0.0,0.0,2.619999999999891,5.2299999999999045,3.9249999999999545,0.0,0.060000000000002274,0.060000000000002274,6.231242039092256,1.0936349939939525,2.3383690897717635,2.1984670795806296
2024-05-22 10:35:02,979.37,981.98,76.36,81.44,980.675,1961.35,2.6100000000000136,0.0026614321741031243,157.8,5.079999999999998,-9.149999999999977,3.9200000000000728,-2.615000000000009,13.07000000000005,4.998086042796926,-10.459999999999923,2.6100000000001273,-3.9249999999999545,0.0,0.0,0.0,6.214670429564825,1.573504845905573,3.2574575975751507,1.8150289253892855
2024-05-22 10:35:03,987.21,984.6,76.36,81.52,985.905,1971.81,2.6100000000000136,0.0026473138865841027,157.88,5.159999999999997,7.840000000000032,2.6200000000000045,5.230000000000018,5.220000000000027,0.9980877632719399,16.99000000000001,-1.3000000000000682,7.845000000000027,0.0,0.0799999999999983,0.0799999999999983,6.244647794244694,2.0673394738378477,3.968812164867486,3.255849735476114
2024-05-22 10:35:04,987.21,981.98,76.36,81.52,984.595,1969.19,5.230000000000018,0.005311828716059079,157.88,5.159999999999997,0.0,-2.6200000000000045,-1.3099999999999454,2.6200000000000045,1.999998473283695,-7.840000000000032,-5.240000000000009,-6.539999999999964,0.0,0.0,0.0,6.236350353202747,2.0673394738378477,3.96815196281596,3.333974729958198
2024-05-22 10:35:05,964.98,984.6,76.39,81.64,974.79,1949.58,19.620000000000005,0.02012741203733378,158.03,5.25,-22.230000000000018,2.6200000000000045,-9.805000000000064,24.850000000000023,2.5344209551839785,-22.230000000000018,5.240000000000009,-8.495000000000118,0.030000000000001137,0.12000000000000455,0.09000000000000341,6.168385710508222,4.395334742666221,7.190217660126848,5.554775648034771
2024-05-22 10:35:06,985.9,983.29,76.39,81.64,984.595,1969.19,2.6100000000000136,0.002650836127899469,158.03,5.25,20.91999999999996,-1.3100000000000591,9.805000000000064,22.230000000000018,2.2672103756032125,43.14999999999998,-3.9300000000000637,19.610000000000127,0.0,0.0,0.0,6.230430891410297,4.538559242765126,7.401640358731299,7.547229127302316
2024-05-22 10:35:07,989.83,987.21,76.42,81.69,988.52,1977.04,2.6200000000000045,0.0026504268981402276,158.11,5.269999999999996,3.9300000000000637,3.9200000000000728,3.9249999999999545,0.009999999999990905,0.002547770051521266,-16.989999999999895,5.230000000000132,-5.880000000000109,0.030000000000001137,0.04999999999999716,0.01999999999999602,6.2521029267465495,5.22213486038885,7.400315533813408,7.490692057480427
2024-05-22 10:35:08,988.52,983.29,76.42,81.69,985.905,1971.81,5.230000000000018,0.005304770738250894,158.11,5.269999999999996,-1.3100000000000591,-3.9200000000000728,-2.615000000000009,2.6100000000000136,0.9980875724330524,-5.240000000000123,-7.8400000000001455,-6.539999999999964,0.0,0.0,0.0,6.235563808515819,5.22213486038885,7.140859192002038,7.35248257393381
2024-05-22 10:35:09,1009.44,987.21,76.44,81.75,998.325,1996.65,22.230000000000018,0.022267297701382534,158.19,5.310000000000002,20.920000000000073,3.9200000000000728,12.420000000000073,17.0,1.3687599542061148,22.230000000000132,7.8400000000001455,15.035000000000082,0.01999999999999602,0.060000000000002274,0.04000000000000625,6.310923533024063,8.440846077265478,9.655043759610829,9.097715647348009
2024-05-22 10:35:10,988.52,984.6,76.47,81.75,986.56,1973.12,3.919999999999959,0.00397340252597567,158.22,5.280000000000001,-20.920000000000073,-2.6100000000000136,-11.7650000000001,18.31000000000006,1.5563109599395617,-41.840000000000146,-6.530000000000086,-24.185000000000173,0.030000000000001137,0.0,0.030000000000001137,6.235368434866841,5.52002875899094,8.404021061372953,9.789623588269425
2024-05-22 10:35:11,987.21,989.83,76.47,81.83,988.52,1977.04,2.6200000000000045,0.0026504268981402276,158.3,5.359999999999999,-1.3099999999999454,5.230000000000018,1.9600000000000364,6.539999999999964,3.336732991462679,19.610000000000127,7.840000000000032,13.725000000000136,0.0,0.0799999999999983,0.0799999999999983,6.244598823470632,5.0335690618175475,8.40262042460566,8.88363593918621
2024-05-22 10:35:12,991.14,984.6,76.47,81.83,987.87,1975.74,6.539999999999964,0.006620304284348811,158.3,5.359999999999999,3.92999999999995,-5.230000000000018,-0.6499999999999773,9.159999999999968,14.092286011868117,5.239999999999895,-10.460000000000036,-2.6100000000000136,0.0,0.0,0.0,6.24049269589076,5.0755558808949015,8.028540963338248,8.713343933301434
2024-05-22 10:35:13,991.14,1000.29,76.47,81.89,995.7149999999999,1991.4299999999998,9.149999999999977,0.009189376468980182,158.36,5.420000000000002,0.0,15.68999999999994,7.844999999999914,15.68999999999994,1.999999745060595,-3.92999999999995,20.91999999999996,8.49499999999989,0.0,0.060000000000002274,0.060000000000002274,6.2876673005325365,5.262027413467735,7.8670115037414465,9.209133102523852
2024-05-22 10:35:14,983.29,985.9,76.47,81.89,984.595,1969.19,2.6100000000000136,0.002650836127899469,158.36,5.420000000000002,-7.850000000000023,-14.389999999999986,-11.11999999999989,6.539999999999964,0.5881294435135418,-7.850000000000023,-30.079999999999927,-18.964999999999804,0.0,0.0,0.0,6.217447548513213,4.223465105820907,2.8342494597335666,8.517264378895344
2024-05-22 10:35:15,988.52,978.06,76.47,81.95,983.29,1966.58,10.460000000000036,0.010637756907282978,158.42000000000002,5.480000000000004,5.230000000000018,-7.840000000000032,-1.3050000000000637,13.07000000000005,10.015317995924457,13.080000000000041,6.5499999999999545,9.814999999999827,0.0,0.060000000000002274,0.060000000000002274,6.206855155871384,4.837009148232727,3.6277169128806164,6.874353969646817
2024-05-22 10:35:16,981.98,987.21,76.47,81.95,984.595,1969.19,5.230000000000018,0.005311828716059079,158.42000000000002,5.480000000000004,-6.539999999999964,9.150000000000091,1.3050000000000637,15.690000000000055,12.02297929273563,-11.769999999999982,16.990000000000123,2.6100000000001273,0.0,0.0,0.0,6.215092752082485,5.045132059727216,3.122766401766238,6.818098158577579
2024-05-22 10:35:17,981.98,987.21,76.47,81.95,984.595,1969.19,5.230000000000018,0.005311828716059079,158.42000000000002,5.480000000000004,0.0,0.0,0.0,0.0,0.0,6.539999999999964,-9.150000000000091,-1.3050000000000637,0.0,0.0,0.0,6.215092752082485,5.1500140776591765,3.2037290771849065,6.827505950198723
2024-05-22 10:35:18,981.98,981.98,76.47,82.0,981.98,1963.96,0.0,0.0,158.47,5.530000000000001,0.0,-5.230000000000018,-2.615000000000009,5.230000000000018,1.9999992351819367,0.0,-5.230000000000018,-2.615000000000009,0.0,0.04999999999999716,0.04999999999999716,6.196630237921182,1.1691845449242346,3.8793465944666754,4.9032802795679
2024-05-22 10:35:19,981.98,984.6,76.47,82.0,983.29,1966.58,2.6200000000000045,0.0026645241966616975,158.47,5.530000000000001,0.0,2.6200000000000045,1.3099999999999454,2.6200000000000045,1.999998473283695,0.0,7.850000000000023,3.9249999999999545,0.0,0.0,0.0,6.204896786742621,1.0936349939947345,3.8779981949454543,1.7043891867762697
2024-05-22 10:35:20,981.98,987.21,76.47,82.09,984.595,1969.19,5.230000000000018,0.005311828716059079,158.56,5.6200000000000045,0.0,2.6100000000000136,1.3050000000000637,2.6100000000000136,1.9999984674340376,0.0,-0.009999999999990905,-0.004999999999881766,0.0,0.09000000000000341,0.09000000000000341,6.209605157608444,1.1691845449242346,2.33836908977179,1.704389186776269
2024-05-22 10:35:21,984.6,978.06,76.47,82.09,981.3299999999999,1962.6599999999999,6.540000000000077,0.006664424804434444,158.56,5.6200000000000045,2.6200000000000045,-9.150000000000091,-3.2650000000001,11.770000000000095,3.6048993553140516,2.6200000000000045,-11.760000000000105,-4.570000000000164,0.0,0.0,0.0,6.189013583570802,1.4896836912882494,2.615000956022813,2.1671138641058927
2024-05-22 10:35:22,987.21,987.21,76.47,82.14,987.21,1974.42,0.0,0.0,158.61,5.670000000000002,2.6100000000000136,9.150000000000091,5.880000000000109,6.540000000000077,1.1122447088019127,-0.009999999999990905,18.300000000000182,9.14500000000021,0.0,0.04999999999999716,0.04999999999999716,6.224134630703394,2.3378793809967844,2.982217295905898,3.6784619747933127
2024-05-22 10:35:23,987.21,987.21,76.47,82.14,987.21,1974.42,0.0,0.0,158.61,5.670000000000002,0.0,0.0,0.0,0.0,0.0,-2.6100000000000136,-9.150000000000091,-5.880000000000109,0.0,0.0,0.0,6.224134630703394,2.5471837389731804,2.982217295905898,3.2856951319317953
2024-05-22 10:35:24,987.21,988.52,76.47,82.2,987.865,1975.73,1.3099999999999454,0.0013260921266305145,158.67000000000002,5.730000000000004,0.0,1.3099999999999454,0.6549999999999727,1.3099999999999454,1.999996946569547,0.0,1.3099999999999454,0.6549999999999727,0.0,0.060000000000002274,0.060000000000002274,6.225909080318213,2.717927979194596,3.0668925641437683,3.285595455925807
2024-05-22 10:35:25,985.9,983.29,76.47,82.2,984.595,1969.19,2.6100000000000136,0.002650836127899469,158.67000000000002,5.730000000000004,-1.3100000000000591,-5.230000000000018,-3.269999999999982,3.919999999999959,1.198776391811495,-1.3100000000000591,-6.539999999999964,-3.9249999999999545,0.0,0.0,0.0,6.205300269708828,2.717927979194596,2.711894171976542,3.7535499863462944
2024-05-22 10:35:26,988.52,988.52,76.5,82.25,988.52,1977.04,0.0,0.0,158.75,5.75,2.6200000000000045,5.230000000000018,3.9249999999999545,2.6100000000000136,0.6649679834476587,3.9300000000000637,10.460000000000036,7.194999999999936,0.030000000000001137,0.04999999999999716,0.01999999999999602,6.226897598570724,1.4915470157147586,1.1677885082497426,3.562398419604406
2024-05-22 10:35:27,987.21,981.98,76.5,82.25,984.595,1969.19,5.230000000000018,0.005311828716059079,158.75,5.75,-1.3099999999999454,-6.539999999999964,-3.9249999999999545,5.230000000000018,1.3324837369468387,-3.92999999999995,-11.769999999999982,-7.849999999999909,0.0,0.0,0.0,6.20217318927765,1.8499682429944344,2.187269987907344,3.1845537363969236
2024-05-22 10:35:28,984.6,988.52,76.5,82.31,986.56,1973.12,3.919999999999959,0.00397340252597567,158.81,5.810000000000002,-2.6100000000000136,6.539999999999964,1.9649999999999181,9.149999999999977,4.656486179905435,-1.3000000000000682,13.079999999999927,5.889999999999873,0.0,0.060000000000002274,0.060000000000002274,6.21220322264213,1.8151191421193196,2.0665502655392056,3.3804548510517813
2024-05-22 10:35:29,983.29,988.52,76.5,82.31,985.905,1971.81,5.230000000000018,0.005304770738250894,158.81,5.810000000000002,-1.3100000000000591,0.0,-0.6549999999999727,1.3100000000000591,1.9999969465697207,1.2999999999999545,-6.539999999999964,-2.619999999999891,0.0,0.0,0.0,6.2080787972540845,1.6290296191562097,2.188165898646657,3.3550737696807085
2024-05-22 10:35:30,985.9,989.83,76.5,82.34,987.865,1975.73,3.9300000000000637,0.003978276379891774,158.84,5.840000000000003,2.6100000000000136,1.3100000000000591,1.9600000000000364,1.2999999999999545,0.6632649677219198,3.9200000000000728,1.3100000000000591,2.615000000000009,0.0,0.030000000000001137,0.030000000000001137,6.219245742764759,1.5613832009112039,2.14859721679056,3.033336446884782
2024-05-22 10:35:31,987.21,987.21,76.5,82.34,987.21,1974.42,0.0,0.0,158.84,5.840000000000003,1.3100000000000591,-2.6200000000000045,-0.6549999999999727,3.9300000000000637,5.999990839708989,-1.2999999999999545,-3.9300000000000637,-2.615000000000009,0.0,0.0,0.0,6.215122096354054,1.257709227161803,2.14859721679056,2.4301892930386475
2024-05-22 10:35:32,988.52,993.75,76.5,82.39,991.135,1982.27,5.230000000000018,0.005276778637343288,158.89,5.890000000000001,1.3099999999999454,6.539999999999964,3.9249999999999545,5.230000000000018,1.3324837369468387,-1.1368683772161603e-13,9.159999999999968,4.579999999999927,0.0,0.04999999999999716,0.04999999999999716,6.237868926692247,2.0360531673035416,2.14859721679056,1.9629174715203106
2024-05-22 10:35:33,983.29,985.9,76.5,82.39,984.595,1969.19,2.6100000000000136,0.002650836127899469,158.89,5.890000000000001,-5.230000000000018,-7.850000000000023,-6.539999999999964,2.6200000000000045,0.4006115595395198,-6.539999999999964,-14.389999999999986,-10.464999999999918,0.0,0.0,0.0,6.196708375626482,2.464182420213043,2.1887667760636713,3.940324542471045
2024-05-22 10:35:34,984.6,983.29,76.5,82.39,983.9449999999999,1967.8899999999999,1.3100000000000591,0.0013313752279534772,158.89,5.890000000000001,1.3100000000000591,-2.6100000000000136,-0.650000000000091,3.9200000000000728,6.030759952676264,6.540000000000077,5.240000000000009,5.889999999999873,0.0,0.0,0.0,6.192617495168875,2.872068070239173,2.068134425031447,3.940242061092144
2024-05-22 10:35:35,983.29,985.9,76.5,82.39,984.595,1969.19,2.6100000000000136,0.002650836127899469,158.89,5.890000000000001,-1.3100000000000591,2.6100000000000136,0.650000000000091,3.9200000000000728,6.030759952676264,-2.6200000000001182,5.220000000000027,1.300000000000182,0.0,0.0,0.0,6.196708375626482,2.981833328690212,1.9386644887654312,3.785256596322061
2024-05-22 10:35:36,983.29,987.21,76.5,82.45,985.25,1970.5,3.9200000000000728,0.003978685608750456,158.95,5.950000000000003,0.0,1.3100000000000591,0.6549999999999727,1.3100000000000591,1.9999969465697207,1.3100000000000591,-1.2999999999999545,0.004999999999881766,0.0,0.060000000000002274,0.060000000000002274,6.198490052227179,2.960393554932855,1.4905636517774425,3.830239222294041
2024-05-22 10:35:37,979.37,987.21,76.5,82.45,983.29,1966.58,7.840000000000032,0.00797323271062128,158.95,5.950000000000003,-3.919999999999959,0.0,-1.9600000000000364,3.919999999999959,1.9999989795922994,-3.919999999999959,-1.3100000000000591,-2.615000000000009,0.0,0.0,0.0,6.186159130631274,0.7444041241751209,2.513338417324675,2.982382436911768
2024-05-22 10:35:38,987.21,987.21,76.5,82.45,987.21,1974.42,0.0,0.0,158.95,5.950000000000003,7.840000000000032,0.0,3.9200000000000728,7.840000000000032,1.9999994897960194,11.759999999999991,0.0,5.880000000000109,0.0,0.0,0.0,6.2108209738230835,1.5039057484060008,3.0078114967531064,2.1859997712717276
2024-05-22 10:35:39,987.21,988.52,76.5,82.54,987.865,1975.73,1.3099999999999454,0.0013260921266305145,159.04000000000002,6.040000000000006,0.0,1.3099999999999454,0.6549999999999727,1.3099999999999454,1.999996946569547,-7.840000000000032,1.3099999999999454,-3.2650000000001,0.0,0.09000000000000341,0.09000000000000341,6.2114247597370165,1.8829584435371902,3.0078114967531238,2.086580336339816
2024-05-22 10:35:40,987.21,988.52,76.5,82.54,987.865,1975.73,1.3099999999999454,0.0013260921266305145,159.04000000000002,6.040000000000006,0.0,0.0,0.0,0.0,0.0,0.0,-1.3099999999999454,-0.6549999999999727,0.0,0.0,0.0,6.2114247597370165,1.9930548161271264,3.1187866230315153,2.117042158295386
2024-05-22 10:35:41,987.21,987.21,76.5,82.54,987.21,1974.42,0.0,0.0,159.04000000000002,6.040000000000006,0.0,-1.3099999999999454,-0.6549999999999727,1.3099999999999454,1.999996946569547,0.0,-1.3099999999999454,-0.6549999999999727,0.0,0.0,0.0,6.207306298998325,1.9275651740180577,3.279309378512535,2.1964590822503327
2024-05-22 10:35:42,984.6,987.21,76.53,82.54,985.905,1971.81,2.6100000000000136,0.0026473138865841027,159.07,6.010000000000005,-2.6100000000000136,0.0,-1.3050000000000637,2.6100000000000136,1.9999984674340376,-2.6100000000000136,1.3099999999999454,-0.650000000000091,0.030000000000001137,0.0,0.030000000000001137,6.19793168920644,0.8001671700880846,1.0924422181516744,2.0346885511055453
2024-05-22 10:35:43,981.98,992.44,76.53,82.59,987.21,1974.42,10.460000000000036,0.010595516647323791,159.12,6.060000000000002,-2.6200000000000045,5.230000000000018,1.3050000000000637,7.850000000000023,6.015321061056382,-0.009999999999990905,5.230000000000018,2.6100000000001273,0.0,0.04999999999999716,0.04999999999999716,6.2041854813713835,0.8001671700880846,4.195851522635227,1.0324848667171287
2024-05-22 10:35:44,989.83,988.52,76.53,82.59,989.175,1978.35,1.3100000000000591,0.0013243359351739815,159.12,6.060000000000002,7.850000000000023,-3.9200000000000728,1.9649999999999181,11.770000000000095,5.9898188346980925,10.470000000000027,-9.150000000000091,0.6599999999998545,0.0,0.0,0.0,6.2165346517311795,1.1882160999105023,4.195851522635214,1.3558281602031363
2024-05-22 10:35:45,987.21,987.21,76.53,82.59,987.21,1974.42,0.0,0.0,159.12,6.060000000000002,-2.6200000000000045,-1.3099999999999454,-1.9649999999999181,1.3100000000000591,0.6666663273963289,-10.470000000000027,2.6100000000001273,-3.9299999999998363,0.0,0.0,0.0,6.2041854813713835,1.1701634501584017,4.375583389675052,1.6934963832260574
2024-05-22 10:35:46,987.21,981.98,76.53,82.59,984.595,1969.19,5.230000000000018,0.005311828716059079,159.12,6.060000000000002,0.0,-5.230000000000018,-2.615000000000009,5.230000000000018,1.9999992351819367,2.6200000000000045,-3.9200000000000728,-0.650000000000091,0.0,0.0,0.0,6.1877513437169975,1.7057307818313814,4.134678947633075,2.037098426684326
2024-05-22 10:35:47,987.21,981.98,76.53,82.59,984.595,1969.19,5.230000000000018,0.005311828716059079,159.12,6.060000000000002,0.0,0.0,0.0,0.0,0.0,0.0,5.230000000000018,2.615000000000009,0.0,0.0,0.0,6.1877513437169975,1.9625003184935728,4.092643400053336,1.9950238093816632
2024-05-22 10:35:48,988.52,991.14,76.53,82.68,989.8299999999999,1979.6599999999999,2.6200000000000045,0.0026469191652638184,159.21,6.150000000000006,1.3099999999999454,9.159999999999968,5.2349999999999,7.850000000000023,1.4995221586395442,1.3099999999999454,9.159999999999968,5.2349999999999,0.0,0.09000000000000341,0.09000000000000341,6.217134563047957,2.465708316100387,2.3383690897717844,3.1856325902400355
2024-05-22 10:35:49,984.6,989.83,76.53,82.68,987.215,1974.43,5.230000000000018,0.005297731491825272,159.21,6.150000000000006,-3.919999999999959,-1.3099999999999454,-2.6149999999998954,2.6100000000000136,0.9980875724330958,-5.2299999999999045,-10.469999999999914,-7.849999999999795,0.0,0.0,0.0,6.200709715465676,2.1899583329568473,2.338369089771791,3.323198007943459
2024-05-22 10:35:50,987.21,988.52,76.53,82.68,987.865,1975.73,1.3099999999999454,0.0013260921266305145,159.21,6.150000000000006,2.6100000000000136,-1.3100000000000591,0.6499999999999773,3.9200000000000728,6.030759952677318,6.529999999999973,-1.1368683772161603e-13,3.2649999999998727,0.0,0.0,0.0,6.204792373564523,2.247743312766608,1.8473169733427484,3.2178552639917526
2024-05-22 10:35:51,987.21,987.21,76.53,82.68,987.21,1974.42,0.0,0.0,159.21,6.150000000000006,0.0,-1.3099999999999454,-0.6549999999999727,1.3099999999999454,1.999996946569547,-2.6100000000000136,1.1368683772161603e-13,-1.30499999999995,0.0,0.0,0.0,6.200678310403378,1.8737148929563776,2.3383690897718035,2.903761784306592
2024-05-22 10:35:52,984.6,987.21,76.53,82.68,985.905,1971.81,2.6100000000000136,0.0026473138865841027,159.21,6.150000000000006,-2.6100000000000136,0.0,-1.3050000000000637,2.6100000000000136,1.9999984674340376,-2.6100000000000136,1.3099999999999454,-0.650000000000091,0.0,0.0,0.0,6.1924815891433855,1.4332088124507014,1.9390023207825704,3.018889696560551
2024-05-22 10:35:53,987.21,987.21,76.56,82.68,987.21,1974.42,0.0,0.0,159.24,6.1200000000000045,2.6100000000000136,0.0,1.3050000000000637,2.6100000000000136,1.9999984674340376,5.220000000000027,0.0,2.6100000000001273,0.030000000000001137,0.0,0.030000000000001137,6.199510134391421,0.7156937194687913,2.187269987907345,1.5590798568385724
2024-05-22 10:35:54,989.83,987.21,76.56,82.68,988.52,1977.04,2.6200000000000045,0.0026504268981402276,159.24,6.1200000000000045,2.6200000000000045,0.0,1.3099999999999454,2.6200000000000045,1.999998473283695,0.009999999999990905,0.0,0.004999999999881766,0.0,0.0,0.0,6.207736710576885,0.9696687579203348,1.3075052581156863,1.1867044703715661
2024-05-22 10:35:55,1019.9,991.14,76.59,82.73,1005.52,2011.04,28.75999999999999,0.028602116289479947,159.32,6.140000000000001,30.069999999999936,3.92999999999995,17.0,26.139999999999986,1.5376469683737068,27.449999999999932,3.92999999999995,15.690000000000055,0.030000000000001137,0.04999999999999716,0.01999999999999602,6.311323083659785,8.239954186770888,12.346559034808035,7.619241596117024
2024-05-22 10:35:56,987.21,988.52,76.59,82.73,987.865,1975.73,1.3099999999999454,0.0013260921266305145,159.32,6.140000000000001,-32.68999999999994,-2.6200000000000045,-17.654999999999973,30.069999999999936,1.7032001300934494,-62.75999999999988,-6.5499999999999545,-34.65499999999997,0.0,0.0,0.0,6.200508371827088,8.172087707561818,12.179000369488461,12.305845866904056
2024-05-22 10:35:57,989.83,987.21,76.59,82.73,988.52,1977.04,2.6200000000000045,0.0026504268981402276,159.32,6.140000000000001,2.6200000000000045,-1.3099999999999454,0.6549999999999727,3.92999999999995,5.999990839708815,35.309999999999945,1.3100000000000591,18.309999999999945,0.0,0.0,0.0,6.204619594497744,7.841155527094359,12.178087698813805,12.279856778480747
2024-05-22 10:35:58,984.6,984.6,76.59,82.73,984.6,1969.2,0.0,0.0,159.32,6.140000000000001,-5.230000000000018,-2.6100000000000136,-3.919999999999959,2.6200000000000045,0.6683671764369529,-7.850000000000023,-1.3000000000000682,-4.574999999999932,0.0,0.0,0.0,6.1800150252321435,8.27525377254877,12.178087698813805,12.418213740309008
2024-05-22 10:35:59,988.52,987.21,76.59,82.73,987.865,1975.73,1.3099999999999454,0.0013260921266305145,159.32,6.140000000000001,3.919999999999959,2.6100000000000136,3.2649999999999864,1.3099999999999454,0.4012249919678281,9.149999999999977,5.220000000000027,7.184999999999945,0.0,0.0,0.0,6.200508371827088,8.329433804292023,12.310911826505794,12.520671607385902
2024-05-22 10:36:00,988.52,987.21,76.59,82.73,987.865,1975.73,1.3099999999999454,0.0013260921266305145,159.32,6.140000000000001,0.0,0.0,0.0,0.0,0.0,-3.919999999999959,-2.6100000000000136,-3.2649999999999864,0.0,0.0,0.0,6.200508371827088,1.5593933115430083,0.9263098833544494,8.303837516473905
2024-05-22 10:36:01,988.52,1019.9,76.59,82.73,1004.21,2008.42,31.379999999999995,0.03124844401942975,159.32,6.140000000000001,0.0,32.68999999999994,16.345000000000027,32.68999999999994,1.999999877638422,0.0,32.68999999999994,16.345000000000027,0.0,0.0,0.0,6.303100638318475,7.754325083466842,13.479578257497536,7.748917182419738
2024-05-22 10:36:02,988.52,984.6,76.59,82.79,986.56,1973.12,3.919999999999959,0.00397340252597567,159.38,6.200000000000003,0.0,-35.299999999999955,-17.65000000000009,35.299999999999955,1.9999998866855457,0.0,-67.9899999999999,-33.99500000000012,0.0,0.060000000000002274,0.060000000000002274,6.189986157673571,7.933979928137172,13.378319401180418,12.287593641555725
2024-05-22 10:36:03,988.52,981.98,76.59,82.79,985.25,1970.5,6.539999999999964,0.006637909153374325,159.38,6.200000000000003,0.0,-2.6200000000000045,-1.3099999999999454,2.6200000000000045,1.999998473283695,0.0,32.67999999999995,16.340000000000146,0.0,0.0,0.0,6.181766807743966,7.823428755992061,12.756726460969542,12.154971719424145
2024-05-22 10:36:04,980.67,987.21,76.59,82.79,983.94,1967.88,6.540000000000077,0.006646746746095626,159.38,6.200000000000003,-7.850000000000023,5.230000000000018,-1.3099999999999454,13.080000000000041,9.984725202500293,-7.850000000000023,7.850000000000023,0.0,0.0,0.0,0.0,6.17354745781436,8.316488141041514,12.181039364520592,12.031548113189787
2024-05-22 10:36:05,988.52,987.21,76.59,82.79,987.865,1975.73,1.3099999999999454,0.0013260921266305145,159.38,6.200000000000003,7.850000000000023,0.0,3.9249999999999545,7.850000000000023,1.9999994904460185,15.700000000000045,-5.230000000000018,5.2349999999999,0.0,0.0,0.0,6.198174136038562,8.316488141041514,12.181039364520592,12.222104462816567
2024-05-22 10:36:06,987.21,987.21,76.59,82.79,987.21,1974.42,0.0,0.0,159.38,6.200000000000003,-1.3099999999999454,0.0,-0.6549999999999727,1.3099999999999454,1.999996946569547,-9.159999999999968,0.0,-4.579999999999927,0.0,0.0,0.0,6.194064461073759,1.575269818185848,2.9822172959058832,8.261194677526998
2024-05-22 10:36:07,983.29,983.29,76.59,82.79,983.29,1966.58,0.0,0.0,159.38,6.200000000000003,-3.9200000000000728,-3.9200000000000728,-3.9200000000000728,0.0,0.0,-2.6100000000001273,-3.9200000000000728,-3.2650000000001,0.0,0.0,0.0,6.169469154414172,1.9935470900101728,3.3854423640050664,2.8502048172016936
2024-05-22 10:36:08,987.21,987.21,76.59,82.79,987.21,1974.42,0.0,0.0,159.38,6.200000000000003,3.9200000000000728,3.9200000000000728,3.9200000000000728,0.0,0.0,7.8400000000001455,7.8400000000001455,7.8400000000001455,0.0,0.0,0.0,6.194064461073759,2.1181997073193117,2.835630441365785,3.4465645939108556
2024-05-22 10:36:09,985.9,980.67,76.59,82.79,983.285,1966.57,5.230000000000018,0.005318905500115544,159.38,6.200000000000003,-1.3100000000000591,-6.540000000000077,-3.925000000000068,5.230000000000018,1.3324837369468001,-5.230000000000132,-10.46000000000015,-7.845000000000141,0.0,0.0,0.0,6.169437782849556,2.283737616296563,2.2646567068763774,3.9334231275061255
2024-05-22 10:36:10,985.9,988.52,76.59,82.84,987.21,1974.42,2.6200000000000045,0.002653943940343048,159.43,6.25,0.0,7.850000000000023,3.925000000000068,7.850000000000023,1.9999994904459606,1.3100000000000591,14.3900000000001,7.850000000000136,0.0,0.04999999999999716,0.04999999999999716,6.192121895552143,2.1484424591056848,2.3394871232815437,3.933423127506155
2024-05-22 10:36:11,984.6,988.52,76.59,82.84,986.56,1973.12,3.919999999999959,0.00397340252597567,159.43,6.25,-1.2999999999999545,0.0,-0.650000000000091,1.2999999999999545,1.9999969230813068,-1.2999999999999545,-7.850000000000023,-4.575000000000159,0.0,0.0,0.0,6.188044871178292,2.0470417680370345,2.3386491827548865,3.933257237964526
2024-05-22 10:36:12,980.67,981.98,76.59,82.84,981.325,1962.65,1.3100000000000591,0.001334929812921437,159.43,6.25,-3.9300000000000637,-6.539999999999964,-5.2349999999999,2.6099999999999,0.4985672400062483,-2.630000000000109,-6.539999999999964,-4.584999999999809,0.0,0.0,0.0,6.15520914410582,2.6729679197641953,2.0665502655391803,4.27881788581846
2024-05-22 10:36:13,987.21,987.21,76.59,82.84,987.21,1974.42,0.0,0.0,159.43,6.25,6.540000000000077,5.230000000000018,5.884999999999991,1.3100000000000591,0.2225997922515325,10.470000000000141,11.769999999999982,11.11999999999989,0.0,0.0,0.0,6.192121895552143,2.6729679197641953,2.0665502655391803,4.828876680968335
2024-05-22 10:36:14,992.44,987.21,76.64,82.84,989.825,1979.65,5.230000000000018,0.005283762275873266,159.48000000000002,6.200000000000003,5.230000000000018,0.0,2.615000000000009,5.230000000000018,1.9999992351819367,-1.3100000000000591,-5.230000000000018,-3.269999999999982,0.04999999999999716,0.0,0.04999999999999716,6.206577588371096,3.1153117821635328,2.0665502655391803,4.363212119528408
2024-05-22 10:36:15,985.9,987.21,76.64,82.84,986.5550000000001,1973.1100000000001,1.3100000000000591,0.001327852982015403,159.48000000000002,6.200000000000003,-6.540000000000077,0.0,-3.269999999999982,6.540000000000077,1.9999993883794267,-11.770000000000095,0.0,-5.884999999999991,0.0,0.0,0.0,6.186073450049702,3.087752014020406,2.1473774703111785,4.469515354040019
2024-05-22 10:36:16,991.14,987.21,76.64,82.84,989.175,1978.35,3.92999999999995,0.003973007805521715,159.48000000000002,6.200000000000003,5.240000000000009,0.0,2.619999999999891,5.240000000000009,1.9999992366415995,11.780000000000086,0.0,5.889999999999873,0.0,0.0,0.0,6.202501842221583,3.353855244354817,2.149204503996776,4.611570502551088
2024-05-22 10:36:17,991.14,983.29,76.64,82.84,987.2149999999999,1974.4299999999998,7.850000000000023,0.00795166199059816,159.48000000000002,6.200000000000003,0.0,-3.9200000000000728,-1.9600000000000364,3.9200000000000728,1.9999989795923574,-5.240000000000009,-3.9200000000000728,-4.579999999999927,0.0,0.0,0.0,6.19021189998613,1.4177023665371038,3.1229761446415285,3.739382636211447
2024-05-22 10:36:18,991.14,1006.82,76.64,82.87,998.98,1997.96,15.680000000000064,0.015696009914416758,159.51,6.230000000000004,0.0,23.530000000000086,11.7650000000001,23.530000000000086,1.9999998300042547,0.0,27.45000000000016,13.725000000000136,0.0,0.030000000000001137,0.030000000000001137,6.262804800559183,5.009076761248692,5.495425370251171,5.8937630169527715
2024-05-22 10:36:19,992.44,991.14,76.64,82.9,991.79,1983.58,1.3000000000000682,0.001310761349367615,159.54000000000002,6.260000000000005,1.3000000000000682,-15.680000000000064,-7.190000000000055,16.980000000000132,2.3616130234196078,1.3000000000000682,-39.21000000000015,-18.955000000000155,0.0,0.030000000000001137,0.030000000000001137,6.216560071351634,5.034608475351494,6.031063753601028,7.258408572132077
2024-05-22 10:36:20,985.9,987.21,76.64,82.9,986.5550000000001,1973.1100000000001,1.3100000000000591,0.001327852982015403,159.54000000000002,6.260000000000005,-6.540000000000077,-3.92999999999995,-5.2349999999999,2.6100000000001273,0.4985672400062917,-7.8400000000001455,11.750000000000114,1.9550000000001546,0.0,0.0,0.0,6.183746983930381,5.034608475351494,6.031063753601028,7.5535182200084865
2024-05-22 10:36:21,985.9,985.9,76.64,82.9,985.9,1971.8,0.0,0.0,159.54000000000002,6.260000000000005,0.0,-1.3100000000000591,-0.6550000000000864,1.3100000000000591,1.9999969465693737,6.540000000000077,2.619999999999891,4.5799999999998136,0.0,0.0,0.0,6.179641430489899,5.482700748726139,6.599831058443858,7.410162784986599
2024-05-22 10:36:22,985.9,981.98,76.64,82.9,983.94,1967.88,3.919999999999959,0.003983982759127565,159.54000000000002,6.260000000000005,0.0,-3.919999999999959,-1.9599999999999227,3.919999999999959,1.9999989795924153,0.0,-2.6099999999999,-1.3049999999998363,0.0,0.0,0.0,6.1673561102710535,6.075332912695645,6.441624018832536,7.410162784986594
2024-05-22 10:36:23,991.14,983.29,76.64,82.9,987.2149999999999,1974.4299999999998,7.850000000000023,0.00795166199059816,159.54000000000002,6.260000000000005,5.240000000000009,1.3099999999999454,3.2749999999998636,3.9300000000000637,1.1999996335879675,5.240000000000009,5.2299999999999045,5.234999999999786,0.0,0.0,0.0,6.18788387747346,2.9038745668652206,3.1240246477900957,4.074755514138155
2024-05-22 10:36:24,988.52,987.21,76.64,82.9,987.865,1975.73,1.3099999999999454,0.0013260921266305145,159.54000000000002,6.260000000000005,-2.6200000000000045,3.9200000000000728,0.650000000000091,6.540000000000077,10.061522982271045,-7.860000000000014,2.6100000000001273,-2.6249999999997726,0.0,0.0,0.0,6.191958090811344,1.5067307324429302,3.122766401766249,3.152096524537163
2024-05-22 10:36:25,983.29,984.6,76.64,82.9,983.9449999999999,1967.8899999999999,1.3100000000000591,0.0013313752279534772,159.54000000000002,6.260000000000005,-5.230000000000018,-2.6100000000000136,-3.9200000000000728,2.6200000000000045,0.6683671764369336,-2.6100000000000136,-6.530000000000086,-4.570000000000164,0.0,0.0,0.0,6.167387450373652,1.8147610035728894,3.122766401766249,2.712136150712131
2024-05-22 10:36:26,984.6,981.98,76.64,82.9,983.29,1966.58,2.6200000000000045,0.0026645241966616975,159.54000000000002,6.260000000000005,1.3100000000000591,-2.6200000000000045,-0.6549999999999727,3.9300000000000637,5.999990839708989,6.540000000000077,-0.009999999999990905,3.2650000000001,0.0,0.0,0.0,6.16328189693317,2.11897203853417,2.7118941719765024,2.7121361507121295
2024-05-22 10:36:27,985.9,987.21,76.64,82.9,986.5550000000001,1973.1100000000001,1.3100000000000591,0.001327852982015403,159.54000000000002,6.260000000000005,1.2999999999999545,5.230000000000018,3.2650000000001,3.9300000000000637,1.2036749759035121,-0.010000000000104592,7.850000000000023,3.9200000000000728,0.0,0.0,0.0,6.183746983930381,2.03557240109238,2.835630441365747,3.0098226691949552
2024-05-22 10:36:28,987.21,981.98,76.64,82.9,984.595,1969.19,5.230000000000018,0.005311828716059079,159.54000000000002,6.260000000000005,1.3100000000000591,-5.230000000000018,-1.9600000000000364,6.540000000000077,3.3367329914627373,0.010000000000104592,-10.460000000000036,-5.225000000000136,0.0,0.0,0.0,6.1714616637115345,1.9049212582387258,1.7038133700614333,2.7086375726553262
2024-05-22 10:36:29,983.29,987.21,76.64,82.9,985.25,1970.5,3.9200000000000728,0.003978685608750456,159.54000000000002,6.260000000000005,-3.9200000000000728,5.230000000000018,0.6549999999999727,9.150000000000091,13.969444321459772,-5.230000000000132,10.460000000000036,2.615000000000009,0.0,0.0,0.0,6.175567217152016,1.2558891273080428,1.7030472688683838,2.7091802265630225
2024-05-22 10:36:30,987.21,991.14,76.64,82.96,989.175,1978.35,3.92999999999995,0.003973007805521715,159.6,6.319999999999993,3.9200000000000728,3.92999999999995,3.9249999999999545,0.009999999999877218,0.0025477700514923013,7.8400000000001455,-1.3000000000000682,3.269999999999982,0.0,0.05999999999998806,0.05999999999998806,6.1978383070310885,2.23671801979797,1.4896878867736165,2.5147027657359082
2024-05-22 10:36:31,987.21,988.52,76.64,82.96,987.865,1975.73,1.3099999999999454,0.0013260921266305145,159.6,6.319999999999993,0.0,-2.6200000000000045,-1.3099999999999454,2.6200000000000045,1.999998473283695,-3.9200000000000728,-6.5499999999999545,-5.2349999999999,0.0,0.0,0.0,6.189630287032392,1.8732778758335764,1.75345373477606,2.6394341249593234
2024-05-22 10:36:32,985.9,987.21,76.64,82.96,986.5550000000001,1973.1100000000001,1.3100000000000591,0.001327852982015403,159.6,6.319999999999993,-1.3100000000000591,-1.3099999999999454,-1.3099999999999454,1.1368683772161603e-13,8.678377934186368e-14,-1.3100000000000591,1.3100000000000591,0.0,0.0,0.0,0.0,6.181422267033696,1.8732778758335764,1.75345373477606,2.4035624601827204
2024-05-22 10:36:33,987.21,987.21,76.64,82.96,987.21,1974.42,0.0,0.0,159.6,6.319999999999993,1.3100000000000591,0.0,0.6549999999999727,1.3100000000000591,1.9999969465697207,2.6200000000001182,1.3099999999999454,1.9649999999999181,0.0,0.0,0.0,6.185526277033044,1.462948221943222,1.7549444435651314,2.140574105234286
2024-05-22 10:36:34,984.6,984.6,76.64,82.96,984.6,1969.2,0.0,0.0,159.6,6.319999999999993,-2.6100000000000136,-2.6100000000000136,-2.6100000000000136,0.0,0.0,-3.9200000000000728,-2.6100000000000136,-3.2649999999999864,0.0,0.0,0.0,6.169172893676862,1.6917572225609085,1.6044157815230002,2.5492376311359437
2024-05-22 10:36:35,983.29,987.21,76.64,82.96,985.25,1970.5,3.9200000000000728,0.003978685608750456,159.6,6.319999999999993,-1.3100000000000591,2.6100000000000136,0.6499999999999773,3.9200000000000728,6.030759952677318,1.2999999999999545,5.220000000000027,3.259999999999991,0.0,0.0,0.0,6.173245575355605,1.354139025391509,1.6003343400677936,1.4155122747612245
2024-05-22 10:36:36,983.29,987.21,76.64,82.96,985.25,1970.5,3.9200000000000728,0.003978685608750456,159.6,6.319999999999993,0.0,0.0,0.0,0.0,0.0,1.3100000000000591,-2.6100000000000136,-0.6499999999999773,0.0,0.0,0.0,6.173245575355605,1.0723199149922775,1.981438871123773,1.4152808908480718
2024-05-22 10:36:37,987.21,987.21,76.64,82.96,987.21,1974.42,0.0,0.0,159.6,6.319999999999993,3.9200000000000728,0.0,1.9600000000000364,3.9200000000000728,1.9999989795923574,3.9200000000000728,0.0,1.9600000000000364,0.0,0.0,0.0,6.185526277033044,1.2213844603927175,2.147072425420319,1.6896316166548806
2024-05-22 10:36:38,985.9,987.21,76.64,82.96,986.5550000000001,1973.1100000000001,1.3100000000000591,0.001327852982015403,159.6,6.319999999999993,-1.3100000000000591,0.0,-0.6549999999999727,1.3100000000000591,1.9999969465697207,-5.230000000000132,0.0,-2.615000000000009,0.0,0.0,0.0,6.181422267033696,1.0723199149922775,1.981438871123773,1.6896316166548808
2024-05-22 10:36:39,980.67,987.21,76.67,82.96,983.94,1967.88,6.540000000000077,0.006646746746095626,159.63,6.289999999999992,-5.230000000000018,0.0,-2.615000000000009,5.230000000000018,1.9999992351819367,-3.919999999999959,0.0,-1.9600000000000364,0.030000000000001137,0.0,0.030000000000001137,6.163878931504862,1.2743939736554135,2.5487879472408497,1.6914660800618442
2024-05-22 10:36:40,987.21,987.21,76.67,82.96,987.21,1974.42,0.0,0.0,159.63,6.289999999999992,6.540000000000077,0.0,3.269999999999982,6.540000000000077,1.9999993883794267,11.770000000000095,0.0,5.884999999999991,0.0,0.0,0.0,6.184363802641335,1.4174695764243619,2.8349391527862275,2.2931108782611775
2024-05-22 10:36:41,989.83,983.29,76.67,82.96,986.56,1973.12,6.540000000000077,0.006629095030582005,159.63,6.289999999999992,2.6200000000000045,-3.9200000000000728,-0.650000000000091,6.540000000000077,10.061522982271045,-3.9200000000000728,-3.9200000000000728,-3.9200000000000728,0.0,0.0,0.0,6.180291886360384,1.3563093305320468,3.385442364005084,2.338858161582227
2024-05-22 10:36:42,991.14,988.52,76.67,82.96,989.8299999999999,1979.6599999999999,2.6200000000000045,0.0026469191652638184,159.63,6.289999999999992,1.3099999999999454,5.230000000000018,3.269999999999982,3.9200000000000728,1.19877639181153,-1.3100000000000591,9.150000000000091,3.9200000000000728,0.0,0.0,0.0,6.200776757496857,2.100263078780242,3.010634484622845,2.631666297234463
2024-05-22 10:36:43,983.29,992.44,76.67,83.04,987.865,1975.73,9.150000000000091,0.009262399205091476,159.71,6.3700000000000045,-7.850000000000023,3.9200000000000728,-1.9649999999999181,11.770000000000095,5.9898188346980925,-9.159999999999968,-1.3099999999999454,-5.2349999999999,0.0,0.0800000000000125,0.0800000000000125,6.185367189372192,2.140421687445516,3.627175209443343,2.835689069697109
2024-05-22 10:36:44,987.21,987.21,76.67,83.04,987.21,1974.42,0.0,0.0,159.71,6.3700000000000045,3.9200000000000728,-5.230000000000018,-0.6549999999999727,9.150000000000091,13.969444321459772,11.770000000000095,-9.150000000000091,1.3099999999999454,0.0,0.0,0.0,6.181266006002968,1.2587493793786937,4.071464110120638,2.447446117895067
2024-05-22 10:36:45,988.52,989.83,76.67,83.04,989.175,1978.35,1.3100000000000591,0.0013243359351739815,159.71,6.3700000000000045,1.3099999999999454,2.6200000000000045,1.9649999999999181,1.3100000000000591,0.6666663273963289,-2.6100000000001273,7.850000000000023,2.619999999999891,0.0,0.0,0.0,6.19356955611064,1.3567912514774159,3.810699410869392,2.1502691691971014
2024-05-22 10:36:46,984.6,988.52,76.67,83.04,986.56,1973.12,3.919999999999959,0.00397340252597567,159.71,6.3700000000000045,-3.919999999999959,-1.3100000000000591,-2.615000000000009,2.6099999999999,0.9980875724330089,-5.2299999999999045,-3.9300000000000637,-4.579999999999927,0.0,0.0,0.0,6.17719612937702,1.3567912514774159,3.5309134795404247,2.5339001558860916
2024-05-22 10:36:47,980.67,988.52,76.67,83.04,984.595,1969.19,7.850000000000023,0.00797282130421869,159.71,6.3700000000000045,-3.9300000000000637,0.0,-1.9649999999999181,3.9300000000000637,1.999998982188929,-0.010000000000104592,1.3100000000000591,0.650000000000091,0.0,0.0,0.0,6.164892579269347,1.6932048015781442,3.987258456634111,1.828242325294862
2024-05-22 10:36:48,984.6,989.83,76.67,83.04,987.215,1974.43,5.230000000000018,0.005297731491825272,159.71,6.3700000000000045,3.9300000000000637,1.3100000000000591,2.6200000000000045,2.6200000000000045,0.9999996183207563,7.860000000000127,1.3100000000000591,4.584999999999923,0.0,0.0,0.0,6.181297312746245,1.6421457000179571,3.122766401766239,2.33289519696012
2024-05-22 10:36:49,987.21,988.52,76.67,83.04,987.865,1975.73,1.3099999999999454,0.0013260921266305145,159.71,6.3700000000000045,2.6100000000000136,-1.3100000000000591,0.6499999999999773,3.9200000000000728,6.030759952677318,-1.32000000000005,-2.6200000000001182,-1.9700000000000273,0.0,0.0,0.0,6.185367189372192,1.6933015089130712,2.77421700665253,2.3324756161639932
2024-05-22 10:36:50,988.52,988.52,76.67,83.04,988.52,1977.04,0.0,0.0,159.71,6.3700000000000045,1.3099999999999454,0.0,0.6549999999999727,1.3099999999999454,1.999996946569547,-1.3000000000000682,1.3100000000000591,0.0049999999999954525,0.0,0.0,0.0,6.189468372741416,1.5058610493958242,3.12276640176626,2.140652353839752
2024-05-22 10:36:51,983.29,983.29,76.67,83.04,983.29,1966.58,0.0,0.0,159.71,6.3700000000000045,-5.230000000000018,-5.230000000000018,-5.230000000000018,0.0,0.0,-6.539999999999964,-5.230000000000018,-5.884999999999991,0.0,0.0,0.0,6.156721519274175,2.2462151499997725,3.509881764390392,3.0327986250326138
2024-05-22 10:36:52,987.21,985.9,76.67,83.04,986.5550000000001,1973.1100000000001,1.3100000000000591,0.001327852982015403,159.71,6.3700000000000045,3.9200000000000728,2.6100000000000136,3.2650000000001,1.3100000000000591,0.401224991967849,9.150000000000091,7.840000000000032,8.495000000000118,0.0,0.0,0.0,6.177164822633744,2.0361342048322686,2.1482900176652464,3.3526381403306775
2024-05-22 10:36:53,987.21,987.21,76.67,83.04,987.21,1974.42,0.0,0.0,159.71,6.3700000000000045,0.0,1.3100000000000591,0.6549999999999727,1.3100000000000591,1.9999969465697207,-3.9200000000000728,-1.2999999999999545,-2.6100000000001273,0.0,0.0,0.0,6.181266006002968,2.0358124913871447,0.71751655033186,3.134233159801602
2024-05-22 10:36:54,987.21,984.6,76.67,83.04,985.905,1971.81,2.6100000000000136,0.0026473138865841027,159.71,6.3700000000000045,0.0,-2.6100000000000136,-1.3050000000000637,2.6100000000000136,1.9999984674340376,0.0,-3.9200000000000728,-1.9600000000000364,0.0,0.0,0.0,6.1730949460077955,1.93891528955976,1.1677885082497403,3.1545950611766287
2024-05-22 10:36:55,987.21,984.6,76.67,83.04,985.905,1971.81,2.6100000000000136,0.0026473138865841027,159.71,6.3700000000000045,0.0,0.0,0.0,0.0,0.0,0.0,2.6100000000000136,1.3050000000000637,0.0,0.0,0.0,6.1730949460077955,1.4896836912880493,1.3050019157074577,3.1135803345987383
2024-05-22 10:36:56,981.98,984.6,76.67,83.04,983.29,1966.58,2.6200000000000045,0.0026645241966616975,159.71,6.3700000000000045,-5.230000000000018,0.0,-2.615000000000009,5.230000000000018,1.9999992351819367,-5.230000000000018,0.0,-2.615000000000009,0.0,0.0,0.0,6.156721519274175,1.4896836912880493,1.1683535423835134,2.21531600454652
2024-05-22 10:36:57,992.44,987.21,76.73,83.04,989.825,1979.65,5.230000000000018,0.005283762275873266,159.77,6.310000000000002,10.460000000000036,2.6100000000000136,6.535000000000082,7.850000000000023,1.2012239936918028,15.690000000000055,2.6100000000000136,9.150000000000091,0.060000000000002274,0.0,0.060000000000002274,6.195311972239394,2.3740908786498647,1.8490889648689477,3.5191589904407654
2024-05-22 10:36:58,988.52,991.14,76.73,83.1,989.8299999999999,1979.6599999999999,2.6200000000000045,0.0026469191652638184,159.82999999999998,6.36999999999999,-3.9200000000000728,3.92999999999995,0.004999999999881766,7.850000000000023,1569.6860628245577,-14.38000000000011,1.3199999999999363,-6.5300000000002,0.0,0.05999999999998806,0.05999999999998806,6.193017542432475,2.8345930043107517,1.1694742408450445,3.531098271076592
2024-05-22 10:36:59,992.44,984.6,76.73,83.1,988.52,1977.04,7.840000000000032,0.007931048428022685,159.82999999999998,6.36999999999999,3.9200000000000728,-6.539999999999964,-1.3099999999999454,10.460000000000036,7.984726729216598,7.8400000000001455,-10.469999999999914,-1.3149999999998272,0.0,0.0,0.0,6.1848213340122555,2.8345930043105825,2.336135698113471,3.5317463810415366
2024-05-22 10:37:00,992.44,991.14,76.73,83.1,991.79,1983.58,1.3000000000000682,0.001310761349367615,159.82999999999998,6.36999999999999,0.0,6.539999999999964,3.269999999999982,6.539999999999964,1.9999993883793918,-3.9200000000000728,13.079999999999927,4.579999999999927,0.0,0.0,0.0,6.20528057182456,3.216330206941476,2.613755918214256,3.7090035723897556
2024-05-22 10:37:01,988.52,987.21,76.73,83.1,987.865,1975.73,1.3099999999999454,0.0013260921266305145,159.82999999999998,6.36999999999999,-3.9200000000000728,-3.92999999999995,-3.9249999999999545,0.009999999999877218,0.0025477700514923013,-3.9200000000000728,-10.469999999999914,-7.194999999999936,0.0,0.0,0.0,6.180723229802146,1.5058610493941131,2.833328431368333,4.072307392621515
2024-05-22 10:37:02,984.6,988.52,76.73,83.1,986.56,1973.12,3.919999999999959,0.00397340252597567,159.82999999999998,6.36999999999999,-3.919999999999959,1.3099999999999454,-1.3050000000000637,5.2299999999999045,4.007659764245123,1.1368683772161603e-13,5.239999999999895,2.619999999999891,0.0,0.0,0.0,6.1725583046201695,1.9942028482788767,2.709726923510951,2.6165640638057392
2024-05-22 10:37:03,992.44,989.83,76.73,83.1,991.135,1982.27,2.6100000000000136,0.0026333445972210336,159.82999999999998,6.36999999999999,7.840000000000032,1.3100000000000591,4.5750000000000455,6.529999999999973,1.4273220923885934,11.759999999999991,1.1368683772161603e-13,5.880000000000109,0.0,0.0,0.0,6.2011824676144505,2.2171586546937028,2.7104483024031505,3.5393385681507965
2024-05-22 10:37:04,991.14,987.21,76.73,83.1,989.175,1978.35,3.92999999999995,0.003973007805521715,159.82999999999998,6.36999999999999,-1.3000000000000682,-2.6200000000000045,-1.9600000000000364,1.3199999999999363,0.6734690441484019,-9.1400000000001,-3.9300000000000637,-6.535000000000082,0.0,0.0,0.0,6.188919438222365,2.1880156535278665,1.3100114503316471,3.6224290883328294
2024-05-22 10:37:05,991.14,985.9,76.73,83.1,988.52,1977.04,5.240000000000009,0.005300853796280455,159.82999999999998,6.36999999999999,0.0,-1.3100000000000591,-0.6549999999999727,1.3100000000000591,1.9999969465697207,1.3000000000000682,1.3099999999999454,1.3050000000000637,0.0,0.0,0.0,6.1848213340122555,1.6920453599369276,1.4940783112006268,3.169042442126618
2024-05-22 10:37:06,980.67,987.21,76.73,83.1,983.94,1967.88,6.540000000000077,0.006646746746095626,159.82999999999998,6.36999999999999,-10.470000000000027,1.3100000000000591,-4.579999999999927,11.780000000000086,2.572051840163413,-10.470000000000027,2.6200000000001182,-3.9249999999999545,0.0,0.0,0.0,6.15616588777973,2.736177534460298,1.4940783112006404,3.346623298191742
2024-05-22 10:37:07,987.21,984.6,76.73,83.1,985.905,1971.81,2.6100000000000136,0.0026473138865841027,159.82999999999998,6.36999999999999,6.540000000000077,-2.6100000000000136,1.9649999999999181,9.150000000000091,4.656486179905492,17.010000000000105,-3.9200000000000728,6.544999999999845,0.0,0.0,0.0,6.16846020041006,2.8284602701974415,1.709189866574263,3.533874290350413
2024-05-22 10:37:08,981.98,987.21,76.73,83.1,984.595,1969.19,5.230000000000018,0.005311828716059079,159.82999999999998,6.36999999999999,-5.230000000000018,2.6100000000000136,-1.3099999999999454,7.840000000000032,5.984728255932903,-11.770000000000095,5.220000000000027,-3.2749999999998636,0.0,0.0,0.0,6.16026399198984,2.331631939240671,1.4932012590405022,2.359556632081442
2024-05-22 10:37:09,987.21,987.21,76.73,83.1,987.21,1974.42,0.0,0.0,159.82999999999998,6.36999999999999,5.230000000000018,0.0,2.615000000000009,5.230000000000018,1.9999992351819367,10.460000000000036,-2.6100000000000136,3.9249999999999545,0.0,0.0,0.0,6.176625125592035,1.8731904601742655,2.617504536767832,2.874401241997972
2024-05-22 10:37:10,984.6,987.21,76.73,83.1,985.905,1971.81,2.6100000000000136,0.0026473138865841027,159.82999999999998,6.36999999999999,-2.6100000000000136,0.0,-1.3050000000000637,2.6100000000000136,1.9999984674340376,-7.840000000000032,0.0,-3.9200000000000728,0.0,0.0,0.0,6.16846020041006,1.2751637150141286,2.5503274299587906,2.903761784306612
2024-05-22 10:37:11,989.83,987.21,76.73,83.1,988.52,1977.04,2.6200000000000045,0.0026504268981402276,159.82999999999998,6.36999999999999,5.230000000000018,0.0,2.615000000000009,5.230000000000018,1.9999992351819367,7.840000000000032,0.0,3.9200000000000728,0.0,0.0,0.0,6.1848213340122555,1.4912184615566935,1.8490889648689486,2.0470417680154283
2024-05-22 10:37:12,995.06,987.21,76.75,83.1,991.135,1982.27,7.849999999999909,0.007920212677465427,159.85,6.349999999999994,5.2299999999999045,0.0,2.615000000000009,5.2299999999999045,1.9999992351818932,-1.1368683772161603e-13,0.0,0.0,0.01999999999999602,0.0,0.01999999999999602,6.20040659242786,2.5158065307344954,2.983315269963919,2.1484424590851345
2024-05-22 10:37:13,988.52,981.98,76.75,83.1,985.25,1970.5,6.539999999999964,0.006637909153374325,159.85,6.349999999999994,-6.539999999999964,-5.230000000000018,-5.884999999999991,1.3099999999999454,0.2225997922515132,-11.769999999999868,-5.230000000000018,-8.5,0.0,0.0,0.0,6.163590827878694,2.339346596827051,3.2047511603866896,3.7671315347356535
2024-05-22 10:37:14,732.99,731.68,76.22,81.13,732.335,1464.67,1.3100000000000591,0.0017887988396174705,157.35,4.909999999999997,-255.52999999999997,-250.30000000000007,-252.91499999999996,5.2299999999999045,0.020678884128347553,-248.99,-245.07000000000005,-247.02999999999997,-0.5300000000000011,-1.9699999999999989,1.4399999999999977,4.654178553198738,114.2275625341806,2.836094145122788,112.9421940640432
2024-05-22 10:37:15,715.92,496.18,73.64,78.91,606.05,1212.1,219.73999999999995,0.3625773445052762,152.55,5.269999999999996,-17.07000000000005,-235.49999999999994,-126.28500000000008,218.4299999999999,1.7296590907102243,238.45999999999992,14.800000000000125,126.62999999999988,-2.5799999999999983,-2.219999999999999,0.35999999999999943,3.97279577861163,180.40796201249057,96.2602325469869,113.03123895631686
2024-05-22 10:37:16,710.67,563.37,70.89,76.5,637.02,1274.04,147.29999999999995,0.23123292795950995,147.39,5.609999999999999,-5.25,67.19,30.970000000000027,72.44,2.339037702969397,11.82000000000005,302.68999999999994,157.2550000000001,-2.75,-2.4099999999999966,0.3400000000000034,4.322002820259158,186.50934630066214,100.98401640853861,118.5369781966792
2024-05-22 10:37:17,179.02,284.92,67.83,74.09,231.97000000000003,463.94000000000005,105.9,0.4565245486204054,141.92000000000002,6.260000000000005,-531.65,-278.45,-405.04999999999995,253.2,0.6251080098133367,-526.4,-345.64,-436.02,-3.0600000000000023,-2.4099999999999966,0.6500000000000057,1.6345123898357357,271.73626938633066,93.55539866838254,180.07420389245095
2024-05-22 10:37:18,64.97,58.34,64.91,71.7,61.655,123.31,6.6299999999999955,0.10753385601275062,136.61,6.790000000000006,-114.05000000000001,-226.58,-170.31500000000003,112.53,0.6607169030284067,417.59999999999997,51.869999999999976,234.73499999999993,-2.9200000000000017,-2.3900000000000006,0.5300000000000011,0.45132127625121676,290.39525946113633,93.53385178639866,160.7328499949528
2024-05-22 10:37:19,58.34,54.35,64.91,71.7,56.345,112.69,3.990000000000002,0.07081373554328275,136.61,6.790000000000006,-6.6299999999999955,-3.990000000000002,-5.310000000000002,2.6399999999999935,0.4971750476129839,107.42000000000002,222.59,165.00500000000002,0.0,0.0,0.0,0.41245150126307367,285.6229916909716,92.85955777409234,172.20296449974373
2024-05-22 10:37:20,57.01,54.35,64.91,71.7,55.68,111.36,2.6599999999999966,0.04777298764775519,136.61,6.790000000000006,-1.3300000000000054,0.0,-0.6649999999999991,1.3300000000000054,1.9999969924857361,5.29999999999999,3.990000000000002,4.645000000000003,0.0,0.0,0.0,0.4075836292542008,251.12187079683235,68.51411263382164,182.67392641671663
2024-05-22 10:37:21,55.68,57.01,64.91,71.7,56.345,112.69,1.3299999999999983,0.023604578514427543,136.61,6.790000000000006,-1.3299999999999983,2.6599999999999966,0.6649999999999991,3.989999999999995,5.999990977457177,7.105427357601002e-15,2.6599999999999966,1.3299999999999983,0.0,0.0,0.0,0.41245150126307367,78.0597917784893,45.76843748698446,177.24636184559614
2024-05-22 10:37:22,55.68,59.66,64.91,71.7,57.67,115.34,3.979999999999997,0.06901335063267984,136.61,6.790000000000006,0.0,2.6499999999999986,1.3250000000000028,2.6499999999999986,1.9999984905671717,1.3299999999999983,-0.00999999999999801,0.6600000000000037,0.0,0.0,0.0,0.4221506447393994,2.4117301882968025,1.9649605594021808,75.76598412216399
2024-05-22 10:37:23,53.03,60.99,64.91,71.7,57.010000000000005,114.02000000000001,7.960000000000001,0.13962462480925059,136.61,6.790000000000006,-2.6499999999999986,1.3300000000000054,-0.6599999999999966,3.980000000000004,6.030293893494138,-2.6499999999999986,-1.3199999999999932,-1.9849999999999994,0.0,0.0,0.0,0.4173193732719466,0.7564638135054245,2.480187492913814,2.5959858435673064
2024-05-22 10:37:24,54.35,60.99,64.91,71.7,57.67,115.34,6.640000000000001,0.11513785130678254,136.61,6.790000000000006,1.3200000000000003,0.0,0.6599999999999966,1.3200000000000003,1.9999969697015718,3.969999999999999,-1.3300000000000054,1.3199999999999932,0.0,0.0,0.0,0.4221506447393994,0.8647543010259471,2.750232717427028,0.8888405368803763
2024-05-22 10:37:25,54.35,60.99,64.91,71.7,57.67,115.34,6.640000000000001,0.11513785130678254,136.61,6.790000000000006,0.0,0.0,0.0,0.0,0.0,-1.3200000000000003,0.0,-0.6599999999999966,0.0,0.0,0.0,0.4221506447393994,0.592279495797743,2.6537520607633946,0.754491550649704
2024-05-22 10:37:26,55.68,62.32,64.91,71.7,59.0,118.0,6.640000000000001,0.11254237097385814,136.61,6.790000000000006,1.3299999999999983,1.3299999999999983,1.3299999999999983,0.0,0.0,1.3299999999999983,1.3299999999999983,1.3299999999999983,0.0,0.0,0.0,0.4318863887571452,0.7271038448129881,1.4542076880576054,0.8639907406921635
2024-05-22 10:37:27,57.01,62.32,64.91,71.7,59.665,119.33,5.310000000000002,0.08899689786312083,136.61,6.790000000000006,1.3299999999999983,0.0,0.6649999999999991,1.3299999999999983,1.9999969924857255,0.0,-1.3299999999999983,-0.6649999999999991,0.0,0.0,0.0,0.4367542607660181,1.091338628080845,0.9369204875579414,0.7560290999702279
