time,force_left,force_right,dis_left,dis_right,force_avg,force_sum,force_diff,force_diff_ratio,total_delta_dis,dis_diff,left_force_rate,right_force_rate,force_rate,force_rate_diff,force_rate_ratio,left_force_acc,right_force_acc,force_acc,left_dis_rate,right_dis_rate,dis_rate_diff,stiffness_ratio,force_std_5s,force_diff_std_5s,force_rate_std_5s
2025-10-29 15:40:21,288.09,309.01,0.23,0.77,298.54999999999995,597.0999999999999,20.920000000000016,0.07007201450319211,1.0,0.54,0.0,0.0,0.0,0.0,0.0,0.0,0.0,0.0,0.0,0.0,0.0,298.5497014502985,0.0,0.0,0.0
2025-10-29 15:40:22,283.27,289.7,0.58,1.0,286.485,572.97,6.430000000000007,0.022444456001380703,1.58,0.42000000000000004,-4.819999999999993,-19.310000000000002,-12.06499999999994,14.490000000000009,1.2009945129718664,-4.819999999999993,-19.310000000000002,-12.06499999999994,0.35,0.22999999999999998,0.12,181.31950549398388,0.0,0.0,0.0
2025-10-29 15:40:23,300.96,354.13,0.77,1.29,327.54499999999996,655.0899999999999,53.170000000000016,0.1623288398164258,2.06,0.52,17.689999999999998,64.43,41.059999999999945,46.74000000000001,1.1383341174297603,22.50999999999999,83.74000000000001,53.124999999999886,0.19000000000000006,0.29000000000000004,0.09999999999999998,159.0023499988592,0.0,0.0,0.0
2025-10-29 15:40:24,291.31,296.14,0.77,1.5,293.725,587.45,4.829999999999984,0.016443952620839326,2.27,0.73,-9.649999999999977,-57.99000000000001,-33.819999999999936,48.34000000000003,1.4293317140942758,-27.339999999999975,-122.42000000000002,-74.87999999999988,0.0,0.20999999999999996,0.20999999999999996,129.39421612589598,0.0,0.0,0.0
2025-10-29 15:40:25,338.0,363.81,0.91,2.06,350.905,701.81,25.810000000000002,0.07355267074121866,2.97,1.15,46.69,67.67000000000002,57.17999999999995,20.980000000000018,0.3669115011033322,56.339999999999975,125.66000000000003,90.99999999999989,0.14,0.56,0.42000000000000004,118.14979186875692,27.016580927274983,19.520605011115826,37.73798954634436
2025-10-29 15:40:26,355.74,346.06,1.71,2.76,350.9,701.8,9.680000000000007,0.027586206817936165,4.47,1.0499999999999998,17.74000000000001,-17.75,-0.0049999999999954525,35.49000000000001,7096.580683869682,-28.94999999999999,-85.42000000000002,-57.184999999999945,0.7999999999999999,0.6999999999999997,0.1000000000000002,78.50110100646509,30.668420973372548,20.33949311069478,37.73833644319786
2025-10-29 15:40:27,362.2,334.78,2.64,3.49,348.49,696.98,27.420000000000016,0.07868231490521306,6.130000000000001,0.8500000000000001,6.4599999999999795,-11.28000000000003,-2.409999999999968,17.74000000000001,7.36099279626865,-11.28000000000003,6.46999999999997,-2.4049999999999727,0.9300000000000002,0.7300000000000004,0.19999999999999973,56.849909159884305,24.72145793637576,18.96211406990266,36.52448671781708
2025-10-29 15:40:28,371.88,347.68,3.58,4.19,359.78,719.56,24.19999999999999,0.06726332740212536,7.7700000000000005,0.6100000000000003,9.680000000000007,12.900000000000034,11.289999999999964,3.2200000000000273,0.2852081235422422,3.2200000000000273,24.180000000000064,13.699999999999932,0.94,0.7000000000000002,0.23999999999999977,46.303726344436754,26.643691326465913,10.369318685429636,32.93477637695445
2025-10-29 15:40:29,383.19,397.74,4.52,4.92,390.46500000000003,780.9300000000001,14.550000000000011,0.037263262937105114,9.44,0.40000000000000036,11.310000000000002,50.06,30.68500000000006,38.75,1.2628319614524348,1.6299999999999955,37.15999999999997,19.395000000000095,0.9399999999999995,0.7299999999999995,0.20999999999999996,41.362813414956214,17.507965544288506,7.779882389856549,24.862966084117943
2025-10-29 15:40:30,391.27,423.62,5.46,5.64,407.445,814.89,32.35000000000002,0.07939721906172073,11.1,0.17999999999999972,8.079999999999984,25.879999999999995,16.97999999999996,17.80000000000001,1.0482920466259131,-3.230000000000018,-24.180000000000007,-13.705000000000098,0.9400000000000004,0.7199999999999998,0.22000000000000064,36.70675344984203,26.18614838994066,9.327054733408621,13.451835655404066
2025-10-29 15:40:31,409.06,430.1,6.39,6.35,419.58000000000004,839.1600000000001,21.04000000000002,0.05014538335920357,12.739999999999998,0.040000000000000036,17.79000000000002,6.480000000000018,12.135000000000048,11.310000000000002,0.9320147563234612,9.710000000000036,-19.399999999999977,-4.844999999999914,0.9299999999999997,0.71,0.21999999999999975,32.934063348974625,30.406963141688294,6.698587164469843,11.906212349021837
2025-10-29 15:40:32,425.24,420.39,7.33,7.05,422.815,845.63,4.850000000000023,0.011470737765995258,14.379999999999999,0.28000000000000025,16.180000000000007,-9.710000000000036,3.234999999999957,25.890000000000043,8.003088716201445,-1.6100000000000136,-16.190000000000055,-8.900000000000091,0.9400000000000004,0.7000000000000002,0.2400000000000002,29.40298821954185,25.82581959009218,10.35201767772834,10.127142365939198
2025-10-29 15:40:33,438.2,400.97,8.25,7.75,419.58500000000004,839.1700000000001,37.22999999999996,0.08873053114689378,16.0,0.5,12.95999999999998,-19.41999999999996,-3.2299999999999613,32.37999999999994,10.024764698215364,-3.2200000000000273,-9.709999999999923,-6.464999999999918,0.9199999999999999,0.7000000000000002,0.21999999999999975,26.224060860996197,13.383335533415682,13.130326728608077,13.064439999479513
2025-10-29 15:40:34,439.82,415.53,9.18,8.48,427.67499999999995,855.3499999999999,24.29000000000002,0.056795463712409094,17.66,0.6999999999999993,1.6200000000000045,14.559999999999945,8.089999999999918,12.93999999999994,1.5995053647088637,-11.339999999999975,33.979999999999905,11.31999999999988,0.9299999999999997,0.7300000000000004,0.1999999999999993,24.21715604659365,7.4686762548651275,12.453032562392169,7.826366174668784
2025-10-29 15:40:35,443.06,451.17,10.1,9.18,447.115,894.23,8.110000000000014,0.01813851018610761,19.28,0.9199999999999999,3.240000000000009,35.64000000000004,19.440000000000055,32.400000000000034,1.666666580932786,1.6200000000000045,21.080000000000098,11.350000000000136,0.9199999999999999,0.6999999999999993,0.22000000000000064,23.190610830362505,11.532509700840729,13.069421563328635,8.613597825531455
2025-10-29 15:40:36,467.38,488.49,11.04,9.89,477.935,955.87,21.110000000000014,0.044169186093989406,20.93,1.1499999999999986,24.319999999999993,37.31999999999999,30.819999999999993,13.0,0.4218040096754053,21.079999999999984,1.67999999999995,11.379999999999939,0.9399999999999995,0.7100000000000009,0.22999999999999865,22.834924852607507,24.23291356812022,13.072051101491285,13.537642150684885
2025-10-29 15:40:37,481.99,499.86,11.95,10.59,490.925,981.85,17.870000000000005,0.03640067212629084,22.54,1.3599999999999994,14.610000000000014,11.370000000000005,12.990000000000009,3.240000000000009,0.24942261359333281,-9.70999999999998,-25.94999999999999,-17.829999999999984,0.9100000000000001,0.6999999999999993,0.21000000000000085,21.780167622885198,31.032192478134444,10.578181318166164,12.694611849127167
2025-10-29 15:40:38,490.11,467.38,12.86,11.29,478.745,957.49,22.730000000000018,0.04747830254628605,24.15,1.5700000000000003,8.120000000000005,-32.48000000000002,-12.180000000000007,40.60000000000002,3.3333330596606685,-6.490000000000009,-43.85000000000002,-25.170000000000016,0.9100000000000001,0.6999999999999993,0.21000000000000085,19.82380870294788,26.172583556079893,6.443207275883654,15.892966054201471
2025-10-29 15:40:39,499.86,447.92,13.78,12.0,473.89,947.78,51.94,0.1096034942505571,25.78,1.7799999999999994,9.75,-19.45999999999998,-4.855000000000018,29.20999999999998,6.016476618645366,1.6299999999999955,13.020000000000039,7.324999999999989,0.9199999999999999,0.7100000000000009,0.20999999999999908,18.382078418072982,16.177791721986708,16.432118548744707,17.615932277344854
2025-10-29 15:40:40,514.49,490.11,14.69,12.7,502.3,1004.6,24.379999999999995,0.04853673094059977,27.39,1.9900000000000002,14.629999999999995,42.19,28.410000000000025,27.560000000000002,0.9700809232636063,4.8799999999999955,61.64999999999998,33.26500000000004,0.9100000000000001,0.6999999999999993,0.21000000000000085,18.338809115048953,11.689488547407931,13.814066381771875,19.291106629740042
2025-10-29 15:40:41,525.88,530.76,15.61,13.4,528.3199999999999,1056.6399999999999,4.8799999999999955,0.009236826148476623,29.009999999999998,2.209999999999999,11.389999999999986,40.64999999999998,26.019999999999925,29.25999999999999,1.1245195570899507,-3.240000000000009,-1.5400000000000205,-2.3900000000001,0.9199999999999999,0.7000000000000011,0.21999999999999886,18.21165052700274,21.73614886542645,17.21121872500608,18.145952579018818
2025-10-29 15:40:42,537.28,550.31,16.52,14.11,543.795,1087.59,13.029999999999973,0.023961235347950492,30.63,2.41,11.399999999999977,19.549999999999955,15.475000000000023,8.149999999999977,0.5266558625747401,0.009999999999990905,-21.100000000000023,-10.544999999999902,0.9100000000000001,0.7099999999999991,0.20000000000000107,17.753672290118434,30.46506626449347,17.793734009476488,18.279224340764564
2025-10-29 15:40:43,550.31,534.02,17.41,14.81,542.165,1084.33,16.289999999999964,0.03004620359107239,32.22,2.5999999999999996,13.029999999999973,-16.289999999999964,-1.6299999999999955,29.319999999999936,17.98771902593926,1.6299999999999955,-35.83999999999992,-17.105000000000018,0.8900000000000006,0.7000000000000011,0.1899999999999995,16.82697030332184,29.782417505971136,18.084339357576773,15.374107860295494
2025-10-29 15:40:44,558.45,514.49,18.32,15.51,536.47,1072.94,43.960000000000036,0.08194307215325547,33.83,2.8100000000000005,8.1400000000001,-19.529999999999973,-5.694999999999936,27.670000000000073,4.858647083644126,-4.889999999999873,-3.240000000000009,-4.064999999999941,0.9100000000000001,0.6999999999999993,0.21000000000000085,15.857818035535976,16.944040619048742,14.857111765077379,15.616359771086184
2025-10-29 15:40:45,566.61,532.39,19.21,16.21,549.5,1099.0,34.22000000000003,0.062274795155095965,35.42,3.0,8.159999999999968,17.899999999999977,13.029999999999973,9.740000000000009,0.7475056985797645,0.019999999999868123,37.42999999999995,18.72499999999991,0.8900000000000006,0.7000000000000011,0.1899999999999995,15.513833554098431,8.034457822402922,16.09810951633765,12.998258056370428
2025-10-29 15:40:46,584.55,591.08,20.11,16.89,587.815,1175.63,6.530000000000086,0.011108937316827825,37.0,3.219999999999999,17.93999999999994,58.690000000000055,38.315000000000055,40.750000000000114,1.0635521058710153,9.779999999999973,40.79000000000008,25.285000000000082,0.8999999999999986,0.6799999999999997,0.21999999999999886,15.88689146251645,20.58021726075724,15.658126644014606,17.35262710657957
2025-10-29 15:40:47,595.98,599.24,21.02,17.6,597.61,1195.22,3.259999999999991,0.005455062657159232,38.620000000000005,3.419999999999998,11.430000000000064,8.159999999999968,9.794999999999959,3.2700000000000955,0.3338437637729807,-6.509999999999877,-50.530000000000086,-28.520000000000095,0.9100000000000001,0.7100000000000009,0.1999999999999993,15.47410627980046,27.988433905811313,17.66418042253872,17.245588058979028
2025-10-29 15:40:48,599.24,587.82,21.91,18.3,593.53,1187.06,11.419999999999959,0.01924081340582472,40.21,3.6099999999999994,3.259999999999991,-11.419999999999959,-4.080000000000041,14.67999999999995,3.5980383338140856,-8.170000000000073,-19.579999999999927,-13.875,0.8900000000000006,0.6999999999999993,0.19000000000000128,14.760755663746439,27.98797509645821,18.107322275808766,17.71418167740188
2025-10-29 15:40:49,610.68,563.35,22.8,18.98,587.015,1174.03,47.32999999999993,0.08062826319492972,41.78,3.8200000000000003,11.43999999999994,-24.470000000000027,-6.514999999999986,35.90999999999997,5.5118947794482365,8.17999999999995,-13.050000000000068,-2.4349999999999454,0.8900000000000006,0.6799999999999997,0.21000000000000085,14.050143273093747,19.27331879827555,19.254211747043787,17.901776238686505
2025-10-29 15:40:50,620.49,607.41,23.67,19.68,613.95,1227.9,13.080000000000041,0.021304666469086037,43.35,3.990000000000002,9.81000000000006,44.059999999999945,26.93500000000006,34.249999999999886,1.2715796817679648,-1.6299999999998818,68.52999999999997,33.450000000000045,0.870000000000001,0.6999999999999993,0.1700000000000017,14.162629431081214,10.93867759374767,17.766086513354555,19.479518731221294
2025-10-29 15:40:51,631.94,656.49,24.56,20.36,644.215,1288.43,24.549999999999955,0.03810839542992876,44.92,4.199999999999999,11.450000000000045,49.08000000000004,30.264999999999986,37.629999999999995,1.2433503636758516,1.6399999999999864,5.0200000000000955,3.3299999999999272,0.889999999999997,0.6799999999999997,0.2099999999999973,14.341384364617445,22.9233694621876,17.097776756058053,17.03163306908649
2025-10-29 15:40:52,645.03,651.58,25.45,21.07,648.3050000000001,1296.6100000000001,6.550000000000068,0.01010326927896098,46.519999999999996,4.379999999999999,13.089999999999918,-4.909999999999968,4.090000000000032,17.999999999999886,4.400976919076486,1.6399999999998727,-53.99000000000001,-26.174999999999955,0.8900000000000006,0.7100000000000009,0.17999999999999972,13.936048711606867,28.191713454487886,16.34258027362872,17.344217840536952
2025-10-29 15:40:53,651.58,613.95,26.32,21.75,632.7650000000001,1265.5300000000002,37.629999999999995,0.05946915512161835,48.07,4.57,6.550000000000068,-37.629999999999995,-15.539999999999964,44.180000000000064,2.8429856600395436,-6.53999999999985,-32.72000000000003,-19.629999999999995,0.870000000000001,0.6799999999999997,0.19000000000000128,13.163407256846117,25.18573356088623,16.862749479251548,20.212943439786294
2025-10-29 15:40:54,666.32,631.94,27.18,22.43,649.1300000000001,1298.2600000000002,34.379999999999995,0.05296319681271362,49.61,4.75,14.740000000000009,17.99000000000001,16.36500000000001,3.25,0.19859454942899166,8.18999999999994,55.620000000000005,31.904999999999973,0.8599999999999994,0.6799999999999997,0.17999999999999972,13.084660086985286,14.781485294108563,13.366651413125096,18.68048935386864
2025-10-29 15:40:55,679.43,682.71,28.05,23.13,681.0699999999999,1362.1399999999999,3.2800000000000864,0.004815951363566352,51.18,4.920000000000002,13.1099999999999,50.76999999999998,31.939999999999827,37.66000000000008,1.1790857489328284,-1.6300000000001091,32.77999999999997,15.574999999999818,0.870000000000001,0.6999999999999993,0.1700000000000017,13.307346359762674,17.982416620130458,15.736885651233491,19.755681904201573
2025-10-29 15:40:56,692.55,702.4,28.92,23.81,697.4749999999999,1394.9499999999998,9.850000000000023,0.014122369957170729,52.730000000000004,5.110000000000003,13.120000000000005,19.68999999999994,16.404999999999973,6.569999999999936,0.40048763178983937,0.010000000000104592,-31.08000000000004,-15.534999999999854,0.870000000000001,0.6799999999999997,0.19000000000000128,13.22728971691087,26.597465433757797,16.33457590511608,17.66348656126523
2025-10-29 15:40:57,692.55,679.43,29.78,24.49,685.99,1371.98,13.120000000000005,0.01912564320307054,54.269999999999996,5.290000000000003,0.0,-22.970000000000027,-11.4849999999999,22.970000000000027,1.9999998258598521,-13.120000000000005,-42.65999999999997,-27.889999999999873,0.8599999999999994,0.6799999999999997,0.17999999999999972,12.640316700933912,27.168703364348122,15.385960158534113,20.288333038965924
2025-10-29 15:40:58,708.97,667.96,30.65,25.17,688.465,1376.93,41.00999999999999,0.05956729817845888,55.82,5.479999999999997,16.420000000000073,-11.469999999999914,2.4750000000000227,27.889999999999986,11.268682315683803,16.420000000000073,11.500000000000114,13.959999999999923,0.8699999999999974,0.6800000000000033,0.18999999999999417,12.333661549020754,18.48043810357164,16.41327115476982,16.39080306147313
2025-10-29 15:40:59,723.75,720.47,31.52,25.85,722.11,1444.22,3.2799999999999727,0.004542244250124951,57.370000000000005,5.669999999999998,14.779999999999973,52.50999999999999,33.64499999999998,37.73000000000002,1.121414738552097,-1.6400000000001,63.979999999999905,31.16999999999996,0.870000000000001,0.6799999999999997,0.19000000000000128,12.58689188448855,16.27119026070139,15.631022679274684,19.32671997520523
2025-10-29 15:41:00,731.97,748.42,32.36,26.53,740.1949999999999,1480.3899999999999,16.449999999999932,0.022223873408731564,58.89,5.829999999999998,8.220000000000027,27.949999999999932,18.084999999999923,19.729999999999905,1.090959298260475,-6.559999999999945,-24.56000000000006,-15.56000000000006,0.8399999999999999,0.6799999999999997,0.16000000000000014,12.569111690115271,23.482946099242735,14.412365177166448,17.081093349080387
2025-10-29 15:41:01,738.55,720.47,33.23,27.21,729.51,1459.02,18.079999999999927,0.024783758927521445,60.44,6.019999999999996,6.579999999999927,-27.949999999999932,-10.684999999999945,34.52999999999986,3.2316328281111097,-1.6400000000001,-55.899999999999864,-28.769999999999868,0.8699999999999974,0.6799999999999997,0.18999999999999773,12.069986564030666,24.628865026629565,13.888926164394432,19.403640637777176
2025-10-29 15:41:02,753.35,695.84,34.07,27.89,724.595,1449.19,57.50999999999999,0.07936847469363094,61.96,6.18,14.800000000000068,-24.629999999999995,-4.914999999999964,39.430000000000064,8.022378835731743,8.220000000000141,3.3199999999999363,5.769999999999982,0.8400000000000034,0.6799999999999997,0.1600000000000037,11.694560818357637,19.45216793830278,21.681176859202104,18.065409765626644
2025-10-29 15:41:03,769.82,750.06,34.92,28.57,759.94,1519.88,19.760000000000105,0.02600205275942581,63.49,6.350000000000001,16.470000000000027,54.219999999999914,35.34500000000003,37.749999999999886,1.0680435403014945,1.669999999999959,78.84999999999991,40.25999999999999,0.8500000000000014,0.6799999999999997,0.1700000000000017,11.96944381840536,15.436833791290567,20.35573457284213,21.359503739553475
2025-10-29 15:41:04,778.05,773.11,35.76,29.22,775.5799999999999,1551.1599999999999,4.939999999999941,0.006369426743379812,64.97999999999999,6.539999999999999,8.229999999999905,23.050000000000068,15.639999999999873,14.820000000000164,0.9475702718945022,-8.240000000000123,-31.169999999999845,-19.705000000000155,0.8399999999999963,0.6499999999999986,0.18999999999999773,11.935672330937638,21.407274873274357,19.96312024709566,18.6243397198397
2025-10-29 15:41:05,781.35,778.05,36.6,29.9,779.7,1559.4,3.300000000000068,0.004232397070370234,66.5,6.700000000000003,3.300000000000068,4.939999999999941,4.120000000000118,1.6399999999998727,0.3980581558110849,-4.929999999999836,-18.110000000000127,-11.519999999999754,0.8400000000000034,0.6799999999999997,0.1600000000000037,11.72481185376223,25.621246066495676,21.87384328370302,18.282850365848287
2025-10-29 15:41:06,801.13,753.35,37.45,30.58,777.24,1554.48,47.77999999999997,0.06147393332629052,68.03,6.8700000000000045,19.779999999999973,-24.699999999999932,-2.4600000000000364,44.479999999999905,18.081293462888528,16.479999999999905,-29.639999999999873,-6.580000000000155,0.8500000000000014,0.6799999999999997,0.1700000000000017,11.42495940871734,23.040111870386255,24.813478595311846,16.472941980714904
2025-10-29 15:41:07,809.38,776.4,38.27,31.24,792.89,1585.78,32.98000000000002,0.04159467260074581,69.51,7.030000000000005,8.25,23.049999999999955,15.649999999999977,14.799999999999955,0.9456868405311908,-11.529999999999973,47.749999999999886,18.110000000000014,0.8200000000000003,0.6600000000000001,0.16000000000000014,11.406847771445147,11.756649182479865,18.911719118049515,14.396056057128975
2025-10-29 15:41:08,817.63,825.89,39.11,31.92,821.76,1643.52,8.259999999999991,0.01005159656097692,71.03,7.189999999999998,8.25,49.49000000000001,28.870000000000005,41.24000000000001,1.4284724132846411,0.0,26.440000000000055,13.220000000000027,0.8399999999999963,0.6800000000000033,0.15999999999999304,11.569195951440294,19.31509720399816,19.888617850418857,12.059151296836752
2025-10-29 15:41:09,829.19,829.19,39.93,32.57,829.19,1658.38,0.0,0.0,72.5,7.359999999999999,11.56000000000006,3.300000000000068,7.430000000000064,8.259999999999991,1.1117091370512493,3.310000000000059,-46.18999999999994,-21.43999999999994,0.8200000000000003,0.6499999999999986,0.1700000000000017,11.437103290522714,24.01089190346524,20.887376091792845,12.06051284150055
2025-10-29 15:41:10,842.41,786.29,40.75,33.25,814.3499999999999,1628.6999999999998,56.120000000000005,0.06891385759327827,74.0,7.5,13.219999999999914,-42.90000000000009,-14.840000000000146,56.120000000000005,3.781670904200037,1.6599999999998545,-46.20000000000016,-22.27000000000021,0.8200000000000003,0.6799999999999997,0.14000000000000057,11.004729581017166,21.499935581296285,24.36784192332181,16.731385178759158
2025-10-29 15:41:11,845.72,812.68,41.57,33.91,829.2,1658.4,33.04000000000008,0.03984563429830492,75.47999999999999,7.660000000000004,3.310000000000059,26.389999999999986,14.850000000000136,23.079999999999927,1.55420864954822,-9.909999999999854,69.29000000000008,29.690000000000282,0.8200000000000003,0.6599999999999966,0.1600000000000037,10.985691428382468,15.060427284771428,22.33927035513919,16.080920993525275
2025-10-29 15:41:12,849.02,858.94,42.39,34.59,853.98,1707.96,9.920000000000073,0.011616197087032338,76.98,7.799999999999997,3.2999999999999545,46.260000000000105,24.779999999999973,42.96000000000015,1.7336561043722394,-0.010000000000104592,19.87000000000012,9.929999999999836,0.8200000000000003,0.6800000000000068,0.13999999999999346,11.0935306431082,14.90548992820715,22.93117354170955,17.299426869119156
2025-10-29 15:41:13,865.56,868.87,43.19,35.25,867.2149999999999,1734.4299999999998,3.310000000000059,0.0038168158947703206,78.44,7.939999999999998,16.539999999999964,9.92999999999995,13.2349999999999,6.610000000000014,0.499433283004668,13.240000000000009,-36.330000000000155,-11.545000000000073,0.7999999999999972,0.6599999999999966,0.14000000000000057,11.05577497379175,21.33165710862333,23.73665983241955,14.76427461814503
2025-10-29 15:41:14,868.87,840.76,44.01,35.9,854.815,1709.63,28.110000000000014,0.032884308262156964,79.91,8.11,3.310000000000059,-28.110000000000014,-12.399999999999864,31.420000000000073,2.533870763397553,-13.229999999999905,-38.039999999999964,-25.634999999999764,0.8200000000000003,0.6499999999999986,0.1700000000000017,10.697221740743066,21.526870592352218,20.824148241884927,17.69458674284314
2025-10-29 15:41:15,883.77,855.64,44.83,36.56,869.7049999999999,1739.4099999999999,28.129999999999995,0.03234430061647995,81.39,8.269999999999996,14.899999999999977,14.879999999999995,14.889999999999873,0.01999999999998181,0.001343183254318249,11.589999999999918,42.99000000000001,27.289999999999736,0.8200000000000003,0.6600000000000037,0.1599999999999966,10.685649211381628,16.063595721377947,13.046197530315093,13.8957999050072
2025-10-29 15:41:16,890.4,908.63,45.63,37.21,899.515,1799.03,18.230000000000018,0.02026647691226221,82.84,8.420000000000002,6.6299999999999955,52.99000000000001,29.81000000000006,46.360000000000014,1.5551827723856808,-8.269999999999982,38.110000000000014,14.920000000000186,0.8000000000000043,0.6499999999999986,0.15000000000000568,10.858461964528464,18.450288073628162,11.010295182237368,16.313200023293973
2025-10-29 15:41:17,910.29,902.0,46.43,37.87,906.145,1812.29,8.289999999999964,0.009148646177875856,84.3,8.560000000000002,19.889999999999986,-6.6299999999999955,6.6299999999999955,26.519999999999982,3.9999993966818406,13.259999999999991,-59.620000000000005,-23.180000000000064,0.7999999999999972,0.6599999999999966,0.14000000000000057,10.749050880794178,22.17412072664576,11.312306572931968,15.32149535782975
2025-10-29 15:41:18,918.58,865.56,47.25,38.53,892.0699999999999,1784.1399999999999,53.020000000000095,0.059434797651042294,85.78,8.719999999999999,8.290000000000077,-36.440000000000055,-14.075000000000045,44.73000000000013,3.1779749074262935,-11.599999999999909,-29.81000000000006,-20.70500000000004,0.8200000000000003,0.6600000000000037,0.1599999999999966,10.399510254144202,21.513599768515224,16.631331275637603,18.59177586999153
2025-10-29 15:41:19,915.26,897.02,48.04,39.18,906.14,1812.28,18.24000000000001,0.020129339814896893,87.22,8.86,-3.32000000000005,31.460000000000036,14.07000000000005,34.780000000000086,2.471925908178682,-11.610000000000127,67.90000000000009,28.145000000000095,0.7899999999999991,0.6499999999999986,0.14000000000000057,10.389130814158097,15.138623203576175,17.069756002942793,15.996284724897869
2025-10-29 15:41:20,930.19,940.15,48.82,39.84,935.1700000000001,1870.3400000000001,9.959999999999923,0.010650469956638315,88.66,8.979999999999997,14.930000000000064,43.129999999999995,29.030000000000086,28.199999999999932,0.9714088538956595,18.250000000000114,11.669999999999959,14.960000000000036,0.7800000000000011,0.6600000000000037,0.11999999999999744,10.547823025627984,16.360664182723433,18.18306272331485,18.126439115281354
2025-10-29 15:41:21,936.83,936.83,49.61,40.5,936.83,1873.66,0.0,0.0,90.11,9.11,6.639999999999986,-3.3199999999999363,1.6599999999999682,9.959999999999923,5.9999963855444145,-8.290000000000077,-46.44999999999993,-27.37000000000012,0.7899999999999991,0.6599999999999966,0.13000000000000256,10.396515254727387,19.784502268185726,20.672056501470824,15.86696316249589
2025-10-29 15:41:22,946.8,905.31,50.41,41.15,926.055,1852.11,41.49000000000001,0.044802954419766707,91.56,9.259999999999998,9.969999999999914,-31.520000000000095,-10.775000000000091,41.49000000000001,3.8505796890412967,3.3299999999999272,-28.20000000000016,-12.43500000000006,0.7999999999999972,0.6499999999999986,0.14999999999999858,10.11418730762137,19.489967162615848,22.095762489672133,17.87726230439108
2025-10-29 15:41:23,951.78,941.81,51.18,41.81,946.795,1893.59,9.970000000000027,0.010530262611726683,92.99000000000001,9.369999999999997,4.980000000000018,36.5,20.74000000000001,31.519999999999982,1.5197684898857993,-4.989999999999895,68.0200000000001,31.5150000000001,0.7700000000000031,0.6600000000000037,0.10999999999999943,10.181686093325236,15.33065906932377,15.681016229823891,15.738047051651675
2025-10-29 15:41:24,966.74,986.7,51.96,42.44,976.72,1953.44,19.960000000000036,0.02043574410226502,94.4,9.520000000000003,14.960000000000036,44.8900000000001,29.925000000000068,29.930000000000064,1.0001670509551526,9.980000000000018,8.3900000000001,9.18500000000006,0.7800000000000011,0.6299999999999955,0.15000000000000568,10.346610059887606,19.55324953811608,15.762957527063262,17.964848106789063
2025-10-29 15:41:25,970.07,970.07,52.73,43.1,970.07,1940.14,0.0,0.0,95.83,9.629999999999995,3.330000000000041,-16.629999999999995,-6.649999999999977,19.960000000000036,3.001503308044631,-11.629999999999995,-61.520000000000095,-36.575000000000045,0.769999999999996,0.6600000000000037,0.10999999999999233,10.122821557729088,21.595572868063396,17.31371797159698,17.64319946891724
2025-10-29 15:41:26,980.05,938.49,53.5,43.73,959.27,1918.54,41.559999999999945,0.043324611378105574,97.22999999999999,9.770000000000003,9.979999999999905,-31.58000000000004,-10.800000000000068,41.559999999999945,3.848147791838138,6.649999999999864,-14.950000000000045,-4.150000000000091,0.7700000000000031,0.6299999999999955,0.14000000000000767,9.865987762357424,20.11947831082693,18.665209079996917,19.37721361548151
2025-10-29 15:41:27,1000.02,983.37,54.28,44.39,991.6949999999999,1983.3899999999999,16.649999999999977,0.0167894362512774,98.67,9.89,19.970000000000027,44.879999999999995,32.424999999999955,24.909999999999968,0.768234363354376,9.990000000000123,76.46000000000004,43.22500000000002,0.7800000000000011,0.6600000000000037,0.11999999999999744,10.050623187892741,17.055063397707762,15.399080167334647,20.47055464563676
2025-10-29 15:41:28,1006.68,1016.68,55.05,45.02,1011.68,2023.36,10.0,0.009884548464055285,100.07,10.029999999999994,6.659999999999968,33.309999999999945,19.985000000000014,26.649999999999977,1.3335000583687715,-13.31000000000006,-11.57000000000005,-12.43999999999994,0.769999999999996,0.6300000000000026,0.13999999999999346,10.109723092737854,20.381902389125184,15.395355793225416,20.403041011084618
2025-10-29 15:41:29,1006.68,1001.69,55.5,45.68,1004.185,2008.37,4.989999999999895,0.004969203876806258,101.18,9.82,0.0,-14.989999999999895,-7.4950000000000045,14.989999999999895,1.9999997331554573,-6.659999999999968,-48.29999999999984,-27.480000000000018,0.45000000000000284,0.6599999999999966,0.20999999999999375,9.924737992441806,22.25604103383677,16.26121305438188,19.474041247260413
2025-10-29 15:41:30,1006.68,965.08,55.94,46.31,985.88,1971.76,41.59999999999991,0.042195804720456954,102.25,9.629999999999995,0.0,-36.610000000000014,-18.30499999999995,36.610000000000014,1.999999890740247,0.0,-21.62000000000012,-10.809999999999945,0.4399999999999977,0.6300000000000026,0.19000000000000483,9.641858096412147,20.211062131907536,17.493628840237797,21.84420792796112
2025-10-29 15:41:31,975.06,1010.01,56.43,46.75,992.535,1985.07,34.950000000000045,0.03521286399450617,103.18,9.68,-31.620000000000005,44.92999999999995,6.654999999999973,76.54999999999995,11.50262787338428,-31.620000000000005,81.53999999999996,24.959999999999923,0.490000000000002,0.4399999999999977,0.05000000000000426,9.619451350848504,10.472226959908106,15.915164780799484,20.402241788587816
2025-10-29 15:41:32,980.05,968.4,56.81,47.1,974.2249999999999,1948.4499999999998,11.649999999999977,0.011958223190784219,103.91,9.71,4.990000000000009,-41.610000000000014,-18.31000000000006,46.60000000000002,2.545057206714509,36.610000000000014,-86.53999999999996,-24.965000000000032,0.38000000000000256,0.3500000000000014,0.030000000000001137,9.375661540028279,14.790206810583387,16.45486159163912,16.65197600887054
2025-10-29 15:41:33,1023.35,975.06,57.11,47.46,999.2049999999999,1998.4099999999999,48.29000000000008,0.04832842104640355,104.57,9.649999999999999,43.30000000000007,6.659999999999968,24.980000000000018,36.6400000000001,1.466773360017082,38.31000000000006,48.26999999999998,43.29000000000008,0.29999999999999716,0.35999999999999943,0.060000000000002274,9.555369517496706,11.735899198605432,18.98217005508068,18.463940871330806
2025-10-29 15:41:34,990.03,980.05,57.44,47.74,985.04,1970.08,9.980000000000018,0.010131568250901944,105.18,9.699999999999996,-33.32000000000005,4.990000000000009,-14.164999999999964,38.31000000000006,2.704553285947538,-76.62000000000012,-1.669999999999959,-39.14499999999998,0.3299999999999983,0.28000000000000114,0.04999999999999716,9.365278481029867,9.316440173147061,17.52581895376077,19.143925733767354
2025-10-29 15:41:35,1015.01,986.7,57.82,48.04,1000.855,2001.71,28.309999999999945,0.028285815599376662,105.86,9.780000000000001,24.980000000000018,6.650000000000091,15.815000000000055,18.329999999999927,1.1590261676240088,58.30000000000007,1.6600000000000819,29.980000000000018,0.38000000000000256,0.29999999999999716,0.0800000000000054,9.45451530838357,10.974397249955379,16.14638597333784,18.771366825567092
2025-10-29 15:41:36,1001.69,1005.02,58.07,48.35,1003.355,2006.71,3.3299999999999272,0.003318865203921904,106.42,9.719999999999999,-13.319999999999936,18.319999999999936,2.5,31.639999999999873,12.655994937601973,-38.299999999999955,11.669999999999845,-13.315000000000055,0.25,0.3100000000000023,0.060000000000002274,9.428255878328736,12.472117101752534,18.14459478742916,18.66047607913584
2025-10-29 15:41:37,1030.02,1031.69,58.28,48.58,1030.855,2061.71,1.6700000000000728,0.001620014452449722,106.86,9.700000000000003,28.329999999999927,26.670000000000073,27.5,1.6599999999998545,0.06036363416858983,41.649999999999864,8.350000000000136,25.0,0.21000000000000085,0.22999999999999687,0.01999999999999602,9.646780744462093,16.68739404460221,19.80832602720383,17.2906800762723
2025-10-29 15:41:38,993.36,1050.04,58.45,48.82,1021.7,2043.4,56.67999999999995,0.05547616711806184,107.27000000000001,9.630000000000003,-36.65999999999997,18.34999999999991,-9.154999999999973,55.00999999999988,6.008737737986052,-64.9899999999999,-8.320000000000164,-36.65499999999997,0.1700000000000017,0.240000000000002,0.07000000000000028,9.524564095044616,18.091282914702994,23.069224737732274,17.290680076272295
2025-10-29 15:41:39,1003.35,990.03,58.71,49.05,996.69,1993.38,13.32000000000005,0.013364235606493307,107.75999999999999,9.660000000000004,9.990000000000009,-60.00999999999999,-25.00999999999999,70.0,2.7988803359104235,46.64999999999998,-78.3599999999999,-15.855000000000018,0.259999999999998,0.22999999999999687,0.030000000000001137,9.249164724859275,14.784931264629629,22.752952995160836,20.5838762748905
2025-10-29 15:41:40,1010.01,995.02,58.96,49.33,1002.515,2005.03,14.990000000000009,0.014952394712346065,108.28999999999999,9.630000000000003,6.659999999999968,4.990000000000009,5.824999999999932,1.669999999999959,0.2866952297518882,-3.330000000000041,65.0,30.834999999999923,0.25,0.28000000000000114,0.030000000000001137,9.257687604971027,14.525199912559646,22.41083822617973,19.39841249948045
2025-10-29 15:41:41,1005.02,1005.02,59.08,49.64,1005.02,2010.04,0.0,0.0,108.72,9.439999999999998,-4.990000000000009,10.0,2.5049999999999955,14.990000000000009,5.984029547293608,-11.649999999999977,5.009999999999991,-3.3199999999999363,0.11999999999999744,0.3100000000000023,0.19000000000000483,9.244113233589834,14.323137487988545,22.99751443091184,19.39855233000647
2025-10-29 15:41:42,1006.68,1021.68,59.22,49.87,1014.18,2028.36,15.0,0.014790273901289442,109.09,9.350000000000001,1.6599999999999682,16.659999999999968,9.159999999999968,15.0,1.6375544063805292,6.649999999999977,6.659999999999968,6.654999999999973,0.14000000000000057,0.22999999999999687,0.0899999999999963,9.296727387508227,9.909110959103364,21.448454956010206,13.944660716560987
2025-10-29 15:41:43,1005.02,1005.02,59.34,50.08,1005.02,2010.04,0.0,0.0,109.42,9.260000000000005,-1.6599999999999682,-16.659999999999968,-9.159999999999968,15.0,1.6375544063805292,-3.3199999999999363,-33.319999999999936,-18.319999999999936,0.12000000000000455,0.21000000000000085,0.0899999999999963,9.184975240495564,6.304926645078633,7.9368016228201235,13.945182591131577
2025-10-29 15:41:44,1006.68,1075.09,59.48,50.32,1040.885,2081.77,68.40999999999997,0.06572291841488449,109.8,9.159999999999997,1.6599999999999682,70.06999999999994,35.86500000000001,68.40999999999997,1.9074305895042343,3.3199999999999363,86.7299999999999,45.02499999999998,0.13999999999999346,0.240000000000002,0.10000000000000853,9.479826871768426,15.928659469642202,28.25383248339947,16.610805745056435
2025-10-29 15:41:45,1001.69,1010.01,59.6,50.5,1005.85,2011.7,8.319999999999936,0.008271611066986454,110.1,9.100000000000001,-4.989999999999895,-65.07999999999993,-35.03499999999997,60.09000000000003,1.7151419519011886,-6.649999999999864,-135.14999999999986,-70.89999999999998,0.12000000000000455,0.17999999999999972,0.05999999999999517,9.135785566432466,15.413926495212765,28.68480399096357,25.91144163299293
2025-10-29 15:41:46,1003.35,1006.68,59.6,50.64,1005.015,2010.03,3.3299999999999272,0.0033133833790406552,110.24000000000001,8.96,1.6599999999999682,-3.330000000000041,-0.8350000000000364,4.990000000000009,5.976040747256341,6.649999999999864,61.749999999999886,34.19999999999993,0.0,0.14000000000000057,0.14000000000000057,9.116609133557608,15.414670366239497,28.186693137010593,25.89525955652886
2025-10-29 15:41:47,1003.35,1021.68,59.71,50.95,1012.515,2025.03,18.329999999999927,0.018103435486779448,110.66,8.759999999999998,0.0,15.0,7.5,15.0,1.9999997333333688,-1.6599999999999682,18.33000000000004,8.335000000000036,0.10999999999999943,0.3100000000000023,0.20000000000000284,9.149783036781285,15.432913934180485,28.107427310232435,25.75872585164102
2025-10-29 15:41:48,1001.69,1008.35,59.71,51.0,1005.02,2010.04,6.659999999999968,0.006626733789748696,110.71000000000001,8.71,-1.6599999999999682,-13.329999999999927,-7.4950000000000045,11.669999999999959,1.557037817606689,-1.6599999999999682,-28.329999999999927,-14.995000000000005,0.0,0.04999999999999716,0.04999999999999716,9.077951322572925,15.432913934180485,27.080820703959482,25.626508248296325
2025-10-29 15:41:49,1006.68,1020.01,59.85,51.25,1013.345,2026.69,13.330000000000041,0.013154453800872937,111.1,8.600000000000001,4.989999999999895,11.659999999999968,8.325000000000045,6.670000000000073,0.8012011049608326,6.649999999999864,24.989999999999895,15.82000000000005,0.14000000000000057,0.25,0.10999999999999943,9.12101701961281,4.205899725364794,5.893736505817021,17.73547842602504
2025-10-29 15:41:50,1008.35,1013.35,59.85,51.42,1010.85,2021.7,5.0,0.004946332289710311,111.27000000000001,8.43,1.6700000000000728,-6.659999999999968,-2.4950000000000045,8.330000000000041,3.338676016562729,-3.3199999999998226,-18.319999999999936,-10.82000000000005,0.0,0.1700000000000017,0.1700000000000017,9.084658856073885,4.054885016843668,6.302336868178354,6.775929825492595
2025-10-29 15:41:51,1003.35,1006.68,59.85,51.56,1005.015,2010.03,3.3299999999999272,0.0033133833790406552,111.41,8.29,-5.0,-6.670000000000073,-5.835000000000036,1.6700000000000728,0.28620389268143437,-6.670000000000073,-0.010000000000104592,-3.340000000000032,0.0,0.14000000000000057,0.14000000000000057,9.020868781789169,4.054885016843668,6.302336868178354,7.4498808715307785
2025-10-29 15:41:52,1008.35,1080.11,59.97,51.72,1044.23,2088.46,71.75999999999988,0.06872049254597108,111.69,8.25,5.0,73.42999999999995,39.21500000000003,68.42999999999995,1.7449954929237386,10.0,80.10000000000002,45.05000000000007,0.11999999999999744,0.1599999999999966,0.03999999999999915,9.349359751550187,16.36505980740126,29.173745560006473,19.380408148436935
2025-10-29 15:41:53,1001.69,1021.68,59.97,51.89,1011.685,2023.37,19.989999999999895,0.019759114724682864,111.86,8.079999999999998,-6.659999999999968,-58.42999999999995,-32.54500000000007,51.76999999999998,1.5907204919121025,-11.659999999999968,-131.8599999999999,-71.7600000000001,0.0,0.1700000000000017,0.1700000000000017,9.04420696366702,15.52852818202097,28.242299304412125,25.969629762474515
2025-10-29 15:41:54,1001.69,1020.01,59.97,52.0,1010.85,2021.7,18.319999999999936,0.018123361509498514,111.97,7.969999999999999,0.0,-1.669999999999959,-0.8349999999999227,1.669999999999959,1.9999976047934238,6.659999999999968,56.75999999999999,31.71000000000015,0.0,0.10999999999999943,0.10999999999999943,9.027864525963523,15.715310766886535,27.915484054552916,25.674489868349905
2025-10-29 15:41:55,1046.7,1021.68,59.97,52.14,1034.19,2068.38,25.020000000000095,0.024192846552187938,112.11,7.829999999999998,45.00999999999999,1.669999999999959,23.340000000000032,43.34000000000003,1.8568979495759221,45.00999999999999,3.339999999999918,24.174999999999955,0.0,0.14000000000000057,0.14000000000000057,9.22477915239694,17.0200820356371,25.93159327924142,27.692698405897577
2025-10-29 15:41:56,1011.68,1021.68,60.09,52.28,1016.68,2033.36,10.0,0.009835936568206381,112.37,7.810000000000002,-35.020000000000095,0.0,-17.510000000000105,35.020000000000095,1.9999998857795545,-80.03000000000009,-1.669999999999959,-40.850000000000136,0.12000000000000455,0.14000000000000057,0.01999999999999602,9.047610491700539,14.917560792563076,24.49744313188619,29.248212466747486
2025-10-29 15:41:57,1006.68,1050.04,60.09,52.38,1028.36,2056.72,43.360000000000014,0.04216422260476466,112.47,7.710000000000001,-5.0,28.360000000000014,11.67999999999995,33.360000000000014,2.8561641390270567,30.020000000000095,28.360000000000014,29.190000000000055,0.0,0.10000000000000142,0.10000000000000142,9.143415940753837,10.422413108288191,12.429815766937192,22.345474765598556
2025-10-29 15:41:58,1006.68,1018.35,60.09,52.42,1012.515,2025.03,11.670000000000073,0.0115257551626142,112.51,7.670000000000002,0.0,-31.68999999999994,-15.844999999999914,31.68999999999994,1.999999873777232,5.0,-60.049999999999955,-27.524999999999864,0.0,0.03999999999999915,0.03999999999999915,8.999333312600362,10.255108726864735,13.500832566919716,17.602567781434622
2025-10-29 15:41:59,1001.69,1016.68,60.09,52.57,1009.185,2018.37,14.989999999999895,0.014853569945199667,112.66,7.520000000000003,-4.989999999999895,-1.6700000000000728,-3.330000000000041,3.3199999999998226,0.9969966975985237,-4.989999999999895,30.019999999999868,12.514999999999873,0.0,0.14999999999999858,0.14999999999999858,8.957793281042132,10.66635563347753,13.786757051605727,17.673260734793686
2025-10-29 15:42:00,1005.02,1021.68,60.09,52.59,1013.3499999999999,2026.6999999999998,16.659999999999968,0.016440519054186066,112.68,7.5,3.3299999999999272,5.0,4.164999999999964,1.6700000000000728,0.4009602878847057,8.319999999999823,6.670000000000073,7.4950000000000045,0.0,0.020000000000003126,0.020000000000003126,8.993166409361319,7.396660226062911,13.685117098512533,12.606164464261104
2025-10-29 15:42:01,1003.35,1021.68,60.09,52.75,1012.515,2025.03,18.329999999999927,0.018103435486779448,112.84,7.340000000000003,-1.669999999999959,0.0,-0.8349999999999227,1.669999999999959,1.9999976047934238,-4.999999999999886,-5.0,-4.999999999999886,0.0,0.1599999999999966,0.1599999999999966,8.973014808817664,7.536671181617361,12.738750723677741,10.163049862123026
2025-10-29 15:42:02,1043.36,1020.01,60.11,52.75,1031.685,2063.37,23.34999999999991,0.022632877261341427,112.86,7.359999999999999,40.00999999999988,-1.669999999999959,19.16999999999996,41.679999999999836,2.174230455178376,41.679999999999836,-1.669999999999959,20.00499999999988,0.01999999999999602,0.0,0.01999999999999602,9.141281152389853,8.995330733209402,4.320185181216142,12.70310149136811
2025-10-29 15:42:03,1011.68,1016.68,60.23,52.89,1014.18,2028.36,5.0,0.004930091300429814,113.12,7.339999999999996,-31.67999999999995,-3.330000000000041,-17.504999999999995,28.34999999999991,1.6195371825457145,-71.68999999999983,-1.6600000000000819,-36.674999999999955,0.11999999999999744,0.14000000000000057,0.020000000000003126,8.965523258791343,8.870965702775626,6.733300082426117,13.252290651053476
2025-10-29 15:42:04,1010.01,1008.35,60.23,52.89,1009.1800000000001,2018.3600000000001,1.6599999999999682,0.0016448998180255932,113.12,7.339999999999996,-1.669999999999959,-8.329999999999927,-4.999999999999886,6.659999999999968,1.331999733600077,30.00999999999999,-4.999999999999886,12.50500000000011,0.0,0.0,0.0,8.921322410525793,8.871952011807831,9.240165041816054,13.388039158144071
2025-10-29 15:42:05,1008.35,1016.68,60.23,52.92,1012.515,2025.03,8.329999999999927,0.008227038603648231,113.15,7.309999999999995,-1.6599999999999682,8.329999999999927,3.3349999999999227,9.989999999999895,2.995501350674296,0.009999999999990905,16.659999999999854,8.334999999999809,0.0,0.030000000000001137,0.030000000000001137,8.94843120681899,8.946135338782945,9.16594403212236,13.328483878521178
2025-10-29 15:42:06,1006.68,1020.01,60.23,53.06,1013.345,2026.69,13.330000000000041,0.013154453800872937,113.28999999999999,7.169999999999995,-1.6700000000000728,3.330000000000041,0.8300000000000409,5.000000000000114,6.0240891276033,-0.010000000000104592,-4.999999999999886,-2.5049999999998818,0.0,0.14000000000000057,0.14000000000000057,8.944699364951017,8.872351294883497,8.457217627565212,13.328421418157479
2025-10-29 15:42:07,1008.35,1011.68,60.23,53.06,1010.015,2020.03,3.3299999999999272,0.003296980734645472,113.28999999999999,7.169999999999995,1.6700000000000728,-8.330000000000041,-3.330000000000041,10.000000000000114,3.0030021012005674,3.3400000000001455,-11.660000000000082,-4.160000000000082,0.0,0.0,0.0,8.91530577354307,2.1565151285872517,4.625413495029431,8.068569730751511
2025-10-29 15:42:08,1005.02,1023.35,60.23,53.2,1014.185,2028.37,18.33000000000004,0.018073625602751386,113.43,7.029999999999994,-3.330000000000041,11.670000000000073,4.169999999999959,15.000000000000114,3.5971214395392854,-5.000000000000114,20.000000000000114,7.5,0.0,0.14000000000000057,0.14000000000000057,8.941064895168253,2.157868160899943,6.93309310481265,4.040077969544575
2025-10-29 15:42:09,1006.68,1021.68,60.23,53.2,1014.18,2028.36,15.0,0.014790273901289442,113.43,7.029999999999994,1.6599999999999682,-1.6700000000000728,-0.0049999999999954525,3.330000000000041,665.8668266352867,4.990000000000009,-13.340000000000146,-4.1749999999999545,0.0,0.0,0.0,8.941020815119273,1.7281189194684174,5.893028084100791,2.970225159815291
2025-10-29 15:42:10,995.03,1020.01,60.23,53.22,1007.52,2015.04,24.980000000000018,0.024793552460701987,113.44999999999999,7.009999999999998,-11.649999999999977,-1.669999999999959,-6.659999999999968,9.980000000000018,1.4984982734987675,-13.309999999999945,1.1368683772161603e-13,-6.654999999999973,0.0,0.01999999999999602,0.01999999999999602,8.880740336000526,2.967838860151568,7.90042593788465,4.13921248548558
2025-10-29 15:42:11,1005.02,1025.02,60.23,53.36,1015.02,2030.04,20.0,0.0197040452210754,113.59,6.869999999999997,9.990000000000009,5.009999999999991,7.5,4.980000000000018,0.6639999114666809,21.639999999999986,6.67999999999995,14.159999999999968,0.0,0.14000000000000057,0.14000000000000057,8.935821736633315,3.259155181918368,8.10956657288172,5.6683838084589615
2025-10-29 15:42:12,998.36,1018.35,60.23,53.36,1008.355,2016.71,19.99000000000001,0.019824367390626953,113.59,6.869999999999997,-6.659999999999968,-6.669999999999959,-6.664999999999964,0.009999999999990905,0.0015003748686595786,-16.649999999999977,-11.67999999999995,-14.164999999999964,0.0,0.0,0.0,8.877145797366442,3.6018720826572466,3.605946477694859,6.361321207107807
2025-10-29 15:42:13,1001.69,1011.68,60.23,53.36,1006.685,2013.37,9.989999999999895,0.009923660320831477,113.59,6.869999999999997,3.330000000000041,-6.670000000000073,-1.6700000000000728,10.000000000000114,5.988020366454678,9.990000000000009,-1.1368683772161603e-13,4.994999999999891,0.0,0.0,0.0,8.862443799080518,3.9337936524209587,5.697373956482096,5.8430888663445515
2025-10-29 15:42:14,1015.01,1025.02,60.35,53.48,1020.015,2040.03,10.009999999999991,0.009813581163204865,113.83,6.8700000000000045,13.319999999999936,13.340000000000032,13.330000000000041,0.020000000000095497,0.0015003749812243403,9.989999999999895,20.010000000000105,15.000000000000114,0.12000000000000455,0.11999999999999744,7.105427357601002e-15,8.96086261125483,5.783802166380357,6.7011290093536084,8.926031873122566
2025-10-29 15:42:15,1010.01,1021.68,60.35,53.48,1015.845,2031.69,11.669999999999959,0.011487973055448407,113.83,6.8700000000000045,-5.0,-3.340000000000032,-4.169999999999959,1.6599999999999682,0.39808143930900364,-18.319999999999936,-16.680000000000064,-17.5,0.0,0.0,0.0,8.92422903519082,5.537838477224127,5.214357103229539,8.436198788553998
2025-10-29 15:42:16,1011.68,1018.35,60.35,53.48,1015.015,2030.03,6.670000000000073,0.00657133145168174,113.83,6.8700000000000045,1.669999999999959,-3.3299999999999272,-0.8300000000000409,4.999999999999886,6.024089127603027,6.669999999999959,0.010000000000104592,3.339999999999918,0.0,0.0,0.0,8.916937460098943,5.537424491568624,4.995005505502473,7.79387291402676
2025-10-29 15:42:17,1003.35,1048.37,60.35,53.62,1025.86,2051.72,45.01999999999987,0.043885130481853996,113.97,6.730000000000004,-8.329999999999927,30.019999999999868,10.844999999999914,38.349999999999795,3.5361914673866885,-9.999999999999886,33.349999999999795,11.674999999999955,0.0,0.14000000000000057,0.14000000000000057,9.001140572070364,7.0491847046178915,15.950709075147671,7.982553162992394
2025-10-29 15:42:18,1001.69,1023.35,60.35,53.64,1012.52,2025.04,21.659999999999968,0.021392170010081576,113.99000000000001,6.710000000000001,-1.6599999999999682,-25.019999999999868,-13.339999999999918,23.3599999999999,1.7511243065124242,6.669999999999959,-55.039999999999736,-24.18499999999983,0.0,0.020000000000003126,0.020000000000003126,8.882533477651254,5.227654110575509,15.577979008844439,11.005985644184669
2025-10-29 15:42:19,1010.01,1015.01,60.35,53.64,1012.51,2025.02,5.0,0.004938222827489879,113.99000000000001,6.710000000000001,8.319999999999936,-8.340000000000032,-0.009999999999990905,16.659999999999968,1665.833416659846,9.979999999999905,16.679999999999836,13.329999999999927,0.0,0.0,0.0,8.882445750658428,5.520232105611072,16.438626159141094,8.694574745207424
2025-10-29 15:42:20,1008.35,1020.01,60.35,53.64,1014.1800000000001,2028.3600000000001,11.659999999999968,0.011496972912602293,113.99000000000001,6.710000000000001,-1.6599999999999682,5.0,1.6700000000000728,6.659999999999968,3.988021564058751,-9.979999999999905,13.340000000000032,1.6800000000000637,0.0,0.0,0.0,8.897096158460425,5.607835589585317,16.439590019218784,8.638476138764226
2025-10-29 15:42:21,1000.02,1088.47,60.35,53.67,1044.245,2088.49,88.45000000000005,0.08470234467514587,114.02000000000001,6.68,-8.330000000000041,68.46000000000004,30.064999999999827,76.79000000000008,2.554132627502674,-6.670000000000073,63.460000000000036,28.394999999999754,0.0,0.030000000000001137,0.030000000000001137,9.15843703597231,13.699714230589223,33.830287022134485,16.057585979841324
2025-10-29 15:42:22,1008.35,1018.35,60.35,53.78,1013.35,2026.7,10.0,0.00986825873600606,114.13,6.57,8.330000000000041,-70.12,-30.894999999999868,78.45000000000005,2.5392457504694814,16.660000000000082,-138.58000000000004,-60.959999999999695,0.0,0.10999999999999943,0.10999999999999943,8.878909937098836,13.927704584740912,34.68539721554305,22.40451868485451
2025-10-29 15:42:23,1008.35,1021.68,60.35,53.78,1015.015,2030.03,13.329999999999927,0.013132810832221314,114.13,6.57,0.0,3.3299999999999272,1.6649999999999636,3.3299999999999272,1.9999987987995202,-8.330000000000041,73.44999999999993,32.55999999999983,0.0,0.0,0.0,8.893498563975305,13.663521233555139,35.22314679298262,21.579628530166946
2025-10-29 15:42:24,1008.35,1021.68,60.35,53.78,1015.015,2030.03,13.329999999999927,0.013132810832221314,114.13,6.57,0.0,0.0,0.0,0.0,0.0,0.0,-3.3299999999999272,-1.6649999999999636,0.0,0.0,0.0,8.893498563975305,13.369403221528298,34.181608066327165,21.579570025836826
2025-10-29 15:42:25,1001.69,1018.35,60.35,53.78,1010.02,2020.04,16.659999999999968,0.0164947228604436,114.13,6.57,-6.659999999999968,-3.3299999999999272,-4.9950000000000045,3.330000000000041,0.6666665331999008,-6.659999999999968,-3.3299999999999272,-4.9950000000000045,0.0,0.0,0.0,8.849732683345898,13.966336044210482,33.67710394318375,21.694851808666385
2025-10-29 15:42:26,1005.02,1018.35,60.35,53.81,1011.685,2023.37,13.330000000000041,0.013176037982992734,114.16,6.539999999999999,3.3299999999999272,0.0,1.6649999999999636,3.3299999999999272,1.9999987987995202,9.989999999999895,3.3299999999999272,6.659999999999968,0.0,0.030000000000001137,0.030000000000001137,8.861991863507429,2.170894400892248,2.3546655813511754,13.901122077012268
2025-10-29 15:42:27,1001.69,1020.01,60.35,53.81,1010.85,2021.7,18.319999999999936,0.018123361509498514,114.16,6.539999999999999,-3.3299999999999272,1.6599999999999682,-0.8349999999999227,4.989999999999895,5.976040747257018,-6.6599999999998545,1.6599999999999682,-2.4999999999998863,0.0,0.0,0.0,8.854677567846203,2.3551077469674477,2.3528982128430163,2.7359504746979133
2025-10-29 15:42:28,1001.69,1015.01,60.35,53.83,1008.35,2016.7,13.319999999999936,0.013209699000139076,114.18,6.520000000000003,0.0,-5.0,-2.5,5.0,1.99999920000032,3.3299999999999272,-6.659999999999968,-1.6650000000000773,0.0,0.01999999999999602,0.01999999999999602,8.83123131169004,2.4711115919416202,2.3546698282349166,2.5389481089616193
2025-10-29 15:42:29,1000.02,1083.45,60.35,53.9,1041.7350000000001,2083.4700000000003,83.43000000000006,0.08008754618008658,114.25,6.450000000000003,-1.6700000000000728,68.44000000000005,33.385000000000105,70.11000000000013,2.1000448674540975,-1.6700000000000728,73.44000000000005,35.885000000000105,0.0,0.07000000000000028,0.07000000000000028,9.118030554765598,14.144971986533617,30.49743218698916,15.862187900791026
2025-10-29 15:42:30,1006.68,1021.68,60.35,53.95,1014.18,2028.36,15.0,0.014790273901289442,114.30000000000001,6.399999999999999,6.659999999999968,-61.770000000000095,-27.555000000000177,68.43000000000006,2.4833967525531797,8.330000000000041,-130.21000000000015,-60.94000000000028,0.0,0.05000000000000426,0.05000000000000426,8.872965801636344,13.784219691365172,30.67403869724367,21.68002871308071
2025-10-29 15:42:31,1005.02,1021.68,60.35,53.95,1013.3499999999999,2026.6999999999998,16.659999999999968,0.016440519054186066,114.30000000000001,6.399999999999999,-1.6599999999999682,0.0,-0.8300000000000409,1.6599999999999682,1.999997590364212,-8.319999999999936,61.770000000000095,26.725000000000136,0.0,0.0,0.0,8.865704209398912,13.632120891476086,30.291198061483186,21.684775361990816
2025-10-29 15:42:32,1003.35,1013.35,60.35,53.95,1008.35,2016.7,10.0,0.0099171914415459,114.30000000000001,6.399999999999999,-1.669999999999959,-8.329999999999927,-4.999999999999886,6.659999999999968,1.331999733600077,-0.009999999999990905,-8.329999999999927,-4.169999999999845,0.0,0.0,0.0,8.821959677848122,13.987082254702715,31.26130707440113,21.82043279818262
2025-10-29 15:42:33,1003.35,1018.35,60.35,53.95,1010.85,2021.7,15.0,0.014838996869130932,114.30000000000001,6.399999999999999,0.0,5.0,2.5,5.0,1.99999920000032,1.669999999999959,13.329999999999927,7.499999999999886,0.0,0.0,0.0,8.843831943623517,13.632120891476085,31.07683574625965,21.82043279818262
2025-10-29 15:42:34,1006.68,1021.68,60.46,53.97,1014.18,2028.36,15.0,0.014790273901289442,114.43,6.490000000000002,3.3299999999999272,3.3299999999999272,3.3299999999999272,0.0,0.0,3.3299999999999272,-1.6700000000000728,0.8299999999999272,0.10999999999999943,0.01999999999999602,0.09000000000000341,8.862885529468796,2.5400137794559328,2.5260878844568873,12.75196279009633
2025-10-29 15:42:35,1010.01,1015.01,60.46,53.97,1012.51,2025.02,5.0,0.004938222827489879,114.43,6.490000000000002,3.330000000000041,-6.669999999999959,-1.669999999999959,10.0,5.988020366455017,1.1368683772161603e-13,-9.999999999999886,-4.999999999999886,0.0,0.0,0.0,8.848291454615996,2.3110863246158866,4.800116665248863,3.363737504621823
2025-10-29 15:42:36,1010.01,1020.01,60.46,53.97,1015.01,2030.02,10.0,0.00985211967384349,114.43,6.490000000000002,0.0,5.0,2.5,5.0,1.99999920000032,-3.330000000000041,11.669999999999959,4.169999999999959,0.0,0.0,0.0,8.87013887206031,2.671872002889756,4.1833001326703725,3.56464163696709
2025-10-29 15:42:37,1008.35,1030.02,60.46,54.14,1019.185,2038.37,21.66999999999996,0.021262086842661416,114.6,6.32,-1.6599999999999682,10.009999999999991,4.1749999999999545,11.669999999999959,2.7952089113272276,-1.6599999999999682,5.009999999999991,1.6749999999999545,0.0,0.1700000000000017,0.1700000000000017,8.893411789760805,3.1415473893963233,6.23720931186374,2.254383507746567
2025-10-29 15:42:38,1011.68,1021.68,60.46,54.14,1016.68,2033.36,10.0,0.009835936568206381,114.6,6.32,3.3299999999999272,-8.340000000000032,-2.5049999999999955,11.669999999999959,4.658680774977727,4.989999999999895,-18.350000000000023,-6.67999999999995,0.0,0.0,0.0,8.871553151208088,2.5442769109947894,6.303790922928817,3.042846939956011
2025-10-29 15:42:39,1008.35,1021.68,60.46,54.14,1015.015,2030.03,13.329999999999927,0.013132810832221314,114.6,6.32,-3.3299999999999272,0.0,-1.6649999999999636,3.3299999999999272,1.9999987987995202,-6.6599999999998545,8.340000000000032,0.8400000000000318,0.0,0.0,0.0,8.857024355523349,2.4609474801021074,6.170044570341425,2.9739422489348546
2025-10-29 15:42:40,1003.35,1013.35,60.46,54.14,1008.35,2016.7,10.0,0.0099171914415459,114.6,6.32,-5.0,-8.329999999999927,-6.664999999999964,3.3299999999999272,0.49962483126408314,-1.6700000000000728,-8.329999999999927,-5.0,0.0,0.0,0.0,8.798865542767317,4.013848838686146,5.056624368093772,4.292114280864341
2025-10-29 15:42:41,1001.69,1013.35,60.46,54.14,1007.52,2015.04,11.659999999999968,0.0115729712446671,114.6,6.32,-1.6599999999999682,0.0,-0.8300000000000409,1.6599999999999682,1.999997590364212,3.340000000000032,8.329999999999927,5.834999999999923,0.0,0.0,0.0,8.791622959933482,5.169556315567564,4.861128469810254,3.8848738718264215
2025-10-29 15:42:42,1008.35,1020.01,60.46,54.14,1014.1800000000001,2028.3600000000001,11.659999999999968,0.011496972912602293,114.6,6.32,6.659999999999968,6.659999999999968,6.660000000000082,0.0,0.0,8.319999999999936,6.659999999999968,7.490000000000123,0.0,0.0,0.0,8.849738142672443,4.139109807655055,1.3924438947404183,4.83487254227038
2025-10-29 15:42:43,1003.35,1020.01,60.46,54.14,1011.6800000000001,2023.3600000000001,16.659999999999968,0.016467657741116075,114.6,6.32,-5.0,0.0,-2.5,5.0,1.99999920000032,-11.659999999999968,-6.659999999999968,-9.160000000000082,0.0,0.0,0.0,8.827923134136798,3.3622507342296735,2.5260878844568873,4.8344842020633445
2025-10-29 15:42:44,1008.35,1050.04,60.46,54.23,1029.195,2058.39,41.68999999999994,0.0405073868018136,114.69,6.230000000000004,5.0,30.029999999999973,17.514999999999873,25.029999999999973,1.4290607234335957,10.0,30.029999999999973,20.014999999999873,0.0,0.0899999999999963,0.0899999999999963,8.97371166645992,8.804041685488713,13.293279505073208,9.51679397171122
2025-10-29 15:42:45,1008.35,1023.35,60.46,54.25,1015.85,2031.7,15.0,0.014765959526735286,114.71000000000001,6.210000000000001,0.0,-26.68999999999994,-13.344999999999914,26.68999999999994,1.999999850131155,-5.0,-56.719999999999914,-30.859999999999786,0.0,0.020000000000003126,0.020000000000003126,8.85581022704376,8.178013206141252,12.683701352523224,11.455443574999551
2025-10-29 15:42:46,1008.35,1015.01,60.46,54.25,1011.6800000000001,2023.3600000000001,6.659999999999968,0.0065831092770607886,114.71000000000001,6.210000000000001,0.0,-8.340000000000032,-4.169999999999959,8.340000000000032,1.9999995203838352,0.0,18.34999999999991,9.174999999999955,0.0,0.0,0.0,8.819457686169839,7.30464372846611,13.603723019820695,11.71961635464226
2025-10-29 15:42:47,1001.69,1021.68,60.46,54.25,1011.685,2023.37,19.989999999999895,0.019759114724682864,114.71000000000001,6.210000000000001,-6.659999999999968,6.669999999999959,0.004999999999881766,13.329999999999927,2665.466906681679,-6.659999999999968,15.009999999999991,4.174999999999841,0.0,0.0,0.0,8.819501274348344,7.5840775642012215,13.082119476598564,11.261196317443279
2025-10-29 15:42:48,1008.35,1021.68,60.46,54.25,1015.015,2030.03,13.329999999999927,0.013132810832221314,114.71000000000001,6.210000000000001,6.659999999999968,0.0,3.330000000000041,6.659999999999968,1.9999993993995455,13.319999999999936,-6.669999999999959,3.325000000000159,0.0,0.0,0.0,8.848531001233274,7.246313718009961,13.37612537321625,11.303955391808577
2025-10-29 15:42:49,1008.35,1010.01,60.46,54.25,1009.1800000000001,2018.3600000000001,1.6599999999999682,0.0016448998180255932,114.71000000000001,6.210000000000001,0.0,-11.669999999999959,-5.834999999999923,11.669999999999959,1.9999996572408665,-6.659999999999968,-11.669999999999959,-9.164999999999964,0.0,0.0,0.0,8.79766359691689,2.7267714425354734,7.2073275213493435,6.3343119200114595
2025-10-29 15:42:50,1006.68,1020.01,60.46,54.25,1013.345,2026.69,13.330000000000041,0.013154453800872937,114.71000000000001,6.210000000000001,-1.6700000000000728,10.0,4.164999999999964,11.670000000000073,2.80192009557745,-1.6700000000000728,21.66999999999996,9.999999999999886,0.0,0.0,0.0,8.833972549612305,2.1731008949949473,7.0311613549967475,4.433319016267556
2025-10-29 15:42:51,1001.69,1018.35,60.46,54.25,1010.02,2020.04,16.659999999999968,0.0164947228604436,114.71000000000001,6.210000000000001,-4.989999999999895,-1.6599999999999682,-3.3250000000000455,3.3299999999999272,1.001503458194413,-3.3199999999998226,-11.659999999999968,-7.490000000000009,0.0,0.0,0.0,8.80498641090588,2.385229024607171,6.911384087142003,4.271647223261734
2025-10-29 15:42:52,1005.02,1018.35,60.46,54.28,1011.685,2023.37,13.330000000000041,0.013176037982992734,114.74000000000001,6.18,3.3299999999999272,0.0,1.6649999999999636,3.3299999999999272,1.9999987987995202,8.319999999999823,1.6599999999999682,4.990000000000009,0.0,0.030000000000001137,0.030000000000001137,8.817195321446789,2.385229024607171,5.774224623271947,4.367814098608098
2025-10-29 15:42:53,1006.68,1021.68,60.46,54.28,1014.18,2028.36,15.0,0.014790273901289442,114.74000000000001,6.18,1.6599999999999682,3.3299999999999272,2.4950000000000045,1.669999999999959,0.6693384090827843,-1.669999999999959,3.3299999999999272,0.8300000000000409,0.0,0.0,0.0,8.838940135620183,2.12295960861924,5.940726386562514,4.22219966368238
2025-10-29 15:42:54,1005.02,1016.68,60.46,54.28,1010.8499999999999,2021.6999999999998,11.659999999999968,0.011534846899604415,114.74000000000001,6.18,-1.6599999999999682,-5.0,-3.330000000000041,3.340000000000032,1.0030027018009877,-3.3199999999999363,-8.329999999999927,-5.8250000000000455,0.0,0.0,0.0,8.809917998867718,1.7249833332030569,1.900586751505935,3.461618840947098
2025-10-29 15:42:55,1005.02,1018.35,60.46,54.28,1011.685,2023.37,13.330000000000041,0.013176037982992734,114.74000000000001,6.18,0.0,1.6700000000000728,0.8350000000000364,1.6700000000000728,1.9999976047932877,1.6599999999999682,6.670000000000073,4.165000000000077,0.0,0.0,0.0,8.817195321446789,1.5567971929024187,1.900586751505935,2.7967785039219635
2025-10-29 15:42:56,1005.02,1086.8,60.46,54.35,1045.9099999999999,2091.8199999999997,81.77999999999997,0.07819028398409968,114.81,6.109999999999999,0.0,68.44999999999993,34.22499999999991,68.44999999999993,1.99999994156319,0.0,66.77999999999986,33.38999999999987,0.0,0.07000000000000028,0.07000000000000028,9.10992065926382,15.171735480814807,30.634538514558997,15.284923781295046
2025-10-29 15:42:57,1001.69,1021.68,60.46,54.42,1011.685,2023.37,19.989999999999895,0.019759114724682864,114.88,6.039999999999999,-3.3299999999999272,-65.12,-34.22499999999991,61.79000000000008,1.8054053526543432,-3.3299999999999272,-133.56999999999994,-68.44999999999982,0.0,0.07000000000000028,0.07000000000000028,8.806450132255831,15.171735480814807,30.029291866442662,24.29358145683746
2025-10-29 15:42:58,1001.69,1021.68,60.46,54.42,1011.685,2023.37,19.989999999999895,0.019759114724682864,114.88,6.039999999999999,0.0,0.0,0.0,0.0,0.0,3.3299999999999272,65.12,34.22499999999991,0.0,0.0,0.0,8.806450132255831,15.403485238731388,29.553767103366027,24.255114769878887
2025-10-29 15:42:59,1005.02,1021.68,60.46,54.42,1013.3499999999999,2026.6999999999998,16.659999999999968,0.016440519054186066,114.88,6.039999999999999,3.3299999999999272,0.0,1.6649999999999636,3.3299999999999272,1.9999987987995202,3.3299999999999272,0.0,1.6649999999999636,0.0,0.0,0.0,8.820943516530784,15.136912086017244,28.882523262346727,24.21219062786341
2025-10-29 15:43:00,995.03,1018.35,60.46,54.42,1006.69,2013.38,23.32000000000005,0.02316502595320806,114.88,6.039999999999999,-9.990000000000009,-3.3299999999999272,-6.6599999999998545,6.660000000000082,0.9999998498499065,-13.319999999999936,-3.3299999999999272,-8.324999999999818,0.0,0.0,0.0,8.762969979430972,15.875867456608985,27.73346840912619,24.417407059309067
2025-10-29 15:43:01,1003.35,1021.68,60.46,54.42,1012.515,2025.03,18.329999999999927,0.018103435486779448,114.88,6.039999999999999,8.32000000000005,3.3299999999999272,5.824999999999932,4.990000000000123,0.8566522134502949,18.31000000000006,6.6599999999998545,12.484999999999786,0.0,0.0,0.0,8.813675062555058,2.6058180097294468,2.4689208168752605,16.041850501111085
2025-10-29 15:43:02,998.36,1018.35,60.46,54.42,1008.355,2016.71,19.99000000000001,0.019824367390626953,114.88,6.039999999999999,-4.990000000000009,-3.3299999999999272,-4.159999999999968,1.6600000000000819,0.3990383656158002,-13.31000000000006,-6.6599999999998545,-9.9849999999999,0.0,0.0,0.0,8.777463363705925,2.8592949305434776,2.4689208168752645,4.902710219868098
2025-10-29 15:43:03,1015.01,1021.68,60.56,54.42,1018.345,2036.69,6.669999999999959,0.006549843121388248,114.98,6.140000000000001,16.649999999999977,3.3299999999999272,9.990000000000009,13.32000000000005,1.3333331998665505,21.639999999999986,6.6599999999998545,14.149999999999977,0.10000000000000142,0.0,0.10000000000000142,8.856714134138858,4.574873495500081,6.274466511186448,6.879190177629855
2025-10-29 15:43:04,1015.01,1018.35,60.56,54.42,1016.6800000000001,2033.3600000000001,3.340000000000032,0.0032852028137809624,114.98,6.140000000000001,0.0,-3.3299999999999272,-1.6649999999999636,3.3299999999999272,1.9999987987995202,-16.649999999999977,-6.6599999999998545,-11.654999999999973,0.0,0.0,0.0,8.842233354998841,5.0638999298789376,8.779399182176421,6.999042255908952
2025-10-29 15:43:05,1008.35,1020.01,60.56,54.42,1014.1800000000001,2028.3600000000001,11.659999999999968,0.011496972912602293,114.98,6.140000000000001,-6.659999999999968,1.6599999999999682,-2.5,8.319999999999936,3.327998668800507,-6.659999999999968,4.989999999999895,-0.8350000000000364,0.0,0.0,0.0,8.820490443377192,3.878271199880816,7.201199205687879,6.099969876974772
2025-10-29 15:43:06,1006.68,1021.68,60.56,54.44,1014.18,2028.36,15.0,0.014790273901289442,115.0,6.1200000000000045,-1.6700000000000728,1.669999999999959,-1.1368683772161603e-13,3.340000000000032,3339999.620286037,4.989999999999895,0.009999999999990905,2.4999999999998863,0.0,0.01999999999999602,0.01999999999999602,8.818956445052553,3.7877014797663655,6.597898907985782,5.602978672099315
2025-10-29 15:43:07,1011.68,1021.68,60.56,54.44,1016.68,2033.36,10.0,0.009835936568206381,115.0,6.1200000000000045,5.0,0.0,2.5,5.0,1.99999920000032,6.670000000000073,-1.669999999999959,2.5000000000001137,0.0,0.0,0.0,8.8406955752983,1.8060855460971925,4.499508862087053,5.03018886325354
2025-10-29 15:43:08,1013.35,1020.01,60.56,54.44,1016.6800000000001,2033.3600000000001,6.659999999999968,0.006550733754425418,115.0,6.1200000000000045,1.6700000000000728,-1.669999999999959,1.1368683772161603e-13,3.340000000000032,3339999.620286037,-3.3299999999999272,-1.669999999999959,-2.4999999999998863,0.0,0.0,0.0,8.8406955752983,1.3693063936978345,4.500991001990552,1.9181879469957634
2025-10-29 15:43:09,1008.35,1020.01,60.56,54.44,1014.1800000000001,2028.3600000000001,11.659999999999968,0.011496972912602293,115.0,6.1200000000000045,-5.0,0.0,-2.5,5.0,1.99999920000032,-6.670000000000073,1.669999999999959,-2.5000000000001137,0.0,0.0,0.0,8.818956445052553,1.3693063936981562,3.029303550323081,2.091650066335152
2025-10-29 15:43:10,1010.01,1021.68,60.56,54.46,1015.845,2031.69,11.669999999999959,0.011487973055448407,115.02000000000001,6.100000000000001,1.6599999999999682,1.669999999999959,1.6649999999999636,0.009999999999990905,0.006006002398792027,6.659999999999968,1.669999999999959,4.164999999999964,0.0,0.020000000000003126,0.020000000000003126,8.831898723422894,1.2637028922266687,3.0298547819986386,1.9181879469957648
2025-10-29 15:43:11,1005.02,1018.35,60.56,54.46,1011.685,2023.37,13.330000000000041,0.013176037982992734,115.02000000000001,6.100000000000001,-4.990000000000009,-3.3299999999999272,-4.160000000000082,1.6600000000000819,0.3990383656157893,-6.649999999999977,-4.999999999999886,-5.8250000000000455,0.0,0.0,0.0,8.795731100715257,2.1224673141942945,2.5290571365629644,2.7987863441141743
2025-10-29 15:43:12,1008.35,1021.68,60.56,54.46,1015.015,2030.03,13.329999999999927,0.013132810832221314,115.02000000000001,6.100000000000001,3.330000000000041,3.3299999999999272,3.330000000000041,1.1368683772161603e-13,3.4140181255685697e-14,8.32000000000005,6.6599999999998545,7.490000000000123,0.0,0.0,0.0,8.824682587161513,1.9163422188700663,2.7401368578959704,3.0357157310921026
2025-10-29 15:43:13,1010.01,1013.35,60.56,54.46,1011.6800000000001,2023.3600000000001,3.340000000000032,0.003301439186994497,115.02000000000001,6.100000000000001,1.6599999999999682,-8.329999999999927,-3.3349999999999227,9.989999999999895,2.995501350674296,-1.6700000000000728,-11.659999999999854,-6.664999999999964,0.0,0.0,0.0,8.795687630014887,1.9169943922259531,4.179118328068707,3.299202555163887
2025-10-29 15:43:14,1010.01,1021.68,60.56,54.49,1015.845,2031.69,11.669999999999959,0.011487973055448407,115.05000000000001,6.07,0.0,8.329999999999927,4.164999999999964,8.329999999999927,1.9999995198080385,-1.6599999999999682,16.659999999999854,7.499999999999886,0.0,0.030000000000001137,0.030000000000001137,8.829595751155187,2.155163566837816,4.179715301309383,3.8432320382719363
2025-10-29 15:43:15,1001.69,1021.68,60.56,54.49,1011.685,2023.37,19.989999999999895,0.019759114724682864,115.05000000000001,6.07,-8.319999999999936,0.0,-4.160000000000082,8.319999999999936,1.99999951923083,-8.319999999999936,-8.329999999999927,-8.325000000000045,0.0,0.0,0.0,8.793437559379072,2.073009888984321,5.956745755863634,4.204415238769835
2025-10-29 15:43:16,1008.35,1018.35,60.56,54.49,1013.35,2026.7,10.0,0.00986825873600606,115.05000000000001,6.07,6.659999999999968,-3.3299999999999272,1.6650000000000773,9.989999999999895,5.9999963963982195,14.979999999999905,-3.3299999999999272,5.825000000000159,0.0,0.0,0.0,8.807909527962542,1.8988318777148407,6.0032432900890615,3.843232038271946
2025-10-29 15:43:17,1008.35,1011.68,60.56,54.49,1010.015,2020.03,3.3299999999999272,0.003296980734645472,115.05000000000001,6.07,0.0,-6.670000000000073,-3.3350000000000364,6.670000000000073,1.9999994003000299,-6.659999999999968,-3.3400000000001455,-5.000000000000114,0.0,0.0,0.0,8.77892213143049,2.203534093184874,6.907888968418611,3.696941303293837
2025-10-29 15:43:18,1010.01,1016.68,60.56,54.49,1013.345,2026.69,6.669999999999959,0.006582161054150164,115.05000000000001,6.07,1.6599999999999682,5.0,3.330000000000041,3.340000000000032,1.0030027018009877,1.6599999999999682,11.670000000000073,6.665000000000077,0.0,0.0,0.0,8.807866068597427,2.171375140280335,6.2772541767877925,3.843232038271973
2025-10-29 15:43:19,1008.35,1030.02,60.56,54.53,1019.185,2038.37,21.66999999999996,0.021262086842661416,115.09,6.030000000000001,-1.6599999999999682,13.340000000000032,5.839999999999918,15.0,2.5684927108745716,-3.3199999999999363,8.340000000000032,2.509999999999877,0.0,0.03999999999999915,0.03999999999999915,8.85554775518683,3.457018946986842,8.129816726101506,4.305909601930817
2025-10-29 15:43:20,1008.35,1016.68,60.56,54.53,1012.515,2025.03,8.329999999999927,0.008227038603648231,115.09,6.030000000000001,0.0,-13.340000000000032,-6.669999999999959,13.340000000000032,1.999999700149987,1.6599999999999682,-26.680000000000064,-12.509999999999877,0.0,0.0,0.0,8.797593111498887,3.3658423908177366,6.974159447560697,5.085274574691092
2025-10-29 15:43:21,1001.69,1021.68,60.56,54.53,1011.685,2023.37,19.989999999999895,0.019759114724682864,115.09,6.030000000000001,-6.659999999999968,5.0,-0.8300000000000409,11.659999999999968,14.048175845570539,-6.659999999999968,18.340000000000032,5.839999999999918,0.0,0.0,0.0,8.79038136423337,3.487080440687654,8.28244649846891,5.0234470237078845
2025-10-29 15:43:22,1008.35,1018.35,60.56,54.53,1013.35,2026.7,10.0,0.00986825873600606,115.09,6.030000000000001,6.659999999999968,-3.3299999999999272,1.6650000000000773,9.989999999999895,5.9999963963982195,13.319999999999936,-8.329999999999927,2.4950000000001182,0.0,0.0,0.0,8.80484830302504,2.9706447111401575,6.970575299069636,4.7676010739154355
2025-10-29 15:43:23,1008.35,1018.35,60.56,54.53,1013.35,2026.7,10.0,0.00986825873600606,115.09,6.030000000000001,0.0,0.0,0.0,0.0,0.0,-6.659999999999968,3.3299999999999272,-1.6650000000000773,0.0,0.0,0.0,8.80484830302504,2.9703631932517927,6.3019417642501,4.529227859138857
2025-10-29 15:43:24,1000.02,1020.01,60.56,54.53,1010.015,2020.03,19.99000000000001,0.01979178525092026,115.09,6.030000000000001,-8.330000000000041,1.6599999999999682,-3.3350000000000364,9.990000000000009,2.9955013506742274,-8.330000000000041,1.6599999999999682,-3.3350000000000364,0.0,0.0,0.0,8.775870981181066,1.3948324271499368,5.816740496188551,3.25017191852983
2025-10-29 15:43:25,1005.02,1021.68,60.56,54.56,1013.3499999999999,2026.6999999999998,16.659999999999968,0.016440519054186066,115.12,6.0,5.0,1.669999999999959,3.3349999999999227,3.330000000000041,0.998500450224788,13.330000000000041,0.009999999999990905,6.669999999999959,0.0,0.030000000000001137,0.030000000000001137,8.802553780380872,1.4911782253736763,5.0501950457383,2.528148037595874
2025-10-29 15:43:26,1006.68,1015.01,60.56,54.56,1010.845,2021.69,8.330000000000041,0.008240630355553433,115.12,6.0,1.6599999999999682,-6.669999999999959,-2.5049999999998818,8.329999999999927,3.325347973913112,-3.340000000000032,-8.339999999999918,-5.8399999999998045,0.0,0.0,0.0,8.780793877859677,1.6260481234664887,5.051349324685417,2.790635232344009
2025-10-29 15:43:27,1006.68,1021.68,60.56,54.56,1014.18,2028.36,15.0,0.014790273901289442,115.12,6.0,0.0,6.669999999999959,3.3349999999999227,6.669999999999959,1.9999994003000638,-1.6599999999999682,13.339999999999918,5.8399999999998045,0.0,0.0,0.0,8.809763648282107,1.807355111711177,4.798554990827947,3.142607197853322
2025-10-29 15:43:28,1006.68,1015.01,60.56,54.56,1010.845,2021.69,8.330000000000041,0.008240630355553433,115.12,6.0,0.0,-6.669999999999959,-3.3349999999999227,6.669999999999959,1.9999994003000638,0.0,-13.339999999999918,-6.669999999999845,0.0,0.0,0.0,8.780793877859677,1.8073551117114388,5.18850363785164,3.518128763987949
2025-10-29 15:43:29,1003.35,1015.01,60.56,54.56,1009.1800000000001,2018.3600000000001,11.659999999999968,0.01155393486637273,115.12,6.0,-3.3299999999999272,0.0,-1.6649999999999636,3.3299999999999272,1.9999987987995202,-3.3299999999999272,6.669999999999959,1.669999999999959,0.0,0.0,0.0,8.766330709118044,2.042262838086632,3.8002934097250622,3.2509414021171295
2025-10-29 15:43:30,1001.69,1026.68,60.56,54.7,1014.1850000000001,2028.3700000000001,24.99000000000001,0.02464047483975757,115.26,5.859999999999999,-1.6599999999999682,11.670000000000073,5.0049999999999955,13.330000000000041,2.6633361312015826,1.669999999999959,11.670000000000073,6.669999999999959,0.0,0.14000000000000057,0.14000000000000057,8.79910629186963,2.237746075815907,6.909816929557526,3.748408995827348
2025-10-29 15:43:31,1005.02,1018.35,60.56,54.7,1011.685,2023.37,13.330000000000041,0.013176037982992734,115.26,5.859999999999999,3.3299999999999272,-8.330000000000041,-2.5000000000001137,11.659999999999968,4.663998134400521,4.989999999999895,-20.000000000000114,-7.505000000000109,0.0,0.0,0.0,8.777416200091825,2.1743476032661353,6.278182061711803,3.747518512295797
2025-10-29 15:43:32,1003.35,1023.35,60.56,54.7,1013.35,2026.7,20.0,0.01973651747201212,115.26,5.859999999999999,-1.669999999999959,5.0,1.6650000000000773,6.669999999999959,4.006003599997627,-4.999999999999886,13.330000000000041,4.165000000000191,0.0,0.0,0.0,8.791861801215845,1.9917561346283261,6.7275976395738635,3.4579227868765217
2025-10-29 15:43:33,1003.35,1021.68,60.56,54.7,1012.515,2025.03,18.329999999999927,0.018103435486779448,115.26,5.859999999999999,0.0,-1.6700000000000728,-0.8350000000000364,1.6700000000000728,1.9999976047932877,1.669999999999959,-6.670000000000073,-2.5000000000001137,0.0,0.0,0.0,8.784617310562057,1.9200345048537248,5.34795007456127,3.040720309400396
2025-10-29 15:43:34,1001.69,1021.68,60.56,54.7,1011.685,2023.37,19.989999999999895,0.019759114724682864,115.26,5.859999999999999,-1.6599999999999682,0.0,-0.8300000000000409,1.6599999999999682,1.999997590364212,-1.6599999999999682,1.6700000000000728,0.0049999999999954525,0.0,0.0,0.0,8.777416200091825,1.0864069218428487,4.180911383897028,2.9241823643541984
2025-10-29 15:43:35,1005.02,1021.68,60.56,54.7,1013.3499999999999,2026.6999999999998,16.659999999999968,0.016440519054186066,115.26,5.859999999999999,3.3299999999999272,0.0,1.6649999999999636,3.3299999999999272,1.9999987987995202,4.989999999999895,0.0,2.4950000000000045,0.0,0.0,0.0,8.791861801215843,0.8325007506472806,2.7884709071460043,1.8056252379716125
2025-10-29 15:43:36,998.36,1021.68,60.56,54.7,1010.02,2020.04,23.319999999999936,0.02308865168700747,115.26,5.859999999999999,-6.659999999999968,0.0,-3.3299999999999272,6.659999999999968,1.999999399399614,-9.989999999999895,0.0,-4.994999999999891,0.0,0.0,0.0,8.762970598967806,1.3928899812364648,2.469261023059291,2.0895591640343176
2025-10-29 15:43:37,1000.02,1021.68,60.56,54.7,1010.8499999999999,2021.6999999999998,21.659999999999968,0.021427511479025038,115.26,5.859999999999999,1.6599999999999682,0.0,0.8299999999999272,1.6599999999999682,1.9999975903644858,8.319999999999936,0.0,4.1599999999998545,0.0,0.0,0.0,8.770171709438037,1.3162987882049804,2.6325975765391543,1.916125648280839
2025-10-29 15:43:38,1003.35,1015.01,60.56,54.7,1009.1800000000001,2018.3600000000001,11.659999999999968,0.01155393486637273,115.26,5.859999999999999,3.330000000000041,-6.669999999999959,-1.6699999999998454,10.0,5.988020366455425,1.6700000000000728,-6.669999999999959,-2.4999999999997726,0.0,0.0,0.0,8.755682728130465,1.603556983655742,4.6228908704402425,1.987673262887936
2025-10-29 15:43:39,998.36,1021.68,60.56,54.7,1010.02,2020.04,23.319999999999936,0.02308865168700747,115.26,5.859999999999999,-4.990000000000009,6.669999999999959,0.8399999999999181,11.659999999999968,13.880935856030057,-8.32000000000005,13.339999999999918,2.5099999999997635,0.0,0.0,0.0,8.762970598967806,1.6030377412374768,5.080027558980338,2.0910571489080603
2025-10-29 15:43:40,998.36,1008.35,60.56,54.7,1003.355,2006.71,9.990000000000009,0.009956595611765939,115.26,5.859999999999999,0.0,-13.329999999999927,-6.664999999999964,13.329999999999927,1.9999996999250262,4.990000000000009,-19.999999999999886,-7.504999999999882,0.0,0.0,0.0,8.705144814288175,3.03749897116618,6.602189030919937,3.150972865639992
2025-10-29 15:43:41,1003.35,1020.01,60.56,54.7,1011.6800000000001,2023.3600000000001,16.659999999999968,0.016467657741116075,115.26,5.859999999999999,4.990000000000009,11.659999999999968,8.325000000000045,6.669999999999959,0.801201104960819,4.990000000000009,24.989999999999895,14.990000000000009,0.0,0.0,0.0,8.77737281990827,3.2993287195784373,5.8916143797773834,5.41664402559368
2025-10-29 15:43:42,1016.68,1015.01,60.65,54.7,1015.845,2031.69,1.669999999999959,0.0016439515854840133,115.35,5.949999999999996,13.329999999999927,-5.0,4.164999999999964,18.329999999999927,4.400959327500782,8.339999999999918,-16.659999999999968,-4.160000000000082,0.0899999999999963,0.0,0.0899999999999963,8.806631913249833,4.5225537586449285,8.039661062507534,5.691651122477521
2025-10-29 15:43:43,1016.68,1015.01,60.65,54.7,1015.845,2031.69,1.669999999999959,0.0016439515854840133,115.35,5.949999999999996,0.0,0.0,0.0,0.0,0.0,-13.329999999999927,5.0,-4.164999999999964,0.0,0.0,0.0,8.806631913249833,5.1528601281066235,9.465261221963177,5.542928603184406
2025-10-29 15:43:44,1008.35,1016.68,60.65,54.7,1012.515,2025.03,8.329999999999927,0.008227038603648231,115.35,5.949999999999996,-8.329999999999927,1.669999999999959,-3.330000000000041,9.999999999999886,3.003002101200499,-8.329999999999927,1.669999999999959,-3.330000000000041,0.0,0.0,0.0,8.777763252901924,5.112635817250245,6.2975773119510094,5.935464809094558
2025-10-29 15:43:45,1013.35,1021.68,60.65,54.72,1017.515,2035.03,8.329999999999927,0.00818661149153901,115.37,5.93,5.0,5.0,5.0,0.0,0.0,13.329999999999927,3.330000000000041,8.330000000000041,0.0,0.01999999999999602,0.01999999999999602,8.81958040374811,2.47178579165444,6.187084935573458,4.5453445963975145
2025-10-29 15:43:46,1010.01,1013.35,60.65,54.72,1011.6800000000001,2023.3600000000001,3.340000000000032,0.003301439186994497,115.37,5.93,-3.340000000000032,-8.329999999999927,-5.834999999999923,4.989999999999895,0.8551840865151457,-8.340000000000032,-13.329999999999927,-10.834999999999923,0.0,0.0,0.0,8.769003997841692,2.47178579165444,3.4117473528970303,4.676626722328777
2025-10-29 15:43:47,1013.35,1020.01,60.65,54.72,1016.6800000000001,2033.3600000000001,6.659999999999968,0.006550733754425418,115.37,5.93,3.340000000000032,6.659999999999968,5.0,3.3199999999999363,0.6639998672000138,6.680000000000064,14.989999999999895,10.834999999999923,0.0,0.0,0.0,8.812342820383611,2.5952952625519274,3.0232482531211162,4.873312015457216
2025-10-29 15:43:48,1013.35,1021.68,60.65,54.72,1017.515,2035.03,8.329999999999927,0.00818661149153901,115.37,5.93,0.0,1.669999999999959,0.8349999999999227,1.669999999999959,1.9999976047934238,-3.340000000000032,-4.990000000000009,-4.165000000000077,0.0,0.0,0.0,8.81958040374811,2.8507310465604685,2.168979022489574,4.880460275424814
2025-10-29 15:43:49,1011.68,1021.68,60.65,54.72,1016.68,2033.36,10.0,0.009835936568206381,115.37,5.93,-1.6700000000000728,0.0,-0.8350000000000364,1.6700000000000728,1.9999976047932877,-1.6700000000000728,-1.669999999999959,-1.669999999999959,0.0,0.0,0.0,8.812342820383611,2.4584888651002705,2.5247712767694215,4.526925833277988
2025-10-29 15:43:50,1013.35,1013.35,60.65,54.72,1013.35,2026.7,0.0,0.0,115.37,5.93,1.6700000000000728,-8.329999999999927,-3.3299999999999272,10.0,3.003002101200636,3.3400000000001455,-8.329999999999927,-2.494999999999891,0.0,0.0,0.0,8.783479164570693,2.527405784559274,4.011929710251651,4.124958484639509
2025-10-29 15:43:51,1008.35,1010.01,60.65,54.72,1009.1800000000001,2018.3600000000001,1.6599999999999682,0.0016448998180255932,115.37,5.93,-5.0,-3.340000000000032,-4.169999999999959,1.6599999999999682,0.39808143930900364,-6.670000000000073,4.989999999999895,-0.8400000000000318,0.0,0.0,0.0,8.747334586570734,3.466126079620392,4.314382922272892,3.6613607443134586
2025-10-29 15:43:52,1010.01,1018.35,60.65,54.72,1014.1800000000001,2028.3600000000001,8.340000000000032,0.00822339228911696,115.37,5.93,1.6599999999999682,8.340000000000032,5.0,6.680000000000064,1.3359997328000661,6.659999999999968,11.680000000000064,9.169999999999959,0.0,0.0,0.0,8.790673409112651,3.2810486128409586,4.505061597803081,3.6613607443134586
2025-10-29 15:43:53,1005.02,1028.35,60.65,54.86,1016.685,2033.37,23.329999999999927,0.02294712716038183,115.50999999999999,5.789999999999999,-4.990000000000009,9.999999999999886,2.5049999999998818,14.989999999999895,5.984029547293834,-6.649999999999977,1.6599999999998545,-2.4950000000001182,0.0,0.14000000000000057,0.14000000000000057,8.801705403846373,3.0853605947807634,9.234477787075972,3.8830487377831724
2025-10-29 15:43:54,1008.35,1025.02,60.65,54.86,1016.685,2033.37,16.66999999999996,0.016396425622098816,115.50999999999999,5.789999999999999,3.330000000000041,-3.3299999999999272,0.0,6.659999999999968,6659999.999999968,8.32000000000005,-13.329999999999814,-2.5049999999998818,0.0,0.0,0.0,8.801705403846373,3.086440911442485,9.930873576881314,3.8649974126769444
2025-10-29 15:43:55,1008.35,1023.35,60.65,54.86,1015.85,2031.7,15.0,0.014765959526735286,115.50999999999999,5.789999999999999,0.0,-1.669999999999959,-0.8349999999999227,1.669999999999959,1.9999976047934238,-3.330000000000041,1.6599999999999682,-0.8349999999999227,0.0,0.0,0.0,8.794476592550632,3.1533502025346016,8.283854779026466,3.468110076107673
2025-10-29 15:43:56,1010.01,1021.68,60.65,54.86,1015.845,2031.69,11.669999999999959,0.011487973055448407,115.50999999999999,5.789999999999999,1.6599999999999682,-1.6700000000000728,-0.0049999999999954525,3.330000000000041,665.8668266352867,1.6599999999999682,-1.1368683772161603e-13,0.8299999999999272,0.0,0.0,0.0,8.794433306255447,1.0226644121229103,5.648501571213338,2.40248985429693
2025-10-29 15:43:57,1005.02,1018.35,60.65,54.86,1011.685,2023.37,13.330000000000041,0.013176037982992734,115.50999999999999,5.789999999999999,-4.990000000000009,-3.3299999999999272,-4.160000000000082,1.6600000000000819,0.3990383656157893,-6.649999999999977,-1.6599999999998545,-4.155000000000086,0.0,0.0,0.0,8.758419108662288,2.0911539875924388,4.501544179501037,2.39962861709886
2025-10-29 15:43:58,1008.35,1021.68,60.65,54.86,1015.015,2030.03,13.329999999999927,0.013132810832221314,115.50999999999999,5.789999999999999,3.330000000000041,3.3299999999999272,3.330000000000041,1.1368683772161603e-13,3.4140181255685697e-14,8.32000000000005,6.6599999999998545,7.490000000000123,0.0,0.0,0.0,8.787247781254889,1.9534533523543378,1.9010260387485347,2.6708598802632912
2025-10-29 15:43:59,1011.68,1021.68,60.65,54.86,1016.68,2033.36,10.0,0.009835936568206381,115.50999999999999,5.789999999999999,3.3299999999999272,0.0,1.6649999999999636,3.3299999999999272,1.9999987987995202,-1.1368683772161603e-13,-3.3299999999999272,-1.6650000000000773,0.0,0.0,0.0,8.80166211755119,1.9523863602843559,1.8992709127451959,2.8224089887895425
2025-10-29 15:44:00,1001.69,1021.68,60.65,54.86,1011.685,2023.37,19.989999999999895,0.019759114724682864,115.50999999999999,5.789999999999999,-9.989999999999895,0.0,-4.9950000000000045,9.989999999999895,1.999999599599657,-13.319999999999823,0.0,-6.659999999999968,0.0,0.0,0.0,8.758419108662288,2.354223863575028,3.7961269736403263,3.62792399313988
2025-10-29 15:44:01,1010.01,1021.68,60.65,54.86,1015.845,2031.69,11.669999999999959,0.011487973055448407,115.50999999999999,5.789999999999999,8.319999999999936,0.0,4.160000000000082,8.319999999999936,1.99999951923083,18.30999999999983,0.0,9.155000000000086,0.0,0.0,0.0,8.794433306255447,2.354223863575028,3.7961269736403263,4.284342131529673
2025-10-29 15:44:02,1010.01,1021.68,60.65,54.86,1015.845,2031.69,11.669999999999959,0.011487973055448407,115.50999999999999,5.789999999999999,0.0,0.0,0.0,0.0,0.0,-8.319999999999936,0.0,-4.160000000000082,0.0,0.0,0.0,8.794433306255447,1.9518529657288206,3.903705931547569,3.6282099580922855
2025-10-29 15:44:03,1008.35,1020.01,60.65,54.86,1014.1800000000001,2028.3600000000001,11.659999999999968,0.011496972912602293,115.50999999999999,5.789999999999999,-1.6599999999999682,-1.669999999999959,-1.6649999999999636,0.009999999999990905,0.006006002398792027,-1.6599999999999682,-1.669999999999959,-1.6649999999999636,0.0,0.0,0.0,8.780018969959148,1.98714808200715,3.974716342080233,3.451833932853659
2025-10-29 15:44:04,1010.01,1016.68,60.65,54.86,1013.345,2026.69,6.669999999999959,0.006582161054150164,115.50999999999999,5.789999999999999,1.6599999999999682,-3.330000000000041,-0.8350000000000364,4.990000000000009,5.976040747256341,3.3199999999999363,-1.6600000000000819,0.8299999999999272,0.0,0.0,0.0,8.772790158663405,1.7654107170361315,4.796646745383667,3.2977503695701436
2025-10-29 15:44:05,1010.01,1016.68,60.65,54.86,1013.345,2026.69,6.669999999999959,0.006582161054150164,115.50999999999999,5.789999999999999,0.0,0.0,0.0,0.0,0.0,-1.6599999999999682,3.330000000000041,0.8350000000000364,0.0,0.0,0.0,8.772790158663405,1.2637028922279585,2.7367900905988423,2.2485512002175927
2025-10-29 15:44:06,1006.68,1015.01,60.65,54.86,1010.845,2021.69,8.330000000000041,0.008240630355553433,115.50999999999999,5.789999999999999,-3.330000000000041,-1.669999999999959,-2.5,1.6600000000000819,0.6639997344001389,-3.330000000000041,-1.669999999999959,-2.5,0.0,0.0,0.0,8.751147011071362,1.8067775180766215,2.5254306563435875,1.0862147577711365
2025-10-29 15:44:07,1005.02,1020.01,60.65,54.86,1012.515,2025.03,14.990000000000009,0.014804718927813702,115.50999999999999,5.789999999999999,-1.6599999999999682,5.0,1.669999999999959,6.659999999999968,3.9880215640590224,1.6700000000000728,6.669999999999959,4.169999999999959,0.0,0.0,0.0,8.765604633662846,1.2640332273434645,3.6075587313306623,1.6039459155469564
2025-10-29 15:44:08,1001.69,1018.35,60.65,54.86,1010.02,2020.04,16.659999999999968,0.0164947228604436,115.50999999999999,5.789999999999999,-3.3299999999999272,-1.6599999999999682,-2.4950000000000045,1.669999999999959,0.6693384090827843,-1.669999999999959,-6.659999999999968,-4.164999999999964,0.0,0.0,0.0,8.744004772365988,1.5113503894960747,4.796298572858037,1.7677690742853769
2025-10-29 15:44:09,1008.35,1018.35,60.65,54.86,1013.35,2026.7,10.0,0.00986825873600606,115.50999999999999,5.789999999999999,6.659999999999968,0.0,3.330000000000041,6.659999999999968,1.9999993993995455,9.989999999999895,1.6599999999999682,5.8250000000000455,0.0,0.0,0.0,8.77283344495859,1.5124524785360833,4.309553341124803,2.5667498904256085
2025-10-29 15:44:10,1008.35,1015.01,60.65,54.86,1011.6800000000001,2023.3600000000001,6.659999999999968,0.0065831092770607886,115.50999999999999,5.789999999999999,0.0,-3.340000000000032,-1.669999999999959,3.340000000000032,1.999998802395995,-6.659999999999968,-3.340000000000032,-5.0,0.0,0.0,0.0,8.758375822367105,1.3170924416420393,4.312258109158116,2.673353699008016
2025-10-29 15:44:11,1001.69,1015.01,60.65,54.91,1008.35,2016.7,13.319999999999936,0.013209699000139076,115.56,5.740000000000002,-6.659999999999968,0.0,-3.330000000000041,6.659999999999968,1.9999993993995455,-6.659999999999968,3.340000000000032,-1.6600000000000819,0.0,0.04999999999999716,0.04999999999999716,8.725770087177484,2.005964855083849,4.0119297102516605,2.8607525233756066
2025-10-29 15:44:12,1008.35,1021.68,60.65,54.91,1015.015,2030.03,13.329999999999927,0.013132810832221314,115.56,5.740000000000002,6.659999999999968,6.669999999999959,6.664999999999964,0.009999999999990905,0.0015003748686595786,13.319999999999936,6.669999999999959,9.995000000000005,0.0,0.0,0.0,8.783445752998912,2.634178239950846,3.7994183765413223,4.3117267422692525
2025-10-29 15:44:13,1008.35,1021.68,60.65,54.91,1015.015,2030.03,13.329999999999927,0.013132810832221314,115.56,5.740000000000002,0.0,0.0,0.0,0.0,0.0,-6.659999999999968,-6.669999999999959,-6.664999999999964,0.0,0.0,0.0,8.783445752998912,2.78846866574263,2.9806828076801217,4.01244688438362
2025-10-29 15:44:14,1000.02,1018.35,60.65,54.91,1009.185,2018.37,18.33000000000004,0.018163171253870073,115.56,5.740000000000002,-8.330000000000041,-3.3299999999999272,-5.830000000000041,5.000000000000114,0.8576327859978203,-8.330000000000041,-3.3299999999999272,-5.830000000000041,0.0,0.0,0.0,8.732995770742507,3.1390910308288715,4.151039628815911,4.712204367384741
2025-10-29 15:44:15,1001.69,1021.68,60.65,54.91,1011.685,2023.37,19.989999999999895,0.019759114724682864,115.56,5.740000000000002,1.6700000000000728,3.3299999999999272,2.5,1.6599999999998545,0.663999734400048,10.000000000000114,6.6599999999998545,8.330000000000041,0.0,0.0,0.0,8.754629553871325,3.1390245299822483,3.24850734953763,4.892596958671325
2025-10-29 15:44:16,1008.35,1020.01,60.65,54.91,1014.1800000000001,2028.3600000000001,11.659999999999968,0.011496972912602293,115.56,5.740000000000002,6.659999999999968,-1.669999999999959,2.4950000000001182,8.329999999999927,3.3386760165625313,4.989999999999895,-4.999999999999886,-0.004999999999881766,0.0,0.0,0.0,8.776220069433887,2.5394398988414606,3.6119413062783776,4.584985550686061
2025-10-29 15:44:17,1003.35,1015.01,60.65,54.91,1009.1800000000001,2018.3600000000001,11.659999999999968,0.01155393486637273,115.56,5.740000000000002,-5.0,-5.0,-5.0,0.0,0.0,-11.659999999999968,-3.330000000000041,-7.495000000000118,0.0,0.0,0.0,8.732952503176252,2.7250903654430076,3.9079700612977972,4.02040047756441
2025-10-29 15:44:18,1008.35,1020.01,60.65,54.91,1014.1800000000001,2028.3600000000001,11.659999999999968,0.011496972912602293,115.56,5.740000000000002,5.0,5.0,5.0,0.0,0.0,10.0,10.0,10.0,0.0,0.0,0.0,8.776220069433887,2.4987511880599054,4.149632513849856,4.9072517767076205
2025-10-29 15:44:19,1008.35,1020.01,60.65,54.91,1014.1800000000001,2028.3600000000001,11.659999999999968,0.011496972912602293,115.56,5.740000000000002,0.0,0.0,0.0,0.0,0.0,-5.0,-5.0,-5.0,0.0,0.0,0.0,8.776220069433887,2.235510008885834,3.725289250514612,3.7909438138806437
2025-10-29 15:44:20,1006.68,1020.01,60.65,54.91,1013.345,2026.69,13.330000000000041,0.013154453800872937,115.56,5.740000000000002,-1.6700000000000728,0.0,-0.8350000000000364,1.6700000000000728,1.9999976047932877,-1.6700000000000728,0.0,-0.8350000000000364,0.0,0.0,0.0,8.768994385868861,2.173003681503556,0.7468467044849483,3.7540354953036843
2025-10-29 15:44:21,1006.68,1020.01,60.65,54.91,1013.345,2026.69,13.330000000000041,0.013154453800872937,115.56,5.740000000000002,0.0,0.0,0.0,0.0,0.0,1.6700000000000728,0.0,0.8350000000000364,0.0,0.0,0.0,8.768994385868861,2.0914510512628097,0.9146966710336532,3.555199713096275
2025-10-29 15:44:22,1001.69,1021.68,60.65,54.93,1011.685,2023.37,19.989999999999895,0.019759114724682864,115.58,5.719999999999999,-4.989999999999895,1.669999999999959,-1.6600000000000819,6.6599999999998545,4.0120457758757535,-4.989999999999895,1.669999999999959,-1.6600000000000819,0.0,0.020000000000003126,0.020000000000003126,8.753114649999008,1.0185811208870421,3.454306008447961,2.6075764610074126
2025-10-29 15:44:23,1001.69,1015.01,60.65,54.93,1008.35,2016.7,13.319999999999936,0.013209699000139076,115.58,5.719999999999999,0.0,-6.669999999999959,-3.3349999999999227,6.669999999999959,1.9999994003000638,4.989999999999895,-8.339999999999918,-1.6749999999998408,0.0,0.0,0.0,8.724260177156427,2.3253155699452432,3.247480561912524,1.3943878585242149
2025-10-29 15:44:24,1006.68,1021.68,60.65,54.93,1014.18,2028.36,15.0,0.014790273901289442,115.58,5.719999999999999,4.989999999999895,6.669999999999959,5.829999999999927,1.6800000000000637,0.2881646160952776,4.989999999999895,13.339999999999918,9.16499999999985,0.0,0.0,0.0,8.774701429531914,2.325315569945216,2.885312807998408,3.484391984263476
2025-10-29 15:44:25,1005.02,1021.68,60.65,54.93,1013.3499999999999,2026.6999999999998,16.659999999999968,0.016440519054186066,115.58,5.719999999999999,-1.6599999999999682,0.0,-0.8300000000000409,1.6599999999999682,1.999997590364212,-6.649999999999864,-6.669999999999959,-6.659999999999968,0.0,0.0,0.0,8.767520256380687,2.325942282136333,2.787875535241792,3.48409313882387
2025-10-29 15:44:26,1006.68,1020.01,60.65,54.93,1013.345,2026.69,13.330000000000041,0.013154453800872937,115.58,5.719999999999999,1.6599999999999682,-1.669999999999959,-0.004999999999881766,3.3299999999999272,665.866826650401,3.3199999999999363,-1.669999999999959,0.8250000000001592,0.0,0.0,0.0,8.767476996301463,2.325942282136333,2.787875535241792,3.4840942151439545
2025-10-29 15:44:27,996.69,1011.68,60.65,54.93,1004.185,2008.37,14.989999999999895,0.014927528279223817,115.58,5.719999999999999,-9.989999999999895,-8.330000000000041,-9.160000000000082,1.6599999999998545,0.1812226876394271,-11.649999999999864,-6.660000000000082,-9.1550000000002,0.0,0.0,0.0,8.688224531162618,4.3039235006947765,1.3954389990250033,5.441866637469157
2025-10-29 15:44:28,1003.35,1020.01,60.65,54.93,1011.6800000000001,2023.3600000000001,16.659999999999968,0.016467657741116075,115.58,5.719999999999999,6.659999999999968,8.330000000000041,7.495000000000118,1.6700000000000728,0.22281518041158985,16.649999999999864,16.660000000000082,16.6550000000002,0.0,0.0,0.0,8.753071389919784,4.1059417311783015,1.3930434307658404,6.567736862877535
2025-10-29 15:44:29,1003.35,1018.35,60.65,54.93,1010.85,2021.7,15.0,0.014838996869130932,115.58,5.719999999999999,0.0,-1.6599999999999682,-0.8300000000000409,1.6599999999999682,1.999997590364212,-6.659999999999968,-9.990000000000009,-8.32500000000016,0.0,0.0,0.0,8.745890216768558,3.7896249814240215,1.3930434307658404,5.900014194898238
2025-10-29 15:44:30,1005.02,1013.35,60.65,54.93,1009.185,2018.37,8.330000000000041,0.008254185299767491,115.58,5.719999999999999,1.669999999999959,-5.0,-1.6650000000000773,6.669999999999959,4.006003599997627,1.669999999999959,-3.340000000000032,-0.8350000000000364,0.0,0.0,0.0,8.731484610386879,3.5035114527906392,3.2047730028817516,5.91760783594188
2025-10-29 15:44:31,1003.35,1030.02,60.65,55.1,1016.685,2033.37,26.66999999999996,0.026232313817719004,115.75,5.549999999999997,-1.669999999999959,16.66999999999996,7.5,18.339999999999918,2.4453330072889212,-3.339999999999918,21.66999999999996,9.165000000000077,0.0,0.1700000000000017,0.1700000000000017,8.78345564765913,4.510435954520732,6.6066065419396365,7.027813137811844
2025-10-29 15:44:32,1005.02,1021.68,60.65,55.1,1013.3499999999999,2026.6999999999998,16.659999999999968,0.016440519054186066,115.75,5.549999999999997,1.669999999999959,-8.340000000000032,-3.3350000000000364,10.009999999999991,3.0014983503752717,3.339999999999918,-25.00999999999999,-10.835000000000036,0.0,0.0,0.0,8.754643552875649,2.850804710924362,6.56400258988367,5.2490220517731165
2025-10-29 15:44:33,995.03,1025.02,60.65,55.1,1010.025,2020.05,29.99000000000001,0.029692334318762087,115.75,5.549999999999997,-9.990000000000009,3.340000000000032,-3.324999999999932,13.330000000000041,4.0090213506703645,-11.659999999999968,11.680000000000064,0.010000000000104592,0.0,0.0,0.0,8.725917851179975,3.0379791802824183,8.865509009639524,4.50946698624126
2025-10-29 15:44:34,1005.02,1023.35,60.65,55.1,1014.185,2028.37,18.33000000000004,0.018073625602751386,115.75,5.549999999999997,9.990000000000009,-1.669999999999959,4.159999999999968,11.659999999999968,2.802883941614451,19.980000000000018,-5.009999999999991,7.4849999999999,0.0,0.0,0.0,8.761857375707496,3.0829296131808848,8.579369440698981,4.906149967133068
2025-10-29 15:44:35,1003.35,1023.35,60.65,55.1,1013.35,2026.7,20.0,0.01973651747201212,115.75,5.549999999999997,-1.669999999999959,0.0,-0.8349999999999227,1.669999999999959,1.9999976047934238,-11.659999999999968,1.669999999999959,-4.994999999999891,0.0,0.0,0.0,8.75464355287565,2.383918517866186,5.724705232586197,4.820820210296132
2025-10-29 15:44:36,1008.35,1021.68,60.77,55.1,1015.015,2030.03,13.329999999999927,0.013132810832221314,115.87,5.670000000000002,5.0,-1.6700000000000728,1.6649999999999636,6.670000000000073,4.006003599997969,6.669999999999959,-1.6700000000000728,2.4999999999998863,0.12000000000000455,0.0,0.12000000000000455,8.759946416156499,1.8966384736755286,6.278182061711826,3.255576753817923
2025-10-29 15:44:37,1018.35,1021.68,60.77,55.1,1020.015,2040.03,3.3299999999999272,0.0032646578694776737,115.87,5.670000000000002,10.0,0.0,5.0,10.0,1.99999960000008,5.0,1.6700000000000728,3.3350000000000364,0.0,0.0,0.0,8.803098223844842,3.609923129350914,9.744828372013568,3.4621608137115096
2025-10-29 15:44:38,1015.01,1021.68,60.77,55.1,1018.345,2036.69,6.669999999999959,0.006549843121388248,115.87,5.670000000000002,-3.340000000000032,0.0,-1.669999999999959,3.340000000000032,1.999998802395995,-13.340000000000032,0.0,-6.669999999999959,0.0,0.0,0.0,8.788685520076935,2.8609692413268597,7.2260722387754,2.9461614857301415
2025-10-29 15:44:39,1015.01,1021.68,60.77,55.1,1018.345,2036.69,6.669999999999959,0.006549843121388248,115.87,5.670000000000002,0.0,0.0,0.0,0.0,0.0,3.340000000000032,0.0,1.669999999999959,0.0,0.0,0.0,8.788685520076935,2.737244051928171,6.666250820363743,2.6361539219096635
2025-10-29 15:44:40,1010.01,1021.68,60.77,55.1,1015.845,2031.69,11.669999999999959,0.011487973055448407,115.87,5.670000000000002,-5.0,0.0,-2.5,5.0,1.99999920000032,-5.0,0.0,-2.5,0.0,0.0,0.0,8.767109616232764,2.041242268770389,4.082484537631472,2.9818668649018796
2025-10-29 15:44:41,1015.01,1018.35,60.77,55.1,1016.6800000000001,2033.3600000000001,3.340000000000032,0.0032852028137809624,115.87,5.670000000000002,5.0,-3.3299999999999272,0.8350000000000364,8.329999999999927,9.976035956842644,10.0,-3.3299999999999272,3.3350000000000364,0.0,0.0,0.0,8.774315968116717,1.625278437626594,3.4163840533523198,2.923255035059342
2025-10-29 15:44:42,1010.01,1021.68,60.77,55.1,1015.845,2031.69,11.669999999999959,0.011487973055448407,115.87,5.670000000000002,-5.0,3.3299999999999272,-0.8350000000000364,8.329999999999927,9.976035956842644,-10.0,6.6599999999998545,-1.6700000000000728,0.0,0.0,0.0,8.767109616232764,1.2637028922243174,3.612171092293371,1.3186707322147666
2025-10-29 15:44:43,1008.35,1021.68,60.77,55.1,1015.015,2030.03,13.329999999999927,0.013132810832221314,115.87,5.670000000000002,-1.6599999999999682,0.0,-0.8300000000000409,1.6599999999999682,1.999997590364212,3.340000000000032,-3.3299999999999272,0.0049999999999954525,0.0,0.0,0.0,8.759946416156499,1.263043942156389,4.180511930374048,1.2364839263006417
2025-10-29 15:44:44,1006.68,1015.01,60.77,55.1,1010.845,2021.69,8.330000000000041,0.008240630355553433,115.87,5.670000000000002,-1.6700000000000728,-6.669999999999959,-4.169999999999959,4.999999999999886,1.1990404798463923,-0.010000000000104592,-6.669999999999959,-3.339999999999918,0.0,0.0,0.0,8.723957808544423,2.312797007915335,3.9768102796084808,1.902120527201095
2025-10-29 15:44:45,1013.35,1015.01,60.77,55.1,1014.1800000000001,2028.3600000000001,1.6599999999999682,0.0016367903117426668,115.87,5.670000000000002,6.670000000000073,0.0,3.3350000000000364,6.670000000000073,1.9999994003000299,8.340000000000146,6.669999999999959,7.5049999999999955,0.0,0.0,0.0,8.752740064272547,2.25206738349967,5.082817132260397,2.7404392896030094
2025-10-29 15:44:46,1011.68,1021.68,60.77,55.1,1016.68,2033.36,10.0,0.009835936568206381,115.87,5.670000000000002,-1.6700000000000728,6.669999999999959,2.4999999999998863,8.340000000000032,3.335998665600698,-8.340000000000146,6.669999999999959,-0.8350000000001501,0.0,0.0,0.0,8.774315968116717,2.252067383499639,4.505615385272019,3.00612915557527
2025-10-29 15:44:47,1005.02,1021.68,60.77,55.1,1013.3499999999999,2026.6999999999998,16.659999999999968,0.016440519054186066,115.87,5.670000000000002,-6.659999999999968,0.0,-3.330000000000041,6.659999999999968,1.9999993993995455,-4.989999999999895,-6.669999999999959,-5.829999999999927,0.0,0.0,0.0,8.74557686419628,2.1575779243921556,5.652188071888611,3.3650378898312137
2025-10-29 15:44:48,1015.01,1021.68,60.77,55.1,1018.345,2036.69,6.669999999999959,0.006549843121388248,115.87,5.670000000000002,9.990000000000009,0.0,4.995000000000118,9.990000000000009,1.9999995995996342,16.649999999999977,0.0,8.32500000000016,0.0,0.0,0.0,8.788685520076935,2.92225726106078,5.451250315294653,4.1407206498386255
2025-10-29 15:44:49,1011.68,1021.68,60.77,55.1,1016.68,2033.36,10.0,0.009835936568206381,115.87,5.670000000000002,-3.330000000000041,0.0,-1.6650000000000773,3.330000000000041,1.999998798799452,-13.32000000000005,0.0,-6.6600000000001955,0.0,0.0,0.0,8.774315968116717,2.0397107637650693,5.47677094646107,3.5133292615409997
2025-10-29 15:44:50,1005.02,1016.68,60.77,55.1,1010.8499999999999,2021.6999999999998,11.659999999999968,0.011534846899604415,115.87,5.670000000000002,-6.659999999999968,-5.0,-5.830000000000041,1.6599999999999682,0.2847340849512644,-3.3299999999999272,-5.0,-4.164999999999964,0.0,0.0,0.0,8.72400096035211,3.0255173111091813,3.6476046934940736,4.3827009366371525
2025-10-29 15:44:51,1013.35,1015.01,60.77,55.1,1014.1800000000001,2028.3600000000001,1.6599999999999682,0.0016367903117426668,115.87,5.670000000000002,8.330000000000041,-1.669999999999959,3.3300000000001546,10.0,3.0030021012004307,14.990000000000009,3.330000000000041,9.160000000000196,0.0,0.0,0.0,8.752740064272547,2.920617229255285,5.601589060257817,4.54529839504522
2025-10-29 15:44:52,1010.01,1011.68,60.77,55.1,1010.845,2021.69,1.669999999999959,0.0016520831565154657,115.87,5.670000000000002,-3.340000000000032,-3.330000000000041,-3.3350000000000364,0.009999999999990905,0.0029984998505220226,-11.670000000000073,-1.6600000000000819,-6.665000000000191,0.0,0.0,0.0,8.723957808544423,3.3840933054252775,4.623793896790832,4.546077155086641
2025-10-29 15:44:53,1011.68,1018.35,60.77,55.1,1015.015,2030.03,6.670000000000073,0.00657133145168174,115.87,5.670000000000002,1.669999999999959,6.670000000000073,4.169999999999959,5.000000000000114,1.1990404798464467,5.009999999999991,10.000000000000114,7.5049999999999955,0.0,0.0,0.0,8.759946416156499,2.595215308953399,4.6237938967908345,4.30532722333625
2025-10-29 15:44:54,1011.68,1013.35,60.77,55.1,1012.515,2025.03,1.6700000000000728,0.001649358279482985,115.87,5.670000000000002,0.0,-5.0,-2.5,5.0,1.99999920000032,-1.669999999999959,-11.670000000000073,-6.669999999999959,0.0,0.0,0.0,8.738370512312327,1.9003664119923236,4.469902683504425,4.3694816626231745
2025-10-29 15:44:55,1011.68,1018.35,60.77,55.1,1015.015,2030.03,6.670000000000073,0.00657133145168174,115.87,5.670000000000002,0.0,5.0,2.5,5.0,1.99999920000032,0.0,10.0,5.0,0.0,0.0,0.0,8.759946416156499,1.807700196334023,2.7404415702584006,3.4867814671986586
2025-10-29 15:44:56,1011.68,1016.68,60.77,55.1,1014.18,2028.36,5.0,0.004930091300429814,115.87,5.670000000000002,0.0,-1.6700000000000728,-0.8350000000000364,1.6700000000000728,1.9999976047932877,0.0,-6.670000000000073,-3.3350000000000364,0.0,0.0,0.0,8.752740064272546,1.807700196334011,2.5274057845942006,3.2291001068408844
2025-10-29 15:44:57,1011.68,1015.01,60.77,55.1,1013.345,2026.69,3.330000000000041,0.0032861463733613867,115.87,5.670000000000002,0.0,-1.669999999999959,-0.8349999999999227,1.669999999999959,1.9999976047934238,0.0,1.1368683772161603e-13,1.1368683772161603e-13,0.0,0.0,0.0,8.745533712388593,1.0869820604888603,2.173964121139101,2.740134576987
2025-10-29 15:44:58,1010.01,1023.35,60.77,55.12,1016.6800000000001,2033.3600000000001,13.340000000000032,0.013121139381987343,115.89,5.650000000000006,-1.669999999999959,8.340000000000032,3.3350000000000364,10.009999999999991,3.0014983503752717,-1.669999999999959,10.009999999999991,4.169999999999959,0.0,0.01999999999999602,0.01999999999999602,8.772801719106035,1.6029059547658326,4.505615385272028,2.472965325272446
2025-10-29 15:44:59,1010.01,1020.01,60.77,55.12,1015.01,2030.02,10.0,0.00985211967384349,115.89,5.650000000000006,0.0,-3.340000000000032,-1.6700000000000728,3.340000000000032,1.9999988023958588,1.669999999999959,-11.680000000000064,-5.005000000000109,0.0,0.0,0.0,8.758391502645686,1.2364839262288612,4.016910504355308,2.2533624874839666
2025-10-29 15:45:00,1003.35,1013.35,60.77,55.12,1008.35,2016.7,10.0,0.0099171914415459,115.89,5.650000000000006,-6.659999999999968,-6.659999999999968,-6.659999999999968,0.0,0.0,-6.659999999999968,-3.3199999999999363,-4.989999999999895,0.0,0.0,0.0,8.70092321424693,3.138494065603134,4.085545251248604,3.56288962781614
2025-10-29 15:45:01,1010.01,1021.68,60.77,55.12,1015.845,2031.69,11.669999999999959,0.011487973055448407,115.89,5.650000000000006,6.659999999999968,8.329999999999927,7.4950000000000045,1.669999999999959,0.22281518041157808,13.319999999999936,14.989999999999895,14.154999999999973,0.0,0.0,0.0,8.76559661087586,3.310569059818145,3.804020241796816,5.352208189149579
2025-10-29 15:45:02,1008.35,1020.01,60.77,55.12,1014.1800000000001,2028.3600000000001,11.659999999999968,0.011496972912602293,115.89,5.650000000000006,-1.6599999999999682,-1.669999999999959,-1.6649999999999636,0.009999999999990905,0.006006002398792027,-8.319999999999936,-9.999999999999886,-9.159999999999968,0.0,0.0,0.0,8.751229538776172,3.300021969597284,1.3966316622502923,5.41004921419388
2025-10-29 15:45:03,1003.35,1020.01,60.77,55.12,1011.6800000000001,2023.3600000000001,16.659999999999968,0.016467657741116075,115.89,5.650000000000006,-5.0,0.0,-2.5,5.0,1.99999920000032,-3.340000000000032,1.669999999999959,-0.8350000000000364,0.0,0.0,0.0,8.729657358446309,3.036880801056814,2.735876459199122,5.180293186683525
2025-10-29 15:45:04,1011.68,1016.68,60.77,55.12,1014.18,2028.36,5.0,0.004930091300429814,115.89,5.650000000000006,8.329999999999927,-3.330000000000041,2.4999999999998863,11.659999999999968,4.663998134400945,13.329999999999927,-3.330000000000041,4.999999999999886,0.0,0.0,0.0,8.75122953877617,2.9209022578354022,4.180911383897043,5.377384819779923
2025-10-29 15:45:05,1008.35,1020.01,60.77,55.12,1014.1800000000001,2028.3600000000001,11.659999999999968,0.011496972912602293,115.89,5.650000000000006,-3.3299999999999272,3.330000000000041,1.1368683772161603e-13,6.659999999999968,6659999.242845715,-11.659999999999854,6.660000000000082,-2.4999999999997726,0.0,0.0,0.0,8.751229538776172,1.490199650994701,4.147625826903856,4.020244706482386
2025-10-29 15:45:06,1008.35,1015.01,60.77,55.12,1011.6800000000001,2023.3600000000001,6.659999999999968,0.0065831092770607886,115.89,5.650000000000006,0.0,-5.0,-2.5,5.0,1.99999920000032,3.3299999999999272,-8.330000000000041,-2.5000000000001137,0.0,0.0,0.0,8.729657358446309,1.36930639369977,4.622890870440262,2.1244281583521842
2025-10-29 15:45:07,1008.35,1020.01,60.77,55.12,1014.1800000000001,2028.3600000000001,11.659999999999968,0.011496972912602293,115.89,5.650000000000006,0.0,5.0,2.5,5.0,1.99999920000032,0.0,10.0,5.0,0.0,0.0,0.0,8.751229538776172,1.36930639369977,4.622890870440262,2.499999999999935
2025-10-29 15:45:08,1010.01,1020.01,60.77,55.12,1015.01,2030.02,10.0,0.00985211967384349,115.89,5.650000000000006,1.6599999999999682,0.0,0.8299999999999272,1.6599999999999682,1.9999975903644858,1.6599999999999682,-5.0,-1.6700000000000728,0.0,0.0,0.0,8.758391502645686,1.2630439421592539,3.0260006609384575,2.0749168658044295
2025-10-29 15:45:09,1008.35,1021.68,60.77,55.12,1015.015,2030.03,13.329999999999927,0.013132810832221314,115.89,5.650000000000006,-1.6599999999999682,1.669999999999959,0.0049999999999954525,3.3299999999999272,665.866826635264,-3.3199999999999363,1.669999999999959,-0.8249999999999318,0.0,0.0,0.0,8.758434647006345,1.3690032870028865,2.5280664548227247,1.8062032000856898
2025-10-29 15:45:10,1008.35,1015.01,60.77,55.12,1011.6800000000001,2023.3600000000001,6.659999999999968,0.0065831092770607886,115.89,5.650000000000006,0.0,-6.669999999999959,-3.3349999999999227,6.669999999999959,1.9999994003000638,1.6599999999999682,-8.339999999999918,-3.339999999999918,0.0,0.0,0.0,8.729657358446309,1.7074601019719544,2.9826364176680924,2.401101309815905
2025-10-29 15:45:11,1001.69,1021.68,60.77,55.12,1011.685,2023.37,19.989999999999895,0.019759114724682864,115.89,5.650000000000006,-6.659999999999968,6.669999999999959,0.004999999999881766,13.329999999999927,2665.466906681679,-6.659999999999968,13.339999999999918,3.3399999999998045,0.0,0.0,0.0,8.729700502806967,1.7061191341246316,4.942223183952708,2.12492176326557
2025-10-29 15:45:12,1000.02,1010.01,60.77,55.12,1005.015,2010.03,9.990000000000009,0.009940150137122192,115.89,5.650000000000006,-1.6700000000000728,-11.669999999999959,-6.669999999999959,9.999999999999886,1.4992501500374509,4.989999999999895,-18.339999999999918,-6.674999999999841,0.0,0.0,0.0,8.672145925686893,4.08146327924576,5.053823305181889,3.1424763324485734
2025-10-29 15:45:13,1008.35,1018.35,60.77,55.12,1013.35,2026.7,10.0,0.00986825873600606,115.89,5.650000000000006,8.330000000000041,8.340000000000032,8.335000000000036,0.009999999999990905,0.0011997599040469056,10.000000000000114,20.00999999999999,15.004999999999995,0.0,0.0,0.0,8.744067574906657,3.8008410253301266,5.053823305181889,5.579701604924739
2025-10-29 15:45:14,1001.69,1020.01,60.77,55.12,1010.85,2021.7,18.319999999999936,0.018123361509498514,115.89,5.650000000000006,-6.659999999999968,1.6599999999999682,-2.5,8.319999999999936,3.327998668800507,-14.990000000000009,-6.680000000000064,-10.835000000000036,0.0,0.0,0.0,8.722495394576795,3.206461055405954,5.8184594180933775,5.6538466993720045
2025-10-29 15:45:15,1008.35,1011.68,60.77,55.12,1010.015,2020.03,3.3299999999999272,0.003296980734645472,115.89,5.650000000000006,6.659999999999968,-8.330000000000041,-0.8350000000000364,14.990000000000009,17.95207430889227,13.319999999999936,-9.990000000000009,1.6649999999999636,0.0,0.0,0.0,8.715290286346619,3.141147481388932,6.827520047572157,5.485296938179357
2025-10-29 15:45:16,1003.35,1018.35,60.77,55.12,1010.85,2021.7,15.0,0.014838996869130932,115.89,5.650000000000006,-5.0,6.670000000000073,0.8350000000000364,11.670000000000073,13.976031166429218,-11.659999999999968,15.000000000000114,1.6700000000000728,0.0,0.0,0.0,8.722495394576795,3.062542652737524,5.698541041354362,5.510583680518777
2025-10-29 15:45:17,1001.69,1016.68,60.77,55.12,1009.185,2018.37,14.989999999999895,0.014853569945199667,115.89,5.650000000000006,-1.6599999999999682,-1.6700000000000728,-1.6650000000000773,0.010000000000104592,0.006006002398859897,3.340000000000032,-8.340000000000146,-2.5000000000001137,0.0,0.0,0.0,8.708128322477105,1.5588016229892172,5.841949161024939,4.370672717099748
2025-10-29 15:45:18,1008.35,1016.68,60.77,55.12,1012.515,2025.03,8.329999999999927,0.008227038603648231,115.89,5.650000000000006,6.659999999999968,0.0,3.330000000000041,6.659999999999968,1.9999993993995455,8.319999999999936,1.6700000000000728,4.995000000000118,0.0,0.0,0.0,8.736862466676483,1.2351346079818049,6.052274778957089,2.311175566675968
2025-10-29 15:45:19,1001.69,1018.35,60.77,55.14,1010.02,2020.04,16.659999999999968,0.0164947228604436,115.91,5.630000000000003,-6.659999999999968,1.6700000000000728,-2.4950000000000045,8.330000000000041,3.338676016562729,-13.319999999999936,1.6700000000000728,-5.8250000000000455,0.0,0.020000000000003126,0.020000000000003126,8.71382962027582,1.2625499989445748,5.650714114162931,2.3099145005822157
2025-10-29 15:45:20,1008.35,1021.68,60.77,55.14,1015.015,2030.03,13.329999999999927,0.013132810832221314,115.91,5.630000000000003,6.659999999999968,3.3299999999999272,4.9950000000000045,3.330000000000041,0.6666665331999008,13.319999999999936,1.6599999999998545,7.490000000000009,0.0,0.0,0.0,8.756923399560664,2.310634653040458,3.204773002881803,3.191136161306815
2025-10-29 15:45:21,1001.69,1015.01,60.77,55.14,1008.35,2016.7,13.319999999999936,0.013209699000139076,115.91,5.630000000000003,-6.659999999999968,-6.669999999999959,-6.664999999999964,0.009999999999990905,0.0015003748686595786,-13.319999999999936,-9.999999999999886,-11.659999999999968,0.0,0.0,0.0,8.699421890264672,2.7244783904140486,3.11626860203032,4.695966354223574
2025-10-29 15:45:22,1008.35,1021.68,60.77,55.14,1015.015,2030.03,13.329999999999927,0.013132810832221314,115.91,5.630000000000003,6.659999999999968,6.669999999999959,6.664999999999964,0.009999999999990905,0.0015003748686595786,13.319999999999936,13.339999999999918,13.329999999999927,0.0,0.0,0.0,8.756923399560664,2.9799802851409973,2.98012248070445,5.574733625923274
2025-10-29 15:45:23,1008.35,1013.35,60.77,55.14,1010.85,2021.7,5.0,0.004946332289710311,115.91,5.630000000000003,0.0,-8.329999999999927,-4.164999999999964,8.329999999999927,1.9999995198080385,-6.659999999999968,-14.999999999999886,-10.829999999999927,0.0,0.0,0.0,8.720990348365195,3.026274524862237,4.343324763358113,5.848339080456905
2025-10-29 15:45:24,1008.35,1015.01,60.77,55.14,1011.6800000000001,2023.3600000000001,6.659999999999968,0.0065831092770607886,115.91,5.630000000000003,0.0,1.6599999999999682,0.8300000000000409,1.6599999999999682,1.999997590364212,0.0,9.989999999999895,4.9950000000000045,0.0,0.0,0.0,8.72815107645457,2.861915005696182,4.14782714201059,5.728862888916047
2025-10-29 15:45:25,1003.35,1015.01,60.77,55.14,1009.1800000000001,2018.3600000000001,11.659999999999968,0.01155393486637273,115.91,5.630000000000003,-5.0,0.0,-2.5,5.0,1.99999920000032,-5.0,-1.6599999999999682,-3.330000000000041,0.0,0.0,0.0,8.706582618354046,2.5951348712220943,3.9058392184010597,5.155606899289311
2025-10-29 15:45:26,1003.35,1021.68,60.77,55.14,1012.515,2025.03,18.329999999999927,0.018103435486779448,115.91,5.630000000000003,0.0,6.669999999999959,3.3349999999999227,6.669999999999959,1.9999994003000638,5.0,6.669999999999959,5.834999999999923,0.0,0.0,0.0,8.735354941460143,2.157384411696289,5.348572706806901,4.369242783366419
2025-10-29 15:45:27,1001.69,1020.01,60.77,55.14,1010.85,2021.7,18.319999999999936,0.018123361509498514,115.91,5.630000000000003,-1.6599999999999682,-1.669999999999959,-1.6649999999999636,0.009999999999990905,0.006006002398792027,-1.6599999999999682,-8.339999999999918,-4.999999999999886,0.0,0.0,0.0,8.720990348365195,1.2363150892199541,6.277784641097498,2.9458076142205223
2025-10-29 15:45:28,1008.35,1023.35,60.77,55.17,1015.85,2031.7,15.0,0.014765959526735286,115.94,5.600000000000001,6.659999999999968,3.340000000000032,5.0,3.3199999999999363,0.6639998672000138,8.319999999999936,5.009999999999991,6.664999999999964,0.0,0.030000000000001137,0.030000000000001137,8.761859506970334,2.473049736626747,4.943741498096337,3.195048904164017
2025-10-29 15:45:29,1003.35,1021.68,60.77,55.17,1012.515,2025.03,18.329999999999927,0.018103435486779448,115.94,5.600000000000001,-5.0,-1.6700000000000728,-3.3350000000000364,3.3299999999999272,0.9985004502247198,-11.659999999999968,-5.010000000000105,-8.335000000000036,0.0,0.0,0.0,8.733094628833063,2.4729653252379147,2.9806828076801106,3.7459054312675497
2025-10-29 15:45:30,1000.02,1018.35,60.77,55.17,1009.185,2018.37,18.33000000000004,0.018163171253870073,115.94,5.600000000000001,-3.330000000000041,-3.3299999999999272,-3.330000000000041,1.1368683772161603e-13,3.4140181255685697e-14,1.669999999999959,-1.6599999999998545,0.0049999999999954525,0.0,0.0,0.0,8.704372876450122,2.4714484619002755,1.4881095389788508,3.908502590506982
2025-10-29 15:45:31,1005.02,1021.68,60.77,55.17,1013.3499999999999,2026.6999999999998,16.659999999999968,0.016440519054186066,115.94,5.600000000000001,5.0,3.3299999999999272,4.164999999999964,1.6700000000000728,0.4009602878847057,8.330000000000041,6.6599999999998545,7.4950000000000045,0.0,0.0,0.0,8.740296629805963,2.527075879317558,1.4881095389788588,4.098509790155423
2025-10-29 15:45:32,1001.69,1021.68,60.77,55.17,1011.685,2023.37,19.989999999999895,0.019759114724682864,115.94,5.600000000000001,-3.3299999999999272,0.0,-1.6649999999999636,3.3299999999999272,1.9999987987995202,-8.329999999999927,-3.3299999999999272,-5.829999999999927,0.0,0.0,0.0,8.725935753614491,2.4288490072106343,1.8975167983445598,4.098509790155423
2025-10-29 15:45:33,1005.02,1021.68,60.77,55.17,1013.3499999999999,2026.6999999999998,16.659999999999968,0.016440519054186066,115.94,5.600000000000001,3.3299999999999272,0.0,1.6649999999999636,3.3299999999999272,1.9999987987995202,6.6599999999998545,0.0,3.3299999999999272,0.0,0.0,0.0,8.740296629805963,1.7271530041747103,1.393639121150032,3.311072333851946
2025-10-29 15:45:34,1001.69,1021.68,60.77,55.17,1011.685,2023.37,19.989999999999895,0.019759114724682864,115.94,5.600000000000001,-3.3299999999999272,0.0,-1.6649999999999636,3.3299999999999272,1.9999987987995202,-6.6599999999998545,0.0,-3.3299999999999272,0.0,0.0,0.0,8.725935753614491,1.707093289726814,1.6650015015007573,3.0255173111386604
2025-10-29 15:45:35,1001.69,1021.68,60.77,55.17,1011.685,2023.37,19.989999999999895,0.019759114724682864,115.94,5.600000000000001,0.0,0.0,0.0,0.0,0.0,3.3299999999999272,0.0,1.6649999999999636,0.0,0.0,0.0,8.725935753614491,0.9119580581520896,1.8239161164921338,2.470521200070878
2025-10-29 15:45:36,1005.02,1016.68,60.77,55.17,1010.8499999999999,2021.6999999999998,11.659999999999968,0.011534846899604415,115.94,5.600000000000001,3.3299999999999272,-5.0,-0.8350000000000364,8.329999999999927,9.976035956842644,3.3299999999999272,-5.0,-0.8350000000000364,0.0,0.0,0.0,8.718733752641592,0.9126431393651968,3.6498862995988866,1.3931887883555951
2025-10-29 15:45:37,1003.35,1016.68,60.77,55.17,1010.015,2020.03,13.329999999999927,0.013197823781629089,115.94,5.600000000000001,-1.669999999999959,0.0,-0.8349999999999227,1.669999999999959,1.9999976047934238,-4.999999999999886,5.0,1.1368683772161603e-13,0.0,0.0,0.0,8.711531751668693,1.2366517294014294,3.7983193651929428,1.2630439422283524
2025-10-29 15:45:38,1003.35,1015.01,60.77,55.17,1009.1800000000001,2018.3600000000001,11.659999999999968,0.01155393486637273,115.94,5.600000000000001,0.0,-1.669999999999959,-0.8349999999999227,1.669999999999959,1.9999976047934238,1.669999999999959,-1.669999999999959,0.0,0.0,0.0,0.0,8.704329750695795,1.0887068015928272,4.311870823668033,0.5886679879183074
2025-10-29 15:45:39,1003.35,1013.35,60.77,55.17,1008.35,2016.7,10.0,0.0099171914415459,115.94,5.600000000000001,0.0,-1.6599999999999682,-0.8300000000000409,1.6599999999999682,1.999997590364212,0.0,0.009999999999990905,0.004999999999881766,0.0,0.0,0.0,8.697170875477223,1.3186707321529318,3.9058379382662145,0.37287062099312507
2025-10-29 15:45:40,1005.02,1020.01,60.77,55.17,1012.515,2025.03,14.990000000000009,0.014804718927813702,115.94,5.600000000000001,1.669999999999959,6.659999999999968,4.164999999999964,4.990000000000009,1.1980789440386814,1.669999999999959,8.319999999999936,4.9950000000000045,0.0,0.0,0.0,8.733094628833063,1.602905954769707,1.8975167983446093,2.2355100089240714
2025-10-29 15:45:41,995.03,1016.68,60.77,55.17,1005.855,2011.71,21.649999999999977,0.021523977092598835,115.94,5.600000000000001,-9.990000000000009,-3.330000000000041,-6.659999999999968,6.659999999999968,0.9999998498498723,-11.659999999999968,-9.990000000000009,-10.824999999999932,0.0,0.0,0.0,8.67565112406718,2.4271346274649814,4.49710240043519,3.8339330328006027
2025-10-29 15:45:42,1003.35,1020.01,60.77,55.17,1011.6800000000001,2023.3600000000001,16.659999999999968,0.016467657741116075,115.94,5.600000000000001,8.32000000000005,3.330000000000041,5.8250000000000455,4.990000000000009,0.8566522134502587,18.31000000000006,6.660000000000082,12.485000000000014,0.0,0.0,0.0,8.725892627860164,2.671716208701527,4.558878151475414,4.9108331777815195
2025-10-29 15:45:43,1001.69,1030.02,60.77,55.21,1015.855,2031.71,28.329999999999927,0.027887838295930115,115.98,5.560000000000002,-1.6599999999999682,10.009999999999991,4.1749999999999545,11.669999999999959,2.7952089113272276,-9.980000000000018,6.67999999999995,-1.650000000000091,0.0,0.03999999999999915,0.03999999999999915,8.758880766003788,3.8636501523603215,6.97057601637049,5.119615464075376
2025-10-29 15:45:44,1018.35,1021.68,60.86,55.21,1020.015,2040.03,3.3299999999999272,0.0032646578694776737,116.07,5.649999999999999,16.659999999999968,-8.340000000000032,4.159999999999968,25.0,6.009613939996695,18.319999999999936,-18.350000000000023,-0.014999999999986358,0.0899999999999963,0.0,0.0899999999999963,8.787929621883952,5.249300429564464,9.233304933771002,5.078268159520494
2025-10-29 15:45:45,1018.35,1021.68,60.86,55.21,1020.015,2040.03,3.3299999999999272,0.0032646578694776737,116.07,5.649999999999999,0.0,0.0,0.0,0.0,0.0,-16.659999999999968,8.340000000000032,-4.159999999999968,0.0,0.0,0.0,8.787929621883952,6.0246497823375815,11.140767478051059,5.044116622363097
2025-10-29 15:45:46,1010.01,1021.68,60.86,55.21,1015.845,2031.69,11.669999999999959,0.011487973055448407,116.07,5.649999999999999,-8.340000000000032,0.0,-4.169999999999959,8.340000000000032,1.9999995203838352,-8.340000000000032,0.0,-4.169999999999959,0.0,0.0,0.0,8.752003026173835,3.4864839021302076,10.447807425484068,4.064964021980971
2025-10-29 15:45:47,1016.68,1013.35,60.86,55.21,1015.015,2030.03,3.3299999999999272,0.0032807396902697866,116.07,5.649999999999999,6.669999999999959,-8.329999999999927,-0.8300000000000409,14.999999999999886,18.072267382809354,15.009999999999991,-8.329999999999927,3.339999999999918,0.0,0.0,0.0,8.744852168994123,2.457474313153803,10.865593403031424,3.5563176179862803
2025-10-29 15:45:48,1018.35,1021.68,60.86,55.21,1020.015,2040.03,3.3299999999999272,0.0032646578694776737,116.07,5.649999999999999,1.6700000000000728,8.329999999999927,5.0,6.6599999999998545,1.3319997336000242,-4.999999999999886,16.659999999999854,5.830000000000041,0.0,0.0,0.0,8.787929621883952,2.5283947476230457,3.7297613864696735,3.7723427733968844
2025-10-29 15:45:49,1015.01,1018.35,60.86,55.21,1016.6800000000001,2033.3600000000001,3.340000000000032,0.0032852028137809624,116.07,5.649999999999999,-3.340000000000032,-3.3299999999999272,-3.3349999999999227,0.010000000000104592,0.0029984998505562135,-5.010000000000105,-11.659999999999854,-8.334999999999923,0.0,0.0,0.0,8.759196960806438,2.3577595296828244,3.728645866799379,3.604704564870696
2025-10-29 15:45:50,1015.01,1021.68,60.86,55.21,1018.345,2036.69,6.669999999999959,0.006549843121388248,116.07,5.649999999999999,0.0,3.3299999999999272,1.6649999999999636,3.3299999999999272,1.9999987987995202,3.340000000000032,6.6599999999998545,4.999999999999886,0.0,0.0,0.0,8.773541752618751,2.0071061256972547,3.653083628935978,3.7554783317174905
2025-10-29 15:45:51,1015.01,1021.68,60.86,55.21,1018.345,2036.69,6.669999999999959,0.006549843121388248,116.07,5.649999999999999,0.0,0.0,0.0,0.0,0.0,0.0,-3.3299999999999272,-1.6649999999999636,0.0,0.0,0.0,8.773541752618751,1.8999276301505712,1.8275721599980872,3.095696609811703
2025-10-29 15:45:52,1006.68,1020.01,60.86,55.21,1013.345,2026.69,13.330000000000041,0.013154453800872937,116.07,5.649999999999999,-8.330000000000041,-1.669999999999959,-5.0,6.660000000000082,1.3319997336000695,-8.330000000000041,-1.669999999999959,-5.0,0.0,0.0,0.0,8.73046429972892,2.5283947476236137,4.080443603335335,3.9792169455810846
2025-10-29 15:45:53,1010.01,1011.68,60.86,55.21,1010.845,2021.69,1.669999999999959,0.0016520831565154657,116.07,5.649999999999999,3.330000000000041,-8.330000000000041,-2.5,11.660000000000082,4.663998134400779,11.660000000000082,-6.660000000000082,2.5,0.0,0.0,0.0,8.708925573284006,3.3125813197289973,4.468968561088815,2.6611402631202425
2025-10-29 15:45:54,1011.68,1018.35,60.86,55.21,1015.015,2030.03,6.670000000000073,0.00657133145168174,116.07,5.649999999999999,1.669999999999959,6.670000000000073,4.169999999999959,5.000000000000114,1.1990404798464467,-1.6600000000000819,15.000000000000114,6.669999999999959,0.0,0.0,0.0,8.744852168994123,3.2488890408597695,4.147423296457728,3.565693480937429
2025-10-29 15:45:55,1013.35,1020.01,60.86,55.21,1016.6800000000001,2033.3600000000001,6.659999999999968,0.006550733754425418,116.07,5.649999999999999,1.6700000000000728,1.6599999999999682,1.6650000000000773,0.010000000000104592,0.006006002398859897,1.1368683772161603e-13,-5.010000000000105,-2.5049999999998818,0.0,0.0,0.0,8.759196960806438,2.911018721997497,4.147625826903903,3.565693480937445
2025-10-29 15:45:56,1015.01,1020.01,60.86,55.21,1017.51,2035.02,5.0,0.004913956614761569,116.07,5.649999999999999,1.6599999999999682,0.0,0.8299999999999272,1.6599999999999682,1.9999975903644858,-0.010000000000104592,-1.6599999999999682,-0.8350000000001501,0.0,0.0,0.0,8.766347817986148,2.674442465229065,4.246896513926409,3.60418437375223
2025-10-29 15:45:57,1006.68,1011.68,60.86,55.21,1009.18,2018.36,5.0,0.004954517524173569,116.07,5.649999999999999,-8.330000000000041,-8.330000000000041,-8.330000000000041,0.0,0.0,-9.990000000000009,-8.330000000000041,-9.159999999999968,0.0,0.0,0.0,8.694580781471691,3.660620507485552,2.039203275791842,4.822330349530183
2025-10-29 15:45:58,1015.01,1015.01,60.86,55.21,1015.01,2030.02,0.0,0.0,116.07,5.649999999999999,8.330000000000041,3.330000000000041,5.830000000000041,5.0,0.8576327859978008,16.660000000000082,11.660000000000082,14.160000000000082,0.0,0.0,0.0,8.744809091541233,3.2588349144779833,2.738006574133839,5.494505892252739
2025-10-29 15:45:59,1011.68,1020.01,60.86,55.21,1015.845,2031.69,8.330000000000041,0.008200069884480379,116.07,5.649999999999999,-3.330000000000041,5.0,0.8350000000000364,8.330000000000041,9.976035956842779,-11.660000000000082,1.669999999999959,-4.9950000000000045,0.0,0.0,0.0,8.752003026173835,3.30109451543274,3.1162669975469237,5.181659241980328
2025-10-29 15:46:00,1010.01,1016.68,60.86,55.21,1013.345,2026.69,6.669999999999959,0.006582161054150164,116.07,5.649999999999999,-1.669999999999959,-3.330000000000041,-2.5,1.6600000000000819,0.6639997344001389,1.6600000000000819,-8.330000000000041,-3.3350000000000364,0.0,0.0,0.0,8.73046429972892,3.1720352299150956,3.1176032460850616,5.215109778326825
2025-10-29 15:46:01,1015.01,1028.35,60.86,55.24,1021.68,2043.36,13.339999999999918,0.013056925834843584,116.1,5.619999999999997,5.0,11.669999999999959,8.334999999999923,6.669999999999959,0.8002398560000199,6.669999999999959,15.0,10.834999999999923,0.0,0.030000000000001137,0.030000000000001137,8.799999924203274,4.526235466678615,4.861128469810257,6.639267090575571
2025-10-29 15:46:02,1015.01,1016.68,60.86,55.24,1015.845,2031.69,1.669999999999959,0.0016439515854840133,116.1,5.619999999999997,0.0,-11.669999999999959,-5.834999999999923,11.669999999999959,1.9999996572408665,-5.0,-23.339999999999918,-14.169999999999845,0.0,0.0,0.0,8.749741526703346,3.152159973702856,5.350286908194726,5.8217508105379565
2025-10-29 15:46:03,1013.35,1021.68,60.86,55.24,1017.515,2035.03,8.329999999999927,0.00818661149153901,116.1,5.619999999999997,-1.6599999999999682,5.0,1.669999999999959,6.659999999999968,3.9880215640590224,-1.6599999999999682,16.66999999999996,7.504999999999882,0.0,0.0,0.0,8.764125678172906,3.0852925306707157,4.183900094409514,5.291516087096329
2025-10-29 15:46:04,1015.01,1020.01,60.86,55.24,1017.51,2035.02,5.0,0.004913956614761569,116.1,5.619999999999997,1.6599999999999682,-1.669999999999959,-0.0049999999999954525,3.3299999999999272,665.866826635264,3.3199999999999363,-6.669999999999959,-1.6749999999999545,0.0,0.0,0.0,8.76408261185114,3.039760270121854,4.3151558488657,5.2915954588384055
2025-10-29 15:46:05,1008.35,1018.35,60.86,55.24,1013.35,2026.7,10.0,0.00986825873600606,116.1,5.619999999999997,-6.659999999999968,-1.6599999999999682,-4.159999999999968,5.0,1.201922787999339,-8.319999999999936,0.009999999999990905,-4.154999999999973,0.0,0.0,0.0,8.728251432142539,3.03818407931636,4.503950488182559,5.55909097784873
2025-10-29 15:46:06,1013.35,1010.01,60.86,55.24,1011.6800000000001,2023.3600000000001,3.340000000000032,0.003301439186994497,116.1,5.619999999999997,5.0,-8.340000000000032,-1.669999999999959,13.340000000000032,7.988019168851013,11.659999999999968,-6.680000000000064,2.490000000000009,0.0,0.0,0.0,8.713867280672979,2.594332765822268,3.453341859706337,3.038529660872102
2025-10-29 15:46:07,1011.68,1016.68,60.86,55.24,1014.18,2028.36,5.0,0.004930091300429814,116.1,5.619999999999997,-1.6700000000000728,6.669999999999959,2.4999999999998863,8.340000000000032,3.335998665600698,-6.670000000000073,15.009999999999991,4.169999999999845,0.0,0.0,0.0,8.735400441555552,2.5944932067400526,2.7361798186522654,2.672965581521675
2025-10-29 15:46:08,1005.02,1021.68,60.86,55.24,1013.3499999999999,2026.6999999999998,16.659999999999968,0.016440519054186066,116.1,5.619999999999997,-6.659999999999968,5.0,-0.8300000000000409,11.659999999999968,14.048175845570539,-4.989999999999895,-1.669999999999959,-3.3299999999999272,0.0,0.0,0.0,8.728251432142537,2.1551635668374285,5.4477334736567125,2.427137202549442
2025-10-29 15:46:09,1008.35,1015.01,60.86,55.24,1011.6800000000001,2023.3600000000001,6.659999999999968,0.0065831092770607886,116.1,5.619999999999997,3.330000000000041,-6.669999999999959,-1.6699999999998454,10.0,5.988020366455425,9.990000000000009,-11.669999999999959,-0.8399999999998045,0.0,0.0,0.0,8.713867280672979,1.1187805860971274,5.266775104368882,2.399193614529572
2025-10-29 15:46:10,1006.68,1016.68,60.86,55.24,1011.68,2023.36,10.0,0.009884548464055285,116.1,5.619999999999997,-1.6700000000000728,1.669999999999959,-1.1368683772161603e-13,3.340000000000032,3339999.620286037,-5.000000000000114,8.339999999999918,1.6699999999997317,0.0,0.0,0.0,8.713867280672979,1.1791013526534155,5.266775104368882,1.7290835723005102
2025-10-29 15:46:11,1013.35,1021.68,60.86,55.24,1017.515,2035.03,8.329999999999927,0.00818661149153901,116.1,5.619999999999997,6.670000000000073,5.0,5.835000000000036,1.6700000000000728,0.28620389268143437,8.340000000000146,3.330000000000041,5.83500000000015,0.0,0.0,0.0,8.764125678172906,2.401360031279085,4.501544179501073,3.0399662827077054
2025-10-29 15:46:12,1013.35,1010.01,60.86,55.24,1011.6800000000001,2023.3600000000001,3.340000000000032,0.003301439186994497,116.1,5.619999999999997,0.0,-11.669999999999959,-5.834999999999923,11.669999999999959,1.9999996572408665,-6.670000000000073,-16.66999999999996,-11.669999999999959,0.0,0.0,0.0,8.713867280672979,2.5283947476267534,4.940538432195409,4.192918136572617
2025-10-29 15:46:13,1011.68,1016.68,60.86,55.24,1014.18,2028.36,5.0,0.004930091300429814,116.1,5.619999999999997,-1.6700000000000728,6.669999999999959,2.4999999999998863,8.340000000000032,3.335998665600698,-1.6700000000000728,18.339999999999918,8.334999999999809,0.0,0.0,0.0,8.735400441555552,2.5691817763299514,2.6325994758033264,4.387355980542199
2025-10-29 15:46:14,1011.68,1016.68,60.86,55.24,1014.18,2028.36,5.0,0.004930091300429814,116.1,5.619999999999997,0.0,0.0,0.0,0.0,0.0,1.6700000000000728,-6.669999999999959,-2.4999999999998863,0.0,0.0,0.0,8.735400441555552,2.401446439091277,2.736179818652266,4.274764613402657
2025-10-29 15:46:15,1006.68,1013.35,60.86,55.24,1010.015,2020.03,6.670000000000073,0.006603862312338144,116.1,5.619999999999997,-5.0,-3.3299999999999272,-4.164999999999964,1.6700000000000728,0.4009602878847057,-5.0,-3.3299999999999272,-4.164999999999964,0.0,0.0,0.0,8.699526195525184,2.850511796121077,1.8975167983446104,4.773291055445861
2025-10-29 15:46:16,1008.35,1035.02,60.86,55.35,1021.685,2043.37,26.66999999999996,0.02610393611915221,116.21000000000001,5.509999999999998,1.6700000000000728,21.66999999999996,11.669999999999959,19.999999999999886,1.7137959114142285,6.670000000000073,24.999999999999886,15.834999999999923,0.0,0.10999999999999943,0.10999999999999943,8.791713202033273,4.466014162519186,9.761261701235115,6.898470301450833
2025-10-29 15:46:17,1011.68,1028.35,60.86,55.35,1020.0149999999999,2040.0299999999997,16.66999999999996,0.016342896902160325,116.21000000000001,5.509999999999998,3.3299999999999272,-6.670000000000073,-1.6700000000000728,10.0,5.9880203664546094,1.6599999999998545,-28.340000000000032,-13.340000000000032,0.0,0.0,0.0,8.777342666058491,4.766637966094702,9.531876520391952,6.096732321498097
2025-10-29 15:46:18,1011.68,1023.35,60.86,55.35,1017.515,2035.03,11.670000000000073,0.011469118380103442,116.21000000000001,5.509999999999998,0.0,-4.999999999999886,-2.4999999999998863,4.999999999999886,1.9999992000003655,-3.3299999999999272,1.6700000000001864,-0.8299999999998136,0.0,0.0,0.0,8.755829887653128,4.678185545680392,8.740868377912994,6.331480474580918
2025-10-29 15:46:19,1011.68,1021.68,60.86,55.35,1016.68,2033.36,10.0,0.009835936568206381,116.21000000000001,5.509999999999998,0.0,-1.6700000000000728,-0.8350000000000364,1.6700000000000728,1.9999976047932877,0.0,3.3299999999998136,1.66499999999985,0.0,0.0,0.0,8.748644619665736,4.473021350252084,7.782209197907704,6.364398046948307
2025-10-29 15:46:20,1006.68,1020.01,60.86,55.35,1013.345,2026.69,13.330000000000041,0.013154453800872937,116.21000000000001,5.509999999999998,-5.0,-1.669999999999959,-3.3349999999999227,3.330000000000041,0.998500450224788,-5.0,1.1368683772161603e-13,-2.4999999999998863,0.0,0.0,0.0,8.719946573272983,3.20821523589182,6.6261693307671745,6.221524531816889
2025-10-29 15:46:21,1010.01,1023.35,60.86,55.35,1016.6800000000001,2033.3600000000001,13.340000000000032,0.013121139381987343,116.21000000000001,5.509999999999998,3.330000000000041,3.340000000000032,3.3350000000000364,0.009999999999990905,0.0029984998505220226,8.330000000000041,5.009999999999991,6.669999999999959,0.0,0.0,0.0,8.748644619665738,2.3875840298955655,2.4729678526013776,2.5966598737608497
2025-10-29 15:46:22,1010.01,1021.68,60.86,55.35,1015.845,2031.69,11.669999999999959,0.011487973055448407,116.21000000000001,5.509999999999998,0.0,-1.6700000000000728,-0.8350000000000364,1.6700000000000728,1.9999976047932877,-3.330000000000041,-5.010000000000105,-4.170000000000073,0.0,0.0,0.0,8.741459351678346,1.6040752787247488,1.3948369080290492,2.5695875155362335
2025-10-29 15:46:23,1011.68,1015.01,60.86,55.35,1013.345,2026.69,3.330000000000041,0.0032861463733613867,116.21000000000001,5.509999999999998,1.669999999999959,-6.669999999999959,-2.5,8.339999999999918,3.335998665600501,1.669999999999959,-4.999999999999886,-1.6649999999999636,0.0,0.0,0.0,8.719946573272983,1.7085571397583792,4.1522439716375,2.5695875155362518
2025-10-29 15:46:24,1008.35,1021.68,60.86,55.35,1015.015,2030.03,13.329999999999927,0.013132810832221314,116.21000000000001,5.509999999999998,-3.3299999999999272,6.669999999999959,1.669999999999959,9.999999999999886,5.98802036645495,-4.999999999999886,13.339999999999918,4.169999999999959,0.0,0.0,0.0,8.734317109247765,1.4913182087739576,4.347735042524997,2.8029506774111654
2025-10-29 15:46:25,1008.35,1018.35,60.86,55.35,1013.35,2026.7,10.0,0.00986825873600606,116.21000000000001,5.509999999999998,0.0,-3.3299999999999272,-1.6649999999999636,3.3299999999999272,1.9999987987995202,3.3299999999999272,-9.999999999999886,-3.3349999999999227,0.0,0.0,0.0,8.719989598829795,1.4900612402920739,4.152243971637479,2.4305642349050984
2025-10-29 15:46:26,1001.69,1021.68,60.86,55.35,1011.685,2023.37,19.989999999999895,0.019759114724682864,116.21000000000001,5.509999999999998,-6.659999999999968,3.3299999999999272,-1.6650000000000773,9.989999999999895,5.9999963963982195,-6.659999999999968,6.6599999999998545,-1.1368683772161603e-13,0.0,0.0,0.0,8.705662088411822,1.6224580117294132,6.00671124659737,1.6039459155469493
2025-10-29 15:46:27,1003.35,1021.68,60.86,55.35,1012.515,2025.03,18.329999999999927,0.018103435486779448,116.21000000000001,5.509999999999998,1.6599999999999682,0.0,0.8300000000000409,1.6599999999999682,1.999997590364212,8.319999999999936,-3.3299999999999272,2.4950000000001182,0.0,0.0,0.0,8.712804330842403,1.2349676108415422,6.706092752117227,1.80654850474594
2025-10-29 15:46:28,1003.35,1021.68,60.86,55.35,1012.515,2025.03,18.329999999999927,0.018103435486779448,116.21000000000001,5.509999999999998,0.0,0.0,0.0,0.0,0.0,-1.6599999999999682,0.0,-0.8300000000000409,0.0,0.0,0.0,8.712804330842403,1.263043942160492,4.180511930374037,1.4903414038400085
2025-10-29 15:46:29,1006.68,1021.68,60.86,55.35,1014.18,2028.36,15.0,0.014790273901289442,116.21000000000001,5.509999999999998,3.3299999999999272,0.0,1.6649999999999636,3.3299999999999272,1.9999987987995202,3.3299999999999272,0.0,1.6649999999999636,0.0,0.0,0.0,8.727131841260373,0.948758399082167,3.9759715793752344,1.4888023710351255
2025-10-29 15:46:30,1003.35,1021.68,60.86,55.35,1012.515,2025.03,18.329999999999927,0.018103435486779448,116.21000000000001,5.509999999999998,-3.3299999999999272,0.0,-1.6649999999999636,3.3299999999999272,1.9999987987995202,-6.6599999999998545,0.0,-3.3299999999999272,0.0,0.0,0.0,8.712804330842403,0.9112738336140185,1.8225476674149754,1.4888023710351255
2025-10-29 15:46:31,1008.35,1021.68,60.86,55.35,1015.015,2030.03,13.329999999999927,0.013132810832221314,116.21000000000001,5.509999999999998,5.0,0.0,2.5,5.0,1.99999920000032,8.329999999999927,0.0,4.164999999999964,0.0,0.0,0.0,8.734317109247765,1.178216873002166,2.356433746151134,1.6019964107324791
2025-10-29 15:46:32,1008.35,1001.69,60.86,54.65,1005.02,2010.04,6.659999999999968,0.006626733789748696,115.50999999999999,6.210000000000001,0.0,-19.989999999999895,-9.995000000000005,19.989999999999895,1.9999997998999588,-5.0,-19.989999999999895,-12.495000000000005,0.0,-0.7000000000000028,0.7000000000000028,8.700718477181903,3.9679802796678287,4.803066728664076,5.011473585683131
2025-10-29 15:46:33,799.48,911.94,59.81,53.32,855.71,1711.42,112.46000000000004,0.131423028676277,113.13,6.490000000000002,-208.87,-89.75,-149.30999999999995,119.12,0.7978032228397082,-208.87,-69.7600000000001,-139.31499999999994,-1.0499999999999972,-1.3299999999999983,0.28000000000000114,7.5639529075934515,69.86480091934673,44.535613052926564,66.1203617844004
2025-10-29 15:46:34,708.97,746.77,57.98,51.98,727.87,1455.74,37.799999999999955,0.05193235048575653,109.96,6.0,-90.50999999999999,-165.17000000000007,-127.84000000000003,74.66000000000008,0.5840112595118023,118.36000000000001,-75.42000000000007,21.469999999999914,-1.8300000000000054,-1.3400000000000034,0.490000000000002,6.61940699691336,128.2676707806771,43.363699450116144,74.75088750309256
2025-10-29 15:46:35,645.03,535.65,56.06,50.57,590.3399999999999,1180.6799999999998,109.38,0.18528305690740413,106.63,5.490000000000002,-63.940000000000055,-211.12,-137.5300000000001,147.17999999999995,1.0701665013439494,26.569999999999936,-45.94999999999993,-9.690000000000055,-1.9199999999999946,-1.4099999999999966,0.509999999999998,5.536340565166083,182.34897780081056,51.535262490842165,74.18026439020018
2025-10-29 15:46:36,491.74,373.5,54.04,49.12,432.62,865.24,118.24000000000001,0.2733114505263015,103.16,4.920000000000002,-153.28999999999996,-162.14999999999998,-157.7199999999999,8.860000000000014,0.05617550053147678,-89.34999999999991,48.97000000000003,-20.189999999999827,-2.020000000000003,-1.4500000000000028,0.5700000000000003,4.193679680169836,223.09627668341074,51.21261289955828,60.6006473150246
2025-10-29 15:46:37,147.11,291.31,51.93,47.64,219.21,438.42,144.2,0.6578167024414182,99.57,4.289999999999999,-344.63,-82.19,-213.41,262.44,1.2297455544269456,-191.34000000000003,79.95999999999998,-55.69000000000008,-2.1099999999999994,-1.4799999999999969,0.6300000000000026,2.2015667148582234,249.38731553549712,39.68913050193972,33.43276043045203
2025-10-29 15:46:38,46.81,317.06,49.87,46.19,181.935,363.87,270.25,1.485420609088847,96.06,3.6799999999999997,-100.30000000000001,25.75,-37.275000000000006,126.05000000000001,3.3816229810429785,244.32999999999998,107.94,176.135,-2.0600000000000023,-1.4500000000000028,0.6099999999999994,1.8939724974602072,234.73932622166691,84.79030180392097,63.78061715756598
2025-10-29 15:46:39,43.63,89.73,49.87,44.69,66.68,133.36,46.1,0.691361717286117,94.56,5.18,-3.1799999999999997,-227.32999999999998,-115.255,224.14999999999998,1.944817995359698,97.12,-253.07999999999998,-77.97999999999999,0.0,-1.5,1.5,0.7051607370435625,210.22189912091153,82.43634623150156,64.36735358471715
2025-10-29 15:46:40,32.52,188.66,49.87,44.69,110.59,221.18,156.14,1.4118817125248058,94.56,5.18,-11.11,98.92999999999999,43.91,110.03999999999999,2.506035014665566,-7.93,326.26,159.165,0.0,0.0,0.0,1.169521984247864,141.9079358069982,81.07078499681622,101.22826032042632
2025-10-29 15:46:41,26.17,54.75,49.87,44.55,40.46,80.92,28.58,0.7063766508557426,94.41999999999999,5.32,-6.350000000000001,-133.91,-70.13,127.56,1.818907716827211,4.759999999999998,-232.83999999999997,-114.03999999999999,0.0,-0.14000000000000057,0.14000000000000057,0.4285109041674338,75.60670820108136,97.30847075152296,95.26985440053951
2025-10-29 15:46:42,21.42,56.34,49.87,44.55,38.88,77.76,34.92,0.8981481250476305,94.41999999999999,5.32,-4.75,1.5900000000000034,-1.5799999999999983,6.340000000000003,4.012655688192609,1.6000000000000014,135.5,68.55,0.0,0.0,0.0,0.41177716149356963,60.127026618681356,105.02278190945049,61.27430185240789
2025-10-29 15:46:43,18.24,42.04,49.87,44.55,30.14,60.28,23.8,0.7896482816971373,94.41999999999999,5.32,-3.1800000000000033,-14.300000000000004,-8.740000000000002,11.120000000000001,1.2723110672412965,1.5699999999999967,-15.890000000000008,-7.160000000000004,0.0,0.0,0.0,0.3192120279685234,32.7427228556781,55.54477941265044,62.45110011040635
2025-10-29 15:46:44,11.9,80.18,49.87,44.55,46.040000000000006,92.08000000000001,68.28,1.4830581780395704,94.41999999999999,5.32,-6.339999999999998,38.14000000000001,15.900000000000006,44.480000000000004,2.797484100787163,-3.159999999999995,52.44000000000001,24.640000000000008,0.0,0.0,0.0,0.48760855234475176,32.57302902715316,55.25090297904638,42.10937270964739
2025-10-29 15:46:45,10.32,30.93,49.87,44.55,20.625,41.25,20.61,0.9992726788231427,94.41999999999999,5.32,-1.58,-49.25000000000001,-25.415000000000006,47.67000000000001,1.875663904164316,4.759999999999998,-87.39000000000001,-41.31500000000001,0.0,0.0,0.0,0.21843888775218295,9.959237169775555,19.24194688694458,32.6997434240698
2025-10-29 15:46:46,13.49,37.28,49.87,44.55,25.385,50.77,23.79,0.9371675817542807,94.41999999999999,5.32,3.17,6.350000000000001,4.760000000000002,3.1800000000000015,0.6680670865405282,4.75,55.60000000000001,30.175000000000008,0.0,0.0,0.0,0.26885193530129287,10.257137393242417,19.768339586318223,15.45010275046727
2025-10-29 15:46:47,11.9,24.59,49.87,44.55,18.245,36.49,12.69,0.695532984624117,94.41999999999999,5.32,-1.5899999999999999,-12.690000000000001,-7.140000000000001,11.100000000000001,1.5546216310053738,-4.76,-19.040000000000003,-11.900000000000002,0.0,0.0,0.0,0.19323236397762805,11.026924208675302,21.966069971663025,15.520924424788504
