time,force_left,force_right,dis_left,dis_right,force_avg,force_sum,force_diff,force_diff_ratio,total_delta_dis,dis_diff,left_force_rate,right_force_rate,force_rate,force_rate_diff,force_rate_ratio,left_force_acc,right_force_acc,force_acc,left_dis_rate,right_dis_rate,dis_rate_diff,stiffness_ratio,force_std_5s,force_diff_std_5s,force_rate_std_5s
2025-08-03 08:45:17,254.26,251.35,0.29,7.39,252.805,505.61,2.9099999999999966,0.011510848236740366,7.68,7.1,0.0,0.0,0.0,0.0,0.0,0.0,0.0,0.0,0.0,0.0,0.0,32.917313422224815,0.0,0.0,0.0
2025-08-03 08:45:18,256.21,252.32,0.62,7.9,254.265,508.53,3.8899999999999864,0.015298999015597852,8.52,7.28,1.9499999999999886,0.9699999999999989,1.4599999999999795,0.9799999999999898,0.6712324169641004,1.9499999999999886,0.9699999999999989,1.4599999999999795,0.33,0.5100000000000007,0.18000000000000066,29.843306356419443,0.0,0.0,0.0
2025-08-03 08:45:19,256.21,256.21,0.89,8.13,256.21,512.42,0.0,0.0,9.020000000000001,7.240000000000001,0.0,3.8899999999999864,1.9449999999999932,3.8899999999999864,1.9999989717228939,-1.9499999999999886,2.9199999999999875,0.48500000000001364,0.27,0.23000000000000043,0.03999999999999959,28.40465317021583,0.0,0.0,0.0
2025-08-03 08:45:20,260.09,259.12,1.13,8.4,259.605,519.21,0.9699999999999704,0.0037364457397335363,9.530000000000001,7.2700000000000005,3.8799999999999955,2.910000000000025,3.3950000000000387,0.9699999999999704,0.28571420155692423,3.8799999999999955,-0.9799999999999613,1.4500000000000455,0.23999999999999988,0.2699999999999996,0.029999999999999694,27.24081560956814,0.0,0.0,0.0
2025-08-03 08:45:21,252.32,256.21,1.19,8.67,254.265,508.53,3.8899999999999864,0.015298999015597852,9.86,7.48,-7.769999999999982,-2.910000000000025,-5.340000000000032,4.859999999999957,0.9101121891175541,-11.649999999999977,-5.82000000000005,-8.73500000000007,0.06000000000000005,0.2699999999999996,0.20999999999999952,25.78752273960216,2.6288828425778235,1.7664993631473513,3.3737934880487472
2025-08-03 08:45:22,251.35,260.09,1.19,8.91,255.71999999999997,511.43999999999994,8.73999999999998,0.03417800706171584,10.1,7.720000000000001,-0.9699999999999989,3.8799999999999955,1.454999999999984,4.849999999999994,3.333331042384196,6.799999999999983,6.7900000000000205,6.795000000000016,0.0,0.2400000000000002,0.2400000000000002,25.31880937437531,2.1873574239250564,3.406342613419851,3.4049166656469185
2025-08-03 08:45:23,251.35,263.98,1.19,9.18,257.665,515.33,12.630000000000024,0.049017134461346666,10.37,7.99,0.0,3.890000000000043,1.94500000000005,3.890000000000043,1.9999989717228646,0.9699999999999989,0.010000000000047748,0.49000000000006594,0.0,0.2699999999999996,0.2699999999999996,24.847152859483817,2.0309929837397473,5.347310538953216,3.442844027835152
2025-08-03 08:45:24,252.32,256.21,1.19,9.28,254.265,508.53,3.8899999999999864,0.015298999015597852,10.469999999999999,8.09,0.9699999999999989,-7.770000000000039,-3.400000000000034,8.740000000000038,2.570587479238962,0.9699999999999989,-11.660000000000082,-5.345000000000084,0.0,0.09999999999999964,0.09999999999999964,24.285097967039356,2.3132779772435623,4.627815899536212,3.7664661819801664
2025-08-03 08:45:25,259.12,254.26,1.23,9.28,256.69,513.38,4.860000000000014,0.018933343648239783,10.51,8.049999999999999,6.800000000000011,-1.9499999999999886,2.4250000000000114,8.75,3.6082459347439273,5.8300000000000125,5.82000000000005,5.8250000000000455,0.040000000000000036,0.0,0.040000000000000036,24.423403955908285,1.4964934012550775,3.8227045399821415,3.54107434262544
2025-08-03 08:45:26,257.18,254.26,1.26,9.28,255.72,511.44,2.920000000000016,0.011418739201397141,10.54,8.02,-1.9399999999999977,0.0,-0.9699999999999989,1.9399999999999977,1.9999979381464554,-8.740000000000009,1.9499999999999886,-3.3950000000000102,0.030000000000000027,0.0,0.030000000000000027,24.261857280658706,1.2663559926023946,4.026607753432165,2.4422412861959626
2025-08-03 08:45:27,257.18,254.26,1.26,9.28,255.72,511.44,2.920000000000016,0.011418739201397141,10.54,8.02,0.0,0.0,0.0,0.0,0.0,1.9399999999999977,0.0,0.9699999999999989,0.0,0.0,0.0,24.261857280658706,1.2663559926023948,4.0968194980985,2.353962085506078
2025-08-03 08:45:28,257.18,251.35,1.26,9.28,254.265,508.53,5.8300000000000125,0.02292883400024061,10.54,8.02,0.0,-2.9099999999999966,-1.4550000000000125,2.9099999999999966,1.9999986254304785,0.0,-2.9099999999999966,-1.4550000000000125,0.0,0.0,0.0,24.12381175295904,1.051454944350954,1.264725266609312,2.132284572940505
2025-08-03 08:45:29,256.21,262.04,1.26,9.38,259.125,518.25,5.830000000000041,0.022498793931505053,10.64,8.120000000000001,-0.9700000000000273,10.690000000000026,4.860000000000014,11.660000000000053,2.3991764610748065,-0.9700000000000273,13.600000000000023,6.315000000000026,0.0,0.10000000000000142,0.10000000000000142,24.353851094562867,1.7990740674024415,1.4710778361460042,2.637907788380794
2025-08-03 08:45:30,255.24,257.18,1.26,9.41,256.21000000000004,512.4200000000001,1.9399999999999977,0.007571913635018477,10.67,8.15,-0.9699999999999704,-4.860000000000014,-2.9149999999999636,3.890000000000043,1.3344763861144786,5.684341886080802e-14,-15.55000000000004,-7.774999999999977,0.0,0.02999999999999936,0.02999999999999936,24.01218144215732,1.786087203918099,1.8173799822821965,2.963472203345257
2025-08-03 08:45:31,263.01,256.21,1.3,9.41,259.61,519.22,6.800000000000011,0.026193135756738473,10.71,8.11,7.769999999999982,-0.9700000000000273,3.3999999999999773,8.740000000000009,2.5705874792389967,8.739999999999952,3.8899999999999864,6.314999999999941,0.040000000000000036,0.0,0.040000000000000036,24.239960388425736,2.2950746175233427,2.106141020919546,3.2698405924448286
2025-08-03 08:45:32,261.07,256.21,1.33,9.41,258.64,517.28,4.860000000000014,0.01879059689610817,10.74,8.08,-1.9399999999999977,0.0,-0.9700000000000273,1.9399999999999977,1.9999979381463968,-9.70999999999998,0.9700000000000273,-4.3700000000000045,0.030000000000000027,0.0,0.030000000000000027,24.081934443022863,2.2636889141398906,1.8699919785924288,3.3552000685503045
2025-08-03 08:45:33,260.09,264.95,1.33,9.48,262.52,525.04,4.860000000000014,0.018512875138988034,10.81,8.15,-0.9800000000000182,8.740000000000009,3.8799999999999955,9.720000000000027,2.505153993517022,0.9599999999999795,8.740000000000009,4.850000000000023,0.0,0.07000000000000028,0.07000000000000028,24.284919122579172,2.260952233020316,1.8187138312554916,3.392754043546327
2025-08-03 08:45:34,259.12,266.9,1.33,9.72,263.01,526.02,7.779999999999973,0.029580624198393024,11.05,8.39,-0.9699999999999704,1.9499999999999886,0.4900000000000091,2.919999999999959,5.95917151189468,0.010000000000047748,-6.7900000000000205,-3.3899999999999864,0.0,0.2400000000000002,0.2400000000000002,23.801807800741376,2.8185226626726716,2.239624968605227,2.884180126136355
2025-08-03 08:45:35,257.18,273.7,1.33,10.29,265.44,530.88,16.519999999999982,0.06223628668536654,11.62,8.959999999999999,-1.9399999999999977,6.800000000000011,2.430000000000007,8.740000000000009,3.596706338803969,-0.9700000000000273,4.850000000000023,1.9399999999999977,0.0,0.5699999999999985,0.5699999999999985,22.843371528109166,2.738800832481127,4.8389957635856495,2.0409385096077775
2025-08-03 08:45:36,265.92,263.01,1.36,10.56,264.46500000000003,528.9300000000001,2.910000000000025,0.011003346336931837,11.92,9.200000000000001,8.740000000000009,-10.689999999999998,-0.9749999999999659,19.430000000000007,19.928184689042048,10.680000000000007,-17.49000000000001,-3.4049999999999727,0.030000000000000027,0.27000000000000135,0.24000000000000132,22.186659212528593,2.60618495122646,5.394004078604299,2.1434038350250266
2025-08-03 08:45:37,276.62,262.04,1.6,10.56,269.33000000000004,538.6600000000001,14.579999999999984,0.05413433314471336,12.16,8.96,10.699999999999989,-0.9699999999999704,4.865000000000009,11.669999999999959,2.398766207858937,1.9599999999999795,9.720000000000027,5.839999999999975,0.24,0.0,0.24,22.14884686275931,2.7077749167903393,5.976169341643507,2.3959877921224795
2025-08-03 08:45:38,280.51,262.04,1.97,10.56,271.275,542.55,18.46999999999997,0.06808589045033299,12.530000000000001,8.59,3.8899999999999864,0.0,1.9449999999999363,3.8899999999999864,1.9999989717229523,-6.810000000000002,0.9699999999999704,-2.9200000000000728,0.3699999999999999,0.0,0.3699999999999999,21.650038176373645,3.4657744444782517,6.507124556975973,2.1918525269734643
2025-08-03 08:45:39,284.39,261.07,2.37,10.56,272.73,545.46,23.319999999999993,0.08550581129503237,12.93,8.190000000000001,3.8799999999999955,-0.9700000000000273,1.455000000000041,4.850000000000023,3.3333310423840854,-0.009999999999990905,-0.9700000000000273,-0.4899999999998954,0.40000000000000013,0.0,0.40000000000000013,21.092805793286484,3.599226653046227,7.57941620443156,2.0933298832243232
2025-08-03 08:45:40,289.26,259.12,2.88,10.56,274.19,548.38,30.139999999999986,0.10992377508324962,13.440000000000001,7.680000000000001,4.8700000000000045,-1.9499999999999886,1.4599999999999795,6.819999999999993,4.671229677240008,0.9900000000000091,-0.9799999999999613,0.004999999999938609,0.5099999999999998,0.0,0.5099999999999998,20.401040148732132,3.7725233597683934,10.188720724408912,2.081946204876572
2025-08-03 08:45:41,294.12,260.09,3.38,10.56,277.105,554.21,34.03000000000003,0.12280543431982315,13.940000000000001,7.180000000000001,4.860000000000014,0.9699999999999704,2.9150000000000205,3.890000000000043,1.3344763861144526,-0.009999999999990905,2.919999999999959,1.455000000000041,0.5,0.0,0.5,19.87840603454763,2.947760590685443,8.031529742209774,1.4355469340986478
2025-08-03 08:45:42,296.06,259.12,3.99,10.56,277.59000000000003,555.1800000000001,36.94,0.1330739575162147,14.55,6.57,1.9399999999999977,-0.9699999999999704,0.48500000000001364,2.909999999999968,5.999987628891253,-2.920000000000016,-1.9399999999999409,-2.430000000000007,0.6100000000000003,0.0,0.6100000000000003,19.07834920423717,2.7355680397310858,7.614220248981518,0.8829750845861942
2025-08-03 08:45:43,303.84,295.09,4.6,10.93,299.465,598.93,8.75,0.02921877338180164,15.53,6.33,7.779999999999973,35.96999999999997,21.874999999999943,28.189999999999998,1.2886856553743733,5.839999999999975,36.93999999999994,21.38999999999993,0.6099999999999994,0.3699999999999992,0.2400000000000002,19.28299940225374,10.948185580268408,11.225267480109329,9.118134129305153
2025-08-03 08:45:44,308.71,303.84,5.3,11.57,306.275,612.55,4.8700000000000045,0.015900742744589868,16.87,6.2700000000000005,4.8700000000000045,8.75,6.810000000000002,3.8799999999999955,0.569750283443423,-2.909999999999968,-27.21999999999997,-15.06499999999994,0.7000000000000002,0.6400000000000006,0.05999999999999961,18.15500781535223,14.810713605359997,14.989237138693884,8.8133757720864
2025-08-03 08:45:45,316.49,311.63,6.05,12.24,314.06,628.12,4.860000000000014,0.01547474999848839,18.29,6.19,7.78000000000003,7.7900000000000205,7.785000000000025,0.009999999999990905,0.0012845213507346848,2.910000000000025,-0.9599999999999795,0.9750000000000227,0.75,0.6699999999999999,0.08000000000000007,17.171130827166166,16.834737672443676,16.172839886674204,8.311242686866962
2025-08-03 08:45:46,324.28,322.33,6.82,12.95,323.30499999999995,646.6099999999999,1.9499999999999886,0.0060314563460773345,19.77,6.129999999999999,7.789999999999964,10.699999999999989,9.244999999999948,2.910000000000025,0.314764703649036,0.009999999999934062,2.909999999999968,1.4599999999999227,0.7700000000000005,0.7099999999999991,0.060000000000001386,16.353312273479396,17.298988192954884,14.439543967868234,7.815292700852579
2025-08-03 08:45:47,334.01,332.06,7.66,13.76,333.03499999999997,666.0699999999999,1.9499999999999886,0.0058552404226124835,21.42,6.1,9.730000000000018,9.730000000000018,9.730000000000018,0.0,0.0,1.9400000000000546,-0.9699999999999704,0.4850000000000705,0.8399999999999999,0.8100000000000005,0.02999999999999936,15.547851748466302,13.344659793340218,2.798710417317226,6.14026200581048
2025-08-03 08:45:48,344.72,341.8,8.54,14.57,343.26,686.52,2.920000000000016,0.008506671303074476,23.11,6.030000000000001,10.710000000000036,9.740000000000009,10.225000000000023,0.9700000000000273,0.09486551639457298,0.9800000000000182,0.009999999999990905,0.49500000000000455,0.879999999999999,0.8100000000000005,0.06999999999999851,14.853309612578553,14.714280733355233,1.4737197834052278,1.4208685723880432
2025-08-03 08:45:49,357.38,350.56,9.48,15.44,353.97,707.94,6.819999999999993,0.019267169479709644,24.92,5.959999999999999,12.659999999999968,8.759999999999991,10.710000000000036,3.8999999999999773,0.36414562426277686,1.9499999999999318,-0.9800000000000182,0.48500000000001364,0.9400000000000013,0.8699999999999992,0.07000000000000206,14.204253041562879,15.782450459291406,2.11029618774236,1.122638632864583
2025-08-03 08:45:50,367.12,362.25,10.46,16.39,364.685,729.37,4.8700000000000045,0.013353990393479342,26.85,5.93,9.740000000000009,11.689999999999998,10.714999999999975,1.9499999999999886,0.18198785049110058,-2.919999999999959,2.930000000000007,0.004999999999938609,0.9800000000000004,0.9500000000000011,0.02999999999999936,13.58230861890843,16.399107978789143,2.1116746908555615,0.6385041111849409
2025-08-03 08:45:51,375.89,373.94,11.47,17.36,374.91499999999996,749.8299999999999,1.9499999999999886,0.005201178920018697,28.83,5.889999999999999,8.769999999999982,11.689999999999998,10.229999999999961,2.920000000000016,0.2854349672106608,-0.9700000000000273,0.0,-0.48500000000001364,1.0099999999999998,0.9699999999999989,0.040000000000000924,13.004335310290138,16.631916080235108,2.1116746908555615,0.41028343861292593
2025-08-03 08:45:52,389.53,385.63,12.51,18.41,387.58,775.16,3.8999999999999773,0.010062438696366012,30.92,5.9,13.639999999999986,11.689999999999998,12.66500000000002,1.9499999999999886,0.15396761516244536,4.8700000000000045,0.0,2.435000000000059,1.0399999999999991,1.0500000000000007,0.010000000000001563,12.534928443242933,17.338409168663098,1.873891672429312,1.0111466263604283
2025-08-03 08:45:53,402.2,371.02,13.59,18.81,386.61,773.22,31.180000000000007,0.08064975018584686,32.4,5.219999999999999,12.670000000000016,-14.610000000000014,-0.9699999999999704,27.28000000000003,28.123682346720116,-0.9699999999999704,-26.30000000000001,-13.634999999999991,1.08,0.3999999999999986,0.6800000000000015,11.932407039123241,14.415550024191901,12.111012756991057,5.469617216954028
2025-08-03 08:45:54,408.05,369.07,14.74,18.81,388.56,777.12,38.98000000000002,0.10031912677496627,33.55,4.0699999999999985,5.850000000000023,-1.9499999999999886,1.9499999999999886,7.800000000000011,3.99999794871903,-6.819999999999993,12.660000000000025,2.919999999999959,1.1500000000000004,0.0,1.1500000000000004,11.581519774023258,10.413021295473182,17.50747925887677,6.027357007843478
2025-08-03 08:45:55,416.83,365.17,15.91,18.81,391.0,782.0,51.65999999999997,0.13212276181042765,34.72,2.8999999999999986,8.779999999999973,-3.8999999999999773,2.4399999999999977,12.67999999999995,5.19671918167245,2.92999999999995,-1.9499999999999886,0.4900000000000091,1.17,0.0,1.17,11.261520412974644,6.263842271320133,21.905907422428317,5.857821267331389
2025-08-03 08:45:56,389.53,410.98,16.32,19.42,400.255,800.51,21.450000000000045,0.05359083570825901,35.74,3.1000000000000014,-27.30000000000001,45.81,9.254999999999995,73.11000000000001,7.899512922797097,-36.079999999999984,49.70999999999998,6.814999999999998,0.41000000000000014,0.610000000000003,0.20000000000000284,11.199076351452817,5.531254830504163,18.05477166845374,5.664166531803246
2025-08-03 08:45:57,390.5,417.8,16.32,20.43,404.15,808.3,27.30000000000001,0.06754917711852242,36.75,4.109999999999999,0.9700000000000273,6.819999999999993,3.894999999999982,5.849999999999966,1.5019251599678647,28.27000000000004,-38.99000000000001,-5.360000000000014,0.0,1.009999999999998,1.009999999999998,10.997278612318949,7.669535513965267,11.693544372858016,3.7619831870969227
2025-08-03 08:45:58,391.48,423.66,16.32,21.51,407.57000000000005,815.1400000000001,32.18000000000001,0.07895576200663504,37.83,5.190000000000001,0.9800000000000182,5.860000000000014,3.4200000000000728,4.8799999999999955,1.4269001675730186,0.009999999999990905,-0.9599999999999795,-0.47499999999990905,0.0,1.0800000000000018,1.0800000000000018,10.77372427243658,8.248254057676297,11.639243102538899,2.933182145725011
2025-08-03 08:45:59,437.32,438.29,17.06,22.65,437.805,875.61,0.9700000000000273,0.0022155982635749453,39.709999999999994,5.59,45.839999999999975,14.629999999999995,30.234999999999957,31.20999999999998,1.0322473612618708,44.85999999999996,8.769999999999982,26.814999999999884,0.7399999999999984,1.139999999999997,0.3999999999999986,11.02505638315144,17.693280998728603,18.32339133457557,11.700611842976393
2025-08-03 08:46:00,451.95,450.98,18.27,23.83,451.46500000000003,902.9300000000001,0.9699999999999704,0.0021485607917588506,42.099999999999994,5.559999999999999,14.629999999999995,12.689999999999998,13.660000000000025,1.9399999999999977,0.14202048740699172,-31.20999999999998,-1.9399999999999977,-16.574999999999932,1.2100000000000009,1.1799999999999997,0.030000000000001137,10.72363394955739,22.925677034713004,14.742280352781254,10.978046615860194
2025-08-03 08:46:01,459.76,465.62,19.52,25.04,462.69,925.38,5.860000000000014,0.012665067296321395,44.56,5.52,7.810000000000002,14.639999999999986,11.224999999999966,6.829999999999984,0.6084631974643036,-6.819999999999993,1.9499999999999886,-2.435000000000059,1.25,1.2100000000000009,0.03999999999999915,10.383527594624605,26.09693118931731,15.097550463568586,10.885690492568648
2025-08-03 08:46:02,475.39,479.29,20.76,26.32,477.34000000000003,954.6800000000001,3.900000000000034,0.008170276934323034,47.08,5.559999999999999,15.629999999999995,13.670000000000016,14.650000000000034,1.9599999999999795,0.13378838677212207,7.819999999999993,-0.9699999999999704,3.425000000000068,1.240000000000002,1.2800000000000011,0.03999999999999915,10.138912274024804,26.57631215010759,13.246630892419397,9.768765658976541
2025-08-03 08:46:03,454.88,486.13,21.2,27.6,470.505,941.01,31.25,0.06641799754217703,48.8,6.400000000000002,-20.50999999999999,6.839999999999975,-6.835000000000036,27.349999999999966,4.001462472353672,-36.139999999999986,-6.830000000000041,-21.48500000000007,0.4399999999999977,1.2800000000000011,0.8400000000000034,9.641495704067712,15.682182325810134,12.83601768462477,13.190226779703224
2025-08-03 08:46:04,451.95,492.97,21.2,28.88,472.46000000000004,944.9200000000001,41.02000000000004,0.08682216465558538,50.08,7.68,-2.930000000000007,6.840000000000032,1.955000000000041,9.770000000000039,4.99743989900764,17.579999999999984,5.684341886080802e-14,8.790000000000077,0.0,1.2799999999999976,1.2799999999999976,9.43410524292921,10.110220447643503,18.247557370782545,9.186459737026025
2025-08-03 08:46:05,450.98,470.5,21.2,29.39,460.74,921.48,19.519999999999982,0.04236662750712626,50.59,8.190000000000001,-0.9699999999999704,-22.470000000000027,-11.720000000000027,21.500000000000057,1.8344708332362778,1.9600000000000364,-29.31000000000006,-13.675000000000068,0.0,0.5100000000000016,0.5100000000000016,9.10733328508928,6.919463129459417,16.025779232224558,11.306144900009038
2025-08-03 08:46:06,506.65,468.55,21.94,29.39,487.6,975.2,38.099999999999966,0.07813781772326117,51.33,7.449999999999999,55.66999999999996,-1.9499999999999886,26.860000000000014,57.61999999999995,2.1451972395682306,56.63999999999993,20.52000000000004,38.58000000000004,0.740000000000002,0.0,0.740000000000002,9.499317952477734,9.82551041930881,15.224162374331131,15.810424804539588
2025-08-03 08:46:07,510.56,464.64,23.19,29.39,487.6,975.2,45.920000000000016,0.0941755535394267,52.58,6.199999999999999,3.910000000000025,-3.910000000000025,0.0,7.82000000000005,7820000.00000005,-51.759999999999934,-1.9600000000000364,-26.860000000000014,1.25,0.0,1.25,9.273487841888784,11.666987828910475,10.230572808987786,14.902212335757415
2025-08-03 08:46:08,515.45,517.4,24.44,30.06,516.425,1032.85,1.9499999999999318,0.0037759597157844263,54.5,5.619999999999997,4.890000000000043,52.75999999999999,28.824999999999932,47.86999999999995,1.6607111305911164,0.9800000000000182,56.670000000000016,28.824999999999932,1.25,0.6699999999999982,0.5800000000000018,9.475687899528662,20.897629650272297,18.26672986607075,17.83109201647503
2025-08-03 08:46:09,527.18,532.07,25.68,31.31,529.625,1059.25,4.8900000000001,0.009232947823020348,56.989999999999995,5.629999999999999,11.729999999999905,14.670000000000073,13.200000000000045,2.9400000000001683,0.22272725585400777,6.839999999999861,-38.08999999999992,-15.624999999999886,1.2399999999999984,1.25,0.010000000000001563,9.29329690659244,27.07128012303693,19.57199862047818,17.395194595059863
2025-08-03 08:46:10,506.65,539.89,26.09,32.59,523.27,1046.54,33.24000000000001,0.06352361101625624,58.68000000000001,6.5000000000000036,-20.529999999999973,7.819999999999936,-6.355000000000018,28.34999999999991,4.46105358598682,-32.25999999999988,-6.850000000000136,-19.555000000000064,0.41000000000000014,1.2800000000000047,0.8700000000000045,8.917348177959301,20.000175436728767,20.07925919948243,15.692084549224164
2025-08-03 08:46:11,503.72,516.42,26.09,33.09,510.07,1020.14,12.699999999999932,0.024898543288374906,59.18000000000001,7.0000000000000036,-2.92999999999995,-23.470000000000027,-13.199999999999989,20.540000000000077,1.556060488177243,17.600000000000023,-31.289999999999964,-6.84499999999997,0.0,0.5,0.5,8.618958962166966,16.1751895661203,19.067056668505508,16.72398330243125
2025-08-03 08:46:12,502.74,511.54,26.09,33.09,507.14,1014.28,8.800000000000011,0.01735221040077257,59.18000000000001,7.0000000000000036,-0.9800000000000182,-4.879999999999939,-2.930000000000007,3.8999999999999204,1.3310575661919266,1.9499999999999318,18.59000000000009,10.269999999999982,0.0,0.0,0.0,8.569448993419245,9.271063450323593,12.378640070702438,16.97033610450893
2025-08-03 08:46:13,547.71,511.54,26.86,33.09,529.625,1059.25,36.170000000000016,0.06829360383612257,59.95,6.230000000000004,44.97000000000003,0.0,22.485000000000014,44.97000000000003,1.9999999110518163,45.950000000000045,4.879999999999939,25.41500000000002,0.7699999999999996,0.0,0.7699999999999996,8.834445223779062,10.72315333751807,14.493796949039945,14.732431486350118
2025-08-03 08:46:14,552.61,560.43,28.07,33.77,556.52,1113.04,7.819999999999936,0.014051606386020862,61.84,5.700000000000003,4.899999999999977,48.88999999999993,26.894999999999982,43.98999999999995,1.6356199429031433,-40.07000000000005,48.88999999999993,4.409999999999968,1.2100000000000009,0.6799999999999997,0.5300000000000011,8.999353023943192,19.743671770973197,13.815990011577192,18.079401054791607
2025-08-03 08:46:15,564.35,572.18,29.32,35.05,568.265,1136.53,7.829999999999927,0.013778782761952865,64.37,5.729999999999997,11.740000000000009,11.75,11.745000000000005,0.009999999999990905,0.0008514260662890452,6.840000000000032,-37.13999999999993,-15.149999999999977,1.25,1.279999999999994,0.02999999999999403,8.828103016496767,27.358549257954483,12.189090614151684,16.917270539303907
2025-08-03 08:46:16,578.05,584.9,30.53,36.29,581.4749999999999,1162.9499999999998,6.850000000000023,0.011780386066846619,66.82,5.759999999999998,13.699999999999932,12.720000000000027,13.209999999999923,0.9799999999999045,0.07418621694274742,1.9599999999999227,0.9700000000000273,1.4649999999999181,1.2100000000000009,1.240000000000002,0.030000000000001137,8.70211001643056,30.038252071315977,12.695004135485757,11.513204050133051
2025-08-03 08:46:17,553.58,588.82,30.97,37.54,571.2,1142.4,35.24000000000001,0.06169467776313958,68.50999999999999,6.57,-24.469999999999914,3.9200000000000728,-10.274999999999864,28.389999999999986,2.763016762723465,-38.169999999999845,-8.799999999999955,-23.484999999999786,0.4399999999999977,1.25,0.8100000000000023,8.337468860933168,19.872326423947385,15.45713977422734,14.371884705910997
2025-08-03 08:46:18,552.61,568.26,30.97,38.04,560.435,1120.87,15.649999999999977,0.027924736984797954,69.00999999999999,7.07,-0.9700000000000273,-20.56000000000006,-10.7650000000001,19.590000000000032,1.8197861755888227,23.499999999999886,-24.480000000000132,-0.49000000000023647,0.0,0.5,0.5,8.1210692925508,9.7470414742073,12.030642958711743,16.335542384628656
2025-08-03 08:46:19,551.63,563.37,30.97,38.04,557.5,1115.0,11.740000000000009,0.02105829592635285,69.00999999999999,7.07,-0.9800000000000182,-4.889999999999986,-2.9349999999999454,3.909999999999968,1.3321971610912706,-0.009999999999990905,15.670000000000073,7.830000000000155,0.0,0.0,0.0,8.078539225061018,9.475124669360147,11.591719889645377,11.644012624520776
2025-08-03 08:46:20,600.57,563.37,31.71,38.04,581.97,1163.94,37.200000000000045,0.06392082055102363,69.75,6.329999999999998,48.940000000000055,0.0,24.470000000000027,48.940000000000055,1.9999999182672692,49.92000000000007,4.889999999999986,27.404999999999973,0.740000000000002,0.0,0.740000000000002,8.34365579435619,11.432458943723251,13.957486521576879,15.538618584031191
2025-08-03 08:46:21,603.51,612.33,32.92,38.72,607.9200000000001,1215.8400000000001,8.82000000000005,0.014508487935076262,71.64,5.799999999999997,2.939999999999941,48.960000000000036,25.950000000000045,46.020000000000095,1.773410336284766,-46.000000000000114,48.960000000000036,1.4800000000000182,1.2100000000000009,0.6799999999999997,0.5300000000000011,8.485762025603547,20.38318179283889,13.46547065646055,18.45528968886699
2025-08-03 08:46:22,615.26,625.06,34.14,39.96,620.16,1240.32,9.799999999999955,0.015802373555530155,74.1,5.82,11.75,12.729999999999905,12.239999999999895,0.9799999999999045,0.08006535293583006,8.81000000000006,-36.23000000000013,-13.71000000000015,1.2199999999999989,1.240000000000002,0.020000000000003126,8.369230656285687,27.96712391362252,11.786026472055815,16.33312684393289
2025-08-03 08:46:23,628.98,637.8,35.35,41.21,633.39,1266.78,8.819999999999936,0.013925069840185142,76.56,5.859999999999999,13.720000000000027,12.740000000000009,13.230000000000018,0.9800000000000182,0.07407406847512837,1.9700000000000273,0.010000000000104592,0.9900000000001228,1.2100000000000009,1.25,0.03999999999999915,8.27311901419646,30.476213183397824,12.31372729923806,11.631441441197223
2025-08-03 08:46:24,607.43,614.29,35.75,41.72,610.8599999999999,1221.7199999999998,6.860000000000014,0.011230069064548253,77.47,5.969999999999999,-21.550000000000068,-23.50999999999999,-22.530000000000086,1.9599999999999227,0.08699511375964497,-35.270000000000095,-36.25,-35.760000000000105,0.3999999999999986,0.509999999999998,0.10999999999999943,7.885116717631124,18.95630897616698,12.845956562280623,19.590666655323446
2025-08-03 08:46:25,603.51,609.39,35.75,41.72,606.45,1212.9,5.8799999999999955,0.00969577045148689,77.47,5.969999999999999,-3.919999999999959,-4.899999999999977,-4.4099999999998545,0.9800000000000182,0.22222217183171852,17.63000000000011,18.610000000000014,18.120000000000232,0.0,0.0,0.0,7.828191456974424,11.206343292970612,1.6103043190651802,18.744652037314555
2025-08-03 08:46:26,602.53,607.43,35.75,41.72,604.98,1209.96,4.899999999999977,0.008099441290456769,77.47,5.969999999999999,-0.9800000000000182,-1.9600000000000364,-1.4700000000000273,0.9800000000000182,0.666666213152236,2.939999999999941,2.939999999999941,2.939999999999827,0.0,0.0,0.0,7.809216370088856,11.782604550773485,2.0321712526261027,14.597360035294058
2025-08-03 08:46:27,642.71,651.53,36.49,42.39,647.12,1294.24,8.819999999999936,0.013629620451184194,78.88,5.899999999999999,40.180000000000064,44.10000000000002,42.139999999999986,3.919999999999959,0.09302325360647146,41.16000000000008,46.06000000000006,43.610000000000014,0.740000000000002,0.6700000000000017,0.07000000000000028,8.203853851371022,18.748073234332765,1.7530772943598174,24.159129123376953
2025-08-03 08:46:28,656.43,662.32,37.71,43.64,659.375,1318.75,5.8900000000001,0.008932701408253875,81.35,5.93,13.719999999999914,10.790000000000077,12.254999999999995,2.9299999999998363,0.23908606780202118,-26.46000000000015,-33.309999999999945,-29.88499999999999,1.2199999999999989,1.25,0.030000000000001137,8.105408628083485,25.55832682316862,1.4852609198386464,24.083866383950905
2025-08-03 08:46:29,668.2,678.01,38.92,44.85,673.105,1346.21,9.809999999999945,0.014574249166810075,83.77000000000001,5.93,11.770000000000095,15.68999999999994,13.730000000000018,3.9199999999998454,0.2855061700286723,-1.949999999999818,4.899999999999864,1.4750000000000227,1.2100000000000009,1.2100000000000009,0.0,8.035155687774195,31.05614580883935,2.1264406880982745,18.447211984470687
2025-08-03 08:46:30,681.94,690.77,40.1,46.09,686.355,1372.71,8.829999999999927,0.012865062521777892,86.19,5.990000000000002,13.740000000000009,12.759999999999991,13.25,0.9800000000000182,0.07396225856888752,1.9699999999999136,-2.92999999999995,-0.4800000000000182,1.1799999999999997,1.240000000000002,0.060000000000002274,7.963278710253177,31.188369747389444,2.1264406880982665,15.93140860062287
2025-08-03 08:46:31,654.47,662.32,40.54,46.6,658.395,1316.79,7.850000000000023,0.01192293378302856,87.14,6.060000000000002,-27.470000000000027,-28.449999999999932,-27.960000000000036,0.9799999999999045,0.035050070277175716,-41.210000000000036,-41.20999999999992,-41.210000000000036,0.4399999999999977,0.509999999999998,0.07000000000000028,7.555600096906127,15.137731005664893,1.4852609198386053,25.00584521666886
2025-08-03 08:46:32,655.45,661.34,40.54,46.6,658.395,1316.79,5.889999999999986,0.008945997449941128,87.14,6.060000000000002,0.9800000000000182,-0.9800000000000182,0.0,1.9600000000000364,1960000.0000000366,28.450000000000045,27.469999999999914,27.960000000000036,0.0,0.0,0.0,7.555600096906127,12.43022123696382,1.7530772943597919,17.822716543782008
2025-08-03 08:46:33,654.47,659.38,40.54,46.6,656.925,1313.85,4.909999999999968,0.007474216984474257,87.14,6.060000000000002,-0.9800000000000182,-1.9600000000000364,-1.4700000000000273,0.9800000000000182,0.666666213152236,-1.9600000000000364,-0.9800000000000182,-1.4700000000000273,0.0,0.0,0.0,7.538730691545436,12.853196100576191,2.0321712526261084,16.93219861683653
2025-08-03 08:46:34,696.66,697.64,41.24,47.24,697.15,1394.3,0.9800000000000182,0.0014057232999989885,88.48,6.0,42.18999999999994,38.25999999999999,40.22500000000002,3.92999999999995,0.09770043262397801,43.16999999999996,40.22000000000003,41.69500000000005,0.7000000000000028,0.6400000000000006,0.060000000000002274,7.879181646935107,18.937334289700413,3.056046465615322,24.808784835215153
2025-08-03 08:46:35,707.46,715.31,42.42,48.45,711.385,1422.77,7.849999999999909,0.011034812357535086,90.87,6.030000000000001,10.800000000000068,17.66999999999996,14.235000000000014,6.869999999999891,0.4826132432305333,-31.389999999999873,-20.590000000000032,-25.99000000000001,1.1799999999999997,1.2100000000000009,0.030000000000001137,7.8286012124067215,25.894670783770533,2.8273450443834953,24.8963258835516
2025-08-03 08:46:36,718.26,727.1,43.64,49.7,722.6800000000001,1445.3600000000001,8.840000000000032,0.012232246620589728,93.34,6.060000000000002,10.799999999999955,11.790000000000077,11.295000000000073,0.9900000000001228,0.08764939463043132,-1.1368683772161603e-13,-5.879999999999882,-2.939999999999941,1.2199999999999989,1.25,0.030000000000001137,7.7424468851248465,30.277275017739818,3.0586156999531577,16.762394891542222
2025-08-03 08:46:37,735.94,743.8,44.81,50.91,739.87,1479.74,7.8599999999999,0.010623487895679528,95.72,6.099999999999994,17.680000000000064,16.699999999999932,17.18999999999994,0.9800000000001319,0.057009886154173885,6.880000000000109,4.9099999999998545,5.894999999999868,1.1700000000000017,1.2099999999999937,0.03999999999999204,7.72952352977932,31.38583928302447,3.2131557696445205,15.15160676298064
2025-08-03 08:46:38,746.75,756.58,45.96,52.12,751.665,1503.33,9.830000000000041,0.013077634301081475,98.08,6.159999999999997,10.809999999999945,12.780000000000086,11.794999999999959,1.970000000000141,0.1670199095362644,-6.870000000000118,-3.9199999999998454,-5.394999999999982,1.1499999999999986,1.2100000000000009,0.060000000000002274,7.663794783199482,21.780150079827987,3.5025376514749955,12.121751936085827
2025-08-03 08:46:39,759.53,731.03,47.14,52.59,745.28,1490.56,28.5,0.038240661176684385,99.73,5.450000000000003,12.779999999999973,-25.550000000000068,-6.384999999999991,38.33000000000004,6.0031314012323715,1.9700000000000273,-38.330000000000155,-18.17999999999995,1.1799999999999997,0.47000000000000597,0.7099999999999937,7.47297696307052,16.682125688887087,8.93934729160918,9.250665111223089
2025-08-03 08:46:40,734.96,727.1,47.54,52.59,731.03,1462.06,7.860000000000014,0.010751952709530473,100.13,5.050000000000004,-24.569999999999936,-3.92999999999995,-14.25,20.639999999999986,1.4484209509880026,-37.34999999999991,21.62000000000012,-7.865000000000009,0.3999999999999986,0.0,0.3999999999999986,7.300808875453821,11.472311231823552,8.9380266278413,13.498524641604357
2025-08-03 08:46:41,732.01,726.12,47.54,52.59,729.065,1458.13,5.889999999999986,0.008078840695851736,100.13,5.050000000000004,-2.9500000000000455,-0.9800000000000182,-1.9649999999999181,1.9700000000000273,1.0025440190616235,21.61999999999989,2.949999999999932,12.285000000000082,0.0,0.0,0.0,7.281184387484427,9.514371103747466,9.335007766467053,12.98226126296954
2025-08-03 08:46:42,731.03,763.46,47.54,53.27,747.245,1494.49,32.430000000000064,0.043399420480030836,100.81,5.730000000000004,-0.9800000000000182,37.34000000000003,18.17999999999995,38.32000000000005,2.1078106651369355,1.9700000000000273,38.32000000000005,20.144999999999868,0.0,0.6799999999999997,0.6799999999999997,7.412409409657679,10.158783514763178,12.536621155638404,13.289547114179609
2025-08-03 08:46:43,770.34,780.17,48.25,54.45,775.255,1550.51,9.829999999999927,0.01267969892141325,102.7,6.200000000000003,39.31000000000006,16.709999999999923,28.00999999999999,22.600000000000136,0.8068546659459293,40.29000000000008,-20.63000000000011,9.830000000000041,0.7100000000000009,1.1799999999999997,0.46999999999999886,7.548734103712423,18.49267050752331,12.53662115563842,17.68803854303805
2025-08-03 08:46:44,784.11,793.94,49.43,55.66,789.0250000000001,1578.0500000000002,9.830000000000041,0.012458413849423816,105.09,6.229999999999997,13.769999999999982,13.770000000000095,13.770000000000095,1.1368683772161603e-13,8.256124144189623e-15,-25.540000000000077,-2.939999999999827,-14.239999999999895,1.1799999999999997,1.2099999999999937,0.02999999999999403,7.508088233817793,26.800214178245305,10.890974244758855,16.799435407179608
2025-08-03 08:46:45,801.81,807.72,50.57,56.84,804.765,1609.53,5.910000000000082,0.007343758727897365,107.41,6.270000000000003,17.699999999999932,13.779999999999973,15.739999999999895,3.919999999999959,0.2490469981545735,3.92999999999995,0.009999999999877218,1.9699999999998,1.1400000000000006,1.1800000000000068,0.04000000000000625,7.492458732962865,30.7706025290343,11.160157704978925,10.827328617900147
2025-08-03 08:46:46,810.67,820.51,51.72,58.05,815.5899999999999,1631.1799999999998,9.840000000000032,0.012064885528188364,109.77,6.329999999999998,8.860000000000014,12.789999999999964,10.824999999999932,3.92999999999995,0.36304846530729884,-8.839999999999918,-0.9900000000000091,-4.914999999999964,1.1499999999999986,1.2099999999999937,0.05999999999999517,7.429989911360209,26.70927797601053,10.680160111159397,6.563126160603686
2025-08-03 08:46:47,824.45,833.31,52.9,59.23,828.88,1657.76,8.8599999999999,0.010689122658660816,112.13,6.329999999999998,13.780000000000086,12.799999999999955,13.290000000000077,0.9800000000001319,0.07373964832659728,4.920000000000073,0.009999999999990905,2.4650000000001455,1.1799999999999997,1.1799999999999997,0.0,7.39213406410297,21.189869808467265,1.6988613833976887,6.761484304500037
2025-08-03 08:46:48,837.25,806.73,54.04,59.74,821.99,1643.98,30.519999999999982,0.03712940542204963,113.78,5.700000000000003,12.799999999999955,-26.579999999999927,-6.889999999999986,39.37999999999988,5.71552892372584,-0.9800000000001319,-39.37999999999988,-20.180000000000064,1.1400000000000006,0.5100000000000051,0.6299999999999955,7.224380319701351,15.634944435455711,9.929656086693017,9.24398831673863
2025-08-03 08:46:49,808.7,801.81,54.45,59.74,805.255,1610.51,6.8900000000001,0.00855629582112971,114.19,5.289999999999999,-28.549999999999955,-4.920000000000073,-16.735000000000014,23.62999999999988,1.4120106715260943,-41.34999999999991,21.659999999999854,-9.845000000000027,0.4100000000000037,0.0,0.4100000000000037,7.051887143778902,10.501723310951743,10.245727402190605,14.286375240067018
2025-08-03 08:46:50,808.7,802.8,54.45,59.74,805.75,1611.5,5.900000000000091,0.007322370453214671,114.19,5.289999999999999,0.0,0.9900000000000091,0.49500000000000455,0.9900000000000091,1.9999959596041221,28.549999999999955,5.910000000000082,17.230000000000018,0.0,0.0,0.0,7.056222024203328,10.261272825521553,10.247312818490485,12.463827963350612
2025-08-03 08:46:51,805.75,847.1,54.45,60.38,826.425,1652.85,41.35000000000002,0.05003478833525757,114.83000000000001,5.93,-2.9500000000000455,44.30000000000007,20.674999999999955,47.250000000000114,2.2853686923642815,-2.9500000000000455,43.31000000000006,20.17999999999995,0.0,0.6400000000000006,0.6400000000000006,7.196943244823275,11.370956973790104,16.224029400860918,15.069651870564247
2025-08-03 08:46:52,845.13,858.92,55.12,61.55,852.025,1704.05,13.789999999999964,0.016184971079269965,116.66999999999999,6.43,39.379999999999995,11.819999999999936,25.600000000000023,27.56000000000006,1.0765624579467803,42.33000000000004,-32.48000000000013,4.925000000000068,0.6699999999999946,1.1699999999999946,0.5,7.302862712755099,19.138451282686983,15.614565315755641,18.051695003516993
2025-08-03 08:46:53,861.87,866.8,56.27,62.73,864.335,1728.67,4.92999999999995,0.005703806966391669,119.0,6.459999999999994,16.74000000000001,7.8799999999999955,12.31000000000006,8.860000000000014,0.7197399902729473,-22.639999999999986,-3.939999999999941,-13.289999999999964,1.1500000000000057,1.1799999999999997,0.02999999999999403,7.263319266694796,26.80614752253259,15.369268687871905,17.00027330662659
2025-08-03 08:46:54,873.7,882.57,57.38,63.91,878.135,1756.27,8.870000000000005,0.010100952575514075,121.28999999999999,6.529999999999994,11.830000000000041,15.770000000000095,13.799999999999955,3.9400000000000546,0.2855072256878871,-4.909999999999968,7.8900000000001,1.4899999999998954,1.1099999999999994,1.1799999999999997,0.07000000000000028,7.239962014675885,29.18114296938648,15.14573603361686,9.52283925623027
2025-08-03 08:46:55,880.6,897.36,58.52,65.09,888.98,1777.96,16.75999999999999,0.018853067539367503,123.61000000000001,6.57,6.899999999999977,14.789999999999964,10.845000000000027,7.889999999999986,0.7275241376187948,-4.930000000000064,-0.9800000000001319,-2.9549999999999272,1.1400000000000006,1.1800000000000068,0.04000000000000625,7.191812901935013,24.283688455417273,14.273822193091824,6.264167342911607
2025-08-03 08:46:56,894.4,868.77,59.63,65.56,881.585,1763.17,25.629999999999995,0.029072636184743796,125.19,5.93,13.799999999999955,-28.590000000000032,-7.394999999999982,42.389999999999986,5.732250746145956,6.899999999999977,-43.379999999999995,-18.24000000000001,1.1099999999999994,0.46999999999999886,0.6400000000000006,7.041976139931496,14.751804804828407,7.929380808108553,11.843891146916219
2025-08-03 08:46:57,870.74,865.82,60.07,65.56,868.28,1736.56,4.919999999999959,0.005666374895579288,125.63,5.490000000000002,-23.659999999999968,-2.949999999999932,-13.305000000000064,20.710000000000036,1.5565575680903698,-37.45999999999992,25.6400000000001,-5.910000000000082,0.4399999999999977,0.0,0.4399999999999977,6.9114064561696535,9.994443831437348,8.917626926486683,12.633825331228897
2025-08-03 08:46:58,865.82,864.83,60.07,65.56,865.325,1730.65,0.9900000000000091,0.0011440788129961925,125.63,5.490000000000002,-4.919999999999959,-0.9900000000000091,-2.9549999999999272,3.92999999999995,1.329948788511424,18.74000000000001,1.9599999999999227,10.350000000000136,0.0,0.0,0.0,6.88788500447437,9.704667304949497,9.84855471630229,11.707893491145215
2025-08-03 08:46:59,864.83,906.23,60.07,66.17,885.53,1771.06,41.39999999999998,0.0467516627931841,126.24000000000001,6.100000000000001,-0.9900000000000091,41.39999999999998,20.204999999999927,42.389999999999986,2.097995441821564,3.92999999999995,42.389999999999986,23.159999999999854,0.0,0.6099999999999994,0.6099999999999994,7.014654570542977,10.550231632516613,16.33801548536419,13.741905981340437
2025-08-03 08:47:00,908.21,919.06,60.71,67.35,913.635,1827.27,10.849999999999909,0.01187563960238418,128.06,6.6399999999999935,43.379999999999995,12.829999999999927,28.105000000000018,30.550000000000068,1.0869951579080195,44.370000000000005,-28.57000000000005,7.900000000000091,0.6400000000000006,1.1799999999999926,0.539999999999992,7.1344291181131565,19.208768635697304,16.655427643864336,18.145249516057923
2025-08-03 08:47:01,920.04,932.87,61.82,68.49,926.4549999999999,1852.9099999999999,12.830000000000041,0.013848486959594966,130.31,6.669999999999995,11.829999999999927,13.81000000000006,12.819999999999936,1.9800000000001319,0.15444616579984213,-31.550000000000068,0.9800000000001319,-15.285000000000082,1.1099999999999994,1.1400000000000006,0.030000000000001137,7.109623151641292,27.2541512892942,15.918243307601504,16.923187642994456
2025-08-03 08:47:02,927.94,942.74,62.94,69.67,935.34,1870.68,14.799999999999955,0.015823123125469702,132.61,6.730000000000004,7.900000000000091,9.870000000000005,8.885000000000105,1.9699999999999136,0.22172197842182467,-3.9299999999998363,-3.9400000000000546,-3.9349999999998317,1.1199999999999974,1.1800000000000068,0.06000000000000938,7.053314176507698,29.190118747612527,15.069174828105218,11.734052795176927
2025-08-03 08:47:03,930.9,950.64,63.81,70.78,940.77,1881.54,19.74000000000001,0.02098281192960787,134.59,6.969999999999999,2.9599999999999227,7.899999999999977,5.42999999999995,4.940000000000055,0.9097604217752631,-4.940000000000168,-1.9700000000000273,-3.4550000000001546,0.8700000000000045,1.1099999999999994,0.23999999999999488,6.989895185452893,22.002676371289482,12.451607526741284,9.117619892274535
2025-08-03 08:47:04,939.78,927.94,64.45,71.26,933.86,1867.72,11.839999999999918,0.01267855994187711,135.71,6.810000000000002,8.879999999999995,-22.699999999999932,-6.909999999999968,31.579999999999927,4.5701874717529085,5.920000000000073,-30.59999999999991,-12.339999999999918,0.6400000000000006,0.480000000000004,0.1599999999999966,6.8812909374306175,10.48555709057396,3.5193706823806314,12.681303856465243
2025-08-03 08:47:05,944.71,925.96,65.13,71.26,935.335,1870.67,18.75,0.020046293552527922,136.39,6.13000000000001,4.930000000000064,-1.9800000000000182,1.4750000000000227,6.910000000000082,4.684742586615179,-3.949999999999932,20.719999999999914,8.384999999999991,0.6799999999999926,0.0,0.6799999999999926,6.857797442203994,5.141445078932503,3.5182481436078707,7.558542352861436
2025-08-03 08:47:06,924.98,920.04,65.43,71.26,922.51,1845.02,4.940000000000055,0.0053549554960326705,136.69,5.829999999999998,-19.730000000000018,-5.920000000000073,-12.825000000000045,13.809999999999945,1.0768030349471238,-24.660000000000082,-3.9400000000000546,-14.300000000000068,0.30000000000001137,0.0,0.30000000000001137,6.748920866567262,6.717432173061383,5.977004266352831,8.940356117068319
2025-08-03 08:47:07,918.07,956.56,65.43,71.63,937.315,1874.63,38.489999999999895,0.0410641032725773,137.06,6.199999999999989,-6.909999999999968,36.51999999999998,14.805000000000064,43.42999999999995,2.933468224689736,12.82000000000005,42.440000000000055,27.63000000000011,0.0,0.36999999999999034,0.36999999999999034,6.838720218599736,6.90353586937011,12.541051391330752,10.750548241834036
2025-08-03 08:47:08,915.11,959.52,65.43,72.37,937.315,1874.63,44.40999999999997,0.04738001627267242,137.8,6.939999999999998,-2.9600000000000364,2.9600000000000364,0.0,5.920000000000073,5920000.000000073,3.949999999999932,-33.559999999999945,-14.805000000000064,0.0,0.7400000000000091,0.7400000000000091,6.801995596502209,6.186960683540901,17.06419438473434,10.382737716999358
2025-08-03 08:47:09,953.6,964.46,65.8,73.01,959.03,1918.06,10.860000000000014,0.01132394188782006,138.81,7.210000000000008,38.49000000000001,4.940000000000055,21.714999999999918,33.549999999999955,1.5450148954632827,41.450000000000045,1.9800000000000182,21.714999999999918,0.36999999999999034,0.6400000000000006,0.27000000000001023,6.908940228305307,13.131914083623686,17.23900664191526,13.515544014208247
2025-08-03 08:47:10,956.56,972.36,66.44,73.68,964.46,1928.92,15.800000000000068,0.016382224232853456,140.12,7.240000000000009,2.9599999999999227,7.899999999999977,5.430000000000064,4.940000000000055,0.909760421775244,-35.530000000000086,2.9599999999999227,-16.284999999999854,0.6400000000000006,0.6700000000000017,0.030000000000001137,6.883100150705823,17.28895362651158,17.490435957974235,13.370131356871571
2025-08-03 08:47:11,964.46,976.31,67.04,74.32,970.385,1940.77,11.849999999999909,0.012211647941578096,141.36,7.279999999999987,7.900000000000091,3.949999999999932,5.9249999999999545,3.950000000000159,0.6666665541491368,4.940000000000168,-3.9500000000000455,0.49499999999989086,0.6000000000000085,0.6399999999999864,0.03999999999997783,6.8646363407991196,15.487996723258213,15.918956310009749,8.615634770578428
2025-08-03 08:47:12,973.35,985.21,67.65,74.99,979.28,1958.56,11.860000000000014,0.01211093863643603,142.64,7.339999999999989,8.889999999999986,8.900000000000091,8.894999999999982,0.010000000000104592,0.0011242269674960816,0.9899999999998954,4.950000000000159,2.9700000000000273,0.6099999999999994,0.6700000000000017,0.060000000000002274,6.8653953528786085,15.75661900598118,14.35496534304419,8.109262142759956
2025-08-03 08:47:13,975.33,990.15,68.26,75.63,982.74,1965.48,14.819999999999936,0.015080285716384445,143.89,7.36999999999999,1.9800000000000182,4.939999999999941,3.4600000000000364,2.9599999999999227,0.8554910822279795,-6.909999999999968,-3.96000000000015,-5.434999999999945,0.6099999999999994,0.6400000000000006,0.030000000000001137,6.829800494615329,9.907781285415858,2.1416629053145058,7.323562145568214
2025-08-03 08:47:14,987.18,998.05,68.83,76.27,992.615,1985.23,10.870000000000005,0.010950872180099165,145.1,7.439999999999998,11.849999999999909,7.899999999999977,9.875,3.949999999999932,0.3999999594936681,9.86999999999989,2.9600000000000364,6.414999999999964,0.5699999999999932,0.6400000000000006,0.07000000000000739,6.840902778491366,10.94269128229559,2.1391236523399435,2.627181474508426
2025-08-03 08:47:15,990.15,1004.97,69.44,76.91,997.56,1995.12,14.82000000000005,0.014856249233272988,146.35,7.469999999999999,2.9700000000000273,6.920000000000073,4.944999999999936,3.9500000000000455,0.7987864916508806,-8.879999999999882,-0.9799999999999045,-4.930000000000064,0.6099999999999994,0.6400000000000006,0.030000000000001137,6.8162623381191505,10.793456003505964,1.8481152561461427,2.6946660275441117
2025-08-03 08:47:16,999.04,1012.88,70.04,77.59,1005.96,2011.92,13.840000000000032,0.013758002292578262,147.63,7.549999999999997,8.889999999999986,7.909999999999968,8.400000000000091,0.9800000000000182,0.11666665277778035,5.919999999999959,0.9899999999998954,3.4550000000001546,0.6000000000000085,0.6800000000000068,0.0799999999999983,6.814062136326885,10.874725513759419,1.7940234112185058,2.7615733740026562
2025-08-03 08:47:17,1002.0,1012.88,70.65,78.23,1007.44,2014.88,10.879999999999995,0.010799650588819527,148.88,7.579999999999998,2.9600000000000364,0.0,1.4800000000000182,2.9600000000000364,1.9999986486495618,-5.92999999999995,-7.909999999999968,-6.920000000000073,0.6099999999999994,0.6400000000000006,0.030000000000001137,6.766792001835089,10.146659302430644,2.0218259074411185,3.46747494583601
2025-08-03 08:47:18,1012.88,1017.82,71.22,78.87,1015.35,2030.7,4.940000000000055,0.004865317373452245,150.09,7.650000000000006,10.879999999999995,4.940000000000055,7.909999999999968,5.939999999999941,0.7509480719408208,7.919999999999959,4.940000000000055,6.42999999999995,0.5699999999999932,0.6400000000000006,0.07000000000000739,6.76494099030621,8.879166627538451,3.8531934807377746,3.3393386321246963
2025-08-03 08:47:19,1018.81,1023.75,71.83,79.51,1021.28,2042.56,4.940000000000055,0.004837067205039742,151.34,7.680000000000007,5.92999999999995,5.92999999999995,5.92999999999995,0.0,0.0,-4.9500000000000455,0.9899999999998954,-1.9800000000000182,0.6099999999999994,0.6400000000000006,0.030000000000001137,6.748248931226054,9.114933899902045,4.7405780238279,2.76586243331089
2025-08-03 08:47:20,1019.8,1028.7,72.4,80.15,1024.25,2048.5,8.900000000000091,0.008689284834084262,152.55,7.75,0.9900000000000091,4.9500000000000455,2.9700000000000273,3.9600000000000364,1.333332884399702,-4.939999999999941,-0.9799999999999045,-2.9599999999999227,0.5700000000000074,0.6400000000000006,0.06999999999999318,6.714192024161311,8.122421436959259,3.8563972824386252,3.0345131405219496
2025-08-03 08:47:21,1029.69,1035.62,73.01,80.79,1032.655,2065.31,5.929999999999836,0.005742479331681304,153.8,7.780000000000001,9.8900000000001,6.919999999999845,8.404999999999973,2.9700000000002547,0.35336105254482,8.900000000000091,1.9699999999998,5.434999999999945,0.6099999999999994,0.6400000000000006,0.030000000000001137,6.7142717378785965,9.474121331266952,2.6564487572697875,3.035775024602483
2025-08-03 08:47:22,1037.6,1049.47,73.58,81.43,1043.5349999999999,2087.0699999999997,11.870000000000118,0.011374798151116465,155.01,7.8500000000000085,7.9099999999998545,13.850000000000136,10.879999999999882,5.940000000000282,0.5459558321732091,-1.9800000000002456,6.930000000000291,2.474999999999909,0.5699999999999932,0.6400000000000006,0.07000000000000739,6.732049501760857,10.96051629712557,3.0190942350315053,2.9581463790691798
2025-08-03 08:47:23,1044.53,1053.43,74.19,82.07,1048.98,2097.96,8.900000000000091,0.008484432488241584,156.26,7.8799999999999955,6.930000000000064,3.9600000000000364,5.445000000000164,2.9700000000000273,0.5454544452792457,-0.9799999999997908,-9.8900000000001,-5.434999999999718,0.6099999999999994,0.6399999999999864,0.029999999999986926,6.713042322327901,11.977985535954927,2.7471385112513937,3.0189762337587167
2025-08-03 08:47:24,1050.46,1060.36,74.76,82.67,1055.4099999999999,2110.8199999999997,9.899999999999864,0.009380240845377268,157.43,7.909999999999997,5.930000000000064,6.929999999999836,6.429999999999836,0.9999999999997726,0.1555209711475625,-1.0,2.9699999999998,0.9849999999996726,0.5700000000000074,0.6000000000000085,0.030000000000001137,6.703995383954802,12.529469960837707,2.1471958457487017,2.994197304788042
2025-08-03 08:47:25,1057.39,1065.31,75.33,83.31,1061.35,2122.7,7.919999999999845,0.007462194368057334,158.64,7.980000000000004,6.930000000000064,4.9500000000000455,5.940000000000055,1.9800000000000182,0.33333327721662,1.0,-1.9799999999997908,-0.4899999999997817,0.5699999999999932,0.6400000000000006,0.07000000000000739,6.690305051120115,11.053859846204137,2.213714073678116,2.236791787359751
2025-08-03 08:47:26,1064.32,1071.25,75.94,83.95,1067.7849999999999,2135.5699999999997,6.930000000000064,0.0064900705605622794,159.89,8.010000000000005,6.929999999999836,5.940000000000055,6.434999999999945,0.9899999999997817,0.15384612993840874,-2.2737367544323206e-13,0.9900000000000091,0.49499999999989086,0.6099999999999994,0.6400000000000006,0.030000000000001137,6.678247503419554,9.627885671294335,1.9009287203891296,2.1929871180652305
2025-08-03 08:47:27,1069.27,1079.17,76.54,84.59,1074.22,2148.44,9.900000000000091,0.009215989267360596,161.13,8.049999999999997,4.9500000000000455,7.920000000000073,6.435000000000173,2.9700000000000273,0.46153838981531586,-1.9799999999997908,1.9800000000000182,2.2737367544323206e-13,0.6000000000000085,0.6400000000000006,0.03999999999999204,6.666790748670076,9.939172752272034,1.2904262861551294,0.4419077958129953
2025-08-03 08:47:28,1077.19,1078.18,77.12,85.2,1077.685,2155.37,0.9900000000000091,0.0009186357786193306,162.32,8.079999999999998,7.920000000000073,-0.9900000000000091,3.464999999999918,8.910000000000082,2.571427829313842,2.9700000000000273,-8.910000000000082,-2.9700000000002547,0.5799999999999983,0.6099999999999994,0.030000000000001137,6.639261910798042,9.120635257453316,3.664337593617704,1.2901327451082123
2025-08-03 08:47:29,1083.13,1091.05,77.69,85.84,1087.0900000000001,2174.1800000000003,7.919999999999845,0.007285505333242269,163.53,8.150000000000006,5.940000000000055,12.86999999999989,9.4050000000002,6.929999999999836,0.7368420269173485,-1.9800000000000182,13.8599999999999,5.940000000000282,0.5699999999999932,0.6400000000000006,0.07000000000000739,6.647648708813988,9.784235662507934,3.386321012544453,2.1117421717626392
2025-08-03 08:47:30,1089.07,1095.01,78.26,86.45,1092.04,2184.08,5.940000000000055,0.0054393611905797345,164.71,8.189999999999998,5.939999999999827,3.9600000000000364,4.949999999999818,1.9799999999997908,0.39999991919190797,-2.2737367544323206e-13,-8.909999999999854,-4.455000000000382,0.5700000000000074,0.6099999999999994,0.03999999999999204,6.630077064962193,9.78423566250738,3.327931790166405,2.2026109506676232
2025-08-03 08:47:31,1091.05,1098.97,78.83,87.09,1095.01,2190.02,7.920000000000073,0.007232810652658205,165.92000000000002,8.260000000000005,1.9800000000000182,3.9600000000000364,2.9700000000000273,1.9800000000000182,0.666666442199851,-3.959999999999809,0.0,-1.9799999999997908,0.5699999999999932,0.6400000000000006,0.07000000000000739,6.599626286164257,8.994846024222483,3.4007616793889284,2.5958018992213066
2025-08-03 08:47:32,1094.02,1087.09,79.41,87.32,1090.5549999999998,2181.1099999999997,6.930000000000064,0.0063545625792789,166.73,7.909999999999997,2.9700000000000273,-11.88000000000011,-4.455000000000155,14.850000000000136,3.333332585110446,0.9900000000000091,-15.840000000000146,-7.425000000000182,0.5799999999999983,0.22999999999998977,0.3500000000000085,6.540844439867783,6.6724090476727556,2.8863211879484383,5.006601392162294
2025-08-03 08:47:33,1107.89,1080.16,79.95,87.32,1094.025,2188.05,27.730000000000018,0.025346769931814395,167.26999999999998,7.36999999999999,13.870000000000118,-6.929999999999836,3.4700000000002547,20.799999999999955,5.994234583793615,10.900000000000091,4.950000000000273,7.925000000000409,0.5400000000000063,0.0,0.5400000000000063,6.540473446879457,3.1237305420698434,9.227939640028001,5.006651325986407
2025-08-03 08:47:34,1099.96,1082.14,80.42,87.32,1091.0500000000002,2182.1000000000004,17.819999999999936,0.01633289032002845,167.74,6.8999999999999915,-7.930000000000064,1.9800000000000182,-2.974999999999909,9.910000000000082,3.3310913172803587,-21.800000000000182,8.909999999999854,-6.445000000000164,0.46999999999999886,0.0,0.46999999999999886,6.504411550587746,1.9180960610613318,9.38537532547311,4.2108677846734395
2025-08-03 08:47:35,1106.9,1106.9,80.72,87.66,1106.9,2213.8,0.0,0.0,168.38,6.939999999999998,6.940000000000055,24.75999999999999,15.849999999999909,17.819999999999936,1.1242901498870592,14.870000000000118,22.779999999999973,18.824999999999818,0.29999999999999716,0.3400000000000034,0.04000000000000625,6.573821079856153,6.6451284787771145,10.81231473829724,8.009650897511086
2025-08-03 08:47:36,1107.89,1115.82,81.06,88.16,1111.855,2223.71,7.929999999999836,0.007132224968964128,169.22,7.099999999999994,0.9900000000000091,8.919999999999845,4.954999999999927,7.929999999999836,1.6004033097066888,-5.9500000000000455,-15.840000000000146,-10.894999999999982,0.3400000000000034,0.5,0.1599999999999966,6.570470354742523,9.834334369923022,10.811353754271488,8.058571058196364
2025-08-03 08:47:37,1115.82,1119.78,81.36,88.53,1117.8,2235.6,3.9600000000000364,0.003542673104721205,169.89,7.170000000000002,7.929999999999836,3.9600000000000364,5.944999999999936,3.9699999999998,0.6677879448632292,6.939999999999827,-4.959999999999809,0.9900000000000091,0.29999999999999716,0.37000000000000455,0.07000000000000739,6.579551435755186,11.48066603030672,11.238339290126463,6.774051040551678
2025-08-03 08:47:38,1107.89,1119.78,81.7,88.91,1113.835,2227.67,11.889999999999873,0.010674830643071048,170.61,7.209999999999994,-7.929999999999836,0.0,-3.964999999999918,7.929999999999836,1.999999495586508,-15.859999999999673,-3.9600000000000364,-9.909999999999854,0.3400000000000034,0.37999999999999545,0.03999999999999204,6.528544595694598,10.404879023776907,6.916989952284124,8.018762061565306
2025-08-03 08:47:39,1119.78,1123.74,82.03,89.31,1121.76,2243.52,3.9600000000000364,0.0035301668774692175,171.34,7.280000000000001,11.889999999999873,3.9600000000000364,7.9249999999999545,7.929999999999836,1.0006307885639234,19.81999999999971,3.9600000000000364,11.889999999999873,0.3299999999999983,0.4000000000000057,0.07000000000000739,6.5469825694701616,5.673873236108187,4.5199192470661975,7.089139228425376
2025-08-03 08:47:40,1124.73,1129.69,82.34,89.68,1127.21,2254.42,4.960000000000036,0.004400244848430897,172.02,7.340000000000003,4.9500000000000455,5.9500000000000455,5.4500000000000455,1.0,0.18348620486491501,-6.939999999999827,1.990000000000009,-2.474999999999909,0.3100000000000023,0.37000000000000455,0.060000000000002274,6.552784521841736,6.182629497181567,3.40454842820594,4.6266937439169125
2025-08-03 08:47:41,1126.72,1126.72,82.67,90.05,1126.72,2253.44,0.0,0.0,172.72,7.3799999999999955,1.990000000000009,-2.9700000000000273,-0.4900000000000091,4.960000000000036,10.122428321574741,-2.9600000000000364,-8.920000000000073,-5.940000000000055,0.3299999999999983,0.36999999999999034,0.03999999999999204,6.5233904207770355,5.752308232302494,4.319326336363073,4.990461651991723
2025-08-03 08:47:42,1131.67,1135.64,82.98,90.42,1133.6550000000002,2267.3100000000004,3.9700000000000273,0.003501947238355654,173.4,7.439999999999998,4.9500000000000455,8.920000000000073,6.935000000000173,3.9700000000000273,0.5724584610730306,2.9600000000000364,11.8900000000001,7.425000000000182,0.3100000000000023,0.37000000000000455,0.060000000000002274,6.5378027304624995,7.36959751271471,4.318753292328661,5.154790732900839
2025-08-03 08:47:43,1134.65,1132.66,83.28,90.79,1133.6550000000002,2267.3100000000004,1.990000000000009,0.0017553841320724775,174.07,7.510000000000005,2.980000000000018,-2.980000000000018,0.0,5.960000000000036,5960000.000000036,-1.9700000000000273,-11.900000000000091,-6.935000000000173,0.29999999999999716,0.37000000000000455,0.07000000000000739,6.512638556255309,5.083260518545706,1.9825059899027273,3.9457562646469424
2025-08-03 08:47:44,1128.7,1142.58,83.48,91.16,1135.6399999999999,2271.2799999999997,13.879999999999882,0.012222183075426806,174.64,7.679999999999993,-5.9500000000000455,9.919999999999845,1.9849999999996726,15.86999999999989,7.994958188939204,-8.930000000000064,12.899999999999864,1.9849999999996726,0.20000000000000284,0.36999999999999034,0.1699999999999875,6.502748473987927,4.1110603862508155,5.337813222659591,3.295685437052653
2025-08-03 08:47:45,1131.67,1142.58,83.58,91.53,1137.125,2274.25,10.909999999999854,0.009594371762475965,175.11,7.950000000000003,2.9700000000000273,0.0,1.4850000000001273,2.9700000000000273,1.9999986531994072,8.920000000000073,-9.919999999999845,-0.49999999999954525,0.09999999999999432,0.37000000000000455,0.27000000000001023,6.493775304130116,3.9886485805842953,5.9642895637283795,2.95035294498824
2025-08-03 08:47:46,1138.61,1146.54,83.72,91.9,1142.5749999999998,2285.1499999999996,7.930000000000064,0.006940463420834169,175.62,8.180000000000007,6.939999999999827,3.9600000000000364,5.449999999999818,2.979999999999791,0.5467888904974312,3.9699999999998,3.9600000000000364,3.9649999999996908,0.14000000000000057,0.37000000000000455,0.23000000000000398,6.505950310295237,3.6816911874014826,4.874933845704929,2.9011191805923064
2025-08-03 08:47:47,1137.62,1145.55,83.85,92.27,1141.585,2283.17,7.930000000000064,0.006946482297028763,176.12,8.420000000000002,-0.9900000000000091,-0.9900000000000091,-0.9899999999997817,0.0,0.0,-7.929999999999836,-4.9500000000000455,-6.4399999999996,0.12999999999999545,0.36999999999999034,0.23999999999999488,6.481858922996486,3.838288029758399,4.409605424524914,2.4622687708695956
2025-08-03 08:47:48,1140.6,1140.6,83.92,92.37,1140.6,2281.2,0.0,0.0,176.29000000000002,8.450000000000003,2.980000000000018,-4.9500000000000455,-0.9850000000001273,7.930000000000064,8.05075324796527,3.9700000000000273,-3.9600000000000364,0.004999999999654392,0.07000000000000739,0.10000000000000853,0.030000000000001137,6.470020951443524,2.9813147266573212,5.171261934963221,2.652907367398983
2025-08-03 08:47:49,1140.6,1136.63,83.99,92.44,1138.615,2277.23,3.9699999999998,0.0034866921624193492,176.43,8.450000000000003,0.0,-3.9699999999998,-1.9849999999999,3.9699999999998,1.9999989924438326,-2.980000000000018,0.9800000000002456,-0.9999999999997726,0.06999999999999318,0.06999999999999318,0.0,6.453635966368328,2.2156658140121097,4.229931441524804,3.0011726874673155
2025-08-03 08:47:50,1142.58,1131.67,84.09,92.44,1137.125,2274.25,10.909999999999854,0.009594371762475965,176.53,8.349999999999994,1.9800000000000182,-4.960000000000036,-1.490000000000009,6.940000000000055,4.657714994822159,1.9800000000000182,-0.9900000000002365,0.49499999999989086,0.10000000000000853,0.0,0.10000000000000853,6.441539645150741,2.2156658140121097,4.229931441524804,3.074619895206519
2025-08-03 08:47:51,1140.6,1134.65,84.16,92.44,1137.625,2275.25,5.949999999999818,0.005230194479524996,176.6,8.280000000000001,-1.9800000000000182,2.980000000000018,0.5,4.960000000000036,9.919980160039753,-3.9600000000000364,7.940000000000055,1.990000000000009,0.06999999999999318,0.0,0.06999999999999318,6.441817630567284,1.9193879231111368,4.112446960144285,0.930073921793495
2025-08-03 08:47:52,1139.6,1141.59,84.22,92.51,1140.5949999999998,2281.1899999999996,1.990000000000009,0.0017447034208069524,176.73000000000002,8.290000000000006,-1.0,6.939999999999827,2.9699999999998,7.939999999999827,2.6733997732661914,0.9800000000000182,3.959999999999809,2.4699999999998,0.060000000000002274,0.07000000000000739,0.010000000000005116,6.453884419997257,1.6294001962026108,4.183333598937525,2.0003393462110446
2025-08-03 08:47:53,1140.6,1143.57,84.29,92.71,1142.085,2284.17,2.9700000000000273,0.002600506965242972,177.0,8.419999999999987,1.0,1.9800000000000182,1.4900000000002365,0.9800000000000182,0.6577176793840157,2.0,-4.959999999999809,-1.4799999999995634,0.07000000000000739,0.19999999999998863,0.12999999999998124,6.452457590664082,2.0855047349225364,3.5336836304343517,2.062176035162892
2025-08-03 08:47:54,1141.59,1145.55,84.39,92.81,1143.57,2287.14,3.9600000000000364,0.0034628400504885543,177.2,8.420000000000002,0.9900000000000091,1.9800000000000182,1.4849999999999,0.9900000000000091,0.6666662177332378,-0.009999999999990905,0.0,-0.005000000000336513,0.09999999999999432,0.10000000000000853,1.4210854715202004e-14,6.453555268320795,2.7907167536999,3.5345268424499987,1.6436179604762857
2025-08-03 08:47:55,1141.59,1151.5,84.46,92.98,1146.545,2293.09,9.910000000000082,0.008643358953514011,177.44,8.52000000000001,0.0,5.9500000000000455,2.9750000000001364,5.9500000000000455,1.9999993277312418,-0.9900000000000091,3.9700000000000273,1.4900000000002365,0.06999999999999318,0.1700000000000017,0.10000000000000853,6.461592614621322,3.3244743944533726,3.1330304818179107,1.0723304061716774
2025-08-03 08:47:56,1140.6,1143.57,84.53,93.08,1142.085,2284.17,2.9700000000000273,0.002600506965242972,177.61,8.549999999999997,-0.9900000000000091,-7.930000000000064,-4.460000000000036,6.940000000000055,1.5560534627682814,-0.9900000000000091,-13.88000000000011,-7.435000000000173,0.07000000000000739,0.09999999999999432,0.029999999999986926,6.430296681322579,2.2554112705609772,3.179764142196759,3.0826177998578497
2025-08-03 08:47:57,1145.55,1140.6,84.59,93.08,1143.0749999999998,2286.1499999999996,4.9500000000000455,0.004330424509038883,177.67000000000002,8.489999999999995,4.9500000000000455,-2.9700000000000273,0.9899999999997817,7.920000000000073,7.999991919201919,5.940000000000055,4.960000000000036,5.449999999999818,0.060000000000002274,0.0,0.060000000000002274,6.433697267779042,1.8342627945231769,2.8906089323878192,2.8686917750083665
2025-08-03 08:47:58,1144.56,1135.64,84.66,93.08,1140.1,2280.2,8.919999999999845,0.007823875091812973,177.74,8.420000000000002,-0.9900000000000091,-4.959999999999809,-2.974999999999909,3.9699999999998,1.3344533329568364,-5.940000000000055,-1.9899999999997817,-3.9649999999996908,0.06999999999999318,0.0,0.06999999999999318,6.414425529343841,2.351417125771832,3.0886356211116817,3.1618874900920053
2025-08-03 08:47:59,1148.53,1150.51,84.76,93.15,1149.52,2299.04,1.9800000000000182,0.0017224580679566775,177.91000000000003,8.39,3.9700000000000273,14.86999999999989,9.420000000000073,10.899999999999864,1.1571124037035432,4.960000000000036,19.8299999999997,12.394999999999982,0.10000000000000853,0.07000000000000739,0.030000000000001137,6.4612444131232385,3.752637405794767,3.5332605338412213,5.482445850165848
2025-08-03 08:48:00,1148.53,1152.49,84.83,93.28,1150.51,2301.02,3.9600000000000364,0.0034419518270663307,178.11,8.450000000000003,0.0,1.9800000000000182,0.9900000000000091,1.9800000000000182,1.9999979798000203,-3.9700000000000273,-12.889999999999873,-8.430000000000064,0.06999999999999318,0.12999999999999545,0.060000000000002274,6.459547434397016,4.6633284786049245,2.6789046268950556,5.3919982381303315
2025-08-03 08:48:01,1148.53,1147.54,84.93,93.32,1148.0349999999999,2296.0699999999997,0.9900000000000091,0.0008623430462813992,178.25,8.389999999999986,0.0,-4.9500000000000455,-2.4750000000001364,4.9500000000000455,1.9999991919194264,0.0,-6.930000000000064,-3.4650000000001455,0.10000000000000853,0.03999999999999204,0.060000000000016485,6.440589024176218,4.470174213536252,3.0871912801120267,4.964684028213756
2025-08-03 08:48:02,1147.54,1144.56,85.03,93.32,1146.05,2292.1,2.980000000000018,0.0026002355895465143,178.35,8.289999999999992,-0.9900000000000091,-2.980000000000018,-1.9849999999999,1.990000000000009,1.0025183866406664,-0.9900000000000091,1.9700000000000273,0.49000000000023647,0.09999999999999432,0.0,0.09999999999999432,6.425848015554539,4.127074629730212,3.0868722033799347,5.16872445580151
2025-08-03 08:48:03,1153.49,1138.61,85.1,93.32,1146.05,2292.1,14.88000000000011,0.01298372670216516,178.42,8.219999999999999,5.9500000000000455,-5.9500000000000455,0.0,11.900000000000091,11900000.000000091,6.940000000000055,-2.9700000000000273,1.9849999999999,0.06999999999999318,0.0,0.06999999999999318,6.423326945278966,2.0131616923037967,5.656148866499235,4.814089997081564
2025-08-03 08:48:04,1148.53,1142.58,85.2,93.32,1145.5549999999998,2291.1099999999997,5.9500000000000455,0.005193988935324849,178.51999999999998,8.11999999999999,-4.960000000000036,3.9700000000000273,-0.49500000000011823,8.930000000000064,18.0403675952128,-10.910000000000082,9.920000000000073,-0.49500000000011823,0.10000000000000853,0.0,0.10000000000000853,6.416956047406699,2.0613314870155195,5.406743012202497,1.4271238558725134
2025-08-03 08:48:05,1155.47,1140.6,85.27,93.32,1148.0349999999999,2296.0699999999997,14.870000000000118,0.01295256676586302,178.58999999999997,8.049999999999997,6.940000000000055,-1.9800000000000182,2.480000000000018,8.920000000000073,3.5967727432367997,11.900000000000091,-5.9500000000000455,2.9750000000001364,0.06999999999999318,0.0,0.06999999999999318,6.4283274179499,1.194816931317368,6.57747139864559,1.9516755621774005
2025-08-03 08:48:06,1153.49,1142.58,85.37,93.32,1148.0349999999999,2296.0699999999997,10.910000000000082,0.009503194580737423,178.69,7.949999999999989,-1.9800000000000182,1.9800000000000182,0.0,3.9600000000000364,3960000.000000037,-8.920000000000073,3.9600000000000364,-2.480000000000018,0.10000000000000853,0.0,0.10000000000000853,6.424729943339134,1.194816931317368,5.338742361268293,1.607455287092097
2025-08-03 08:48:07,1150.51,1141.59,85.44,93.32,1146.05,2292.1,8.920000000000073,0.007783255523072132,178.76,7.8799999999999955,-2.980000000000018,-0.9900000000000091,-1.9849999999999,1.990000000000009,1.0025183866406664,-1.0,-2.9700000000000273,-1.9849999999999,0.06999999999999318,0.0,0.06999999999999318,6.411109832115072,1.194816931317368,3.8669147908895436,1.607455287092097
2025-08-03 08:48:08,1155.47,1136.63,85.54,93.32,1146.0500000000002,2292.1000000000004,18.839999999999918,0.01643907332451537,178.86,7.779999999999987,4.960000000000036,-4.959999999999809,2.2737367544323206e-13,9.919999999999845,9919997.7444535,7.940000000000055,-3.9699999999998,1.9850000000001273,0.10000000000000853,0.0,0.10000000000000853,6.4075254030665025,1.194816931317331,5.055874800665034,1.607455287092097
2025-08-03 08:48:09,1155.47,1138.61,85.64,93.32,1147.04,2294.08,16.860000000000127,0.014698702735128176,178.95999999999998,7.679999999999993,0.0,1.9799999999997908,0.9899999999997817,1.9799999999997908,1.99999797980025,-4.960000000000036,6.9399999999996,0.9899999999995543,0.09999999999999432,0.0,0.09999999999999432,6.409476942280527,0.9925006294012519,4.113532545148973,1.6301595013986143
2025-08-03 08:48:10,1153.49,1144.56,85.71,93.42,1149.025,2298.05,8.930000000000064,0.007771806524860865,179.13,7.710000000000008,-1.9800000000000182,5.9500000000000455,1.9850000000001273,7.930000000000064,3.994960204050051,-1.9800000000000182,3.9700000000002547,0.9950000000003456,0.06999999999999318,0.10000000000000853,0.030000000000015348,6.4144754847626,1.2932952096723949,4.650975166564508,1.4717786858085282
2025-08-03 08:48:11,1157.45,1144.56,85.77,93.45,1151.005,2302.01,12.8900000000001,0.011198908769989,179.22,7.680000000000007,3.9600000000000364,0.0,1.9800000000000182,3.9600000000000364,1.9999989898995,5.940000000000055,-5.9500000000000455,-0.005000000000109139,0.060000000000002274,0.030000000000001137,0.030000000000001137,6.422302162580616,2.1488060636922124,4.522551271130021,1.6595760000675606
2025-08-03 08:48:12,1158.45,1146.54,85.87,93.45,1152.495,2304.99,11.910000000000082,0.010334101223576659,179.32,7.579999999999998,1.0,1.9800000000000182,1.4899999999997817,0.9800000000000182,0.6577176793842164,-2.9600000000000364,1.9800000000000182,-0.49000000000023647,0.10000000000000853,0.0,0.10000000000000853,6.4270298548570715,2.6788117700497716,3.963752010406274,0.8296414888373748
2025-08-03 08:48:13,1152.49,1143.57,85.91,93.45,1148.03,2296.06,8.920000000000073,0.007769831792052682,179.36,7.540000000000006,-5.960000000000036,-2.9700000000000273,-4.464999999999918,2.990000000000009,0.6696527055649178,-6.960000000000036,-4.9500000000000455,-5.9549999999997,0.03999999999999204,0.0,0.03999999999999204,6.400702462083505,2.217620909749144,3.2894938820432937,2.748316302757038
2025-08-03 08:48:14,1149.52,1155.47,85.91,93.49,1152.495,2304.99,5.9500000000000455,0.0051627121981764204,179.39999999999998,7.579999999999998,-2.9700000000000273,11.900000000000091,4.464999999999918,14.870000000000118,3.3303463985787216,2.990000000000009,14.870000000000118,8.929999999999836,0.0,0.03999999999999204,0.03999999999999204,6.4241638437895,2.0267646630415226,2.7532707821789377,3.3166914990695227
2025-08-03 08:48:15,1146.54,1152.49,85.91,93.55,1149.5149999999999,2299.0299999999997,5.9500000000000455,0.005176096001203942,179.45999999999998,7.640000000000001,-2.980000000000018,-2.980000000000018,-2.980000000000018,0.0,0.0,-0.009999999999990905,-14.88000000000011,-7.444999999999936,0.0,0.060000000000002274,0.060000000000002274,6.405410640781174,1.9409971662405163,3.2455631252527297,3.702881648122164
2025-08-03 08:48:16,1148.53,1158.45,85.91,93.65,1153.49,2306.98,9.920000000000073,0.008599987855464793,179.56,7.740000000000009,1.990000000000009,5.960000000000036,3.9750000000001364,3.9700000000000273,0.9987418871089317,4.970000000000027,8.940000000000055,6.955000000000155,0.0,0.10000000000000853,0.10000000000000853,6.423980806282129,2.3176577614808407,2.5894690575483237,4.047793534754481
2025-08-03 08:48:17,1148.53,1159.44,85.91,93.79,1153.9850000000001,2307.9700000000003,10.910000000000082,0.009454195670260778,179.7,7.88000000000001,0.0,0.9900000000000091,0.49500000000011823,0.9900000000000091,1.9999959596036627,-1.990000000000009,-4.970000000000027,-3.480000000000018,0.0,0.14000000000000057,0.14000000000000057,6.421730626478963,2.6031917907353375,2.2837140801773317,4.0110622034568735
2025-08-03 08:48:18,1141.59,1151.5,85.91,93.79,1146.545,2293.09,9.910000000000082,0.008643358953514011,179.7,7.88000000000001,-6.940000000000055,-7.940000000000055,-7.440000000000055,1.0,0.13440858408486675,-6.940000000000055,-8.930000000000064,-7.935000000000173,0.0,0.0,0.0,6.380328289480645,3.1299129379828363,2.388183410042078,4.994367577581845
2025-08-03 08:48:19,1144.56,1148.53,85.91,93.79,1146.545,2293.09,3.9700000000000273,0.0034625766947982417,179.7,7.88000000000001,2.9700000000000273,-2.9700000000000273,0.0,5.940000000000055,5940000.000000055,9.910000000000082,4.970000000000027,7.440000000000055,0.0,0.0,0.0,6.380328289480645,3.611382006843828,3.006612712006697,4.277825089926075
2025-08-03 08:48:20,1147.54,1151.5,85.91,93.79,1149.52,2299.04,3.9600000000000364,0.003444916135913355,179.7,7.88000000000001,2.980000000000018,2.9700000000000273,2.974999999999909,0.009999999999990905,0.003361343407948841,0.009999999999990905,5.940000000000055,2.974999999999909,0.0,0.0,0.0,6.396883659449729,3.6112092849010176,3.4645100663730655,4.479114588844625
2025-08-03 08:48:21,1154.48,1148.53,85.91,93.79,1151.505,2303.01,5.9500000000000455,0.005167150811184401,179.7,7.88000000000001,6.940000000000055,-2.9700000000000273,1.9850000000001273,9.910000000000082,4.992440809853218,3.9600000000000364,-5.940000000000055,-0.9899999999997817,0.0,0.0,0.0,6.407929847479523,3.2220994707420707,3.2887383599186326,4.11100443930685
2025-08-03 08:48:22,1161.42,1142.58,85.97,93.79,1152.0,2304.0,18.840000000000146,0.016354166652470466,179.76,7.820000000000007,6.940000000000055,-5.9500000000000455,0.49499999999989086,12.8900000000001,26.04035143363941,0.0,-2.980000000000018,-1.4900000000002365,0.060000000000002274,0.0,0.060000000000002274,6.408544690651176,2.6149010496301752,6.255703797335733,4.111004439306838
2025-08-03 08:48:23,1161.42,1143.57,86.08,93.79,1152.495,2304.99,17.850000000000136,0.01548813659452926,179.87,7.710000000000008,0.0,0.9900000000000091,0.49499999999989086,0.9900000000000091,1.9999959596045815,-6.940000000000055,6.940000000000055,0.0,0.10999999999999943,0.0,0.10999999999999943,6.407377514830835,2.4394994362274245,7.565515844937539,1.2450301201177543
2025-08-03 08:48:24,1156.46,1153.49,86.14,93.82,1154.975,2309.95,2.9700000000000273,0.002571484229033999,179.95999999999998,7.679999999999993,-4.960000000000036,9.920000000000073,2.480000000000018,14.88000000000011,5.999997580646136,-4.960000000000036,8.930000000000064,1.9850000000001273,0.060000000000002274,0.029999999999986926,0.030000000000015348,6.417953954112281,1.9648199661420245,7.778755041778922,1.1421821220805728
2025-08-03 08:48:25,1162.41,1157.45,86.18,93.92,1159.93,2319.86,4.960000000000036,0.004276120107009833,180.10000000000002,7.739999999999995,5.9500000000000455,3.9600000000000364,4.955000000000155,1.990000000000009,0.401614449724621,10.910000000000082,-5.960000000000036,2.4750000000001364,0.04000000000000625,0.10000000000000853,0.060000000000002274,6.440477476732496,3.4800061062225836,7.598159645598464,1.8343309406976633
2025-08-03 08:48:26,1165.39,1162.41,86.24,94.03,1163.9,2327.8,2.980000000000018,0.002560357416822459,180.26999999999998,7.790000000000006,2.980000000000018,4.960000000000036,3.9700000000000273,1.9800000000000182,0.49874042852886047,-2.9700000000000273,1.0,-0.9850000000001273,0.05999999999998806,0.10999999999999943,0.05000000000001137,6.456426435588694,5.1237815624148775,8.104304411854303,2.0140860210032763
2025-08-03 08:48:27,1161.42,1161.42,86.31,94.13,1161.42,2322.84,0.0,0.0,180.44,7.819999999999993,-3.9700000000000273,-0.9900000000000091,-2.480000000000018,2.980000000000018,1.2016124187046684,-6.9500000000000455,-5.9500000000000455,-6.4500000000000455,0.07000000000000739,0.09999999999999432,0.029999999999986926,6.436599387959436,4.695936275050924,6.99102782142947,2.962746614207967
2025-08-03 08:48:28,1170.35,1162.41,86.38,94.23,1166.38,2332.76,7.939999999999827,0.006807386952101749,180.61,7.8500000000000085,8.929999999999836,0.9900000000000091,4.960000000000036,7.939999999999827,1.6008061288696855,12.899999999999864,1.9800000000000182,7.440000000000055,0.06999999999999318,0.10000000000000853,0.030000000000015348,6.458003397054408,4.314542849402882,2.9275416307885007,3.1087248189572283
2025-08-03 08:48:29,1173.33,1165.39,86.45,94.33,1169.3600000000001,2338.7200000000003,7.939999999999827,0.006790038989883173,180.78,7.8799999999999955,2.980000000000018,2.980000000000018,2.980000000000018,0.0,0.0,-5.949999999999818,1.990000000000009,-1.9800000000000182,0.07000000000000739,0.09999999999999432,0.029999999999986926,6.468414611857426,3.7891054352349425,3.394507328022666,3.1048220560928517
2025-08-03 08:48:30,1172.33,1157.45,86.51,94.36,1164.8899999999999,2329.7799999999997,14.879999999999882,0.012773738281920305,180.87,7.849999999999994,-1.0,-7.940000000000055,-4.470000000000255,6.940000000000055,1.5525723596034227,-3.980000000000018,-10.920000000000073,-7.450000000000273,0.060000000000002274,0.030000000000001137,0.030000000000001137,6.440482078617337,2.9483893907224474,5.67239984486279,4.19684047826472
2025-08-03 08:48:31,1177.3,1157.45,86.51,94.36,1167.375,2334.75,19.84999999999991,0.01700396186572091,180.87,7.849999999999994,4.970000000000027,0.0,2.4850000000001273,4.970000000000027,1.9999991951712583,5.970000000000027,7.940000000000055,6.955000000000382,0.0,0.0,0.0,6.454221228206882,2.9777088506640674,7.5704966811960075,3.9803705857622464
2025-08-03 08:48:32,1178.29,1154.48,86.51,94.36,1166.385,2332.77,23.809999999999945,0.020413499813171847,180.87,7.849999999999994,0.9900000000000091,-2.9700000000000273,-0.9900000000000091,3.9600000000000364,3.9999959596000405,-3.980000000000018,-2.9700000000000273,-3.4750000000001364,0.0,0.0,0.0,6.448747683702396,1.647007133961788,7.084718060727668,3.7312189697203886
2025-08-03 08:48:33,1168.37,1154.48,86.51,94.36,1161.425,2322.85,13.889999999999873,0.011959446359463957,180.87,7.849999999999994,-9.920000000000073,0.0,-4.960000000000036,9.920000000000073,1.9999995967742747,-10.910000000000082,2.9700000000000273,-3.9700000000000273,0.0,0.0,0.0,6.421324672851635,2.9760430943323355,6.05106023767741,3.7318835726749526
2025-08-03 08:48:34,1171.34,1154.48,86.51,94.36,1162.9099999999999,2325.8199999999997,16.8599999999999,0.014498112481190968,180.87,7.849999999999994,2.9700000000000273,0.0,1.4849999999999,2.9700000000000273,1.9999986531997134,12.8900000000001,0.0,6.444999999999936,0.0,0.0,0.0,6.4295349896083644,2.4447714615738367,4.0312491860464625,3.377223341741107
2025-08-03 08:48:35,1166.38,1154.48,86.51,94.36,1160.43,2320.86,11.900000000000091,0.010254819325375308,180.87,7.849999999999994,-4.959999999999809,0.0,-2.479999999999791,4.959999999999809,1.999999193548804,-7.929999999999836,0.0,-3.9649999999996908,0.0,0.0,0.0,6.415823484182986,3.04989139139872,4.739648721160646,3.0055877129108044
2025-08-03 08:48:36,1190.2,1160.43,86.51,94.4,1175.315,2350.63,29.769999999999982,0.02532937976174098,180.91000000000003,7.890000000000001,23.819999999999936,5.9500000000000455,14.884999999999991,17.86999999999989,1.2005373731583828,28.779999999999745,5.9500000000000455,17.36499999999978,0.0,0.04000000000000625,0.04000000000000625,6.496683397840454,6.0399054213890055,7.414986850966084,7.792493663776702
2025-08-03 08:48:37,1197.15,1165.39,86.51,94.5,1181.27,2362.54,31.75999999999999,0.0268863172459418,181.01,7.989999999999995,6.9500000000000455,4.960000000000036,5.954999999999927,1.990000000000009,0.3341729077795341,-16.86999999999989,-0.9900000000000091,-8.930000000000064,0.0,0.09999999999999432,0.09999999999999432,6.525993003005397,9.429756757165901,9.260908702713794,7.836929086064253
2025-08-03 08:48:38,1185.23,1166.38,86.51,94.6,1175.805,2351.61,18.84999999999991,0.016031569847014034,181.11,8.08999999999999,-11.920000000000073,0.9900000000000091,-5.464999999999918,12.910000000000082,2.3623051487090807,-18.87000000000012,-3.9700000000000273,-11.419999999999845,0.0,0.09999999999999432,0.09999999999999432,6.4922146403168535,9.003423931999865,8.570803346244725,7.966966486687352
2025-08-03 08:48:39,1192.18,1165.39,86.58,94.7,1178.785,2357.57,26.789999999999964,0.022726790701674323,181.28,8.120000000000005,6.9500000000000455,-0.9900000000000091,2.980000000000018,7.940000000000055,2.664428636097775,18.87000000000012,-1.9800000000000182,8.444999999999936,0.06999999999999318,0.10000000000000853,0.030000000000015348,6.502565056804032,8.129668966157174,8.277290015457925,7.929677641619444
2025-08-03 08:48:40,1188.21,1167.37,86.58,94.8,1177.79,2355.58,20.840000000000146,0.017694155989018405,181.38,8.219999999999999,-3.9700000000000273,1.9799999999997908,-0.9950000000001182,5.949999999999818,5.9798934875433405,-10.920000000000073,2.9699999999998,-3.9750000000001364,0.0,0.09999999999999432,0.09999999999999432,6.4934942855138695,2.406565498649665,5.589514290168671,7.68908284517732
2025-08-03 08:48:41,1186.23,1161.42,86.58,94.83,1173.825,2347.65,24.809999999999945,0.02113602962866178,181.41,8.25,-1.9800000000000182,-5.949999999999818,-3.964999999999918,3.9699999999998,1.0012607815231023,1.990000000000009,-7.929999999999609,-2.9699999999998,0.0,0.030000000000001137,0.030000000000001137,6.470563880323224,2.842830895303422,5.081963203329972,4.755940495843056
2025-08-03 08:48:42,1204.1,1161.42,86.58,94.83,1182.76,2365.52,42.679999999999836,0.036085089083089335,181.41,8.25,17.86999999999989,0.0,8.934999999999945,17.86999999999989,1.9999997761611892,19.84999999999991,5.949999999999818,12.899999999999864,0.0,0.0,0.0,6.519816953200943,3.3672069284929433,9.418844408949465,5.806205301227289
2025-08-03 08:48:43,1182.26,1156.46,86.58,94.83,1169.3600000000001,2338.7200000000003,25.799999999999955,0.02206335087392813,181.41,8.25,-21.839999999999918,-4.960000000000036,-13.399999999999864,16.87999999999988,1.2597013985297505,-39.70999999999981,-4.960000000000036,-22.33499999999981,0.0,0.0,0.0,6.445951124822496,5.104117700376221,8.41247466563783,8.31682436390232
2025-08-03 08:48:44,1201.12,1158.45,86.58,94.83,1179.7849999999999,2359.5699999999997,42.669999999999845,0.0361676067790591,181.41,8.25,18.8599999999999,1.990000000000009,10.424999999999727,16.86999999999989,1.6182252644388555,40.69999999999982,6.9500000000000455,23.82499999999959,0.0,0.0,0.0,6.503417636825876,5.233786153378157,10.494581935455912,9.80543344273968
2025-08-03 08:48:45,1182.26,1153.49,86.58,94.83,1167.875,2335.75,28.769999999999982,0.02463448569013421,181.41,8.25,-18.8599999999999,-4.960000000000036,-11.909999999999854,13.899999999999864,1.167086383955806,-37.7199999999998,-6.9500000000000455,-22.33499999999958,0.0,0.0,0.0,6.437765247573093,6.45523953849102,9.00007944409374,11.24702994127769
2025-08-03 08:48:46,1177.3,1156.46,86.58,94.83,1166.88,2333.76,20.839999999999918,0.017859591373697657,181.41,8.25,-4.960000000000036,2.9700000000000273,-0.9949999999998909,7.930000000000064,7.969841236341404,13.899999999999864,7.930000000000064,10.914999999999964,0.0,0.0,0.0,6.4322804341972315,7.377539054406979,10.01516699810836,11.194489380940828
2025-08-03 08:48:47,1186.23,1158.45,86.58,94.83,1172.3400000000001,2344.6800000000003,27.779999999999973,0.023696197328679197,181.41,8.25,8.930000000000064,1.990000000000009,5.460000000000036,6.940000000000055,1.2710620382670275,13.8900000000001,-0.9800000000000182,6.454999999999927,0.0,0.0,0.0,6.462378003073823,5.198411536162228,8.140759792550035,10.47825212046348
2025-08-03 08:48:48,1176.3,1162.41,86.58,94.87,1169.355,2338.71,13.889999999999873,0.011878343179035902,181.45,8.290000000000006,-9.930000000000064,3.9600000000000364,-2.9850000000001273,13.8900000000001,4.653264772775455,-18.860000000000127,1.9700000000000273,-8.445000000000164,0.0,0.04000000000000625,0.04000000000000625,6.444502582284362,5.198865982048841,10.710828632743581,8.51822414004224
2025-08-03 08:48:49,1173.33,1167.37,86.58,94.93,1170.35,2340.7,5.960000000000036,0.005092493694115045,181.51,8.350000000000009,-2.9700000000000273,4.959999999999809,0.9949999999998909,7.929999999999836,7.969841236341176,6.960000000000036,0.9999999999997726,3.980000000000018,0.0,0.060000000000002274,0.060000000000002274,6.447854077197652,2.1340190953480467,9.631680538722202,6.417673449155837
2025-08-03 08:48:50,1178.29,1157.45,86.58,94.97,1167.87,2335.74,20.839999999999918,0.017844451850082172,181.55,8.39,4.960000000000036,-9.919999999999845,-2.480000000000018,14.879999999999882,5.999997580646045,7.930000000000064,-14.879999999999654,-3.474999999999909,0.0,0.03999999999999204,0.03999999999999204,6.432773305244982,2.1348899267433192,8.26949333393527,3.422435901518187
2025-08-03 08:48:51,1173.33,1161.42,86.61,94.97,1167.375,2334.75,11.909999999999854,0.010202377119432468,181.57999999999998,8.36,-4.960000000000036,3.9700000000000273,-0.49499999999989086,8.930000000000064,18.04036759522109,-9.920000000000073,13.889999999999873,1.9850000000001273,0.030000000000001137,0.0,0.030000000000001137,6.428984434249453,1.9983011533075128,8.428329015884476,3.3933121724946904
2025-08-03 08:48:52,1174.32,1161.42,86.61,94.97,1167.87,2335.74,12.899999999999864,0.01104574994558822,181.57999999999998,8.36,0.9900000000000091,0.0,0.49499999999989086,0.9900000000000091,1.9999959596045815,5.9500000000000455,-3.9700000000000273,0.9899999999997817,0.0,0.0,0.0,6.43171050538765,1.2442336996368397,5.314306163555122,1.7709121943225736
2025-08-03 08:48:53,1169.36,1155.47,86.61,94.97,1162.415,2324.83,13.889999999999873,0.011949260795886676,181.57999999999998,8.36,-4.960000000000036,-5.9500000000000455,-5.454999999999927,0.9900000000000091,0.18148484299086695,-5.9500000000000455,-5.9500000000000455,-5.949999999999818,0.0,0.0,0.0,6.401668650723271,2.904490919131065,5.314306163555122,2.6341402772062237
2025-08-03 08:48:54,1170.35,1159.44,86.61,94.97,1164.895,2329.79,10.909999999999854,0.009365650973378891,181.57999999999998,8.36,0.9900000000000091,3.9700000000000273,2.480000000000018,2.980000000000018,1.2016124187046684,5.9500000000000455,9.920000000000073,7.934999999999945,0.0,0.0,0.0,6.415326542486362,2.3938227794298705,3.933300141102955,3.0247508161830843
2025-08-03 08:48:55,1168.37,1160.43,86.61,94.97,1164.4,2328.8,7.939999999999827,0.006818962549966389,181.57999999999998,8.36,-1.9800000000000182,0.9900000000000091,-0.49499999999989086,2.9700000000000273,5.999987878813744,-2.9700000000000273,-2.980000000000018,-2.974999999999909,0.0,0.0,0.0,6.412600471348164,2.2453490818398554,2.2837140801773956,2.925505084596541
2025-08-03 08:48:56,1165.39,1158.45,86.61,94.97,1161.92,2323.84,6.940000000000055,0.005972872481777731,181.57999999999998,8.36,-2.979999999999791,-1.9800000000000182,-2.480000000000018,0.9999999999997726,0.40322564386053283,-0.9999999999997726,-2.9700000000000273,-1.9850000000001273,0.0,0.0,0.0,6.398942579585073,2.362548941148495,3.0268019426451023,3.0247508161830843
2025-08-03 08:48:57,1167.37,1156.46,86.61,94.97,1161.915,2323.83,10.909999999999854,0.009389671353421019,181.57999999999998,8.36,1.9799999999997908,-1.990000000000009,-0.005000000000109139,3.9699999999998,793.8412317362848,4.959999999999582,-0.009999999999990905,2.474999999999909,0.0,0.0,0.0,6.39891504351297,1.4298137988302495,2.7534469306671245,2.9669205415717266
2025-08-03 08:48:58,1167.37,1155.47,86.61,94.97,1161.42,2322.84,11.899999999999864,0.01024607806801483,181.57999999999998,8.36,0.0,-0.9900000000000091,-0.49499999999989086,0.9900000000000091,1.9999959596045815,-1.9799999999997908,1.0,-0.4899999999997817,0.0,0.0,0.0,6.396188972374772,1.6086135332409486,2.1494999418469942,1.7743217013834902
2025-08-03 08:48:59,1168.37,1159.44,86.61,94.97,1163.905,2327.81,8.929999999999836,0.007672447486974786,181.57999999999998,8.36,1.0,3.9700000000000273,2.4849999999999,2.9700000000000273,1.195170545203059,1.0,4.960000000000036,2.979999999999791,0.0,0.0,0.0,6.409874400209967,1.342044149544481,2.0558039789825013,1.7762094471092773
2025-08-03 08:49:00,1165.39,1161.42,86.61,95.0,1163.4050000000002,2326.8100000000004,3.9700000000000273,0.0034123972276100148,181.61,8.39,-2.979999999999791,1.9800000000000182,-0.4999999999997726,4.959999999999809,9.919980160043808,-3.979999999999791,-1.990000000000009,-2.9849999999996726,0.0,0.030000000000001137,0.030000000000001137,6.406062406221781,1.0767114280656387,3.18209836428731,1.776419854651548
2025-08-03 08:49:01,1173.33,1168.37,86.61,95.07,1170.85,2341.7,4.960000000000036,0.0042362386264370305,181.68,8.459999999999994,7.939999999999827,6.949999999999818,7.444999999999709,0.9900000000000091,0.13297513324713425,10.919999999999618,4.9699999999998,7.944999999999482,0.0,0.06999999999999318,0.06999999999999318,6.4445728399131825,3.802701999805217,3.5332605338412124,3.3966645403983087
2025-08-03 08:49:02,1167.37,1163.41,86.61,95.07,1165.3899999999999,2330.7799999999997,3.959999999999809,0.0033980040987152843,181.68,8.459999999999994,-5.960000000000036,-4.959999999999809,-5.460000000000036,1.0000000000002274,0.18315014960624013,-13.899999999999864,-11.909999999999627,-12.904999999999745,0.0,0.0,0.0,6.414519999920079,3.5683984501903625,3.5352270082698003,4.730083244510528
2025-08-03 08:49:03,1173.33,1156.46,86.61,95.07,1164.895,2329.79,16.86999999999989,0.014481991926755542,181.68,8.459999999999994,5.960000000000036,-6.9500000000000455,-0.49499999999989086,12.910000000000082,26.080755392419267,11.920000000000073,-1.9900000000002365,4.9650000000001455,0.0,0.0,0.0,6.411795429261364,2.98977716549574,5.5000609087536665,4.730083244510528
2025-08-03 08:49:04,1174.32,1158.45,86.61,95.07,1166.385,2332.77,15.86999999999989,0.013606142042630647,181.68,8.459999999999994,0.9900000000000091,1.990000000000009,1.490000000000009,1.0,0.6711404891674528,-4.970000000000027,8.940000000000055,1.9849999999999,0.0,0.0,0.0,6.419996662153254,2.820760092478409,6.634729082637817,4.656304060088788
2025-08-03 08:49:05,1169.36,1154.48,86.61,95.07,1161.92,2323.84,14.879999999999882,0.01280638941337914,181.68,8.459999999999994,-4.960000000000036,-3.9700000000000273,-4.464999999999918,0.9900000000000091,0.22172447441781698,-5.9500000000000455,-5.960000000000036,-5.954999999999927,0.0,0.0,0.0,6.395420484393327,3.2344833434907945,6.300735671332376,5.1768699520076025
2025-08-03 08:49:06,1165.39,1158.45,86.61,95.07,1161.92,2323.84,6.940000000000055,0.005972872481777731,181.68,8.459999999999994,-3.9699999999998,3.9700000000000273,0.0,7.939999999999827,7939999.999999828,0.9900000000002365,7.940000000000055,4.464999999999918,0.0,0.0,0.0,6.395420484393327,2.0628942045878507,5.847976573140517,3.0109786614986906
2025-08-03 08:49:07,1172.33,1160.43,86.61,95.07,1166.38,2332.76,11.899999999999864,0.010202506892948571,181.68,8.459999999999994,6.939999999999827,1.9800000000000182,4.460000000000036,4.959999999999809,1.1121073739669045,10.909999999999627,-1.990000000000009,4.460000000000036,0.0,0.0,0.0,6.419969141237511,2.2559061370815137,4.007975798330104,3.2441073502583504
2025-08-03 08:49:08,1167.37,1154.48,86.61,95.07,1160.925,2321.85,12.889999999999873,0.011103215099077595,181.68,8.459999999999994,-4.960000000000036,-5.9500000000000455,-5.455000000000155,0.9900000000000091,0.1814848429908594,-11.899999999999864,-7.930000000000064,-9.915000000000191,0.0,0.0,0.0,6.38994382216015,2.657106979277142,3.4801910867077273,4.142848355902098
2025-08-03 08:49:09,1165.39,1158.45,86.61,95.07,1161.92,2323.84,6.940000000000055,0.005972872481777731,181.68,8.459999999999994,-1.9799999999997908,3.9700000000000273,0.9950000000001182,5.949999999999818,5.9798934875433405,2.9800000000002456,9.920000000000073,6.450000000000273,0.0,0.0,0.0,6.395420484393327,2.1494406247497007,3.604968793207476,4.080062193153533
2025-08-03 08:49:10,1169.36,1157.45,86.61,95.07,1163.405,2326.81,11.909999999999854,0.01023719168282985,181.68,8.459999999999994,3.9699999999998,-1.0,1.4849999999999,4.9699999999998,3.346799093064675,5.949999999999591,-4.970000000000027,0.4899999999997817,0.0,0.0,0.0,6.403594196369473,2.1322728482359015,2.927034335295686,3.619489950255547
2025-08-03 08:49:11,1169.36,1158.45,86.61,95.07,1163.905,2327.81,10.909999999999854,0.009373617254523554,181.68,8.459999999999994,0.0,1.0,0.5,1.0,1.999996000008,-3.9699999999998,2.0,-0.9849999999999,0.0,0.0,0.0,6.406346287943933,2.0861585508593397,2.3270904580613228,3.6161384790963007
2025-08-03 08:49:12,1169.36,1159.44,86.61,95.1,1164.4,2328.8,9.919999999999845,0.00851940913043665,181.70999999999998,8.489999999999995,0.0,0.9900000000000091,0.49500000000011823,0.9900000000000091,1.9999959596036627,0.0,-0.009999999999990905,-0.004999999999881766,0.0,0.030000000000001137,0.030000000000001137,6.4080127323316685,1.4470202138615365,2.2845853015372644,2.8575872690087407
2025-08-03 08:49:13,1173.33,1163.41,86.61,95.1,1168.37,2336.74,9.919999999999845,0.008490461062428328,181.70999999999998,8.489999999999995,3.9700000000000273,3.9700000000000273,3.9699999999998,0.0,0.0,3.9700000000000273,2.980000000000018,3.4749999999996817,0.0,0.0,0.0,6.4298607317711705,2.405532685149287,1.858803378520754,1.4461647554826047
2025-08-03 08:49:14,1182.26,1161.42,86.65,95.1,1171.8400000000001,2343.6800000000003,20.839999999999918,0.017783997800225215,181.75,8.449999999999989,8.930000000000064,-1.990000000000009,3.4700000000002547,10.920000000000073,3.1469731564916756,4.960000000000036,-5.960000000000036,-0.49999999999954525,0.04000000000000625,0.0,0.04000000000000625,6.447537791210247,3.6286454083196866,4.624516190911288,1.6447469410217257
2025-08-03 08:49:15,1177.3,1161.42,86.68,95.1,1169.3600000000001,2338.7200000000003,15.879999999999882,0.01358007797976654,181.78,8.419999999999987,-4.960000000000036,0.0,-2.480000000000018,4.960000000000036,1.9999991935487123,-13.8900000000001,1.990000000000009,-5.950000000000273,0.030000000000001137,0.0,0.030000000000001137,6.432830859099842,3.3748333291169024,4.7927215650401225,2.615091776592249
2025-08-03 08:49:16,1174.32,1158.45,86.68,95.1,1166.385,2332.77,15.86999999999989,0.013606142042630647,181.78,8.419999999999987,-2.980000000000018,-2.9700000000000273,-2.9750000000001364,0.009999999999990905,0.0033613434079485843,1.9800000000000182,-2.9700000000000273,-0.49500000000011823,0.0,0.0,0.0,6.416464922343135,2.8405598038621886,4.634887269395081,3.233333032646142
2025-08-03 08:49:17,1175.31,1161.42,86.68,95.1,1168.365,2336.73,13.889999999999873,0.011888408149945833,181.78,8.419999999999987,0.9900000000000091,2.9700000000000273,1.9800000000000182,1.9800000000000182,0.99999949494975,3.9700000000000273,5.940000000000055,4.955000000000155,0.0,0.0,0.0,6.4273572096635645,1.9837508662421925,3.945991637092061,3.3007188610968856
2025-08-03 08:49:18,1173.33,1161.42,86.68,95.1,1167.375,2334.75,11.909999999999854,0.010202377119432468,181.78,8.419999999999987,-1.9800000000000182,0.0,-0.9900000000000091,1.9800000000000182,1.9999979798000203,-2.9700000000000273,-2.9700000000000273,-2.9700000000000273,0.0,0.0,0.0,6.42191106600335,2.0926149907034595,3.3210946990413293,2.817109334051681
2025-08-03 08:49:19,1167.37,1154.48,86.68,95.1,1160.925,2321.85,12.889999999999873,0.011103215099077595,181.78,8.419999999999987,-5.960000000000036,-6.940000000000055,-6.4500000000000455,0.9800000000000182,0.15193796093985276,-3.980000000000018,-6.940000000000055,-5.460000000000036,0.0,0.0,0.0,6.386428614883768,3.2983207847811262,1.7751675977215118,3.0690625604572803
2025-08-03 08:49:20,1177.3,1156.46,86.68,95.1,1166.88,2333.76,20.839999999999918,0.017859591373697657,181.78,8.419999999999987,9.930000000000064,1.9800000000000182,5.955000000000155,7.9500000000000455,1.3350123702749737,15.8900000000001,8.920000000000073,12.4050000000002,0.0,0.0,0.0,6.419187994173243,2.9223757457451587,3.53775352448421,4.732482699387419
2025-08-03 08:49:21,1172.33,1159.44,86.68,95.1,1165.885,2331.77,12.889999999999873,0.011055978924974497,181.78,8.419999999999987,-4.970000000000027,2.980000000000018,-0.9950000000001182,7.9500000000000455,7.989941718650635,-14.900000000000091,1.0,-6.950000000000273,0.0,0.0,0.0,6.413714344736966,2.9138514030951654,3.621419611147053,4.552610514858601
2025-08-03 08:49:22,1180.27,1157.45,86.68,95.1,1168.8600000000001,2337.7200000000003,22.819999999999936,0.01952329618643519,181.78,8.419999999999987,7.940000000000055,-1.990000000000009,2.9750000000001364,9.930000000000064,3.337814004096001,12.910000000000082,-4.970000000000027,3.9700000000002547,0.0,0.0,0.0,6.430080281493673,3.0254069973012894,5.139207137292735,4.686050309162426
2025-08-03 08:49:23,1212.04,1158.45,86.68,95.1,1185.245,2370.49,53.58999999999992,0.045214280553628694,181.78,8.419999999999987,31.769999999999982,1.0,16.384999999999764,30.769999999999982,1.877937023012719,23.829999999999927,2.990000000000009,13.409999999999627,0.0,0.0,0.0,6.520216709647833,9.243382362496593,16.82241153937213,8.53677368799241
2025-08-03 08:49:24,1202.11,1158.45,86.68,95.1,1180.28,2360.56,43.659999999999854,0.03699122239045703,181.78,8.419999999999987,-9.930000000000064,0.0,-4.964999999999918,9.930000000000064,1.9999995971803888,-41.700000000000045,-1.0,-21.34999999999968,0.0,0.0,0.0,6.492903474018575,8.76400522017793,17.090975688941803,8.116324907247057
2025-08-03 08:49:25,1212.04,1160.43,86.68,95.14,1186.2350000000001,2372.4700000000003,51.6099999999999,0.043507399424643926,181.82,8.459999999999994,9.930000000000064,1.9800000000000182,5.955000000000155,7.9500000000000455,1.3350123702749737,19.860000000000127,1.9800000000000182,10.920000000000073,0.0,0.04000000000000625,0.04000000000000625,6.524227221844533,9.399115250878628,18.13396895332072,8.116324907247057
2025-08-03 08:49:26,1257.74,1161.42,86.68,95.14,1209.58,2419.16,96.31999999999994,0.07963094621304005,181.82,8.459999999999994,45.700000000000045,0.9900000000000091,23.3449999999998,44.710000000000036,1.9151851824722739,35.76999999999998,-0.9900000000000091,17.389999999999645,0.0,0.0,0.0,6.652623437176199,14.858765510609524,26.810308651710812,11.186716676487201
2025-08-03 08:49:27,1217.0,1161.42,86.68,95.14,1189.21,2378.42,55.57999999999993,0.04673690933751231,181.82,8.459999999999994,-40.74000000000001,0.0,-20.36999999999989,40.74000000000001,1.9999999018164125,-86.44000000000005,-0.9900000000000091,-43.71499999999969,0.0,0.0,0.0,6.540589558131177,11.349048968934445,20.718585135090667,17.36147243179551
2025-08-03 08:49:28,1198.14,1160.43,86.68,95.14,1179.285,2358.57,37.710000000000036,0.03197700298742291,181.82,8.459999999999994,-18.8599999999999,-0.9900000000000091,-9.924999999999955,17.86999999999989,1.800503596926587,21.88000000000011,-0.9900000000000091,10.444999999999936,0.0,0.0,0.0,6.4860026043009436,12.263887332296951,23.06072266864156,16.669136750293855
2025-08-03 08:49:29,1200.12,1161.42,86.68,95.14,1180.77,2361.54,38.69999999999982,0.032775222919979835,181.82,8.459999999999994,1.9799999999997908,0.9900000000000091,1.4849999999999,0.9899999999997817,0.6666662177330847,20.83999999999969,1.9800000000000182,11.409999999999854,0.0,0.0,0.0,6.494170022581839,12.179271016742884,23.869246531886994,16.553328819303903
2025-08-03 08:49:30,1169.36,1159.44,86.68,95.14,1164.4,2328.8,9.919999999999845,0.00851940913043665,181.82,8.459999999999994,-30.75999999999999,-1.9800000000000182,-16.36999999999989,28.779999999999973,1.7580939671292728,-32.73999999999978,-2.9700000000000273,-17.85499999999979,0.0,0.0,0.0,6.404135923418019,16.55444517340527,31.757332696560034,17.558902514109352
2025-08-03 08:49:31,1167.37,1159.44,86.68,95.14,1163.405,2326.81,7.929999999999836,0.00681619899620823,181.82,8.459999999999994,-1.990000000000009,0.0,-0.9950000000001182,1.990000000000009,1.9999979899515403,28.769999999999982,1.9800000000000182,15.374999999999773,0.0,0.0,0.0,6.398663478172569,11.175030984265872,20.49241737814262,9.462934930559253
2025-08-03 08:49:32,1167.37,1160.43,86.68,95.14,1163.9,2327.8,6.939999999999827,0.005962711568036012,181.82,8.459999999999994,0.0,0.9900000000000091,0.49500000000011823,0.9900000000000091,1.9999959596036627,1.990000000000009,0.9900000000000091,1.4900000000002365,0.0,0.0,0.0,6.401385950932869,8.85506394665292,16.438529435445304,7.775017363324631
2025-08-03 08:49:33,1171.34,1157.45,86.68,95.14,1164.395,2328.79,13.889999999999873,0.011928941628975502,181.82,8.459999999999994,3.9700000000000273,-2.980000000000018,0.49499999999989086,6.9500000000000455,14.040375676011923,3.9700000000000273,-3.9700000000000273,-2.2737367544323206e-13,0.0,0.0,0.0,6.404108423693167,7.499892832522197,13.252774426511607,7.538563855271069
2025-08-03 08:49:34,1168.37,1154.48,86.68,95.14,1161.425,2322.85,13.889999999999873,0.011959446359463957,181.82,8.459999999999994,-2.9700000000000273,-2.9700000000000273,-2.9700000000000273,0.0,0.0,-6.940000000000055,0.009999999999990905,-3.464999999999918,0.0,0.0,0.0,6.387773587131374,1.2334453775199588,3.2633617635807046,7.131480736845583
2025-08-03 08:49:35,1167.37,1153.49,86.68,95.14,1160.4299999999998,2320.8599999999997,13.879999999999882,0.011961083381193867,181.82,8.459999999999994,-1.0,-0.9900000000000091,-0.9950000000001182,0.009999999999990905,0.010050241155526192,1.9700000000000273,1.9800000000000182,1.974999999999909,0.0,0.0,0.0,6.382301141885924,1.7020553749296632,3.55101816385112,1.4264308605749185
2025-08-03 08:49:36,1165.39,1160.43,86.68,95.14,1162.91,2325.82,4.960000000000036,0.004265162390670708,181.82,8.459999999999994,-1.9799999999997908,6.940000000000055,2.4800000000002456,8.919999999999845,3.5967727432363783,-0.9799999999997908,7.930000000000064,3.475000000000364,0.0,0.0,0.0,6.395941005412271,1.6656027435517575,4.403097773159262,2.0249919752929517
2025-08-03 08:49:37,1162.41,1161.42,86.68,95.17,1161.915,2323.83,0.9900000000000091,0.0008520416718503224,181.85000000000002,8.489999999999995,-2.980000000000018,0.9900000000000091,-0.9950000000001182,3.9700000000000273,3.9899457387475543,-1.0000000000002274,-5.9500000000000455,-3.475000000000364,0.0,0.030000000000001137,0.030000000000001137,6.389414317352684,1.511270160933442,6.139175026011192,2.025359844571046
2025-08-03 08:49:38,1162.41,1161.42,86.68,95.17,1161.915,2323.83,0.9900000000000091,0.0008520416718503224,181.85000000000002,8.489999999999995,0.0,0.0,0.0,0.0,0.0,2.980000000000018,-0.9900000000000091,0.9950000000001182,0.0,0.0,0.0,6.389414317352684,0.9004540517586459,6.542008101492964,1.9825028373248041
2025-08-03 08:49:39,1160.43,1155.47,86.68,95.17,1157.95,2315.9,4.960000000000036,0.00428343192341345,181.85000000000002,8.489999999999995,-1.9800000000000182,-5.9500000000000455,-3.964999999999918,3.9700000000000273,1.0012607815231596,-1.9800000000000182,-5.9500000000000455,-3.964999999999918,0.0,0.0,0.0,6.367610633117345,1.9330720367667271,5.265361336128795,2.3149811014348978
2025-08-03 08:49:40,1158.45,1158.45,86.68,95.17,1158.45,2316.9,0.0,0.0,181.85000000000002,8.489999999999995,-1.9800000000000182,2.980000000000018,0.5,4.960000000000036,9.919980160039753,0.0,8.930000000000064,4.464999999999918,0.0,0.0,0.0,6.3703601519364295,2.26028925125303,2.389633863168318,2.3626029078117807
2025-08-03 08:49:41,1153.49,1152.49,86.68,95.17,1152.99,2305.98,1.0,0.0008673102100908852,181.85000000000002,8.489999999999995,-4.960000000000036,-5.960000000000036,-5.460000000000036,1.0,0.1831501496061985,-2.980000000000018,-8.940000000000055,-5.960000000000036,0.0,0.0,0.0,6.340335406432029,3.6703497788811745,1.9334606279934268,2.6024781459217623
2025-08-03 08:49:42,1159.44,1157.45,86.68,95.17,1158.4450000000002,2316.8900000000003,1.990000000000009,0.0017178200072357243,181.85000000000002,8.489999999999995,5.9500000000000455,4.960000000000036,5.455000000000155,0.9900000000000091,0.1814848429908594,10.910000000000082,10.920000000000073,10.915000000000191,0.0,0.0,0.0,6.370332656748239,3.1944424395087276,1.9076870812585405,4.275852838908382
2025-08-03 08:49:43,1159.44,1158.45,86.68,95.17,1158.9450000000002,2317.8900000000003,0.9900000000000091,0.0008542251781972257,181.85000000000002,8.489999999999995,0.0,1.0,0.5,1.0,1.999996000008,-5.9500000000000455,-3.9600000000000364,-4.955000000000155,0.0,0.0,0.0,6.373082175567324,2.4658908125332335,1.9076870812585405,4.301908588057266
2025-08-03 08:49:44,1158.45,1158.45,86.68,95.17,1158.45,2316.9,0.0,0.0,181.85000000000002,8.489999999999995,-0.9900000000000091,0.0,-0.49500000000011823,0.9900000000000091,1.9999959596036627,-0.9900000000000091,-1.0,-0.9950000000001182,0.0,0.0,0.0,6.3703601519364295,2.505816732990584,0.8324842340853725,3.8814832860648756
2025-08-03 08:49:45,1157.45,1156.46,86.68,95.17,1156.955,2313.91,0.9900000000000091,0.0008556944731163396,181.85000000000002,8.489999999999995,-1.0,-1.990000000000009,-1.4950000000001182,0.9900000000000091,0.6622069149117163,-0.009999999999990905,-1.990000000000009,-1.0,0.0,0.0,0.0,6.362139090667367,2.446039145094809,0.7035836837226271,3.9322916346579713
2025-08-03 08:49:46,1157.45,1157.45,86.68,95.17,1157.45,2314.9,0.0,0.0,181.85000000000002,8.489999999999995,0.0,0.9900000000000091,0.49500000000011823,0.9900000000000091,1.9999959596036627,1.0,2.980000000000018,1.9900000000002365,0.0,0.0,0.0,6.364861114298261,0.817934899203389,0.8318834052922983,2.6811275613071794
2025-08-03 08:49:47,1156.46,1159.44,86.68,95.17,1157.95,2315.9,2.980000000000018,0.0025735135346314645,181.85000000000002,8.489999999999995,-0.9900000000000091,1.990000000000009,0.5,2.980000000000018,5.959988080023876,-0.9900000000000091,1.0,0.004999999999881766,0.0,0.0,0.0,6.367610633117345,0.7874087244468246,1.2165812755425407,0.8910765960345813
2025-08-03 08:49:48,1151.5,1155.47,86.68,95.17,1153.4850000000001,2306.9700000000003,3.9700000000000273,0.003441743929533789,181.85000000000002,8.489999999999995,-4.960000000000036,-3.9700000000000273,-4.464999999999918,0.9900000000000091,0.22172447441781698,-3.9700000000000273,-5.960000000000036,-4.964999999999918,0.0,0.0,0.0,6.343057430062923,1.9662101869677608,1.803654623258212,2.0584569463557854
2025-08-03 08:49:49,1157.45,1157.45,86.68,95.17,1157.45,2314.9,0.0,0.0,181.85000000000002,8.489999999999995,5.9500000000000455,1.9800000000000182,3.964999999999918,3.9700000000000273,1.0012607815231596,10.910000000000082,5.9500000000000455,8.429999999999836,0.0,0.0,0.0,6.364861114298261,1.8083092930513815,1.803654623258212,3.0898017735771024
2025-08-03 08:49:50,1153.49,1154.48,86.68,95.17,1153.9850000000001,2307.9700000000003,0.9900000000000091,0.0008578967656790272,181.85000000000002,8.489999999999995,-3.9600000000000364,-2.9700000000000273,-3.464999999999918,0.9900000000000091,0.28571420325709357,-9.910000000000082,-4.9500000000000455,-7.429999999999836,0.0,0.0,0.0,6.345806948882007,2.143155967104671,1.803654623258212,3.405676144321424
2025-08-03 08:49:51,1154.48,1161.42,86.68,95.17,1157.95,2315.9,6.940000000000055,0.005993350312195434,181.85000000000002,8.489999999999995,0.9900000000000091,6.940000000000055,3.964999999999918,5.9500000000000455,1.5006301385548624,4.9500000000000455,9.910000000000082,7.429999999999836,0.0,0.0,0.0,6.367610633117345,2.233745173321301,2.7157927019566044,3.9870070228179664
2025-08-03 08:49:52,1155.47,1160.43,86.68,95.17,1157.95,2315.9,4.960000000000036,0.00428343192341345,181.85000000000002,8.489999999999995,0.9900000000000091,-0.9900000000000091,0.0,1.9800000000000182,1980000.0000000184,0.0,-7.930000000000064,-3.964999999999918,0.0,0.0,0.0,6.367610633117345,2.233745173321301,2.8571961780740143,3.9807317166571003
2025-08-03 08:49:53,1157.45,1161.42,86.68,95.17,1159.435,2318.87,3.9700000000000273,0.0034240815540120366,181.85000000000002,8.489999999999995,1.9800000000000182,0.9900000000000091,1.4849999999999,0.9900000000000091,0.6666662177332378,0.9900000000000091,1.9800000000000182,1.4849999999999,0.0,0.0,0.0,6.3757767040100255,2.024868514085604,2.8571961780740143,3.105374373565931
2025-08-03 08:49:54,1154.48,1157.45,86.68,95.17,1155.9650000000001,2311.9300000000003,2.9700000000000273,0.002569281939704701,181.85000000000002,8.489999999999995,-2.9700000000000273,-3.9700000000000273,-3.4699999999998,1.0,0.288184354990116,-4.9500000000000455,-4.960000000000036,-4.9549999999997,0.0,0.0,0.0,6.356695043405582,2.1142037506672233,2.218181687779585,3.222286843221709
2025-08-03 08:49:55,1155.47,1161.42,86.68,95.17,1158.4450000000002,2316.8900000000003,5.9500000000000455,0.005136195499021403,181.85000000000002,8.489999999999995,0.9900000000000091,3.9700000000000273,2.480000000000018,2.980000000000018,1.2016124187046684,3.9600000000000364,7.940000000000055,5.949999999999818,0.0,0.0,0.0,6.370332656748239,1.2639689471403548,1.5684929072203746,2.834582420745577
2025-08-03 08:49:56,1159.44,1158.45,86.72,95.17,1158.9450000000002,2317.8900000000003,0.9900000000000091,0.0008542251781972257,181.89,8.450000000000003,3.9700000000000273,-2.9700000000000273,0.5,6.940000000000055,13.879972240055627,2.980000000000018,-6.940000000000055,-1.9800000000000182,0.03999999999999204,0.0,0.03999999999999204,6.371680651098574,1.3401940155570704,1.908984022982034,2.261001990268922
2025-08-03 08:49:57,1157.45,1158.45,86.72,95.17,1157.95,2315.9,1.0,0.0008635951458494794,181.89,8.450000000000003,-1.990000000000009,0.0,-0.9950000000001182,1.990000000000009,1.9999979899515403,-5.960000000000036,2.9700000000000273,-1.4950000000001182,0.0,0.0,0.0,6.3662103119126385,1.3401940155570704,2.1024699760045835,2.325755253675695
2025-08-03 08:49:58,1159.44,1155.47,86.72,95.17,1157.455,2314.91,3.9700000000000273,0.0034299389579466053,181.89,8.450000000000003,1.990000000000009,-2.980000000000018,-0.49500000000011823,4.970000000000027,10.040383756798148,3.980000000000018,-2.980000000000018,0.5,0.0,0.0,0.0,6.363488886890489,1.1428341959074513,2.1024699760045835,2.1732619492367227
2025-08-03 08:49:59,1161.42,1160.43,86.72,95.17,1160.9250000000002,2321.8500000000004,0.9900000000000091,0.0008527682659493426,181.89,8.450000000000003,1.9800000000000182,4.960000000000036,3.4700000000002547,2.980000000000018,0.8587893778704385,-0.009999999999990905,7.940000000000055,3.965000000000373,0.0,0.0,0.0,6.382566351187168,1.3396380105591406,2.2826300620119624,1.9206789164253788
2025-08-03 08:50:00,1159.44,1157.45,86.72,95.17,1158.4450000000002,2316.8900000000003,1.990000000000009,0.0017178200072357243,181.89,8.450000000000003,-1.9800000000000182,-2.980000000000018,-2.480000000000018,1.0,0.4032256438606245,-3.9600000000000364,-7.940000000000055,-5.950000000000273,0.0,0.0,0.0,6.368931736934788,1.3396380105591406,1.2938778922296725,2.217901598358455
2025-08-03 08:50:01,1157.45,1159.44,86.72,95.17,1158.4450000000002,2316.8900000000003,1.990000000000009,0.0017178200072357243,181.89,8.450000000000003,-1.990000000000009,1.990000000000009,0.0,3.980000000000018,3980000.000000018,-0.009999999999990905,4.970000000000027,2.480000000000018,0.0,0.0,0.0,6.368931736934788,1.3395446985206911,1.2145451823628026,2.2009287812196447
2025-08-03 08:50:02,1156.46,1155.47,86.72,95.17,1155.9650000000001,2311.9300000000003,0.9900000000000091,0.0008564273132349004,181.89,8.450000000000003,-0.9900000000000091,-3.9700000000000273,-2.480000000000018,2.980000000000018,1.2016124187046684,1.0,-5.960000000000036,-2.480000000000018,0.0,0.0,0.0,6.3552971226824075,1.8086514311317745,1.2165853854130786,2.439194539187265
2025-08-03 08:50:03,1152.49,1163.41,86.72,95.2,1157.95,2315.9,10.920000000000073,0.009430458992676378,181.92000000000002,8.480000000000004,-3.9700000000000273,7.940000000000055,1.9849999999999,11.910000000000082,5.999996977331842,-2.980000000000018,11.910000000000082,4.464999999999918,0.0,0.030000000000001137,0.030000000000001137,6.365160475125547,1.7675420785188931,4.246761118782274,2.6567329560949138
2025-08-03 08:50:04,1158.45,1160.43,86.72,95.2,1159.44,2318.88,1.9800000000000182,0.0017077209672706625,181.92000000000002,8.480000000000004,5.960000000000036,-2.980000000000018,1.490000000000009,8.940000000000055,5.999995973157065,9.930000000000064,-10.920000000000073,-0.49499999999989086,0.0,0.0,0.0,6.373350888449038,1.2846565686341445,4.1291560881130245,2.122503239102445
2025-08-03 08:50:05,1158.45,1160.43,86.72,95.2,1159.44,2318.88,1.9800000000000182,0.0017077209672706625,181.92000000000002,8.480000000000004,0.0,0.0,0.0,0.0,0.0,-5.960000000000036,2.980000000000018,-1.490000000000009,0.0,0.0,0.0,6.373350888449038,1.4301599558562401,4.130117431744629,1.7401666586854192
2025-08-03 08:50:06,1155.47,1161.42,86.72,95.2,1158.4450000000002,2316.8900000000003,5.9500000000000455,0.005136195499021403,181.92000000000002,8.480000000000004,-2.980000000000018,0.9900000000000091,-0.9949999999998909,3.9700000000000273,3.989945738748466,-2.980000000000018,0.9900000000000091,-0.9949999999998909,0.0,0.0,0.0,6.367881451363889,1.4301599558562401,4.130596809179131,1.8235096654529452
2025-08-03 08:50:07,1157.45,1157.45,86.72,95.2,1157.45,2314.9,0.0,0.0,181.92000000000002,8.480000000000004,1.9800000000000182,-3.9700000000000273,-0.9950000000001182,5.9500000000000455,5.979893487543569,4.960000000000036,-4.960000000000036,-2.2737367544323206e-13,0.0,0.0,0.0,6.362412014278737,0.8895363957335757,4.350629839460129,1.3873833284281463
2025-08-03 08:50:08,1158.45,1153.49,86.72,95.2,1155.97,2311.94,4.960000000000036,0.004290768787865833,181.92000000000002,8.480000000000004,1.0,-3.9600000000000364,-1.4800000000000182,4.960000000000036,3.3513490869262763,-0.9800000000000182,0.009999999999990905,-0.48499999999989996,0.0,0.0,0.0,6.354276570172182,1.4711916936058955,2.4300987634252094,1.1838992778105994
2025-08-03 08:50:09,1154.48,1157.45,86.72,95.2,1155.9650000000001,2311.9300000000003,2.9700000000000273,0.002569281939704701,181.92000000000002,8.480000000000004,-3.9700000000000273,3.9600000000000364,-0.004999999999881766,7.930000000000064,1585.6828634648161,-4.970000000000027,7.920000000000073,1.4750000000001364,0.0,0.0,0.0,6.354249085563715,1.5285344285738267,2.368410859627341,0.662448111175878
2025-08-03 08:50:10,1157.45,1158.45,86.72,95.2,1157.95,2315.9,1.0,0.0008635951458494794,181.92000000000002,8.480000000000004,2.9700000000000273,1.0,1.9849999999999,1.9700000000000273,0.9924428249658951,6.940000000000055,-2.9600000000000364,1.9899999999997817,0.0,0.0,0.0,6.365160475125547,1.1405557852800345,2.526960624940711,1.3844385143444813
2025-08-03 08:50:11,1155.47,1160.43,86.72,95.2,1157.95,2315.9,4.960000000000036,0.00428343192341345,181.92000000000002,8.480000000000004,-1.9800000000000182,1.9800000000000182,0.0,3.9600000000000364,3960000.000000037,-4.9500000000000455,0.9800000000000182,-1.9849999999999,0.0,0.0,0.0,6.365160475125547,1.0153053724548775,2.2604026190041306,1.3296305877951227
2025-08-03 08:50:12,1157.45,1157.45,86.72,95.2,1157.45,2314.9,0.0,0.0,181.92000000000002,8.480000000000004,1.9800000000000182,-2.980000000000018,-0.5,4.960000000000036,9.919980160039753,3.9600000000000364,-4.960000000000036,-0.5,0.0,0.0,0.0,6.362412014278737,1.0153053724548775,2.2604026190041306,1.2629974267591957
2025-08-03 08:50:13,1151.5,1157.45,86.72,95.2,1154.475,2308.95,5.9500000000000455,0.0051538578096937465,181.92000000000002,8.480000000000004,-5.9500000000000455,0.0,-2.9750000000001364,5.9500000000000455,1.9999993277312418,-7.930000000000064,2.980000000000018,-2.4750000000001364,0.0,0.0,0.0,6.346058672240222,1.5134009711032423,2.526960624940711,1.7743921494417525
2025-08-03 08:50:14,1153.49,1160.43,86.72,95.2,1156.96,2313.92,6.940000000000055,0.005998478766769443,181.92000000000002,8.480000000000004,1.990000000000009,2.980000000000018,2.4850000000001273,0.9900000000000091,0.3983901817343165,7.940000000000055,2.980000000000018,5.460000000000264,0.0,0.0,0.0,6.359718522648865,1.4470210777096693,3.086389476394835,2.180485611051058
2025-08-03 08:50:15,1156.46,1163.41,86.72,95.24,1159.935,2319.87,6.9500000000000455,0.0059917150478331375,181.95999999999998,8.519999999999996,2.9700000000000273,2.980000000000018,2.974999999999909,0.009999999999990905,0.003361343407948841,0.9800000000000182,0.0,0.4899999999997817,0.0,0.03999999999999204,0.03999999999999204,6.374670222166025,1.9665877807348056,2.8923260535424977,2.415493220855873
2025-08-03 08:50:16,1150.51,1164.4,86.72,95.24,1157.455,2314.91,13.8900000000001,0.01200046653044795,181.95999999999998,8.519999999999996,-5.9500000000000455,0.9900000000000091,-2.480000000000018,6.940000000000055,2.798385968392756,-8.920000000000073,-1.990000000000009,-5.454999999999927,0.0,0.0,0.0,6.36104085314882,1.9413815954972742,4.930976576703737,2.748993906868598
2025-08-03 08:50:17,1156.46,1162.41,86.72,95.24,1159.435,2318.87,5.9500000000000455,0.0051318098857359275,181.95999999999998,8.519999999999996,5.9500000000000455,-1.990000000000009,1.9800000000000182,7.940000000000055,4.010098984798484,11.900000000000091,-2.980000000000018,4.460000000000036,0.0,0.0,0.0,6.37192236550933,2.179574499606514,3.3653647647767215,2.879202580576907
2025-08-03 08:50:18,1150.51,1161.42,86.72,95.24,1155.9650000000001,2311.9300000000003,10.910000000000082,0.009438002007467422,181.95999999999998,8.519999999999996,-5.9500000000000455,-0.9900000000000091,-3.4699999999998,4.960000000000036,1.429394400750986,-11.900000000000091,1.0,-5.449999999999818,0.0,0.0,0.0,6.352852240311871,1.6815766409338244,3.3646277654445904,3.0287592344060816
2025-08-03 08:50:19,1153.49,1161.42,86.72,95.24,1157.455,2314.91,7.930000000000064,0.006851238271162875,181.95999999999998,8.519999999999996,2.980000000000018,0.0,1.4899999999997817,2.980000000000018,1.999998657719327,8.930000000000064,0.9900000000000091,4.959999999999582,0.0,0.0,0.0,6.36104085314882,1.6222453573162685,3.2454090651257883,2.8780818264948334
2025-08-03 08:50:20,1155.47,1162.41,86.72,95.24,1158.94,2317.88,6.940000000000055,0.005988230619369271,181.95999999999998,8.519999999999996,1.9800000000000182,0.9900000000000091,1.4850000000001273,0.9900000000000091,0.6666662177331357,-1.0,0.9900000000000091,-0.004999999999654392,0.0,0.0,0.0,6.369201987419204,1.375281789065252,3.2470879261271373,2.566077746289085
2025-08-03 08:50:21,1161.42,1162.41,86.75,95.24,1161.915,2323.83,0.9900000000000091,0.0008520416718503224,181.99,8.489999999999995,5.9500000000000455,0.0,2.974999999999909,5.9500000000000455,1.9999993277313948,3.9700000000000273,-0.9900000000000091,1.4899999999997817,0.030000000000001137,0.0,0.030000000000001137,6.384499113223258,2.233577847162162,3.6173028626313206,2.5129131501108195
2025-08-03 08:50:22,1158.45,1159.44,86.75,95.24,1158.9450000000002,2317.8900000000003,0.9900000000000091,0.0008542251781972257,181.99,8.489999999999995,-2.9700000000000273,-2.9700000000000273,-2.9699999999998,0.0,0.0,-8.920000000000073,-2.9700000000000273,-5.944999999999709,0.0,0.0,0.0,6.368179535314141,2.2061516265510206,4.413424973872432,2.919320554512573
2025-08-03 08:50:23,1161.42,1161.42,86.75,95.24,1161.42,2322.84,0.0,0.0,181.99,8.489999999999995,2.9700000000000273,1.9800000000000182,2.474999999999909,0.9900000000000091,0.39999983838392206,5.940000000000055,4.9500000000000455,5.444999999999709,0.0,0.0,0.0,6.381779183571739,1.8739096828110215,3.749139901364159,2.3596117265346552
2025-08-03 08:50:24,1157.45,1159.44,86.75,95.24,1158.4450000000002,2316.8900000000003,1.990000000000009,0.0017178200072357243,181.99,8.489999999999995,-3.9700000000000273,-1.9800000000000182,-2.974999999999909,1.990000000000009,0.6689073381824308,-6.940000000000055,-3.9600000000000364,-5.449999999999818,0.0,0.0,0.0,6.365432131625738,1.6059132913493572,2.751285154250788,2.943508960407599
2025-08-03 08:50:25,1160.43,1161.42,86.75,95.24,1160.9250000000002,2321.8500000000004,0.9900000000000091,0.0008527682659493426,181.99,8.489999999999995,2.980000000000018,1.9800000000000182,2.480000000000018,1.0,0.4032256438606245,6.9500000000000455,3.9600000000000364,5.454999999999927,0.0,0.0,0.0,6.379059253920221,1.5431947379809816,0.7035765772115342,3.0826177998577364
2025-08-03 08:50:26,1159.44,1160.43,86.75,95.24,1159.935,2319.87,0.9900000000000091,0.0008534961003388232,181.99,8.489999999999995,-0.9900000000000091,-0.9900000000000091,-0.9900000000002365,0.0,0.0,-3.9700000000000273,-2.9700000000000273,-3.4700000000002547,0.0,0.0,0.0,6.3736193946171795,1.2634793228749923,0.7035765772115342,2.7451580100242
2025-08-03 08:50:27,1157.45,1153.49,86.75,95.24,1155.47,2310.94,3.9600000000000364,0.003427176816856222,181.99,8.489999999999995,-1.990000000000009,-6.940000000000055,-4.464999999999918,4.9500000000000455,1.1086223720890849,-1.0,-5.9500000000000455,-3.4749999999996817,0.0,0.0,0.0,6.3490850796797345,2.393719386087999,1.502075231138813,3.147532763927978
2025-08-03 08:50:28,1159.44,1158.45,86.75,95.24,1158.9450000000002,2317.8900000000003,0.9900000000000091,0.0008542251781972257,181.99,8.489999999999995,1.990000000000009,4.960000000000036,3.4750000000001364,2.9700000000000273,0.8546760130428482,3.980000000000018,11.900000000000091,7.940000000000055,0.0,0.0,0.0,6.368179535314141,2.0630147840803326,1.2911932465749283,3.419351181145411
2025-08-03 08:50:29,1157.45,1155.47,86.75,95.24,1156.46,2312.92,1.9800000000000182,0.0017121214726734141,181.99,8.489999999999995,-1.990000000000009,-2.980000000000018,-2.4850000000001273,0.9900000000000091,0.3983901817343165,-3.980000000000018,-7.940000000000055,-5.960000000000264,0.0,0.0,0.0,6.354524938982774,2.3110241234860944,1.2908020762303973,3.3365225160338365
2025-08-03 08:50:30,1157.45,1160.43,86.75,95.24,1158.94,2317.88,2.980000000000018,0.002571315165089394,181.99,8.489999999999995,0.0,4.960000000000036,2.480000000000018,4.960000000000036,1.9999991935487123,1.990000000000009,7.940000000000055,4.9650000000001455,0.0,0.0,0.0,6.368152061277256,1.8895005952195558,1.2923428337715543,3.3365225160338365
2025-08-03 08:50:31,1156.46,1162.41,86.75,95.27,1159.435,2318.87,5.9500000000000455,0.0051318098857359275,182.01999999999998,8.519999999999996,-0.9900000000000091,1.9800000000000182,0.49499999999989086,2.9700000000000273,5.999987878813744,-0.9900000000000091,-2.980000000000018,-1.9850000000001273,0.0,0.030000000000001137,0.030000000000001137,6.369821962587507,1.7674734791037794,1.9076870812585316,3.336633782721838
2025-08-03 08:50:32,1152.49,1160.43,86.75,95.27,1156.46,2312.92,7.940000000000055,0.006865780046983271,182.01999999999998,8.519999999999996,-3.9700000000000273,-1.9800000000000182,-2.974999999999909,1.990000000000009,0.6689073381824308,-2.980000000000018,-3.9600000000000364,-3.4699999999998,0.0,0.0,0.0,6.353477604914419,1.4635171674206124,2.894040428190445,2.8853457331835792
2025-08-03 08:50:33,1153.49,1164.4,86.75,95.27,1158.9450000000002,2317.8900000000003,10.910000000000082,0.00941373403447648,182.01999999999998,8.519999999999996,1.0,3.9700000000000273,2.4850000000001273,2.9700000000000273,1.1951705452029495,4.970000000000027,5.9500000000000455,5.460000000000036,0.0,0.0,0.0,6.36712995073547,1.4635171674206124,3.6449787379353484,2.626618548628752
2025-08-03 08:50:34,1157.45,1156.46,86.75,95.27,1156.955,2313.91,0.9900000000000091,0.0008556944731163396,182.01999999999998,8.519999999999996,3.9600000000000364,-7.940000000000055,-1.9900000000002365,11.900000000000091,5.979896492513661,2.9600000000000364,-11.910000000000082,-4.475000000000364,0.0,0.0,0.0,6.356197086275151,1.3408420859052308,3.930398198656315,2.5165636292374356
2025-08-03 08:50:35,1157.45,1163.41,86.75,95.27,1160.43,2320.86,5.960000000000036,0.005136027157919054,182.01999999999998,8.519999999999996,0.0,6.9500000000000455,3.4750000000001364,6.9500000000000455,1.9999994244605317,-3.9600000000000364,14.8900000000001,5.465000000000373,0.0,0.0,0.0,6.375288394817668,1.6830515438732543,3.618127968991803,2.777704987935346
2025-08-03 08:50:36,1156.46,1161.42,86.75,95.27,1158.94,2317.88,4.960000000000036,0.004279772892229332,182.01999999999998,8.519999999999996,-0.9900000000000091,-1.990000000000009,-1.490000000000009,1.0,0.6711404891674528,-0.9900000000000091,-8.940000000000055,-4.9650000000001455,0.0,0.0,0.0,6.367102481226776,1.6237741528101737,3.6721751047575006,2.882389199952175
2025-08-03 08:50:37,1157.45,1161.42,86.75,95.27,1159.435,2318.87,3.9700000000000273,0.0034240815540120366,182.01999999999998,8.519999999999996,0.9900000000000091,0.0,0.49499999999989086,0.9900000000000091,1.9999959596045815,1.9800000000000182,1.990000000000009,1.9849999999999,0.0,0.0,0.0,6.369821962587507,1.2654416222541307,3.617716130378499,2.3930080442825656
2025-08-03 08:50:38,1154.48,1157.45,86.75,95.27,1155.9650000000001,2311.9300000000003,2.9700000000000273,0.002569281939704701,182.01999999999998,8.519999999999996,-2.9700000000000273,-3.9700000000000273,-3.4699999999998,1.0,0.288184354990116,-3.9600000000000364,-3.9700000000000273,-3.9649999999996908,0.0,0.0,0.0,6.350758123553687,1.8361542689365928,1.9118446589617755,2.6816818416808017
2025-08-03 08:50:39,1156.46,1161.42,86.75,95.27,1158.94,2317.88,4.960000000000036,0.004279772892229332,182.01999999999998,8.519999999999996,1.9800000000000182,3.9700000000000273,2.974999999999909,1.990000000000009,0.6689073381824308,4.9500000000000455,7.940000000000055,6.444999999999709,0.0,0.0,0.0,6.367102481226776,1.6673129578256316,1.1353545701676704,2.9429674649917796
2025-08-03 08:50:40,1157.45,1161.42,86.75,95.27,1159.435,2318.87,3.9700000000000273,0.0034240815540120366,182.01999999999998,8.519999999999996,0.9900000000000091,0.0,0.49499999999989086,0.9900000000000091,1.9999959596045815,-0.9900000000000091,-3.9700000000000273,-2.480000000000018,0.0,0.0,0.0,6.369821962587507,1.4622439944597543,0.8318834052922461,2.4188669868349297
2025-08-03 08:50:41,1158.45,1161.42,86.75,95.27,1159.935,2319.87,2.9700000000000273,0.0025604883010164696,182.01999999999998,8.519999999999996,1.0,0.0,0.5,1.0,1.999996000008,0.009999999999990905,0.0,0.005000000000109139,0.0,0.0,0.0,6.372568913456934,1.5917506083972879,0.833078627742083,2.3148201874011525
2025-08-03 08:50:42,1152.49,1161.42,86.75,95.27,1156.955,2313.91,8.930000000000064,0.007718537015079693,182.01999999999998,8.519999999999996,-5.960000000000036,0.0,-2.980000000000018,5.960000000000036,1.9999993288592854,-6.960000000000036,0.0,-3.480000000000018,0.0,0.0,0.0,6.356197086275151,1.7042388328324851,2.4729132617220277,2.694293506654379
2025-08-03 08:50:43,1157.45,1159.44,86.75,95.27,1158.4450000000002,2316.8900000000003,1.990000000000009,0.0017178200072357243,182.01999999999998,8.519999999999996,4.960000000000036,-1.9800000000000182,1.4900000000002365,6.940000000000055,4.657714994821449,10.920000000000073,-1.9800000000000182,4.470000000000255,0.0,0.0,0.0,6.364382999866044,1.142834195906574,2.6803880316104816,2.1918069029913356
2025-08-03 08:50:44,1157.45,1161.42,86.75,95.27,1159.435,2318.87,3.9700000000000273,0.0034240815540120366,182.01999999999998,8.519999999999996,0.0,1.9800000000000182,0.9899999999997817,1.9800000000000182,1.9999979798004797,-4.960000000000036,3.9600000000000364,-0.5000000000004547,0.0,0.0,0.0,6.369821962587507,1.1849388167045611,2.6803880316104824,1.7696482701374612
2025-08-03 08:50:45,1156.46,1161.42,86.75,95.27,1158.94,2317.88,4.960000000000036,0.004279772892229332,182.01999999999998,8.519999999999996,-0.9900000000000091,0.0,-0.49499999999989086,0.9900000000000091,1.9999959596045815,-0.9900000000000091,-1.9800000000000182,-1.4849999999996726,0.0,0.0,0.0,6.367102481226776,1.142834195906574,2.6803880316104816,1.7696482701374614
2025-08-03 08:50:46,1154.48,1154.48,86.75,95.27,1154.48,2308.96,0.0,0.0,182.01999999999998,8.519999999999996,-1.9800000000000182,-6.940000000000055,-4.460000000000036,4.960000000000036,1.1121073739669556,-0.9900000000000091,-6.940000000000055,-3.9650000000001455,0.0,0.0,0.0,6.34259967947149,2.0008916760623596,3.3638891182678408,2.56250951217759
2025-08-03 08:50:47,1157.45,1158.45,86.75,95.27,1157.95,2315.9,1.0,0.0008635951458494794,182.01999999999998,8.519999999999996,2.9700000000000273,3.9700000000000273,3.4700000000000273,1.0,0.28818435499009715,4.9500000000000455,10.910000000000082,7.930000000000064,0.0,0.0,0.0,6.361663518505311,1.9634949705398368,2.05580397898261,2.965624723393132
2025-08-03 08:50:48,1155.47,1157.45,86.75,95.27,1156.46,2312.92,1.9800000000000182,0.0017121214726734141,182.01999999999998,8.519999999999996,-1.9800000000000182,-1.0,-1.490000000000009,0.9800000000000182,0.6577176793841161,-4.9500000000000455,-4.970000000000027,-4.960000000000036,0.0,0.0,0.0,6.353477604914419,2.0131616922979574,2.056287917583705,2.9406495881013113
2025-08-03 08:50:49,1155.47,1160.43,86.75,95.27,1157.95,2315.9,4.960000000000036,0.00428343192341345,182.01999999999998,8.519999999999996,0.0,2.980000000000018,1.490000000000009,2.980000000000018,1.9999986577190219,1.9800000000000182,3.980000000000018,2.980000000000018,0.0,0.0,0.0,6.361663518505311,1.7384562115097186,2.2826300620119637,3.007352656407387
2025-08-03 08:50:50,1154.48,1157.45,86.75,95.27,1155.9650000000001,2311.9300000000003,2.9700000000000273,0.002569281939704701,182.01999999999998,8.519999999999996,-0.9900000000000091,-2.980000000000018,-1.9849999999999,1.990000000000009,1.0025183866406664,-0.9900000000000091,-5.960000000000036,-3.474999999999909,0.0,0.0,0.0,6.350758123553687,1.4624140998150341,1.9063892572086976,3.1041423936411983
2025-08-03 08:50:51,1158.45,1159.44,86.75,95.27,1158.9450000000002,2317.8900000000003,0.9900000000000091,0.0008542251781972257,182.01999999999998,8.519999999999996,3.9700000000000273,1.990000000000009,2.980000000000018,1.9800000000000182,0.6644293072384895,4.960000000000036,4.970000000000027,4.964999999999918,0.0,0.0,0.0,6.36712995073547,1.2165802477995682,1.6583877713010038,2.515674859754407
2025-08-03 08:50:52,1161.42,1160.43,86.78,95.27,1160.9250000000002,2321.8500000000004,0.9900000000000091,0.0008527682659493426,182.05,8.489999999999995,2.9700000000000273,0.9900000000000091,1.9800000000000182,1.9800000000000182,0.99999949494975,-1.0,-1.0,-1.0,0.030000000000001137,0.0,0.030000000000001137,6.376956844949428,1.9969958686324423,1.6604728242282991,2.2029014957551665
2025-08-03 08:50:53,1151.5,1157.45,86.78,95.27,1154.475,2308.95,5.9500000000000455,0.0051538578096937465,182.05,8.489999999999995,-9.920000000000073,-2.980000000000018,-6.450000000000273,6.940000000000055,1.0759688254311528,-12.8900000000001,-3.9700000000000273,-8.430000000000291,0.0,0.0,0.0,6.341527018173429,2.5205396246312373,2.2625914346166693,3.8657334362318934
2025-08-03 08:50:54,1151.5,1155.47,86.78,95.27,1153.4850000000001,2306.9700000000003,3.9700000000000273,0.003441743929533789,182.05,8.489999999999995,0.0,-1.9800000000000182,-0.9899999999997817,1.9800000000000182,1.9999979798004797,9.920000000000073,1.0,5.460000000000491,0.0,0.0,0.0,6.336088951738045,3.110479062674764,2.1048230329414186,3.7194213259593476
2025-08-03 08:50:55,1159.44,1161.42,86.78,95.27,1160.43,2320.86,1.9800000000000182,0.0017062640558187516,182.05,8.489999999999995,7.940000000000055,5.9500000000000455,6.944999999999936,1.990000000000009,0.2865370357758087,7.940000000000055,7.930000000000064,7.934999999999718,0.0,0.0,0.0,6.374237811731734,3.4481473285427042,2.1513437661147323,4.990720889811517
2025-08-03 08:50:56,1159.44,1161.42,86.78,95.27,1160.43,2320.86,1.9800000000000182,0.0017062640558187516,182.05,8.489999999999995,0.0,0.0,0.0,0.0,0.0,-7.940000000000055,-5.9500000000000455,-6.944999999999936,0.0,0.0,0.0,6.374237811731734,3.6456573480424144,1.9850012594456217,4.855280115503226
2025-08-03 08:50:57,1155.47,1156.46,86.78,95.27,1155.9650000000001,2311.9300000000003,0.9900000000000091,0.0008564273132349004,182.05,8.489999999999995,-3.9700000000000273,-4.960000000000036,-4.464999999999918,0.9900000000000091,0.22172447441781698,-3.9700000000000273,-4.960000000000036,-4.464999999999918,0.0,0.0,0.0,6.349711582808506,3.290996429553979,1.9850012594456217,5.143722630546946
2025-08-03 08:50:58,1152.49,1155.47,86.78,95.27,1153.98,2307.96,2.980000000000018,0.0025823671098438887,182.05,8.489999999999995,-2.980000000000018,-0.9900000000000091,-1.9850000000001273,1.990000000000009,1.0025183866405516,0.9900000000000091,3.9700000000000273,2.479999999999791,0.0,0.0,0.0,6.3388079849557375,3.3902739563842244,1.133600458715803,4.273188797607713
2025-08-03 08:50:59,1157.45,1158.45,86.78,95.27,1157.95,2315.9,1.0,0.0008635951458494794,182.05,8.489999999999995,4.960000000000036,2.980000000000018,3.9700000000000273,1.9800000000000182,0.49874042852886047,7.940000000000055,3.9700000000000273,5.955000000000155,0.0,0.0,0.0,6.360615180661274,2.8197482155922278,0.829505877013956,4.579386694744204
2025-08-03 08:51:00,1152.49,1161.42,86.78,95.27,1156.955,2313.91,8.930000000000064,0.007718537015079693,182.05,8.489999999999995,-4.960000000000036,2.9700000000000273,-0.9950000000001182,7.930000000000064,7.969841236339582,-9.920000000000073,-0.009999999999990905,-4.9650000000001455,0.0,0.0,0.0,6.355149649243891,2.389841521803693,3.320049698423324,3.0908028892183412
2025-08-03 08:51:01,1157.45,1159.44,86.78,95.27,1158.4450000000002,2316.8900000000003,1.990000000000009,0.0017178200072357243,182.05,8.489999999999995,4.960000000000036,-1.9800000000000182,1.4900000000002365,6.940000000000055,4.657714994821449,9.920000000000073,-4.9500000000000455,2.4850000000003547,0.0,0.0,0.0,6.363334213878967,1.7750190137961779,3.3191520001350963,3.242662100805554
2025-08-03 08:51:02,1154.48,1160.43,86.78,95.27,1157.455,2314.91,5.9500000000000455,0.00514058861455474,182.05,8.489999999999995,-2.9700000000000273,0.9900000000000091,-0.9900000000002365,3.9600000000000364,3.999995959599122,-7.930000000000064,2.9700000000000273,-2.480000000000473,0.0,0.0,0.0,6.35789614744358,1.75433249395239,3.242044108275023,2.421122157182697
2025-08-03 08:51:03,1152.49,1161.42,86.78,95.27,1156.955,2313.91,8.930000000000064,0.007718537015079693,182.05,8.489999999999995,-1.990000000000009,0.9900000000000091,-0.5,2.980000000000018,5.959988080023876,0.9800000000000182,0.0,0.49000000000023647,0.0,0.0,0.0,6.355149649243891,0.6477036354196241,3.7484796918218475,2.146567026673256
2025-08-03 08:51:04,1157.45,1159.44,86.78,95.27,1158.4450000000002,2316.8900000000003,1.990000000000009,0.0017178200072357243,182.05,8.489999999999995,4.960000000000036,-1.9800000000000182,1.4900000000002365,6.940000000000055,4.657714994821449,6.9500000000000455,-2.9700000000000273,1.9900000000002365,0.0,0.0,0.0,6.363334213878967,0.7530139436528551,3.4769124234010804,1.2856243619350698
2025-08-03 08:51:05,1153.49,1160.43,86.78,95.27,1156.96,2313.92,6.940000000000055,0.005998478766769443,182.05,8.489999999999995,-3.9600000000000364,0.9900000000000091,-1.4850000000001273,4.9500000000000455,3.3333310886656786,-8.920000000000073,2.9700000000000273,-2.975000000000364,0.0,0.0,0.0,6.355177114225888,0.7518610239502878,3.08638947639483,1.4031678445578055
2025-08-03 08:51:06,1155.47,1157.45,86.78,95.27,1156.46,2312.92,1.9800000000000182,0.0017121214726734141,182.05,8.489999999999995,1.9800000000000182,-2.980000000000018,-0.5,4.960000000000036,9.919980160039753,5.940000000000055,-3.9700000000000273,0.9850000000001273,0.0,0.0,0.0,6.352430616026198,0.7525207633921673,3.088959371697973,1.1310813410187608
2025-08-03 08:51:07,1157.45,1159.44,86.78,95.27,1158.4450000000002,2316.8900000000003,1.990000000000009,0.0017178200072357243,182.05,8.489999999999995,1.9800000000000182,1.990000000000009,1.9850000000001273,0.009999999999990905,0.005037780837385102,0.0,4.970000000000027,2.4850000000001273,0.0,0.0,0.0,6.363334213878967,0.928066538205098,3.333141161127261,1.4722032808008567
2025-08-03 08:51:08,1154.48,1158.45,86.78,95.27,1156.4650000000001,2312.9300000000003,3.9700000000000273,0.003432875181321658,182.05,8.489999999999995,-2.9700000000000273,-0.9900000000000091,-1.9800000000000182,1.9800000000000182,0.99999949494975,-4.9500000000000455,-2.980000000000018,-3.9650000000001455,0.0,0.0,0.0,6.352458081008195,1.0155478813606689,2.170582871028131,1.7669132689526275
2025-08-03 08:51:09,1157.45,1154.48,86.78,95.27,1155.9650000000001,2311.9300000000003,2.9700000000000273,0.002569281939704701,182.05,8.489999999999995,2.9700000000000273,-3.9700000000000273,-0.5,6.940000000000055,13.879972240055627,5.940000000000055,-2.980000000000018,1.4800000000000182,0.0,0.0,0.0,6.349711582808506,0.9538435402816717,2.0555656155911697,1.527724615236879
2025-08-03 08:51:10,1156.46,1157.45,86.78,95.27,1156.955,2313.91,0.9900000000000091,0.0008556944731163396,182.05,8.489999999999995,-0.9900000000000091,2.9700000000000273,0.9899999999997817,3.9600000000000364,3.9999959596009593,-3.9600000000000364,6.940000000000055,1.4899999999997817,0.0,0.0,0.0,6.355149649243891,0.9537137931984986,1.131415043209471,1.528129575657925
2025-08-03 08:51:11,1157.45,1159.44,86.78,95.27,1158.4450000000002,2316.8900000000003,1.990000000000009,0.0017178200072357243,182.05,8.489999999999995,0.9900000000000091,1.990000000000009,1.4900000000002365,1.0,0.6711404891673505,1.9800000000000182,-0.9800000000000182,0.5000000000004547,0.0,0.0,0.0,6.363334213878967,1.1413150307151205,1.1305396941287336,1.6219417375481213
2025-08-03 08:51:12,1155.47,1158.45,86.78,95.27,1156.96,2313.92,2.980000000000018,0.0025757156664226095,182.05,8.489999999999995,-1.9800000000000182,-0.9900000000000091,-1.4850000000001273,0.9900000000000091,0.6666662177331357,-2.9700000000000273,-2.980000000000018,-2.975000000000364,0.0,0.0,0.0,6.355177114225888,0.9273995898947363,1.1314150432094683,1.511189928500252
2025-08-03 08:51:13,1156.46,1161.42,86.78,95.31,1158.94,2317.88,4.960000000000036,0.004279772892229332,182.09,8.530000000000001,0.9900000000000091,2.9700000000000273,1.9800000000000182,1.9800000000000182,0.99999949494975,2.9700000000000273,3.9600000000000364,3.4650000000001455,0.0,0.04000000000000625,0.04000000000000625,6.36465480605934,1.2145400361189858,1.471111824437793,1.4448788876582819
2025-08-03 08:51:14,1153.49,1161.42,86.78,95.31,1157.455,2314.91,7.930000000000064,0.006851238271162875,182.09,8.530000000000001,-2.9700000000000273,0.0,-1.4850000000001273,2.9700000000000273,1.9999986531994072,-3.9600000000000364,-2.9700000000000273,-3.4650000000001455,0.0,0.0,0.0,6.35649949828931,0.9003152222057337,2.7496636157902583,1.6648596036905754
2025-08-03 08:51:15,1156.46,1156.46,86.78,95.31,1156.46,2312.92,0.0,0.0,182.09,8.530000000000001,2.9700000000000273,-4.960000000000036,-0.9949999999998909,7.930000000000064,7.969841236341404,5.940000000000055,-4.960000000000036,0.49000000000023647,0.0,0.0,0.0,6.351035167493904,1.0279019891680112,3.0220473192855186,1.6949904129524653
2025-08-03 08:51:16,1156.46,1156.46,86.78,95.31,1156.46,2312.92,0.0,0.0,182.09,8.530000000000001,0.0,0.0,0.0,0.0,0.0,-2.9700000000000273,4.960000000000036,0.9949999999998909,0.0,0.0,0.0,6.351035167493904,1.0283846553388034,3.3909998525509892,1.4605504099484425
2025-08-03 08:51:17,1154.48,1162.41,86.78,95.31,1158.4450000000002,2316.8900000000003,7.930000000000064,0.006845383244914242,182.09,8.530000000000001,-1.9800000000000182,5.9500000000000455,1.9850000000001273,7.930000000000064,3.994960204050051,-1.9800000000000182,5.9500000000000455,1.9850000000001273,0.0,0.0,0.0,6.361936370135997,1.1311863238811672,3.9898909759542147,1.6290204111675821
2025-08-03 08:51:18,1153.49,1161.42,86.78,95.31,1157.455,2314.91,7.930000000000064,0.006851238271162875,182.09,8.530000000000001,-0.9900000000000091,-0.9900000000000091,-0.9900000000002365,0.0,0.0,0.9900000000000091,-6.940000000000055,-2.975000000000364,0.0,0.0,0.0,6.35649949828931,0.8306849579331258,4.343439881016072,1.3851471041014742
2025-08-03 08:51:19,1154.48,1160.43,86.78,95.31,1157.455,2314.91,5.9500000000000455,0.00514058861455474,182.09,8.530000000000001,0.9900000000000091,-0.9900000000000091,0.0,1.9800000000000182,1980000.0000000184,1.9800000000000182,0.0,0.9900000000002365,0.0,0.0,0.0,6.35649949828931,0.8306849579331258,4.063160100217671,1.2155605702722605
2025-08-03 08:51:20,1156.46,1159.44,86.78,95.31,1157.95,2315.9,2.980000000000018,0.0025735135346314645,182.09,8.530000000000001,1.9800000000000182,-0.9900000000000091,0.49500000000011823,2.9700000000000273,5.999987878810988,0.9900000000000091,0.0,0.49500000000011823,0.0,0.0,0.0,6.359217934212654,0.7360587607900482,3.433070054630518,1.0864310838708104
2025-08-03 08:51:21,1158.45,1161.42,86.78,95.31,1159.935,2319.87,2.9700000000000273,0.0025604883010164696,182.09,8.530000000000001,1.990000000000009,1.9800000000000182,1.9849999999999,0.009999999999990905,0.0050377808373856785,0.009999999999990905,2.9700000000000273,1.4899999999997817,0.0,0.0,0.0,6.370119136854747,1.0285037672922805,2.487472612914699,1.2932952099194661
2025-08-03 08:51:22,1152.49,1162.41,86.82,95.31,1157.45,2314.9,9.920000000000073,0.008570564595817967,182.13,8.490000000000009,-5.960000000000036,0.9900000000000091,-2.4849999999999,6.9500000000000455,2.7967795586401474,-7.9500000000000455,-0.9900000000000091,-4.4699999999998,0.03999999999999204,0.0,0.03999999999999204,6.355076009690463,1.0760192839046767,3.0570655864735232,1.6690244156393717
2025-08-03 08:51:23,1158.45,1158.45,86.82,95.31,1158.45,2316.9,0.0,0.0,182.13,8.490000000000009,5.960000000000036,-3.9600000000000364,1.0,9.920000000000073,9.919990080009994,11.920000000000073,-4.9500000000000455,3.4849999999999,0.0,0.0,0.0,6.3605665933093585,1.0297123381480706,3.7512571226191382,1.670514142412517
2025-08-03 08:51:24,1159.44,1161.42,86.82,95.31,1160.43,2320.86,1.9800000000000182,0.0017062640558187516,182.13,8.490000000000009,0.9900000000000091,2.9700000000000273,1.9800000000000182,1.9800000000000182,0.99999949494975,-4.970000000000027,6.930000000000064,0.9800000000000182,0.0,0.0,0.0,6.371437948874772,1.2848521313105703,3.75178624124574,1.8378486063874289
2025-08-03 08:51:25,1160.43,1160.43,86.82,95.31,1160.43,2320.86,0.0,0.0,182.13,8.490000000000009,0.9900000000000091,-0.9900000000000091,0.0,1.9800000000000182,1980000.0000000184,0.0,-3.9600000000000364,-1.9800000000000182,0.0,0.0,0.0,6.371437948874772,1.3317676221219616,4.09036428695549,1.8578058294666377
2025-08-03 08:51:26,1160.43,1158.45,86.82,95.31,1159.44,2318.88,1.9800000000000182,0.0017077209672706625,182.13,8.490000000000009,0.0,-1.9800000000000182,-0.9900000000000091,1.9800000000000182,1.9999979798000203,-0.9900000000000091,-0.9900000000000091,-0.9900000000000091,0.0,0.0,0.0,6.366002271092065,1.2942565430905184,4.114496323974649,1.7339780852134026
2025-08-03 08:51:27,1151.5,1157.45,86.82,95.31,1154.475,2308.95,5.9500000000000455,0.0051538578096937465,182.13,8.490000000000009,-8.930000000000064,-1.0,-4.9650000000001455,7.930000000000064,1.597179940144993,-8.930000000000064,0.9800000000000182,-3.9750000000001364,0.0,0.0,0.0,6.338741523424249,2.4714064820126005,2.429078014391627,2.682424276657364
2025-08-03 08:51:28,1159.44,1161.42,86.82,95.31,1160.43,2320.86,1.9800000000000182,0.0017062640558187516,182.13,8.490000000000009,7.940000000000055,3.9700000000000273,5.955000000000155,3.9700000000000273,0.6666665547159311,16.87000000000012,4.970000000000027,10.9200000000003,0.0,0.0,0.0,6.371437948874772,2.5882194650634474,2.173089965924268,4.007170760025242
2025-08-03 08:51:29,1153.49,1161.42,86.82,95.31,1157.455,2314.91,7.930000000000064,0.006851238271162875,182.13,8.490000000000009,-5.9500000000000455,0.0,-2.9750000000001364,5.9500000000000455,1.9999993277312418,-13.8900000000001,-3.9700000000000273,-8.930000000000291,0.0,0.0,0.0,6.355103462608557,2.530388803985318,3.258645424098915,4.128372863490098
2025-08-03 08:51:30,1157.45,1160.43,86.82,95.31,1158.94,2317.88,2.980000000000018,0.002571315165089394,182.13,8.490000000000009,3.9600000000000364,-0.9900000000000091,1.4850000000001273,4.9500000000000455,3.3333310886656786,9.910000000000082,-0.9900000000000091,4.460000000000264,0.0,0.0,0.0,6.3632569792826175,2.317068729954863,2.6605506948751656,4.233945559404556
2025-08-03 08:51:31,1159.44,1158.45,86.82,95.31,1158.9450000000002,2317.8900000000003,0.9900000000000091,0.0008542251781972257,182.13,8.490000000000009,1.990000000000009,-1.9800000000000182,0.005000000000109139,3.9700000000000273,793.8412317363303,-1.9700000000000273,-0.9900000000000091,-1.4800000000000182,0.0,0.0,0.0,6.363284432200713,2.2578845186002785,2.890610662126733,4.216637285800329
2025-08-03 08:51:32,1158.45,1158.45,86.82,95.31,1158.45,2316.9,0.0,0.0,182.13,8.490000000000009,-0.9900000000000091,0.0,-0.49500000000011823,0.9900000000000091,1.9999959596036627,-2.980000000000018,1.9800000000000182,-0.5000000000002274,0.0,0.0,0.0,6.3605665933093585,1.0746359845702835,3.0876738817434726,3.3016208140852834
2025-08-03 08:51:33,1155.47,1157.45,86.82,95.31,1156.46,2312.92,1.9800000000000182,0.0017121214726734141,182.13,8.490000000000009,-2.980000000000018,-1.0,-1.990000000000009,1.9800000000000182,0.9949743743847411,-1.990000000000009,-1.0,-1.4949999999998909,0.0,0.0,0.0,6.349640331907757,1.0764815369223237,3.0876738817434726,1.739886490550682
2025-08-03 08:51:34,1158.45,1154.48,86.82,95.31,1156.4650000000001,2312.9300000000003,3.9700000000000273,0.003432875181321658,182.13,8.490000000000009,2.980000000000018,-2.9700000000000273,0.005000000000109139,5.9500000000000455,1189.7620475645263,5.960000000000036,-1.9700000000000273,1.9950000000001182,0.0,0.0,0.0,6.349667784825852,1.2842731404708696,1.5700732466992453,1.246432910348806
2025-08-03 08:51:35,1156.46,1159.44,86.82,95.31,1157.95,2315.9,2.980000000000018,0.0025735135346314645,182.13,8.490000000000009,-1.990000000000009,4.960000000000036,1.4849999999999,6.9500000000000455,4.680131528531303,-4.970000000000027,7.930000000000064,1.4799999999997908,0.0,0.0,0.0,6.357821301499911,1.143161186944015,1.5700732466992453,1.2464329103487293
2025-08-03 08:51:36,1157.45,1158.45,86.82,95.31,1157.95,2315.9,1.0,0.0008635951458494794,182.13,8.490000000000009,0.9900000000000091,-0.9900000000000091,0.0,1.9800000000000182,1980000.0000000184,2.980000000000018,-5.9500000000000455,-1.4849999999999,0.0,0.0,0.0,6.357821301499911,0.9287356993975705,1.5684960949905848,1.2462313188170133
2025-08-03 08:51:37,1157.45,1160.43,86.82,95.34,1158.94,2317.88,2.980000000000018,0.002571315165089394,182.16,8.52000000000001,0.0,1.9800000000000182,0.9900000000000091,1.9800000000000182,1.9999979798000203,-0.9900000000000091,2.9700000000000273,0.9900000000000091,0.0,0.030000000000001137,0.030000000000001137,6.362209012065168,1.0744044859062127,1.1300973409404524,1.3320501116701196
2025-08-03 08:51:38,1157.45,1163.41,86.82,95.34,1160.43,2320.86,5.960000000000036,0.005136027157919054,182.16,8.52000000000001,0.0,2.980000000000018,1.490000000000009,2.980000000000018,1.9999986577190219,0.0,1.0,0.5,0.0,0.0,0.0,6.370388634330322,1.4618207822213594,1.8020044395063752,0.7505448021273362
2025-08-03 08:51:39,1157.45,1160.43,86.82,95.34,1158.94,2317.88,2.980000000000018,0.002571315165089394,182.16,8.52000000000001,0.0,-2.980000000000018,-1.490000000000009,2.980000000000018,1.9999986577190219,0.0,-5.960000000000036,-2.980000000000018,0.0,0.0,0.0,6.362209012065168,1.016400511281663,1.774880277652746,1.2649505919206503
2025-08-03 08:51:40,1158.45,1157.45,86.82,95.34,1157.95,2315.9,1.0,0.0008635951458494794,182.16,8.52000000000001,1.0,-2.980000000000018,-0.9900000000000091,3.980000000000018,4.020197959395982,1.0,0.0,0.5,0.0,0.0,0.0,6.356774229486308,1.016400511281663,2.0328010232191236,1.2649505919206734
2025-08-03 08:51:41,1157.45,1163.41,86.82,95.34,1160.43,2320.86,5.960000000000036,0.005136027157919054,182.16,8.52000000000001,-1.0,5.960000000000036,2.480000000000018,6.960000000000036,2.806450481269961,-2.0,8.940000000000055,3.4700000000000273,0.0,0.0,0.0,6.370388634330322,1.0756718827472191,2.1513437661147257,1.6823138827223882
2025-08-03 08:51:42,1149.52,1163.41,86.82,95.34,1156.4650000000001,2312.9300000000003,13.8900000000001,0.01201073961424631,182.16,8.52000000000001,-7.930000000000064,0.0,-3.964999999999918,7.930000000000064,1.9999994955865654,-6.930000000000064,-5.960000000000036,-6.444999999999936,0.0,0.0,0.0,6.3486220556180175,1.6954999260789418,4.90833169213338,2.5527827953040463
2025-08-03 08:51:43,1157.45,1159.44,86.82,95.34,1158.4450000000002,2316.8900000000003,1.990000000000009,0.0017178200072357243,182.16,8.52000000000001,7.930000000000064,-3.9700000000000273,1.9800000000000182,11.900000000000091,6.010097974697984,15.860000000000127,-3.9700000000000273,5.944999999999936,0.0,0.0,0.0,6.359491620775739,1.4448762920521474,5.219188634261172,2.655380387063283
2025-08-03 08:51:44,1157.45,1161.42,86.82,95.34,1159.435,2318.87,3.9700000000000273,0.0034240815540120366,182.16,8.52000000000001,0.0,1.9800000000000182,0.9899999999997817,1.9800000000000182,1.9999979798004797,-7.930000000000064,5.9500000000000455,-0.9900000000002365,0.0,0.0,0.0,6.364926403354598,1.5029762138284366,5.133699445818871,2.6316924212377515
2025-08-03 08:51:45,1154.48,1161.42,86.82,95.34,1157.95,2315.9,6.940000000000055,0.005993350312195434,182.16,8.52000000000001,-2.9700000000000273,0.0,-1.4849999999999,2.9700000000000273,1.9999986531997134,-2.9700000000000273,-1.9800000000000182,-2.4749999999996817,0.0,0.0,0.0,6.356774229486308,1.5029762138284366,4.522880719187811,2.6915306983202205
2025-08-03 08:51:46,1157.45,1154.48,86.82,95.34,1155.9650000000001,2311.9300000000003,2.9700000000000273,0.002569281939704701,182.16,8.52000000000001,2.9700000000000273,-6.940000000000055,-1.9849999999999,9.910000000000082,4.99244080985379,5.940000000000055,-6.940000000000055,-0.5,0.0,0.0,0.0,6.345877215931725,1.4275573541318642,4.8090040548954525,2.3864162461733396
2025-08-03 08:51:47,1157.45,1159.44,86.82,95.34,1158.4450000000002,2316.8900000000003,1.990000000000009,0.0017178200072357243,182.16,8.52000000000001,0.0,4.960000000000036,2.480000000000018,4.960000000000036,1.9999991935487123,-2.9700000000000273,11.900000000000091,4.464999999999918,0.0,0.0,0.0,6.359491620775739,1.2833043284175343,2.0536358002335047,2.025602996640801
2025-08-03 08:51:48,1154.48,1160.43,86.82,95.34,1157.455,2314.91,5.9500000000000455,0.00514058861455474,182.16,8.52000000000001,-2.9700000000000273,0.9900000000000091,-0.9900000000002365,3.9600000000000364,3.999995959599122,-2.9700000000000273,-3.9700000000000273,-3.4700000000002547,0.0,0.0,0.0,6.354056838196877,1.283111452421652,2.054599717706756,1.8748353261020752
2025-08-03 08:51:49,1156.46,1161.42,86.82,95.34,1158.94,2317.88,4.960000000000036,0.004279772892229332,182.16,8.52000000000001,1.9800000000000182,0.9900000000000091,1.4850000000001273,0.9900000000000091,0.6666662177331357,4.9500000000000455,0.0,2.475000000000364,0.0,0.0,0.0,6.362209012065168,1.1415307702098376,2.054840626423537,1.964190036631004
2025-08-03 08:51:50,1150.51,1160.43,86.82,95.34,1155.47,2310.94,9.920000000000073,0.008585251015963045,182.16,8.52000000000001,-5.9500000000000455,-0.9900000000000091,-3.4700000000000273,4.960000000000036,1.4293944007508923,-7.930000000000064,-1.9800000000000182,-4.955000000000155,0.0,0.0,0.0,6.343159824642294,1.512088786856386,3.088959371697972,2.4539137107894846
2025-08-03 08:51:51,1152.49,1161.42,86.82,95.34,1156.955,2313.91,8.930000000000064,0.007718537015079693,182.16,8.52000000000001,1.9800000000000182,0.9900000000000091,1.4849999999999,0.9900000000000091,0.6666662177332378,7.930000000000064,1.9800000000000182,4.954999999999927,0.0,0.0,0.0,6.3513119985105835,1.3578963507339437,3.182098364287426,2.4179448918452766
2025-08-03 08:51:52,1154.48,1161.42,86.82,95.34,1157.95,2315.9,6.940000000000055,0.005993350312195434,182.16,8.52000000000001,1.990000000000009,0.0,0.9950000000001182,1.990000000000009,1.9999979899515403,0.009999999999990905,-0.9900000000000091,-0.4899999999997817,0.0,0.0,0.0,6.356774229486308,1.283498149331228,2.057972303020763,2.143155967259657
2025-08-03 08:51:53,1153.49,1154.48,86.82,95.34,1153.9850000000001,2307.9700000000003,0.9900000000000091,0.0008578967656790272,182.16,8.52000000000001,-0.9900000000000091,-6.940000000000055,-3.964999999999918,5.9500000000000455,1.5006301385548624,-2.980000000000018,-6.940000000000055,-4.960000000000036,0.0,0.0,0.0,6.335007650774004,1.9698508825132517,3.5500380279654373,2.772833388431493
2025-08-03 08:51:54,1155.47,1161.42,86.82,95.34,1158.4450000000002,2316.8900000000003,5.9500000000000455,0.005136195499021403,182.16,8.52000000000001,1.9800000000000182,6.940000000000055,4.460000000000036,4.960000000000036,1.1121073739669556,2.9700000000000273,13.88000000000011,8.424999999999955,0.0,0.0,0.0,6.359491620775739,1.8343984025665063,3.480191086707843,3.5637048839656176
2025-08-03 08:51:55,1157.45,1161.42,86.82,95.34,1159.435,2318.87,3.9700000000000273,0.0034240815540120366,182.16,8.52000000000001,1.9800000000000182,0.0,0.9899999999997817,1.9800000000000182,1.9999979798004797,0.0,-6.940000000000055,-3.4700000000002547,0.0,0.0,0.0,6.364926403354598,2.0847913563079365,3.0256536483875203,3.0267114993008932
2025-08-03 08:51:56,1158.45,933.86,86.82,97.6,1046.155,2092.31,224.59000000000003,0.21468138066091413,184.42,10.780000000000001,1.0,-227.56000000000006,-113.27999999999997,228.56000000000006,2.0176553494204166,-0.9800000000000182,-227.56000000000006,-114.26999999999975,0.0,2.259999999999991,2.259999999999991,5.672676468535537,49.8174563280724,98.47022961281242,51.02600648198916
2025-08-03 08:51:57,1046.5,747.73,85.27,100.86,897.115,1794.23,298.77,0.33303422601000515,186.13,15.590000000000003,-111.95000000000005,-186.13,-149.03999999999996,74.17999999999995,0.49771872988648175,-112.95000000000005,41.430000000000064,-35.75999999999999,-1.5499999999999972,3.260000000000005,4.810000000000002,4.819830200291032,114.54683657788001,143.75972829690517,73.27157272776391
2025-08-03 08:51:58,939.78,512.51,82.0,103.66,726.145,1452.29,427.27,0.5884086503543938,185.66,21.659999999999997,-106.72000000000003,-235.22000000000003,-170.97000000000003,128.5,0.7515938424776636,5.230000000000018,-49.09000000000003,-21.930000000000064,-3.269999999999996,2.799999999999997,6.069999999999993,3.911154778028898,185.87914226722646,185.59615890421867,83.19777563132318
2025-08-03 08:51:59,645.65,334.98,79.1,105.92,490.315,980.63,310.66999999999996,0.6336130841732088,185.01999999999998,26.820000000000007,-294.13,-177.52999999999997,-235.82999999999998,116.60000000000002,0.4944239473585892,-187.40999999999997,57.690000000000055,-64.85999999999996,-2.9000000000000057,2.260000000000005,5.160000000000011,2.650064843530079,264.6711295551523,157.0141785954376,87.48321341834664
2025-08-03 08:52:00,344.72,212.51,76.78,107.67,278.615,557.23,132.21000000000004,0.4745257775980269,184.45,30.89,-300.92999999999995,-122.47000000000003,-211.7,178.45999999999992,0.8429853526547689,-6.7999999999999545,55.059999999999945,24.129999999999995,-2.319999999999993,1.75,4.069999999999993,1.5105177472999853,308.2750468007437,109.41337084652852,48.8362706397612
2025-08-03 08:52:01,203.77,175.64,75.06,108.68,189.70499999999998,379.40999999999997,28.130000000000024,0.1482828594487081,183.74,33.620000000000005,-140.95000000000002,-36.870000000000005,-88.91000000000003,104.08000000000001,1.1706219641140256,159.97999999999993,85.60000000000002,122.78999999999996,-1.7199999999999989,1.0100000000000051,2.730000000000004,1.032464346182299,297.02215006628927,158.13289917028644,57.183933495344654
2025-08-03 08:52:02,172.73,182.43,74.29,108.68,177.57999999999998,355.15999999999997,9.700000000000017,0.05462326807848153,182.97000000000003,34.39,-31.04000000000002,6.7900000000000205,-12.125,37.83000000000004,3.119999742680437,109.91,43.660000000000025,76.78500000000003,-0.769999999999996,0.0,0.769999999999996,0.9705416135402435,234.07657293074348,182.0404053500211,92.42469945853219
2025-08-03 08:52:03,179.52,167.88,74.29,108.88,173.7,347.4,11.640000000000015,0.06701208942422525,183.17000000000002,34.58999999999999,6.7900000000000205,-14.550000000000011,-3.8799999999999955,21.340000000000032,5.499998582474607,37.83000000000004,-21.340000000000032,8.245000000000005,0.0,0.19999999999998863,0.19999999999998863,0.948299388828414,134.67923877681366,128.9714164068923,108.92731684476578
2025-08-03 08:52:04,164.0,162.06,74.15,108.95,163.03,326.06,1.9399999999999977,0.011899650298106775,183.10000000000002,34.8,-15.52000000000001,-5.819999999999993,-10.669999999999987,9.700000000000017,0.9090908238902723,-22.31000000000003,8.730000000000018,-6.789999999999992,-0.14000000000000057,0.07000000000000739,0.21000000000000796,0.8903877613851022,46.869737491287225,54.223757062749094,88.84636005487222
2025-08-03 08:52:05,159.15,164.97,74.08,108.95,162.06,324.12,5.819999999999993,0.03591262473212001,183.03,34.870000000000005,-4.849999999999994,2.9099999999999966,-0.9699999999999989,7.759999999999991,7.999991752585822,10.670000000000016,8.72999999999999,9.699999999999989,-0.07000000000000739,0.0,0.07000000000000739,0.8854286134216871,11.394919920834987,10.043130985904558,36.9622588595447
2025-08-03 08:52:06,163.03,160.12,74.08,109.01,161.575,323.15,2.9099999999999966,0.018010211864396008,183.09,34.93000000000001,3.8799999999999955,-4.849999999999994,-0.48500000000001364,8.72999999999999,17.999962886673934,8.72999999999999,-7.759999999999991,0.4849999999999852,0.0,0.060000000000002274,0.060000000000002274,0.8824894812251379,7.494780183718437,4.20581977740811,5.450588729668373
2025-08-03 08:52:07,157.21,154.31,74.02,109.08,155.76,311.52,2.9000000000000057,0.018618387142922566,183.1,35.06,-5.819999999999993,-5.810000000000002,-5.814999999999998,0.009999999999990905,0.001719690159982932,-9.699999999999989,-0.960000000000008,-5.329999999999984,-0.060000000000002274,0.06999999999999318,0.12999999999999545,0.8506826824102529,6.510944632099967,3.965314615517596,4.143403492298061
2025-08-03 08:52:08,154.31,155.27,73.95,109.08,154.79000000000002,309.58000000000004,0.960000000000008,0.0062019509903615015,183.03,35.129999999999995,-2.9000000000000057,0.960000000000008,-0.9699999999999704,3.8600000000000136,3.9793773408482376,2.9199999999999875,6.77000000000001,4.845000000000027,-0.06999999999999318,0.0,0.06999999999999318,0.8457083492011783,3.8560206174607585,1.817382733503827,4.42330560779919
2025-08-03 08:52:09,156.24,152.37,73.95,109.12,154.305,308.61,3.8700000000000045,0.025080198146008273,183.07,35.17,1.9300000000000068,-2.9000000000000057,-0.48500000000001364,4.8300000000000125,9.958742353108297,4.8300000000000125,-3.8600000000000136,0.4849999999999568,0.0,0.04000000000000625,0.04000000000000625,0.842874305768972,3.8007542017720053,1.7651260578320636,2.288085990514255
2025-08-03 08:52:10,152.37,156.24,73.88,109.12,154.305,308.61,3.8700000000000045,0.025080198146008273,183.0,35.24000000000001,-3.8700000000000045,3.8700000000000045,0.0,7.740000000000009,7740000.000000009,-5.800000000000011,6.77000000000001,0.48500000000001364,-0.07000000000000739,0.0,0.07000000000000739,0.8431967167038431,3.0919383082933747,1.1880109427264787,2.4081927871305453
2025-08-03 08:52:11,156.24,112.64,73.88,109.42,134.44,268.88,43.60000000000001,0.32430823918247376,183.3,35.540000000000006,3.8700000000000045,-43.60000000000001,-19.86500000000001,47.47000000000001,2.389629882223514,7.740000000000009,-47.47000000000001,-19.86500000000001,0.0,0.29999999999999716,0.29999999999999716,0.7334424400794193,9.120161045853761,18.240322091455408,8.40159106955272
2025-08-03 08:52:12,101.02,106.83,73.55,109.42,103.925,207.85,5.810000000000002,0.055905700688903555,182.97,35.870000000000005,-55.22000000000001,-5.810000000000002,-30.515,49.41000000000001,1.6192036172635225,-59.09000000000002,37.790000000000006,-10.649999999999991,-0.3299999999999983,0.0,0.3299999999999983,0.5679892847571225,22.13428522682265,17.959935133514154,14.049787631846556
2025-08-03 08:52:13,97.15,103.93,73.55,109.42,100.54,201.08,6.780000000000001,0.0674358457585454,182.97,35.870000000000005,-3.8699999999999903,-2.8999999999999915,-3.384999999999991,0.9699999999999989,0.2865582609872202,51.35000000000002,2.910000000000011,27.13000000000001,0.0,0.0,0.0,0.5494889842625077,26.209453590305387,17.271575782193004,13.68269344829403
2025-08-03 08:52:14,91.34,99.09,73.55,109.42,95.215,190.43,7.75,0.08139473736916727,182.97,35.870000000000005,-5.810000000000002,-4.840000000000003,-5.325000000000003,0.9699999999999989,0.1821595902047715,-1.940000000000012,-1.940000000000012,-1.940000000000012,0.0,0.0,0.0,0.5203858527606392,25.54380526668663,16.852927638841738,12.915801175304168
2025-08-03 08:52:15,88.44,95.22,73.55,109.42,91.83,183.66,6.780000000000001,0.07383208021526648,182.97,35.870000000000005,-2.9000000000000057,-3.8700000000000045,-3.385000000000005,0.9699999999999989,0.28655826098721904,2.9099999999999966,0.9699999999999989,1.9399999999999977,0.0,0.0,0.0,0.5018855522660242,17.00570088242308,16.48068354165068,12.21096228804219
2025-08-03 08:52:16,83.6,91.34,73.55,109.42,87.47,174.94,7.740000000000009,0.08848748041056967,182.97,35.870000000000005,-4.840000000000003,-3.8799999999999955,-4.359999999999999,0.960000000000008,0.22018343573774593,-1.9399999999999977,-0.009999999999990905,-0.9749999999999943,0.0,0.0,0.0,0.47805650938374317,6.5949823731738295,0.8091785958841204,11.83438549312926
2025-08-03 08:52:17,80.7,87.47,73.55,109.42,84.08500000000001,168.17000000000002,6.769999999999996,0.08051376487466529,182.97,35.870000000000005,-2.8999999999999915,-3.8700000000000045,-3.384999999999991,0.9700000000000131,0.2865582609872244,1.940000000000012,0.009999999999990905,0.9750000000000085,0.0,0.0,0.0,0.4595562088891283,6.448196065760203,0.5304055052853036,0.8681560919487964
2025-08-03 08:52:18,76.83,84.57,73.55,109.42,80.69999999999999,161.39999999999998,7.739999999999995,0.09591077948065944,182.97,35.870000000000005,-3.8700000000000045,-2.9000000000000057,-3.3850000000000193,0.9699999999999989,0.2865582609872178,-0.9700000000000131,0.9699999999999989,-2.842170943040401e-14,0.0,0.0,0.0,0.4410559083945132,5.820765628548983,0.5304055052852651,0.8681560919487916
2025-08-03 08:52:19,74.89,81.67,73.55,109.42,78.28,156.56,6.780000000000001,0.08661216036519981,182.97,35.870000000000005,-1.9399999999999977,-2.8999999999999915,-2.4199999999999875,0.9599999999999937,0.39669405095287097,1.9300000000000068,1.4210854715202004e-14,0.9650000000000318,0.0,0.0,0.0,0.42782969651948577,5.381607102205373,0.527655190476657,0.6858990450407105
2025-08-03 08:52:20,71.99,80.7,73.55,109.42,76.345,152.69,8.710000000000008,0.11408736506533032,182.97,35.870000000000005,-2.9000000000000057,-0.9699999999999989,-1.9350000000000023,1.9300000000000068,0.9974155052116276,-0.960000000000008,1.9299999999999926,0.4849999999999852,0.0,0.0,0.0,0.41725419239627154,4.46734456948606,0.8091785958840498,0.9446732239180555
