time,force_left,force_right,dis_left,dis_right,force_avg,force_sum,force_diff,force_diff_ratio,total_delta_dis,dis_diff,left_force_rate,right_force_rate,force_rate,force_rate_diff,force_rate_ratio,left_force_acc,right_force_acc,force_acc,left_dis_rate,right_dis_rate,dis_rate_diff,stiffness_ratio,force_std_5s,force_diff_std_5s,force_rate_std_5s
2024-07-06 10:10:49,342.45,340.38,1.72,-0.06,341.41499999999996,682.8299999999999,2.069999999999993,0.00606300248652517,1.66,1.78,0.0,0.0,0.0,0.0,0.0,0.0,0.0,0.0,0.0,0.0,0.0,205.67156284845612,0.0,0.0,0.0
2024-07-06 10:10:50,373.52,340.38,2.09,-0.06,356.95,713.9,33.139999999999986,0.09284213449266802,2.03,2.15,31.069999999999993,0.0,15.535000000000025,31.069999999999993,1.9999998712584535,31.069999999999993,0.0,15.535000000000025,0.3699999999999999,0.0,0.3699999999999999,175.83735180426018,0.0,0.0,0.0
2024-07-06 10:10:51,346.59,336.23,2.29,-0.06,341.40999999999997,682.8199999999999,10.359999999999957,0.030344746696509214,2.23,2.35,-26.930000000000007,-4.149999999999977,-15.54000000000002,22.78000000000003,1.4658943715640689,-58.0,-4.149999999999977,-31.075000000000045,0.20000000000000018,0.0,0.20000000000000018,153.0985860544457,0.0,0.0,0.0
2024-07-06 10:10:52,348.66,348.66,2.49,0.26,348.66,697.32,0.0,0.0,2.75,2.2300000000000004,2.07000000000005,12.430000000000007,7.250000000000057,10.359999999999957,1.4289653201426973,29.000000000000057,16.579999999999984,22.790000000000077,0.20000000000000018,0.32,0.11999999999999983,126.78540844166966,0.0,0.0,0.0
2024-07-06 10:10:53,352.81,350.74,2.56,0.26,351.775,703.55,2.069999999999993,0.0058844431642827095,2.8200000000000003,2.3,4.149999999999977,2.079999999999984,3.1149999999999523,2.069999999999993,0.6645262714201455,2.0799999999999272,-10.350000000000023,-4.135000000000105,0.06999999999999984,0.0,0.06999999999999984,124.74286356636041,6.737399906492124,13.786271069437154,11.441455654767031
2024-07-06 10:10:54,346.59,348.66,2.56,0.26,347.625,695.25,2.07000000000005,0.005954692539504804,2.8200000000000003,2.3,-6.220000000000027,-2.079999999999984,-4.149999999999977,4.140000000000043,0.9975901210626372,-10.370000000000005,-4.159999999999968,-7.2649999999999295,0.0,0.0,0.0,123.27123288254151,5.703379918960339,13.786271069437147,11.775007749466681
2024-07-06 10:10:55,346.59,344.52,2.71,0.26,345.55499999999995,691.1099999999999,2.069999999999993,0.005990363311222903,2.9699999999999998,2.45,0.0,-4.140000000000043,-2.07000000000005,4.140000000000043,1.9999990338168643,6.220000000000027,-2.060000000000059,2.0799999999999272,0.1499999999999999,0.0,0.1499999999999999,116.348445673924,3.8497678501437105,4.039533388895283,8.650079768418339
2024-07-06 10:10:56,348.66,346.59,2.69,0.26,347.625,695.25,2.07000000000005,0.005954692539504804,2.95,2.4299999999999997,2.07000000000005,2.069999999999993,2.07000000000005,5.684341886080802e-14,2.746057555566719e-14,2.07000000000005,6.210000000000036,4.1400000000001,-0.020000000000000018,0.0,0.020000000000000018,117.83894310544301,2.271452178673377,0.925732142684913,4.481427785873622
2024-07-06 10:10:57,354.88,346.59,2.83,0.26,350.735,701.47,8.29000000000002,0.023636078453430485,3.09,2.5700000000000003,6.21999999999997,0.0,3.1100000000000136,6.21999999999997,1.9999993569133716,4.14999999999992,-2.069999999999993,1.0399999999999636,0.14000000000000012,0.0,0.14000000000000012,113.50643575843503,2.539305023032885,2.7816685640097347,3.3281563965655208
2024-07-06 10:10:58,379.74,344.52,2.89,0.26,362.13,724.26,35.22000000000003,0.09725789054411989,3.1500000000000004,2.63,24.860000000000014,-2.069999999999993,11.394999999999982,26.930000000000007,2.363317037005969,18.640000000000043,-2.069999999999993,8.284999999999968,0.06000000000000005,0.0,0.06000000000000005,114.96186826607355,6.63367582867901,14.384119020642173,5.997191425992666
2024-07-06 10:10:59,350.74,346.59,2.9,0.26,348.66499999999996,697.3299999999999,4.150000000000034,0.011902542521037363,3.16,2.6399999999999997,-29.0,2.069999999999993,-13.465000000000032,31.069999999999993,2.3074636236566133,-53.860000000000014,4.139999999999986,-24.860000000000014,0.009999999999999787,0.0,0.009999999999999787,110.33699039968656,6.527273167257534,14.127250263232403,9.071629263809243
2024-07-06 10:11:00,346.59,344.52,2.9,0.26,345.55499999999995,691.1099999999999,2.069999999999993,0.005990363311222903,3.16,2.6399999999999997,-4.150000000000034,-2.069999999999993,-3.1100000000000136,2.080000000000041,0.6688100743376069,24.849999999999966,-4.139999999999986,10.355000000000018,0.0,0.0,0.0,109.35281349594507,6.527273167257534,14.127250263232403,9.148515589974156
2024-07-06 10:11:01,346.59,346.59,2.98,0.26,346.59,693.18,0.0,0.0,3.24,2.7199999999999998,0.0,2.069999999999993,1.035000000000025,2.069999999999993,1.9999980676346625,4.150000000000034,4.139999999999986,4.145000000000039,0.08000000000000007,0.0,0.08000000000000007,106.97218920611442,6.673536356385588,14.457397068628925,9.101557971028924
2024-07-06 10:11:02,348.66,344.52,2.98,0.26,346.59000000000003,693.1800000000001,4.140000000000043,0.011944949329337528,3.24,2.7199999999999998,2.07000000000005,-2.069999999999993,5.684341886080802e-14,4.140000000000043,4139999.7646683026,2.07000000000005,-4.139999999999986,-1.0349999999999682,0.0,0.0,0.0,106.97218920611444,6.926203325054794,14.69343492856589,8.922714973594088
2024-07-06 10:11:03,346.59,340.38,3.01,0.26,343.485,686.97,6.2099999999999795,0.018079392060557482,3.2699999999999996,2.75,-2.07000000000005,-4.139999999999986,-3.105000000000018,2.0699999999999363,0.6666664519592503,-4.1400000000001,-2.069999999999993,-3.105000000000075,0.029999999999999805,0.0,0.029999999999999805,105.04125228096262,1.8818229194054055,2.361044260491527,5.748116430623193
2024-07-06 10:11:04,348.66,344.52,3.03,0.26,346.59000000000003,693.1800000000001,4.140000000000043,0.011944949329337528,3.29,2.7699999999999996,2.07000000000005,4.139999999999986,3.105000000000018,2.0699999999999363,0.6666664519592503,4.1400000000001,8.279999999999973,6.210000000000036,0.020000000000000018,0.0,0.020000000000000018,105.3464725390661,1.3494748978767435,2.360163129955213,2.7001967520905032
2024-07-06 10:11:05,346.59,340.38,3.03,0.26,343.485,686.97,6.2099999999999795,0.018079392060557482,3.29,2.7699999999999996,-2.07000000000005,-4.139999999999986,-3.105000000000018,2.0699999999999363,0.6666664519592503,-4.1400000000001,-8.279999999999973,-6.210000000000036,0.0,0.0,0.0,104.4027038289654,1.7006785410533554,2.5352218837805762,2.698949795753917
2024-07-06 10:11:06,342.45,344.52,3.1,0.26,343.485,686.97,2.069999999999993,0.006026464020185828,3.3600000000000003,2.84,-4.139999999999986,4.139999999999986,0.0,8.279999999999973,8279999.999999973,-2.0699999999999363,8.279999999999973,3.105000000000018,0.07000000000000028,0.0,0.07000000000000028,102.22764814653328,1.7006785410533438,1.7318862549255167,2.5978293823883227
2024-07-06 10:11:07,350.74,336.23,3.1,0.26,343.485,686.97,14.509999999999991,0.04224347484680995,3.3600000000000003,2.84,8.29000000000002,-8.289999999999964,0.0,16.579999999999984,16579999.999999985,12.430000000000007,-12.42999999999995,0.0,0.0,0.0,0.0,102.22764814653328,1.3885982140271,4.72865942947892,2.597829382388319
2024-07-06 10:11:08,346.59,342.45,3.1,0.26,344.52,689.04,4.139999999999986,0.012016718878391001,3.3600000000000003,2.84,-4.150000000000034,6.21999999999997,1.0349999999999682,10.370000000000005,10.019313991001288,-12.440000000000055,14.509999999999934,1.0349999999999682,0.0,0.0,0.0,102.53568376914171,1.3494748978766715,4.863109087816139,2.2438265307282648
2024-07-06 10:11:09,344.52,344.52,3.1,0.26,344.52,689.04,0.0,0.0,3.3600000000000003,2.84,-2.069999999999993,2.069999999999993,0.0,4.139999999999986,4139999.9999999865,2.080000000000041,-4.149999999999977,-1.0349999999999682,0.0,0.0,0.0,102.53568376914171,0.5668928470171304,5.600975807839197,1.5696552169186704
2024-07-06 10:11:10,354.88,342.45,3.26,0.26,348.66499999999996,697.3299999999999,12.430000000000007,0.03565026591240802,3.5199999999999996,3.0,10.360000000000014,-2.069999999999993,4.144999999999982,12.430000000000007,2.9987930039100257,12.430000000000007,-4.139999999999986,4.144999999999982,0.1599999999999997,0.0,0.1599999999999997,99.0525286782589,2.1483918404236957,6.455327257389821,1.7948377363984658
2024-07-06 10:11:11,350.74,342.45,3.26,0.26,346.595,693.19,8.29000000000002,0.02391840613996628,3.5199999999999996,3.0,-4.139999999999986,0.0,-2.0699999999999363,4.139999999999986,1.9999990338169467,-14.5,2.069999999999993,-6.214999999999918,0.0,0.0,0.0,98.4644606635055,2.0725003015679215,5.9352615780603974,2.2695115113168898
2024-07-06 10:11:12,348.66,338.31,3.26,0.26,343.485,686.97,10.350000000000023,0.030132320100929304,3.5199999999999996,3.0,-2.079999999999984,-4.139999999999986,-3.1100000000000136,2.0600000000000023,0.6623792082381945,2.0600000000000023,-4.139999999999986,-1.0400000000000773,0.0,0.0,0.0,97.58093818723349,2.0725003015679215,4.988543875721659,2.8376596871365494
2024-07-06 10:11:13,365.24,379.74,3.5,1.0,372.49,744.98,14.5,0.03892721941816634,4.5,2.5,16.579999999999984,41.43000000000001,29.004999999999995,24.850000000000023,0.8567488068695472,18.659999999999968,45.56999999999999,32.11500000000001,0.2400000000000002,0.74,0.4999999999999998,82.77553716099175,12.093675723286076,5.5963497031547265,13.378750595627373
2024-07-06 10:11:14,371.45,394.24,4.24,2.04,382.845,765.69,22.79000000000002,0.059528007262657244,6.28,2.2,6.2099999999999795,14.5,10.355000000000018,8.29000000000002,0.8005793529136315,-10.370000000000005,-26.930000000000007,-18.649999999999977,0.7400000000000002,1.04,0.2999999999999998,60.96256991041881,17.690437529919908,5.598385481547334,13.094779016844836
2024-07-06 10:11:15,385.95,406.67,4.97,3.1,396.31,792.62,20.720000000000027,0.05228230412484601,8.07,1.8699999999999997,14.5,12.430000000000007,13.464999999999975,2.069999999999993,0.15373188609492097,8.29000000000002,-2.069999999999993,3.109999999999957,0.7299999999999995,1.06,0.3300000000000005,49.10903976343993,22.915902502410805,6.319703315821084,13.131737032852875
2024-07-06 10:11:16,406.67,423.24,5.69,4.15,414.95500000000004,829.9100000000001,16.569999999999993,0.039932040727471536,9.84,1.54,20.720000000000027,16.569999999999993,18.64500000000004,4.150000000000034,0.22257976816413286,6.220000000000027,4.139999999999986,5.180000000000064,0.7200000000000006,1.0500000000000003,0.3299999999999996,42.170219291644386,26.76455692702567,4.950225247400366,11.752792008710108
2024-07-06 10:11:17,417.03,437.74,6.43,5.21,427.385,854.77,20.710000000000036,0.048457479676503754,11.64,1.2199999999999998,10.359999999999957,14.5,12.42999999999995,4.140000000000043,0.3330651381283123,-10.36000000000007,-2.069999999999993,-6.215000000000089,0.7399999999999993,1.0599999999999996,0.3200000000000003,36.71692124425075,22.533666090984728,3.4053149634064805,7.485339003679132
2024-07-06 10:11:18,410.81,441.89,7.13,6.25,426.35,852.7,31.079999999999984,0.07289785370494226,13.379999999999999,0.8799999999999999,-6.21999999999997,4.149999999999977,-1.0349999999999682,10.369999999999948,10.019313991001233,-16.579999999999927,-10.350000000000023,-13.464999999999918,0.7000000000000002,1.04,0.33999999999999986,31.86472108634372,19.48072168837678,5.365596891306677,7.272628135687943
2024-07-06 10:11:19,421.17,450.17,7.85,7.3,435.67,871.34,29.0,0.06656414243219835,15.149999999999999,0.5499999999999998,10.360000000000014,8.28000000000003,9.319999999999993,2.079999999999984,0.22317594171931804,16.579999999999984,4.130000000000052,10.354999999999961,0.7199999999999998,1.0499999999999998,0.33000000000000007,28.757093811412954,15.223238568057447,6.147693063255505,7.30213410586247
2024-07-06 10:11:20,431.53,454.32,8.57,8.36,442.92499999999995,885.8499999999999,22.79000000000002,0.05145340621673335,16.93,0.21000000000000085,10.359999999999957,4.149999999999977,7.254999999999939,6.2099999999999795,0.8559612879446925,-5.684341886080802e-14,-4.130000000000052,-2.0650000000000546,0.7200000000000006,1.0599999999999996,0.33999999999999897,26.16213667087202,10.538536781735397,5.971076117418022,7.213146504820209
2024-07-06 10:11:21,448.1,468.82,9.28,9.4,458.46000000000004,916.9200000000001,20.71999999999997,0.04519478243424767,18.68,0.120000000000001,16.57000000000005,14.5,15.535000000000082,2.07000000000005,0.13324749705520064,6.210000000000093,10.350000000000023,8.280000000000143,0.7099999999999991,1.040000000000001,0.33000000000000185,24.542825238606788,13.196325530237194,4.859912550653551,6.2823715665344135
2024-07-06 10:11:22,464.67,481.25,9.98,10.45,472.96000000000004,945.9200000000001,16.579999999999984,0.03505581859976354,20.43,0.46999999999999886,16.569999999999993,12.430000000000007,14.5,4.139999999999986,0.28551722168846655,-5.684341886080802e-14,-2.069999999999993,-1.0350000000000819,0.7000000000000011,1.049999999999999,0.34999999999999787,23.150268078792557,18.549107660477624,5.9665635000392,6.647156346890011
2024-07-06 10:11:23,462.6,493.68,10.66,11.51,478.14,956.28,31.079999999999984,0.0650018821579414,22.17,0.8499999999999996,-2.069999999999993,12.430000000000007,5.17999999999995,14.5,2.7992272588364635,-18.639999999999986,0.0,-9.32000000000005,0.6799999999999997,1.0600000000000005,0.3800000000000008,21.566981435860104,18.404051999491557,5.9665635000392,4.513181527481521
2024-07-06 10:11:24,460.53,491.61,11.36,12.55,476.07,952.14,31.08000000000004,0.06528451684566455,23.91,1.1900000000000013,-2.07000000000005,-2.069999999999993,-2.069999999999993,5.684341886080802e-14,2.7460575555667943e-14,-5.684341886080802e-14,-14.5,-7.249999999999943,0.6999999999999993,1.040000000000001,0.34000000000000163,19.910915102011078,14.883847956761343,6.452115932002475,7.226799948801708
2024-07-06 10:11:25,470.89,510.25,12.05,13.59,490.57,981.14,39.360000000000014,0.08023319795292581,25.64,1.5399999999999991,10.360000000000014,18.639999999999986,14.5,8.279999999999973,0.5710344433769331,12.430000000000064,20.70999999999998,16.569999999999993,0.6900000000000013,1.0399999999999991,0.34999999999999787,19.132994573596154,11.52035806735137,9.09888344798417,7.728911954473301
2024-07-06 10:11:26,485.39,518.54,12.73,14.64,501.965,1003.93,33.14999999999998,0.066040460856752,27.37,1.9100000000000001,14.5,8.289999999999964,11.394999999999982,6.210000000000036,0.544975818782293,4.139999999999986,-10.350000000000023,-3.105000000000018,0.6799999999999997,1.0500000000000007,0.370000000000001,18.339970100841427,12.093333080668373,8.361351565387029,7.122610476503683
2024-07-06 10:11:27,508.18,526.82,13.4,15.68,517.5,1035.0,18.640000000000043,0.03601932360189511,29.08,2.2799999999999994,22.79000000000002,8.280000000000086,15.535000000000025,14.509999999999934,0.9340198948168662,8.29000000000002,-0.009999999999877218,4.140000000000043,0.6699999999999999,1.0399999999999991,0.3699999999999992,17.795735289004977,17.276115159375056,7.528666548599411,7.344849045419525
2024-07-06 10:11:28,512.32,543.39,14.06,16.73,527.855,1055.71,31.069999999999936,0.05886086129929445,30.79,2.67,4.140000000000043,16.569999999999936,10.355000000000018,12.429999999999893,1.2003861708946115,-18.649999999999977,8.28999999999985,-5.180000000000007,0.6600000000000001,1.0500000000000007,0.39000000000000057,17.143714935247974,20.667642161117183,7.5285290728003265,7.046753330435231
2024-07-06 10:11:29,508.18,559.97,14.73,17.77,534.075,1068.15,51.79000000000002,0.09697139896649089,32.5,3.039999999999999,-4.140000000000043,16.58000000000004,6.220000000000027,20.720000000000084,3.3311891750499707,-8.280000000000086,0.010000000000104592,-4.134999999999991,0.6699999999999999,1.0399999999999991,0.3699999999999992,16.433076417443804,18.029493406637588,12.116462767656241,3.6888572078626143
2024-07-06 10:11:30,526.82,562.04,15.39,18.81,544.4300000000001,1088.8600000000001,35.219999999999914,0.06469151210496923,34.2,3.419999999999998,18.640000000000043,2.0699999999999363,10.355000000000018,16.570000000000107,1.6001929888756243,22.780000000000086,-14.510000000000105,4.134999999999991,0.6600000000000001,1.0399999999999991,0.379999999999999,15.919005382485224,16.238508629181094,11.865982049539761,3.3220016556287235
2024-07-06 10:11:31,535.11,564.11,16.06,19.86,549.61,1099.22,29.0,0.052764687591629174,35.92,3.8000000000000007,8.289999999999964,2.07000000000005,5.17999999999995,6.219999999999914,1.2007719689629353,-10.35000000000008,1.1368683772161603e-13,-5.175000000000068,0.6699999999999982,1.0500000000000007,0.38000000000000256,15.3009461219113,12.84586966693925,12.081218067728097,4.101824898749354
2024-07-06 10:11:32,555.82,576.54,16.73,20.9,566.1800000000001,1132.3600000000001,20.719999999999914,0.036596135439972755,37.629999999999995,4.169999999999998,20.710000000000036,12.42999999999995,16.57000000000005,8.280000000000086,0.499698219692326,12.420000000000073,10.3599999999999,11.3900000000001,0.6700000000000017,1.0399999999999991,0.36999999999999744,15.045973557109397,14.84799270945375,11.477671802242854,4.488576333315525
2024-07-06 10:11:33,562.04,582.75,17.37,21.94,572.395,1144.79,20.710000000000036,0.03618130829902205,39.31,4.57,6.219999999999914,6.210000000000036,6.214999999999918,0.009999999999877218,0.0016090101996568222,-14.490000000000123,-6.219999999999914,-10.355000000000132,0.6400000000000006,1.0400000000000027,0.40000000000000213,14.561052796717048,15.751189082097675,12.88802040656362,4.721642457874205
2024-07-06 10:11:34,555.82,603.47,18.04,22.99,579.645,1159.29,47.64999999999998,0.08220548769987578,41.03,4.949999999999999,-6.219999999999914,20.720000000000027,7.25,26.93999999999994,3.7158615564328805,-12.439999999999827,14.509999999999991,1.0350000000000819,0.6699999999999982,1.0499999999999972,0.379999999999999,14.127345500186559,14.983907450995352,11.29176027021473,4.595842414617848
2024-07-06 10:11:35,559.97,605.54,18.67,24.01,582.755,1165.51,45.569999999999936,0.0781975271285573,42.68000000000001,5.34,4.149999999999977,2.0699999999999363,3.1100000000000136,2.080000000000041,0.6688100743376069,10.36999999999989,-18.65000000000009,-4.139999999999986,0.6300000000000026,1.0200000000000031,0.39000000000000057,13.6540531008891,13.150362447476303,13.134928625614975,5.208094661198115
2024-07-06 10:11:36,586.89,617.97,19.32,25.06,602.4300000000001,1204.8600000000001,31.08000000000004,0.05159105613666149,44.379999999999995,5.739999999999998,26.91999999999996,12.430000000000064,19.675000000000068,14.489999999999895,0.7364675610435722,22.769999999999982,10.360000000000127,16.565000000000055,0.6499999999999986,1.0499999999999972,0.3999999999999986,13.574357512970767,13.759819857105546,13.019693928814137,7.150889280362309
2024-07-06 10:11:37,601.39,620.04,19.95,26.1,610.7149999999999,1221.4299999999998,18.649999999999977,0.030537975928971787,46.05,6.150000000000002,14.5,2.0699999999999363,8.284999999999854,12.430000000000064,1.5003015690644192,-12.419999999999959,-10.360000000000127,-11.390000000000214,0.629999999999999,1.0400000000000027,0.4100000000000037,13.261997540456079,16.22050769858928,13.536259453778186,6.323259246622779
2024-07-06 10:11:38,599.32,636.61,20.59,27.13,617.965,1235.93,37.289999999999964,0.06034322322406081,47.72,6.539999999999999,-2.0699999999999363,16.57000000000005,7.250000000000114,18.639999999999986,2.5710341281331814,-16.569999999999936,14.500000000000114,-1.0349999999997408,0.6400000000000006,1.0299999999999976,0.389999999999997,12.94981112846163,16.931844111023228,11.770608310533472,6.229345270572202
2024-07-06 10:11:39,603.47,646.97,21.22,28.17,625.22,1250.44,43.5,0.06957550930940228,49.39,6.950000000000003,4.149999999999977,10.360000000000014,7.2549999999999955,6.210000000000036,0.8559612879446936,6.219999999999914,-6.210000000000036,0.004999999999881766,0.629999999999999,1.0400000000000027,0.4100000000000037,12.658837565117686,16.365881659720905,10.858985680071585,6.228971624594245
2024-07-06 10:11:40,615.89,657.32,21.84,29.21,636.605,1273.21,41.430000000000064,0.06507960184874524,51.05,7.370000000000001,12.419999999999959,10.350000000000023,11.384999999999991,2.0699999999999363,0.18181816584820135,8.269999999999982,-0.009999999999990905,4.1299999999999955,0.620000000000001,1.0399999999999991,0.41999999999999815,12.470225025069052,13.153411439622227,9.995841635400208,5.258281563400754
2024-07-06 10:11:41,632.47,665.61,22.47,30.24,649.04,1298.08,33.139999999999986,0.05106002703830267,52.709999999999994,7.77,16.58000000000004,8.289999999999964,12.434999999999945,8.290000000000077,0.6666666130545639,4.160000000000082,-2.060000000000059,1.0499999999999545,0.629999999999999,1.0299999999999976,0.3999999999999986,12.313412781001466,15.197755344128293,9.866928093383493,2.4283626170734585
2024-07-06 10:11:42,636.61,657.32,23.08,31.28,646.965,1293.93,20.710000000000036,0.03201100518264362,54.36,8.200000000000003,4.139999999999986,-8.289999999999964,-2.074999999999932,12.42999999999995,5.990358558863518,-12.440000000000055,-16.579999999999927,-14.509999999999877,0.6099999999999994,1.0400000000000027,0.43000000000000327,11.901489847286795,13.496037103534325,9.031524234590746,5.72140935434614
2024-07-06 10:11:43,640.75,680.11,23.69,32.31,660.4300000000001,1320.8600000000001,39.360000000000014,0.0595975348491172,56.0,8.620000000000001,4.139999999999986,22.789999999999964,13.465000000000032,18.649999999999977,1.385072307087087,0.0,31.079999999999927,15.539999999999964,0.610000000000003,1.0300000000000011,0.41999999999999815,11.793392646546561,13.331416185085976,9.196416149783566,6.360799478053022
2024-07-06 10:11:44,644.89,655.25,24.3,32.87,650.0699999999999,1300.1399999999999,10.360000000000014,0.015936745249070513,57.17,8.569999999999997,4.139999999999986,-24.860000000000014,-10.360000000000127,29.0,2.7992275290320574,0.0,-47.64999999999998,-23.82500000000016,0.6099999999999994,0.5599999999999952,0.05000000000000426,11.370823659772194,8.497856053144845,13.182827845344876,10.649934272097674
2024-07-06 10:11:45,663.54,653.18,24.9,32.87,658.3599999999999,1316.7199999999998,10.360000000000014,0.015736071426368466,57.769999999999996,7.969999999999999,18.649999999999977,-2.07000000000005,8.289999999999964,20.720000000000027,2.4993965621958454,14.509999999999991,22.789999999999964,18.65000000000009,0.5999999999999979,0.0,0.5999999999999979,11.396226217825406,6.012873273233705,13.181649365690163,10.266922250606584
2024-07-06 10:11:46,673.89,651.11,25.51,32.87,662.5,1325.0,22.779999999999973,0.034384905608475576,58.379999999999995,7.359999999999996,10.350000000000023,-2.0699999999999363,4.1400000000001,12.419999999999959,2.9999992753624114,-8.299999999999955,1.1368683772161603e-13,-4.149999999999864,0.610000000000003,0.0,0.610000000000003,11.348064211235627,6.776420515284379,11.89907895595285,9.254334524967248
2024-07-06 10:11:47,673.89,644.89,26.1,32.87,659.39,1318.78,29.0,0.043980042093480276,58.97,6.769999999999996,0.0,-6.220000000000027,-3.1100000000000136,6.220000000000027,1.99999935691339,-10.350000000000023,-4.150000000000091,-7.250000000000114,0.5899999999999999,0.0,0.5899999999999999,11.181787159881514,4.769407720038822,12.462596840145315,9.398078261006395
2024-07-06 10:11:48,665.61,646.97,26.7,32.87,656.29,1312.58,18.639999999999986,0.028402078306233387,59.56999999999999,6.169999999999998,-8.279999999999973,2.080000000000041,-3.1000000000000227,10.360000000000014,3.341934405827591,-8.279999999999973,8.300000000000068,0.009999999999990905,0.5999999999999979,0.0,0.5999999999999979,11.017122527830747,4.632015759900466,8.073680697178943,7.229237165842652
2024-07-06 10:11:49,671.82,646.97,27.29,32.87,659.395,1318.79,24.850000000000023,0.03768606065001094,60.16,5.579999999999998,6.210000000000036,0.0,3.105000000000018,6.210000000000036,1.9999993558778242,14.490000000000009,-2.080000000000041,6.205000000000041,0.5899999999999999,0.0,0.5899999999999999,10.96068798270133,2.2437123255811735,7.083267607538205,4.934462990032459
2024-07-06 10:11:50,690.46,644.89,27.88,32.87,667.675,1335.35,45.57000000000005,0.06825176909686342,60.75,4.989999999999998,18.639999999999986,-2.080000000000041,8.279999999999973,20.720000000000027,2.502415156713157,12.42999999999995,-2.080000000000041,5.1749999999999545,0.5899999999999999,0.0,0.5899999999999999,10.990534798509715,4.305384709867827,10.420464001185387,4.931208776760531
2024-07-06 10:11:51,690.46,646.97,28.48,32.87,668.715,1337.43,43.49000000000001,0.06503517931400496,61.349999999999994,4.389999999999997,0.0,2.080000000000041,1.0400000000000773,2.080000000000041,1.999998076924817,-18.639999999999986,4.160000000000082,-7.239999999999895,0.6000000000000014,0.0,0.6000000000000014,10.899999822330892,5.546842119617532,11.771752206022706,4.765445414649082
2024-07-06 10:11:52,686.32,646.97,29.07,32.87,666.645,1333.29,39.35000000000002,0.059026918286303964,61.94,3.799999999999997,-4.139999999999986,0.0,-2.07000000000005,4.139999999999986,1.9999990338168367,-4.139999999999986,-2.080000000000041,-3.1100000000001273,0.5899999999999999,0.0,0.5899999999999999,10.762754104572908,5.54651512212508,11.952798835419278,4.545572571194966
2024-07-06 10:11:53,684.25,646.97,29.66,32.87,665.61,1331.22,37.27999999999997,0.05600877382249545,62.53,3.2099999999999973,-2.07000000000005,0.0,-1.0349999999999682,2.07000000000005,1.9999980676348272,2.0699999999999363,0.0,1.0350000000000819,0.5899999999999999,0.0,0.5899999999999999,10.644650397494797,3.660692557421462,8.103241326777832,4.100752065170474
2024-07-06 10:11:54,702.89,646.97,30.24,32.87,674.9300000000001,1349.8600000000001,55.91999999999996,0.08285303648844608,63.11,2.629999999999999,18.639999999999986,0.0,9.32000000000005,18.639999999999986,1.9999997854077363,20.710000000000036,0.0,10.355000000000018,0.5799999999999983,0.0,0.5799999999999983,10.694501494303575,3.6617533368536628,7.264190939120467,5.328960499009168
2024-07-06 10:11:55,711.18,644.89,30.83,32.87,678.035,1356.07,66.28999999999996,0.09776781420167419,63.699999999999996,2.039999999999999,8.289999999999964,-2.080000000000041,3.1049999999999045,10.370000000000005,3.339773481554538,-10.350000000000023,-2.080000000000041,-6.2150000000001455,0.5899999999999999,0.0,0.5899999999999999,10.644191355664187,5.430207868945474,12.311028795352549,4.5131815274814855
2024-07-06 10:11:56,698.75,646.97,31.41,32.87,672.86,1345.72,51.77999999999997,0.07695508712517446,64.28,1.4599999999999973,-12.42999999999995,2.080000000000041,-5.1749999999999545,14.509999999999991,2.803864192490034,-20.719999999999914,4.160000000000082,-8.279999999999859,0.5800000000000018,0.0,0.5800000000000018,10.467641405294938,5.350620758375321,12.028330308068517,5.594728992542889
2024-07-06 10:11:57,700.82,644.89,32.0,32.87,672.855,1345.71,55.930000000000064,0.08312340685121855,64.87,0.8699999999999974,2.07000000000005,-2.080000000000041,-0.0049999999999954525,4.150000000000091,829.8340331941341,14.5,-4.160000000000082,5.169999999999959,0.5899999999999999,0.0,0.5899999999999999,10.372359944930476,4.572418123920439,10.504453817310068,5.400057407102252
2024-07-06 10:11:58,715.32,638.68,32.58,32.87,677.0,1354.0,76.6400000000001,0.11320531741033203,65.44999999999999,0.28999999999999915,14.5,-6.210000000000036,4.144999999999982,20.710000000000036,4.996379976747925,12.42999999999995,-4.1299999999999955,4.149999999999977,0.5799999999999983,0.0,0.5799999999999983,10.343773715144788,2.3613698354884423,10.107258283036048,5.350670051498215
2024-07-06 10:11:59,723.61,638.68,33.16,32.87,681.145,1362.29,84.93000000000006,0.1246871075546513,66.03,0.28999999999999915,8.289999999999964,0.0,4.144999999999982,8.289999999999964,1.9999995174910692,-6.210000000000036,6.210000000000036,0.0,0.5799999999999983,0.0,0.5799999999999983,10.31568968172513,3.5582534339130736,13.865847612028663,3.97046848621163
2024-07-06 10:12:00,715.32,644.89,33.73,32.87,680.105,1360.21,70.43000000000006,0.10355753875716621,66.6,0.8599999999999994,-8.289999999999964,6.210000000000036,-1.0399999999999636,14.5,13.942294286255983,-16.579999999999927,6.210000000000036,-5.184999999999945,0.5700000000000003,0.0,0.5700000000000003,10.211786633456658,3.9028332657127596,13.92781282183247,3.9168648176825993
2024-07-06 10:12:01,711.18,636.61,34.31,32.87,673.895,1347.79,74.56999999999994,0.11065522060461158,67.18,1.4400000000000048,-4.1400000000001,-8.279999999999973,-6.210000000000036,4.139999999999873,0.666666559312929,4.149999999999864,-14.490000000000009,-5.170000000000073,0.5800000000000054,0.0,0.5800000000000054,10.031184727133303,3.6621066341593775,10.662776373909377,4.295158029688778
2024-07-06 10:12:02,723.61,644.89,34.88,32.87,684.25,1368.5,78.72000000000003,0.11504567027395594,67.75,2.010000000000005,12.430000000000064,8.279999999999973,10.355000000000018,4.150000000000091,0.400772534932646,16.570000000000164,16.559999999999945,16.565000000000055,0.5700000000000003,0.0,0.5700000000000003,10.099630847237922,3.9704020577208046,5.362505944052668,6.230260227309939
2024-07-06 10:12:03,729.82,711.18,35.46,33.7,720.5,1441.0,18.6400000000001,0.02587092293425285,69.16,1.759999999999998,6.210000000000036,66.28999999999996,36.25,60.07999999999993,1.6573792646240184,-6.220000000000027,58.00999999999999,25.894999999999982,0.5799999999999983,0.8300000000000054,0.2500000000000071,10.417871451447782,18.564639573661324,26.71476127536981,16.580600486713383
2024-07-06 10:12:04,725.68,731.89,36.02,34.72,728.785,1457.57,6.210000000000036,0.008521031568266368,70.74000000000001,1.3000000000000043,-4.1400000000001,20.710000000000036,8.284999999999968,24.850000000000136,2.9993961376709835,-10.350000000000136,-45.57999999999993,-27.965000000000032,0.5600000000000023,1.019999999999996,0.45999999999999375,10.302304066973365,25.214556956249538,34.44747058928998,16.398639653946912
2024-07-06 10:12:05,723.61,738.11,36.59,35.75,730.86,1461.72,14.5,0.01983964094376537,72.34,0.8400000000000034,-2.0699999999999363,6.220000000000027,2.0750000000000455,8.289999999999964,3.9951787975040887,2.0700000000001637,-14.490000000000009,-6.209999999999923,0.5700000000000003,1.0300000000000011,0.46000000000000085,10.103123996362676,26.633975153926098,35.11322072952007,15.94980775746216
2024-07-06 10:12:06,731.89,758.82,37.17,36.77,745.355,1490.71,26.930000000000064,0.03613043444247322,73.94,0.3999999999999986,8.279999999999973,20.710000000000036,14.495000000000005,12.430000000000064,0.8575370225914479,10.349999999999909,14.490000000000009,12.419999999999959,0.5799999999999983,1.0200000000000031,0.44000000000000483,10.080538137942412,22.898099539043677,28.78075311731783,13.06746035004506
2024-07-06 10:12:07,744.32,758.82,37.73,37.8,751.57,1503.14,14.5,0.019292946739102215,75.53,0.07000000000000028,12.430000000000064,0.0,6.215000000000032,12.430000000000064,1.99999967819796,4.150000000000091,-20.710000000000036,-8.279999999999973,0.5599999999999952,1.029999999999994,0.46999999999999886,9.950615517666948,12.7176036461258,7.5275646792306246,13.503185920367077
2024-07-06 10:12:08,750.53,767.1,38.28,38.82,758.815,1517.63,16.57000000000005,0.021836679530799166,77.1,0.5399999999999991,6.209999999999923,8.279999999999973,7.2450000000000045,2.07000000000005,0.2857142462782336,-6.220000000000141,8.279999999999973,1.0299999999999727,0.5500000000000043,1.0200000000000031,0.46999999999999886,9.841958367808584,13.024220993977082,7.412844932952555,4.487768933445641
2024-07-06 10:12:09,738.11,777.46,38.84,39.85,757.7850000000001,1515.5700000000002,39.35000000000002,0.05192765751245058,78.69,1.009999999999998,-12.419999999999959,10.360000000000014,-1.0299999999999727,22.779999999999973,22.11648338205553,-18.62999999999988,2.080000000000041,-8.274999999999977,0.5600000000000023,1.0300000000000011,0.46999999999999886,9.630003690049517,11.427875239954004,10.800784693715562,5.881917204449567
2024-07-06 10:12:10,744.32,783.67,39.4,40.88,763.995,1527.99,39.34999999999991,0.05150557261303325,80.28,1.480000000000004,6.210000000000036,6.209999999999923,6.209999999999923,1.1368683772161603e-13,1.830705626643497e-14,18.629999999999995,-4.150000000000091,7.239999999999895,0.5599999999999952,1.0300000000000011,0.47000000000000597,9.51662917891593,7.189251004100153,11.932170799984362,5.5059202228147015
2024-07-06 10:12:11,767.1,802.31,39.96,41.9,784.7049999999999,1569.4099999999999,35.20999999999992,0.04487036523933142,81.86,1.9399999999999977,22.779999999999973,18.639999999999986,20.709999999999923,4.139999999999986,0.19990341864300257,16.569999999999936,12.430000000000064,14.5,0.5600000000000023,1.019999999999996,0.45999999999999375,9.585939291645012,12.715669663842174,12.425416693213924,7.905075110332564
2024-07-06 10:12:12,777.46,808.53,40.52,42.93,792.995,1585.99,31.069999999999936,0.03918057485963892,83.45,2.4099999999999966,10.360000000000014,6.220000000000027,8.290000000000077,4.139999999999986,0.499396803450319,-12.419999999999959,-12.419999999999959,-12.419999999999845,0.5600000000000023,1.0300000000000011,0.46999999999999886,9.502636195294953,16.137039071650015,9.444818685395683,7.850749964175361
2024-07-06 10:12:13,775.39,816.81,41.06,43.95,796.0999999999999,1592.1999999999998,41.41999999999996,0.05202863955278398,85.01,2.8900000000000006,-2.07000000000005,8.279999999999973,3.1049999999999045,10.350000000000023,3.3333322597964834,-12.430000000000064,2.0599999999999454,-5.185000000000173,0.5399999999999991,1.0200000000000031,0.480000000000004,9.364780503884477,17.291443115019657,4.1400000000000325,8.198475163101955
2024-07-06 10:12:14,775.39,831.31,41.6,44.96,803.3499999999999,1606.6999999999998,55.91999999999996,0.06960851425952755,86.56,3.3599999999999994,0.0,14.5,7.25,14.5,1.999999724137969,2.07000000000005,6.220000000000027,4.1450000000000955,0.5399999999999991,1.009999999999998,0.46999999999999886,9.280845548973595,15.108088644827465,9.444709100867025,6.766867443655143
2024-07-06 10:12:15,798.17,841.67,42.14,45.99,819.92,1639.84,43.5,0.05305395641885312,88.13,3.8500000000000014,22.779999999999973,10.360000000000014,16.57000000000005,12.419999999999959,0.7495473295384787,22.779999999999973,-4.139999999999986,9.32000000000005,0.5399999999999991,1.0300000000000011,0.490000000000002,9.3035287722282,13.271482302288947,9.490296623393835,7.2262628654097565
2024-07-06 10:12:16,804.39,845.81,42.68,46.99,825.0999999999999,1650.1999999999998,41.41999999999996,0.05019997569967275,89.67,4.310000000000002,6.220000000000027,4.139999999999986,5.17999999999995,2.080000000000041,0.40154432402620405,-16.559999999999945,-6.220000000000027,-11.3900000000001,0.5399999999999991,1.0,0.46000000000000085,9.201516569627337,14.331727739528478,8.85912411020414,5.147176896124759
2024-07-06 10:12:17,804.39,847.88,43.2,48.02,826.135,1652.27,43.49000000000001,0.05264272781973561,91.22,4.82,0.0,2.07000000000005,1.0350000000000819,2.07000000000005,1.9999980676346076,-6.220000000000027,-2.0699999999999363,-4.144999999999868,0.5200000000000031,1.0300000000000011,0.509999999999998,9.056511630601715,13.594796063199052,6.109353484616853,6.021215201269608
2024-07-06 10:12:18,818.88,868.59,43.74,49.05,843.735,1687.47,49.710000000000036,0.05891660289200215,92.78999999999999,5.309999999999995,14.490000000000009,20.710000000000036,17.600000000000023,6.220000000000027,0.3534090708290311,14.490000000000009,18.639999999999986,16.56499999999994,0.5399999999999991,1.029999999999994,0.4899999999999949,9.092951728710512,14.471418641583679,5.9672581643498654,7.26244414780589
2024-07-06 10:12:19,835.45,874.81,44.26,50.05,855.13,1710.26,39.3599999999999,0.04602808924253834,94.31,5.789999999999999,16.57000000000005,6.219999999999914,11.394999999999982,10.350000000000136,0.9082930313038282,2.080000000000041,-14.490000000000123,-6.205000000000041,0.519999999999996,1.0,0.480000000000004,9.067225012541353,14.837129692092736,3.8739553430570832,7.1735777335998785
2024-07-06 10:12:20,831.31,881.02,44.78,51.08,856.165,1712.33,49.710000000000036,0.058061238128093065,95.86,6.299999999999997,-4.1400000000001,6.210000000000036,1.0349999999999682,10.350000000000136,9.999990338174026,-20.71000000000015,-0.009999999999877218,-10.360000000000014,0.5200000000000031,1.0300000000000011,0.509999999999998,8.931410296980907,15.087847179103546,4.767889470195453,7.1735777335998785
2024-07-06 10:12:21,839.6,887.23,45.3,52.09,863.415,1726.83,47.629999999999995,0.055164665826787036,97.39,6.790000000000006,8.290000000000077,6.210000000000036,7.25,2.080000000000041,0.28689651215221085,12.430000000000177,0.0,6.215000000000032,0.519999999999996,1.0100000000000051,0.4900000000000091,8.86554051888756,14.553346007017948,4.488117645516951,7.083486606184831
2024-07-06 10:12:22,854.1,897.59,45.81,53.1,875.845,1751.69,43.49000000000001,0.04965490463534655,98.91,7.289999999999999,14.5,10.360000000000014,12.430000000000064,4.139999999999986,0.3330651381283047,6.209999999999923,4.149999999999977,5.180000000000064,0.5100000000000051,1.009999999999998,0.4999999999999929,8.854969074360843,11.823491235671018,4.488117645516951,6.19531738492874
2024-07-06 10:12:23,862.38,914.16,46.31,54.12,888.27,1776.54,51.77999999999997,0.058293086495893015,100.43,7.809999999999995,8.279999999999973,16.569999999999936,12.424999999999955,8.289999999999964,0.667203165617451,-6.220000000000027,6.209999999999923,-0.005000000000109139,0.5,1.019999999999996,0.519999999999996,8.844667839842,14.132119002470656,4.986053549652319,4.891115159143171
2024-07-06 10:12:24,866.52,883.09,46.81,54.39,874.8050000000001,1749.6100000000001,16.57000000000005,0.01894136405377048,101.2,7.579999999999998,4.139999999999986,-31.069999999999936,-13.464999999999918,35.20999999999992,2.614927395846472,-4.139999999999986,-47.63999999999987,-25.889999999999873,0.5,0.2700000000000031,0.22999999999999687,8.644318096400019,12.362892056472615,14.453026672638487,10.798198345094399
2024-07-06 10:12:25,864.45,870.66,47.32,54.39,867.5550000000001,1735.1100000000001,6.209999999999923,0.007158047608326705,101.71000000000001,7.07,-2.0699999999999363,-12.430000000000064,-7.25,10.360000000000127,1.428965320142732,-6.209999999999923,18.639999999999873,6.214999999999918,0.509999999999998,0.0,0.509999999999998,8.529692178451556,9.503457002585648,20.398050887278433,11.930741070863933
2024-07-06 10:12:26,881.02,872.74,47.82,54.39,876.88,1753.76,8.279999999999973,0.009442569097889568,102.21000000000001,6.57,16.569999999999936,2.080000000000041,9.324999999999932,14.489999999999895,1.5538872328271067,18.639999999999873,14.510000000000105,16.574999999999932,0.5,0.0,0.5,8.579199602982099,7.447250667192216,20.990367552760972,12.18040054760102
2024-07-06 10:12:27,897.59,876.88,48.31,54.39,887.235,1774.47,20.710000000000036,0.02334218101929912,102.7,6.079999999999998,16.57000000000005,4.139999999999986,10.355000000000018,12.430000000000064,1.200386170894628,1.1368683772161603e-13,2.0599999999999454,1.0300000000000864,0.490000000000002,0.0,0.490000000000002,8.639094365734232,8.758075844613087,18.352379954654392,11.794962695998617
2024-07-06 10:12:28,885.16,872.74,48.79,54.39,878.95,1757.9,12.419999999999959,0.014130496599202983,103.18,5.600000000000001,-12.430000000000064,-4.139999999999986,-8.284999999999968,8.290000000000077,1.0006033795288751,-29.000000000000114,-8.279999999999973,-18.639999999999986,0.4799999999999969,0.0,0.4799999999999969,8.518608174853574,7.116214759265996,5.932467446181281,10.946678948429938
2024-07-06 10:12:29,887.23,872.74,49.3,54.39,879.985,1759.97,14.490000000000009,0.016466189745886373,103.69,5.090000000000003,2.07000000000005,0.0,1.0349999999999682,2.07000000000005,1.9999980676348272,14.500000000000114,4.139999999999986,9.319999999999936,0.509999999999998,0.0,0.509999999999998,8.486691016619819,7.078261968873101,5.672580541517286,8.818873510828901
2024-07-06 10:12:30,897.59,870.66,49.78,54.39,884.125,1768.25,26.930000000000064,0.03045949381540005,104.17,4.609999999999999,10.360000000000014,-2.080000000000041,4.139999999999986,12.440000000000055,3.004830192070025,8.289999999999964,-2.080000000000041,3.105000000000018,0.480000000000004,0.0,0.480000000000004,8.48732832401528,4.180366311699971,7.327041012578044,7.518655464908584
2024-07-06 10:12:31,905.87,866.52,50.27,54.39,886.1949999999999,1772.3899999999999,39.35000000000002,0.044403319760996963,104.66,4.119999999999997,8.279999999999973,-4.139999999999986,2.0699999999999363,12.419999999999959,5.99999710145084,-2.080000000000041,-2.0599999999999454,-2.07000000000005,0.490000000000002,0.0,0.490000000000002,8.46737045225138,3.689768962956388,10.864230299473615,6.726981678286326
2024-07-06 10:12:32,895.52,872.74,50.76,54.39,884.13,1768.26,22.779999999999973,0.025765441704539527,105.15,3.6300000000000026,-10.350000000000023,6.220000000000027,-2.064999999999941,16.57000000000005,8.024209189245198,-18.629999999999995,10.360000000000014,-4.134999999999877,0.4899999999999949,0.0,0.4899999999999949,8.408273814471956,3.070896855968311,10.804907681234512,4.834071006925706
2024-07-06 10:12:33,901.73,870.66,51.22,54.39,886.1949999999999,1772.3899999999999,31.07000000000005,0.03506000368422305,105.61,3.1700000000000017,6.210000000000036,-2.080000000000041,2.064999999999941,8.290000000000077,4.014525900956132,16.56000000000006,-8.300000000000068,4.129999999999882,0.46000000000000085,0.0,0.46000000000000085,8.391203405063882,2.5352228698867543,9.265148676626852,2.2652908201817845
2024-07-06 10:12:34,918.3,870.66,51.71,54.39,894.48,1788.96,47.639999999999986,0.053259994574210705,106.1,2.6799999999999997,16.569999999999936,0.0,8.285000000000082,16.569999999999936,1.9999997585998812,10.3599999999999,2.080000000000041,6.220000000000141,0.490000000000002,0.0,0.490000000000002,8.43053714957081,4.293770196458917,9.976669283884274,3.7607569051987566
2024-07-06 10:12:35,914.16,870.66,52.18,54.39,892.41,1784.82,43.5,0.04874441114650843,106.57,2.210000000000001,-4.139999999999986,0.0,-2.07000000000005,4.139999999999986,1.9999990338168367,-20.709999999999923,0.0,-10.355000000000132,0.46999999999999886,0.0,0.46999999999999886,8.373932547865886,4.489037480351434,9.978330020599644,4.242971541266833
2024-07-06 10:12:36,912.09,868.59,52.66,54.39,890.34,1780.68,43.5,0.04885773968499928,107.05,1.730000000000004,-2.0699999999999363,-2.0699999999999363,-2.0699999999999363,0.0,0.0,2.07000000000005,-2.0699999999999363,1.1368683772161603e-13,0.4799999999999969,0.0,0.4799999999999969,8.317048030667465,4.293408319738593,10.400082691978948,4.536057484203676
2024-07-06 10:12:37,922.44,866.52,53.13,54.39,894.48,1788.96,55.92000000000007,0.06251676944982928,107.52000000000001,1.259999999999998,10.350000000000023,-2.07000000000005,4.139999999999986,12.420000000000073,2.999999275362521,12.419999999999959,-1.1368683772161603e-13,6.209999999999923,0.47000000000000597,0.0,0.47000000000000597,8.31919635119795,3.465714933459236,8.978996603184576,4.39290194518387
2024-07-06 10:12:38,934.87,868.59,53.6,54.39,901.73,1803.46,66.27999999999997,0.07350315496489727,107.99000000000001,0.7899999999999991,12.42999999999995,2.07000000000005,7.25,10.3599999999999,1.4289653201427006,2.0799999999999272,4.1400000000001,3.1100000000000136,0.46999999999999886,0.0,0.46999999999999886,8.350124934252014,4.294492985208492,9.75701388745553,4.966031614881261
2024-07-06 10:12:39,920.37,868.59,54.07,54.39,894.48,1788.96,51.77999999999997,0.057888382012019936,108.46000000000001,0.3200000000000003,-14.5,0.0,-7.25,14.5,1.999999724137969,-26.92999999999995,-2.07000000000005,-14.5,0.46999999999999886,0.0,0.46999999999999886,8.247095627447026,4.294492985208492,9.534688248705358,5.719143292487081
2024-07-06 10:12:40,928.66,868.59,54.54,54.39,898.625,1797.25,60.069999999999936,0.06684657107598094,108.93,0.14999999999999858,8.289999999999964,0.0,4.144999999999982,8.289999999999964,1.9999995174910692,22.789999999999964,0.0,11.394999999999982,0.46999999999999886,0.0,0.46999999999999886,8.24956386441234,4.369099449544025,8.589348054421817,5.831065082812904
2024-07-06 10:12:41,939.01,858.24,55.0,54.39,898.625,1797.25,80.76999999999998,0.08988176370579298,109.39,0.6099999999999994,10.350000000000023,-10.350000000000023,0.0,20.700000000000045,20700000.000000045,2.060000000000059,-10.350000000000023,-4.144999999999982,0.46000000000000085,0.0,0.46000000000000085,8.21487331369528,3.1075002011274533,11.304031581696854,5.60618809887788
2024-07-06 10:12:42,930.73,866.52,55.47,54.39,898.625,1797.25,64.21000000000004,0.07145360960194344,109.86,1.0799999999999983,-8.279999999999973,8.279999999999973,0.0,16.559999999999945,16559999.999999946,-18.629999999999995,18.629999999999995,0.0,0.46999999999999886,0.0,0.46999999999999886,8.179728671220383,2.579037126527601,10.598517349138994,5.451371845691686
2024-07-06 10:12:43,936.94,862.38,55.94,54.39,899.6600000000001,1799.3200000000002,74.56000000000006,0.08287575297014906,110.33,1.5499999999999972,6.210000000000036,-4.139999999999986,1.0350000000000819,10.350000000000023,9.999990338172818,14.490000000000009,-12.419999999999959,1.0350000000000819,0.46999999999999886,0.0,0.46999999999999886,8.154264405381452,2.0197666944495047,11.528415762801089,4.182038079692727
2024-07-06 10:12:44,943.15,866.52,56.39,54.39,904.835,1809.67,76.63,0.08468947367786449,110.78,2.0,6.209999999999923,4.139999999999986,5.1749999999999545,2.0699999999999363,0.39999992270532014,-1.1368683772161603e-13,8.279999999999973,4.139999999999873,0.45000000000000284,0.0,0.45000000000000284,8.167855134790981,2.6989497957555875,8.733339567427821,2.428356954815309
2024-07-06 10:12:45,955.58,866.52,56.86,54.39,911.05,1822.1,89.06000000000006,0.09775533714093049,111.25,2.469999999999999,12.430000000000064,0.0,6.214999999999918,12.430000000000064,1.9999996781979965,6.220000000000141,-4.139999999999986,1.0399999999999636,0.46999999999999886,0.0,0.46999999999999886,8.18921340953516,5.399865044610896,9.07359520807492,2.9833684821020245
2024-07-06 10:12:46,947.3,862.38,57.31,54.39,904.8399999999999,1809.6799999999998,84.91999999999996,0.09385084645478661,111.7,2.9200000000000017,-8.280000000000086,-4.139999999999986,-6.210000000000036,4.1400000000001,0.6666665593129656,-20.71000000000015,-4.139999999999986,-12.424999999999955,0.45000000000000284,0.0,0.45000000000000284,8.100626606082125,4.96577108816057,9.669639600316033,4.932467181847219
2024-07-06 10:12:47,945.23,930.73,57.77,54.95,937.98,1875.96,14.5,0.015458751769271464,112.72,2.8200000000000003,-2.0699999999999363,68.35000000000002,33.1400000000001,70.41999999999996,2.124924498342645,6.21000000000015,72.49000000000001,39.350000000000136,0.46000000000000085,0.5600000000000023,0.10000000000000142,8.321327108575877,15.24964491389941,30.453032361326525,14.94605775781699
2024-07-06 10:12:48,955.58,936.94,58.22,55.96,946.26,1892.52,18.639999999999986,0.019698602900155755,114.18,2.259999999999998,10.350000000000023,6.210000000000036,8.279999999999973,4.139999999999986,0.4999999396135339,12.419999999999959,-62.139999999999986,-24.860000000000127,0.44999999999999574,1.009999999999998,0.5600000000000023,8.28744081023436,19.671318461151184,36.98017712234489,14.460955621949807
2024-07-06 10:12:49,970.08,959.72,58.67,56.96,964.9000000000001,1929.8000000000002,10.360000000000014,0.010736863912595242,115.63,1.7100000000000009,14.5,22.779999999999973,18.6400000000001,8.279999999999973,0.44420598475289397,4.149999999999977,16.569999999999936,10.360000000000127,0.45000000000000284,1.0,0.5499999999999972,8.344720156147021,24.96510524712527,39.839079808650204,14.74700884925489
2024-07-06 10:12:50,955.58,982.51,59.12,57.97,969.0450000000001,1938.0900000000001,26.92999999999995,0.027790247070269905,117.09,1.1499999999999986,-14.5,22.789999999999964,4.144999999999982,37.289999999999964,8.996379011730063,-29.0,0.009999999999990905,-14.495000000000118,0.44999999999999574,1.009999999999998,0.5600000000000023,8.276069619300799,25.676280396507053,30.720253905200703,14.977722790865169
2024-07-06 10:12:51,963.87,992.86,59.57,58.98,978.365,1956.73,28.99000000000001,0.02963106812934737,118.55,0.5900000000000034,8.289999999999964,10.350000000000023,9.319999999999936,2.060000000000059,0.2210300192027955,22.789999999999964,-12.43999999999994,5.1749999999999545,0.45000000000000284,1.009999999999998,0.5599999999999952,8.252762477834143,16.691185922517953,7.965659420286548,11.587988393159595
2024-07-06 10:12:52,982.51,999.07,60.02,59.99,990.79,1981.58,16.56000000000006,0.016713935327653816,120.01,0.030000000000001137,18.639999999999986,6.210000000000036,12.424999999999955,12.42999999999995,1.0004023339716428,10.350000000000023,-4.139999999999986,3.105000000000018,0.45000000000000284,1.0100000000000051,0.5600000000000023,8.255895273261434,16.527439532488636,7.665176449371517,5.400296982574249
2024-07-06 10:12:53,980.43,1007.36,60.47,61.0,993.895,1987.79,26.930000000000064,0.027095417496722136,121.47,0.5300000000000011,-2.080000000000041,8.289999999999964,3.105000000000018,10.370000000000005,3.339773481554416,-20.720000000000027,2.0799999999999272,-9.319999999999936,0.44999999999999574,1.009999999999998,0.5600000000000023,8.18222599668868,12.829500867145022,8.101581944287169,6.357987692658773
2024-07-06 10:12:54,970.08,1023.93,60.92,62.0,997.005,1994.01,53.84999999999991,0.054011765182710364,122.92,1.0799999999999983,-10.349999999999909,16.569999999999936,3.1100000000000136,26.919999999999845,8.655945769792268,-8.269999999999868,8.279999999999973,0.0049999999999954525,0.45000000000000284,1.0,0.5499999999999972,8.111007093141824,11.747216691628731,13.849192034194576,4.230572360804124
2024-07-06 10:12:55,982.51,1042.57,61.36,62.99,1012.54,2025.08,60.059999999999945,0.05931617510486872,124.35,1.6300000000000026,12.42999999999995,18.639999999999986,15.534999999999968,6.210000000000036,0.39974249116559757,22.77999999999986,2.07000000000005,12.424999999999955,0.4399999999999977,0.990000000000002,0.5500000000000043,8.142661776094396,12.310393677705344,18.699320041113733,5.557188362832391
2024-07-06 10:12:56,1007.36,1046.71,61.79,64.0,1027.035,2054.07,39.35000000000002,0.03831417620790512,125.78999999999999,2.210000000000001,24.850000000000023,4.1400000000001,14.495000000000118,20.709999999999923,1.428768442306403,12.420000000000073,-14.499999999999886,-1.03999999999985,0.4299999999999997,1.009999999999998,0.5799999999999983,8.16467916237635,15.237847042810774,18.116253751810767,6.151853785648687
2024-07-06 10:12:57,990.79,1050.85,62.22,65.01,1020.8199999999999,2041.6399999999999,60.059999999999945,0.05883505411450098,127.23,2.7900000000000063,-16.57000000000005,4.139999999999873,-6.2150000000001455,20.709999999999923,3.3322601235300584,-41.42000000000007,-2.2737367544323206e-13,-20.710000000000264,0.4299999999999997,1.0100000000000051,0.5800000000000054,8.023422085801917,14.50535134011241,14.524673834547828,9.069460017002182
2024-07-06 10:12:58,1001.15,1071.56,62.65,66.0,1036.355,2072.71,70.40999999999997,0.06794003978565252,128.65,3.3500000000000014,10.360000000000014,20.710000000000036,15.535000000000082,10.350000000000023,0.6662374852759886,26.930000000000064,16.570000000000164,21.750000000000227,0.4299999999999997,0.9899999999999949,0.5599999999999952,8.05561594982032,14.952184372194862,11.398220475144335,9.75327483463896
2024-07-06 10:12:59,1015.64,1075.7,63.07,67.01,1045.67,2091.34,60.06000000000006,0.05743685860985128,130.08,3.940000000000005,14.490000000000009,4.1400000000001,9.315000000000055,10.349999999999909,1.1111109918291848,4.1299999999999955,-16.569999999999936,-6.220000000000027,0.4200000000000017,1.0100000000000051,0.5900000000000034,8.038668449887235,12.964941862581469,11.341964997300932,9.280577568233651
2024-07-06 10:13:00,1021.86,1086.06,63.5,68.01,1053.96,2107.92,64.19999999999993,0.06091312757513264,131.51,4.510000000000005,6.220000000000027,10.3599999999999,8.289999999999964,4.139999999999873,0.4993968034503122,-8.269999999999982,6.2199999999998,-1.025000000000091,0.4299999999999997,1.0,0.5700000000000003,8.014295429896622,13.454098167477625,11.677205573252508,8.695365432228929
2024-07-06 10:13:01,1021.86,1077.77,63.91,69.0,1049.815,2099.63,55.90999999999997,0.053257002373506716,132.91,5.090000000000003,0.0,-8.289999999999964,-4.144999999999982,8.289999999999964,1.9999995174910692,-6.220000000000027,-18.649999999999864,-12.434999999999945,0.4099999999999966,0.9899999999999949,0.5799999999999983,7.898690783999017,13.188615071345838,5.479541039174711,9.338778292689105
2024-07-06 10:13:02,1040.49,1092.27,64.33,70.01,1066.38,2132.76,51.77999999999997,0.048556799594368955,134.34,5.680000000000007,18.629999999999995,14.5,16.565000000000055,4.1299999999999955,0.24932084217803438,18.629999999999995,22.789999999999964,20.710000000000036,0.4200000000000017,1.0100000000000051,0.5900000000000034,7.937918654623205,11.045413867308847,7.2317750241555405,8.26539593727974
2024-07-06 10:13:03,1042.57,1102.62,64.72,71.0,1072.5949999999998,2145.1899999999996,60.049999999999955,0.05598571683069028,135.72,6.280000000000001,2.0799999999999272,10.349999999999909,6.214999999999691,8.269999999999982,1.3306514351325758,-16.550000000000068,-4.150000000000091,-10.350000000000364,0.39000000000000057,0.9899999999999949,0.5999999999999943,7.902998762872097,11.380727898519567,4.720767946001997,7.467132649149899
2024-07-06 10:13:04,1040.49,1108.84,65.13,72.01,1074.665,2149.33,68.34999999999991,0.06360121520324817,137.14,6.88000000000001,-2.0799999999999272,6.220000000000027,2.0700000000001637,8.299999999999955,4.009659898714686,-4.1599999999998545,-4.129999999999882,-4.144999999999527,0.4099999999999966,1.0100000000000051,0.6000000000000085,7.836262156655519,11.112605792528882,6.550661798627649,7.666052928332794
2024-07-06 10:13:05,1042.57,1083.99,65.53,72.15,1063.28,2126.56,41.42000000000007,0.03895493187217397,137.68,6.6200000000000045,2.0799999999999272,-24.84999999999991,-11.384999999999991,26.929999999999836,2.365392853281248,4.1599999999998545,-31.069999999999936,-13.455000000000155,0.4000000000000057,0.14000000000000057,0.2600000000000051,7.722835504627865,9.822693495174738,9.975944566806636,10.568078349444598
2024-07-06 10:13:06,1065.35,1075.7,65.93,72.15,1070.525,2141.05,10.350000000000136,0.009668153467067075,138.08,6.219999999999999,22.779999999999973,-8.289999999999964,7.245000000000118,31.069999999999936,4.288474218291954,20.700000000000045,16.559999999999945,18.63000000000011,0.4000000000000057,0.0,0.4000000000000057,7.7529330261230225,4.629499703008286,22.48039034358603,10.16904346534127
2024-07-06 10:13:07,1059.13,1075.7,66.32,72.15,1067.415,2134.83,16.569999999999936,0.015523484290998769,138.47,5.8300000000000125,-6.2199999999998,0.0,-3.1100000000001273,6.2199999999998,1.9999993569132437,-28.999999999999773,8.289999999999964,-10.355000000000246,0.38999999999998636,0.0,0.38999999999998636,7.708637194275748,4.476338347372122,25.65980943031333,7.656324673105222
2024-07-06 10:13:08,1069.49,1075.7,66.72,72.15,1072.595,2145.19,6.210000000000036,0.005789696944522712,138.87,5.430000000000007,10.3599999999999,0.0,5.180000000000064,10.3599999999999,1.9999996138996445,16.5799999999997,0.0,8.290000000000191,0.4000000000000057,0.0,0.4000000000000057,7.72373437226374,4.476338347372164,26.093621826032457,7.464878599146867
2024-07-06 10:13:09,1083.99,1075.7,67.11,72.15,1079.845,2159.69,8.289999999999964,0.0076770277144617375,139.26,5.040000000000006,14.5,0.0,7.25,14.5,1.999999724137969,4.1400000000001,0.0,2.0699999999999363,0.39000000000000057,0.0,0.39000000000000057,7.754164815782244,6.186581851083585,14.423062088197517,8.151821422234462
2024-07-06 10:13:10,1088.13,1073.63,67.49,72.15,1080.88,2161.76,14.5,0.013414995176693992,139.64,4.660000000000011,4.1400000000001,-2.0699999999999363,1.0350000000000819,6.210000000000036,5.9999942029037125,-10.3599999999999,-2.0699999999999363,-6.214999999999918,0.37999999999999545,0.0,0.37999999999999545,7.740475453018654,5.88627174025829,4.295821225330469,4.49099794032469
2024-07-06 10:13:11,1075.7,1071.56,67.87,72.15,1073.63,2147.26,4.1400000000001,0.003856077043435841,140.02,4.280000000000001,-12.430000000000064,-2.0700000000001637,-7.25,10.3599999999999,1.4289653201427006,-16.570000000000164,-2.2737367544323206e-13,-8.285000000000082,0.38000000000000966,0.0,0.38000000000000966,7.667690275191471,5.548894709774606,5.362505944052604,5.932379792292499
2024-07-06 10:13:12,1090.2,1065.35,68.27,72.15,1077.775,2155.55,24.850000000000136,0.023056760434175382,140.42000000000002,3.8800000000000097,14.5,-6.210000000000036,4.144999999999982,20.710000000000036,4.996379976747925,26.930000000000064,-4.139999999999873,11.394999999999982,0.3999999999999915,0.0,0.3999999999999915,7.675366702212172,3.6910313599547226,8.361104592097897,5.673264712667658
2024-07-06 10:13:13,1104.7,1069.49,68.64,72.15,1087.095,2174.19,35.210000000000036,0.032389073602225156,140.79000000000002,3.510000000000005,14.5,4.1400000000001,9.319999999999936,10.3599999999999,1.111587863563531,0.0,10.350000000000136,5.1749999999999545,0.37000000000000455,0.0,0.37000000000000455,7.7213935100405315,4.912861945971607,12.648401875335887,6.484397620442451
2024-07-06 10:13:14,1086.06,1069.49,69.02,72.15,1077.775,2155.55,16.569999999999936,0.015374266414256842,141.17000000000002,3.1300000000000097,-18.6400000000001,0.0,-9.319999999999936,18.6400000000001,1.999999785407773,-33.1400000000001,-4.1400000000001,-18.639999999999873,0.37999999999999545,0.0,0.37999999999999545,7.634589447938022,4.9993192036691285,11.661330541580583,7.805167679172524
2024-07-06 10:13:15,1092.27,1067.42,69.4,72.15,1079.845,2159.69,24.84999999999991,0.023012561966752026,141.55,2.75,6.210000000000036,-2.0699999999999363,2.0699999999999363,8.279999999999973,3.9999980676338933,24.850000000000136,-2.0699999999999363,11.389999999999873,0.38000000000000966,0.0,0.38000000000000966,7.62871771367914,4.945460544800089,11.569104546160853,7.866685769750771
2024-07-06 10:13:16,1102.62,1067.42,69.76,72.15,1085.02,2170.04,35.19999999999982,0.0324417982779654,141.91000000000003,2.3900000000000006,10.349999999999909,0.0,5.1749999999999545,10.349999999999909,1.9999996135266447,4.139999999999873,2.0699999999999363,3.105000000000018,0.35999999999999943,0.0,0.35999999999999943,7.645831811388683,4.3065264425263905,7.938978523714483,7.000445164416283
2024-07-06 10:13:17,1102.62,1065.35,70.14,72.15,1083.985,2167.97,37.26999999999998,0.034382394558612514,142.29000000000002,2.010000000000005,0.0,-2.0700000000001637,-1.0350000000000819,2.0700000000001637,1.9999980676347173,-10.349999999999909,-2.0700000000001637,-6.210000000000036,0.37999999999999545,0.0,0.37999999999999545,7.618138958337626,3.832317184182634,8.856669803035466,7.038265588907495
2024-07-06 10:13:18,1102.62,1057.06,70.52,72.15,1079.84,2159.68,45.559999999999945,0.04219143572918998,142.67000000000002,1.6300000000000097,0.0,-8.289999999999964,-4.144999999999982,8.289999999999964,1.9999995174910692,0.0,-6.2199999999998,-3.1099999999999,0.37999999999999545,0.0,0.37999999999999545,7.568795068558244,3.070896855998063,11.303023931674222,5.604756239124002
2024-07-06 10:13:19,1117.12,1063.28,70.88,72.15,1090.1999999999998,2180.3999999999996,53.83999999999992,0.04938543382004631,143.03,1.2700000000000102,14.5,6.220000000000027,10.3599999999999,8.279999999999973,0.7992277220822713,14.5,14.509999999999991,14.504999999999882,0.35999999999999943,0.0,0.35999999999999943,7.622177112338829,4.295457775392918,10.958135334079442,5.607389098323715
2024-07-06 10:13:20,1110.91,1065.35,71.25,72.15,1088.13,2176.26,45.56000000000017,0.04186999711259699,143.4,0.9000000000000057,-6.209999999999809,2.0699999999999363,-2.069999999999709,8.279999999999745,3.999998067634223,-20.70999999999981,-4.150000000000091,-12.429999999999609,0.37000000000000455,0.0,0.37000000000000455,7.588075260892084,3.9858186110493605,7.4683451982350535,5.977439460170132
2024-07-06 10:13:21,1104.7,1063.28,71.61,72.15,1083.99,2167.98,41.42000000000007,0.038210684565161475,143.76,0.5400000000000063,-6.210000000000036,-2.0699999999999363,-4.1400000000001,4.1400000000001,0.9999997584541646,-2.2737367544323206e-13,-4.139999999999873,-2.070000000000391,0.35999999999999943,0.0,0.35999999999999943,7.540275406648057,4.038892793846723,6.143647125283132,6.057932196715261
2024-07-06 10:13:22,1121.26,1063.28,71.97,72.15,1092.27,2184.54,57.98000000000002,0.05308211334827277,144.12,0.18000000000000682,16.559999999999945,0.0,8.279999999999973,16.559999999999945,1.9999997584541356,22.769999999999982,2.0699999999999363,12.420000000000073,0.35999999999999943,0.0,0.35999999999999943,7.5788925369213676,4.988750344544209,6.802714164214125,7.084583262267384
2024-07-06 10:13:23,1123.33,1065.35,72.33,72.15,1094.34,2188.68,57.98000000000002,0.052981705819963004,144.48000000000002,0.1799999999999926,2.0699999999999363,2.0699999999999363,2.0699999999999363,0.0,0.0,-14.490000000000009,2.0699999999999363,-6.210000000000036,0.35999999999999943,0.0,0.35999999999999943,7.574335495747953,3.9817245007903828,7.520683479578118,6.315603692442965
2024-07-06 10:13:24,1108.84,1063.28,72.69,72.15,1086.06,2172.12,45.559999999999945,0.041949800156575276,144.84,0.539999999999992,-14.490000000000009,-2.0699999999999363,-8.279999999999973,12.420000000000073,1.4999998188406154,-16.559999999999945,-4.139999999999873,-10.349999999999909,0.35999999999999943,0.0,0.35999999999999943,7.498342947401664,4.292443360161352,7.7452307906220375,6.312651582338412
2024-07-06 10:13:25,1119.19,1059.13,73.07,72.15,1089.16,2178.32,60.059999999999945,0.05514341322198439,145.22,0.9199999999999875,10.350000000000136,-4.149999999999864,3.1000000000001364,14.5,4.677417845994037,24.840000000000146,-2.0799999999999272,11.38000000000011,0.37999999999999545,0.0,0.37999999999999545,7.500068809392173,4.2674149083717685,8.486671903638065,6.4795663435140565
2024-07-06 10:13:26,1133.69,1054.99,73.43,72.14,1094.3400000000001,2188.6800000000003,78.70000000000005,0.07191549237721781,145.57,1.2900000000000063,14.5,-4.1400000000001,5.180000000000064,18.6400000000001,3.5984549037731597,4.149999999999864,0.009999999999763531,2.0799999999999272,0.36000000000001364,-0.010000000000005116,0.37000000000001876,7.51762033717373,3.5860674840549134,11.899078955952886,6.253391080046085
2024-07-06 10:13:27,1121.26,1063.28,73.77,72.14,1092.27,2184.54,57.98000000000002,0.05308211334827277,145.91,1.6299999999999955,-12.430000000000064,8.289999999999964,-2.0700000000001637,20.720000000000027,10.009657000164921,-26.930000000000064,12.430000000000064,-7.250000000000227,0.3399999999999892,0.0,0.3399999999999892,7.485915924296375,3.5860674840549134,11.899078955952886,5.328475391704494
2024-07-06 10:13:28,1117.12,1061.2,74.13,72.14,1089.1599999999999,2178.3199999999997,55.919999999999845,0.05134231880408528,146.26999999999998,1.9899999999999949,-4.1400000000001,-2.0799999999999272,-3.1100000000001273,2.060000000000173,0.6623792082382252,8.289999999999964,-10.36999999999989,-1.0399999999999636,0.35999999999999943,0.0,0.35999999999999943,7.446229524535246,3.190896425801888,12.023937790923618,5.328961437278429
2024-07-06 10:13:29,1137.83,1059.13,74.49,72.14,1098.48,2196.96,78.69999999999982,0.07164445408961051,146.63,2.3499999999999943,20.710000000000036,-2.0699999999999363,9.320000000000164,22.779999999999973,2.4442057463298097,24.850000000000136,0.009999999999990905,12.430000000000291,0.35999999999999943,0.0,0.35999999999999943,7.491509189855356,3.916135850579879,11.43919227917776,5.157773744553111
2024-07-06 10:13:30,1129.55,1059.13,74.85,72.14,1094.3400000000001,2188.6800000000003,70.41999999999985,0.0643492880966158,146.99,2.7099999999999937,-8.279999999999973,0.0,-4.139999999999873,8.279999999999973,1.9999995169083842,-28.99000000000001,2.0699999999999363,-13.460000000000036,0.35999999999999943,0.0,0.35999999999999943,7.444996207599183,3.4030310019448406,10.960970759928157,5.9039164966995425
2024-07-06 10:13:31,1129.55,1061.2,75.21,72.14,1095.375,2190.75,68.34999999999991,0.06239872184192736,147.35,3.069999999999993,0.0,2.0699999999999363,1.0349999999998545,2.0699999999999363,1.9999980676349371,8.279999999999973,2.0699999999999363,5.174999999999727,0.35999999999999943,0.0,0.35999999999999943,7.433830964140951,3.4809122367847474,9.379503185137217,5.45013715423757
2024-07-06 10:13:32,1141.97,1059.13,75.55,72.14,1100.5500000000002,2201.1000000000004,82.83999999999992,0.07527145511310566,147.69,3.4099999999999966,12.420000000000073,-2.0699999999999363,5.175000000000182,14.490000000000009,2.7999994589372057,12.420000000000073,-4.139999999999873,4.140000000000327,0.3400000000000034,0.0,0.3400000000000034,7.45175700824865,4.356228873716289,10.415593118013025,5.652748667683796
2024-07-06 10:13:33,1137.83,1052.92,75.91,72.14,1095.375,2190.75,84.90999999999985,0.07751683206434601,148.05,3.769999999999996,-4.1400000000001,-6.210000000000036,-5.175000000000182,2.0699999999999363,0.39999992270530255,-16.560000000000173,-4.1400000000001,-10.350000000000364,0.35999999999999943,0.0,0.35999999999999943,7.398682827432064,2.5978293824267706,7.37687128801906,6.142255896655664
2024-07-06 10:13:34,1135.76,1057.06,76.27,72.14,1096.4099999999999,2192.8199999999997,78.70000000000005,0.07177971737600015,148.41,4.1299999999999955,-2.0699999999999363,4.139999999999873,1.0349999999998545,6.209999999999809,5.999994202904811,2.0700000000001637,10.349999999999909,6.210000000000036,0.35999999999999943,0.0,0.35999999999999943,7.387709673285427,2.427290155749761,7.376871288019072,4.242237617107331
2024-07-06 10:13:35,1146.11,1133.69,76.63,73.04,1139.9,2279.8,12.419999999999845,0.010895692595055838,149.67000000000002,3.589999999999989,10.349999999999909,76.63000000000011,43.49000000000024,66.2800000000002,1.5240284772584816,12.419999999999845,72.49000000000024,42.45500000000038,0.35999999999999943,0.9000000000000057,0.5400000000000063,7.6160886776502394,19.335973145932027,30.320195085124407,19.570009453242637
2024-07-06 10:13:36,1146.11,1146.11,76.98,74.04,1146.11,2292.22,0.0,0.0,151.02,2.9399999999999977,0.0,12.419999999999845,6.209999999999809,12.419999999999845,1.9999996779388969,-10.349999999999909,-64.21000000000026,-37.28000000000043,0.3500000000000085,1.0,0.6499999999999915,7.589127217659069,25.125363280959842,41.884915900596006,19.168780803692393
2024-07-06 10:13:37,1131.62,1133.69,77.34,74.8,1132.655,2265.31,2.0700000000001637,0.0018275644376907346,152.14,2.5400000000000063,-14.490000000000009,-12.419999999999845,-13.454999999999927,2.0700000000001637,0.15384614241204256,-14.490000000000009,-24.83999999999969,-19.664999999999736,0.35999999999999943,0.7599999999999909,0.3999999999999915,7.4448205110765056,24.387134671793827,42.479457976767975,21.98116733706391
2024-07-06 10:13:38,1150.26,1152.33,77.68,75.16,1151.295,2302.59,2.0699999999999363,0.0017979753218783723,152.84,2.5200000000000102,18.6400000000001,18.639999999999873,18.6400000000001,2.2737367544323206e-13,1.2198157899413783e-14,33.13000000000011,31.059999999999718,32.09500000000003,0.3400000000000034,0.35999999999999943,0.01999999999999602,7.532681185993973,21.75293583634658,33.69578118993535,21.413154660161698
2024-07-06 10:13:39,1156.47,1139.9,78.02,75.55,1148.185,2296.37,16.569999999999936,0.01443147226759491,153.57,2.469999999999999,6.210000000000036,-12.429999999999836,-3.1100000000001273,18.639999999999873,5.993567204640484,-12.430000000000064,-31.06999999999971,-21.750000000000227,0.3399999999999892,0.39000000000000057,0.05000000000001137,7.476622989668406,7.416437318565553,7.380239156016488,21.97710626993474
2024-07-06 10:13:40,1144.04,1170.96,78.38,76.06,1157.5,2315.0,26.920000000000073,0.023257019418352527,154.44,2.319999999999993,-12.430000000000064,31.059999999999945,9.315000000000055,43.49000000000001,4.668813240062965,-18.6400000000001,43.48999999999978,12.425000000000182,0.35999999999999943,0.5100000000000051,0.15000000000000568,7.4948199462909875,9.172804505723064,11.76964018141591,12.263156710243925
2024-07-06 10:13:41,1148.19,1150.26,78.72,76.44,1149.225,2298.45,2.0699999999999363,0.0018012138599479844,155.16,2.280000000000001,4.150000000000091,-20.700000000000045,-8.275000000000091,24.850000000000136,3.0030207851334234,16.580000000000155,-51.75999999999999,-17.590000000000146,0.3400000000000034,0.37999999999999545,0.03999999999999204,7.406709155666994,9.190361527176904,11.380773260196348,13.14784136274854
2024-07-06 10:13:42,1160.61,1179.25,79.06,77.21,1169.9299999999998,2339.8599999999997,18.6400000000001,0.015932577149117916,156.26999999999998,1.8500000000000085,12.419999999999845,28.99000000000001,20.704999999999927,16.570000000000164,0.8002897464240751,8.269999999999754,49.690000000000055,28.980000000000018,0.3400000000000034,0.769999999999996,0.4299999999999926,7.486593668096284,8.97801662396617,10.919342013143524,12.876125678945575
2024-07-06 10:13:43,1158.54,1152.33,79.41,77.46,1155.435,2310.87,6.210000000000036,0.005374599172281814,156.87,1.9500000000000028,-2.0699999999999363,-26.920000000000073,-14.49499999999989,24.850000000000136,1.7143841521639305,-14.489999999999782,-55.91000000000008,-35.19999999999982,0.3499999999999943,0.25,0.09999999999999432,7.3655574210138495,8.711685399520197,9.975423299289146,14.144708197767795
2024-07-06 10:13:44,1154.4,1175.11,79.73,77.68,1164.755,2329.51,20.70999999999981,0.01778056327916106,157.41000000000003,2.049999999999997,-4.139999999999873,22.779999999999973,9.320000000000164,26.919999999999845,2.8884117072518958,-2.0699999999999363,49.700000000000045,23.815000000000055,0.3200000000000074,0.22000000000001307,0.09999999999999432,7.399498078905418,8.099598292521343,10.39649700620359,14.37007585227022
2024-07-06 10:13:45,1166.82,1164.75,80.07,77.86,1165.7849999999999,2331.5699999999997,2.0699999999999363,0.0017756275798919258,157.93,2.2099999999999937,12.419999999999845,-10.3599999999999,1.0299999999997453,22.779999999999745,22.116483382060192,16.559999999999718,-33.13999999999987,-8.290000000000418,0.3399999999999892,0.1799999999999926,0.1599999999999966,7.381656383323899,8.461052239539407,9.075648737142693,13.977416875088176
2024-07-06 10:13:46,1170.96,1158.54,80.41,77.86,1164.75,2329.5,12.420000000000073,0.01066323244416127,158.26999999999998,2.549999999999997,4.1400000000001,-6.210000000000036,-1.0349999999998545,10.350000000000136,9.999990338175126,-8.279999999999745,4.149999999999864,-2.0649999999996,0.3400000000000034,0.0,0.3400000000000034,7.359259446772861,5.309356599458709,7.941325456118747,13.034487427589895
2024-07-06 10:13:47,1173.04,1162.68,80.74,78.11,1167.8600000000001,2335.7200000000003,10.3599999999999,0.008870926302064435,158.85,2.6299999999999955,2.0799999999999272,4.1400000000001,3.1100000000001273,2.060000000000173,0.6623792082382252,-2.060000000000173,10.350000000000136,4.144999999999982,0.3299999999999983,0.25,0.0799999999999983,7.351967218432691,4.80044607304534,7.023398749893045,8.773748771192402
2024-07-06 10:13:48,1148.19,1156.47,80.79,78.22,1152.33,2304.66,8.279999999999973,0.0071854416641192465,159.01,2.5700000000000074,-24.84999999999991,-6.210000000000036,-15.5300000000002,18.639999999999873,1.2002574887148838,-26.929999999999836,-10.350000000000136,-18.640000000000327,0.05000000000001137,0.10999999999999943,0.05999999999998806,7.246902664946213,6.150633503974765,6.774663829298053,9.191290986580855
2024-07-06 10:13:49,1175.11,1160.61,81.04,78.22,1167.86,2335.72,14.5,0.012415871754820037,159.26,2.8200000000000074,26.919999999999845,4.139999999999873,15.529999999999973,22.779999999999973,1.466838282882275,51.769999999999754,10.349999999999909,31.060000000000173,0.25,0.0,0.25,7.3330402653959545,6.506465630449175,4.768540657266145,11.093216620980659
2024-07-06 10:13:50,1146.11,1162.68,81.04,78.34,1154.395,2308.79,16.570000000000164,0.014353839011470358,159.38,2.700000000000003,-29.0,2.0700000000001637,-13.464999999999918,31.070000000000164,2.3074636236566453,-55.919999999999845,-2.069999999999709,-28.99499999999989,0.0,0.12000000000000455,0.12000000000000455,7.2430354671662975,7.5168647054618445,3.2761227083246443,12.732487286465329
2024-07-06 10:13:51,1168.89,1170.96,81.28,78.56,1169.9250000000002,2339.8500000000004,2.0699999999999363,0.001769344187217635,159.84,2.719999999999999,22.7800000000002,8.279999999999973,15.5300000000002,14.500000000000227,0.9336766945475432,51.7800000000002,6.209999999999809,28.99500000000012,0.23999999999999488,0.21999999999999886,0.01999999999999602,7.319350554808869,8.392055320374011,5.673493632674731,15.07618071661396
2024-07-06 10:13:52,1170.96,1164.75,81.33,78.56,1167.855,2335.71,6.210000000000036,0.0053174409448797965,159.89,2.769999999999996,2.0699999999999363,-6.210000000000036,-2.0700000000001637,8.279999999999973,3.999998067633454,-20.710000000000264,-14.490000000000009,-17.600000000000364,0.04999999999999716,0.0,0.04999999999999716,7.30411528360676,8.39125333309735,5.968645575002816,15.075923023151939
2024-07-06 10:13:53,1168.89,1166.82,81.53,78.56,1167.855,2335.71,2.0700000000001637,0.001772480314960062,160.09,2.969999999999999,-2.0699999999999363,2.0699999999999363,0.0,4.139999999999873,4139999.999999873,-4.139999999999873,8.279999999999973,2.0700000000001637,0.20000000000000284,0.0,0.20000000000000284,7.294990272378098,6.315316302467683,6.870689921689106,12.447367191498811
2024-07-06 10:13:54,1179.25,1162.68,81.64,78.54,1170.9650000000001,2341.9300000000003,16.569999999999936,0.014150721828448511,160.18,3.0999999999999943,10.3599999999999,-4.139999999999873,3.1100000000001273,14.499999999999773,4.662377922064713,12.429999999999836,-6.209999999999809,3.1100000000001273,0.10999999999999943,-0.01999999999999602,0.12999999999999545,7.310307108813166,6.734554922206348,7.38220292324723,10.422522727248017
2024-07-06 10:13:55,1162.68,1160.61,81.78,78.54,1161.645,2323.29,2.0700000000001637,0.0017819557594774718,160.32,3.239999999999995,-16.569999999999936,-2.0700000000001637,-9.320000000000164,14.499999999999773,1.5557938244855896,-26.929999999999836,2.069999999999709,-12.430000000000291,0.14000000000000057,0.0,0.14000000000000057,7.24578962546289,3.616245290382223,6.282906970503314,9.10340320978934
2024-07-06 10:13:56,1179.25,1158.54,81.94,78.54,1168.895,2337.79,20.710000000000036,0.017717587963232324,160.48000000000002,3.3999999999999915,16.569999999999936,-2.0699999999999363,7.25,18.639999999999873,2.5710341281332063,33.13999999999987,2.2737367544323206e-13,16.570000000000164,0.1599999999999966,0.0,0.1599999999999966,7.283742477045473,3.4809869290492292,8.615096052859691,6.188087749862736
2024-07-06 10:13:57,1168.89,1125.4,82.02,78.67,1147.145,2294.29,43.49000000000001,0.03791151071755401,160.69,3.3499999999999943,-10.3599999999999,-33.13999999999987,-21.75,22.779999999999973,1.0473562736847677,-26.929999999999836,-31.069999999999936,-29.0,0.0799999999999983,0.12999999999999545,0.04999999999999716,7.138869829243451,9.676354168808269,17.04022652431586,11.579925302004371
2024-07-06 10:13:58,1187.53,1170.96,82.25,78.78,1179.245,2358.49,16.569999999999936,0.014051363360411597,161.03,3.469999999999999,18.639999999999873,45.559999999999945,32.09999999999991,26.920000000000073,0.8386292573635793,28.999999999999773,78.69999999999982,53.84999999999991,0.23000000000000398,0.10999999999999943,0.12000000000000455,7.32313850013576,12.06288854297392,14.976892868682702,20.165707773346313
2024-07-06 10:13:59,1168.89,1158.54,82.25,78.78,1163.7150000000001,2327.4300000000003,10.350000000000136,0.008893930207229608,161.03,3.469999999999999,-18.639999999999873,-12.420000000000073,-15.529999999999745,6.2199999999998,0.4005151062128008,-37.279999999999745,-57.98000000000002,-47.629999999999654,0.0,0.0,0.0,7.226696843900536,11.683386923328843,15.567444234684068,21.64235315301914
2024-07-06 10:14:00,1164.75,1158.54,82.43,78.78,1161.645,2323.29,6.210000000000036,0.005345867278432024,161.21,3.6500000000000057,-4.1400000000001,0.0,-2.0700000000001637,4.1400000000001,1.999999033816782,14.499999999999773,12.420000000000073,13.459999999999582,0.18000000000000682,0.0,0.18000000000000682,7.2057874374679765,11.683386923328843,14.542265298088854,21.222045141785863
2024-07-06 10:14:01,1179.25,1164.75,82.54,78.78,1172.0,2344.0,14.5,0.012372013641320807,161.32,3.760000000000005,14.5,6.210000000000036,10.355000000000018,8.289999999999964,0.8005793529136259,18.6400000000001,6.210000000000036,12.425000000000182,0.10999999999999943,0.0,0.10999999999999943,7.265063183330875,12.07596579989406,14.6740478396385,21.530421036291813
2024-07-06 10:14:02,1168.89,1164.75,82.57,78.78,1166.8200000000002,2333.6400000000003,4.1400000000001,0.003548105103145296,161.35,3.789999999999992,-10.3599999999999,0.0,-5.179999999999836,10.3599999999999,1.9999996138997322,-24.8599999999999,-6.210000000000036,-15.534999999999854,0.029999999999986926,0.0,0.029999999999986926,7.23160826010779,7.075371898367482,5.282388664231301,18.251801965833298
2024-07-06 10:14:03,1168.89,1164.75,82.63,78.78,1166.8200000000002,2333.6400000000003,4.1400000000001,0.003548105103145296,161.41,3.8499999999999943,0.0,0.0,0.0,0.0,0.0,10.3599999999999,0.0,5.179999999999836,0.060000000000002274,0.0,0.060000000000002274,7.228920096469117,3.91573907458241,4.491343896875378,9.336060464671293
2024-07-06 10:14:04,1173.04,1162.68,82.68,78.78,1167.8600000000001,2335.7200000000003,10.3599999999999,0.008870926302064435,161.46,3.9000000000000057,4.149999999999864,-2.0699999999999363,1.0399999999999636,6.2199999999998,5.980763480035133,4.149999999999864,-2.0699999999999363,1.0399999999999636,0.05000000000001137,0.0,0.05000000000001137,7.233122710063653,3.6904003848106686,4.492727456679229,5.830710076825977
2024-07-06 10:14:05,1173.04,1154.4,82.72,78.78,1163.72,2327.44,18.639999999999873,0.01601759872132667,161.5,3.9399999999999977,0.0,-8.279999999999973,-4.1400000000001,8.279999999999973,1.9999995169082743,-4.149999999999864,-6.210000000000036,-5.180000000000064,0.03999999999999204,0.0,0.03999999999999204,7.205696549809929,2.9823279498086985,6.385035630284202,6.152611234264685
2024-07-06 10:14:06,1173.04,1158.54,82.77,78.76,1165.79,2331.58,14.5,0.012437917624582542,161.53,4.009999999999991,0.0,4.139999999999873,2.0699999999999363,4.139999999999873,1.9999990338168918,0.0,12.419999999999845,6.210000000000036,0.04999999999999716,-0.01999999999999602,0.06999999999999318,7.21717323582509,1.5686682250276685,6.385035630284202,3.2258983244981287
2024-07-06 10:14:07,1173.04,1150.26,82.81,78.76,1161.65,2323.3,22.779999999999973,0.019610037429854028,161.57,4.049999999999997,0.0,-8.279999999999973,-4.139999999999873,8.279999999999973,1.9999995169083842,0.0,-12.419999999999845,-6.209999999999809,0.04000000000000625,0.0,0.04000000000000625,7.189762906543525,2.4917804879668957,7.233635323957048,2.928306677928386
2024-07-06 10:14:08,1177.18,1162.68,82.86,78.76,1169.93,2339.86,14.5,0.012393903898187151,161.62,4.099999999999994,4.1400000000001,12.420000000000073,8.279999999999973,8.279999999999973,0.9999998792270678,4.1400000000001,20.700000000000045,12.419999999999845,0.04999999999999716,0.0,0.04999999999999716,7.238769909424763,3.2729573783066503,4.720326259910426,5.154359320031922
2024-07-06 10:14:09,1175.11,1168.89,82.93,79.01,1172.0,2344.0,6.2199999999998,0.00530716723096641,161.94,3.9200000000000017,-2.0700000000001637,6.210000000000036,2.0699999999999363,8.2800000000002,3.999998067634003,-6.210000000000264,-6.210000000000036,-6.210000000000036,0.07000000000000739,0.25,0.1799999999999926,7.237248318900529,4.292443360163416,6.14061234731525,5.195658764776601
2024-07-06 10:14:10,1177.18,1168.89,82.97,79.01,1173.035,2346.07,8.289999999999964,0.007067137803162586,161.98000000000002,3.9599999999999937,2.0700000000001637,0.0,1.0350000000000819,2.0700000000001637,1.9999980676347173,4.140000000000327,-6.210000000000036,-1.0349999999998545,0.03999999999999204,0.0,0.03999999999999204,7.2418508010751275,4.720326259932619,6.480124998794436,4.41546090459418
2024-07-06 10:14:11,1183.39,1166.82,83.04,79.01,1175.105,2350.21,16.570000000000164,0.014100867570046331,162.05,4.030000000000001,6.210000000000036,-2.0700000000001637,2.0699999999999363,8.2800000000002,3.999998067634003,4.139999999999873,-2.0700000000001637,1.0349999999998545,0.07000000000000739,0.0,0.07000000000000739,7.251496406963922,5.205957404763042,6.643377905854888,4.41546090459418
2024-07-06 10:14:12,1168.89,1170.96,83.04,79.01,1169.9250000000002,2339.8500000000004,2.0699999999999363,0.001769344187217635,162.05,4.030000000000001,-14.5,4.1400000000001,-5.179999999999836,18.6400000000001,3.5984549037733173,-20.710000000000036,6.210000000000264,-7.249999999999773,0.0,0.0,0.0,7.219530964396601,2.196745888855904,5.96673696420423,4.778511797620622
2024-07-06 10:14:13,1170.96,1156.47,83.08,79.01,1163.7150000000001,2327.4300000000003,14.490000000000009,0.012451502290121296,162.09,4.069999999999993,2.0699999999999363,-14.490000000000009,-6.210000000000036,16.559999999999945,2.666666237251789,16.569999999999936,-18.63000000000011,-1.0300000000002,0.03999999999999204,0.0,0.03999999999999204,7.179437305327675,4.356644924733529,5.964655899547025,4.102203066645996
2024-07-06 10:14:14,1177.18,1168.89,83.13,79.01,1173.035,2346.07,8.289999999999964,0.007067137803162586,162.14,4.11999999999999,6.220000000000027,12.420000000000073,9.319999999999936,6.2000000000000455,0.6652359801249043,4.150000000000091,26.910000000000082,15.529999999999973,0.04999999999999716,0.0,0.04999999999999716,7.234704531671985,4.4540285136274465,5.745460817027718,6.272973377912545
2024-07-06 10:14:15,1177.18,1158.54,83.17,79.01,1167.8600000000001,2335.7200000000003,18.6400000000001,0.015960817207575632,162.18,4.159999999999997,0.0,-10.350000000000136,-5.1749999999999545,10.350000000000136,1.9999996135266886,-6.220000000000027,-22.77000000000021,-14.49499999999989,0.04000000000000625,0.0,0.04000000000000625,7.201011177697551,4.453447540973999,6.773899910686681,6.670238001750716
2024-07-06 10:14:16,1181.32,1154.4,83.22,79.01,1167.8600000000001,2335.7200000000003,26.919999999999845,0.023050708113086443,162.23000000000002,4.209999999999994,4.139999999999873,-4.139999999999873,0.0,8.279999999999745,8279999.999999746,4.139999999999873,6.210000000000264,5.1749999999999545,0.04999999999999716,0.0,0.04999999999999716,7.198791794373471,3.4025751277832508,9.534037444860369,6.4911770889415354
2024-07-06 10:14:17,1191.67,1166.82,83.24,79.01,1179.245,2358.49,24.850000000000136,0.021072805039603588,162.25,4.22999999999999,10.350000000000136,12.419999999999845,11.384999999999764,2.069999999999709,0.181818165848185,6.210000000000264,16.559999999999718,11.384999999999764,0.01999999999999602,0.0,0.01999999999999602,7.268073915142841,5.973973342776726,7.607027671830821,8.13100347435658
2024-07-06 10:14:18,1170.96,1164.75,83.26,79.01,1167.855,2335.71,6.210000000000036,0.0053174409448797965,162.27,4.25,-20.710000000000036,-2.0699999999999363,-11.389999999999873,18.6400000000001,1.6365231223421586,-31.060000000000173,-14.489999999999782,-22.774999999999636,0.020000000000010232,0.0,0.020000000000010232,7.196986459622934,5.039475915232329,9.420789245068573,9.61204231680228
2024-07-06 10:14:19,1177.18,1162.68,83.31,79.01,1169.93,2339.86,14.5,0.012393903898187151,162.32,4.299999999999997,6.220000000000027,-2.0699999999999363,2.0750000000000455,8.289999999999964,3.9951787975040887,26.930000000000064,0.0,13.464999999999918,0.04999999999999716,0.0,0.04999999999999716,7.20755293736106,4.942738360484711,8.335192259330283,8.492767069689242
2024-07-06 10:14:20,1177.18,1158.54,83.35,79.01,1167.8600000000001,2335.7200000000003,18.6400000000001,0.015960817207575632,162.36,4.339999999999989,0.0,-4.1400000000001,-2.0699999999999363,4.1400000000001,1.9999990338170015,-6.220000000000027,-2.0700000000001637,-4.144999999999982,0.03999999999999204,0.0,0.03999999999999204,7.193027795066348,4.942738360484711,8.335192259330283,8.184449431696555
2024-07-06 10:14:21,1177.18,1154.4,83.4,79.01,1165.79,2331.58,22.779999999999973,0.019540397481930344,162.41000000000003,4.390000000000001,0.0,-4.139999999999873,-2.0700000000001637,4.139999999999873,1.999999033816672,0.0,2.2737367544323206e-13,-2.2737367544323206e-13,0.05000000000001137,0.0,0.05000000000001137,7.178067808767515,5.298282032905366,7.4096308949906655,8.236637208229958
2024-07-06 10:14:22,1168.89,1156.47,83.4,79.01,1162.68,2325.36,12.420000000000073,0.010682216937865838,162.41000000000003,4.390000000000001,-8.289999999999964,2.0699999999999363,-3.1099999999999,10.3599999999999,3.3311886394892585,-8.289999999999964,6.209999999999809,-1.0399999999997362,0.0,0.0,0.0,7.158918741709754,2.7397709758685997,6.283072496796429,4.934566343661791
2024-07-06 10:14:23,1173.04,1160.61,83.44,79.01,1166.8249999999998,2333.6499999999996,12.430000000000064,0.010652839962588413,162.45,4.429999999999993,4.149999999999864,4.139999999999873,4.144999999999754,0.009999999999990905,0.0024125446531837983,12.439999999999827,2.0699999999999363,7.254999999999654,0.03999999999999204,0.0,0.03999999999999204,7.182671547044188,2.680866464449924,4.4897305041616535,3.143102368679648
2024-07-06 10:14:24,1175.11,1162.68,83.49,78.99,1168.895,2337.79,12.429999999999836,0.010633974813277379,162.48,4.5,2.0699999999999363,2.0700000000001637,2.0700000000001637,2.2737367544323206e-13,1.0984230222266272e-13,-2.0799999999999272,-2.069999999999709,-2.0749999999995907,0.04999999999999716,-0.020000000000010232,0.07000000000000739,7.194085381621829,2.3847038600657187,4.767237145349492,3.1421958882284455
2024-07-06 10:14:25,1173.04,1160.61,83.49,78.99,1166.8249999999998,2333.6499999999996,12.430000000000064,0.010652839962588413,162.48,4.5,-2.0699999999999363,-2.0700000000001637,-2.0700000000001637,2.2737367544323206e-13,1.0984230222266272e-13,-4.139999999999873,-4.140000000000327,-4.140000000000327,0.0,0.0,0.0,7.181345352158139,2.2695115113637474,4.62978077234762,3.1421958882284793
2024-07-06 10:14:26,1168.89,1160.61,83.53,78.99,1164.75,2329.5,8.2800000000002,0.007108821629440977,162.51999999999998,4.540000000000006,-4.149999999999864,0.0,-2.074999999999818,4.149999999999864,1.9999990361451523,-2.0799999999999272,2.0700000000001637,-0.004999999999654392,0.04000000000000625,0.0,0.04000000000000625,7.166810194641829,2.362575395667397,1.8548234417322738,3.1429377181229095
2024-07-06 10:14:27,1177.18,1160.61,83.58,78.99,1168.895,2337.79,16.570000000000164,0.014175781388255045,162.57,4.590000000000003,8.289999999999964,0.0,4.144999999999982,8.289999999999964,1.9999995174910692,12.439999999999827,0.0,6.2199999999998,0.04999999999999716,0.0,0.04999999999999716,7.190102680752275,1.7336796129073833,2.9309588874632477,3.1429377181229365
2024-07-06 10:14:28,1175.11,1173.04,83.58,79.15,1174.0749999999998,2348.1499999999996,2.0699999999999363,0.0017630900906985042,162.73000000000002,4.429999999999993,-2.0700000000001637,12.430000000000064,5.179999999999836,14.500000000000227,2.7992272588365688,-10.360000000000127,12.430000000000064,1.0349999999998545,0.0,0.1600000000000108,0.1600000000000108,7.214865069656084,3.4671342633661926,5.481430470233144,3.4050091776674916
2024-07-06 10:14:29,1183.39,1166.82,83.65,79.15,1175.105,2350.21,16.570000000000164,0.014100867570046331,162.8,4.5,8.2800000000002,-6.220000000000027,1.0300000000002,14.500000000000227,14.077656235282696,10.350000000000364,-18.65000000000009,-4.149999999999636,0.07000000000000739,0.0,0.07000000000000739,7.21808963625252,4.514041980332728,6.145500793263377,3.389396332682231
2024-07-06 10:14:30,1175.11,1164.75,83.65,79.15,1169.9299999999998,2339.8599999999997,10.3599999999999,0.008855230647256391,162.8,4.5,-8.2800000000002,-2.0699999999999363,-5.175000000000182,6.210000000000264,1.1999997681159955,-16.5600000000004,4.150000000000091,-6.205000000000382,0.0,0.0,0.0,7.186302167160305,4.181419316476778,6.110200487709129,4.307910456358171
2024-07-06 10:14:31,1175.11,1162.68,83.67,79.15,1168.895,2337.79,12.429999999999836,0.010633974813277379,162.82,4.519999999999996,0.0,-2.0699999999999363,-1.0349999999998545,2.0699999999999363,1.9999980676349371,8.2800000000002,0.0,4.140000000000327,0.01999999999999602,0.0,0.01999999999999602,7.179062724609614,2.9829347965056687,5.967604209396011,4.168032209568467
2024-07-06 10:14:32,1189.6,1170.96,83.72,79.15,1180.28,2360.56,18.639999999999873,0.015792862697162544,162.87,4.569999999999993,14.490000000000009,8.279999999999973,11.384999999999991,6.210000000000036,0.545454497544624,14.490000000000009,10.349999999999909,12.419999999999845,0.04999999999999716,0.0,0.04999999999999716,7.246761176111247,4.54705206702123,6.450831729319887,6.313472301356852
2024-07-06 10:14:33,1181.32,1160.61,83.72,79.15,1170.965,2341.93,20.710000000000036,0.01768626729433738,162.87,4.569999999999993,-8.279999999999973,-10.350000000000136,-9.315000000000055,2.0700000000001637,0.22222219836585652,-22.769999999999982,-18.63000000000011,-20.700000000000045,0.0,0.0,0.0,7.189568323266602,4.686161809007743,4.2924433601388845,7.800092627655192
2024-07-06 10:14:34,1175.11,1168.89,83.76,79.15,1172.0,2344.0,6.2199999999998,0.00530716723096641,162.91000000000003,4.609999999999999,-6.210000000000036,8.2800000000002,1.0350000000000819,14.490000000000236,13.999986473442144,2.0699999999999363,18.630000000000337,10.350000000000136,0.04000000000000625,0.0,0.04000000000000625,7.194156238449718,4.546937705775521,5.9636121604276635,7.800357684106594
2024-07-06 10:14:35,1181.32,1162.68,83.8,79.15,1172.0,2344.0,18.639999999999873,0.01590443684649781,162.95,4.6499999999999915,6.210000000000036,-6.210000000000036,0.0,12.420000000000073,12420000.000000073,12.420000000000073,-14.490000000000236,-1.0350000000000819,0.03999999999999204,0.0,0.03999999999999204,7.192390259635531,4.354386581391538,5.9636121604276635,7.37687128801908
2024-07-06 10:14:36,1162.68,1168.89,83.81,79.15,1165.785,2331.57,6.210000000000036,0.005326882739675971,162.96,4.659999999999997,-18.639999999999873,6.210000000000036,-6.214999999999918,24.84999999999991,3.9983903461962815,-24.84999999999991,12.420000000000073,-6.214999999999918,0.010000000000005116,0.0,0.010000000000005116,7.153810707205384,5.197202853478253,7.232919880656778,7.971048864484533
2024-07-06 10:14:37,1179.25,1166.82,83.87,79.15,1173.0349999999999,2346.0699999999997,12.430000000000064,0.01059644425733556,163.02,4.719999999999999,16.569999999999936,-2.0700000000001637,7.249999999999773,18.6400000000001,2.571034128133318,35.20999999999981,-8.2800000000002,13.46499999999969,0.060000000000002274,0.0,0.060000000000002274,7.1956507962480005,2.8741707500082607,6.773593580958352,6.490977776883793
2024-07-06 10:14:38,1162.68,1158.54,83.87,79.15,1160.6100000000001,2321.2200000000003,4.1400000000001,0.0035670897169876267,163.02,4.719999999999999,-16.569999999999936,-8.279999999999973,-12.424999999999727,8.289999999999964,0.6672031656174632,-33.13999999999987,-6.209999999999809,-19.6749999999995,0.0,0.0,0.0,7.119433154708422,5.350620758398335,5.967258164349804,7.503255460131797
2024-07-06 10:14:39,1173.04,1164.75,83.9,79.15,1168.895,2337.79,8.289999999999964,0.0070921682383000995,163.05,4.75,10.3599999999999,6.210000000000036,8.284999999999854,4.149999999999864,0.5009051899933309,26.929999999999836,14.490000000000009,20.70999999999958,0.030000000000001137,0.0,0.030000000000001137,7.168935865262583,5.041067595282111,5.748162315035917,8.835756475820096
2024-07-06 10:14:40,1179.25,1154.4,83.94,79.15,1166.825,2333.65,24.84999999999991,0.021297109659720006,163.09,4.789999999999992,6.210000000000036,-10.349999999999909,-2.0699999999999363,16.559999999999945,7.999996135267787,-4.149999999999864,-16.559999999999945,-10.35499999999979,0.03999999999999204,0.0,0.03999999999999204,7.154485209672664,4.53725412559222,8.23173614737492,8.847871919280745
2024-07-06 10:14:41,1168.89,1162.68,83.96,79.15,1165.785,2331.57,6.210000000000036,0.005326882739675971,163.11,4.809999999999988,-10.3599999999999,8.279999999999973,-1.0399999999999636,18.639999999999873,17.923059689366188,-16.569999999999936,18.62999999999988,1.0299999999999727,0.01999999999999602,0.0,0.01999999999999602,7.147231885554338,4.53725412559222,8.23173614737492,8.38079426426857
2024-07-06 10:14:42,1179.25,1160.61,83.99,79.15,1169.9299999999998,2339.8599999999997,18.6400000000001,0.015932577149117916,163.14,4.839999999999989,10.3599999999999,-2.0700000000001637,4.144999999999754,12.430000000000064,2.998793003910204,20.7199999999998,-10.350000000000136,5.184999999999718,0.030000000000001137,0.0,0.030000000000001137,7.171325198165225,3.6320954695883265,8.907476073501357,7.804504628738281
2024-07-06 10:14:43,1185.46,1164.75,84.01,79.15,1175.105,2350.21,20.710000000000036,0.017623956993099404,163.16000000000003,4.859999999999999,6.210000000000036,4.1400000000001,5.175000000000182,2.0699999999999363,0.39999992270530255,-4.149999999999864,6.210000000000264,1.0300000000004275,0.020000000000010232,0.0,0.020000000000010232,7.20216347632898,3.6310976302218267,8.099790120737676,4.357418100205623
2024-07-06 10:14:44,1170.96,1156.47,84.05,79.15,1163.7150000000001,2327.4300000000003,14.490000000000009,0.012451502290121296,163.2,4.8999999999999915,-14.5,-8.279999999999973,-11.389999999999873,6.220000000000027,0.5460930161463635,-20.710000000000036,-12.420000000000073,-16.565000000000055,0.03999999999999204,0.0,0.03999999999999204,7.130606573954618,4.4295620551249835,7.085167605639224,6.589646614197107
2024-07-06 10:14:45,1173.04,1162.68,84.08,79.15,1167.8600000000001,2335.7200000000003,10.3599999999999,0.008870926302064435,163.23000000000002,4.929999999999993,2.0799999999999272,6.210000000000036,4.144999999999982,4.130000000000109,0.9963809417657866,16.579999999999927,14.490000000000009,15.534999999999854,0.030000000000001137,0.0,0.030000000000001137,7.154689657816029,4.3688033258780195,5.9307225529441405,6.923549125990176
2024-07-06 10:14:46,1170.96,1154.4,84.12,79.15,1162.68,2325.36,16.559999999999945,0.014242955917154321,163.27,4.969999999999999,-2.0799999999999272,-8.279999999999973,-5.180000000000064,6.2000000000000455,1.1969109658472978,-4.1599999999998545,-14.490000000000009,-9.325000000000045,0.04000000000000625,0.0,0.04000000000000625,7.121210221588717,5.01966956085791,3.9825080037584795,7.344708469367556
2024-07-06 10:14:47,1173.04,1158.54,84.16,79.15,1165.79,2331.58,14.5,0.012437917624582542,163.31,5.009999999999991,2.0799999999999272,4.139999999999873,3.1099999999999,2.0599999999999454,0.6623792082382004,4.1599999999998545,12.419999999999845,8.289999999999964,0.03999999999999204,0.0,0.03999999999999204,7.138509539290248,4.933149349067447,3.760070478062902,7.1897553852686755
2024-07-06 10:14:48,1177.18,1177.18,84.16,79.39,1177.18,2354.36,0.0,0.0,163.55,4.769999999999996,4.1400000000001,18.6400000000001,11.3900000000001,14.5,1.2730464202768617,2.060000000000173,14.500000000000227,8.2800000000002,0.0,0.23999999999999488,0.23999999999999488,7.197676507504271,5.794385213308185,6.644314863099112,8.835844611580715
2024-07-06 10:14:49,1173.04,1168.89,84.17,79.39,1170.9650000000001,2341.9300000000003,4.149999999999864,0.0035440854307821133,163.56,4.780000000000001,-4.1400000000001,-8.289999999999964,-6.214999999999918,4.149999999999864,0.6677392328657579,-8.2800000000002,-26.930000000000064,-17.605000000000018,0.010000000000005116,0.0,0.010000000000005116,7.159238156277586,5.528666204447826,6.958999928150591,7.272058683756645
2024-07-06 10:14:50,1162.68,1175.11,84.19,79.39,1168.895,2337.79,12.429999999999836,0.010633974813277379,163.57999999999998,4.799999999999997,-10.3599999999999,6.2199999999998,-2.0700000000001637,16.5799999999997,8.00965796634803,-6.2199999999998,14.509999999999764,4.144999999999754,0.01999999999999602,0.0,0.01999999999999602,7.14570847814092,5.499525661382389,7.111558900831786,7.2272657347022085
2024-07-06 10:14:51,1177.18,1173.04,84.23,79.39,1175.1100000000001,2350.2200000000003,4.1400000000001,0.003523074432586758,163.62,4.840000000000003,14.5,-2.0699999999999363,6.2150000000001455,16.569999999999936,2.666129900863982,24.8599999999999,-8.289999999999736,8.28500000000031,0.04000000000000625,0.0,0.04000000000000625,7.181945928480957,4.607931477376991,6.144658656101205,6.892760151057112
2024-07-06 10:14:52,1183.39,1170.96,84.26,79.39,1177.1750000000002,2354.3500000000004,12.430000000000064,0.010559177683386822,163.65,4.8700000000000045,6.210000000000036,-2.0799999999999272,2.0650000000000546,8.289999999999964,4.0145259009558565,-8.289999999999964,-0.009999999999990905,-4.150000000000091,0.030000000000001137,0.0,0.030000000000001137,7.193247740951741,3.7618562572484526,5.558493500940665,6.884947893775297
2024-07-06 10:14:53,1173.04,1162.68,84.26,79.39,1167.8600000000001,2335.7200000000003,10.3599999999999,0.008870926302064435,163.65,4.8700000000000045,-10.350000000000136,-8.279999999999973,-9.315000000000055,2.0700000000001637,0.22222219836585652,-16.560000000000173,-6.2000000000000455,-11.38000000000011,0.0,0.0,0.0,7.136327484654278,4.009506515794807,4.2449228497111315,6.22893088739961
2024-07-06 10:14:54,1179.25,1170.96,84.32,79.39,1175.105,2350.21,8.289999999999964,0.007054688723939796,163.70999999999998,4.929999999999993,6.210000000000036,8.279999999999973,7.244999999999891,2.0699999999999363,0.2857142462782224,16.560000000000173,16.559999999999945,16.559999999999945,0.05999999999998806,0.0,0.05999999999998806,7.177967093164945,4.166478429105366,3.4676577109050752,6.7639980780601014
2024-07-06 10:14:55,1173.04,1170.96,84.32,79.39,1172.0,2344.0,2.0799999999999272,0.0017747440257894053,163.70999999999998,4.929999999999993,-6.210000000000036,0.0,-3.105000000000018,6.210000000000036,1.9999993558778242,-12.420000000000073,-8.279999999999973,-10.349999999999909,0.0,0.0,0.0,7.159000628190089,3.630456238573827,4.2943742268227965,6.889530462956133
2024-07-06 10:14:56,1177.18,1170.96,84.35,79.37,1174.0700000000002,2348.1400000000003,6.220000000000027,0.0052978101771633855,163.72,4.97999999999999,4.1400000000001,0.0,2.0700000000001637,4.1400000000001,1.999999033816782,10.350000000000136,0.0,5.175000000000182,0.030000000000001137,-0.01999999999999602,0.04999999999999716,7.1712068948741345,3.5402446949610327,3.981724500765976,6.269630770627587
2024-07-06 10:14:57,1173.04,1170.96,84.35,79.37,1172.0,2344.0,2.0799999999999272,0.0017747440257894053,163.72,4.97999999999999,-4.1400000000001,0.0,-2.0700000000001637,4.1400000000001,1.999999033816782,-8.2800000000002,0.0,-4.140000000000327,0.0,0.0,0.0,7.158563357203986,2.777196428090705,3.7029285707396333,6.166724211443243
2024-07-06 10:14:58,1170.96,1170.96,84.41,79.37,1170.96,2341.92,0.0,0.0,163.78,5.039999999999992,-2.0799999999999272,0.0,-1.0399999999999636,2.0799999999999272,1.9999980769249261,2.060000000000173,0.0,1.0300000000002,0.060000000000002274,0.0,0.060000000000002274,7.149590870987967,1.7020487655175656,3.4040975309176926,4.179128198560094
2024-07-06 10:14:59,1164.75,1170.96,84.41,79.37,1167.855,2335.71,6.210000000000036,0.0053174409448797965,163.78,5.039999999999992,-6.210000000000036,0.0,-3.105000000000018,6.210000000000036,1.9999993558778242,-4.130000000000109,0.0,-2.0650000000000546,0.0,0.0,0.0,7.130632512329757,2.269740073268229,2.7775744814496055,2.145981710080617
2024-07-06 10:15:00,1173.04,1168.89,84.44,79.37,1170.9650000000001,2341.9300000000003,4.149999999999864,0.0035440854307821133,163.81,5.069999999999993,8.289999999999964,-2.0699999999999363,3.1100000000001273,10.3599999999999,3.3311886394890147,14.5,-2.0699999999999363,6.2150000000001455,0.030000000000001137,0.0,0.030000000000001137,7.148312025222442,2.2457877237618993,2.7001055534923024,2.680964378726565
2024-07-06 10:15:01,1166.82,1166.82,84.44,79.37,1166.82,2333.64,0.0,0.0,163.81,5.069999999999993,-6.220000000000027,-2.0700000000001637,-4.145000000000209,4.149999999999864,1.001206031072044,-14.509999999999991,-2.2737367544323206e-13,-7.2550000000003365,0.0,0.0,0.0,7.123008319864426,2.245787723761936,2.700105553492276,2.7994709321585742
2024-07-06 10:15:02,1179.25,1166.82,84.5,79.37,1173.0349999999999,2346.0699999999997,12.430000000000064,0.01059644425733556,163.87,5.1299999999999955,12.430000000000064,0.0,6.214999999999918,12.430000000000064,1.9999996781979965,18.65000000000009,2.0700000000001637,10.360000000000127,0.060000000000002274,0.0,0.060000000000002274,7.158326678718943,2.537263782147894,5.157874562259165,4.358547062955791
2024-07-06 10:15:03,1173.04,1168.89,84.5,79.37,1170.9650000000001,2341.9300000000003,4.149999999999864,0.0035440854307821133,163.87,5.1299999999999955,-6.210000000000036,2.0700000000001637,-2.069999999999709,8.2800000000002,3.9999980676344427,-18.6400000000001,2.0700000000001637,-8.284999999999627,0.0,0.0,0.0,7.145694714434035,2.5377736306060537,4.537655782449818,4.455481736019155
2024-07-06 10:15:04,1164.75,1158.54,84.5,79.37,1161.645,2323.29,6.210000000000036,0.005345867278432024,163.87,5.1299999999999955,-8.289999999999964,-10.350000000000136,-9.320000000000164,2.060000000000173,0.22103001920280232,-2.0799999999999272,-12.4200000000003,-7.250000000000455,0.0,0.0,0.0,7.0888203631609175,4.537596279992377,4.537655782449818,6.101512722268222
2024-07-06 10:15:05,1164.75,1156.47,84.5,79.37,1160.6100000000001,2321.2200000000003,8.279999999999973,0.007134179433975057,163.87,5.1299999999999955,0.0,-2.0699999999999363,-1.0349999999998545,2.0699999999999363,1.9999980676349371,8.289999999999964,8.2800000000002,8.28500000000031,0.0,0.0,0.0,7.082504381018464,5.498678250289082,4.630899480662496,5.625401541223586
2024-07-06 10:15:06,1162.68,1162.68,84.5,79.37,1162.68,2325.36,0.0,0.0,163.87,5.1299999999999955,-2.0699999999999363,6.210000000000036,2.0699999999999363,8.279999999999973,3.9999980676338933,-2.0699999999999363,8.279999999999973,3.104999999999791,0.0,0.0,0.0,7.095136345303373,5.765330216059024,4.630899480662496,5.738068708197931
2024-07-06 10:15:07,1154.4,1166.82,84.5,79.37,1160.6100000000001,2321.2200000000003,12.419999999999845,0.010701269150962488,163.87,5.1299999999999955,-8.279999999999973,4.139999999999873,-2.0699999999999363,12.419999999999845,5.999997101450785,-6.210000000000036,-2.0700000000001637,-4.139999999999873,0.0,0.0,0.0,7.082504381018464,4.368862266106207,4.62754470534856,4.1806757826936
2024-07-06 10:15:08,1150.26,1160.61,84.5,79.37,1155.435,2310.87,10.349999999999909,0.008957665287136225,163.87,5.1299999999999955,-4.1400000000001,-6.210000000000036,-5.175000000000182,2.0699999999999363,0.39999992270530255,4.139999999999873,-10.349999999999909,-3.1050000000002456,0.0,0.0,0.0,7.050924470306191,2.7964160098616677,4.765497875353562,4.331508686358699
2024-07-06 10:15:09,1152.33,1156.47,84.5,79.37,1154.4,2308.8,4.1400000000001,0.0035862785831720554,163.87,5.1299999999999955,2.0699999999999363,-4.139999999999873,-1.0349999999998545,6.209999999999809,5.999994202904811,6.210000000000036,2.0700000000001637,4.140000000000327,0.0,0.0,0.0,7.044608488163737,3.6150995837199873,4.985220155619923,2.597829382388385
2024-07-06 10:15:10,1144.04,1162.68,84.5,79.37,1153.3600000000001,2306.7200000000003,18.6400000000001,0.016161476021223746,163.87,5.1299999999999955,-8.289999999999964,6.210000000000036,-1.0399999999999636,14.5,13.942294286255983,-10.3599999999999,10.349999999999909,-0.005000000000109139,0.0,0.0,0.0,7.038261994030257,4.1022030666720894,7.263050323383404,2.5976311323974373
2024-07-06 10:15:11,1144.04,1162.68,84.5,79.37,1153.3600000000001,2306.7200000000003,18.6400000000001,0.016161476021223746,163.87,5.1299999999999955,0.0,0.0,0.0,0.0,0.0,8.289999999999964,-6.210000000000036,1.0399999999999636,0.0,0.0,0.0,7.038261994030257,3.019233346433435,6.110369874238396,1.9903435633077313
2024-07-06 10:15:12,1144.04,1162.68,84.5,79.37,1153.3600000000001,2306.7200000000003,18.6400000000001,0.016161476021223746,163.87,5.1299999999999955,0.0,0.0,0.0,0.0,0.0,0.0,0.0,0.0,0.0,0.0,0.0,7.038261994030257,0.928248350505828,6.616216441441455,2.145981710080616
2024-07-06 10:15:13,1139.9,1162.68,84.5,79.37,1151.29,2302.58,22.779999999999973,0.019786500343278817,163.87,5.1299999999999955,-4.139999999999873,0.0,-2.0700000000001637,4.139999999999873,1.999999033816672,-4.139999999999873,0.0,-2.0700000000001637,0.0,0.0,0.0,7.025630029745346,1.1351563769885598,7.175020557461802,0.8662447691041099
2024-07-06 10:15:14,1141.97,1127.48,84.5,79.35,1134.725,2269.45,14.490000000000009,0.012769613771821715,163.85,5.150000000000006,2.0699999999999363,-35.200000000000045,-16.565000000000055,37.26999999999998,2.2499244038681225,6.209999999999809,-35.200000000000045,-14.49499999999989,0.0,-0.020000000000010232,0.020000000000010232,6.925389033107177,8.151820655548276,2.9309588874632433,7.112394111689845
2024-07-06 10:15:15,988.72,678.04,84.19,77.44,833.38,1666.76,310.68000000000006,0.3727951230257565,161.63,6.75,-153.25,-449.44000000000005,-301.3449999999999,296.19000000000005,0.9828933581679031,-155.31999999999994,-414.24,-284.77999999999986,-0.3100000000000023,-1.9099999999999966,1.5999999999999943,5.156097227271563,141.0013250646968,130.63825963323302,132.86276102618064
2024-07-06 10:15:16,982.51,545.46,81.98,75.09,763.985,1527.97,437.04999999999995,0.5720662047395352,157.07,6.890000000000001,-6.210000000000036,-132.57999999999993,-69.39499999999998,126.36999999999989,1.821024543252041,147.03999999999996,316.8600000000001,231.94999999999993,-2.2099999999999937,-2.3499999999999943,0.14000000000000057,4.8639778133063105,192.1939895197047,199.65198038086172,128.04352878025497
2024-07-06 10:15:17,833.38,620.04,79.64,72.73,726.71,1453.42,213.34000000000003,0.29356964911234246,152.37,6.909999999999997,-149.13,74.57999999999993,-37.27499999999998,223.70999999999992,6.001609496938714,-142.91999999999996,207.15999999999985,32.120000000000005,-2.3400000000000034,-2.3599999999999994,0.01999999999999602,4.769377142683093,205.4180230834199,183.33102429758034,123.37599067484719
2024-07-06 10:15:18,193.28,126.98,77.12,70.34,160.13,320.26,66.3,0.41403859105702495,147.46,6.780000000000001,-640.1,-493.05999999999995,-566.58,147.04000000000008,0.2595220440899397,-490.97,-567.6399999999999,-529.3050000000001,-2.519999999999996,-2.3900000000000006,0.12999999999999545,1.0859215984950386,353.6291497706328,173.60869698837092,235.48968511380707
2024-07-06 10:15:19,91.76,114.55,74.65,70.34,103.155,206.31,22.789999999999992,0.2209296668030665,144.99,4.310000000000002,-101.52,-12.430000000000007,-56.974999999999994,89.08999999999999,1.5636682481146424,538.58,480.62999999999994,509.605,-2.469999999999999,0.0,2.469999999999999,0.7114628546005735,354.85875560918726,171.31592853555676,228.2792230580786
2024-07-06 10:15:20,71.04,97.98,74.65,70.34,84.51,169.02,26.939999999999998,0.3187788389684198,144.99,4.310000000000002,-20.72,-16.569999999999993,-18.644999999999996,4.150000000000006,0.22257976816413183,80.8,-4.139999999999986,38.33,0.0,0.0,0.0,0.5828677799650474,346.1198922808411,176.55563749141513,233.80040596628572
2024-07-06 10:15:21,62.75,87.62,74.65,70.34,75.185,150.37,24.870000000000005,0.3307840615710041,144.99,4.310000000000002,-8.290000000000006,-10.36,-9.325000000000003,2.069999999999993,0.22198389040387156,12.429999999999993,6.209999999999994,9.319999999999993,0.0,0.0,0.0,0.5185530000789502,279.654831949139,81.66412106916967,240.4131736719101
2024-07-06 10:15:22,52.39,79.33,74.65,70.34,65.86,131.72,26.939999999999998,0.40904949272624513,144.99,4.310000000000002,-10.36,-8.290000000000006,-9.325000000000003,2.069999999999993,0.22198389040387156,-2.069999999999993,2.069999999999993,0.0,0.0,0.0,0.0,0.45423822019285315,37.48975103280006,18.378418593556976,243.63705065116844
2024-07-06 10:15:23,44.1,66.9,74.65,70.34,55.5,111.0,22.800000000000004,0.41081080340881443,144.99,4.310000000000002,-8.29,-12.429999999999993,-10.36,4.1399999999999935,0.3996138610411325,2.0700000000000003,-4.139999999999986,-1.0349999999999966,0.0,0.0,0.0,0.3827850170164493,18.234603985317467,2.0725033172473624,20.52766499142048
2024-07-06 10:15:24,39.96,60.68,74.65,70.34,50.32,100.64,20.72,0.4117646976994297,144.99,4.310000000000002,-4.140000000000001,-6.220000000000006,-5.18,2.0800000000000054,0.40154432402619333,4.149999999999999,6.209999999999987,5.18,0.0,0.0,0.0,0.34705841542824734,13.988729391955752,2.70240263469405,4.934618272976073
2024-07-06 10:15:25,33.74,56.54,74.65,70.34,45.14,90.28,22.799999999999997,0.5050952480040928,144.99,4.310000000000002,-6.219999999999999,-4.140000000000001,-5.18,2.0799999999999983,0.40154432402619195,-2.0799999999999983,2.0800000000000054,0.0,0.0,0.0,0.0,0.31133181384004543,12.113131510941953,2.363235070830111,2.4953090990875664
2024-07-06 10:15:26,31.67,46.18,74.65,70.34,38.925,77.85,14.509999999999998,0.37276813428983596,144.99,4.310000000000002,-2.0700000000000003,-10.36,-6.215000000000003,8.29,1.3338694555318646,4.149999999999999,-6.219999999999999,-1.0350000000000037,0.0,0.0,0.0,0.2684667889615367,10.266038914858173,4.53948014644866,2.429955246499234
2024-07-06 10:15:27,27.53,46.18,74.65,70.34,36.855000000000004,73.71000000000001,18.65,0.5060371589733507,144.99,4.310000000000002,-4.140000000000001,0.0,-2.069999999999993,4.140000000000001,1.9999990338168987,-2.0700000000000003,10.36,4.14500000000001,0.0,0.0,0.0,0.25418994238092324,7.765518817270895,3.467957612197944,2.9852772065570496
