time,force_left,force_right,dis_left,dis_right,force_avg,force_sum,force_diff,force_diff_ratio,total_delta_dis,dis_diff,left_force_rate,right_force_rate,force_rate,force_rate_diff,force_rate_ratio,left_force_acc,right_force_acc,force_acc,left_dis_rate,right_dis_rate,dis_rate_diff,stiffness_ratio,force_std_5s,force_diff_std_5s,force_rate_std_5s
2025-04-14 09:05:01,590.71,395.28,13.86,0.41,492.995,985.99,195.43000000000006,0.39641375592772,14.27,13.45,0.0,0.0,0.0,0.0,0.0,0.0,0.0,0.0,0.0,0.0,0.0,34.54764999666083,0.0,0.0,0.0
2025-04-14 09:05:02,589.12,448.88,14.6,0.73,519.0,1038.0,140.24,0.27021194552945677,15.33,13.87,-1.5900000000000318,53.60000000000002,26.004999999999995,55.190000000000055,2.122284094509362,-1.5900000000000318,53.60000000000002,26.004999999999995,0.7400000000000002,0.32,0.4200000000000002,33.85518370155358,0.0,0.0,0.0
2025-04-14 09:05:03,592.3,406.31,15.43,1.17,499.30499999999995,998.6099999999999,185.98999999999995,0.3724977711569125,16.6,14.26,3.17999999999995,-42.56999999999999,-19.69500000000005,45.74999999999994,2.3229244822074304,4.769999999999982,-96.17000000000002,-45.700000000000045,0.8300000000000001,0.43999999999999995,0.3900000000000001,30.078612645866702,0.0,0.0,0.0
2025-04-14 09:05:04,589.12,455.19,16.32,1.53,522.155,1044.31,133.93,0.2564947185098396,17.85,14.790000000000001,-3.17999999999995,48.879999999999995,22.850000000000023,52.059999999999945,2.2783368805979434,-6.3599999999999,91.44999999999999,42.54500000000007,0.8900000000000006,0.3600000000000001,0.5300000000000005,29.25237931359219,0.0,0.0,0.0
2025-04-14 09:05:05,630.46,453.61,17.21,2.0,542.0350000000001,1084.0700000000002,176.85000000000002,0.326270443188594,19.21,15.21,41.34000000000003,-1.579999999999984,19.88000000000011,42.920000000000016,2.1589536137347167,44.51999999999998,-50.45999999999998,-2.9699999999999136,0.8900000000000006,0.47,0.4200000000000006,28.21629212825132,19.548595090184914,27.723272173392527,19.368180283650847
2025-04-14 09:05:06,651.16,417.34,18.08,2.36,534.25,1068.5,233.82,0.4376602705893116,20.439999999999998,15.719999999999999,20.699999999999932,-36.27000000000004,-7.785000000000082,56.96999999999997,7.317918135142098,-20.6400000000001,-34.690000000000055,-27.66500000000019,0.8699999999999974,0.3599999999999999,0.5099999999999976,26.13747425941907,16.328286575755662,40.23530700765187,20.625840407120435
2025-04-14 09:05:07,679.85,482.04,18.95,2.74,580.945,1161.89,197.81,0.34049694835053756,21.689999999999998,16.21,28.690000000000055,64.70000000000005,46.69500000000005,36.00999999999999,0.7711746274510188,7.990000000000123,100.97000000000008,54.48000000000013,0.870000000000001,0.38000000000000034,0.49000000000000066,26.784000609313022,29.989167127481302,36.127288854825515,26.35726925347167
2025-04-14 09:05:08,684.64,422.06,19.82,3.08,553.35,1106.7,262.58,0.4745278748088409,22.9,16.740000000000002,4.789999999999964,-59.98000000000002,-27.595000000000027,64.76999999999998,2.347164256308594,-23.90000000000009,-124.68000000000006,-74.29000000000008,0.870000000000001,0.33999999999999986,0.5300000000000011,24.163754403329502,22.33857219027227,49.902485609436326,28.877663383660437
2025-04-14 09:05:09,662.32,434.68,20.56,3.36,548.5,1097.0,227.64000000000004,0.41502278866905606,23.919999999999998,17.2,-22.319999999999936,12.620000000000005,-4.850000000000023,34.93999999999994,7.204122225954134,-27.1099999999999,72.60000000000002,22.745000000000005,0.7399999999999984,0.2799999999999998,0.45999999999999863,22.930601048051795,17.79100875442443,33.22799647887307,28.646284095847456
2025-04-14 09:05:10,660.72,436.25,21.43,3.57,548.485,1096.97,224.47000000000003,0.40925458233268996,25.0,17.86,-1.6000000000000227,1.5699999999999932,-0.014999999999986358,3.170000000000016,211.31924538383436,20.719999999999914,-11.050000000000011,4.835000000000036,0.870000000000001,0.20999999999999996,0.660000000000001,21.939399122424035,17.125909245935155,23.160779995501038,27.466868678464277
2025-04-14 09:05:11,657.53,434.68,22.3,3.82,546.105,1092.21,222.84999999999997,0.40807170707451546,26.12,18.48,-3.1900000000000546,-1.5699999999999932,-2.3799999999999955,1.6200000000000614,0.6806719829109587,-1.5900000000000318,-3.1399999999999864,-2.365000000000009,0.870000000000001,0.25,0.620000000000001,20.907541312881264,14.47881322830044,23.14087833250936,27.124647324896255
2025-04-14 09:05:12,695.81,428.37,23.15,4.06,562.0899999999999,1124.1799999999998,267.43999999999994,0.4757956902350234,27.209999999999997,19.09,38.27999999999997,-6.310000000000002,15.9849999999999,44.589999999999975,2.789489972506117,41.47000000000003,-4.740000000000009,18.364999999999895,0.8499999999999979,0.23999999999999977,0.6099999999999981,20.657478108876216,6.374846468739886,22.056308167959585,15.613208911047064
2025-04-14 09:05:13,726.15,442.56,24.02,4.37,584.355,1168.71,283.59,0.4853043090496285,28.39,19.65,30.340000000000032,14.189999999999998,22.2650000000001,16.150000000000034,0.7253536615605793,-7.939999999999941,20.5,6.2800000000002,0.870000000000001,0.3100000000000005,0.5600000000000005,20.583127136909926,16.07441390844496,28.310857811094326,12.12616561407605
2025-04-14 09:05:14,748.54,440.99,24.86,4.52,594.765,1189.53,307.54999999999995,0.5170949862263331,29.38,20.34,22.389999999999986,-1.5699999999999932,10.409999999999968,23.95999999999998,2.3016328240506465,-7.9500000000000455,-15.759999999999991,-11.855000000000132,0.8399999999999999,0.14999999999999947,0.6900000000000004,20.243872694218084,21.653392343926477,37.1092495208405,10.454581890252726
2025-04-14 09:05:15,730.95,447.3,25.65,4.76,589.125,1178.25,283.65000000000003,0.48147676557355956,30.409999999999997,20.89,-17.589999999999918,6.310000000000002,-5.639999999999986,23.89999999999992,4.237587901136893,-39.979999999999905,7.8799999999999955,-16.049999999999955,0.7899999999999991,0.2400000000000002,0.5499999999999989,19.372738593464696,20.48695487377319,31.484948467482095,11.903472497552983
2025-04-14 09:05:16,710.18,440.99,26.48,4.76,575.585,1151.17,269.18999999999994,0.46768070664162414,31.240000000000002,21.72,-20.770000000000095,-6.310000000000002,-13.539999999999964,14.460000000000093,1.0679467453510625,-3.1800000000001774,-12.620000000000005,-7.899999999999977,0.8300000000000018,0.0,0.8300000000000018,18.42461528730425,12.781704894106351,16.075909927590516,15.00787851430041
2025-04-14 09:05:17,710.18,450.45,27.33,4.97,580.3149999999999,1160.6299999999999,259.72999999999996,0.4475672687289364,32.3,22.36,0.0,9.45999999999998,4.7299999999999045,9.45999999999998,1.9999995771671444,20.770000000000095,15.769999999999982,18.269999999999868,0.8499999999999979,0.20999999999999996,0.6399999999999979,17.966408112495106,7.470477227060039,18.098268425460027,13.921047913142187
2025-04-14 09:05:18,737.34,447.3,28.15,4.97,592.32,1184.64,290.04,0.4896677463370007,33.12,23.18,27.160000000000082,-3.1499999999999773,12.00500000000011,30.31000000000006,2.524781130797056,27.160000000000082,-12.609999999999957,7.275000000000205,0.8200000000000003,0.0,0.8200000000000003,17.88405743103692,8.161407354128551,18.575592049784134,10.92375828183689
2025-04-14 09:05:19,778.95,453.61,28.98,5.18,616.28,1232.56,325.34000000000003,0.5279093909782739,34.16,23.8,41.610000000000014,6.310000000000002,23.959999999999923,35.30000000000001,1.4732887532016432,14.449999999999932,9.45999999999998,11.954999999999814,0.8300000000000018,0.20999999999999996,0.6200000000000019,18.040983078425555,15.777751344853472,25.205793976782502,14.689593935844494
2025-04-14 09:05:20,815.83,448.88,29.81,5.18,632.355,1264.71,366.95000000000005,0.5802911330181764,34.989999999999995,24.63,36.879999999999995,-4.730000000000018,16.075000000000045,41.610000000000014,2.5884912853193534,-4.730000000000018,-11.04000000000002,-7.884999999999877,0.8299999999999983,0.0,0.8299999999999983,18.0724487547171,24.251185898838624,44.07163543595823,14.217464348469443
2025-04-14 09:05:21,791.77,450.45,30.63,5.22,621.11,1242.22,341.32,0.5495322880817692,35.85,25.41,-24.06000000000006,1.5699999999999932,-11.245000000000005,25.630000000000052,2.2792350129626526,-60.940000000000055,6.300000000000011,-27.32000000000005,0.8200000000000003,0.040000000000000036,0.7800000000000002,17.325243589254015,21.475481775737478,42.314861810007244,13.3315888963019
2025-04-14 09:05:22,756.54,447.3,31.44,5.22,601.92,1203.84,309.23999999999995,0.5137559800077153,36.660000000000004,26.220000000000002,-35.23000000000002,-3.1499999999999773,-19.190000000000055,32.08000000000004,1.6717039253932269,-11.169999999999959,-4.71999999999997,-7.94500000000005,0.8100000000000023,0.0,0.8100000000000023,16.418984822177173,15.822209706612819,29.514357861895128,18.560429480483492
2025-04-14 09:05:23,764.54,453.61,32.27,5.46,609.075,1218.15,310.92999999999995,0.5104954225497755,37.730000000000004,26.810000000000002,8.0,6.310000000000002,7.155000000000086,1.6899999999999977,0.23619842960189347,43.23000000000002,9.45999999999998,26.34500000000014,0.8300000000000018,0.2400000000000002,0.5900000000000016,16.142989235542295,11.616464931296186,24.015335308923177,18.181318502792923
2025-04-14 09:05:24,820.64,453.61,33.07,5.46,637.125,1274.25,367.03,0.5760721984287663,38.53,27.61,56.10000000000002,0.0,28.049999999999955,56.10000000000002,1.9999999286987586,48.10000000000002,-6.310000000000002,20.894999999999868,0.7999999999999972,0.0,0.7999999999999972,16.535815817912905,14.940576712430985,28.485979533799,19.392043922701923
2025-04-14 09:05:25,859.19,447.3,33.88,5.46,653.245,1306.49,411.89000000000004,0.6305291266974427,39.34,28.42,38.55000000000007,-6.310000000000002,16.120000000000005,44.86000000000007,2.7828782392755467,-17.549999999999955,-6.310000000000002,-11.92999999999995,0.8100000000000023,0.0,0.8100000000000023,16.605108881415635,20.886267318504665,42.91032591346773,19.39896021698071
2025-04-14 09:05:26,846.33,447.3,34.69,5.46,646.815,1293.63,399.03000000000003,0.6169151911799894,40.15,29.229999999999997,-12.860000000000014,0.0,-6.42999999999995,12.860000000000014,1.9999996889580753,-51.41000000000008,6.310000000000002,-22.549999999999955,0.8099999999999952,0.0,0.8099999999999952,16.10996223885524,22.91025654592367,48.08604142576123,18.542535694990583
2025-04-14 09:05:27,815.83,450.45,35.47,5.46,633.14,1266.28,365.38000000000005,0.5770919534745997,40.93,30.009999999999998,-30.5,3.1499999999999773,-13.675000000000068,33.64999999999998,2.4606945184135496,-17.639999999999986,3.1499999999999773,-7.245000000000118,0.7800000000000011,0.0,0.7800000000000011,15.468848876891062,16.94611386129693,39.09384120293154,16.817132410134608
2025-04-14 09:05:28,815.83,447.3,36.28,5.46,631.565,1263.13,368.53000000000003,0.5835187184477945,41.74,30.82,0.0,-3.1499999999999773,-1.5749999999999318,3.1499999999999773,1.9999987301596087,30.5,-6.2999999999999545,12.100000000000136,0.8100000000000023,0.0,0.8100000000000023,15.130929201463125,9.322476602279131,21.589970356626942,17.14881942000672
2025-04-14 09:05:29,870.44,445.72,37.06,5.46,658.08,1316.16,424.72,0.6453926564469477,42.52,31.6,54.610000000000014,-1.579999999999984,26.514999999999986,56.19,2.1191777439495487,54.610000000000014,1.5699999999999932,28.089999999999918,0.7800000000000011,0.0,0.7800000000000011,15.476951658585334,11.85949693284009,26.252886507963904,16.627600322957004
2025-04-14 09:05:30,910.68,513.67,37.85,6.18,712.175,1424.35,397.01,0.557461297353233,44.03,31.67,40.239999999999895,67.94999999999993,54.094999999999914,27.710000000000036,0.5122469634486203,-14.370000000000118,69.52999999999992,27.579999999999927,0.7899999999999991,0.7199999999999998,0.0699999999999994,16.174766836821103,33.027791138676605,24.489298274961495,28.131816596160263
2025-04-14 09:05:31,883.31,520.0,38.63,7.05,701.655,1403.31,363.30999999999995,0.5177900812824107,45.68,31.580000000000002,-27.370000000000005,6.330000000000041,-10.519999999999982,33.700000000000045,3.2034217487241783,-67.6099999999999,-61.61999999999989,-64.6149999999999,0.7800000000000011,0.8700000000000001,0.08999999999999897,15.360222956212283,37.82503545933629,26.651732589083768,28.84434857992113
2025-04-14 09:05:32,849.54,537.43,39.39,7.92,693.4849999999999,1386.9699999999998,312.11,0.4500602025277257,47.31,31.47,-33.76999999999998,17.42999999999995,-8.170000000000073,51.19999999999993,6.2668290983072685,-6.399999999999977,11.099999999999909,2.349999999999909,0.759999999999998,0.8700000000000001,0.1100000000000021,14.658317170612614,33.58050840889772,42.05001521997377,27.7529744802246
2025-04-14 09:05:33,867.22,545.35,40.18,8.79,706.2850000000001,1412.5700000000002,321.87,0.45572254761785597,48.97,31.39,17.680000000000064,7.920000000000073,12.800000000000182,9.759999999999991,0.7624999404296806,51.450000000000045,-9.509999999999877,20.970000000000255,0.7899999999999991,0.8699999999999992,0.08000000000000007,14.422809589078835,21.388069220947916,48.073827390795735,26.71122362416216
2025-04-14 09:05:34,923.57,565.96,40.94,9.66,744.7650000000001,1489.5300000000002,357.61,0.48016488358050535,50.599999999999994,31.279999999999998,56.35000000000002,20.610000000000014,38.48000000000002,35.74000000000001,0.9287941546571165,38.66999999999996,12.68999999999994,25.679999999999836,0.759999999999998,0.870000000000001,0.11000000000000298,14.71867559844515,19.720082910578025,34.17319007643297,28.48412224380451
2025-04-14 09:05:35,978.44,575.48,41.69,10.5,776.96,1553.92,402.96000000000004,0.5186367373884927,52.19,31.189999999999998,54.870000000000005,9.519999999999982,32.194999999999936,45.35000000000002,1.4086037767167678,-1.4800000000000182,-11.090000000000032,-6.285000000000082,0.75,0.8399999999999999,0.08999999999999986,14.887142845619032,35.27834959291719,36.24369903859177,22.467022944751715
2025-04-14 09:05:36,942.93,581.83,42.45,11.37,762.38,1524.76,361.0999999999999,0.47364831124419793,53.82,31.080000000000005,-35.510000000000105,6.350000000000023,-14.580000000000041,41.86000000000013,2.8710560445091886,-90.38000000000011,-3.169999999999959,-46.77499999999998,0.7600000000000051,0.8699999999999992,0.1099999999999941,14.165365771732334,35.83976335719988,36.07786093991741,23.573759776497276
2025-04-14 09:05:37,897.8,585.01,43.19,12.24,741.405,1482.81,312.78999999999996,0.4218881712129158,55.43,30.949999999999996,-45.129999999999995,3.17999999999995,-20.975000000000023,48.309999999999945,2.303218006997944,-9.61999999999989,-3.1700000000000728,-6.394999999999982,0.7399999999999949,0.870000000000001,0.1300000000000061,13.37551843089449,26.58054772761634,35.894814806598724,26.806389956501054
2025-04-14 09:05:38,921.96,583.42,43.96,13.09,752.69,1505.38,338.5400000000001,0.449773478523996,57.05,30.87,24.160000000000082,-1.5900000000000318,11.285000000000082,25.750000000000114,2.281789784511311,69.29000000000008,-4.769999999999982,32.260000000000105,0.7700000000000031,0.8499999999999996,0.07999999999999652,13.193514229736826,14.401157505565198,33.15116664613811,26.769487621170494
2025-04-14 09:05:39,984.91,596.12,44.7,13.96,790.515,1581.03,388.78999999999996,0.49181862394537906,58.660000000000004,30.740000000000002,62.94999999999993,12.700000000000045,37.82499999999993,50.249999999999886,1.3284864156381644,38.78999999999985,14.290000000000077,26.53999999999985,0.740000000000002,0.870000000000001,0.129999999999999,13.476218658775679,19.42267264050196,36.610985100103804,26.59188974104697
2025-04-14 09:05:40,986.52,604.07,45.44,14.81,795.2950000000001,1590.5900000000001,382.44999999999993,0.4808907380520551,60.25,30.629999999999995,1.6100000000000136,7.9500000000000455,4.780000000000086,6.340000000000032,1.3263595551548875,-61.33999999999992,-4.75,-33.044999999999845,0.7399999999999949,0.8499999999999996,0.11000000000000476,13.199916793362378,23.58056684009327,31.50420019616462,23.271349498901
2025-04-14 09:05:41,942.93,623.15,46.16,15.68,783.04,1566.08,319.78,0.40838271300523254,61.839999999999996,30.479999999999997,-43.59000000000003,19.079999999999927,-12.25500000000011,62.66999999999996,5.113830672065992,-45.200000000000045,11.129999999999882,-17.035000000000196,0.7199999999999989,0.8699999999999992,0.15000000000000036,12.662354258370728,24.05482992041533,35.26728725036864,22.83472563881599
2025-04-14 09:05:42,930.02,634.28,46.88,16.53,782.15,1564.3,295.74,0.37811161493561135,63.410000000000004,30.35,-12.909999999999968,11.129999999999995,-0.8899999999999864,24.039999999999964,27.01120560538733,30.680000000000064,-7.949999999999932,11.365000000000123,0.720000000000006,0.8500000000000014,0.12999999999999545,12.334805041242626,16.594270321412562,40.07610322873236,18.707460877949202
2025-04-14 09:05:43,1004.31,654.98,47.6,17.4,829.645,1659.29,349.3299999999999,0.4210596093256035,65.0,30.200000000000003,74.28999999999996,20.700000000000045,47.495000000000005,53.58999999999992,1.1283292740640203,87.19999999999993,9.57000000000005,48.38499999999999,0.7199999999999989,0.8699999999999974,0.14999999999999858,12.763769034403554,19.508134008667394,39.927477631325694,25.864632077414132
2025-04-14 09:05:44,1056.13,651.79,48.33,18.25,853.96,1707.92,404.34000000000015,0.47348821903427785,66.58,30.08,51.820000000000164,-3.1900000000000546,24.315000000000055,55.01000000000022,2.2623893784746336,-22.4699999999998,-23.8900000000001,-23.17999999999995,0.7299999999999969,0.8500000000000014,0.12000000000000455,12.826073703423345,31.741625391591676,44.33718834116593,23.53596274852595
2025-04-14 09:05:45,991.37,648.61,49.05,19.12,819.99,1639.98,342.76,0.4180050971133732,68.17,29.929999999999996,-64.7600000000001,-3.17999999999995,-33.97000000000003,61.580000000000155,1.8127759254408062,-116.58000000000027,0.010000000000104592,-58.28500000000008,0.7199999999999989,0.870000000000001,0.15000000000000213,12.028604781742633,31.02457324444838,40.538677827477514,31.740997424466705
2025-04-14 09:05:46,975.21,656.57,49.75,19.96,815.8900000000001,1631.7800000000002,318.64,0.3905428423065084,69.71000000000001,29.79,-16.159999999999968,7.960000000000036,-4.099999999999909,24.120000000000005,5.882925394408572,48.600000000000136,11.139999999999986,29.87000000000012,0.7000000000000028,0.8399999999999999,0.13999999999999702,11.704059507903322,25.958080052271736,40.700516212942766,30.833150787747925
2025-04-14 09:05:47,1025.35,664.53,50.47,20.81,844.9399999999999,1689.8799999999999,360.81999999999994,0.4270362387541881,71.28,29.66,50.13999999999987,7.959999999999923,29.04999999999984,42.17999999999995,1.45197929597318,66.29999999999984,-1.1368683772161603e-13,33.14999999999975,0.7199999999999989,0.8499999999999979,0.129999999999999,11.853815770849947,16.241053691191276,31.51255971830951,31.910620606625606
2025-04-14 09:05:48,1067.48,677.29,51.17,21.66,872.385,1744.77,390.19000000000005,0.4472681207869598,72.83,29.51,42.13000000000011,12.759999999999991,27.44500000000005,29.37000000000012,1.0701402415689496,-8.009999999999764,4.800000000000068,-1.6049999999997908,0.7000000000000028,0.8500000000000014,0.14999999999999858,11.978374131836137,23.66166826325153,34.74873666768373,27.357718883342578
2025-04-14 09:05:49,1018.87,685.26,51.85,22.53,852.065,1704.13,333.61,0.39153116206917177,74.38,29.32,-48.610000000000014,7.970000000000027,-20.319999999999936,56.58000000000004,2.7844486818676937,-90.74000000000012,-4.789999999999964,-47.764999999999986,0.6799999999999997,0.870000000000001,0.19000000000000128,11.455565858354857,23.42484615744924,27.53924345366112,28.196123935746876
2025-04-14 09:05:50,1004.31,686.85,52.55,23.38,845.5799999999999,1691.1599999999999,317.4599999999999,0.37543461248440757,75.92999999999999,29.169999999999998,-14.56000000000006,1.5900000000000318,-6.485000000000127,16.15000000000009,2.490361990692025,34.049999999999955,-6.3799999999999955,13.834999999999809,0.6999999999999957,0.8499999999999979,0.15000000000000213,11.136309612323066,20.25288022727063,31.111806922774754,22.010954829357082
2025-04-14 09:05:51,1075.59,693.23,53.25,24.23,884.41,1768.82,382.3599999999999,0.43233341953128807,77.48,29.02,71.27999999999997,6.3799999999999955,38.83000000000004,64.89999999999998,1.67138805893927,85.84000000000003,4.789999999999964,45.31500000000017,0.7000000000000028,0.8500000000000014,0.14999999999999858,11.414687514007646,17.65547839907452,31.103613455674566,25.59716278223037
2025-04-14 09:05:52,1112.94,718.77,53.93,25.08,915.855,1831.71,394.1700000000001,0.43038472200251715,79.00999999999999,28.85,37.350000000000136,25.539999999999964,31.44500000000005,11.810000000000173,0.3755763912998493,-33.929999999999836,19.159999999999968,-7.384999999999991,0.6799999999999997,0.8499999999999979,0.16999999999999815,11.591633823672527,28.06973712916107,35.432264533896564,25.975734493946483
2025-04-14 09:05:53,1043.16,736.35,54.6,25.93,889.7550000000001,1779.5100000000002,306.81000000000006,0.344825260498873,80.53,28.67,-69.77999999999997,17.58000000000004,-26.09999999999991,87.36000000000001,3.347126308539234,-107.13000000000011,-7.959999999999923,-57.54499999999996,0.6700000000000017,0.8500000000000014,0.17999999999999972,11.048739462948722,28.874120462798658,39.18676013655651,29.884699973397755
2025-04-14 09:05:54,1051.27,755.54,55.28,26.77,903.405,1806.81,295.73,0.32735041279675187,82.05,28.51,8.1099999999999,19.18999999999994,13.649999999999864,11.080000000000041,0.8117215522548424,77.88999999999987,1.6099999999999,39.74999999999977,0.6799999999999997,0.8399999999999999,0.16000000000000014,11.010420341128333,26.591547388225095,45.540671163258146,26.82808943066949
2025-04-14 09:05:55,1122.69,760.34,55.96,27.62,941.5150000000001,1883.0300000000002,362.35,0.3848584458188574,83.58,28.34,71.42000000000007,4.800000000000068,38.11000000000013,66.62,1.7480975663054898,63.31000000000017,-14.389999999999873,24.460000000000264,0.6799999999999997,0.8500000000000014,0.1700000000000017,11.264835950408761,22.859996062997162,44.57175877167081,27.275248303177737
2025-04-14 09:05:56,1132.45,761.94,56.64,28.47,947.195,1894.39,370.51,0.3911654934927174,85.11,28.17,9.759999999999991,1.6000000000000227,5.67999999999995,8.159999999999968,1.436619465383904,-61.66000000000008,-3.2000000000000455,-32.43000000000018,0.6799999999999997,0.8499999999999979,0.16999999999999815,11.129068133837762,24.53957619846484,42.57729300930268,25.26145175954858
2025-04-14 09:05:57,1059.37,769.94,57.3,29.3,914.655,1829.31,289.42999999999984,0.31643625157416033,86.6,27.999999999999996,-73.08000000000015,8.0,-32.54000000000008,81.08000000000015,2.491702443401891,-82.84000000000015,6.399999999999977,-38.22000000000003,0.6599999999999966,0.8300000000000018,0.17000000000000526,10.561835905752472,24.590502231558055,38.467553600404685,29.200730299086718
2025-04-14 09:05:58,1099.94,790.76,57.96,30.15,945.35,1890.7,309.18000000000006,0.32705347191299156,88.11,27.810000000000002,40.570000000000164,20.819999999999936,30.69500000000005,19.750000000000227,0.643427247322787,113.65000000000032,12.819999999999936,63.23500000000013,0.6600000000000037,0.8499999999999979,0.18999999999999417,10.72920201192598,20.03590477119211,38.20158635449591,27.630738408518933
2025-04-14 09:05:59,1169.88,801.98,58.61,30.99,985.9300000000001,1971.8600000000001,367.9000000000001,0.3731502232682339,89.6,27.62,69.94000000000005,11.220000000000027,40.58000000000004,58.72000000000003,1.4470181999256229,29.36999999999989,-9.599999999999909,9.884999999999991,0.6499999999999986,0.8399999999999999,0.19000000000000128,11.003682912905326,25.468433746508726,37.80182045880883,30.701508106280446
2025-04-14 09:06:00,1132.45,803.58,59.27,31.82,968.0150000000001,1936.0300000000002,328.87,0.3397364706747969,91.09,27.450000000000003,-37.430000000000064,1.6000000000000227,-17.914999999999964,39.030000000000086,2.178621145485851,-107.37000000000012,-9.620000000000005,-58.495000000000005,0.6600000000000037,0.8300000000000018,0.16999999999999815,10.627017119035932,26.783495244278964,35.733898052129916,31.06658433912557
2025-04-14 09:06:01,1086.95,793.96,59.93,32.67,940.455,1880.91,292.99,0.31154069007922686,92.6,27.259999999999998,-45.5,-9.620000000000005,-27.56000000000006,35.879999999999995,1.3018867452145564,-8.069999999999936,-11.220000000000027,-9.645000000000095,0.6599999999999966,0.8500000000000014,0.19000000000000483,10.15610140220193,27.26546749095477,32.121538412722515,34.3481670908362
2025-04-14 09:06:02,1158.48,809.99,60.59,33.52,984.235,1968.47,348.49,0.3540719438405747,94.11000000000001,27.07,71.52999999999997,16.029999999999973,43.77999999999997,55.5,1.2677021181429402,117.02999999999997,25.649999999999977,71.34000000000003,0.6600000000000037,0.8500000000000014,0.18999999999999773,10.45834650453356,21.245669146918775,29.922644101081847,33.97732100239807
2025-04-14 09:06:03,1223.7,822.83,61.22,34.35,1023.2650000000001,2046.5300000000002,400.87,0.3917558009002987,95.57,26.869999999999997,65.22000000000003,12.840000000000032,39.030000000000086,52.379999999999995,1.3420445467065165,-6.309999999999945,-3.189999999999941,-4.749999999999886,0.6299999999999955,0.8299999999999983,0.20000000000000284,10.706968601998867,30.131734102111842,40.569043370530856,35.189192517021496
2025-04-14 09:06:04,1138.95,816.41,61.86,35.19,977.6800000000001,1955.3600000000001,322.5400000000001,0.3299034445525086,97.05,26.67,-84.75,-6.420000000000073,-45.585000000000036,78.32999999999993,1.7183283598041352,-149.97000000000003,-19.260000000000105,-84.61500000000012,0.6400000000000006,0.8399999999999963,0.19999999999999574,10.073982379454073,29.97732726579149,40.02536096027129,40.57372872315289
2025-04-14 09:06:05,1140.58,834.06,62.52,36.02,987.3199999999999,1974.6399999999999,306.52,0.31045658924112085,98.54,26.5,1.6299999999998818,17.649999999999977,9.639999999999873,16.020000000000095,1.661825553752568,86.37999999999988,24.07000000000005,55.22499999999991,0.6600000000000037,0.8300000000000054,0.1700000000000017,10.019484371630968,29.491527893623534,42.57188473629054,39.67356840517377
2025-04-14 09:06:06,1205.75,851.72,63.15,36.85,1028.7350000000001,2057.4700000000003,354.03,0.3441411050035809,100.0,26.299999999999997,65.17000000000007,17.660000000000082,41.41500000000019,47.50999999999999,1.1471688724575855,63.54000000000019,0.010000000000104592,31.77500000000032,0.6299999999999955,0.8299999999999983,0.20000000000000284,10.287349897126502,23.844052874887215,36.01818776673823,37.971968838868555
2025-04-14 09:06:07,1215.54,866.19,63.79,37.7,1040.865,2081.73,349.3499999999999,0.3356343038380247,101.49000000000001,26.089999999999996,9.789999999999964,14.470000000000027,12.129999999999882,4.680000000000064,0.3858202484896835,-55.38000000000011,-3.1900000000000546,-29.28500000000031,0.6400000000000006,0.8500000000000014,0.21000000000000085,10.255837912544704,27.505462321154337,36.03217687012556,35.05428101530546
2025-04-14 09:06:08,1151.97,867.79,64.43,38.53,1009.88,2019.76,284.18000000000006,0.28139976999108834,102.96000000000001,25.900000000000006,-63.569999999999936,1.599999999999909,-30.985000000000014,65.16999999999985,2.1032757107220945,-73.3599999999999,-12.870000000000118,-43.114999999999895,0.6400000000000077,0.8299999999999983,0.18999999999999062,9.808469213204456,26.723274359637042,29.306368420532863,35.20475653232107
2025-04-14 09:06:09,1213.91,895.14,65.06,39.35,1054.525,2109.05,318.7700000000001,0.30228775960523674,104.41,25.71,61.940000000000055,27.350000000000023,44.645000000000095,34.59000000000003,0.7747787932628775,125.50999999999999,25.750000000000114,75.63000000000011,0.6299999999999955,0.8200000000000003,0.19000000000000483,10.099846661240814,26.377403918893723,29.379987236212436,30.52656290020225
2025-04-14 09:06:10,1251.47,909.63,65.68,40.18,1080.55,2161.1,341.84000000000003,0.316357410285172,105.86000000000001,25.500000000000007,37.559999999999945,14.490000000000009,26.024999999999864,23.069999999999936,0.886455297350423,-24.38000000000011,-12.860000000000014,-18.620000000000232,0.6200000000000045,0.8299999999999983,0.20999999999999375,10.207349232879752,26.68225707282852,28.796547188855936,30.637066684002296
2025-04-14 09:06:11,1173.14,908.02,66.29,41.01,1040.58,2081.16,265.1200000000001,0.25478098728134224,107.30000000000001,25.28000000000001,-78.32999999999993,-1.6100000000000136,-39.97000000000003,76.71999999999991,1.9194395316627555,-115.88999999999987,-16.100000000000023,-65.99499999999989,0.6099999999999994,0.8299999999999983,0.21999999999999886,9.697856386786052,25.61340054542766,36.41036349722429,36.56235724758457
2025-04-14 09:06:12,1205.75,904.8,66.93,41.83,1055.275,2110.55,300.95000000000005,0.2851863255689879,108.76,25.10000000000001,32.6099999999999,-3.2200000000000273,14.695000000000164,35.82999999999993,2.4382441348591626,110.93999999999983,-1.6100000000000136,54.66500000000019,0.6400000000000006,0.8200000000000003,0.17999999999999972,9.70278586150436,25.802438499113205,29.778767100066517,36.75105842013264
2025-04-14 09:06:13,1294.01,914.46,67.56,42.66,1104.2350000000001,2208.4700000000003,379.54999999999995,0.3437221240553666,110.22,24.900000000000006,88.25999999999999,9.660000000000082,48.960000000000036,78.59999999999991,1.6053921240728704,55.65000000000009,12.88000000000011,34.26499999999987,0.6299999999999955,0.8299999999999983,0.20000000000000284,10.018462982957152,25.303951914682255,42.98736826092061,35.708993860090786
2025-04-14 09:06:14,1233.5,925.74,68.18,43.49,1079.62,2159.24,307.76,0.28506326273590404,111.67000000000002,24.690000000000005,-60.50999999999999,11.279999999999973,-24.615000000000236,71.78999999999996,2.9165142020509878,-148.76999999999998,1.6199999999998909,-73.57500000000027,0.6200000000000045,0.8300000000000054,0.21000000000000085,9.667950123865404,24.683955467075336,43.42566326494052,36.63288334952634
2025-04-14 09:06:15,1213.91,924.13,68.79,44.32,1069.02,2138.04,289.7800000000001,0.27107070001396544,113.11000000000001,24.470000000000006,-19.589999999999918,-1.6100000000000136,-10.599999999999909,17.979999999999905,1.6962262550730005,40.92000000000007,-12.889999999999986,14.015000000000327,0.6099999999999994,0.8299999999999983,0.21999999999999886,9.45115366058568,24.22591314069617,42.83056233579011,35.00819750429897
2025-04-14 09:06:16,1284.18,940.25,69.41,45.14,1112.2150000000001,2224.4300000000003,343.93000000000006,0.3092297799353274,114.55,24.269999999999996,70.26999999999998,16.120000000000005,43.195000000000164,54.14999999999998,1.2536172877967933,89.8599999999999,17.730000000000018,53.79500000000007,0.6199999999999903,0.8200000000000003,0.20000000000000995,9.709428112532274,23.844418791419056,36.90623158763309,32.290773566144345
2025-04-14 09:06:17,1280.91,961.22,70.03,45.97,1121.065,2242.13,319.69000000000005,0.2851663371123295,116.0,24.060000000000002,-3.269999999999982,20.970000000000027,8.849999999999909,24.24000000000001,2.7389827413579115,-73.53999999999996,4.850000000000023,-34.345000000000255,0.6200000000000045,0.8299999999999983,0.20999999999999375,9.664353364962471,22.066058041721053,34.822940283669425,32.379798987949364
2025-04-14 09:06:18,1238.4,980.6,70.64,46.8,1109.5,2219.0,257.80000000000007,0.23235691732099426,117.44,23.840000000000003,-42.50999999999999,19.379999999999995,-11.565000000000055,61.889999999999986,5.351491106658763,-39.24000000000001,-1.5900000000000318,-20.414999999999964,0.6099999999999994,0.8299999999999983,0.21999999999999886,9.447377303751896,22.602942120454234,32.369548498550415,26.41303622266864
2025-04-14 09:06:19,1310.39,985.44,71.26,47.63,1147.915,2295.83,324.95000000000005,0.283078450683998,118.89000000000001,23.630000000000003,71.99000000000001,4.840000000000032,38.414999999999964,67.14999999999998,1.748015052765456,114.5,-14.539999999999964,49.98000000000002,0.6200000000000045,0.8300000000000054,0.21000000000000085,9.655269495708053,28.397279051004734,33.77857086970979,26.139579998538643
2025-04-14 09:06:20,1300.56,996.76,71.87,48.43,1148.6599999999999,2297.3199999999997,303.79999999999995,0.2644820919467187,120.30000000000001,23.440000000000005,-9.830000000000155,11.319999999999936,0.7449999999998909,21.15000000000009,28.38922363863027,-81.82000000000016,6.4799999999999045,-37.67000000000007,0.6099999999999994,0.7999999999999972,0.18999999999999773,9.548295847478835,19.12374224624115,32.526595733338084,23.904189381779997
2025-04-14 09:06:21,1256.38,1006.46,72.46,49.26,1131.42,2262.84,249.92000000000007,0.22089056210700667,121.72,23.199999999999996,-44.179999999999836,9.700000000000045,-17.23999999999978,53.87999999999988,3.1252898419205755,-34.34999999999968,-1.6199999999998909,-17.984999999999673,0.5899999999999892,0.8299999999999983,0.2400000000000091,9.295267751435526,17.00432834606177,35.103760055014156,21.862011401058165
2025-04-14 09:06:22,1346.46,996.76,73.08,50.09,1171.6100000000001,2343.2200000000003,349.70000000000005,0.2984781622737274,123.17,22.989999999999995,90.07999999999993,-9.700000000000045,40.190000000000055,99.77999999999997,2.4827070793056176,134.25999999999976,-19.40000000000009,57.429999999999836,0.6200000000000045,0.8300000000000054,0.21000000000000085,9.512137618639787,23.04409425429228,42.888300036257064,27.438616810983717
2025-04-14 09:06:23,1297.28,1001.61,73.67,50.89,1149.445,2298.89,295.66999999999996,0.25722848830763667,124.56,22.78,-49.180000000000064,4.850000000000023,-22.16500000000019,54.030000000000086,2.437626779263381,-139.26,14.550000000000068,-62.355000000000246,0.5900000000000034,0.7999999999999972,0.20999999999999375,9.228042636255276,14.30453468312501,37.14230566348848,29.836586475332606
2025-04-14 09:06:24,1272.73,1014.55,74.29,51.72,1143.6399999999999,2287.2799999999997,258.18000000000006,0.22575285909398693,126.01,22.570000000000007,-24.549999999999955,12.93999999999994,-5.805000000000064,37.489999999999895,6.458224554999988,24.63000000000011,8.089999999999918,16.360000000000127,0.6200000000000045,0.8299999999999983,0.20999999999999375,9.075787563877567,14.571389775883578,39.98445673008459,24.66950977421321
2025-04-14 09:06:25,1380.95,1014.55,74.88,52.53,1197.75,2395.5,366.4000000000001,0.3059069085319083,127.41,22.349999999999994,108.22000000000003,0.0,54.11000000000013,108.22000000000003,1.999999963038252,132.76999999999998,-12.93999999999994,59.91500000000019,0.5899999999999892,0.8100000000000023,0.22000000000001307,9.400753399256311,26.211643309810785,52.6207048603495,34.94054031494081
2025-04-14 09:06:26,1330.06,1046.92,75.48,53.35,1188.49,2376.98,283.1399999999999,0.23823507119266024,128.83,22.130000000000003,-50.8900000000001,32.37000000000012,-9.259999999999991,83.26000000000022,8.991359720155572,-159.11000000000013,32.37000000000012,-63.37000000000012,0.6000000000000085,0.8200000000000003,0.21999999999999176,9.225258020451307,23.620528571578955,45.736367586418716,33.55020145245043
2025-04-14 09:06:27,1315.3,1058.27,76.07,54.16,1186.7849999999999,2373.5699999999997,257.03,0.21657671758863084,130.23,21.909999999999997,-14.759999999999991,11.349999999999909,-1.7050000000001546,26.1099999999999,15.313774009515264,36.13000000000011,-21.02000000000021,7.554999999999836,0.5899999999999892,0.8099999999999952,0.22000000000000597,9.112992328088824,24.794808075498057,44.70454820261597,29.56127471033693
2025-04-14 09:06:28,1395.75,1071.24,76.69,54.96,1233.495,2466.99,324.51,0.2630817309651991,131.65,21.729999999999997,80.45000000000005,12.970000000000027,46.710000000000036,67.48000000000002,1.4446585004354842,95.21000000000004,1.6200000000001182,48.41500000000019,0.6200000000000045,0.8000000000000043,0.17999999999999972,9.369502397497133,32.069215495562396,47.080312976869784,30.89979105916421
2025-04-14 09:06:29,1348.11,1077.72,77.28,55.79,1212.915,2425.83,270.3899999999999,0.22292576130814945,133.07,21.490000000000002,-47.6400000000001,6.480000000000018,-20.579999999999927,54.12000000000012,2.629737481548242,-128.09000000000015,-6.490000000000009,-67.28999999999996,0.5900000000000034,0.8299999999999983,0.23999999999999488,9.11486428860852,19.52784697555904,44.768014586309455,34.13979386288093
2025-04-14 09:06:30,1338.26,1071.24,77.87,56.6,1204.75,2409.5,267.02,0.2216393440783238,134.47,21.270000000000003,-9.849999999999909,-6.480000000000018,-8.164999999999964,3.369999999999891,0.41273724277558643,37.79000000000019,-12.960000000000036,12.414999999999964,0.5900000000000034,0.8100000000000023,0.21999999999999886,8.959247349154106,19.22647413076183,26.35611636793278,26.224427305472265
2025-04-14 09:06:31,1412.2,1084.21,78.47,57.4,1248.205,2496.41,327.99,0.2627693365570805,135.87,21.07,73.94000000000005,12.970000000000027,43.45499999999993,60.97000000000003,1.4030606051533663,83.78999999999996,19.450000000000045,51.61999999999989,0.5999999999999943,0.7999999999999972,0.20000000000000284,9.18675933475558,24.11051896996177,34.029255354768104,31.024569013928275
2025-04-14 09:06:32,1357.95,1089.08,79.04,58.23,1223.5149999999999,2447.0299999999997,268.8700000000001,0.2197521074774302,137.27,20.81000000000001,-54.25,4.869999999999891,-24.690000000000055,59.11999999999989,2.394491600061084,-128.19000000000005,-8.100000000000136,-68.14499999999998,0.5700000000000074,0.8299999999999983,0.2599999999999909,8.913200197324977,17.08839606285226,31.535186379661873,35.000508103454706
2025-04-14 09:06:33,1377.66,1093.95,79.63,59.04,1235.805,2471.61,283.71000000000004,0.22957505413105217,138.67,20.589999999999996,19.710000000000036,4.870000000000118,12.290000000000191,14.839999999999918,1.207485662531654,73.96000000000004,2.2737367544323206e-13,36.980000000000246,0.5899999999999892,0.8100000000000023,0.22000000000001307,8.911840997246406,17.417862813815788,25.675170496026187,28.009434258834983
2025-04-14 09:06:34,1423.72,1116.69,80.23,59.84,1270.205,2540.41,307.03,0.24171688802853325,140.07,20.39,46.059999999999945,22.74000000000001,34.399999999999864,23.319999999999936,0.6779069570375893,26.34999999999991,17.86999999999989,22.109999999999673,0.6000000000000085,0.8000000000000043,0.19999999999999574,9.068358613062337,24.749695553702058,26.187370620205655,28.471808995917304
2025-04-14 09:06:35,1348.11,1119.94,80.8,60.65,1234.025,2468.05,228.16999999999985,0.18489900918952273,141.45,20.15,-75.61000000000013,3.25,-36.179999999999836,78.86000000000013,2.179657208964712,-121.67000000000007,-19.49000000000001,-70.5799999999997,0.5699999999999932,0.8099999999999952,0.240000000000002,8.724107396789627,17.8681414814456,38.10483014002314,35.2488457257822
2025-04-14 09:06:36,1430.3,1141.07,81.39,61.46,1285.685,2571.37,289.23,0.22496179062137164,142.85,19.93,82.19000000000005,21.12999999999988,51.659999999999854,61.06000000000017,1.1819589395671972,157.80000000000018,17.87999999999988,87.83999999999969,0.5900000000000034,0.8100000000000023,0.21999999999999886,9.000244949245747,26.644408794360185,29.724130264820477,37.55262347692891
2025-04-14 09:06:37,1417.13,1145.95,81.97,62.26,1281.54,2563.08,271.18000000000006,0.21160478782433265,144.23,19.71,-13.169999999999845,4.880000000000109,-4.144999999999982,18.049999999999955,4.354643099000467,-95.3599999999999,-16.249999999999773,-55.804999999999836,0.5799999999999983,0.7999999999999972,0.21999999999999886,8.885391327148366,24.886693131089363,29.61497391523445,34.11727201872962
2025-04-14 09:06:38,1379.31,1131.32,82.56,63.07,1255.315,2510.63,247.99,0.19755200870096187,145.63,19.490000000000002,-37.820000000000164,-14.63000000000011,-26.22499999999991,23.190000000000055,0.8842707003138011,-24.65000000000032,-19.51000000000022,-22.079999999999927,0.5900000000000034,0.8100000000000023,0.21999999999999886,8.619892820024084,21.10187266573804,31.497631656999502,38.04573441924849
2025-04-14 09:06:39,1473.16,1158.97,83.13,63.87,1316.065,2632.13,314.19000000000005,0.23873440883335215,147.0,19.259999999999998,93.85000000000014,27.65000000000009,60.75,66.20000000000005,1.0897119162187348,131.6700000000003,42.2800000000002,86.97499999999991,0.5699999999999932,0.7999999999999972,0.23000000000000398,8.952823068348144,31.25940466485322,33.756535959722214,44.588715584775386
2025-04-14 09:06:40,1408.91,1150.83,83.71,64.68,1279.87,2559.74,258.08000000000015,0.2016454794614724,148.39,19.029999999999987,-64.25,-8.1400000000001,-36.195000000000164,56.1099999999999,1.550214075142577,-158.10000000000014,-35.79000000000019,-96.94500000000016,0.5799999999999983,0.8100000000000094,0.23000000000001108,8.625042060617009,21.659155396761786,26.27897505611688,44.59253011996514
2025-04-14 09:06:41,1422.07,1168.74,84.3,65.49,1295.405,2590.81,253.32999999999993,0.19556046163511756,149.79,18.810000000000002,13.159999999999854,17.910000000000082,15.535000000000082,4.750000000000227,0.305761164740202,77.40999999999985,26.050000000000182,51.730000000000246,0.5900000000000034,0.8099999999999881,0.21999999999998465,8.648140672620732,22.308879230052803,26.707177499691266,38.49679441200269
2025-04-14 09:06:42,1489.66,1178.51,84.87,66.29,1334.085,2668.17,311.1500000000001,0.23323101583989703,151.16000000000003,18.58,67.59000000000015,9.769999999999982,38.680000000000064,57.820000000000164,1.4948293305369893,54.43000000000029,-8.1400000000001,23.144999999999982,0.5700000000000074,0.8000000000000114,0.23000000000000398,8.82564826127515,30.695122088063364,32.82194570710299,41.453812761916154
2025-04-14 09:06:43,1415.49,1186.66,85.45,67.1,1301.075,2602.15,228.82999999999993,0.17587763950896163,152.55,18.35000000000001,-74.17000000000007,8.150000000000091,-33.00999999999999,82.32000000000016,2.4937896851320964,-141.76000000000022,-1.6199999999998909,-71.69000000000005,0.5799999999999983,0.8099999999999881,0.22999999999998977,8.52884294638582,20.657371565645636,37.790460171847855,43.03772685098511
2025-04-14 09:06:44,1466.56,1196.44,86.02,67.9,1331.5,2663.0,270.1199999999999,0.20286894464673746,153.92000000000002,18.11999999999999,51.069999999999936,9.779999999999973,30.424999999999955,41.289999999999964,1.3571075971369737,125.24000000000001,1.6299999999998818,63.434999999999945,0.5699999999999932,0.8000000000000114,0.2300000000000182,8.650597656895805,23.610458117138553,30.19083089283927,35.40921324316602
2025-04-14 09:06:45,1489.66,1173.62,86.59,68.69,1331.6399999999999,2663.2799999999997,316.0400000000002,0.23733141071360786,155.28,17.900000000000006,23.100000000000136,-22.820000000000164,0.13999999999987267,45.9200000000003,327.9976571598922,-27.9699999999998,-32.600000000000136,-30.285000000000082,0.5700000000000074,0.789999999999992,0.21999999999998465,8.575734102423144,18.849874469109377,37.457242690833816,28.35847479149753
2025-04-14 09:06:46,1430.3,1199.7,87.16,69.49,1315.0,2630.0,230.5999999999999,0.1753612165966834,156.64999999999998,17.67,-59.36000000000013,26.080000000000155,-16.639999999999873,85.44000000000028,5.134615076044823,-82.46000000000026,48.90000000000032,-16.779999999999745,0.5699999999999932,0.7999999999999972,0.23000000000000398,8.394510000673414,14.264505336715766,41.98589608428078,30.46144907912293
2025-04-14 09:06:47,1521.05,1198.07,87.74,70.3,1359.56,2719.12,322.98,0.23756215228635577,158.04,17.439999999999998,90.75,-1.6300000000001091,44.559999999999945,92.38000000000011,2.07315973803502,150.11000000000013,-27.710000000000264,61.19999999999982,0.5799999999999983,0.8100000000000023,0.23000000000000398,8.602632190568007,21.88143448225475,45.013709911537205,32.2026722493646
2025-04-14 09:06:48,1448.43,1233.97,88.29,71.09,1341.2,2682.4,214.46000000000004,0.1599015805548005,159.38,17.200000000000003,-72.61999999999989,35.90000000000009,-18.3599999999999,108.51999999999998,5.910675059331455,-163.3699999999999,37.5300000000002,-62.919999999999845,0.5500000000000114,0.7900000000000063,0.23999999999999488,8.415108492815232,16.295177200669958,48.88788193407463,28.29871861056603
2025-04-14 09:06:49,1486.36,1240.5,88.86,71.89,1363.4299999999998,2726.8599999999997,245.8599999999999,0.18032462232727406,160.75,16.97,37.929999999999836,6.529999999999973,22.22999999999979,31.399999999999864,1.4125055594914349,110.54999999999973,-29.37000000000012,40.58999999999969,0.5699999999999932,0.7999999999999972,0.23000000000000398,8.48167957398644,20.027670358812433,50.16441089059077,26.878710534547505
2025-04-14 09:06:50,1554.13,1255.2,89.43,72.7,1404.665,2809.33,298.93000000000006,0.21281230740937357,162.13,16.730000000000004,67.77000000000021,14.700000000000045,41.23500000000013,53.070000000000164,1.2870134282281211,29.840000000000373,8.170000000000073,19.005000000000337,0.5700000000000074,0.8100000000000023,0.23999999999999488,8.663819104028748,32.913631370623676,46.33382867840752,30.526794787530456
2025-04-14 09:06:51,1461.61,1251.93,89.99,73.48,1356.77,2713.54,209.67999999999984,0.1545435113139709,163.47,16.50999999999999,-92.52000000000021,-3.269999999999982,-47.89499999999998,89.25000000000023,1.8634512608111287,-160.29000000000042,-17.970000000000027,-89.13000000000011,0.5599999999999881,0.7800000000000011,0.22000000000001307,8.299810311985011,23.66149562055053,50.68251493365362,40.19379855773771
2025-04-14 09:06:52,1526.01,1242.13,90.56,74.27,1384.0700000000002,2768.1400000000003,283.8799999999999,0.20510523296863206,164.82999999999998,16.290000000000006,64.40000000000009,-9.799999999999955,27.300000000000182,74.20000000000005,2.717948618390144,156.9200000000003,-6.529999999999973,75.19500000000016,0.5700000000000074,0.789999999999992,0.21999999999998465,8.396954386962603,24.734900848827948,40.14459390752408,36.914295096886256
2025-04-14 09:06:53,1507.83,1250.3,91.11,75.07,1379.065,2758.13,257.53,0.18674246668087252,166.18,16.040000000000006,-18.180000000000064,8.169999999999845,-5.005000000000109,26.34999999999991,5.264734212840184,-82.58000000000015,17.9699999999998,-32.30500000000029,0.5499999999999972,0.7999999999999972,0.25,8.298621926232869,18.78296535431442,34.71508072869802,35.256267279733436
2025-04-14 09:06:54,1492.96,1274.82,91.68,75.86,1383.8899999999999,2767.7799999999997,218.1400000000001,0.15762813507025267,167.54000000000002,15.820000000000007,-14.86999999999989,24.519999999999982,4.824999999999818,39.38999999999987,8.163728877983933,3.310000000000173,16.350000000000136,9.829999999999927,0.5700000000000074,0.7900000000000063,0.21999999999999886,8.26005725044731,17.07521617729596,39.285827851784134,34.29341984987797
2025-04-14 09:06:55,1578.97,1291.18,92.23,76.66,1435.075,2870.15,287.78999999999996,0.20054004132150577,168.89,15.570000000000007,86.00999999999999,16.360000000000127,51.18500000000017,69.64999999999986,1.3607501932060064,100.87999999999988,-8.159999999999854,46.360000000000355,0.5499999999999972,0.7999999999999972,0.25,8.497098652986569,28.737103063834002,36.27514755311156,37.156770177183134
2025-04-14 09:06:56,1494.61,1294.46,92.79,77.45,1394.5349999999999,2789.0699999999997,200.14999999999986,0.14352454392071573,170.24,15.340000000000003,-84.36000000000013,3.2799999999999727,-40.54000000000019,87.6400000000001,2.161815437547712,-170.37000000000012,-13.080000000000155,-91.72500000000036,0.5600000000000023,0.7900000000000063,0.23000000000000398,8.191582423686663,22.926558998276427,39.151824606268555,34.53902658587834
2025-04-14 09:06:57,1544.2,1307.56,93.36,78.23,1425.88,2851.76,236.6400000000001,0.16596066978570384,171.59,15.129999999999995,49.590000000000146,13.099999999999909,31.345000000000255,36.49000000000024,1.1641409741859616,133.95000000000027,9.819999999999936,71.88500000000045,0.5699999999999932,0.7800000000000011,0.21000000000000796,8.309808215456565,25.29653617595682,34.1626411449703,35.158996999345874
2025-04-14 09:06:58,1554.13,1302.64,93.91,79.02,1428.3850000000002,2856.7700000000004,251.49,0.1760659764866853,172.93,14.89,9.930000000000064,-4.919999999999845,2.505000000000109,14.849999999999909,5.928141346051064,-39.66000000000008,-18.019999999999754,-28.840000000000146,0.5499999999999972,0.789999999999992,0.23999999999999488,8.259902803100083,22.78550816860452,33.49018916040962,34.6011850230597
2025-04-14 09:06:59,1504.52,1314.11,94.38,79.8,1409.315,2818.63,190.41000000000008,0.13510819076281164,174.18,14.579999999999998,-49.61000000000013,11.4699999999998,-19.070000000000164,61.07999999999993,3.2029363815974317,-59.54000000000019,16.389999999999645,-21.575000000000273,0.46999999999999886,0.7800000000000011,0.3100000000000023,8.091141301578016,16.473451975878184,39.52741554921113,37.03565393644364
2025-04-14 09:07:00,1517.74,1337.06,94.61,80.61,1427.4,2854.8,180.68000000000006,0.1265797953435759,175.22,14.0,13.220000000000027,22.950000000000045,18.085000000000036,9.730000000000018,0.538014899750351,62.830000000000155,11.480000000000246,37.1550000000002,0.23000000000000398,0.8100000000000023,0.5799999999999983,8.146330281096164,14.835051651462399,30.63496091069843,28.77162947245097
2025-04-14 09:07:01,1577.31,1338.7,94.93,81.39,1458.005,2916.01,238.6099999999999,0.16365513138593127,176.32,13.540000000000006,59.569999999999936,1.6400000000001,30.605000000000018,57.929999999999836,1.8928279074390424,46.34999999999991,-21.309999999999945,12.519999999999982,0.3200000000000074,0.7800000000000011,0.45999999999999375,8.269084571976608,17.59464286371317,31.76291280723506,21.27495017620498
2025-04-14 09:07:02,1522.7,1289.55,95.16,82.14,1406.125,2812.25,233.1500000000001,0.16581029413045767,177.3,13.019999999999996,-54.6099999999999,-49.15000000000009,-51.88000000000011,5.459999999999809,0.10524286612869953,-114.17999999999984,-50.79000000000019,-82.48500000000013,0.22999999999998977,0.75,0.5200000000000102,7.930767016746943,20.647363754280946,31.329291725157418,32.58510230918424
2025-04-14 09:07:03,1526.01,1348.54,95.35,82.62,1437.275,2874.55,177.47000000000003,0.12347671800909588,177.97,12.72999999999999,3.3099999999999454,58.99000000000001,31.15000000000009,55.680000000000064,1.7874798784115578,57.919999999999845,108.1400000000001,83.0300000000002,0.18999999999999773,0.480000000000004,0.29000000000000625,8.07593971975086,21.29333005900213,29.49536200828902,36.30925718738963
2025-04-14 09:07:04,1522.7,1341.98,95.56,83.16,1432.3400000000001,2864.6800000000003,180.72000000000003,0.12617116039056986,178.72,12.400000000000006,-3.3099999999999454,-6.559999999999945,-4.934999999999945,3.25,0.6585611634121322,-6.619999999999891,-65.54999999999995,-36.085000000000036,0.21000000000000796,0.539999999999992,0.3299999999999841,8.014435944413409,18.672270014693666,30.901605621715188,34.79911726610323
2025-04-14 09:07:05,1511.13,1307.56,95.84,83.73,1409.345,2818.69,203.57000000000016,0.14444298582359688,179.57,12.11,-11.569999999999936,-34.42000000000007,-22.99500000000012,22.850000000000136,0.9936942381520235,-8.259999999999991,-27.860000000000127,-18.060000000000173,0.28000000000000114,0.5700000000000074,0.29000000000000625,7.848443460219172,21.387942163789607,28.535069300774783,35.65967810426792
2025-04-14 09:07:06,1532.62,1355.11,95.99,84.34,1443.8649999999998,2887.7299999999996,177.51,0.12294085657388963,180.32999999999998,11.649999999999991,21.48999999999978,47.549999999999955,34.519999999999754,26.060000000000173,0.7549246594749623,33.05999999999972,81.97000000000003,57.51499999999987,0.14999999999999147,0.6099999999999994,0.46000000000000796,8.00679305713529,17.019574025268415,24.21082154739951,36.62862142505502
2025-04-14 09:07:07,1539.23,1325.58,96.12,84.98,1432.405,2864.81,213.6500000000001,0.14915474314236918,181.10000000000002,11.14,6.610000000000127,-29.529999999999973,-11.459999999999809,36.1400000000001,3.1535773862498533,-14.879999999999654,-77.07999999999993,-45.97999999999956,0.13000000000000966,0.6400000000000006,0.5099999999999909,7.9094698624546105,13.01520188093993,16.888468847116496,26.020573927183023
2025-04-14 09:07:08,1532.62,1384.66,96.29,85.21,1458.6399999999999,2917.2799999999997,147.9599999999998,0.10143695490221223,181.5,11.080000000000013,-6.610000000000127,59.080000000000155,26.2349999999999,65.69000000000028,2.503906899031585,-13.220000000000255,88.61000000000013,37.69499999999971,0.1700000000000017,0.22999999999998977,0.05999999999998806,8.036583977759868,18.08948361622431,25.551623627472868,24.864979539504844
2025-04-14 09:07:09,1534.27,1389.59,96.43,86.0,1461.9299999999998,2923.8599999999997,144.68000000000006,0.09896506665916631,182.43,10.430000000000007,1.650000000000091,4.929999999999836,3.2899999999999636,3.2799999999997453,0.9969601832947107,8.260000000000218,-54.15000000000032,-22.944999999999936,0.14000000000000057,0.7900000000000063,0.6500000000000057,8.013649026949246,21.40721216089765,31.36968329454459,24.370667461109782
2025-04-14 09:07:10,1537.58,1346.9,96.6,86.63,1442.24,2884.48,190.67999999999984,0.13221100501150213,183.23,9.969999999999999,3.3099999999999454,-42.68999999999983,-19.689999999999827,45.99999999999977,2.3362111561091425,1.6599999999998545,-47.61999999999966,-22.97999999999979,0.1699999999999875,0.6299999999999955,0.46000000000000796,7.871200088024887,12.253214578294488,29.139298721829714,23.416560486117323
2025-04-14 09:07:11,1540.89,1417.55,96.77,87.04,1479.22,2958.44,123.34000000000015,0.08338178223429804,183.81,9.72999999999999,3.310000000000173,70.64999999999986,36.98000000000002,67.33999999999969,1.8209842666039857,2.2737367544323206e-13,113.33999999999969,56.669999999999845,0.1700000000000017,0.4100000000000108,0.2400000000000091,8.047549055831842,18.173955815996056,36.94829251805859,24.164292975379908
2025-04-14 09:07:12,1544.2,1402.75,96.94,87.74,1473.475,2946.95,141.45000000000005,0.09599755673085901,184.68,9.200000000000003,3.3099999999999454,-14.799999999999955,-5.745000000000118,18.1099999999999,3.152305804646427,-2.2737367544323206e-13,-85.44999999999982,-42.725000000000136,0.1700000000000017,0.6999999999999886,0.5299999999999869,7.978530387813891,14.351786648422324,24.851911797687162,23.183894571447595
2025-04-14 09:07:13,1549.16,1353.46,97.13,88.39,1451.31,2902.62,195.70000000000005,0.13484369284657058,185.51999999999998,8.739999999999995,4.960000000000036,-49.289999999999964,-22.164999999999964,54.25,2.447552337128254,1.650000000000091,-34.49000000000001,-16.419999999999845,0.18999999999999773,0.6500000000000057,0.46000000000000796,7.8229301001351335,15.266601619280674,32.15224875494747,23.872510707925084
2025-04-14 09:07:14,1540.89,1406.04,97.3,88.95,1473.4650000000001,2946.9300000000003,134.85000000000014,0.09151897052762105,186.25,8.349999999999994,-8.269999999999982,52.57999999999993,22.1550000000002,60.84999999999991,2.7465582150052423,-13.230000000000018,101.86999999999989,44.320000000000164,0.1700000000000017,0.5600000000000023,0.39000000000000057,7.9112214340337115,16.16730597538872,33.530750513521475,26.1903681245606
2025-04-14 09:07:15,1567.37,1422.49,97.43,89.2,1494.9299999999998,2989.8599999999997,144.87999999999988,0.09691423672217807,186.63,8.230000000000004,26.47999999999979,16.450000000000045,21.46499999999969,10.029999999999745,0.46727228198125353,34.74999999999977,-36.12999999999988,-0.6900000000005093,0.13000000000000966,0.25,0.11999999999999034,8.010126946310201,15.648955636141,27.87900338964839,23.91733513583818
2025-04-14 09:07:16,1550.82,1442.24,97.56,89.99,1496.53,2993.06,108.57999999999993,0.07255450938333706,187.55,7.570000000000007,-16.549999999999955,19.75,1.6000000000001364,36.299999999999955,22.687485820319402,-43.029999999999745,3.2999999999999545,-19.864999999999554,0.12999999999999545,0.789999999999992,0.6599999999999966,7.979365459987387,18.596820494426787,31.672162382761773,18.831591010851906
2025-04-14 09:07:17,1545.85,1435.66,97.71,90.32,1490.755,2981.51,110.18999999999983,0.07391556622388269,188.02999999999997,7.390000000000001,-4.970000000000027,-6.579999999999927,-5.774999999999864,1.6099999999999,0.27878783051291905,11.579999999999927,-26.329999999999927,-7.375,0.14999999999999147,0.3299999999999983,0.18000000000000682,7.928282678677433,19.156370546164442,35.43286398246736,18.83526227584838
2025-04-14 09:07:18,1545.85,1458.72,97.81,91.02,1502.2849999999999,3004.5699999999997,87.12999999999988,0.057998315860174045,188.82999999999998,6.790000000000006,0.0,23.059999999999945,11.529999999999745,23.059999999999945,1.999999826539517,4.970000000000027,29.639999999999873,17.30499999999961,0.10000000000000853,0.7000000000000028,0.5999999999999943,7.955753810539884,10.944805046323452,22.941920800142984,12.255117808491153
2025-04-14 09:07:19,1555.78,1391.24,97.9,91.53,1473.51,2947.02,164.53999999999996,0.11166534322015773,189.43,6.3700000000000045,9.930000000000064,-67.48000000000002,-28.774999999999864,77.41000000000008,2.6901823565531915,9.930000000000064,-90.53999999999996,-40.30499999999961,0.09000000000000341,0.5100000000000051,0.4200000000000017,7.7786517036443446,10.926174193286004,31.076417586331154,19.08925070556705
2025-04-14 09:07:20,1554.13,1450.48,97.96,92.15,1502.305,3004.61,103.65000000000009,0.06899397920595758,190.11,5.809999999999988,-1.6499999999998636,59.24000000000001,28.795000000000073,60.88999999999987,2.114603156290903,-11.579999999999927,126.72000000000003,57.569999999999936,0.05999999999998806,0.6200000000000045,0.5600000000000165,7.9022933675120015,11.938651829333185,29.257297722107424,21.30214807243618
2025-04-14 09:07:21,1555.78,1452.13,98.05,92.76,1503.955,3007.91,103.64999999999986,0.06891828540819478,190.81,5.289999999999992,1.6499999999998636,1.650000000000091,1.6499999999998636,2.2737367544323206e-13,1.3780214402491323e-13,3.299999999999727,-57.58999999999992,-27.14500000000021,0.09000000000000341,0.6099999999999994,0.519999999999996,7.881950590210415,12.898712920367352,29.60113376207122,21.302233157582247
2025-04-14 09:07:22,1549.16,1471.91,98.11,93.34,1510.535,3021.07,77.25,0.051140820933549484,191.45,4.769999999999996,-6.619999999999891,19.779999999999973,6.580000000000155,26.399999999999864,4.012157444960759,-8.269999999999754,18.12999999999988,4.930000000000291,0.060000000000002274,0.5799999999999983,0.519999999999996,7.8899712306608984,14.386634248568427,33.959086854626,20.96343703928336
2025-04-14 09:07:23,1557.44,1424.13,98.24,93.8,1490.785,2981.57,133.30999999999995,0.08942268664534271,192.04,4.439999999999998,8.279999999999973,-47.77999999999997,-19.75,56.059999999999945,2.838480868937675,14.899999999999864,-67.55999999999995,-26.330000000000155,0.12999999999999545,0.45999999999999375,0.3299999999999983,7.762887899589212,14.552147436102533,33.39619439397295,22.730948341413278
2025-04-14 09:07:24,1547.51,1493.36,98.28,94.42,1520.435,3040.87,54.15000000000009,0.03561480758097865,192.7,3.8599999999999994,-9.930000000000064,69.22999999999979,29.649999999999864,79.15999999999985,2.6698144124851875,-18.210000000000036,117.00999999999976,49.399999999999864,0.04000000000000625,0.6200000000000045,0.5799999999999983,7.890166020289746,10.92564277295085,29.997075190758693,20.63955425875276
2025-04-14 09:07:25,1559.09,1435.66,98.32,94.86,1497.375,2994.75,123.42999999999984,0.08243092072297782,193.18,3.4599999999999937,11.579999999999927,-57.69999999999982,-23.059999999999945,69.27999999999975,3.0043363831597363,21.50999999999999,-126.92999999999961,-52.70999999999981,0.03999999999999204,0.4399999999999977,0.4000000000000057,7.751190559316748,11.504791175946039,32.703775317232534,21.4598842028562
2025-04-14 09:07:26,1560.75,1511.52,98.41,95.48,1536.135,3072.27,49.23000000000002,0.03204796451350438,193.89,2.9299999999999926,1.6600000000000819,75.8599999999999,38.75999999999999,74.19999999999982,1.9143446358528176,-9.919999999999845,133.55999999999972,61.819999999999936,0.09000000000000341,0.6200000000000045,0.5300000000000011,7.9227138690870405,18.133370343159463,38.959580079872886,28.01549624761262
2025-04-14 09:07:27,1560.75,1450.48,98.47,96.01,1505.615,3011.23,110.26999999999998,0.0732391746407686,194.48000000000002,2.4599999999999937,0.0,-61.039999999999964,-30.519999999999982,61.039999999999964,1.9999999344692025,-1.6600000000000819,-136.89999999999986,-69.27999999999997,0.060000000000002274,0.5300000000000011,0.46999999999999886,7.741747183557449,18.30122072437158,39.586799820142424,32.518899581627856
2025-04-14 09:07:28,1562.4,1458.72,98.53,96.48,1510.56,3021.12,103.68000000000006,0.06863679690403775,195.01,2.049999999999997,1.650000000000091,8.240000000000009,4.944999999999936,6.589999999999918,1.3326589822732093,1.650000000000091,69.27999999999997,35.46499999999992,0.060000000000002274,0.46999999999999886,0.4099999999999966,7.746064264673277,14.915570890924636,34.08049324760471,30.785292754820386
2025-04-14 09:07:29,1564.06,1509.87,98.64,97.16,1536.965,3073.93,54.190000000000055,0.035257796999113356,195.8,1.480000000000004,1.6599999999998545,51.149999999999864,26.404999999999973,49.49000000000001,1.8742661664735425,0.009999999999763531,42.909999999999854,21.460000000000036,0.10999999999999943,0.6799999999999926,0.5699999999999932,7.849667988510377,18.1689116350491,34.07051951467765,30.135529155798775
2025-04-14 09:07:30,1562.4,1508.22,98.7,97.43,1535.31,3070.62,54.180000000000064,0.035289290087806874,196.13,1.269999999999996,-1.6599999999998545,-1.6499999999998636,-1.6549999999999727,0.009999999999990905,0.006042292421570181,-3.319999999999709,-52.79999999999973,-28.059999999999945,0.060000000000002274,0.27000000000001023,0.21000000000000796,7.828022190241054,15.473387880560587,29.97814287109919,26.788109442437307
2025-04-14 09:07:31,1567.37,1526.39,98.83,98.0,1546.88,3093.76,40.97999999999979,0.026492035564172883,196.82999999999998,0.8299999999999983,4.9699999999998,18.170000000000073,11.570000000000164,13.200000000000273,1.1408814917129295,6.629999999999654,19.819999999999936,13.225000000000136,0.12999999999999545,0.5699999999999932,0.4399999999999977,7.858964548803717,17.966230614747708,31.870935819332935,21.0158295696363
2025-04-14 09:07:32,1567.37,1475.21,98.89,98.34,1521.29,3042.58,92.15999999999985,0.06058016547760104,197.23000000000002,0.5499999999999972,0.0,-51.180000000000064,-25.590000000000146,51.180000000000064,1.9999999218444646,-4.9699999999998,-69.35000000000014,-37.16000000000031,0.060000000000002274,0.3400000000000034,0.28000000000000114,7.713278873836237,14.276006269343085,27.21750208964883,19.13104773659827
2025-04-14 09:07:33,1565.72,1547.89,98.94,98.77,1556.805,3113.61,17.829999999999927,0.011452943681801499,197.70999999999998,0.1700000000000017,-1.6499999999998636,72.68000000000006,35.5150000000001,74.32999999999993,2.0929184262165648,-1.6499999999998636,123.86000000000013,61.105000000000246,0.04999999999999716,0.4299999999999926,0.37999999999999545,7.874184371684871,13.318233272562692,26.978307396870516,24.094974942921258
2025-04-14 09:07:34,1567.37,1514.83,98.96,98.96,1541.1,3082.2,52.539999999999964,0.034092531286683166,197.92,0.0,1.6499999999998636,-33.06000000000017,-15.705000000000155,34.710000000000036,2.2101240235514594,3.299999999999727,-105.74000000000024,-51.220000000000255,0.01999999999999602,0.18999999999999773,0.1700000000000017,7.786479346268799,13.253574800875507,26.95288333369991,23.958269083971928
2025-04-14 09:07:35,1567.37,1493.36,99.04,99.38,1530.3649999999998,3060.7299999999996,74.00999999999999,0.04836101188385711,198.42000000000002,0.3399999999999892,0.0,-21.470000000000027,-10.735000000000127,21.470000000000027,1.9999998136935222,-1.6499999999998636,11.590000000000146,4.970000000000027,0.0800000000000125,0.4200000000000017,0.3399999999999892,7.712755731716783,13.886279469404155,28.832258496344654,24.53071987325292
2025-04-14 09:07:36,1564.06,1569.4,99.04,99.83,1566.73,3133.46,5.3400000000001455,0.0034083728508369484,198.87,0.789999999999992,-3.3099999999999454,76.04000000000019,36.36500000000024,79.35000000000014,2.1820431133770524,-3.3099999999999454,97.51000000000022,47.100000000000364,0.0,0.45000000000000284,0.45000000000000284,7.878161573499464,18.627502717820942,36.6627703535894,29.67178499854718
2025-04-14 09:07:37,1567.37,1567.75,99.13,100.19,1567.56,3135.12,0.38000000000010914,0.00024241496322800667,199.32,1.0600000000000023,3.3099999999999454,-1.650000000000091,0.8299999999999272,4.960000000000036,5.9758964145832,6.619999999999891,-77.69000000000028,-35.53500000000031,0.0899999999999892,0.35999999999999943,0.27000000000001023,7.864539394619007,16.33819933476444,31.931561972444094,25.090446488653956
2025-04-14 09:07:38,1567.37,1506.57,99.13,100.53,1536.9699999999998,3073.9399999999996,60.799999999999955,0.03955835179635361,199.66,1.4000000000000057,0.0,-61.180000000000064,-30.590000000000146,61.180000000000064,1.9999999346191513,-3.3099999999999454,-59.52999999999997,-31.420000000000073,0.0,0.3400000000000034,0.3400000000000034,7.697936453481235,17.408227221703758,33.57092015420541,25.20938332248544
2025-04-14 09:07:39,1572.34,1561.13,99.26,100.99,1566.7350000000001,3133.4700000000003,11.209999999999809,0.007155007064273665,200.25,1.7299999999999898,4.970000000000027,54.56000000000017,29.765000000000327,49.590000000000146,1.6660506747505097,4.970000000000027,115.74000000000024,60.35500000000047,0.13000000000000966,0.45999999999999375,0.3299999999999841,7.823895092015506,18.413330293635322,34.36363877705676,27.967011951583437
2025-04-14 09:07:40,1565.72,1564.44,99.26,101.19,1565.08,3130.16,1.2799999999999727,0.0008178495662727293,200.45,1.9299999999999926,-6.619999999999891,3.3099999999999454,-1.6550000000002,9.929999999999836,5.999996374623723,-11.589999999999918,-51.25000000000023,-31.420000000000528,0.0,0.20000000000000284,0.20000000000000284,7.807832338199889,13.248612191567826,25.515125318133183,26.956067174200513
2025-04-14 09:07:41,1567.37,1524.74,99.3,101.55,1546.0549999999998,3092.1099999999997,42.62999999999988,0.02757340455056675,200.85,2.25,1.6499999999998636,-39.700000000000045,-19.02500000000009,41.34999999999991,2.1734558647329223,8.269999999999754,-43.00999999999999,-17.36999999999989,0.03999999999999204,0.35999999999999943,0.3200000000000074,7.6975603301092335,14.064246780490148,27.093660697662106,22.921555084679724
2025-04-14 09:07:42,1567.37,1569.4,99.3,101.69,1568.385,3136.77,2.0300000000002,0.0012943250532910446,200.99,2.3900000000000006,0.0,44.66000000000008,22.330000000000155,44.66000000000008,1.9999999104343869,-1.6499999999998636,84.36000000000013,41.355000000000246,0.0,0.14000000000000057,0.14000000000000057,7.803298632751387,14.230588972439941,26.75322317030304,25.907941591334676
2025-04-14 09:07:43,1574.0,1521.43,99.36,101.95,1547.7150000000001,3095.4300000000003,52.569999999999936,0.03396620176585077,201.31,2.5900000000000034,6.630000000000109,-47.97000000000003,-20.669999999999845,54.600000000000136,2.641509306167936,6.630000000000109,-92.63000000000011,-43.0,0.060000000000002274,0.2600000000000051,0.20000000000000284,7.688217139296523,10.949736526626719,24.003382678281813,23.202541186258134
2025-04-14 09:07:44,1569.03,1523.09,99.36,102.25,1546.06,3092.12,45.940000000000055,0.029714241342694212,201.61,2.8900000000000006,-4.970000000000027,1.6599999999998545,-1.6550000000002,6.629999999999882,4.006039875504051,-11.600000000000136,49.62999999999988,19.014999999999645,0.0,0.29999999999999716,0.29999999999999716,7.668567989342948,11.10395278729655,25.119734274073007,17.37681896953525
2025-04-14 09:07:45,1564.06,1526.39,99.36,102.44,1545.225,3090.45,37.669999999999845,0.02437832676511286,201.8,3.0799999999999983,-4.970000000000027,3.300000000000182,-0.8350000000000364,8.27000000000021,9.904179755473166,0.0,1.6400000000003274,0.8200000000001637,0.0,0.18999999999999773,0.18999999999999773,7.657210071074281,9.93415799162068,19.83641903167093,17.409914344993208
2025-04-14 09:07:46,1560.75,1519.78,99.36,102.56,1540.2649999999999,3080.5299999999997,40.97000000000003,0.026599318931093487,201.92000000000002,3.200000000000003,-3.3099999999999454,-6.610000000000127,-4.960000000000036,3.300000000000182,0.6653224465076031,1.6600000000000819,-9.91000000000031,-4.125,0.0,0.12000000000000455,0.12000000000000455,7.628095247483679,10.899763759021234,19.71474524309247,15.388395221724702
2025-04-14 09:07:47,1572.34,1526.39,99.51,102.78,1549.365,3098.73,45.94999999999982,0.029657311201906914,202.29000000000002,3.269999999999996,11.589999999999918,6.610000000000127,9.100000000000136,4.979999999999791,0.5472526871150581,14.899999999999864,13.220000000000255,14.060000000000173,0.15000000000000568,0.21999999999999886,0.06999999999999318,7.659127946714479,3.4417844212623643,5.664335795134323,10.790559183842072
2025-04-14 09:07:48,1567.37,1529.7,99.51,102.99,1548.5349999999999,3097.0699999999997,37.669999999999845,0.024326217990341598,202.5,3.4799999999999898,-4.970000000000027,3.3099999999999454,-0.8300000000001546,8.279999999999973,9.97589159530944,-16.559999999999945,-3.300000000000182,-9.930000000000291,0.0,0.20999999999999375,0.20999999999999375,7.647086381989697,3.5771287371920524,4.154419333678355,5.277363688433861
2025-04-14 09:07:49,1567.37,1547.89,99.51,103.2,1557.63,3115.26,19.47999999999979,0.012506179251486943,202.71,3.6899999999999977,0.0,18.190000000000055,9.095000000000255,18.190000000000055,1.9999997800989298,4.970000000000027,14.88000000000011,9.92500000000041,0.0,0.21000000000000796,0.21000000000000796,7.684031336963982,6.3680672108939955,10.019806385357032,6.417627482177592
2025-04-14 09:07:50,1567.37,1537.97,99.51,103.41,1552.67,3105.34,29.399999999999864,0.01893512464404203,202.92000000000002,3.8999999999999915,0.0,-9.920000000000073,-4.960000000000036,9.920000000000073,1.9999995967742747,0.0,-28.110000000000127,-14.055000000000291,0.0,0.20999999999999375,0.20999999999999375,7.651636075046146,6.367774925550852,10.421546430354843,7.147298790452321
2025-04-14 09:07:51,1577.31,1592.6,99.57,103.6,1584.955,3169.91,15.289999999999964,0.009646961579573553,203.17,4.030000000000001,9.940000000000055,54.62999999999988,32.284999999999854,44.68999999999983,1.3842341215972096,9.940000000000055,64.54999999999995,37.24499999999989,0.05999999999998806,0.18999999999999773,0.13000000000000966,7.801127096514608,15.143286218735275,12.645840027457282,14.436945054269579
2025-04-14 09:07:52,1570.68,1536.31,99.57,103.9,1553.495,3106.99,34.37000000000012,0.022124306790736892,203.47,4.3300000000000125,-6.629999999999882,-56.289999999999964,-31.460000000000036,49.66000000000008,1.578512346518998,-16.569999999999936,-110.91999999999985,-63.74499999999989,0.0,0.30000000000001137,0.30000000000001137,7.635007580306642,14.614930978370856,9.58263377157044,23.11196102670647
2025-04-14 09:07:53,1569.03,1597.57,99.57,104.03,1583.3,3166.6,28.539999999999964,0.01802564263372344,203.6,4.460000000000008,-1.650000000000091,61.25999999999999,29.805000000000064,62.91000000000008,2.110719607088755,4.979999999999791,117.54999999999995,61.2650000000001,0.0,0.12999999999999545,0.12999999999999545,7.776522555125135,16.293114726859102,7.803488322541596,26.39124111329362
2025-04-14 09:07:54,1567.37,1551.2,99.57,104.28,1559.2849999999999,3118.5699999999997,16.169999999999845,0.010370137588465039,203.85,4.710000000000008,-1.6600000000000819,-46.36999999999989,-24.0150000000001,44.70999999999981,1.861752993472689,-0.009999999999990905,-107.62999999999988,-53.820000000000164,0.0,0.25,0.25,7.649178279866675,16.08564398781088,8.538719459031498,29.669702012322265
2025-04-14 09:07:55,1567.37,1604.2,99.57,104.41,1585.7849999999999,3171.5699999999997,36.830000000000155,0.02322509039798905,203.98,4.840000000000003,0.0,53.0,26.5,53.0,1.9999999245283047,1.6600000000000819,99.36999999999989,50.5150000000001,0.0,0.12999999999999545,0.12999999999999545,7.774218022481527,15.655286806783343,10.060347906511195,31.543780805413935
2025-04-14 09:07:56,1557.44,1539.62,99.57,104.49,1548.53,3097.06,17.820000000000164,0.011507687928869621,204.06,4.920000000000002,-9.929999999999836,-64.58000000000015,-37.25499999999988,54.65000000000032,1.4669171529481504,-9.929999999999836,-117.58000000000015,-63.75499999999988,0.0,0.0799999999999983,0.0799999999999983,7.588601354559437,17.30153295238868,9.414830322424466,32.70939754107372
2025-04-14 09:07:57,1575.65,1549.54,99.64,104.71,1562.595,3125.19,26.110000000000127,0.016709384058755303,204.35,5.069999999999993,18.210000000000036,9.920000000000073,14.065000000000055,8.289999999999964,0.5894062858580623,28.139999999999873,74.50000000000023,51.319999999999936,0.07000000000000739,0.21999999999999886,0.14999999999999147,7.646660104493956,16.082532216743857,8.41412086911301,30.563481068098238
2025-04-14 09:07:58,1564.06,1542.93,99.64,104.71,1553.495,3106.99,21.12999999999988,0.013601588667101145,204.35,5.069999999999993,-11.590000000000146,-6.6099999999999,-9.100000000000136,4.980000000000246,0.5472526871151081,-29.800000000000182,-16.529999999999973,-23.16500000000019,0.0,0.0,0.0,7.602128663556992,14.380613512731644,8.307323275282098,26.314786100213674
2025-04-14 09:07:59,1560.75,1604.2,99.64,104.92,1582.475,3164.95,43.450000000000045,0.027456989824511006,204.56,5.280000000000001,-3.3099999999999454,61.26999999999998,28.980000000000018,64.57999999999993,2.228433325450882,8.2800000000002,67.87999999999988,38.080000000000155,0.0,0.21000000000000796,0.21000000000000796,7.7359942914744115,16.840300769362624,10.786214349809757,27.85275762828518
2025-04-14 09:08:00,1569.03,1547.89,99.64,104.96,1558.46,3116.92,21.139999999999873,0.01356467280933434,204.6,5.319999999999993,8.279999999999973,-56.309999999999945,-24.014999999999873,64.58999999999992,2.689568907367535,11.589999999999918,-117.57999999999993,-52.99499999999989,0.0,0.03999999999999204,0.03999999999999204,7.617106512135355,13.05694805467781,10.23155657757129,27.091505818244894
2025-04-14 09:08:01,1572.34,1602.54,99.64,105.17,1587.44,3174.88,30.200000000000045,0.019024341065473783,204.81,5.530000000000001,3.3099999999999454,54.649999999999864,28.980000000000018,51.33999999999992,1.7715665365228899,-4.970000000000027,110.95999999999981,52.99499999999989,0.0,0.21000000000000796,0.21000000000000796,7.7507933804463,15.116817042704893,9.226956703054526,23.633861459778405
2025-04-14 09:08:02,1559.09,1547.89,99.64,105.22,1553.49,3106.98,11.199999999999818,0.007209573278740284,204.86,5.579999999999998,-13.25,-54.649999999999864,-33.950000000000045,41.399999999999864,1.219440317542253,-16.559999999999945,-109.29999999999973,-62.930000000000064,0.0,0.04999999999999716,0.04999999999999716,7.583178719207367,16.545996721340185,12.112597987221585,29.475554786975586
2025-04-14 09:08:03,1567.37,1551.2,99.64,105.34,1559.2849999999999,3118.5699999999997,16.169999999999845,0.010370137588465039,204.98000000000002,5.700000000000003,8.279999999999973,3.3099999999999454,5.794999999999845,4.970000000000027,0.8576357450154296,21.529999999999973,57.95999999999981,39.74499999999989,0.0,0.12000000000000455,0.12000000000000455,7.607010402931941,15.529630146999912,12.73909219685786,29.308193095105647
2025-04-14 09:08:04,1569.03,1551.2,99.64,105.43,1560.115,3120.23,17.829999999999927,0.011428644675918942,205.07,5.790000000000006,1.6600000000000819,0.0,0.8300000000001546,1.6600000000000819,1.999997590364075,-6.619999999999891,-3.3099999999999454,-4.964999999999691,0.0,0.09000000000000341,0.09000000000000341,7.607719278257575,13.487187716591588,7.066878377334927,25.01719473682048
2025-04-14 09:08:05,1572.34,1547.89,99.7,105.56,1560.115,3120.23,24.449999999999818,0.01567192161111706,205.26,5.859999999999999,3.3099999999999454,-3.3099999999999454,0.0,6.619999999999891,6619999.999999891,1.6499999999998636,-3.3099999999999454,-0.8300000000001546,0.060000000000002274,0.12999999999999545,0.06999999999999318,7.600677152875977,13.344210074132572,7.427243768723609,22.506476956645162
2025-04-14 09:08:06,1562.4,1542.93,99.7,105.56,1552.665,3105.33,19.470000000000027,0.012539730068920403,205.26,5.859999999999999,-9.939999999999827,-4.960000000000036,-7.4500000000000455,4.979999999999791,0.6684562861132181,-13.249999999999773,-1.650000000000091,-7.4500000000000455,0.0,0.0,0.0,7.564381722866697,3.7299537534040463,4.827688888075025,15.81546553219345
2025-04-14 09:08:07,1570.68,1539.62,99.7,105.66,1555.15,3110.3,31.060000000000173,0.019972349921247353,205.36,5.959999999999994,8.279999999999973,-3.310000000000173,2.4850000000001273,11.590000000000146,4.6639820265664085,18.2199999999998,1.6499999999998636,9.935000000000173,0.0,0.09999999999999432,0.09999999999999432,7.572798950268801,3.3821819883819297,6.034416293233637,4.8835829572148155
2025-04-14 09:08:08,1567.37,1542.93,99.7,105.66,1555.15,3110.3,24.439999999999827,0.015715525823415295,205.36,5.959999999999994,-3.310000000000173,3.310000000000173,0.0,6.620000000000346,6620000.0000003455,-11.590000000000146,6.620000000000346,-2.4850000000001273,0.0,0.0,0.0,7.572798950268801,3.3313687130862455,5.1796959370259295,3.83884683205771
2025-04-14 09:08:09,1569.03,1556.16,99.7,105.77,1562.595,3125.19,12.86999999999989,0.008236299227735652,205.47,6.069999999999993,1.6600000000000819,13.230000000000018,7.444999999999936,11.569999999999936,1.5540629208780543,4.970000000000255,9.919999999999845,7.444999999999936,0.0,0.10999999999999943,0.10999999999999943,7.604978792013536,4.079011829172969,6.759228506275201,5.382278095750828
2025-04-14 09:08:10,1559.09,1539.62,99.7,105.77,1549.355,3098.71,19.470000000000027,0.012566519608116607,205.47,6.069999999999993,-9.940000000000055,-16.54000000000019,-13.240000000000009,6.600000000000136,0.4984893883316272,-11.600000000000136,-29.77000000000021,-20.684999999999945,0.0,0.0,0.0,7.540541161529464,4.874572545620741,6.7592285062752175,8.204386479195087
2025-04-14 09:08:11,1567.37,1559.47,99.7,105.87,1563.42,3126.84,7.899999999999864,0.005053024775777998,205.57,6.170000000000002,8.279999999999973,19.850000000000136,14.065000000000055,11.570000000000164,0.822609255413499,18.220000000000027,36.39000000000033,27.305000000000064,0.0,0.10000000000000853,0.10000000000000853,7.605292564064346,5.867743817050406,9.16427138402418,10.143853680924197
2025-04-14 09:08:12,1564.06,1552.85,99.7,105.87,1558.455,3116.91,11.210000000000036,0.007193021288909218,205.57,6.170000000000002,-3.3099999999999454,-6.620000000000118,-4.9650000000001455,3.310000000000173,0.6666665323934629,-11.589999999999918,-26.470000000000255,-19.0300000000002,0.0,0.0,0.0,7.581140207320425,5.7737736795390076,6.675460283758945,10.6185741745302
2025-04-14 09:08:13,1560.75,1554.51,99.7,105.87,1557.63,3115.26,6.240000000000009,0.004006086166800795,205.57,6.170000000000002,-3.3099999999999454,1.6600000000000819,-0.8249999999998181,4.970000000000027,6.024235122140607,0.0,8.2800000000002,4.140000000000327,0.0,0.0,0.0,7.577126975837297,5.593455327661116,5.150298049632071,10.637805459774096
2025-04-14 09:08:14,1564.06,1547.89,99.76,105.87,1555.975,3111.95,16.169999999999845,0.01039219781140934,205.63,6.109999999999999,3.3099999999999454,-6.619999999999891,-1.6550000000002,9.929999999999836,5.999996374623723,6.619999999999891,-8.279999999999973,-0.830000000000382,0.060000000000002274,0.0,0.060000000000002274,7.566867638151692,5.079899851624302,5.558900071061147,9.90489550676835
2025-04-14 09:08:15,1569.03,1554.51,99.76,105.94,1561.77,3123.54,14.519999999999982,0.00929714361954887,205.7,6.179999999999993,4.970000000000027,6.619999999999891,5.795000000000073,1.6499999999998636,0.28472816484412045,1.6600000000000819,13.239999999999782,7.450000000000273,0.0,0.06999999999999318,0.06999999999999318,7.592464717586463,3.0627336649711743,4.219439536246904,7.560599843927746
2025-04-14 09:08:16,1567.37,1544.58,99.76,105.94,1555.975,3111.95,22.789999999999964,0.014646764880768135,205.7,6.179999999999993,-1.6600000000000819,-9.930000000000064,-5.795000000000073,8.269999999999982,1.4270920747036762,-6.630000000000109,-16.549999999999955,-11.590000000000146,0.0,0.0,0.0,7.564292622439025,2.38487263864097,6.125196323387762,4.586646923407097
2025-04-14 09:08:17,1569.03,1554.51,99.76,105.94,1561.77,3123.54,14.519999999999982,0.00929714361954887,205.7,6.179999999999993,1.6600000000000819,9.930000000000064,5.795000000000073,8.269999999999982,1.4270920747036762,3.3200000000001637,19.860000000000127,11.590000000000146,0.0,0.0,0.0,7.592464717586463,2.9502995614924314,5.897793655261517,5.048957318100422
2025-04-14 09:08:18,1567.37,1549.54,99.76,105.94,1558.455,3116.91,17.829999999999927,0.011440817982270332,205.7,6.179999999999993,-1.6600000000000819,-4.970000000000027,-3.3150000000000546,3.3099999999999454,0.9984914031699812,-3.3200000000001637,-14.900000000000091,-9.110000000000127,0.0,0.0,0.0,7.576349015185469,2.903509514801622,3.4301938720782266,5.346452094613772
2025-04-14 09:08:19,1567.37,1549.54,99.76,105.94,1558.455,3116.91,17.829999999999927,0.011440817982270332,205.7,6.179999999999993,0.0,0.0,0.0,0.0,0.0,1.6600000000000819,4.970000000000027,3.3150000000000546,0.0,0.0,0.0,7.576349015185469,2.4841673660497534,3.389789078990449,5.256073153981004
2025-04-14 09:08:20,1567.37,1554.51,99.76,105.96,1560.94,3121.88,12.8599999999999,0.008238625438364879,205.72,6.199999999999989,0.0,4.970000000000027,2.4850000000001273,4.970000000000027,1.9999991951712583,0.0,4.970000000000027,2.4850000000001273,0.0,0.01999999999999602,0.01999999999999602,7.587691971671729,2.2973011344936065,3.809662714735139,4.587775059873767
2025-04-14 09:08:21,1567.37,1547.89,99.76,105.96,1557.63,3115.26,19.47999999999979,0.012506179251486943,205.72,6.199999999999989,0.0,-6.619999999999891,-3.3099999999999454,6.619999999999891,1.9999993957705753,0.0,-11.589999999999918,-5.795000000000073,0.0,0.0,0.0,7.571602140911909,1.7954769568410642,2.719748150112964,3.910075766529266
2025-04-14 09:08:22,1567.37,1552.85,99.76,105.96,1560.11,3120.22,14.519999999999982,0.00930703603636471,205.72,6.199999999999989,0.0,4.959999999999809,2.479999999999791,4.959999999999809,1.999999193548804,0.0,11.5799999999997,5.789999999999736,0.0,0.0,0.0,7.583657361541622,1.3598740759883665,2.719748150112964,2.9034389092934174
2025-04-14 09:08:23,1564.06,1549.54,99.76,106.13,1556.8,3113.6,14.519999999999982,0.009326824248890773,205.89,6.36999999999999,-3.3099999999999454,-3.3099999999999454,-3.3099999999999454,0.0,0.0,-3.3099999999999454,-8.269999999999754,-5.789999999999736,0.0,0.1700000000000017,0.1700000000000017,7.56131911427792,1.7163027129685489,2.7191395697983016,2.9021552336149745
2025-04-14 09:08:24,1565.72,1554.51,99.85,106.13,1560.115,3120.23,11.210000000000036,0.007185367740720824,205.98,6.280000000000001,1.6600000000000819,4.970000000000027,3.3150000000000546,3.3099999999999454,0.9984914031699812,4.970000000000027,8.279999999999973,6.625,0.0899999999999892,0.0,0.0899999999999892,7.574109100038309,1.794785503213462,3.0948861045348384,3.342002767802397
2025-04-14 09:08:25,1572.34,1556.16,99.85,106.13,1564.25,3128.5,16.179999999999836,0.010343615144418233,205.98,6.280000000000001,6.619999999999891,1.650000000000091,4.134999999999991,4.9699999999998,1.201934413075066,4.959999999999809,-3.3199999999999363,0.8199999999999363,0.0,0.0,0.0,7.594183864481097,2.902796927542305,3.0050823616071916,3.672833715266558
2025-04-14 09:08:26,1570.68,1554.51,99.85,106.13,1562.595,3125.19,16.170000000000073,0.010348170824591081,205.98,6.280000000000001,-1.6599999999998545,-1.650000000000091,-1.6549999999999727,0.009999999999763531,0.006042292421432794,-8.279999999999745,-3.300000000000182,-5.789999999999964,0.0,0.0,0.0,7.58614910386373,2.831363188034131,2.02695584560769,3.278823340773158
2025-04-14 09:08:27,1572.34,1554.51,99.85,106.13,1563.425,3126.85,17.829999999999927,0.011404448559154087,205.98,6.280000000000001,1.6599999999998545,0.0,0.8299999999999272,1.6599999999998545,1.999997590364349,3.319999999999709,1.650000000000091,2.4849999999999,0.0,0.0,0.0,7.5901786212730435,3.0189207512881597,2.5099342620959293,3.17307540093188
2025-04-14 09:08:28,1569.03,1554.51,99.85,106.13,1561.77,3123.54,14.519999999999982,0.00929714361954887,205.98,6.280000000000001,-3.3099999999999454,0.0,-1.6549999999999727,3.3099999999999454,1.9999987915415158,-4.9699999999998,0.0,-2.4849999999999,0.0,0.0,0.0,7.582143860655677,1.5909486171977596,2.5099342620959293,2.707130399518851
2025-04-14 09:08:29,1567.37,1546.23,99.85,106.13,1556.8,3113.6,21.139999999999873,0.013579136681924932,205.98,6.280000000000001,-1.6600000000000819,-8.279999999999973,-4.970000000000027,6.619999999999891,1.3319916837038572,1.6499999999998636,-8.279999999999973,-3.3150000000000546,0.0,0.0,0.0,7.558015304602314,2.9270689268549726,2.509934262095884,3.3826110476965883
2025-04-14 09:08:30,1570.68,1554.51,99.85,106.13,1562.595,3125.19,16.170000000000073,0.010348170824591081,205.98,6.280000000000001,3.310000000000173,8.279999999999973,5.795000000000073,4.9699999999998,0.8576357450153568,4.970000000000255,16.559999999999945,10.7650000000001,0.0,0.0,0.0,7.58614910386373,2.65738264135184,2.5109221413741,3.9969385159143083
2025-04-14 09:08:31,1560.75,1551.2,99.85,106.13,1555.975,3111.95,9.549999999999955,0.006137630742050691,205.98,6.280000000000001,-9.930000000000064,-3.3099999999999454,-6.620000000000118,6.620000000000118,0.999999848942621,-13.240000000000236,-11.589999999999918,-12.415000000000191,0.0,0.0,0.0,7.554010061394261,3.463175205292257,4.285600308013211,4.918596598624405
2025-04-14 09:08:32,1570.68,1551.2,99.85,106.13,1560.94,3121.88,19.480000000000018,0.012479659684241775,205.98,6.280000000000001,9.930000000000064,0.0,4.9650000000001455,9.930000000000064,1.999999597180297,19.860000000000127,3.3099999999999454,11.585000000000264,0.0,0.0,0.0,7.578114343246363,3.0188520173318225,4.533317769585871,5.6626524262045335
2025-04-14 09:08:33,1567.37,1557.82,99.85,106.28,1562.5949999999998,3125.1899999999996,9.549999999999955,0.006111628409081257,206.13,6.430000000000007,-3.310000000000173,6.619999999999891,1.6549999999997453,9.930000000000064,5.999996374625509,-13.240000000000236,6.619999999999891,-3.3100000000004,0.0,0.15000000000000568,0.15000000000000568,7.5806286926666235,3.1840410648339783,5.440254589634864,5.686858755059767
2025-04-14 09:08:34,1565.72,1557.82,99.85,106.28,1561.77,3123.54,7.900000000000091,0.005058363264079683,206.13,6.430000000000007,-1.6499999999998636,0.0,-0.8249999999998181,1.6499999999998636,1.9999975757607897,1.6600000000003092,-6.619999999999891,-2.4799999999995634,0.0,0.0,0.0,7.576626364058476,2.7695690102531607,5.0187099936182475,5.013410017143998
2025-04-14 09:08:35,1574.0,1554.51,99.91,106.28,1564.255,3128.51,19.49000000000001,0.012459605363281818,206.19,6.3700000000000045,8.279999999999973,-3.3099999999999454,2.4850000000001273,11.589999999999918,4.663982026566317,9.929999999999836,-3.3099999999999454,3.3099999999999454,0.060000000000002274,0.0,0.060000000000002274,7.5864736040231175,3.119652625302501,5.782242644514626,4.402254536030339
2025-04-14 09:08:36,1574.0,1557.82,99.91,106.28,1565.9099999999999,3131.8199999999997,16.180000000000064,0.010332650017987888,206.19,6.3700000000000045,0.0,3.3099999999999454,1.6549999999997453,3.3099999999999454,1.9999987915417905,-8.279999999999973,6.619999999999891,-0.830000000000382,0.0,0.0,0.0,7.594500181412773,1.994960526568789,5.490523654447111,2.076311633642509
2025-04-14 09:08:37,1572.34,1547.89,99.91,106.28,1560.115,3120.23,24.449999999999818,0.01567192161111706,206.19,6.3700000000000045,-1.6600000000000819,-9.929999999999836,-5.794999999999845,8.269999999999754,1.4270920747036928,-1.6600000000000819,-13.239999999999782,-7.449999999999591,0.0,0.0,0.0,7.566395035809714,2.2370778937191225,6.885610357843539,3.383038575008905
2025-04-14 09:08:38,1567.37,1554.51,99.91,106.28,1560.94,3121.88,12.8599999999999,0.008238625438364879,206.19,6.3700000000000045,-4.970000000000027,6.619999999999891,0.8250000000000455,11.589999999999918,14.048467820038132,-3.3099999999999454,16.549999999999727,6.619999999999891,0.0,0.0,0.0,7.570396199765284,2.4142716298223266,6.303366560818289,3.29050604010972
2025-04-14 09:08:39,1569.03,1554.51,99.91,106.28,1561.77,3123.54,14.519999999999982,0.00929714361954887,206.19,6.3700000000000045,1.6600000000000819,0.0,0.8299999999999272,1.6600000000000819,1.9999975903646228,6.630000000000109,-6.619999999999891,0.004999999999881766,0.0,0.0,0.0,7.574421613199371,2.4142716298223266,4.593881800834951,3.3115630750445577
2025-04-14 09:08:40,1570.68,1554.51,99.91,106.28,1562.595,3125.19,16.170000000000073,0.010348170824591081,206.19,6.3700000000000045,1.650000000000091,0.0,0.8250000000000455,1.650000000000091,1.9999975757605142,-0.009999999999990905,0.0,-0.004999999999881766,0.0,0.0,0.0,7.578422777154941,2.237077893718303,4.4726759328217085,3.0749016244423824
2025-04-14 09:08:41,1570.68,1547.89,99.91,106.28,1559.285,3118.57,22.789999999999964,0.014615673199821898,206.19,6.3700000000000045,0.0,-6.619999999999891,-3.3099999999999454,6.619999999999891,1.9999993957705753,-1.650000000000091,-6.619999999999891,-4.134999999999991,0.0,0.0,0.0,7.562369622375627,1.3083930993997046,5.155111056033854,3.074497926491194
2025-04-14 09:08:42,1567.37,1544.58,99.91,106.28,1555.975,3111.95,22.789999999999964,0.014646764880768135,206.19,6.3700000000000045,-3.310000000000173,-3.310000000000173,-3.310000000000173,0.0,0.0,-3.310000000000173,3.309999999999718,-2.2737367544323206e-13,0.0,0.0,0.0,7.546316467596312,2.6171802579403827,4.6801634586884875,2.265746565703943
2025-04-14 09:08:43,1565.72,1547.89,99.91,106.28,1556.805,3113.61,17.829999999999927,0.011452943681801499,206.19,6.3700000000000045,-1.6499999999998636,3.310000000000173,0.8300000000001546,4.960000000000036,5.975896414581563,1.6600000000003092,6.620000000000346,4.140000000000327,0.0,0.0,0.0,7.5503418810304,2.9256546280360314,3.8083592267592965,2.266659436262824
2025-04-14 09:08:44,1567.37,1552.85,99.91,106.28,1560.11,3120.22,14.519999999999982,0.00930703603636471,206.19,6.3700000000000045,1.6499999999998636,4.959999999999809,3.3049999999998363,3.3099999999999454,1.0015125562746,3.299999999999727,1.6499999999996362,2.4749999999996817,0.0,0.0,0.0,7.566370786331195,2.6549679852207224,3.8083592267592965,2.9005874405021923
2025-04-14 09:08:45,1567.37,1551.2,99.91,106.28,1559.2849999999999,3118.5699999999997,16.169999999999845,0.010370137588465039,206.19,6.3700000000000045,0.0,-1.6499999999998636,-0.8250000000000455,1.6499999999998636,1.9999975757602386,-1.6499999999998636,-6.609999999999673,-4.129999999999882,0.0,0.0,0.0,7.562369622375626,1.7928245877785545,3.808359226759336,2.829025008726329
2025-04-14 09:08:46,1567.37,1551.2,99.91,106.28,1559.2849999999999,3118.5699999999997,16.169999999999845,0.010370137588465039,206.19,6.3700000000000045,0.0,0.0,0.0,0.0,0.0,0.0,1.6499999999998636,0.8250000000000455,0.0,0.0,0.0,7.562369622375626,1.7928245877785192,3.182417320221078,2.4108426949925987
2025-04-14 09:08:47,1559.09,1562.78,99.91,106.38,1560.935,3121.87,3.6900000000000546,0.0023639677485840773,206.29,6.469999999999999,-8.279999999999973,11.579999999999927,1.650000000000091,19.8599999999999,12.036356341601493,-8.279999999999973,11.579999999999927,1.650000000000091,0.0,0.09999999999999432,0.09999999999999432,7.5667021786480095,1.5454384499384863,5.703690033657387,1.5886102416889372
2025-04-14 09:08:48,1567.37,1561.13,99.91,106.38,1564.25,3128.5,6.239999999999782,0.003989132169417068,206.29,6.469999999999999,8.279999999999973,-1.6499999999998636,3.3150000000000546,9.929999999999836,2.9954742095099434,16.559999999999945,-13.22999999999979,1.6649999999999636,0.0,0.0,0.0,7.582771789312271,2.060559997320268,5.943506540758852,1.886118368501588
2025-04-14 09:08:49,1580.62,1559.47,100.0,106.38,1570.045,3140.09,21.149999999999864,0.0134709514609638,206.38,6.3799999999999955,13.25,-1.6600000000000819,5.795000000000073,14.910000000000082,2.572907235046188,4.970000000000027,-0.010000000000218279,2.480000000000018,0.09000000000000341,0.0,0.09000000000000341,7.607544298829614,4.5489888989276785,7.389091960453793,2.6567616566036505
2025-04-14 09:08:50,1569.03,1559.47,100.0,106.38,1564.25,3128.5,9.559999999999945,0.00611155505442761,206.38,6.3799999999999955,-11.589999999999918,0.0,-5.795000000000073,11.589999999999918,1.9999996548749124,-24.839999999999918,1.6600000000000819,-11.590000000000146,0.0,0.0,0.0,7.579465027718457,4.1227245242159825,7.1983241105164915,4.357336629180677
2025-04-14 09:08:51,1574.0,1552.85,100.0,106.38,1563.425,3126.85,21.15000000000009,0.013527991420421253,206.38,6.3799999999999955,4.970000000000027,-6.620000000000118,-0.8250000000000455,11.590000000000146,14.048467820038407,16.559999999999945,-6.620000000000118,4.970000000000027,0.0,0.0,0.0,7.5754675473618205,3.34305511509689,8.291433531063484,4.419515810583742
2025-04-14 09:08:52,1572.34,1554.51,100.0,106.38,1563.425,3126.85,17.829999999999927,0.011404448559154087,206.38,6.3799999999999955,-1.6600000000000819,1.6600000000000819,0.0,3.3200000000001637,3320000.000000164,-6.630000000000109,8.2800000000002,0.8250000000000455,0.0,0.0,0.0,7.5754675473618205,2.8065579457010754,6.888615971299615,4.4043694213814115
2025-04-14 09:08:53,1572.34,1547.89,100.0,106.38,1560.115,3120.23,24.449999999999818,0.01567192161111706,206.38,6.3799999999999955,0.0,-6.619999999999891,-3.3099999999999454,6.619999999999891,1.9999993957705753,1.6600000000000819,-8.279999999999973,-3.3099999999999454,0.0,0.0,0.0,7.559429171627924,3.606989049411422,5.685113895080955,4.341115352072484
2025-04-14 09:08:54,1572.34,1556.16,100.0,106.38,1564.25,3128.5,16.179999999999836,0.010343615144418233,206.38,6.3799999999999955,0.0,8.269999999999982,4.134999999999991,8.269999999999982,1.9999995163241797,0.0,14.889999999999873,7.444999999999936,0.0,0.0,0.0,7.579465027718457,1.7150969367847213,5.611642362093547,3.728289487150793
2025-04-14 09:08:55,1567.37,1554.51,100.0,106.38,1560.94,3121.88,12.8599999999999,0.008238625438364879,206.38,6.3799999999999955,-4.970000000000027,-1.650000000000091,-3.3099999999999454,3.3199999999999363,1.0030208450088054,-4.970000000000027,-9.920000000000073,-7.444999999999936,0.0,0.0,0.0,7.563426651984559,1.7938624536361052,4.473972507743308,3.061855238249989
2025-04-14 09:08:56,1565.72,1547.89,100.0,106.38,1556.805,3113.61,17.829999999999927,0.011452943681801499,206.38,6.3799999999999955,-1.6499999999998636,-6.619999999999891,-4.134999999999991,4.970000000000027,1.2019344130751208,3.3200000000001637,-4.9699999999998,-0.8250000000000455,0.0,0.0,0.0,7.543390795894027,2.9483355478234894,4.220420595159056,3.4403404628029026
2025-04-14 09:08:57,1560.75,1554.51,100.0,106.38,1557.63,3115.26,6.240000000000009,0.004006086166800795,206.38,6.3799999999999955,-4.970000000000027,6.619999999999891,0.8250000000000455,11.589999999999918,14.048467820038132,-3.3200000000001637,13.239999999999782,4.960000000000036,0.0,0.0,0.0,7.547388276250663,2.9483355478226456,6.684128215410169,3.538109311482467
2025-04-14 09:08:58,1570.68,1551.2,100.0,106.38,1560.94,3121.88,19.480000000000018,0.012479659684241775,206.38,6.3799999999999955,9.930000000000064,-3.3099999999999454,3.3099999999999454,13.240000000000009,3.999998791541219,14.900000000000091,-9.929999999999836,2.4849999999999,0.0,0.0,0.0,7.563426651984559,2.982900434569586,5.235152337806718,3.763414340728229
2025-04-14 09:08:59,1570.68,1549.54,100.0,106.38,1560.1100000000001,3120.2200000000003,21.1400000000001,0.013550326570850627,206.38,6.3799999999999955,0.0,-1.6600000000000819,-0.8299999999999272,1.6600000000000819,1.9999975903646228,-9.930000000000064,1.6499999999998636,-4.139999999999873,0.0,0.0,0.0,7.559404944474248,1.9395940303454935,6.037292439499972,3.039409070855534
2025-04-14 09:09:00,1564.06,1547.89,100.0,106.38,1555.975,3111.95,16.169999999999845,0.01039219781140934,206.38,6.3799999999999955,-6.620000000000118,-1.6499999999998636,-4.135000000000218,4.970000000000255,1.2019344130751097,-6.620000000000118,0.010000000000218279,-3.305000000000291,0.0,0.0,0.0,7.539369088383714,2.140965320258065,5.852723297751509,3.2245864075876938
2025-04-14 09:09:01,1560.75,1552.85,100.0,106.38,1556.8,3113.6,7.900000000000091,0.005074511815856615,206.38,6.3799999999999955,-3.3099999999999454,4.959999999999809,0.8250000000000455,8.269999999999754,10.024230273659423,3.310000000000173,6.609999999999673,4.960000000000264,0.0,0.0,0.0,7.54336656874035,2.141834494667554,6.763385247052194,2.743377024763358
2025-04-14 09:09:02,1564.06,1547.89,100.0,106.38,1555.975,3111.95,16.169999999999845,0.01039219781140934,206.38,6.3799999999999955,3.3099999999999454,-4.959999999999809,-0.8250000000000455,8.269999999999754,10.024230273659423,6.619999999999891,-9.919999999999618,-1.650000000000091,0.0,0.0,0.0,7.539369088383714,2.383744428949232,5.100242151118222,2.718302319463273
2025-04-14 09:09:03,1569.03,1546.23,100.0,106.38,1557.63,3115.26,22.799999999999955,0.014637622532541316,206.38,6.3799999999999955,4.970000000000027,-1.6600000000000819,1.6550000000002,6.630000000000109,4.006039875504189,1.6600000000000819,3.299999999999727,2.4800000000002456,0.0,0.0,0.0,7.547388276250663,1.7150969367774889,5.805878917101425,2.2190189273640066
2025-04-14 09:09:04,1575.65,1554.51,100.08,106.38,1565.08,3130.16,21.1400000000001,0.013507296742973397,206.45999999999998,6.299999999999997,6.620000000000118,8.279999999999973,7.449999999999818,1.6599999999998545,0.22281876203773596,1.650000000000091,9.940000000000055,5.794999999999618,0.0799999999999983,0.0,0.0799999999999983,7.580548253508921,3.8561065211618843,5.805878917101425,4.235587916688686
2025-04-14 09:09:05,1574.0,1544.58,100.08,106.38,1559.29,3118.58,29.420000000000073,0.018867561506283315,206.45999999999998,6.299999999999997,-1.650000000000091,-9.930000000000064,-5.789999999999964,8.279999999999973,1.4300515664850533,-8.27000000000021,-18.210000000000036,-13.239999999999782,0.0,0.0,0.0,7.552504080439292,3.6368908428147635,8.025489393179885,4.767835724938362
2025-04-14 09:09:06,1572.34,1547.89,100.08,106.38,1560.115,3120.23,24.449999999999818,0.01567192161111706,206.45999999999998,6.299999999999997,-1.6600000000000819,3.310000000000173,0.8250000000000455,4.970000000000255,6.024235122139222,-0.009999999999990905,13.240000000000236,6.615000000000009,0.0,0.0,0.0,7.556500011835223,3.4428051792909593,4.828543258586682,4.767835724938362
2025-04-14 09:09:07,1570.68,1600.88,100.08,106.45,1585.7800000000002,3171.5600000000004,30.200000000000045,0.019044255811623164,206.53,6.3700000000000045,-1.6599999999998545,52.99000000000001,25.66500000000019,54.649999999999864,2.1293589663214685,2.2737367544323206e-13,49.679999999999836,24.840000000000146,0.0,0.07000000000000739,0.07000000000000739,7.678206518771092,11.628873763291933,4.025123600591942,11.973625912813556
2025-04-14 09:09:08,1564.06,1561.13,100.08,106.49,1562.595,3125.19,2.9299999999998363,0.001875085993571431,206.57,6.409999999999997,-6.620000000000118,-39.75,-23.185000000000173,33.12999999999988,1.4289410640956899,-4.960000000000264,-92.74000000000001,-48.850000000000364,0.0,0.03999999999999204,0.03999999999999204,7.564481737113416,10.973949038636187,11.090665895249222,17.89562397626869
2025-04-14 09:09:09,1564.06,1559.47,100.08,106.49,1561.7649999999999,3123.5299999999997,4.589999999999918,0.002938982495484875,206.57,6.409999999999997,0.0,-1.6600000000000819,-0.8300000000001546,1.6600000000000819,1.999997590364075,6.620000000000118,38.08999999999992,22.355000000000018,0.0,0.0,0.0,7.560463728709571,11.184739268422033,13.484122885825567,17.528064853257572
2025-04-14 09:09:10,1570.68,1557.82,100.08,106.49,1564.25,3128.5,12.860000000000127,0.008221192259407982,206.57,6.409999999999997,6.620000000000118,-1.650000000000091,2.4850000000001273,8.27000000000021,3.3279664676190412,6.620000000000118,0.009999999999990905,3.315000000000282,0.0,0.0,0.0,7.572493549051201,10.658498604521432,12.030948840388444,17.312285233325028
2025-04-14 09:09:11,1570.68,1557.82,100.08,106.49,1564.25,3128.5,12.860000000000127,0.008221192259407982,206.57,6.409999999999997,0.0,0.0,0.0,0.0,0.0,-6.620000000000118,1.650000000000091,-2.4850000000001273,0.0,0.0,0.0,7.572493549051201,10.148555685544054,10.811168761981522,17.318205233222173
2025-04-14 09:09:12,1567.37,1557.82,100.08,106.49,1562.5949999999998,3125.1899999999996,9.549999999999955,0.006111628409081257,206.57,6.409999999999997,-3.310000000000173,0.0,-1.6550000000002,3.310000000000173,1.9999987915413784,-3.310000000000173,0.0,-1.6550000000002,0.0,0.0,0.0,7.564481737113415,1.110953420521721,4.6210896983336225,10.483779495010394
2025-04-14 09:09:13,1569.03,1551.2,100.08,106.49,1560.115,3120.23,17.829999999999927,0.011428644675918942,206.57,6.409999999999997,1.6600000000000819,-6.619999999999891,-2.479999999999791,8.279999999999973,3.338708331166266,4.970000000000255,-6.619999999999891,-0.8249999999995907,0.0,0.0,0.0,7.55247612164169,1.754804120854228,4.88137992785277,1.9054835344340253
2025-04-14 09:09:14,1567.37,1557.82,100.08,106.49,1562.5949999999998,3125.1899999999996,9.549999999999955,0.006111628409081257,206.57,6.409999999999997,-1.6600000000000819,6.619999999999891,2.479999999999791,8.279999999999973,3.338708331166266,-3.3200000000001637,13.239999999999782,4.959999999999582,0.0,0.0,0.0,7.564481737113415,1.6948945402495101,3.3936926790803428,2.295499401001642
2025-04-14 09:09:15,1570.68,1554.51,100.08,106.49,1562.595,3125.19,16.170000000000073,0.010348170824591081,206.57,6.409999999999997,3.310000000000173,-3.3099999999999454,2.2737367544323206e-13,6.620000000000118,6619998.494786729,4.970000000000255,-9.929999999999836,-2.4799999999995634,0.0,0.0,0.0,7.564481737113416,1.4792988212549454,3.7755158587991042,1.9034192916955315
2025-04-14 09:09:16,1560.75,1554.51,100.08,106.49,1557.63,3115.26,6.240000000000009,0.004006086166800795,206.57,6.409999999999997,-9.930000000000064,0.0,-4.964999999999918,9.930000000000064,1.9999995971803888,-13.240000000000236,3.3099999999999454,-4.9650000000001455,0.0,0.0,0.0,7.540446301300062,2.2201362576564807,4.911040622927449,2.7805651403983593
2025-04-14 09:09:17,1565.72,1557.82,100.08,106.49,1561.77,3123.54,7.900000000000091,0.005058363264079683,206.57,6.409999999999997,4.970000000000027,3.3099999999999454,4.139999999999873,1.6600000000000819,0.40096608672319956,14.900000000000091,3.3099999999999454,9.10499999999979,0.0,0.0,0.0,7.560487933579475,2.1097197687276914,5.155111056033947,3.672720381406418
2025-04-14 09:09:18,1560.75,1557.82,100.08,106.49,1559.2849999999999,3118.5699999999997,2.9300000000000637,0.0018790663657516089,206.57,6.409999999999997,-4.970000000000027,0.0,-2.4850000000001273,4.970000000000027,1.9999991951712583,-9.940000000000055,-3.3099999999999454,-6.625,0.0,0.0,0.0,7.548458113237846,2.220695274584024,4.9093553548346875,3.6735088811650494
2025-04-14 09:09:19,1567.37,1556.16,100.08,106.49,1561.7649999999999,3123.5299999999997,11.209999999999809,0.007177776421434744,206.57,6.409999999999997,6.619999999999891,-1.6599999999998545,2.480000000000018,8.279999999999745,3.338708331165868,11.589999999999918,-1.6599999999998545,4.9650000000001455,0.0,0.0,0.0,7.560463728709571,2.0770092687706536,5.047400320961648,3.6735088811650902
2025-04-14 09:09:20,1570.68,1552.85,100.08,106.49,1561.7649999999999,3123.5299999999997,17.830000000000155,0.011416570347384905,206.57,6.409999999999997,3.310000000000173,-3.310000000000173,0.0,6.620000000000346,6620000.0000003455,-3.309999999999718,-1.6500000000003183,-2.480000000000018,0.0,0.0,0.0,7.560463728709571,1.9046147911213864,5.663017746753414,3.6735088811650876
2025-04-14 09:09:21,1567.37,1547.89,100.08,106.49,1557.63,3115.26,19.47999999999979,0.012506179251486943,206.57,6.409999999999997,-3.310000000000173,-4.959999999999809,-4.1349999999997635,1.6499999999996362,0.3990325516244689,-6.620000000000346,-1.6499999999996362,-4.1349999999997635,0.0,0.0,0.0,7.540446301300062,1.9046147911213864,6.883926931631601,3.411870821118306
2025-04-14 09:09:22,1572.34,1541.27,100.15,106.49,1556.8049999999998,3113.6099999999997,31.069999999999936,0.01995754123351505,206.64,6.339999999999989,4.970000000000027,-6.620000000000118,-0.8250000000002728,11.590000000000146,14.048467820034535,8.2800000000002,-1.6600000000003092,3.3099999999994907,0.07000000000000739,0.0,0.07000000000000739,7.533899498964868,2.2942373466044867,10.42908337295481,2.5086963746134714
2025-04-14 09:09:23,1569.03,1556.16,100.15,106.49,1562.595,3125.19,12.86999999999989,0.008236299227735652,206.64,6.339999999999989,-3.3099999999999454,14.8900000000001,5.790000000000191,18.200000000000045,3.1433500615974754,-8.279999999999973,21.51000000000022,6.615000000000464,0.0,0.0,0.0,7.561919243312432,2.679863802986498,7.8143278661727065,3.7169251404890096
2025-04-14 09:09:24,1570.68,1539.62,100.15,106.49,1555.15,3110.3,31.060000000000173,0.019972349921247353,206.64,6.339999999999989,1.650000000000091,-16.54000000000019,-7.444999999999936,18.190000000000282,2.4432501755205185,4.960000000000036,-31.43000000000029,-13.235000000000127,0.0,0.0,0.0,7.5258904010555066,3.235122486483697,8.221579531941739,4.949225444450789
2025-04-14 09:09:25,1569.03,1551.2,100.15,106.49,1560.115,3120.23,17.829999999999927,0.011428644675918942,206.64,6.339999999999989,-1.650000000000091,11.580000000000155,4.964999999999918,13.230000000000246,2.6646520312887074,-3.300000000000182,28.120000000000346,12.409999999999854,0.0,0.0,0.0,7.549917694783597,2.9249474358612835,8.22157953194177,5.719215418219428
2025-04-14 09:09:26,1570.68,1546.23,100.15,106.49,1558.455,3116.91,24.450000000000045,0.01568861467563159,206.64,6.339999999999989,1.650000000000091,-4.970000000000027,-1.6600000000000819,6.620000000000118,3.9879494048496307,3.300000000000182,-16.550000000000182,-6.625,0.0,0.0,0.0,7.541884400203812,2.8895466776904795,8.069961586032706,5.40609493997279
2025-04-14 09:09:27,1569.03,1551.2,100.15,106.49,1560.115,3120.23,17.829999999999927,0.011428644675918942,206.64,6.339999999999989,-1.650000000000091,4.970000000000027,1.6600000000000819,6.620000000000118,3.9879494048496307,-3.300000000000182,9.940000000000055,3.3200000000001637,0.0,0.0,0.0,7.549917694783597,2.7441310104574352,7.055431949926539,5.406554586795485
2025-04-14 09:09:28,1570.68,1552.85,100.15,106.49,1561.7649999999999,3123.5299999999997,17.830000000000155,0.011416570347384905,206.64,6.339999999999989,1.650000000000091,1.6499999999998636,1.6499999999998636,2.2737367544323206e-13,1.3780214402491323e-13,3.300000000000182,-3.3200000000001637,-0.010000000000218279,0.0,0.0,0.0,7.557902596022538,2.508944001478176,5.917195281553863,4.695081735177637
2025-04-14 09:09:29,1567.37,1551.2,100.15,106.49,1559.2849999999999,3118.5699999999997,16.169999999999845,0.010370137588465039,206.64,6.339999999999989,-3.310000000000173,-1.6499999999998636,-2.480000000000018,1.6600000000003092,0.6693545688087613,-4.960000000000264,-3.299999999999727,-4.129999999999882,0.0,0.0,0.0,7.545901047493704,1.227383396725009,3.227215518065554,2.9839436992006156
2025-04-14 09:09:30,1572.34,1554.51,100.15,106.49,1563.425,3126.85,17.829999999999927,0.011404448559154087,206.64,6.339999999999989,4.970000000000027,3.3099999999999454,4.1400000000001,1.6600000000000819,0.4009660867231775,8.2800000000002,4.959999999999809,6.620000000000118,0.0,0.0,0.0,7.565935890602324,1.9939232689745665,3.227215518065554,2.7079734119816203
2025-04-14 09:09:31,1570.68,1542.93,100.15,106.49,1556.805,3113.61,27.75,0.01782496843353858,206.64,6.339999999999989,-1.6599999999998545,-11.579999999999927,-6.619999999999891,9.920000000000073,1.4984891996240237,-6.629999999999882,-14.889999999999873,-10.759999999999991,0.0,0.0,0.0,7.533899498964869,2.5094381846455343,4.677512159261904,4.2440546650578055
2025-04-14 09:09:32,1567.37,1544.58,100.15,106.49,1555.975,3111.95,22.789999999999964,0.014646764880768135,206.64,6.339999999999989,-3.310000000000173,1.6499999999998636,-0.8300000000001546,4.960000000000036,5.975896414581563,-1.6500000000003183,13.22999999999979,5.789999999999736,0.0,0.0,0.0,7.5298828516749765,3.172487983043422,4.764711953522771,4.0956647812044915
2025-04-14 09:09:33,1565.72,1561.13,100.15,106.59,1563.4250000000002,3126.8500000000004,4.589999999999918,0.0029358619678360363,206.74,6.439999999999998,-1.6499999999998636,16.550000000000182,7.450000000000273,18.200000000000045,2.4429526922210316,1.6600000000003092,14.900000000000318,8.280000000000427,0.0,0.10000000000000853,0.10000000000000853,7.562276252480042,3.5406807258712654,8.675556466304826,5.539735553255227
2025-04-14 09:09:34,1564.06,1561.13,100.15,106.59,1562.595,3125.19,2.9299999999998363,0.001875085993571431,206.74,6.439999999999998,-1.6600000000000819,0.0,-0.8300000000001546,1.6600000000000819,1.999997590364075,-0.010000000000218279,-16.550000000000182,-8.280000000000427,0.0,0.0,0.0,7.558261548039752,3.728733029134401,11.013061336433408,5.377106099009024
2025-04-14 09:09:35,1560.75,1552.85,100.15,106.59,1556.8,3113.6,7.900000000000091,0.005074511815856615,206.74,6.439999999999998,-3.3099999999999454,-8.2800000000002,-5.795000000000073,4.970000000000255,0.8576357450154353,-1.6499999999998636,-8.2800000000002,-4.964999999999918,0.0,0.0,0.0,7.530231171857254,3.57915143610256,11.306693592737188,5.601531040706641
2025-04-14 09:09:36,1569.03,1561.13,100.15,106.59,1565.08,3130.16,7.899999999999864,0.005047665291839521,206.74,6.439999999999998,8.279999999999973,8.2800000000002,8.279999999999973,2.2737367544323206e-13,2.7460585505150642e-14,11.589999999999918,16.5600000000004,14.075000000000045,0.0,0.0,0.0,7.57028147639411,4.114260261888894,7.884013571782101,6.027553400841878
2025-04-14 09:09:37,1569.03,1561.13,100.15,106.59,1565.08,3130.16,7.899999999999864,0.005047665291839521,206.74,6.439999999999998,0.0,0.0,0.0,0.0,0.0,-8.279999999999973,-8.2800000000002,-8.279999999999973,0.0,0.0,0.0,7.57028147639411,3.4139921649824383,2.342291612939005,5.952974466600734
2025-04-14 09:09:38,1567.37,1554.51,100.15,106.59,1560.94,3121.88,12.8599999999999,0.008238625438364879,206.74,6.439999999999998,-1.6600000000000819,-6.620000000000118,-4.139999999999873,4.960000000000036,1.19806734346204,-1.6600000000000819,-6.620000000000118,-4.139999999999873,0.0,0.0,0.0,7.550256324125683,3.4438866129070114,3.5107862367344707,5.448253848711431
2025-04-14 09:09:39,1560.75,1552.85,100.15,106.59,1556.8,3113.6,7.900000000000091,0.005074511815856615,206.74,6.439999999999998,-6.619999999999891,-1.6600000000000819,-4.1400000000001,4.959999999999809,1.1980673434619191,-4.959999999999809,4.960000000000036,-2.2737367544323206e-13,0.0,0.0,0.0,7.530231171857254,4.140000000308847,2.2181794336896554,5.694366075341401
2025-04-14 09:09:40,1565.72,1557.82,100.15,106.59,1561.77,3123.54,7.900000000000091,0.005058363264079683,206.74,6.439999999999998,4.970000000000027,4.970000000000027,4.970000000000027,0.0,0.0,11.589999999999918,6.630000000000109,9.110000000000127,0.0,0.0,0.0,7.554271028565971,3.4339306927426376,2.2181794336896554,5.5362062822838345
2025-04-14 09:09:41,1583.94,1551.2,100.23,106.59,1567.5700000000002,3135.1400000000003,32.74000000000001,0.020885829646595796,206.82,6.359999999999999,18.220000000000027,-6.619999999999891,5.800000000000182,24.839999999999918,4.282757882282975,13.25,-11.589999999999918,0.8300000000001546,0.0799999999999983,0.0,0.0799999999999983,7.579392671988239,4.116876243289546,10.770552446371697,4.779646430438089
2025-04-14 09:09:42,1575.65,1554.51,100.23,106.59,1565.08,3130.16,21.1400000000001,0.013507296742973397,206.82,6.359999999999999,-8.289999999999964,3.3099999999999454,-2.4900000000002365,11.599999999999909,4.658632667215317,-26.50999999999999,9.929999999999836,-8.290000000000418,0.0,0.0,0.0,7.5673532174482485,4.116876243289546,10.564521759173141,4.970417487495382
2025-04-14 09:09:43,1572.34,1549.54,100.23,106.59,1560.94,3121.88,22.799999999999955,0.014606583203321952,206.82,6.359999999999999,-3.310000000000173,-4.970000000000027,-4.139999999999873,1.6599999999998545,0.40096608672314465,4.979999999999791,-8.279999999999973,-1.6499999999996362,0.0,0.0,0.0,7.547335811104653,4.116876243289546,10.641394645442013,4.970417487495382
2025-04-14 09:09:44,1564.06,1557.82,100.23,106.59,1560.94,3121.88,6.240000000000009,0.003997591192488127,206.82,6.359999999999999,-8.279999999999973,8.279999999999973,0.0,16.559999999999945,16559999.999999946,-4.9699999999998,13.25,4.139999999999873,0.0,0.0,0.0,7.547335811104653,2.9526852190106503,11.071814666080826,4.423027243868128
2025-04-14 09:09:45,1564.06,1551.2,100.23,106.59,1557.63,3115.26,12.8599999999999,0.00825613270914387,206.82,6.359999999999999,0.0,-6.619999999999891,-3.3099999999999454,6.619999999999891,1.9999993957705753,8.279999999999973,-14.899999999999864,-3.3099999999999454,0.0,0.0,0.0,7.531331556274386,3.9026362887875337,10.102013660654151,4.015839887246448
2025-04-14 09:09:46,1574.0,1554.51,100.23,106.59,1564.255,3128.51,19.49000000000001,0.012459605363281818,206.82,6.359999999999999,9.940000000000055,3.3099999999999454,6.625,6.630000000000109,1.0007545659238555,9.940000000000055,9.929999999999836,9.934999999999945,0.0,0.0,0.0,7.563364241546446,2.985327453154714,6.86798223643912,4.358571440277075
2025-04-14 09:09:47,1564.06,1554.51,100.23,106.59,1559.2849999999999,3118.5699999999997,9.549999999999955,0.006124601977108323,206.82,6.359999999999999,-9.940000000000055,0.0,-4.970000000000255,9.940000000000055,1.9999995975855025,-19.88000000000011,-3.3099999999999454,-11.595000000000255,0.0,0.0,0.0,7.539333683689518,2.456616067389453,6.868825954997208,4.742647467396166
2025-04-14 09:09:48,1567.37,1547.89,100.23,106.59,1557.63,3115.26,19.47999999999979,0.012506179251486943,206.82,6.359999999999999,3.3099999999999454,-6.619999999999891,-1.6549999999997453,9.929999999999836,5.999996374625372,13.25,-6.619999999999891,3.3150000000005093,0.0,0.0,0.0,7.531331556274386,2.7712871562784165,5.923624734910451,4.4748025096085975
2025-04-14 09:09:49,1572.34,1554.51,100.23,106.59,1563.425,3126.85,17.829999999999927,0.011404448559154087,206.82,6.359999999999999,4.970000000000027,6.619999999999891,5.794999999999845,1.6499999999998636,0.2847281648441316,1.6600000000000819,13.239999999999782,7.449999999999591,0.0,0.0,0.0,7.559351090033116,3.1855356696409944,4.44344123400355,5.353354789288582
2025-04-14 09:09:50,1567.37,1554.51,100.23,106.59,1560.94,3121.88,12.8599999999999,0.008238625438364879,206.82,6.359999999999999,-4.970000000000027,0.0,-2.4849999999999,4.970000000000027,1.9999991951714413,-9.940000000000055,-6.619999999999891,-8.279999999999745,0.0,0.0,0.0,7.547335811104653,2.771287156279059,4.44344123400355,5.2176762068950735
2025-04-14 09:09:51,1567.37,1554.51,100.23,106.59,1560.94,3121.88,12.8599999999999,0.008238625438364879,206.82,6.359999999999999,0.0,0.0,0.0,0.0,0.0,4.970000000000027,0.0,2.4849999999999,0.0,0.0,0.0,7.547335811104653,2.158718949413097,4.054926633127033,4.031108098277555
2025-04-14 09:09:52,1569.03,1552.85,100.23,106.59,1560.94,3121.88,16.180000000000064,0.010365548957445202,206.82,6.359999999999999,1.6600000000000819,-1.6600000000000819,0.0,3.3200000000001637,3320000.000000164,1.6600000000000819,-1.6600000000000819,0.0,0.0,0.0,0.0,7.547335811104653,2.06126175013172,2.9616752016456815,3.2383819262091786
2025-04-14 09:09:53,1569.03,1554.51,100.23,106.59,1561.77,3123.54,14.519999999999982,0.00929714361954887,206.82,6.359999999999999,0.0,1.6600000000000819,0.8299999999999272,1.6600000000000819,1.9999975903646228,-1.6600000000000819,3.3200000000001637,0.8299999999999272,0.0,0.0,0.0,7.551348962617983,1.0800787020207976,2.1609257275629323,3.042130421267069
2025-04-14 09:09:54,1569.03,1554.51,100.23,106.59,1561.77,3123.54,14.519999999999982,0.00929714361954887,206.82,6.359999999999999,0.0,0.0,0.0,0.0,0.0,0.0,-1.6600000000000819,-0.8299999999999272,0.0,0.0,0.0,7.551348962617983,0.4546097255425856,1.388855644062234,1.256614499358858
2025-04-14 09:09:55,1569.03,1539.62,100.23,106.59,1554.3249999999998,3108.6499999999996,29.410000000000082,0.018921396735611076,206.82,6.359999999999999,0.0,-14.8900000000001,-7.445000000000164,14.8900000000001,1.9999997313633366,0.0,-14.8900000000001,-7.445000000000164,0.0,0.0,0.0,7.515351477055645,3.1711835334074023,6.761672869937118,3.4411219100751795
2025-04-14 09:09:56,1569.03,1547.89,100.23,106.59,1558.46,3116.92,21.139999999999873,0.01356467280933434,206.82,6.359999999999999,0.0,8.27000000000021,4.135000000000218,8.27000000000021,1.9999995163241249,0.0,23.16000000000031,11.580000000000382,0.0,0.0,0.0,7.535344707787716,3.1713790379821374,6.342758075162807,4.24220078497
2025-04-14 09:09:57,1564.06,1554.51,100.23,106.59,1559.2849999999999,3118.5699999999997,9.549999999999955,0.006124601977108323,206.82,6.359999999999999,-4.970000000000027,6.619999999999891,0.8249999999998181,11.589999999999918,14.048467820042005,-4.970000000000027,-1.6500000000003183,-3.3100000000004,0.0,0.0,0.0,7.539333683689518,3.0618552386667997,7.673380610920027,4.28217147017725
2025-04-14 09:09:58,1564.06,1552.85,100.23,106.59,1558.455,3116.91,11.210000000000036,0.007193021288909218,206.82,6.359999999999999,0.0,-1.6600000000000819,-0.8299999999999272,1.6600000000000819,1.9999975903646228,4.970000000000027,-8.279999999999973,-1.6549999999997453,0.0,0.0,0.0,7.535320532176189,2.6802504551905684,8.157617912114008,4.233731510145629
2025-04-14 09:09:59,1567.37,1554.51,100.23,106.59,1560.94,3121.88,12.8599999999999,0.008238625438364879,206.82,6.359999999999999,3.3099999999999454,1.6600000000000819,2.4850000000001273,1.6499999999998636,0.6639836362237999,3.3099999999999454,3.3200000000001637,3.3150000000000546,0.0,0.0,0.0,7.547335811104653,2.43874096667702,8.324303574476577,4.47026900756545
2025-04-14 09:10:00,1562.4,1552.85,100.23,106.59,1557.625,3115.25,9.550000000000182,0.0061311291189272464,206.82,6.359999999999999,-4.9699999999998,-1.6600000000000819,-3.3150000000000546,3.309999999999718,0.9984914031699126,-8.279999999999745,-3.3200000000001637,-5.800000000000182,0.0,0.0,0.0,7.53130738066286,1.2562871895193455,4.826828151078382,2.891980290389206
2025-04-14 09:10:01,1569.03,1554.51,100.23,106.59,1561.77,3123.54,14.519999999999982,0.00929714361954887,206.82,6.359999999999999,6.629999999999882,1.6600000000000819,4.144999999999982,4.9699999999998,1.1990346926333242,11.599999999999682,3.3200000000001637,7.460000000000036,0.0,0.0,0.0,7.551348962617983,1.7185931754060784,2.1593911178949186,2.8949861830411603
2025-04-14 09:10:02,1574.0,1554.51,100.32,106.59,1564.255,3128.51,19.49000000000001,0.012459605363281818,206.91,6.27000000000001,4.970000000000027,0.0,2.4850000000001273,4.970000000000027,1.9999991951712583,-1.6599999999998545,-1.6600000000000819,-1.6599999999998545,0.0899999999999892,0.0,0.0899999999999892,7.560074391957497,2.6596414236801076,3.813571816557687,3.011204908338077
2025-04-14 09:10:03,1574.0,1552.85,100.32,106.59,1563.425,3126.85,21.15000000000009,0.013527991420421253,206.91,6.27000000000001,0.0,-1.6600000000000819,-0.8300000000001546,1.6600000000000819,1.999997590364075,-4.970000000000027,-1.6600000000000819,-3.315000000000282,0.0,0.0,0.0,7.556062986051602,2.580926675160999,4.7742570102627555,3.011204908338111
2025-04-14 09:10:04,1569.03,1552.85,100.32,106.59,1560.94,3121.88,16.180000000000064,0.010365548957445202,206.91,6.27000000000001,-4.970000000000027,0.0,-2.4849999999999,4.970000000000027,1.9999991951714413,-4.970000000000027,1.6600000000000819,-1.6549999999997453,0.0,0.0,0.0,7.544052933429739,2.580926675160999,4.537881664393945,3.209735191569427
2025-04-14 09:10:05,1574.0,1556.16,100.32,106.7,1565.08,3130.16,17.839999999999918,0.011398778329926355,207.01999999999998,6.38000000000001,4.970000000000027,3.310000000000173,4.139999999999873,1.6599999999998545,0.40096608672314465,9.940000000000055,3.310000000000173,6.624999999999773,0.0,0.10999999999999943,0.10999999999999943,7.560042471451829,1.7171466165011786,2.6199484727839644,3.0101731677760637
2025-04-14 09:10:06,1574.0,1561.13,100.32,106.7,1567.565,3135.13,12.86999999999989,0.008210185856273713,207.01999999999998,6.38000000000001,0.0,4.970000000000027,2.4850000000001273,4.970000000000027,1.9999991951712583,-4.970000000000027,1.6599999999998545,-1.6549999999997453,0.0,0.0,0.0,7.572046142536731,2.414271629822309,3.1850164834806285,2.7220291144657267
2025-04-14 09:10:07,1560.75,1554.51,100.32,106.7,1557.63,3115.26,6.240000000000009,0.004006086166800795,207.01999999999998,6.38000000000001,-13.25,-6.620000000000118,-9.934999999999945,6.629999999999882,0.6673376278472362,-13.25,-11.590000000000146,-12.420000000000073,0.0,0.0,0.0,7.524055610452829,3.8210217877631147,5.6668183313075735,5.479622477871865
2025-04-14 09:10:08,1572.34,1557.82,100.32,106.7,1565.08,3130.16,14.519999999999982,0.009277481017406459,207.01999999999998,6.38000000000001,11.589999999999918,3.3099999999999454,7.449999999999818,8.279999999999973,1.1114092467907286,24.839999999999918,9.930000000000064,17.384999999999764,0.0,0.0,0.0,7.560042471451829,3.9445253203093342,4.476561180196619,6.766627114005759
2025-04-14 09:10:09,1570.68,1554.51,100.32,106.7,1562.595,3125.19,16.170000000000073,0.010348170824591081,207.01999999999998,6.38000000000001,-1.6599999999998545,-3.3099999999999454,-2.4849999999999,1.650000000000091,0.6639836362239522,-13.249999999999773,-6.619999999999891,-9.934999999999718,0.0,0.0,0.0,7.548038800366927,3.7667110988981625,4.47508323945414,6.766627114005759
2025-04-14 09:10:10,1567.37,1557.82,100.32,106.7,1562.5949999999998,3125.1899999999996,9.549999999999955,0.006111628409081257,207.01999999999998,6.38000000000001,-3.310000000000173,3.3099999999999454,-2.2737367544323206e-13,6.620000000000118,6619998.494786729,-1.6500000000003183,6.619999999999891,2.4849999999996726,0.0,0.0,0.0,7.5480388003669265,3.6839968108782197,3.9872233446401975,6.4288826789729265
2025-04-14 09:10:11,1567.37,1547.89,100.32,106.7,1557.63,3115.26,19.47999999999979,0.012506179251486943,207.01999999999998,6.38000000000001,0.0,-9.929999999999836,-4.964999999999691,9.929999999999836,1.9999995971804345,3.310000000000173,-13.239999999999782,-4.964999999999463,0.0,0.0,0.0,7.524055610452829,3.331368713089695,5.2859597047312965,6.4283032364689525
2025-04-14 09:10:12,1560.75,1554.51,100.32,106.7,1557.63,3115.26,6.240000000000009,0.004006086166800795,207.01999999999998,6.38000000000001,-6.619999999999891,6.619999999999891,0.0,13.239999999999782,13239999.999999782,-6.619999999999891,16.549999999999727,4.964999999999691,0.0,0.0,0.0,7.524055610452829,3.331368713089695,5.2859597047312965,4.645668681685931
2025-04-14 09:10:13,1572.34,1559.47,100.32,106.7,1565.905,3131.81,12.86999999999989,0.008218889390979018,207.01999999999998,6.38000000000001,11.589999999999918,4.960000000000036,8.274999999999864,6.629999999999882,0.8012083623917376,18.20999999999981,-1.6599999999998545,8.274999999999864,0.0,0.0,0.0,7.564027593642994,3.5879545011822143,5.233571438324216,4.979105090274518
2025-04-14 09:10:14,1567.37,1557.82,100.32,106.7,1562.5949999999998,3125.1899999999996,9.549999999999955,0.006111628409081257,207.01999999999998,6.38000000000001,-4.970000000000027,-1.650000000000091,-3.310000000000173,3.3199999999999363,1.0030208450087366,-16.559999999999945,-6.610000000000127,-11.585000000000036,0.0,0.0,0.0,7.5480388003669265,3.5879545011821907,5.0205248729632705,5.101052587456635
2025-04-14 09:10:15,1570.68,1554.51,100.32,106.7,1562.595,3125.19,16.170000000000073,0.010348170824591081,207.01999999999998,6.38000000000001,3.310000000000173,-3.3099999999999454,2.2737367544323206e-13,6.620000000000118,6619998.494786729,8.2800000000002,-1.6599999999998545,3.3100000000004,0.0,0.0,0.0,7.548038800366927,3.5879545011822143,5.233571438324216,5.101052587456635
2025-04-14 09:10:16,1564.06,1557.82,100.32,106.7,1560.94,3121.88,6.240000000000009,0.003997591192488127,207.01999999999998,6.38000000000001,-6.620000000000118,3.3099999999999454,-1.6549999999999727,9.930000000000064,5.9999963746246845,-9.930000000000291,6.619999999999891,-1.6550000000002,0.0,0.0,0.0,7.540044403728895,3.0064568020440006,4.317247966013062,4.4715637645010515
2025-04-14 09:10:17,1564.06,1559.47,100.32,106.7,1561.7649999999999,3123.5299999999997,4.589999999999918,0.002938982495484875,207.01999999999998,6.38000000000001,0.0,1.650000000000091,0.8249999999998181,1.650000000000091,1.9999975757610653,6.620000000000118,-1.6599999999998545,2.479999999999791,0.0,0.0,0.0,7.544029525920059,1.8873195284743842,4.739375486289748,4.456224018156944
2025-04-14 09:10:18,1569.03,1552.85,100.32,106.7,1560.94,3121.88,16.180000000000064,0.010365548957445202,207.01999999999998,6.38000000000001,4.970000000000027,-6.620000000000118,-0.8249999999998181,11.590000000000146,14.04846782004228,4.970000000000027,-8.27000000000021,-1.6499999999996362,0.0,0.0,0.0,7.540044403728895,0.8275007568313112,5.440103859306774,1.5910790363772607
2025-04-14 09:10:19,1569.03,1557.82,100.32,106.7,1563.425,3126.85,11.210000000000036,0.007170155263495135,207.01999999999998,6.38000000000001,0.0,4.970000000000027,2.4849999999999,4.970000000000027,1.9999991951714413,-4.970000000000027,11.590000000000146,3.309999999999718,0.0,0.0,0.0,7.552048074813796,1.0798877268295464,5.414717905860322,1.5919893215718413
2025-04-14 09:10:20,1569.03,1547.89,100.32,106.7,1558.46,3116.92,21.139999999999873,0.01356467280933434,207.01999999999998,6.38000000000001,0.0,-9.929999999999836,-4.964999999999918,9.929999999999836,1.9999995971803428,0.0,-14.899999999999864,-7.449999999999818,0.0,0.0,0.0,7.528064884899697,1.7936324881518524,6.88548981555005,2.806558390626952
2025-04-14 09:10:21,1570.68,1552.85,100.32,106.7,1561.7649999999999,3123.5299999999997,17.830000000000155,0.011416570347384905,207.01999999999998,6.38000000000001,1.650000000000091,4.959999999999809,3.3049999999998363,3.309999999999718,1.0015125562745313,1.650000000000091,14.889999999999645,8.269999999999754,0.0,0.0,0.0,7.544029525920059,1.8123927561526065,6.452762974109897,3.2777507531840104
2025-04-14 09:10:22,1555.78,1549.54,100.32,106.7,1552.6599999999999,3105.3199999999997,6.240000000000009,0.004018909481780364,207.01999999999998,6.38000000000001,-14.900000000000091,-3.3099999999999454,-9.105000000000018,11.590000000000146,1.2729268234017903,-16.550000000000182,-8.269999999999754,-12.409999999999854,0.0,0.0,0.0,7.500048268283025,4.197146352290785,5.853430618025904,5.214185458918622
2025-04-14 09:10:23,1628.72,1556.16,100.36,106.7,1592.44,3184.88,72.55999999999995,0.04556529599509849,207.06,6.340000000000003,72.94000000000005,6.620000000000118,39.7800000000002,66.31999999999994,1.667169389965566,87.84000000000015,9.930000000000064,48.88500000000022,0.04000000000000625,0.0,0.04000000000000625,7.690717629234436,15.47687105013715,26.773100866355392,19.42066489592987
2025-04-14 09:10:24,1574.0,1552.85,100.38,106.7,1563.425,3126.85,21.15000000000009,0.013527991420421253,207.07999999999998,6.320000000000007,-54.72000000000003,-3.310000000000173,-29.0150000000001,51.409999999999854,1.7718420895453244,-127.66000000000008,-9.930000000000291,-68.7950000000003,0.01999999999999602,0.0,0.01999999999999602,7.549859921045684,15.47687105013715,25.769501935428234,25.213061595133667
2025-04-14 09:10:25,1570.68,1554.51,100.38,106.7,1562.595,3125.19,16.170000000000073,0.010348170824591081,207.07999999999998,6.320000000000007,-3.3199999999999363,1.6600000000000819,-0.8299999999999272,4.980000000000018,5.999992771093595,51.40000000000009,4.970000000000255,28.185000000000173,0.0,0.0,0.0,7.545851808258394,15.095731433175965,26.18239389360795,25.076941250878356
2025-04-14 09:10:26,1570.68,1556.16,100.38,106.7,1563.42,3126.84,14.519999999999982,0.009287331613202242,207.07999999999998,6.320000000000007,0.0,1.650000000000091,0.8250000000000455,1.650000000000091,1.9999975757605142,3.3199999999999363,-0.009999999999990905,1.6549999999999727,0.0,0.0,0.0,7.54983577578793,14.981554742501782,26.50542906651465,25.040174570078474
2025-04-14 09:10:27,1574.0,1542.93,100.38,106.7,1558.4650000000001,3116.9300000000003,31.069999999999936,0.01993628344561068,207.07999999999998,6.320000000000007,3.3199999999999363,-13.230000000000018,-4.954999999999927,16.549999999999955,3.3400598708254945,3.3199999999999363,-14.88000000000011,-5.779999999999973,0.0,0.0,0.0,7.525907825352967,13.777944966597182,24.061047982164848,24.715888462687406
2025-04-14 09:10:28,1574.0,1554.51,100.38,106.7,1564.255,3128.51,19.49000000000001,0.012459605363281818,207.07999999999998,6.320000000000007,0.0,11.579999999999927,5.789999999999964,11.579999999999927,1.9999996545769163,-3.3199999999999363,24.809999999999945,10.74499999999989,0.0,0.0,0.0,7.553868033832974,2.293969268006132,6.474465228885081,13.623848850453399
2025-04-14 09:10:29,1574.0,1551.2,100.38,106.7,1562.6,3125.2,22.799999999999955,0.014591066162427294,207.07999999999998,6.320000000000007,0.0,-3.3099999999999454,-1.6550000000002,3.3099999999999454,1.999998791541241,0.0,-14.889999999999873,-7.445000000000164,0.0,0.0,0.0,7.545875953516148,2.2335638568341754,6.558654587645383,3.9385450993989055
2025-04-14 09:10:30,1572.34,1539.62,100.38,106.7,1555.98,3111.96,32.72000000000003,0.021028547911265877,207.07999999999998,6.320000000000007,-1.6600000000000819,-11.580000000000155,-6.619999999999891,9.920000000000073,1.4984891996240237,-1.6600000000000819,-8.27000000000021,-4.964999999999691,0.0,0.0,0.0,7.513907632248853,3.5574699580672617,7.70716874085691,4.913464409151526
2025-04-14 09:10:31,1572.34,1552.85,100.38,106.7,1562.5949999999998,3125.1899999999996,19.49000000000001,0.012472841643245478,207.07999999999998,6.320000000000007,0.0,13.230000000000018,6.614999999999782,13.230000000000018,1.999999697656955,1.6600000000000819,24.810000000000173,13.234999999999673,0.0,0.0,0.0,7.545851808258393,3.4307969194562036,6.362753334841897,6.088137030323647
2025-04-14 09:10:32,1572.34,1554.51,100.38,106.7,1563.425,3126.85,17.829999999999927,0.011404448559154087,207.07999999999998,6.320000000000007,0.0,1.6600000000000819,0.8300000000001546,1.6600000000000819,1.999997590364075,0.0,-11.569999999999936,-5.784999999999627,0.0,0.0,0.0,7.549859921045684,3.309375696797475,6.009611468309942,5.468416818421804
2025-04-14 09:10:33,1569.03,1552.85,100.38,106.7,1560.94,3121.88,16.180000000000064,0.010365548957445202,207.07999999999998,6.320000000000007,-3.3099999999999454,-1.6600000000000819,-2.4849999999999,1.6499999999998636,0.6639836362238606,-3.3099999999999454,-3.3200000000001637,-3.3150000000000546,0.0,0.0,0.0,7.537859727941571,3.0054255110635006,6.575099238798018,4.873087573602413
2025-04-14 09:10:34,1569.03,1554.51,100.38,106.7,1561.77,3123.54,14.519999999999982,0.00929714361954887,207.07999999999998,6.320000000000007,0.0,1.6600000000000819,0.8299999999999272,1.6600000000000819,1.9999975903646228,3.3099999999999454,3.3200000000001637,3.314999999999827,0.0,0.0,0.0,7.54186784072886,2.9242405001214897,7.2677486197613215,4.8733425387508005
2025-04-14 09:10:35,1565.72,1554.51,100.38,106.7,1560.115,3120.23,11.210000000000036,0.007185367740720824,207.07999999999998,6.320000000000007,-3.3099999999999454,0.0,-1.6549999999999727,3.3099999999999454,1.9999987915415158,-3.3099999999999454,-1.6600000000000819,-2.4849999999999,0.0,0.0,0.0,7.533875760412036,1.3083930993985067,3.1850164834805557,3.5577601802255403
2025-04-14 09:10:36,1567.37,1551.2,100.38,106.7,1559.2849999999999,3118.5699999999997,16.169999999999845,0.010370137588465039,207.07999999999998,6.320000000000007,1.6499999999998636,-3.3099999999999454,-0.8300000000001546,4.959999999999809,5.97589641458129,4.959999999999809,-3.3099999999999454,0.8249999999998181,0.0,0.0,0.0,7.529867647624746,1.5925082425380646,2.50993426209589,1.4823739406773238
2025-04-14 09:10:37,1560.75,1549.54,100.38,106.7,1555.145,3110.29,11.210000000000036,0.007208331051311424,207.07999999999998,6.320000000000007,-6.619999999999891,-1.6600000000000819,-4.139999999999873,4.959999999999809,1.198067343461985,-8.269999999999754,1.6499999999998636,-3.309999999999718,0.0,0.0,0.0,7.5098753742038085,2.5790002913040144,2.509934262095924,1.8520238929341217
2025-04-14 09:10:38,1570.68,1547.89,100.38,106.7,1559.285,3118.57,22.789999999999964,0.014615673199821898,207.07999999999998,6.320000000000007,9.930000000000064,-1.6499999999998636,4.1400000000001,11.579999999999927,2.7971007736470708,16.549999999999955,0.010000000000218279,8.279999999999973,0.0,0.0,0.0,7.529867647624747,2.4427238899525734,4.76575282615902,3.076045350770892
2025-04-14 09:10:39,1564.06,1551.2,100.38,106.7,1557.63,3115.26,12.8599999999999,0.00825613270914387,207.07999999999998,6.320000000000007,-6.620000000000118,3.3099999999999454,-1.6549999999999727,9.930000000000064,5.9999963746246845,-16.550000000000182,4.959999999999809,-5.795000000000073,0.0,0.0,0.0,7.521875567307923,1.977200041104188,4.879684416029669,3.0421304212671845
2025-04-14 09:10:40,1569.03,1552.85,100.38,106.7,1560.94,3121.88,16.180000000000064,0.010365548957445202,207.07999999999998,6.320000000000007,4.970000000000027,1.6499999999998636,3.3099999999999454,3.3200000000001637,1.003020845008874,11.590000000000146,-1.6600000000000819,4.964999999999918,0.0,0.0,0.0,7.537859727941571,2.190304203197127,4.439715080953156,3.4830697667430046
2025-04-14 09:10:41,1569.03,1547.89,100.38,106.7,1558.46,3116.92,21.139999999999873,0.01356467280933434,207.07999999999998,6.320000000000007,0.0,-4.959999999999809,-2.480000000000018,4.959999999999809,1.9999991935486205,-4.970000000000027,-6.609999999999673,-5.789999999999964,0.0,0.0,0.0,7.525883680095212,2.142896988318045,5.046417541191229,3.673846757827432
2025-04-14 09:10:42,1567.37,1547.89,100.38,106.7,1557.63,3115.26,19.47999999999979,0.012506179251486943,207.07999999999998,6.320000000000007,-1.6600000000000819,0.0,-0.8299999999999272,1.6600000000000819,1.9999975903646228,-1.6600000000000819,4.959999999999809,1.650000000000091,0.0,0.0,0.0,7.521875567307923,1.3845233846143432,3.9851474251327863,3.0182354116270234
2025-04-14 09:10:43,1570.68,1624.1,100.38,106.76,1597.3899999999999,3194.7799999999997,53.419999999999845,0.03344205232695697,207.14,6.38000000000001,3.310000000000173,76.20999999999981,39.75999999999976,72.89999999999964,1.83350095992201,4.970000000000255,76.20999999999981,40.58999999999969,0.0,0.060000000000002274,0.060000000000002274,7.711644261312908,17.37138883343996,16.41265609217596,18.103824319739616
2025-04-14 09:10:44,1564.06,1554.51,100.38,106.81,1559.2849999999999,3118.5699999999997,9.549999999999955,0.006124601977108323,207.19,6.430000000000007,-6.620000000000118,-69.58999999999992,-38.10500000000002,62.9699999999998,1.6525389935037602,-9.930000000000291,-145.79999999999973,-77.86499999999978,0.0,0.04999999999999716,0.04999999999999716,7.525869938096095,17.17694690573864,17.059386858853994,27.61383810700705
2025-04-14 09:10:45,1569.03,1554.51,100.38,106.81,1561.77,3123.54,14.519999999999982,0.00929714361954887,207.19,6.430000000000007,4.970000000000027,0.0,2.4850000000001273,4.970000000000027,1.9999991951712583,11.590000000000146,69.58999999999992,40.590000000000146,0.0,0.0,0.0,7.5378637601338685,17.11075305188421,17.26343592683799,27.594045417444597
2025-04-14 09:10:46,1559.09,1561.13,100.38,106.81,1560.1100000000001,3120.2200000000003,2.040000000000191,0.001307600104282769,207.19,6.430000000000007,-9.940000000000055,6.620000000000118,-1.6599999999998545,16.560000000000173,9.97589760488194,-14.910000000000082,6.620000000000118,-4.144999999999982,0.0,0.0,0.0,7.529851790482883,16.9219855514229,19.866839708419615,27.576819296285695
2025-04-14 09:10:47,1569.03,1561.13,100.38,106.81,1565.08,3130.16,7.899999999999864,0.005047665291839521,207.19,6.430000000000007,9.940000000000055,0.0,4.9699999999998,9.940000000000055,1.9999995975856855,19.88000000000011,-6.620000000000118,6.629999999999654,0.0,0.0,0.0,7.553839434558427,16.176155909318222,20.576077857551944,27.63774524992939
2025-04-14 09:10:48,1569.03,1561.13,100.44,106.81,1565.08,3130.16,7.899999999999864,0.005047665291839521,207.25,6.3700000000000045,0.0,0.0,0.0,0.0,0.0,-9.940000000000055,0.0,-4.9699999999998,0.060000000000002274,0.0,0.060000000000002274,7.551652557048721,2.72111649926069,4.464439494499086,17.866417729919984
2025-04-14 09:10:49,1574.0,1561.13,100.44,106.81,1567.565,3135.13,12.86999999999989,0.008210185856273713,207.25,6.3700000000000045,4.970000000000027,0.0,2.4850000000001273,4.970000000000027,1.9999991951712583,4.970000000000027,0.0,2.4850000000001273,0.0,0.0,0.0,7.5636429068099265,2.962930137980778,4.90658537070772,2.5541764817645087
2025-04-14 09:10:50,1575.65,1561.13,100.44,106.81,1568.39,3136.78,14.519999999999982,0.00925790140892385,207.25,6.3700000000000045,1.650000000000091,0.0,0.8250000000000455,1.650000000000091,1.9999975757605142,-3.3199999999999363,0.0,-1.6600000000000819,0.0,0.0,0.0,7.567623606428837,3.2286258690904948,4.90658537070772,2.52722525707521
2025-04-14 09:10:51,1574.0,1547.89,100.44,106.81,1560.9450000000002,3121.8900000000003,26.1099999999999,0.01672704674621646,207.25,6.3700000000000045,-1.650000000000091,-13.240000000000009,-7.444999999999936,11.589999999999918,1.5567492872062767,-3.300000000000182,-13.240000000000009,-8.269999999999982,0.0,0.0,0.0,7.531700808049695,2.9016559931461923,7.458575601282287,4.659542091235874
2025-04-14 09:10:52,1569.03,1554.51,100.44,106.81,1561.77,3123.54,14.519999999999982,0.00929714361954887,207.25,6.3700000000000045,-4.970000000000027,6.619999999999891,0.8249999999998181,11.589999999999918,14.048467820042005,-3.3199999999999363,19.8599999999999,8.269999999999754,0.0,0.0,0.0,7.535681507668605,3.3407016482407754,6.683384621585316,3.8978609518554146
2025-04-14 09:10:53,1574.0,1559.47,100.44,106.81,1566.7350000000001,3133.4700000000003,14.529999999999973,0.009274063572158603,207.25,6.3700000000000045,4.970000000000027,4.960000000000036,4.9650000000001455,0.009999999999990905,0.0020140982851746883,9.940000000000055,-1.6599999999998545,4.140000000000327,0.0,0.0,0.0,7.55963808173878,3.4613823109503734,5.414106574499861,4.665509618466084
2025-04-14 09:10:54,1574.0,1559.47,100.44,106.81,1566.7350000000001,3133.4700000000003,14.529999999999973,0.009274063572158603,207.25,6.3700000000000045,0.0,0.0,0.0,0.0,0.0,-4.970000000000027,-4.960000000000036,-4.9650000000001455,0.0,0.0,0.0,7.55963808173878,3.329878001152531,5.1809719165463965,4.508401046934424
2025-04-14 09:10:55,1567.37,1551.2,100.44,106.81,1559.2849999999999,3118.5699999999997,16.169999999999845,0.010370137588465039,207.25,6.3700000000000045,-6.630000000000109,-8.269999999999982,-7.450000000000273,1.6399999999998727,0.22013419863967973,-6.630000000000109,-8.269999999999982,-7.450000000000273,0.0,0.0,0.0,7.5236911579074,3.442143954362009,5.046911927113696,5.4699673216574265
2025-04-14 09:10:56,1567.37,1559.47,100.44,106.81,1563.42,3126.84,7.899999999999864,0.005053024775777998,207.25,6.3700000000000045,0.0,8.269999999999982,4.135000000000218,8.269999999999982,1.9999995163240698,6.630000000000109,16.539999999999964,11.585000000000491,0.0,0.0,0.0,7.5436429069064275,3.227087309409777,3.2267088495932454,4.9169973052668166
2025-04-14 09:10:57,1569.03,1557.82,100.44,106.81,1563.425,3126.85,11.210000000000036,0.007170155263495135,207.25,6.3700000000000045,1.6600000000000819,-1.650000000000091,0.004999999999881766,3.310000000000173,661.8676264903876,1.6600000000000819,-9.920000000000073,-4.1300000000003365,0.0,0.0,0.0,7.543667032358663,3.0751707273833384,3.311256559078942,4.916913920336738
2025-04-14 09:10:58,1572.34,1552.85,100.44,106.81,1562.5949999999998,3125.1899999999996,19.49000000000001,0.012472841643245478,207.25,6.3700000000000045,3.3099999999999454,-4.970000000000027,-0.8300000000001546,8.279999999999973,9.97589159530944,1.6499999999998636,-3.3199999999999363,-0.8350000000000364,0.0,0.0,0.0,7.539662207287516,2.6566040357099974,4.472862618060539,4.179166483881769
2025-04-14 09:10:59,1569.03,1559.47,100.44,106.81,1564.25,3128.5,9.559999999999945,0.00611155505442761,207.25,6.3700000000000045,-3.3099999999999454,6.620000000000118,1.6550000000002,9.930000000000064,5.99999637462386,-6.619999999999891,11.590000000000146,2.4850000000003547,0.0,0.0,0.0,7.547647731977574,1.940660326421819,4.825114506417799,4.324165526434087
2025-04-14 09:11:00,1569.03,1549.54,100.44,106.81,1559.2849999999999,3118.5699999999997,19.49000000000001,0.012499318589931084,207.25,6.3700000000000045,0.0,-9.930000000000064,-4.9650000000001455,9.930000000000064,1.999999597180297,3.3099999999999454,-16.550000000000182,-6.620000000000346,0.0,0.0,0.0,7.5236911579074,1.940660326421819,5.565145999885693,3.3607067709040583
2025-04-14 09:11:01,1572.34,1557.82,100.44,106.81,1565.08,3130.16,14.519999999999982,0.009277481017406459,207.25,6.3700000000000045,3.3099999999999454,8.279999999999973,5.795000000000073,4.970000000000027,0.857635745015396,3.3099999999999454,18.210000000000036,10.760000000000218,0.0,0.0,0.0,7.551652557048721,2.236522412708918,4.593520436445578,3.908646824669655
2025-04-14 09:11:02,1574.0,1557.82,100.44,106.81,1565.9099999999999,3131.8199999999997,16.180000000000064,0.010332650017987888,207.25,6.3700000000000045,1.6600000000000819,0.0,0.8299999999999272,1.6600000000000819,1.9999975903646228,-1.6499999999998636,-8.279999999999973,-4.9650000000001455,0.0,0.0,0.0,7.555657382119867,2.618366380503678,4.121318963638116,3.908805124331495
2025-04-14 09:11:03,1572.34,1547.89,100.44,106.81,1560.115,3120.23,24.449999999999818,0.01567192161111706,207.25,6.3700000000000045,-1.6600000000000819,-9.929999999999836,-5.794999999999845,8.269999999999754,1.4270920747036928,-3.3200000000001637,-9.929999999999836,-6.624999999999773,0.0,0.0,0.0,7.527695982978548,3.0189207512866445,5.562171338608899,4.8480181517811625
2025-04-14 09:11:04,1569.03,1557.82,100.44,106.81,1563.425,3126.85,11.210000000000036,0.007170155263495135,207.25,6.3700000000000045,-3.3099999999999454,9.929999999999836,3.3099999999999454,13.239999999999782,3.9999987915411506,-1.6499999999998636,19.859999999999673,9.10499999999979,0.0,0.0,0.0,7.543667032358663,2.950369892496229,5.047400320961474,5.0824243722852716
2025-04-14 09:11:05,1562.4,1549.54,100.44,106.81,1555.97,3111.94,12.860000000000127,0.008264940835450032,207.25,6.3700000000000045,-6.629999999999882,-8.279999999999973,-7.454999999999927,1.650000000000091,0.2213279381183325,-3.3199999999999363,-18.20999999999981,-10.764999999999873,0.0,0.0,0.0,7.50769598307505,4.082562002290271,5.155272058780398,5.748657017077879
2025-04-14 09:11:06,1559.09,1554.51,100.44,106.81,1556.8,3113.6,4.579999999999927,0.0029419321666610963,207.25,6.3700000000000045,-3.310000000000173,4.970000000000027,0.8299999999999272,8.2800000000002,9.975891595312445,3.319999999999709,13.25,8.284999999999854,0.0,0.0,0.0,7.5117008081461965,4.247563125197283,7.274464241443662,4.684582959026175
2025-04-14 09:11:07,1567.37,1552.85,100.44,106.81,1560.11,3120.22,14.519999999999982,0.00930703603636471,207.25,6.3700000000000045,8.279999999999973,-1.6600000000000819,3.3099999999999454,9.940000000000055,3.0030202407794495,11.590000000000146,-6.630000000000109,2.480000000000018,0.0,0.0,0.0,7.527671857526311,2.986367777506658,7.179138527709467,5.124259702630068
2025-04-14 09:11:08,1564.06,1547.89,100.44,106.81,1555.975,3111.95,16.169999999999845,0.01039219781140934,207.25,6.3700000000000045,-3.3099999999999454,-4.959999999999809,-4.134999999999991,1.6499999999998636,0.39903255162450196,-11.589999999999918,-3.299999999999727,-7.444999999999936,0.0,0.0,0.0,7.507720108527285,3.259776449777769,4.474155786295711,4.791879328614063
2025-04-14 09:11:09,1560.75,1544.58,100.44,106.81,1552.665,3105.33,16.170000000000073,0.010414352091137315,207.25,6.3700000000000045,-3.3099999999999454,-3.310000000000173,-3.3099999999999454,2.2737367544323206e-13,6.86929325529617e-14,0.0,1.6499999999996362,0.8250000000000455,0.0,0.0,0.0,7.491749059147169,2.654890299525486,4.827685780997294,4.246199182798515
2025-04-14 09:11:10,1567.37,1546.23,100.44,106.81,1556.8,3113.6,21.139999999999873,0.013579136681924932,207.25,6.3700000000000045,6.619999999999891,1.650000000000091,4.134999999999991,4.9699999999998,1.201934413075066,9.929999999999836,4.960000000000264,7.444999999999936,0.0,0.0,0.0,7.5117008081461965,2.654733979613669,6.084260842538145,3.7636342144261437
2025-04-14 09:11:11,1567.37,1554.51,100.44,106.81,1560.94,3121.88,12.8599999999999,0.008238625438364879,207.25,6.3700000000000045,0.0,8.279999999999973,4.1400000000001,8.279999999999973,1.9999995169082743,-6.619999999999891,6.629999999999882,0.005000000000109139,0.0,0.0,0.0,7.5316766825974595,3.3404539365960897,3.0975587161574114,4.177928015176818
2025-04-14 09:11:12,1560.75,1556.16,100.44,106.81,1558.455,3116.91,4.589999999999918,0.0029452245955479584,207.25,6.3700000000000045,-6.619999999999891,1.650000000000091,-2.4850000000001273,8.269999999999982,3.3279664676189498,-6.619999999999891,-6.629999999999882,-6.625000000000227,0.0,0.0,0.0,7.519686332836254,3.062598162103308,6.1251963233877715,4.120666511621581
2025-04-14 09:11:13,1560.75,1556.16,100.51,106.81,1558.455,3116.91,4.589999999999918,0.0029452245955479584,207.32,6.299999999999997,0.0,0.0,0.0,0.0,0.0,6.619999999999891,-1.650000000000091,2.4850000000001273,0.07000000000000739,0.0,0.07000000000000739,7.517147368719143,3.062598162103789,7.269797108588626,3.5404473587386667
2025-04-14 09:11:14,1567.37,1554.51,100.51,106.81,1560.94,3121.88,12.8599999999999,0.008238625438364879,207.32,6.299999999999997,6.619999999999891,-1.650000000000091,2.4850000000001273,8.269999999999982,3.3279664676189498,6.619999999999891,-1.650000000000091,2.4850000000001273,0.0,0.0,0.0,7.52913367003119,1.795245805602159,6.92276462116424,2.8676275037040315
2025-04-14 09:11:15,1577.31,1554.51,100.51,106.81,1565.9099999999999,3131.8199999999997,22.799999999999955,0.014560223758351202,207.32,6.299999999999997,9.940000000000055,0.0,4.9699999999998,9.940000000000055,1.9999995975856855,3.3200000000001637,1.650000000000091,2.4849999999996726,0.0,0.0,0.0,7.553106272655285,3.0434910058259583,7.531224999961405,3.0656373725539536
2025-04-14 09:11:16,1574.0,1552.85,100.51,106.81,1563.425,3126.85,21.15000000000009,0.013527991420421253,207.32,6.299999999999997,-3.3099999999999454,-1.6600000000000819,-2.4849999999999,1.6499999999998636,0.6639836362238606,-13.25,-1.6600000000000819,-7.4549999999997,0.0,0.0,0.0,7.541119971343238,3.2400435957787264,8.714101789630652,3.240043595385573
2025-04-14 09:11:17,1574.0,1554.51,100.51,106.81,1564.255,3128.51,19.49000000000001,0.012459605363281818,207.32,6.299999999999997,0.0,1.6600000000000819,0.8300000000001546,1.6600000000000819,1.999997590364075,3.3099999999999454,3.3200000000001637,3.3150000000000546,0.0,0.0,0.0,7.545123444216076,2.928836373468868,7.49719747639367,2.7844321683242463
2025-04-14 09:11:18,1574.0,1554.51,100.51,106.81,1564.255,3128.51,19.49000000000001,0.012459605363281818,207.32,6.299999999999997,0.0,0.0,0.0,0.0,0.0,0.0,-1.6600000000000819,-0.8300000000001546,0.0,0.0,0.0,7.545123444216076,1.8150158408568442,3.778805366784963,2.7844321683242463
2025-04-14 09:11:19,1570.68,1554.51,100.51,106.81,1562.595,3125.19,16.170000000000073,0.010348170824591081,207.32,6.299999999999997,-3.3199999999999363,0.0,-1.6600000000000819,3.3199999999999363,1.9999987951813119,-3.3199999999999363,0.0,-1.6600000000000819,0.0,0.0,0.0,7.537116498470401,1.2292355358365366,2.459146193304149,2.905719360158317
2025-04-14 09:11:20,1574.0,1554.51,100.51,106.81,1564.255,3128.51,19.49000000000001,0.012459605363281818,207.32,6.299999999999997,3.3199999999999363,0.0,1.6600000000000819,3.3199999999999363,1.9999987951813119,6.639999999999873,0.0,3.3200000000001637,0.0,0.0,0.0,7.545123444216076,0.7423745702551061,1.8184388909288378,1.7195580827641268
2025-04-14 09:11:21,1574.0,1554.51,100.51,106.81,1564.255,3128.51,19.49000000000001,0.012459605363281818,207.32,6.299999999999997,0.0,0.0,0.0,0.0,0.0,-3.3199999999999363,0.0,-1.6600000000000819,0.0,0.0,0.0,7.545123444216076,0.7423745702557989,1.4847491370741637,1.231088948857687
2025-04-14 09:11:22,1564.06,1554.51,100.51,106.81,1559.2849999999999,3118.5699999999997,9.549999999999955,0.006124601977108323,207.32,6.299999999999997,-9.940000000000055,0.0,-4.970000000000255,9.940000000000055,1.9999995975855025,-9.940000000000055,0.0,-4.970000000000255,0.0,0.0,0.0,7.521150841591979,2.1601574022641805,4.32031480334975,2.5135592294592826
2025-04-14 09:11:23,1572.34,1552.85,100.51,106.81,1562.5949999999998,3125.1899999999996,19.49000000000001,0.012472841643245478,207.32,6.299999999999997,8.279999999999973,-1.6600000000000819,3.3099999999999454,9.940000000000055,3.0030202407794495,18.220000000000027,-1.6600000000000819,8.2800000000002,0.0,0.0,0.0,7.5371164984704,2.028994825659893,4.32031480334975,3.186576532895444
2025-04-14 09:11:24,1569.03,1544.58,100.51,106.81,1556.8049999999998,3113.6099999999997,24.450000000000045,0.015705242457658346,207.32,6.299999999999997,-3.3099999999999454,-8.269999999999982,-5.789999999999964,4.960000000000036,0.8566492475562728,-11.589999999999918,-6.6099999999999,-9.099999999999909,0.0,0.0,0.0,7.509188657586394,3.2905060404971067,5.441624757371915,4.038312766490442
2025-04-14 09:11:25,1572.34,1541.27,100.51,106.81,1556.8049999999998,3113.6099999999997,31.069999999999936,0.01995754123351505,207.32,6.299999999999997,3.3099999999999454,-3.3099999999999454,0.0,6.619999999999891,6619999.999999891,6.619999999999891,4.960000000000036,5.789999999999964,0.0,0.0,0.0,7.509188657586394,3.382060023497364,7.8865328250152045,3.810531458996175
2025-04-14 09:11:26,1569.03,1544.58,100.51,106.81,1556.8049999999998,3113.6099999999997,24.450000000000045,0.015705242457658346,207.32,6.299999999999997,-3.3099999999999454,3.3099999999999454,0.0,6.619999999999891,6619999.999999891,-6.619999999999891,6.619999999999891,0.0,0.0,0.0,0.0,7.509188657586394,2.549309710986458,7.990251560498097,3.810531458996175
2025-04-14 09:11:27,1567.37,1551.2,100.51,106.81,1559.2849999999999,3118.5699999999997,16.169999999999845,0.010370137588465039,207.32,6.299999999999997,-1.6600000000000819,6.620000000000118,2.480000000000018,8.2800000000002,3.3387083311660515,1.6499999999998636,3.310000000000173,2.480000000000018,0.0,0.0,0.0,7.521150841591979,2.549309710986458,5.661702924036401,3.5577591261915353
2025-04-14 09:11:28,1572.34,1554.51,100.51,106.81,1563.425,3126.85,17.829999999999927,0.011404448559154087,207.32,6.299999999999997,4.970000000000027,3.3099999999999454,4.1400000000001,1.6600000000000819,0.4009660867231775,6.630000000000109,-3.310000000000173,1.6600000000000819,0.0,0.0,0.0,7.541119971343238,2.8901903055908438,5.968574369147339,3.7641838424815877
2025-04-14 09:11:29,1567.37,1554.51,100.51,106.91,1560.94,3121.88,12.8599999999999,0.008238625438364879,207.42000000000002,6.3999999999999915,-4.970000000000027,0.0,-2.4849999999999,4.970000000000027,1.9999991951714413,-9.940000000000055,-3.3099999999999454,-6.625,0.0,0.09999999999999432,0.09999999999999432,7.525503772415853,2.8301934567333493,7.272756011309806,2.5517435215944753
2025-04-14 09:11:30,1572.34,1556.16,100.51,106.91,1564.25,3128.5,16.179999999999836,0.010343615144418233,207.42000000000002,6.3999999999999915,4.970000000000027,1.650000000000091,3.3099999999999454,3.3199999999999363,1.0030208450088054,9.940000000000055,1.650000000000091,5.794999999999845,0.0,0.0,0.0,7.541461732034222,3.040089226082914,4.285215280478137,2.7081229661888093
2025-04-14 09:11:31,1570.68,1561.13,100.51,106.91,1565.9050000000002,3131.8100000000004,9.549999999999955,0.006098709687944826,207.42000000000002,6.3999999999999915,-1.6599999999998545,4.970000000000027,1.6550000000002,6.629999999999882,4.006039875504051,-6.629999999999882,3.3199999999999363,-1.6549999999997453,0.0,0.0,0.0,7.549440711843406,2.6429798528472346,3.3125020754775263,2.5786794100855657
2025-04-14 09:11:32,1565.72,1552.85,100.51,106.91,1559.2849999999999,3118.5699999999997,12.870000000000118,0.008253782978574369,207.42000000000002,6.3999999999999915,-4.960000000000036,-8.2800000000002,-6.620000000000346,3.3200000000001637,0.5015104982612526,-3.300000000000182,-13.250000000000227,-8.275000000000546,0.0,0.0,0.0,7.517524792606667,2.6429798528472346,3.228756726674053,4.495396256171489
2025-04-14 09:11:33,1567.37,1559.47,100.51,106.91,1563.42,3126.84,7.899999999999864,0.005053024775777998,207.42000000000002,6.3999999999999915,1.6499999999998636,6.620000000000118,4.135000000000218,4.970000000000255,1.2019344130751097,6.6099999999999,14.900000000000318,10.755000000000564,0.0,0.0,0.0,7.537460189290038,2.642666740729225,3.2287567266741277,4.494245487287146
2025-04-14 09:11:34,1570.68,1551.2,100.51,106.91,1560.94,3121.88,19.480000000000018,0.012479659684241775,207.42000000000002,6.3999999999999915,3.310000000000173,-8.269999999999982,-2.480000000000018,11.580000000000155,4.669352955906094,1.6600000000003092,-14.8900000000001,-6.6150000000002365,0.0,0.0,0.0,7.525503772415853,2.642666740729225,4.739201409524976,4.493555107039528
2025-04-14 09:11:35,1570.68,1561.13,100.51,106.91,1565.9050000000002,3131.8100000000004,9.549999999999955,0.006098709687944826,207.42000000000002,6.3999999999999915,0.0,9.930000000000064,4.9650000000001455,9.930000000000064,1.999999597180297,-3.310000000000173,18.200000000000045,7.445000000000164,0.0,0.0,0.0,7.549440711843406,2.96048433580702,4.621628500868925,4.845499716231696
2025-04-14 09:11:36,1567.37,1561.13,100.51,106.91,1564.25,3128.5,6.239999999999782,0.003989132169417068,207.42000000000002,6.3999999999999915,-3.310000000000173,0.0,-1.6550000000002,3.310000000000173,1.9999987915413784,-3.310000000000173,-9.930000000000064,-6.620000000000346,0.0,0.0,0.0,7.541461732034222,2.642666740729225,5.23357143832436,4.845499716231695
2025-04-14 09:11:37,1567.37,1547.89,100.51,106.91,1557.63,3115.26,19.47999999999979,0.012506179251486943,207.42000000000002,6.3999999999999915,0.0,-13.240000000000009,-6.619999999999891,13.240000000000009,1.9999996978852763,3.310000000000173,-13.240000000000009,-4.964999999999691,0.0,0.0,0.0,7.509545812797485,3.2259967455895073,6.451480450256652,4.845499716231546
2025-04-14 09:11:38,1567.37,1554.51,100.51,106.91,1560.94,3121.88,12.8599999999999,0.008238625438364879,207.42000000000002,6.3999999999999915,0.0,6.619999999999891,3.3099999999999454,6.619999999999891,1.9999993957705753,0.0,19.8599999999999,9.929999999999836,0.0,0.0,0.0,7.525503772415853,3.226188928527187,5.9211080044231235,4.666129820311411
2025-04-14 09:11:39,1565.72,1561.13,100.51,106.91,1563.4250000000002,3126.8500000000004,4.589999999999918,0.0029358619678360363,207.42000000000002,6.3999999999999915,-1.6499999999998636,6.620000000000118,2.4850000000001273,8.269999999999982,3.3279664676189498,-1.6499999999998636,2.2737367544323206e-13,-0.8249999999998181,0.0,0.0,0.0,7.537484294969221,3.2263814874490735,5.919850504872847,4.666661815473621
2025-04-14 09:11:40,1569.03,1554.51,100.51,106.91,1561.77,3123.54,14.519999999999982,0.00929714361954887,207.42000000000002,6.3999999999999915,3.3099999999999454,-6.620000000000118,-1.6550000000002,9.930000000000064,5.99999637462386,4.959999999999809,-13.240000000000236,-4.140000000000327,0.0,0.0,0.0,7.529505315160035,2.5777160438166113,6.124926122006976,3.969071994811791
2025-04-14 09:11:41,1567.37,1561.13,100.51,106.91,1564.25,3128.5,6.239999999999782,0.003989132169417068,207.42000000000002,6.3999999999999915,-1.6600000000000819,6.620000000000118,2.480000000000018,8.2800000000002,3.3387083311660515,-4.970000000000027,13.240000000000236,4.135000000000218,0.0,0.0,0.0,7.541461732034222,2.5777160438166113,6.124926122006976,4.178670542169988
2025-04-14 09:11:42,1567.37,1561.13,100.51,106.91,1564.25,3128.5,6.239999999999782,0.003989132169417068,207.42000000000002,6.3999999999999915,0.0,0.0,0.0,0.0,0.0,1.6600000000000819,-6.620000000000118,-2.480000000000018,0.0,0.0,0.0,7.541461732034222,1.5029537592874556,4.471934704358318,2.0770092681545016
2025-04-14 09:11:43,1567.37,1554.51,100.51,106.91,1560.94,3121.88,12.8599999999999,0.008238625438364879,207.42000000000002,6.3999999999999915,0.0,-6.620000000000118,-3.3099999999999454,6.620000000000118,1.999999395770644,0.0,-6.620000000000118,-3.3099999999999454,0.0,0.0,0.0,7.525503772415853,1.5029537592874556,4.471934704358318,2.550526906346919
2025-04-14 09:11:44,1575.65,1557.82,100.57,106.91,1566.7350000000001,3133.4700000000003,17.830000000000155,0.011380354679393643,207.48,6.340000000000003,8.2800000000002,3.3099999999999454,5.795000000000073,4.970000000000255,0.8576357450154353,8.2800000000002,9.930000000000064,9.105000000000018,0.05999999999998806,0.0,0.05999999999998806,7.55125791617863,2.2965800666555625,5.156716009249009,3.5789778568747357
2025-04-14 09:11:45,1570.68,1561.13,100.57,106.91,1565.9050000000002,3131.8100000000004,9.549999999999955,0.006098709687944826,207.48,6.340000000000003,-4.970000000000027,3.310000000000173,-0.8299999999999272,8.2800000000002,9.975891595312445,-13.250000000000227,2.2737367544323206e-13,-6.625,0.0,0.0,0.0,7.547257530618579,2.2210678743711973,4.911377607153111,3.462577796959857
2025-04-14 09:11:46,1572.34,1544.58,100.57,106.91,1558.46,3116.92,27.75999999999999,0.01781245587450915,207.48,6.340000000000003,1.6599999999998545,-16.550000000000182,-7.445000000000164,18.210000000000036,2.445936541848636,6.629999999999882,-19.860000000000355,-6.6150000000002365,0.0,0.0,0.0,7.511374554119074,3.4811682669124835,8.39241741097548,4.846396341613015
2025-04-14 09:11:47,1565.72,1546.23,100.57,106.91,1555.975,3111.95,19.49000000000001,0.012525908184562156,207.48,6.340000000000003,-6.619999999999891,1.650000000000091,-2.4850000000001273,8.269999999999982,3.3279664676189498,-8.279999999999745,18.200000000000273,4.960000000000036,0.0,0.0,0.0,7.499397496147111,4.659319424824975,6.965426763669481,4.825327709078428
2025-04-14 09:11:48,1570.68,1549.54,100.57,106.91,1560.1100000000001,3120.2200000000003,21.1400000000001,0.013550326570850627,207.48,6.340000000000003,4.960000000000036,3.3099999999999454,4.135000000000218,1.650000000000091,0.399032551624535,11.579999999999927,1.6599999999998545,6.620000000000346,0.0,0.0,0.0,7.519327127822793,4.703422424421452,6.559537331248499,5.3111820718179805
2025-04-14 09:11:49,1572.34,1557.82,100.57,106.91,1565.08,3130.16,14.519999999999982,0.009277481017406459,207.48,6.340000000000003,1.6599999999998545,8.279999999999973,4.9699999999998,6.620000000000118,1.331991683703964,-3.300000000000182,4.970000000000027,0.8349999999995816,0.0,0.0,0.0,7.543281243766718,4.276200708870962,6.88548981555001,5.087815592177058
2025-04-14 09:11:50,1572.34,1549.54,100.57,106.91,1560.94,3121.88,22.799999999999955,0.014606583203321952,207.48,6.340000000000003,0.0,-8.279999999999973,-4.139999999999873,8.279999999999973,1.9999995169083842,-1.6599999999998545,-16.559999999999945,-9.109999999999673,0.0,0.0,0.0,7.523327513382845,3.3619369420832355,4.82511347017272,5.376144761815821
2025-04-14 09:11:51,1570.68,1549.54,100.57,106.91,1560.1100000000001,3120.2200000000003,21.1400000000001,0.013550326570850627,207.48,6.340000000000003,-1.6599999999998545,0.0,-0.8299999999999272,1.6599999999998545,1.999997590364349,-1.6599999999998545,8.279999999999973,3.3099999999999454,0.0,0.0,0.0,7.519327127822793,3.2378071286821957,3.1844968205420665,4.039132023095946
2025-04-14 09:11:52,1574.0,1557.82,100.57,106.91,1565.9099999999999,3131.8199999999997,16.180000000000064,0.010332650017987888,207.48,6.340000000000003,3.3199999999999363,8.279999999999973,5.799999999999727,4.960000000000036,0.8551722663496557,4.979999999999791,8.279999999999973,6.629999999999654,0.0,0.0,0.0,7.54728162932677,2.833628416456957,3.5881861713186742,4.287387899408953
2025-04-14 09:11:53,1562.4,1557.82,100.57,106.91,1560.1100000000001,3120.2200000000003,4.580000000000155,0.0029356904302032956,207.48,6.340000000000003,-11.599999999999909,0.0,-5.799999999999727,11.599999999999909,1.9999996551725516,-14.919999999999845,-8.279999999999973,-11.599999999999454,0.0,0.0,0.0,7.519327127822793,2.833628416456957,7.162002513266956,5.239499021852849
2025-04-14 09:11:54,1569.03,1544.58,100.57,106.91,1556.8049999999998,3113.6099999999997,24.450000000000045,0.015705242457658346,207.48,6.340000000000003,6.629999999999882,-13.240000000000009,-3.305000000000291,19.86999999999989,6.012101055339511,18.22999999999979,-13.240000000000009,2.494999999999436,0.0,0.0,0.0,7.503397881707162,3.280274379155893,8.02755255355216,4.536970354762946
2025-04-14 09:11:55,1574.0,1544.58,100.57,106.91,1559.29,3118.58,29.420000000000073,0.018867561506283315,207.48,6.340000000000003,4.970000000000027,0.0,2.4850000000001273,4.970000000000027,1.9999991951712583,-1.6599999999998545,13.240000000000009,5.790000000000418,0.0,0.0,0.0,7.515374939679126,3.341941801190631,9.468747541256018,4.596810035230773
2025-04-14 09:11:56,1574.0,1554.51,100.57,106.91,1564.255,3128.51,19.49000000000001,0.012459605363281818,207.48,6.340000000000003,0.0,9.930000000000064,4.9650000000001455,9.930000000000064,1.999999597180297,-4.970000000000027,9.930000000000064,2.480000000000018,0.0,0.0,0.0,7.539304956914861,3.7296772651998977,9.410803897650927,5.137929300798016
2025-04-14 09:11:57,1574.0,1546.23,100.57,106.91,1560.115,3120.23,27.769999999999982,0.017799969862606287,207.48,6.340000000000003,0.0,-8.279999999999973,-4.1400000000001,8.279999999999973,1.9999995169082743,0.0,-18.210000000000036,-9.105000000000246,0.0,0.0,0.0,7.519351226530985,2.6821796178750854,10.005342073114806,4.631756416306864
2025-04-14 09:11:58,1572.34,1557.82,100.57,106.91,1565.08,3130.16,14.519999999999982,0.009277481017406459,207.48,6.340000000000003,-1.6600000000000819,11.589999999999918,4.964999999999918,13.25,2.668680227859011,-1.6600000000000819,19.86999999999989,9.105000000000018,0.0,0.0,0.0,7.543281243766718,3.4816436495638734,6.128168568181059,4.432835435700322
2025-04-14 09:11:59,1376.02,1554.51,99.7,106.91,1465.2649999999999,2930.5299999999997,178.49,0.12181414275109681,206.61,7.209999999999994,-196.31999999999994,-3.3099999999999454,-99.81500000000005,193.01,1.9336772836379563,-194.65999999999985,-14.899999999999864,-104.77999999999997,-0.8699999999999903,0.0,0.8699999999999903,7.091936464392156,43.416934973607674,69.89195354259343,45.71579918365206
2025-04-14 09:12:00,1289.1,1552.85,97.96,106.91,1420.975,2841.95,263.75,0.1856119916355939,204.87,8.950000000000003,-86.92000000000007,-1.6600000000000819,-44.289999999999964,85.25999999999999,1.9250394688408354,109.39999999999986,1.6499999999998636,55.52500000000009,-1.740000000000009,0.0,1.740000000000009,6.935983760745917,67.60843194456125,113.99273432986874,45.17984210353108
2025-04-14 09:12:01,1122.69,1547.89,96.07,106.91,1335.29,2670.58,425.20000000000005,0.31843269977425676,202.98,10.840000000000003,-166.40999999999985,-4.959999999999809,-85.68499999999995,161.45000000000005,1.8842270889394066,-79.48999999999978,-3.299999999999727,-41.39499999999998,-1.8900000000000006,0.0,1.8900000000000006,6.578431340139761,97.12289823981864,171.5211731244864,46.96635532484923
2025-04-14 09:12:02,862.4,1554.51,93.93,106.91,1208.455,2416.91,692.11,0.5727230218976106,200.84,12.97999999999999,-260.2900000000001,6.619999999999891,-126.83500000000004,266.90999999999997,2.1043875735846758,-93.88000000000022,11.5799999999997,-41.15000000000009,-2.1399999999999864,0.0,2.1399999999999864,6.017003554984049,134.92857140910473,257.8301728463913,51.58821299483047
2025-04-14 09:12:03,620.92,1551.2,91.68,106.91,1086.06,2172.12,930.2800000000001,0.8565640932760952,198.59,15.22999999999999,-241.48000000000002,-3.3099999999999454,-122.39499999999998,238.17000000000007,1.9459128073376144,18.81000000000006,-9.929999999999836,4.440000000000055,-2.25,0.0,2.25,5.468855403248625,155.95846976840173,310.9679353727647,33.32483578354135
2025-04-14 09:12:04,364.68,1549.54,89.43,106.91,957.11,1914.22,1184.86,1.2379559285369957,196.34,17.47999999999999,-256.23999999999995,-1.6600000000000819,-128.94999999999993,254.57999999999987,1.9742535713512714,-14.759999999999934,1.6499999999998636,-6.55499999999995,-2.25,0.0,2.25,4.874758047902832,186.5276434137875,372.1580862348686,36.58885851594714
2025-04-14 09:12:05,109.83,1551.2,87.19,106.91,830.515,1661.03,1441.3700000000001,1.735513504589907,194.1,19.72,-254.85000000000002,1.6600000000000819,-126.59500000000003,256.5100000000001,2.0262253483453114,1.3899999999999295,3.3200000000001637,2.3549999999999045,-2.240000000000009,0.0,2.240000000000009,4.278799565797014,199.37047867600808,399.29756714760964,18.271334652947424
2025-04-14 09:12:06,83.42,1552.85,87.19,106.91,818.135,1636.27,1469.4299999999998,1.7960727730801482,194.1,19.72,-26.409999999999997,1.6499999999998636,-12.379999999999995,28.05999999999986,2.2665587829920106,228.44000000000003,-0.010000000000218279,114.21500000000003,0.0,0.0,0.0,4.215018010226594,167.71284316503656,333.87242750787277,50.95452720318379
2025-04-14 09:12:07,69.46,1554.51,87.19,106.91,811.985,1623.97,1485.05,1.8289130934328675,194.1,19.72,-13.960000000000008,1.6600000000000819,-6.149999999999977,15.62000000000009,2.539836985392384,12.449999999999989,0.010000000000218279,6.230000000000018,0.0,0.0,0.0,4.18333331178087,119.53416224033954,241.27859741386038,64.008451141236
2025-04-14 09:12:08,50.85,1554.51,87.19,106.91,802.68,1605.36,1503.66,1.8732994445192366,194.1,19.72,-18.609999999999992,0.0,-9.305000000000064,18.609999999999992,1.9999997850618034,-4.649999999999984,-1.6600000000000819,-3.1550000000000864,0.0,0.0,0.0,4.1353941054333125,63.98629159827575,131.69326114118263,64.94463328482188
2025-04-14 09:12:09,40.0,1554.51,87.19,106.91,797.255,1594.51,1514.51,1.899655691215915,194.1,19.72,-10.850000000000001,0.0,-5.4249999999999545,10.850000000000001,1.9999996313364905,7.759999999999991,0.0,3.880000000000109,0.0,0.0,0.0,4.107444595015742,13.082967171075142,28.90038027430963,52.96855286393992
2025-04-14 09:12:10,33.8,1552.85,87.19,106.91,793.3249999999999,1586.6499999999999,1519.05,1.9147890184794518,194.1,19.72,-6.200000000000003,-1.6600000000000819,-3.9300000000000637,4.539999999999921,1.155215991039149,4.649999999999999,-1.6600000000000819,1.4949999999998909,0.0,0.0,0.0,4.0871972999113995,10.276996399697605,20.803170431443935,3.388444702219021
2025-04-14 09:12:11,29.16,1541.27,87.19,106.91,785.215,1570.43,1512.11,1.925727346108101,194.1,19.72,-4.639999999999997,-11.579999999999927,-8.1099999999999,6.93999999999993,0.8557335566296498,1.5600000000000058,-9.919999999999845,-4.179999999999836,0.0,0.0,0.0,4.045414713830939,10.041254652650164,13.421958873417024,2.1393848414897474
2025-04-14 09:12:12,24.51,1552.85,87.19,106.91,788.68,1577.36,1528.34,1.937845511566357,194.1,19.72,-4.649999999999999,11.579999999999927,3.464999999999918,16.229999999999926,4.683981332184409,-0.010000000000001563,23.159999999999854,11.574999999999818,0.0,0.0,0.0,4.063266336613775,6.896609130532795,9.08460400896471,5.015283391793106
2025-04-14 09:12:13,22.96,1554.51,87.19,106.91,788.735,1577.47,1531.55,1.9417801898714013,194.1,19.72,-1.5500000000000007,1.6600000000000819,0.055000000000063665,3.2100000000000826,58.36257522583893,3.099999999999998,-9.919999999999845,-3.4099999999998545,0.0,0.0,0.0,4.063549695705566,4.686914763395669,8.515721930623373,4.576141114519492
2025-04-14 09:12:14,22.96,1554.51,87.19,106.91,788.735,1577.47,1531.55,1.9417801898714013,194.1,19.72,0.0,0.0,0.0,0.0,0.0,1.5500000000000007,-1.6600000000000819,-0.055000000000063665,0.0,0.0,0.0,4.063549695705566,2.8833782268944224,8.622111110377846,4.435881254045891
