time,force_left,force_right,dis_left,dis_right,force_avg,force_sum,force_diff,force_diff_ratio,total_delta_dis,dis_diff,left_force_rate,right_force_rate,force_rate,force_rate_diff,force_rate_ratio,left_force_acc,right_force_acc,force_acc,left_dis_rate,right_dis_rate,dis_rate_diff,stiffness_ratio,force_std_5s,force_diff_std_5s,force_rate_std_5s
2024-06-04 18:32:41,483.0,505.41,8.72,0.78,494.20500000000004,988.4100000000001,22.410000000000025,0.04534555489048971,9.5,7.94,0.0,0.0,0.0,0.0,0.0,0.0,0.0,0.0,0.0,0.0,0.0,52.021573471413326,0.0,0.0,0.0
2024-06-04 18:32:42,506.72,534.4,9.59,1.73,520.56,1041.12,27.67999999999995,0.0531735053535163,11.32,7.859999999999999,23.720000000000027,28.989999999999952,26.354999999999905,5.269999999999925,0.19996204894850672,23.720000000000027,28.989999999999952,26.354999999999905,0.8699999999999992,0.95,0.08000000000000074,45.98586166202635,0.0,0.0,0.0
2024-06-04 18:32:43,517.27,562.05,10.43,2.63,539.66,1079.32,44.77999999999997,0.08297817128751771,13.059999999999999,7.8,10.549999999999955,27.649999999999977,19.100000000000023,17.100000000000023,0.8952879112414707,-13.170000000000073,-1.339999999999975,-7.254999999999882,0.8399999999999999,0.8999999999999999,0.06000000000000005,41.32158948533006,0.0,0.0,0.0
2024-06-04 18:32:44,506.72,579.17,11.27,3.55,542.9449999999999,1085.8899999999999,72.44999999999993,0.13343893003262028,14.82,7.72,-10.549999999999955,17.120000000000005,3.284999999999968,27.66999999999996,8.423132900111819,-21.09999999999991,-10.529999999999973,-15.815000000000055,0.8399999999999999,0.9199999999999999,0.08000000000000007,36.63596244021846,0.0,0.0,0.0
2024-06-04 18:32:45,512.0,546.25,12.09,4.48,529.125,1058.25,34.25,0.06472950613800235,16.57,7.609999999999999,5.279999999999973,-32.91999999999996,-13.819999999999936,38.19999999999993,2.764109785520284,15.829999999999927,-50.039999999999964,-17.104999999999905,0.8200000000000003,0.9300000000000006,0.11000000000000032,31.932707789214977,19.503543716463394,19.809157730706243,15.947557571615743
2024-06-04 18:32:46,522.54,535.71,12.9,5.38,529.125,1058.25,13.170000000000073,0.024890148783576517,18.28,7.5200000000000005,10.539999999999964,-10.539999999999964,0.0,21.079999999999927,21079999.99999993,5.259999999999991,22.379999999999995,13.819999999999936,0.8100000000000005,0.8999999999999995,0.08999999999999897,28.945567344334385,9.02043554935125,22.185462131765433,15.947557571615743
2024-06-04 18:32:47,543.62,572.59,13.74,6.31,558.105,1116.21,28.970000000000027,0.051907795035149716,20.05,7.430000000000001,21.08000000000004,36.879999999999995,28.980000000000018,15.799999999999955,0.54520356986875,10.540000000000077,47.41999999999996,28.980000000000018,0.8399999999999999,0.9299999999999997,0.08999999999999986,27.835659459568106,11.967608157021157,22.03566608931978,16.766846900953073
2024-06-04 18:32:48,562.05,600.23,14.53,7.2,581.14,1162.28,38.180000000000064,0.0656984546482803,21.73,7.329999999999999,18.42999999999995,27.639999999999986,23.034999999999968,9.210000000000036,0.39982633384735033,-2.650000000000091,-9.240000000000009,-5.94500000000005,0.7899999999999991,0.8900000000000006,0.10000000000000142,26.743671111658024,22.013724014804897,21.778378727536122,17.52225135363602
2024-06-04 18:32:49,551.52,621.28,15.34,8.1,586.4,1172.8,69.75999999999999,0.11896316487216375,23.439999999999998,7.24,-10.529999999999973,21.049999999999955,5.259999999999991,31.579999999999927,6.003801139961757,-28.959999999999923,-6.590000000000032,-17.774999999999977,0.8100000000000005,0.8999999999999995,0.08999999999999897,25.017063779135505,27.395746339532263,20.702853185008074,17.402903637037102
2024-06-04 18:32:50,544.93,605.49,16.13,9.03,575.21,1150.42,60.56000000000006,0.1052832876596665,25.159999999999997,7.1,-6.590000000000032,-15.789999999999964,-11.18999999999994,9.199999999999932,0.8221625717459704,3.939999999999941,-36.83999999999992,-16.449999999999932,0.7899999999999991,0.9299999999999997,0.14000000000000057,22.862081762238407,23.196445147909913,23.078948632899184,16.57234051062189
2024-06-04 18:32:51,556.79,593.65,16.91,9.93,575.22,1150.44,36.860000000000014,0.06407983021438786,26.84,6.98,11.860000000000014,-11.840000000000032,0.009999999999990905,23.700000000000045,2369.76302369979,18.450000000000045,3.949999999999932,11.199999999999932,0.7800000000000011,0.9000000000000004,0.11999999999999922,21.43144480508775,10.641451968598606,17.374509489479113,16.57095063658085
2024-06-04 18:32:52,587.07,604.17,17.73,10.8,595.62,1191.24,17.09999999999991,0.028709579885313335,28.53,6.93,30.280000000000086,10.519999999999982,20.399999999999977,19.760000000000105,0.9686274034986628,18.420000000000073,22.360000000000014,20.389999999999986,0.8200000000000003,0.870000000000001,0.05000000000000071,20.87697087707778,8.58922115211784,20.88697488867168,14.301922772830197
2024-06-04 18:32:53,600.23,646.27,18.49,11.69,623.25,1246.5,46.039999999999964,0.07387083822884738,30.18,6.799999999999999,13.159999999999968,42.10000000000002,27.629999999999995,28.940000000000055,1.0474121951714752,-17.12000000000012,31.58000000000004,7.230000000000018,0.759999999999998,0.8899999999999988,0.13000000000000078,20.651092755099643,19.879646626637655,20.58677925271463,15.634979053391765
2024-06-04 18:32:54,602.86,662.05,19.27,12.59,632.4549999999999,1264.9099999999999,59.18999999999994,0.09358768593245727,31.86,6.68,2.6299999999999955,15.779999999999973,9.204999999999927,13.149999999999977,1.4285712733762965,-10.529999999999973,-26.32000000000005,-18.425000000000068,0.7800000000000011,0.9000000000000004,0.11999999999999922,19.85106654579201,26.650752428402125,17.914438311038424,15.534739457100631
2024-06-04 18:32:55,594.96,660.73,20.03,13.49,627.845,1255.69,65.76999999999998,0.10475515436970084,33.52,6.540000000000001,-7.899999999999977,-1.3199999999999363,-4.6099999999999,6.580000000000041,1.427331577585381,-10.529999999999973,-17.09999999999991,-13.814999999999827,0.7600000000000016,0.9000000000000004,0.1399999999999988,18.730458868423064,24.550009826881524,19.225633149522036,13.522873954895799
2024-06-04 18:32:56,604.17,631.8,20.82,14.36,617.9849999999999,1235.9699999999998,27.629999999999995,0.04470982298160987,35.18,6.460000000000001,9.209999999999923,-28.930000000000064,-9.860000000000127,38.139999999999986,3.868153765907275,17.1099999999999,-27.610000000000127,-5.250000000000227,0.7899999999999991,0.8699999999999992,0.08000000000000007,17.5663724398416,14.35321714808134,20.59593964838702,15.945309498407369
2024-06-04 18:32:57,627.86,647.58,21.57,15.26,637.72,1275.44,19.720000000000027,0.0309226619348262,36.83,6.3100000000000005,23.690000000000055,15.780000000000086,19.735000000000127,7.909999999999968,0.4008107220263083,14.480000000000132,44.71000000000015,29.595000000000255,0.75,0.9000000000000004,0.15000000000000036,17.31523167756634,7.699044908296962,19.784977887275968,15.824102265215588
2024-06-04 18:32:58,652.84,688.33,22.3,16.13,670.585,1341.17,35.49000000000001,0.05292393946640033,38.43,6.170000000000002,24.980000000000018,40.75,32.86500000000001,15.769999999999982,0.47984176236598863,1.2899999999999636,24.969999999999914,13.129999999999882,0.7300000000000004,0.8699999999999992,0.1399999999999988,17.44951815119651,19.962504101439066,20.03007988002042,17.497583618888672
2024-06-04 18:32:59,629.17,711.98,23.06,17.0,670.575,1341.15,82.81000000000006,0.12349103363010702,40.06,6.059999999999999,-23.670000000000073,23.649999999999977,-0.009999999999990905,47.32000000000005,4731.5268473195765,-48.65000000000009,-17.100000000000023,-32.875,0.759999999999998,0.870000000000001,0.11000000000000298,16.739265682993867,24.42211436382955,26.851355273058388,18.00988180138896
2024-06-04 18:33:00,627.86,693.59,23.79,17.87,660.725,1321.45,65.73000000000002,0.09948162987705685,41.66,5.919999999999998,-1.3099999999999454,-18.389999999999986,-9.850000000000023,17.08000000000004,1.7340099762426422,22.360000000000127,-42.039999999999964,-9.840000000000032,0.7300000000000004,0.870000000000001,0.14000000000000057,15.859937209315,23.056102662851927,26.84410326310046,19.02368109751638
2024-06-04 18:33:01,643.64,671.25,24.52,18.74,657.4449999999999,1314.8899999999999,27.610000000000014,0.04199590833910686,43.26,5.780000000000001,15.779999999999973,-22.340000000000032,-3.2800000000000864,38.120000000000005,11.621947676235159,17.089999999999918,-3.9500000000000455,6.569999999999936,0.7300000000000004,0.8699999999999974,0.13999999999999702,15.19752623214225,13.468336942620745,26.847577544352127,17.79003323493246
2024-06-04 18:33:02,671.25,704.1,25.25,19.61,687.675,1375.35,32.85000000000002,0.047769658562882705,44.86,5.640000000000001,27.610000000000014,32.85000000000002,30.230000000000018,5.240000000000009,0.17333773822898668,11.830000000000041,55.190000000000055,33.510000000000105,0.7300000000000004,0.870000000000001,0.14000000000000057,15.32935766095948,11.778562306154269,24.103068684298286,20.016503940498726
2024-06-04 18:33:03,685.7,736.93,25.95,20.48,711.315,1422.63,51.229999999999905,0.0720215374735221,46.43,5.469999999999999,14.450000000000045,32.82999999999993,23.6400000000001,18.37999999999988,0.7774957369925578,-13.159999999999968,-0.020000000000095497,-6.589999999999918,0.6999999999999993,0.870000000000001,0.1700000000000017,15.320159049748892,22.240352290374236,22.912583442292153,17.66845296000761
2024-06-04 18:33:04,669.93,751.38,26.65,21.35,710.655,1421.31,81.45000000000005,0.11461257556111963,48.0,5.299999999999997,-15.770000000000095,14.450000000000045,-0.6600000000000819,30.22000000000014,45.78780941240451,-30.22000000000014,-18.37999999999988,-24.300000000000182,0.6999999999999993,0.870000000000001,0.1700000000000017,14.805312191555997,26.003762612359576,22.45967230393178,17.74568764517177
2024-06-04 18:33:05,676.5,729.06,27.36,22.19,702.78,1405.56,52.559999999999945,0.0747886962139094,49.55,5.169999999999998,6.57000000000005,-22.32000000000005,-7.875,28.8900000000001,3.66857096272116,22.340000000000146,-36.770000000000095,-7.214999999999918,0.7100000000000009,0.8399999999999999,0.129999999999999,14.18324895694755,22.53085062752726,21.1477280103561,17.26403429097619
2024-06-04 18:33:06,710.67,723.8,28.06,23.06,717.2349999999999,1434.4699999999998,13.129999999999995,0.018306412795936595,51.12,5.0,34.16999999999996,-5.259999999999991,14.454999999999927,39.42999999999995,2.727775667397059,27.59999999999991,17.06000000000006,22.329999999999927,0.6999999999999993,0.8699999999999974,0.16999999999999815,14.030418348387746,11.426880370422088,25.397592011842384,16.040043095328677
2024-06-04 18:33:07,726.43,763.19,28.76,23.9,744.81,1489.62,36.760000000000105,0.04935486896073527,52.66,4.860000000000003,15.759999999999991,39.3900000000001,27.575000000000045,23.63000000000011,0.8569355990231902,-18.409999999999968,44.65000000000009,13.120000000000118,0.7000000000000028,0.8399999999999999,0.13999999999999702,14.14375210513194,16.18327508571514,24.938124027279994,15.311326118269486
2024-06-04 18:33:08,704.1,790.74,29.43,24.75,747.4200000000001,1494.8400000000001,86.63999999999999,0.11591876038115279,54.18,4.68,-22.329999999999927,27.549999999999955,2.6100000000001273,49.87999999999988,19.111103788848144,-38.08999999999992,-11.840000000000146,-24.964999999999918,0.6699999999999982,0.8500000000000014,0.18000000000000327,13.795127098650296,20.334780242233368,30.77524118508252,13.94522113485477
2024-06-04 18:33:09,705.41,775.0,30.11,25.59,740.2049999999999,1480.4099999999999,69.59000000000003,0.09401449585720921,55.7,4.52,1.3099999999999454,-15.740000000000009,-7.2150000000001455,17.049999999999955,2.3631320356018817,23.639999999999873,-43.289999999999964,-9.825000000000273,0.6799999999999997,0.8399999999999999,0.16000000000000014,13.28913800199034,19.555099398875992,28.515071979568965,15.12920272188858
2024-06-04 18:33:10,734.31,744.81,30.78,26.43,739.56,1479.12,10.5,0.01419763100465462,57.21,4.350000000000001,28.899999999999977,-30.190000000000055,-0.6449999999999818,59.09000000000003,91.61226106626454,27.590000000000032,-14.450000000000045,6.570000000000164,0.6700000000000017,0.8399999999999999,0.16999999999999815,12.927110419033204,11.97366662722475,33.90559437614978,13.76642945719771
2024-06-04 18:33:11,757.94,754.0,31.45,26.68,755.97,1511.94,3.9400000000000546,0.005211847024072658,58.129999999999995,4.77,23.63000000000011,9.190000000000055,16.410000000000082,14.440000000000055,0.8799511956154044,-5.269999999999868,39.38000000000011,17.055000000000064,0.6699999999999982,0.25,0.41999999999999815,13.00481656623402,6.653209375926013,36.12785601167053,14.043441796796161
2024-06-04 18:33:12,736.93,750.06,32.13,26.68,743.4949999999999,1486.9899999999998,13.129999999999995,0.017659836289874394,58.81,5.450000000000003,-21.010000000000105,-3.9400000000000546,-12.475000000000136,17.07000000000005,1.3683365636603848,-44.640000000000214,-13.13000000000011,-28.88500000000022,0.6800000000000033,0.0,0.6800000000000033,12.642322519259945,6.717578618811252,38.37623027343878,10.99832066726562
2024-06-04 18:33:13,729.06,746.12,32.77,26.68,737.5899999999999,1475.1799999999998,17.06000000000006,0.023129380789965535,59.45,6.090000000000003,-7.8700000000000045,-3.939999999999941,-5.904999999999973,3.9300000000000637,0.6655375672248119,13.1400000000001,1.1368683772161603e-13,6.570000000000164,0.6400000000000006,0.0,0.6400000000000006,12.406896343029496,7.360658428422799,26.564734705996962,11.101004684261765
2024-06-04 18:33:14,757.94,747.44,33.45,26.68,752.69,1505.38,10.5,0.013949966102977366,60.13,6.770000000000003,28.88000000000011,1.32000000000005,15.100000000000136,27.56000000000006,1.8251654420420111,36.750000000000114,5.259999999999991,21.00500000000011,0.6799999999999997,0.0,0.6799999999999997,12.517711416635434,8.101498626791818,4.785413252792225,12.81633459691195
2024-06-04 18:33:15,781.56,747.44,34.09,26.68,764.5,1529.0,34.11999999999989,0.04463047737785404,60.77,7.410000000000004,23.61999999999989,0.0,11.809999999999945,23.61999999999989,1.9999998306520044,-5.260000000000218,-1.32000000000005,-3.290000000000191,0.6400000000000006,0.0,0.6400000000000006,12.580220296524267,10.557534276520492,11.325590492331877,13.255830132436138
2024-06-04 18:33:16,743.5,742.19,34.74,26.68,742.845,1485.69,1.3099999999999454,0.001763490362372305,61.42,8.060000000000002,-38.059999999999945,-5.25,-21.654999999999973,32.809999999999945,1.5151234580871173,-61.679999999999836,-5.25,-33.46499999999992,0.6499999999999986,0.0,0.6499999999999986,12.094512990971785,10.597551250166589,12.049171340801776,15.75171935059792
2024-06-04 18:33:17,742.19,752.69,35.38,26.71,747.44,1494.88,10.5,0.014047950318356053,62.09,8.670000000000002,-1.3099999999999454,10.5,4.595000000000027,11.809999999999945,2.570184424334157,36.75,15.75,26.25,0.6400000000000006,0.030000000000001137,0.6099999999999994,12.03800914739879,10.300133251560698,12.219636655809325,14.910529584826964
2024-06-04 18:33:18,777.62,778.94,36.03,27.55,778.28,1556.56,1.32000000000005,0.0016960476927378352,63.58,8.48,35.42999999999995,26.25,30.839999999999918,9.17999999999995,0.29766535999787985,36.739999999999895,15.75,26.24499999999989,0.6499999999999986,0.8399999999999999,0.19000000000000128,12.240956083029946,14.311779414171287,13.426842517881795,19.21919307619336
2024-06-04 18:33:19,797.3,824.84,36.65,28.39,811.0699999999999,1622.1399999999999,27.540000000000077,0.03395514562990239,65.03999999999999,8.259999999999998,19.67999999999995,45.89999999999998,32.789999999999964,26.220000000000027,0.7996340103801783,-15.75,19.649999999999977,1.9500000000000455,0.6199999999999974,0.8399999999999999,0.22000000000000242,12.470325761526357,27.500096727100527,15.146168492394338,22.215838775522254
2024-06-04 18:33:20,765.81,849.75,37.29,29.24,807.78,1615.56,83.94000000000005,0.10391443201872493,66.53,8.05,-31.49000000000001,24.909999999999968,-3.2899999999999636,56.39999999999998,17.142851932264033,-51.16999999999996,-20.99000000000001,-36.07999999999993,0.6400000000000006,0.8499999999999979,0.2099999999999973,12.141590077535096,32.20637700828639,34.68628432103965,23.197710932331184
2024-06-04 18:33:21,771.06,840.58,37.91,30.05,805.8199999999999,1611.6399999999999,69.5200000000001,0.08627236841196263,67.96,7.859999999999996,5.25,-9.169999999999959,-1.9600000000000364,14.419999999999959,7.3571391035003,36.74000000000001,-34.07999999999993,1.3299999999999272,0.6199999999999974,0.8100000000000023,0.19000000000000483,11.857268807279741,27.198470912900024,36.446836351047,17.810806410715898
2024-06-04 18:33:22,797.3,807.8,38.55,30.86,802.55,1605.1,10.5,0.013083296974539535,69.41,7.689999999999998,26.24000000000001,-32.780000000000086,-3.269999999999982,59.020000000000095,18.048924144060024,20.99000000000001,-23.610000000000127,-1.3099999999999454,0.6400000000000006,0.8099999999999987,0.16999999999999815,11.56245481108695,13.125896159876516,36.446836351047,19.001485994521545
2024-06-04 18:33:23,811.73,861.55,39.14,31.68,836.64,1673.28,49.819999999999936,0.059547714597021684,70.82,7.460000000000001,14.430000000000064,53.75,34.09000000000003,39.319999999999936,1.1534173906301706,-11.809999999999945,86.53000000000009,37.360000000000014,0.5900000000000034,0.8200000000000003,0.22999999999999687,11.813611807206838,13.695965464320103,29.927493713974787,19.883994065579472
2024-06-04 18:33:24,794.68,885.13,39.76,32.52,839.905,1679.81,90.45000000000005,0.10769075061144927,72.28,7.239999999999995,-17.050000000000068,23.58000000000004,3.2649999999999864,40.63000000000011,12.44410032339968,-31.480000000000132,-30.16999999999996,-30.825000000000045,0.6199999999999974,0.8400000000000034,0.22000000000000597,11.620157559211988,18.147515807951336,32.176312405246215,16.06125368705694
2024-06-04 18:33:25,795.99,872.03,40.38,33.31,834.01,1668.02,76.03999999999996,0.0911739666296879,73.69,7.07,1.3100000000000591,-13.100000000000023,-5.894999999999982,14.410000000000082,2.444444029780508,18.360000000000127,-36.680000000000064,-9.159999999999968,0.6200000000000045,0.7899999999999991,0.1699999999999946,11.317817732150662,18.050779069055135,30.928559293960014,16.465655696023777
2024-06-04 18:33:26,840.58,849.75,40.97,34.12,845.165,1690.33,9.169999999999959,0.010849952363325513,75.09,6.850000000000001,44.59000000000003,-22.279999999999973,11.154999999999973,66.87,5.994620708684846,43.27999999999997,-9.17999999999995,17.049999999999955,0.5899999999999963,0.8099999999999952,0.21999999999999886,11.255360084493805,16.793450136878743,37.08889092437249,16.070629032492786
2024-06-04 18:33:27,840.58,891.68,41.56,34.93,866.13,1732.26,51.09999999999991,0.0589980718148567,76.49000000000001,6.630000000000003,0.0,41.92999999999995,20.965000000000032,41.92999999999995,1.9999999046029087,-44.59000000000003,64.20999999999992,9.81000000000006,0.5900000000000034,0.8100000000000023,0.21999999999999886,11.32344082463798,12.856402587809102,30.989176013569654,15.516292405081835
2024-06-04 18:33:28,815.67,919.17,42.15,35.75,867.42,1734.84,103.5,0.11931936072569303,77.9,6.399999999999999,-24.910000000000082,27.49000000000001,1.2899999999999636,52.40000000000009,40.62012355029304,-24.910000000000082,-14.43999999999994,-19.675000000000068,0.5899999999999963,0.8200000000000003,0.23000000000000398,11.13504478645642,15.355913111886936,37.270965509361325,10.265950029101054
2024-06-04 18:33:29,832.71,896.92,42.74,36.56,864.815,1729.63,64.20999999999992,0.07424709322312036,79.30000000000001,6.18,17.040000000000077,-22.25,-2.6049999999999045,39.29000000000008,15.082527799414095,41.95000000000016,-49.74000000000001,-3.894999999999868,0.5900000000000034,0.8100000000000023,0.21999999999999886,10.905611463989766,15.087118097894614,34.73802858539903,10.98936736122692
2024-06-04 18:33:30,874.65,883.82,43.33,37.35,879.235,1758.47,9.170000000000073,0.010429521105927939,80.68,5.979999999999997,41.93999999999994,-13.099999999999909,14.419999999999959,55.03999999999985,3.8169206784382337,24.899999999999864,9.150000000000091,17.024999999999864,0.5899999999999963,0.7899999999999991,0.20000000000000284,10.897806012669731,12.27019692180269,39.89529232879486,9.63446482685984
2024-06-04 18:33:31,848.44,932.26,43.92,38.16,890.35,1780.7,83.81999999999994,0.09414275274426594,82.08,5.760000000000005,-26.209999999999923,48.43999999999994,11.115000000000009,74.64999999999986,6.716148743486375,-68.14999999999986,61.53999999999985,-3.30499999999995,0.5900000000000034,0.8099999999999952,0.21999999999999176,10.847343922425148,10.994143327236296,35.750585309893836,9.632291134512052
2024-06-04 18:33:32,840.58,949.28,44.48,38.95,894.9300000000001,1789.8600000000001,108.69999999999993,0.1214620136530655,83.43,5.529999999999994,-7.860000000000014,17.019999999999982,4.580000000000041,24.879999999999995,5.432313224385709,18.34999999999991,-31.41999999999996,-6.534999999999968,0.5599999999999952,0.7900000000000063,0.23000000000001108,10.726716879698946,13.391608846580551,40.21651837242995,6.982444951447828
2024-06-04 18:33:33,878.58,890.37,45.04,39.06,884.475,1768.95,11.789999999999964,0.013329941475643769,84.1,5.979999999999997,38.0,-58.90999999999997,-10.455000000000041,96.90999999999997,9.269248276494626,45.860000000000014,-75.92999999999995,-15.035000000000082,0.5600000000000023,0.10999999999999943,0.45000000000000284,10.516943989096982,11.652326698982234,44.06005072625309,10.128850749221234
2024-06-04 18:33:34,895.61,890.37,45.63,39.06,892.99,1785.98,5.240000000000009,0.00586792684591326,84.69,6.57,17.029999999999973,0.0,8.514999999999986,17.029999999999973,1.9999997651204036,-20.970000000000027,58.90999999999997,18.970000000000027,0.5900000000000034,0.0,0.5900000000000034,10.544219972319992,6.459765282099292,48.79637619741854,9.688938925393218
2024-06-04 18:33:35,866.79,889.06,46.16,39.06,877.925,1755.85,22.269999999999982,0.025366631517081017,85.22,7.099999999999994,-28.82000000000005,-1.3100000000000591,-15.065000000000055,27.50999999999999,1.8260868353078696,-45.85000000000002,-1.3100000000000591,-23.58000000000004,0.529999999999994,0.0,0.529999999999994,10.301865638325914,6.933414923384857,46.78620127772714,11.757368753254292
2024-06-04 18:33:36,870.72,889.06,46.75,39.06,879.89,1759.78,18.339999999999918,0.020843514506536504,85.81,7.689999999999998,3.9300000000000637,0.0,1.9650000000000318,3.9300000000000637,1.9999989821888131,32.750000000000114,1.3100000000000591,17.030000000000086,0.5900000000000034,0.0,0.5900000000000034,10.253932988533586,7.639691256838591,42.66339496570798,10.145464257489666
2024-06-04 18:33:37,912.63,885.13,47.28,39.06,898.88,1797.76,27.5,0.030593627591454224,86.34,8.219999999999999,41.90999999999997,-3.92999999999995,18.99000000000001,45.83999999999992,2.4139019265981023,37.979999999999905,-3.92999999999995,17.024999999999977,0.5300000000000011,0.0,0.5300000000000011,10.410933398066557,8.890398331898057,8.735792465483524,13.87558377150311
2024-06-04 18:33:38,891.68,882.51,47.84,39.06,887.095,1774.19,9.169999999999959,0.010337111571661261,86.9,8.780000000000001,-20.950000000000045,-2.6200000000000045,-11.784999999999968,18.33000000000004,1.555366859960393,-62.860000000000014,1.3099999999999454,-30.774999999999977,0.5600000000000023,0.0,0.5600000000000023,10.208227730630291,8.793428938691424,9.195038335972217,14.154982515001564
2024-06-04 18:33:39,875.96,886.44,48.41,39.06,881.2,1762.4,10.480000000000018,0.011892873341020363,87.47,9.349999999999994,-15.719999999999914,3.9300000000000637,-5.894999999999982,19.649999999999977,3.3333327678824887,5.230000000000132,6.550000000000068,5.889999999999986,0.5699999999999932,0.0,0.5699999999999932,10.074311077234354,8.480140476419932,7.780010925442122,13.57637635748214
2024-06-04 18:33:40,907.39,937.5,48.94,39.2,922.4449999999999,1844.8899999999999,30.110000000000014,0.03264151246671455,88.14,9.739999999999995,31.42999999999995,51.059999999999945,41.24499999999989,19.629999999999995,0.4759364656094941,47.149999999999864,47.12999999999988,47.13999999999987,0.5300000000000011,0.14000000000000057,0.39000000000000057,10.46567948189608,17.6316159922967,9.555953641578585,21.464287316377344
2024-06-04 18:33:41,889.06,942.73,49.3,40.01,915.895,1831.79,53.67000000000007,0.058598420060598275,89.31,9.29,-18.33000000000004,5.230000000000018,-6.5499999999999545,23.56000000000006,3.5969460157334665,-49.75999999999999,-45.82999999999993,-47.794999999999845,0.35999999999999943,0.8099999999999952,0.44999999999999574,10.255234461367882,17.829606207087455,18.08809912622109,22.466852638943383
2024-06-04 18:33:42,889.06,936.19,49.3,40.8,912.625,1825.25,47.13000000000011,0.051642240732346655,90.1,8.5,0.0,-6.539999999999964,-3.269999999999982,6.539999999999964,1.9999993883793918,18.33000000000004,-11.769999999999982,3.2799999999999727,0.0,0.7899999999999991,0.7899999999999991,10.129023195016392,18.449994444438488,20.424094104757767,21.74050177663793
2024-06-04 18:33:43,890.37,983.29,49.47,41.61,936.8299999999999,1873.6599999999999,92.91999999999996,0.09918555116810351,91.08,7.859999999999999,1.3100000000000591,47.09999999999991,24.204999999999927,45.78999999999985,1.8917578231044065,1.3100000000000591,53.63999999999987,27.47499999999991,0.1700000000000017,0.8100000000000023,0.6400000000000006,10.285792596774346,20.455112869397915,30.708465770858663,21.683314034067692
2024-06-04 18:33:44,889.06,997.67,50.01,42.4,943.365,1886.73,108.61000000000001,0.11513041069455576,92.41,7.609999999999999,-1.3100000000000591,14.379999999999995,6.535000000000082,15.690000000000055,2.4009177657355916,-2.6200000000001182,-32.719999999999914,-17.669999999999845,0.5399999999999991,0.7899999999999991,0.25,10.208472998501538,13.343562867533022,32.92151910225282,20.065120420769894
2024-06-04 18:33:45,928.34,963.67,50.57,43.19,946.005,1892.01,35.32999999999993,0.037346525613134604,93.75999999999999,7.380000000000003,39.280000000000086,-34.0,2.6399999999999864,73.28000000000009,27.757565243346672,40.590000000000146,-48.379999999999995,-3.8950000000000955,0.5600000000000023,0.7899999999999991,0.22999999999999687,10.089643663719672,15.635041733228752,31.532990977704586,12.02225571596274
2024-06-04 18:33:46,944.04,974.13,51.07,43.97,959.085,1918.17,30.090000000000032,0.031373652980316004,95.03999999999999,7.100000000000001,15.699999999999932,10.460000000000036,13.080000000000041,5.239999999999895,0.4006115901673004,-23.580000000000155,44.460000000000036,10.440000000000055,0.5,0.7800000000000011,0.28000000000000114,10.091382469577207,17.10399353951595,35.62254595056337,10.53876095658304
2024-06-04 18:33:47,913.94,1013.36,51.61,44.76,963.6500000000001,1927.3000000000002,99.41999999999996,0.10317023804994523,96.37,6.850000000000001,-30.09999999999991,39.23000000000002,4.565000000000055,69.32999999999993,15.187291306179144,-45.79999999999984,28.769999999999982,-8.514999999999986,0.5399999999999991,0.7899999999999991,0.25,9.999481062576725,11.203403835433257,37.49272102688733,8.757473237184287
2024-06-04 18:33:48,932.26,1018.59,52.14,45.54,975.425,1950.85,86.33000000000004,0.08850501054565449,97.68,6.600000000000001,18.319999999999936,5.230000000000018,11.774999999999864,13.089999999999918,1.111677187967973,48.419999999999845,-34.0,7.209999999999809,0.5300000000000011,0.7800000000000011,0.25,9.98592332119243,13.167891061206277,36.73766704623471,4.5369943244398545
2024-06-04 18:33:49,964.98,988.52,52.64,46.3,976.75,1953.5,23.539999999999964,0.024100332711440624,98.94,6.340000000000003,32.72000000000003,-30.07000000000005,1.3250000000000455,62.79000000000008,47.388643480267504,14.400000000000091,-35.30000000000007,-10.449999999999818,0.5,0.759999999999998,0.259999999999998,9.872144634403229,12.659240004826238,35.1846453726622,5.394205919317443
2024-06-04 18:33:50,942.73,1015.97,53.18,47.09,979.35,1958.7,73.24000000000001,0.07478429562997468,100.27000000000001,6.089999999999996,-22.25,27.450000000000045,2.6000000000000227,49.700000000000045,19.115377263316287,-54.97000000000003,57.520000000000095,1.2749999999999773,0.5399999999999991,0.7900000000000063,0.2500000000000071,9.76712865496032,8.919722949721548,33.96538576256715,5.401714311216327
2024-06-04 18:33:51,942.73,991.14,53.68,47.31,966.935,1933.87,48.40999999999997,0.05006541282499295,100.99000000000001,6.369999999999997,0.0,-24.83000000000004,-12.415000000000077,24.83000000000004,1.9999998389045548,22.25,-52.280000000000086,-15.0150000000001,0.5,0.21999999999999886,0.28000000000000114,9.574561742998695,6.760213199285132,30.39204616342901,8.800755649374638
2024-06-04 18:33:52,987.21,981.98,54.19,47.31,984.595,1969.19,5.230000000000018,0.005311828716059079,101.5,6.8799999999999955,44.48000000000002,-9.159999999999968,17.660000000000082,53.639999999999986,3.037372421439825,44.48000000000002,15.670000000000073,30.07500000000016,0.509999999999998,0.0,0.509999999999998,9.700443254182826,6.447814939945722,33.659569961602294,11.461189619755896
2024-06-04 18:33:53,980.67,983.29,54.69,47.31,981.98,1963.96,2.6200000000000045,0.0026680787768915107,102.0,7.3799999999999955,-6.540000000000077,1.3099999999999454,-2.615000000000009,7.850000000000023,3.001910897930821,-51.020000000000095,10.469999999999914,-20.27500000000009,0.5,0.0,0.5,9.627254807575934,6.80299988973883,30.04881977715594,10.87161522038013
2024-06-04 18:33:54,946.66,976.75,55.2,47.31,961.7049999999999,1923.4099999999999,30.090000000000032,0.03128818085453632,102.51,7.890000000000001,-34.00999999999999,-6.539999999999964,-20.27500000000009,27.470000000000027,1.3548704633849291,-27.469999999999914,-7.849999999999909,-17.660000000000082,0.5100000000000051,0.0,0.5100000000000051,9.381572437990707,10.018362266348182,29.805441952770938,14.537978453003763
2024-06-04 18:33:55,983.29,978.06,55.7,47.31,980.675,1961.35,5.230000000000018,0.005333061406344566,103.01,8.39,36.629999999999995,1.3099999999999454,18.970000000000027,35.32000000000005,1.8618870921514448,70.63999999999999,7.849999999999909,39.24500000000012,0.5,0.0,0.5,9.520192121928044,10.1812680938962,20.205983767191274,17.631161688896228
2024-06-04 18:33:56,998.98,980.67,56.21,47.31,989.825,1979.65,18.31000000000006,0.018498219363525713,103.52000000000001,8.899999999999999,15.690000000000055,2.6100000000000136,9.150000000000091,13.080000000000041,1.4295080404909148,-20.93999999999994,1.3000000000000682,-9.819999999999936,0.509999999999998,0.0,0.509999999999998,9.56167881026199,10.682111448575403,11.686277422686747,16.34458954822671
2024-06-04 18:33:57,964.98,979.37,56.71,47.31,972.175,1944.35,14.389999999999986,0.014801861789490705,104.02000000000001,9.399999999999999,-34.0,-1.2999999999999545,-17.65000000000009,32.700000000000045,1.8526911131619694,-49.690000000000055,-3.909999999999968,-26.800000000000182,0.5,0.0,0.5,9.346039133377818,10.719542667473622,10.999450895385552,16.897991522663336
2024-06-04 18:33:58,970.21,978.06,57.22,47.31,974.135,1948.27,7.849999999999909,0.008058431317981058,104.53,9.909999999999997,5.230000000000018,-1.3100000000000591,1.9600000000000364,6.540000000000077,3.3367329914627373,39.23000000000002,-0.010000000000104592,19.610000000000127,0.509999999999998,0.0,0.509999999999998,9.319190573814307,10.428339752798074,9.81657170299277,17.012600624243255
2024-06-04 18:33:59,1009.44,974.13,57.72,47.31,991.7850000000001,1983.5700000000002,35.31000000000006,0.03560247429069565,105.03,10.409999999999997,39.23000000000002,-3.92999999999995,17.65000000000009,43.15999999999997,2.4453256404914505,34.0,-2.619999999999891,15.690000000000055,0.5,0.0,0.5,9.442873374817925,8.898406037026138,11.863621706713289,14.912316386128667
2024-06-04 18:34:00,981.98,1053.87,58.2,47.87,1017.925,2035.85,71.88999999999987,0.07062406358953342,106.07,10.330000000000005,-27.460000000000036,79.7399999999999,26.139999999999873,107.19999999999993,4.100994487337642,-66.69000000000005,83.66999999999985,8.489999999999782,0.480000000000004,0.5599999999999952,0.07999999999999119,9.596728484993603,18.364357598341847,25.753186210641907,16.70625780957543
2024-06-04 18:34:01,981.98,1039.5,58.71,48.66,1010.74,2021.48,57.51999999999998,0.05690879943713634,107.37,10.050000000000004,0.0,-14.36999999999989,-7.184999999999945,14.36999999999989,1.999999721642349,27.460000000000036,-94.10999999999979,-33.32499999999982,0.509999999999998,0.7899999999999991,0.28000000000000114,9.413616378749964,20.774917448687322,27.39253949527129,17.8488303538355
2024-06-04 18:34:02,1018.59,1046.03,59.21,49.44,1032.31,2064.62,27.43999999999994,0.02658116260950565,108.65,9.770000000000003,36.610000000000014,6.529999999999973,21.569999999999936,30.08000000000004,1.394529374384365,36.610000000000014,20.899999999999864,28.75499999999988,0.5,0.7800000000000011,0.28000000000000114,9.501242434411022,22.7618407098319,25.185783092848197,14.07399356970146
2024-06-04 18:34:03,992.44,1089.13,59.6,50.2,1040.785,2081.57,96.69000000000005,0.09290103134374439,109.80000000000001,9.399999999999999,-26.149999999999977,43.100000000000136,8.475000000000136,69.25000000000011,8.171090481287141,-62.75999999999999,36.570000000000164,-13.0949999999998,0.39000000000000057,0.7600000000000051,0.37000000000000455,9.478916124964334,19.113858650197994,28.011443197379165,13.182302056165986
2024-06-04 18:34:04,983.29,1085.21,59.6,50.96,1034.25,2068.5,101.92000000000007,0.09854483916021776,110.56,8.64,-9.150000000000091,-3.9200000000000728,-6.535000000000082,5.230000000000018,0.8003059219118639,16.999999999999886,-47.02000000000021,-15.010000000000218,0.0,0.759999999999998,0.759999999999998,9.354648974722783,12.423003159451468,30.39718852130905,15.443973986639525
2024-06-04 18:34:05,980.67,1057.79,59.66,51.72,1019.23,2038.46,77.12,0.07566496269177227,111.38,7.939999999999998,-2.6200000000000045,-27.420000000000073,-15.019999999999982,24.800000000000068,1.651131714305485,6.530000000000086,-23.5,-8.4849999999999,0.05999999999999517,0.759999999999998,0.7000000000000028,9.150924679916281,12.1909134194178,30.521245387434682,14.634554742116327
2024-06-04 18:34:06,1006.82,1090.43,60.17,52.5,1048.625,2097.25,83.61000000000001,0.07973298359305474,112.67,7.670000000000002,26.15000000000009,32.6400000000001,29.394999999999982,6.490000000000009,0.22078584042232258,28.770000000000095,60.06000000000017,44.414999999999964,0.5100000000000051,0.7800000000000011,0.269999999999996,9.30704704617869,10.904017035007257,29.614054602502552,18.590377416825067
2024-06-04 18:34:07,1035.58,1121.76,60.64,53.26,1078.67,2157.34,86.18000000000006,0.07989468504742447,113.9,7.380000000000003,28.759999999999877,31.329999999999927,30.045000000000073,2.57000000000005,0.08553835628096813,2.6099999999997863,-1.3100000000001728,0.650000000000091,0.46999999999999886,0.759999999999998,0.28999999999999915,9.470324763210494,22.033295429865138,10.051707815092916,20.475902788399846
2024-06-04 18:34:08,1009.44,1082.6,61.12,54.02,1046.02,2092.04,73.15999999999985,0.06994130124668606,115.14,7.099999999999994,-26.139999999999873,-39.16000000000008,-32.65000000000009,13.02000000000021,0.3987748729318622,-54.89999999999975,-70.49000000000001,-62.695000000000164,0.4799999999999969,0.7600000000000051,0.28000000000000824,9.084766292472066,21.948011982858823,11.068862633532001,27.819130692744555
2024-06-04 18:34:09,1022.51,1086.52,61.63,54.78,1054.5149999999999,2109.0299999999997,64.00999999999999,0.060700890873339026,116.41,6.850000000000001,13.069999999999936,3.9200000000000728,8.49499999999989,9.149999999999864,1.0771040521360717,39.20999999999981,43.080000000000155,41.14499999999998,0.5100000000000051,0.759999999999998,0.2499999999999929,9.058628905947694,21.243524483938824,8.821781566101041,27.606258031468187
2024-06-04 18:34:10,1057.79,1078.68,62.1,54.95,1068.2350000000001,2136.4700000000003,20.8900000000001,0.01955562210603891,117.05000000000001,7.149999999999999,35.27999999999997,-7.839999999999918,13.720000000000255,43.11999999999989,3.1428569137858733,22.210000000000036,-11.759999999999991,5.225000000000364,0.46999999999999886,0.1700000000000017,0.29999999999999716,9.126313463252341,13.85824240297796,26.488477683702353,25.5582470545224
2024-06-04 18:34:11,1035.58,1068.23,62.58,54.95,1051.905,2103.81,32.65000000000009,0.03103892458821012,117.53,7.6299999999999955,-22.210000000000036,-10.450000000000045,-16.330000000000155,11.759999999999991,0.7201469246695011,-57.49000000000001,-2.6100000000001273,-30.05000000000041,0.4799999999999969,0.0,0.4799999999999969,8.950097771206519,13.298054086959311,27.592835483146644,24.96820563236383
2024-06-04 18:34:12,1029.04,1068.23,63.06,54.95,1048.635,2097.27,39.190000000000055,0.037372393599896685,118.01,8.11,-6.539999999999964,0.0,-3.269999999999982,6.539999999999964,1.9999993883793918,15.670000000000073,10.450000000000045,13.060000000000173,0.480000000000004,0.0,0.480000000000004,8.885984163325276,8.655314552325828,21.8925466768943,18.863771362058106
2024-06-04 18:34:13,1068.23,1065.62,63.53,54.95,1066.925,2133.85,2.6100000000001273,0.002446282538654399,118.48,8.579999999999998,39.190000000000055,-2.6100000000001273,18.289999999999964,41.80000000000018,2.285401733985704,45.73000000000002,-2.6100000000001273,21.559999999999945,0.46999999999999886,0.0,0.46999999999999886,9.005106271057508,8.963803322234218,22.71496423065635,14.007904197273842
2024-06-04 18:34:14,1055.17,1064.32,64.01,54.95,1059.745,2119.49,9.149999999999864,0.008634152547420098,118.96000000000001,9.060000000000002,-13.059999999999945,-1.2999999999999545,-7.180000000000064,11.759999999999991,1.6378827802391513,-52.25,1.3100000000001728,-25.470000000000027,0.480000000000004,0.0,0.480000000000004,8.908414518254752,8.751835807400385,15.371835284051167,14.544811102245456
2024-06-04 18:34:15,1044.72,1064.32,64.49,54.95,1054.52,2109.04,19.59999999999991,0.01858665552233552,119.44,9.539999999999992,-10.450000000000045,0.0,-5.224999999999909,10.450000000000045,1.9999996172249972,2.6099999999999,1.2999999999999545,1.9550000000001546,0.47999999999998977,0.0,0.47999999999998977,8.828867976985366,7.176083890235507,15.382824838110864,12.778093363252612
2024-06-04 18:34:16,1076.07,1063.01,64.97,54.95,1069.54,2139.08,13.059999999999945,0.012210856992528645,119.92,10.019999999999996,31.34999999999991,-1.3099999999999454,15.019999999999982,32.659999999999854,2.174433943113579,41.799999999999955,-1.3099999999999454,20.24499999999989,0.480000000000004,0.0,0.480000000000004,8.918779111751341,8.633441231611696,13.990960295848172,12.118908572969735
2024-06-04 18:34:17,1069.54,1063.01,65.44,54.95,1066.275,2132.55,6.529999999999973,0.006124123695928206,120.39,10.489999999999995,-6.529999999999973,0.0,-3.2649999999998727,6.529999999999973,1.99999938744283,-37.87999999999988,1.3099999999999454,-18.284999999999854,0.46999999999999886,0.0,0.46999999999999886,8.856840195557437,6.136046569224253,6.494586206988007,12.118207685132276
2024-06-04 18:34:18,1055.17,1063.01,65.92,54.95,1059.0900000000001,2118.1800000000003,7.839999999999918,0.0074025814544536675,120.87,10.969999999999999,-14.36999999999989,0.0,-7.184999999999945,14.36999999999989,1.999999721642349,-7.839999999999918,0.0,-3.9200000000000728,0.480000000000004,0.0,0.480000000000004,8.762223804399573,6.010261433556002,5.275275348263791,9.413559767696777
2024-06-04 18:34:19,1076.07,1123.06,66.4,55.39,1099.565,2199.13,46.99000000000001,0.04273508156158565,121.79,11.010000000000005,20.899999999999864,60.049999999999955,40.47499999999991,39.15000000000009,0.9672637191534642,35.269999999999754,60.049999999999955,47.659999999999854,0.480000000000004,0.4399999999999977,0.04000000000000625,9.028368429030557,17.653830533334087,16.575117797469815,20.225507533804848
2024-06-04 18:34:20,1081.29,1149.15,66.87,56.12,1115.22,2230.44,67.86000000000013,0.06084898041565892,122.99000000000001,10.750000000000007,5.220000000000027,26.090000000000146,15.654999999999973,20.87000000000012,1.3331203236588842,-15.679999999999836,-33.95999999999981,-24.819999999999936,0.46999999999999886,0.7299999999999969,0.259999999999998,9.067566395092557,24.18405326862437,27.563518099110713,18.936020569274767
2024-06-04 18:34:21,1057.79,1124.36,67.32,56.88,1091.0749999999998,2182.1499999999996,66.56999999999994,0.06101322085006688,124.19999999999999,10.43999999999999,-23.5,-24.79000000000019,-24.14500000000021,1.290000000000191,0.05342720838985179,-28.720000000000027,-50.88000000000034,-39.80000000000018,0.44999999999998863,0.7600000000000051,0.3100000000000165,8.784822795613342,23.32647021089247,30.339603985550017,24.677007922355582
2024-06-04 18:34:22,1082.6,1147.85,67.8,57.64,1115.225,2230.45,65.25,0.05850837269743023,125.44,10.159999999999997,24.809999999999945,23.49000000000001,24.15000000000009,1.3199999999999363,0.05465838282987778,48.309999999999945,48.2800000000002,48.2950000000003,0.480000000000004,0.759999999999998,0.27999999999999403,8.890505350043803,23.120963701793247,25.53705484193512,25.602304095530194
2024-06-04 18:34:23,1100.88,1184.35,68.28,58.37,1142.615,2285.23,83.4699999999998,0.07305172777090102,126.65,9.910000000000004,18.2800000000002,36.5,27.3900000000001,18.2199999999998,0.665206255377637,-6.529999999999745,13.009999999999991,3.240000000000009,0.480000000000004,0.7299999999999969,0.2499999999999929,9.021831748741953,19.67100721873748,12.951101111488473,24.517520011208397
2024-06-04 18:34:24,1076.07,1159.58,68.73,59.13,1117.8249999999998,2235.6499999999996,83.50999999999999,0.07470757938433334,127.86000000000001,9.600000000000001,-24.810000000000173,-24.769999999999982,-24.79000000000019,0.040000000000190994,0.0016135537872786162,-43.09000000000037,-61.26999999999998,-52.18000000000029,0.45000000000000284,0.7600000000000051,0.3100000000000023,8.742569930059673,18.257773549905213,9.318756354793193,26.025723957269804
2024-06-04 18:34:25,1085.21,1134.8,69.18,59.27,1110.005,2220.01,49.58999999999992,0.044675474394551766,128.45000000000002,9.910000000000004,9.1400000000001,-24.779999999999973,-7.819999999999709,33.92000000000007,4.3375953532488465,33.95000000000027,-0.009999999999990905,16.970000000000482,0.45000000000000284,0.14000000000000057,0.3100000000000023,8.641533603413517,18.488956974356856,14.268304734620688,25.429672038781902
2024-06-04 18:34:26,1073.46,1126.97,69.18,59.27,1100.2150000000001,2200.4300000000003,53.50999999999999,0.04863594838405587,128.45000000000002,9.910000000000004,-11.75,-7.829999999999927,-9.789999999999964,3.9200000000000728,0.4004085392841214,-20.8900000000001,16.950000000000045,-1.9700000000002547,0.0,0.0,0.0,8.565317177381727,15.735859366415717,16.062144315128002,22.84878158677182
2024-06-04 18:34:27,1100.88,1147.85,69.18,59.8,1124.365,2248.73,46.9699999999998,0.041774690565986226,128.98000000000002,9.38000000000001,27.420000000000073,20.87999999999988,24.149999999999864,6.540000000000191,0.27080744220259984,39.17000000000007,28.70999999999981,33.93999999999983,0.0,0.529999999999994,0.529999999999994,8.717359212921698,15.981381354551665,18.477618894219024,22.848781586771768
2024-06-04 18:34:28,1096.96,1136.11,69.68,59.8,1116.5349999999999,2233.0699999999997,39.149999999999864,0.03506383585372248,129.48000000000002,9.88000000000001,-3.9200000000000728,-11.740000000000009,-7.830000000000155,7.819999999999936,0.9987227332410024,-31.340000000000146,-32.61999999999989,-31.980000000000018,0.5,0.0,0.5,8.623223597287428,9.141303517530513,17.021905886239693,17.88881438217747
2024-06-04 18:34:29,1087.82,1180.44,70.19,59.94,1134.13,2268.26,92.62000000000012,0.08166612285922599,130.13,10.25,-9.1400000000001,44.330000000000155,17.595000000000255,53.470000000000255,3.0389313419191892,-5.220000000000027,56.070000000000164,25.42500000000041,0.5099999999999909,0.14000000000000057,0.36999999999999034,8.71536149454114,13.024497111198416,20.935011822303906,16.26300494988547
2024-06-04 18:34:30,1125.67,1142.63,70.69,60.19,1134.15,2268.3,16.960000000000036,0.014953930242953845,130.88,10.5,37.850000000000136,-37.809999999999945,0.01999999999998181,75.66000000000008,3782.8108594604714,46.99000000000024,-82.1400000000001,-17.575000000000273,0.5,0.25,0.25,8.665571449682371,14.183898177144922,27.600745823256347,15.275500973781549
2024-06-04 18:34:31,1129.58,1133.5,71.17,60.19,1131.54,2263.08,3.9200000000000728,0.0034643052800040364,131.36,10.980000000000004,3.9099999999998545,-9.13000000000011,-2.6100000000001273,13.039999999999964,4.9961666681351184,-33.94000000000028,28.679999999999836,-2.630000000000109,0.480000000000004,0.0,0.480000000000004,8.614037693254888,7.623758423482172,34.09819247408872,13.826395047155348
2024-06-04 18:34:32,1098.26,1149.15,71.65,60.5,1123.705,2247.41,50.8900000000001,0.045287686674627604,132.15,11.150000000000006,-31.319999999999936,15.650000000000091,-7.835000000000036,46.97000000000003,5.994893938111789,-35.22999999999979,24.7800000000002,-5.224999999999909,0.480000000000004,0.3100000000000023,0.1700000000000017,8.503253813823278,7.710764067173594,34.34487108725263,10.476229402795791
2024-06-04 18:34:33,1132.19,1143.93,72.15,60.5,1138.06,2276.12,11.740000000000009,0.010315800563840401,132.65,11.650000000000006,33.930000000000064,-5.220000000000027,14.355000000000018,39.15000000000009,2.7272725372850926,65.25,-20.87000000000012,22.190000000000055,0.5,0.0,0.5,8.579419460388847,5.347877616364732,36.75845725816036,11.081342991713706
2024-06-04 18:34:34,1138.72,1173.92,72.63,60.73,1156.3200000000002,2312.6400000000003,35.200000000000045,0.03044140027808793,133.35999999999999,11.899999999999999,6.529999999999973,29.99000000000001,18.26000000000022,23.460000000000036,1.2847753951382452,-27.40000000000009,35.210000000000036,3.9050000000002,0.47999999999998977,0.22999999999999687,0.2499999999999929,8.670665801809648,12.132363743294874,19.047669673742256,11.282886709526172
2024-06-04 18:34:35,1115.23,1143.93,73.13,60.78,1129.58,2259.16,28.700000000000045,0.02540767362611977,133.91,12.349999999999994,-23.49000000000001,-29.99000000000001,-26.740000000000236,6.5,0.24308151671347888,-30.019999999999982,-59.98000000000002,-45.000000000000455,0.5,0.05000000000000426,0.44999999999999574,8.435366974569734,12.5428726773262,18.723485252484387,18.15587762957234
2024-06-04 18:34:36,1133.5,1140.02,73.64,60.78,1136.76,2273.52,6.519999999999982,0.005735599417875701,134.42000000000002,12.86,18.269999999999982,-3.910000000000082,7.180000000000064,22.180000000000064,3.0891360600088866,41.75999999999999,26.079999999999927,33.9200000000003,0.5100000000000051,0.0,0.5100000000000051,8.456777202374814,12.310472168020867,17.974979833090252,18.452717753762062
2024-06-04 18:34:37,1149.15,1151.76,74.12,61.01,1150.455,2300.91,2.6099999999999,0.0022686676121458312,135.13,13.110000000000007,15.650000000000091,11.740000000000009,13.694999999999936,3.910000000000082,0.2855056381522061,-2.619999999999891,15.650000000000091,6.514999999999873,0.480000000000004,0.22999999999999687,0.2500000000000071,8.513690457236066,10.880152802218248,14.253854917179462,18.37467108549171
2024-06-04 18:34:38,1124.36,1143.93,74.59,61.01,1134.145,2268.29,19.570000000000164,0.017255289211471965,135.6,13.580000000000005,-24.79000000000019,-7.829999999999927,-16.309999999999945,16.960000000000264,1.0398527872561332,-40.44000000000028,-19.569999999999936,-30.00499999999988,0.46999999999999886,0.0,0.46999999999999886,8.363901118260317,11.384890535249676,13.96500447547373,19.688266048588545
2024-06-04 18:34:39,1136.11,1158.28,75.1,61.15,1147.195,2294.39,22.170000000000073,0.019325398019233588,136.25,13.949999999999996,11.75,14.349999999999909,13.049999999999955,2.599999999999909,0.19923370120813924,36.54000000000019,22.179999999999836,29.3599999999999,0.5099999999999909,0.14000000000000057,0.36999999999999034,8.419779754717213,8.856275035228746,10.968469811236263,18.532393936024615
2024-06-04 18:34:40,1166.1,1153.06,75.57,61.15,1159.58,2319.16,13.039999999999964,0.011245450929435238,136.72,14.419999999999995,29.99000000000001,-5.220000000000027,12.384999999999991,35.210000000000036,2.842954958178854,18.24000000000001,-19.569999999999936,-0.6649999999999636,0.46999999999999886,0.0,0.46999999999999886,8.481421822107798,10.379239254377696,8.321061831280979,12.7358966115464
2024-06-04 18:34:41,1138.72,1159.58,76.08,61.26,1149.15,2298.3,20.8599999999999,0.018152547519338074,137.34,14.82,-27.37999999999988,6.519999999999982,-10.429999999999836,33.899999999999864,3.2502393815686497,-57.36999999999989,11.740000000000009,-22.814999999999827,0.5100000000000051,0.10999999999999943,0.4000000000000057,8.367190852139284,9.13783138931853,8.091269986843889,14.623118084047526
2024-06-04 18:34:42,1134.8,1150.45,76.56,61.26,1142.625,2285.25,15.650000000000091,0.013696532096097632,137.82,15.300000000000004,-3.9200000000000728,-9.129999999999882,-6.525000000000091,5.209999999999809,0.7984673105796821,23.45999999999981,-15.649999999999864,3.9049999999997453,0.480000000000004,0.0,0.480000000000004,8.290705207584493,9.303842888807559,3.802127036278482,13.498199602169121
2024-06-04 18:34:43,1173.92,1163.49,77.03,61.37,1168.705,2337.41,10.430000000000064,0.00892440777704866,138.4,15.660000000000004,39.12000000000012,13.039999999999964,26.079999999999927,26.080000000000155,0.9999999616564519,43.04000000000019,22.169999999999845,32.60500000000002,0.46999999999999886,0.10999999999999943,0.35999999999999943,8.444400228002888,10.548549307824931,5.016796786795287,15.13554533209816
2024-06-04 18:34:44,1149.15,1154.37,77.51,61.37,1151.76,2303.52,5.2199999999998,0.004532194203191294,138.88,16.140000000000008,-24.769999999999982,-9.120000000000118,-16.944999999999936,15.649999999999864,0.9235762216833107,-63.8900000000001,-22.160000000000082,-43.024999999999864,0.480000000000004,0.0,0.480000000000004,8.293202705262077,10.057853523471772,5.8294296462004,17.803653627837118
2024-06-04 18:34:45,1140.02,1170.01,78.02,61.49,1155.0149999999999,2310.0299999999997,29.99000000000001,0.025965030734696068,139.51,16.529999999999994,-9.13000000000011,15.6400000000001,3.2549999999998818,24.77000000000021,7.609828691297209,15.639999999999873,24.76000000000022,20.199999999999818,0.5099999999999909,0.12000000000000455,0.38999999999998636,8.279083877291349,9.665544087096889,9.562570261179808,16.771159247350724
2024-06-04 18:34:46,1181.75,1164.8,78.49,61.49,1173.275,2346.55,16.950000000000045,0.014446740947819822,139.98,16.999999999999993,41.73000000000002,-5.210000000000036,18.26000000000022,46.940000000000055,2.5706460804684235,50.86000000000013,-20.850000000000136,15.005000000000337,0.46999999999999886,0.0,0.46999999999999886,8.381733044851172,12.567619305167382,9.264972746856877,17.58902036783176
2024-06-04 18:34:47,1160.89,1206.51,78.97,61.6,1183.7,2367.4,45.61999999999989,0.038540170618788304,140.57,17.369999999999997,-20.8599999999999,41.710000000000036,10.424999999999955,62.569999999999936,6.001917889504299,-62.58999999999992,46.92000000000007,-7.835000000000264,0.480000000000004,0.10999999999999943,0.37000000000000455,8.420715597775375,13.188774298607889,16.294473603034852,16.451227537785744
2024-06-04 18:34:48,1149.15,1166.1,79.0,61.6,1157.625,2315.25,16.949999999999818,0.01464204728246001,140.6,17.4,-11.740000000000009,-40.41000000000008,-26.075000000000045,28.670000000000073,1.0995205714469587,9.11999999999989,-82.12000000000012,-36.5,0.030000000000001137,0.0,0.030000000000001137,8.233463668325294,13.646665801565566,15.409764112406156,18.676111881224145
2024-06-04 18:34:49,1147.85,1167.41,79.0,61.63,1157.63,2315.26,19.560000000000173,0.016896590433129393,140.63,17.369999999999997,-1.300000000000182,1.3100000000001728,0.005000000000109139,2.6100000000003547,521.8956208645061,10.439999999999827,41.720000000000255,26.080000000000155,0.0,0.030000000000001137,0.030000000000001137,8.231742812829818,12.5056524219898,12.308230173343311,16.775857057092555
2024-06-04 18:34:50,1149.15,1168.71,79.42,61.68,1158.93,2317.86,19.559999999999945,0.016877637116238516,141.1,17.740000000000002,1.300000000000182,1.2999999999999545,1.2999999999999545,2.2737367544323206e-13,1.7490269272349792e-13,2.600000000000364,-0.010000000000218279,1.2949999999998454,0.4200000000000017,0.04999999999999716,0.37000000000000455,8.213536440726179,11.791193005782684,12.307382743703014,16.737969037490846
2024-06-04 18:34:51,1193.48,1164.8,79.9,61.68,1179.1399999999999,2358.2799999999997,28.680000000000064,0.024322811519986814,141.58,18.220000000000006,44.32999999999993,-3.910000000000082,20.20999999999981,48.24000000000001,2.3869370417151616,43.029999999999745,-5.210000000000036,18.909999999999854,0.480000000000004,0.0,0.480000000000004,8.328436160980107,12.90602475588888,11.79988474519981,17.2615231801831
2024-06-04 18:34:52,1163.49,1171.32,80.37,61.77,1167.405,2334.81,7.829999999999927,0.006707183876454823,142.14000000000001,18.6,-29.99000000000001,6.519999999999982,-11.7349999999999,36.50999999999999,3.1112055295095677,-74.31999999999994,10.430000000000064,-31.94499999999971,0.46999999999999886,0.09000000000000341,0.37999999999999545,8.213064526431232,9.322412107368866,7.452008454101528,17.136544065242497
2024-06-04 18:34:53,1150.45,1167.41,80.85,61.77,1158.93,2317.86,16.960000000000036,0.014634188419806068,142.62,19.07999999999999,-13.039999999999964,-3.9099999999998545,-8.474999999999909,9.13000000000011,1.0772860085798466,16.950000000000045,-10.429999999999836,3.259999999999991,0.47999999999998977,0.0,0.47999999999998977,8.125999101626707,9.110050493801754,7.4514844158731535,12.443164488987401
2024-06-04 18:34:54,1160.89,1171.32,80.91,61.82,1166.105,2332.21,10.429999999999836,0.008944306036811032,142.73,19.089999999999996,10.440000000000055,3.9099999999998545,7.1749999999999545,6.5300000000002,0.9101044027729391,23.480000000000018,7.819999999999709,15.649999999999864,0.060000000000002274,0.04999999999999716,0.010000000000005116,8.170006248371008,8.284962733749413,8.212141620795448,12.813912848930924
2024-06-04 18:34:55,1158.28,1168.71,80.91,61.82,1163.495,2326.99,10.430000000000064,0.00896437027321621,142.73,19.089999999999996,-2.6100000000001273,-2.6099999999999,-2.6100000000001273,2.2737367544323206e-13,8.711631736662973e-14,-13.050000000000182,-6.519999999999754,-9.785000000000082,0.0,0.0,0.0,8.151719973714567,7.51254700481909,8.427231455228975,12.9624923336524
2024-06-04 18:34:56,1164.8,1171.32,81.22,61.88,1168.06,2336.12,6.519999999999982,0.005581905034345904,143.1,19.339999999999996,6.519999999999982,2.6099999999999,4.565000000000055,3.910000000000082,0.8565167893720144,9.13000000000011,5.2199999999998,7.175000000000182,0.3100000000000023,0.060000000000002274,0.25,8.162543618710387,3.7174107251713253,4.021471123855048,8.125800268281223
2024-06-04 18:34:57,1162.19,1172.62,81.22,61.88,1167.405,2334.81,10.429999999999836,0.00893434582776799,143.1,19.339999999999996,-2.6099999999999,1.2999999999999545,-0.6549999999999727,3.9099999999998545,5.969456535180888,-9.129999999999882,-1.3099999999999454,-5.220000000000027,0.0,0.0,0.0,8.157966400014212,3.7174107251713253,3.760190154766106,6.151963101319752
2024-06-04 18:34:58,1192.17,1175.23,81.3,61.93,1183.7,2367.4,16.940000000000055,0.014311058533149441,143.23,19.369999999999997,29.980000000000018,2.6100000000001273,16.295000000000073,27.36999999999989,1.6796562332214504,32.58999999999992,1.3100000000001728,16.950000000000045,0.0799999999999983,0.04999999999999716,0.030000000000001137,8.264330040743351,7.99012875363205,3.7522060177980636,7.456162216583063
2024-06-04 18:34:59,1155.67,1173.92,81.52,61.93,1164.795,2329.59,18.25,0.01566799306687615,143.45,19.589999999999996,-36.5,-1.3099999999999454,-18.904999999999973,35.190000000000055,1.8614122263204378,-66.48000000000002,-3.9200000000000728,-35.200000000000045,0.21999999999999886,0.0,0.21999999999999886,8.11986749306471,8.159339280825236,4.9271015820662765,12.754050141033657
2024-06-04 18:35:00,1163.49,1167.41,81.52,61.93,1165.45,2330.9,3.9200000000000728,0.0033635076551002314,143.45,19.589999999999996,7.819999999999936,-6.509999999999991,0.6549999999999727,14.329999999999927,21.8778291941547,44.319999999999936,-5.2000000000000455,19.559999999999945,0.0,0.0,0.0,8.124433543921691,7.840799225819848,6.2877476094385125,12.687187631622717
2024-06-04 18:35:01,1168.71,1175.23,81.72,61.93,1171.97,2343.94,6.519999999999982,0.005563282331831616,143.65,19.79,5.220000000000027,7.819999999999936,6.519999999999982,2.599999999999909,0.39877294497346183,-2.599999999999909,14.329999999999927,5.865000000000009,0.20000000000000284,0.0,0.20000000000000284,8.158510211218168,7.8085685307626385,6.2877476094385125,12.876692898411465
2024-06-04 18:35:02,1164.8,1172.62,81.72,61.99,1168.71,2337.42,7.819999999999936,0.006691138086701403,143.71,19.729999999999997,-3.910000000000082,-2.6100000000001273,-3.259999999999991,1.2999999999999545,0.398772883811986,-9.13000000000011,-10.430000000000064,-9.779999999999973,0.0,0.060000000000002274,0.060000000000002274,8.132419399259485,7.693364023599582,6.474465228881826,13.001465975035288
2024-06-04 18:35:03,1166.1,1170.01,81.81,61.99,1168.0549999999998,2336.1099999999997,3.910000000000082,0.0033474451088798362,143.8,19.82,1.2999999999999545,-2.6099999999999,-0.6550000000002001,3.9099999999998545,5.969456535178816,5.210000000000036,2.2737367544323206e-13,2.604999999999791,0.09000000000000341,0.0,0.09000000000000341,8.122774630578757,2.8650684982418038,5.929260493518516,9.51895306743338
2024-06-04 18:35:04,1160.89,1173.92,81.86,61.99,1167.4050000000002,2334.8100000000004,13.029999999999973,0.011161507779081349,143.85,19.869999999999997,-5.209999999999809,3.910000000000082,-0.6499999999996362,9.11999999999989,14.030747645011308,-6.5099999999997635,6.519999999999982,0.005000000000563887,0.04999999999999716,0.0,0.04999999999999716,8.115432686024105,2.377968145206574,3.751339760672098,3.6419819466878027
2024-06-04 18:35:05,1164.8,1172.62,81.86,61.99,1168.71,2337.42,7.819999999999936,0.006691138086701403,143.85,19.869999999999997,3.9099999999998545,-1.300000000000182,1.3049999999998363,5.210000000000036,3.992334105491636,9.119999999999663,-5.210000000000264,1.9549999999994725,0.0,0.0,0.0,8.1245046359089,1.7622180624476904,3.3212271828346096,3.659475030656695
2024-06-04 18:35:06,1160.89,1172.62,82.0,61.99,1166.755,2333.51,11.72999999999979,0.010053524510241022,143.99,20.009999999999998,-3.9099999999998545,0.0,-1.9549999999999272,3.9099999999998545,1.9999989769826205,-7.819999999999709,1.300000000000182,-3.2599999999997635,0.14000000000000057,0.0,0.14000000000000057,8.103027931779792,0.8497985053042443,3.6156424048845386,1.7003624613592856
2024-06-04 18:35:07,1160.89,1172.62,82.0,61.99,1166.755,2333.51,11.72999999999979,0.010053524510241022,143.99,20.009999999999998,0.0,0.0,0.0,0.0,0.0,3.9099999999998545,0.0,1.9549999999999272,0.0,0.0,0.0,8.103027931779792,0.8492231742112748,3.754115075487043,1.1845009497673733
2024-06-04 18:35:08,1164.8,1172.62,82.14,61.99,1168.71,2337.42,7.819999999999936,0.006691138086701403,144.13,20.15,3.9099999999998545,0.0,1.9549999999999272,3.9099999999998545,1.9999989769826205,3.9099999999998545,0.0,1.9549999999999272,0.14000000000000057,0.0,0.14000000000000057,8.108721237017129,0.988411604351855,2.43742281929082,1.5559378200942535
2024-06-04 18:35:09,1163.49,1181.75,82.14,62.07,1172.62,2345.24,18.25999999999999,0.015571967034868947,144.21,20.07,-1.3099999999999454,9.13000000000011,3.9099999999998545,10.440000000000055,2.6700760434589257,-5.2199999999998,9.13000000000011,1.9549999999999272,0.0,0.0799999999999983,0.0799999999999983,8.131336189367337,2.3943762234903723,4.268614529329149,2.1906580061706773
2024-06-04 18:35:10,1159.58,1177.84,82.25,62.07,1168.71,2337.42,18.25999999999999,0.01562406412572488,144.32,20.18,-3.910000000000082,-3.910000000000082,-3.9099999999998545,0.0,0.0,-2.6000000000001364,-13.040000000000191,-7.819999999999709,0.10999999999999943,0.0,0.10999999999999943,8.098045952757444,2.3943762234903723,4.57781061207214,3.0911264128144813
2024-06-04 18:35:11,1166.1,1176.53,82.28,62.07,1171.315,2342.63,10.430000000000064,0.008904521833234903,144.35,20.21,6.519999999999982,-1.3099999999999454,2.605000000000018,7.829999999999927,3.0057570035481262,10.430000000000064,2.6000000000001364,6.514999999999873,0.030000000000001137,0.0,0.030000000000001137,8.114409365331422,2.331170843077637,4.74171382519021,3.042430360747714
2024-06-04 18:35:12,1166.1,1172.62,82.28,62.07,1169.36,2338.72,6.519999999999982,0.005575699523178732,144.35,20.21,0.0,-3.910000000000082,-1.9550000000001546,3.910000000000082,1.9999989769825042,-6.519999999999982,-2.6000000000001364,-4.560000000000173,0.0,0.0,0.0,8.100865894694381,1.7485122246112939,5.657076983743447,3.303372140707074
2024-06-04 18:35:13,1162.19,1170.01,82.37,62.07,1166.1,2332.2,7.819999999999936,0.006706114392671145,144.44,20.300000000000004,-3.9099999999998545,-2.6099999999999,-3.259999999999991,1.2999999999999545,0.398772883811986,-3.9099999999998545,1.300000000000182,-1.3049999999998363,0.09000000000000341,0.0,0.09000000000000341,8.073248351749873,2.507943380464453,5.657076983743447,3.5513881088948276
2024-06-04 18:35:14,1167.41,1175.23,82.37,62.07,1171.3200000000002,2342.6400000000003,7.819999999999936,0.00667622852279796,144.44,20.300000000000004,5.220000000000027,5.220000000000027,5.220000000000255,0.0,0.0,9.129999999999882,7.829999999999927,8.480000000000246,0.0,0.0,0.0,8.10938792502501,2.162967868373429,4.740337540724279,3.9822779285228957
2024-06-04 18:35:15,1163.49,1171.32,82.48,62.07,1167.405,2334.81,7.829999999999927,0.006707183876454823,144.55,20.410000000000004,-3.9200000000000728,-3.910000000000082,-3.915000000000191,0.009999999999990905,0.0025542777639112777,-9.1400000000001,-9.13000000000011,-9.135000000000446,0.10999999999999943,0.0,0.10999999999999943,8.0761327701409,2.333197912654647,1.4277359699887968,3.983424092411103
2024-06-04 18:35:16,1168.71,1168.71,82.48,62.07,1168.71,2337.42,0.0,0.0,144.55,20.410000000000004,5.220000000000027,-2.6099999999999,1.3050000000000637,7.829999999999927,5.999995402302026,9.1400000000001,1.300000000000182,5.220000000000255,0.0,0.0,0.0,8.0851607880653,1.978883523509172,3.400149996691254,3.78718464033657
2024-06-04 18:35:17,1173.92,1173.92,82.62,62.07,1173.92,2347.84,0.0,0.0,144.69,20.550000000000004,5.210000000000036,5.210000000000036,5.210000000000036,0.0,0.0,-0.009999999999990905,7.819999999999936,3.9049999999999727,0.14000000000000057,0.0,0.14000000000000057,8.113345717649143,3.139327953498308,4.285018086309485,4.412811745361583
2024-06-04 18:35:18,1168.71,1172.62,82.62,62.07,1170.665,2341.33,3.9099999999998545,0.0033399819732031558,144.69,20.550000000000004,-5.210000000000036,-1.300000000000182,-3.255000000000109,3.9099999999998545,1.2012285096071316,-10.420000000000073,-6.510000000000218,-8.465000000000146,0.0,0.0,0.0,8.090849346251646,2.506644669596219,3.9125017571880316,4.411630367562698
2024-06-04 18:35:19,1166.1,1172.62,82.7,62.07,1169.36,2338.72,6.519999999999982,0.005575699523178732,144.77,20.630000000000003,-2.6100000000001273,0.0,-1.3050000000000637,2.6100000000001273,1.9999984674341247,2.599999999999909,1.300000000000182,1.9500000000000455,0.0799999999999983,0.0,0.0799999999999983,8.077364038976555,2.480707056388412,3.620147787038466,3.731758298711306
2024-06-04 18:35:20,1168.71,1171.32,82.7,62.07,1170.0149999999999,2340.0299999999997,2.6099999999999,0.002230740629623688,144.77,20.630000000000003,2.6100000000001273,-1.2999999999999545,0.6549999999999727,3.910000000000082,5.969456535181235,5.220000000000255,-1.2999999999999545,1.9600000000000364,0.0,0.0,0.0,8.081888456987715,2.0283472334920982,2.765966377235913,3.1706379484262186
2024-06-04 18:35:21,1163.49,1166.1,82.76,62.07,1164.795,2329.59,2.6099999999999,0.0022407376386052156,144.83,20.690000000000005,-5.220000000000027,-5.220000000000027,-5.2199999999998,0.0,0.0,-7.830000000000155,-3.9200000000000728,-5.874999999999773,0.060000000000002274,0.0,0.060000000000002274,8.042498045691513,3.278737180625389,2.3684488594858157,4.001691204978192
2024-06-04 18:35:22,1171.32,1171.32,82.79,62.07,1171.32,2342.64,0.0,0.0,144.86,20.720000000000006,7.829999999999927,5.220000000000027,6.524999999999864,2.6099999999999,0.3999999386973204,13.049999999999955,10.440000000000055,11.744999999999663,0.030000000000001137,0.0,0.030000000000001137,8.085875962405936,2.585037233699995,2.3684488594858157,4.505527161165409
2024-06-04 18:35:23,1166.1,1167.41,82.79,62.07,1166.755,2333.51,1.3100000000001728,0.00112277213200492,144.86,20.720000000000006,-5.220000000000027,-3.9099999999998545,-4.564999999999827,1.3100000000001728,0.2869659831400305,-13.049999999999955,-9.129999999999882,-11.08999999999969,0.0,0.0,0.0,8.054362777479202,2.6337364142252007,2.4387599307844026,4.736498706850742
2024-06-04 18:35:24,1171.32,1179.14,82.87,62.1,1175.23,2350.46,7.820000000000164,0.006654016654906824,144.97,20.770000000000003,5.220000000000027,11.730000000000018,8.474999999999909,6.509999999999991,0.7681415022841958,10.440000000000055,15.639999999999873,13.039999999999736,0.0799999999999983,0.030000000000001137,0.04999999999999716,8.10671167754217,4.0622324526809805,2.9710351731341036,6.245528800669983
2024-06-04 18:35:25,1170.01,1176.53,82.87,62.1,1173.27,2346.54,6.519999999999982,0.005557118135163145,144.97,20.770000000000003,-1.3099999999999454,-2.6100000000001273,-1.9600000000000364,1.300000000000182,0.6632649677220358,-6.529999999999973,-14.340000000000146,-10.434999999999945,0.0,0.0,0.0,8.093191639006749,4.388475532529937,3.3728874870057357,6.407251165671461
2024-06-04 18:35:26,1171.32,1177.84,82.96,62.1,1174.58,2349.16,6.519999999999982,0.00555092032424276,145.06,20.859999999999992,1.3099999999999454,1.3099999999999454,1.3099999999999454,0.0,0.0,2.619999999999891,3.9200000000000728,3.269999999999982,0.0899999999999892,0.0,0.0899999999999892,8.09720110232179,3.4061642649191914,3.5209203342307642,5.514728687795891
2024-06-04 18:35:27,1171.32,1176.53,82.96,62.1,1173.925,2347.85,5.210000000000036,0.004438102941467243,145.06,20.859999999999992,0.0,-1.3099999999999454,-0.6549999999999727,1.3099999999999454,1.999996946569547,-1.3099999999999454,-2.619999999999891,-1.9649999999999181,0.0,0.0,0.0,8.092685729403794,3.4311197151385118,2.505020957996065,4.931895426709618
2024-06-04 18:35:28,1170.01,1170.01,83.04,62.1,1170.01,2340.02,0.0,0.0,145.14000000000001,20.940000000000005,-1.3099999999999454,-6.519999999999982,-3.9149999999999636,5.210000000000036,1.3307787149990726,-1.3099999999999454,-5.210000000000036,-3.259999999999991,0.0800000000000125,0.0,0.0800000000000125,8.061251150191186,2.032601780874042,3.0572994619434817,4.770235057101444
2024-06-04 18:35:29,1166.1,1168.71,83.04,62.1,1167.405,2334.81,2.6100000000001273,0.0022357279588184043,145.14000000000001,20.940000000000005,-3.910000000000082,-1.2999999999999545,-2.605000000000018,2.6100000000001273,1.001919001182767,-2.6000000000001364,5.220000000000027,1.3099999999999454,0.0,0.0,0.0,8.043302962358391,3.038002221792103,2.8261758614777643,1.9908446699830447
2024-06-04 18:35:30,1166.1,1175.23,83.1,62.1,1170.665,2341.33,9.13000000000011,0.007798986039730514,145.2,20.999999999999993,0.0,6.519999999999982,3.259999999999991,6.519999999999982,1.9999993865032555,3.910000000000082,7.819999999999936,5.865000000000009,0.05999999999998806,0.0,0.05999999999998806,8.062431073950199,2.953215620237424,3.523326553131261,2.8952016337381243
2024-06-04 18:35:31,1171.32,1176.53,83.1,62.1,1173.925,2347.85,5.210000000000036,0.004438102941467243,145.2,20.999999999999993,5.220000000000027,1.2999999999999545,3.259999999999991,3.9200000000000728,1.2024536188792836,5.220000000000027,-5.220000000000027,0.0,0.0,0.0,0.0,8.084882864429181,2.78184381294393,3.4001499966913045,3.3057400835516306
2024-06-04 18:35:32,1179.14,1173.92,83.15,62.1,1176.5300000000002,2353.0600000000004,5.220000000000027,0.0044367759390438405,145.25,21.050000000000004,7.820000000000164,-2.6099999999999,2.6050000000002456,10.430000000000064,4.003837234611073,2.6000000000001364,-3.9099999999998545,-0.6549999999997453,0.05000000000001137,0.0,0.05000000000001137,8.100034367641761,3.558568181110815,3.4007249227186653,3.492752138357404
2024-06-04 18:35:33,1168.71,1173.92,83.15,62.1,1171.315,2342.63,5.210000000000036,0.004447992210081868,145.25,21.050000000000004,-10.430000000000064,0.0,-5.2150000000001455,10.430000000000064,1.9999996164909215,-18.250000000000227,2.6099999999999,-7.820000000000391,0.0,0.0,0.0,8.064130753431114,3.449162217062855,2.3330623652186664,3.926922140812155
2024-06-04 18:35:34,1176.53,1173.92,83.15,62.1,1175.225,2350.45,2.6099999999999,0.0022208513244519547,145.25,21.050000000000004,7.819999999999936,0.0,3.9099999999998545,7.819999999999936,1.9999994884912375,18.25,0.0,9.125,0.0,0.0,0.0,8.091049858237177,2.5071637360991588,2.333062365218736,3.817560412095727
2024-06-04 18:35:35,1171.32,1171.32,83.24,62.1,1171.32,2342.64,0.0,0.0,145.34,21.139999999999993,-5.210000000000036,-2.6000000000001364,-3.9049999999999727,2.6099999999999,0.6683737084830242,-13.029999999999973,-2.6000000000001364,-7.814999999999827,0.0899999999999892,0.0,0.0899999999999892,8.059171542182664,2.3308222797138565,2.3311048882450205,4.331892484815428
2024-06-04 18:35:36,1171.32,1173.92,83.24,62.1,1172.62,2345.24,2.6000000000001364,0.002217257080540055,145.34,21.139999999999993,0.0,2.6000000000001364,1.2999999999999545,2.6000000000001364,1.99999846153982,5.210000000000036,5.200000000000273,5.204999999999927,0.0,0.0,0.0,8.068116085949386,2.3669352546301683,2.1818959645225418,4.057978868845961
2024-06-04 18:35:37,1173.92,1172.62,83.27,62.1,1173.27,2346.54,1.300000000000182,0.0011080143521032392,145.37,21.169999999999995,2.6000000000001364,-1.300000000000182,0.650000000000091,3.9000000000003183,5.99999076924462,2.6000000000001364,-3.9000000000003183,-0.6499999999998636,0.030000000000001137,0.0,0.030000000000001137,8.070922418167969,1.6215000769696017,1.9322603344269251,3.798694841652851
2024-06-04 18:35:38,1170.01,1172.62,83.27,62.1,1171.315,2342.63,2.6099999999999,0.0022282648115764204,145.37,21.169999999999995,-3.910000000000082,0.0,-1.9549999999999272,3.910000000000082,1.9999989769827369,-6.510000000000218,1.300000000000182,-2.605000000000018,0.0,0.0,0.0,8.057473976353622,1.6215000769696017,1.1661174897923512,3.019588134166582
2024-06-04 18:35:39,1171.32,1170.01,83.32,62.1,1170.665,2341.33,1.3099999999999454,0.0011190220933238145,145.42,21.21999999999999,1.3099999999999454,-2.6099999999999,-0.650000000000091,3.9199999999998454,6.030759952675914,5.220000000000027,-2.6099999999999,1.3049999999998363,0.04999999999999716,0.0,0.04999999999999716,8.050233750170309,1.0700385505274301,1.0894631705568056,2.088500059851552
2024-06-04 18:35:40,1171.32,1173.92,83.32,62.1,1172.62,2345.24,2.6000000000001364,0.002217257080540055,145.42,21.21999999999999,0.0,3.910000000000082,1.9549999999999272,3.910000000000082,1.9999989769827369,-1.3099999999999454,6.519999999999982,2.605000000000018,0.0,0.0,0.0,8.063677567984612,1.0706458329504154,0.7111469609016713,1.5685223938471284
2024-06-04 18:35:41,1175.23,1172.62,83.38,62.1,1173.925,2347.85,2.6100000000001273,0.002223310686608443,145.48,21.279999999999994,3.910000000000082,-1.300000000000182,1.3050000000000637,5.210000000000264,3.9923341054911146,3.910000000000082,-5.210000000000264,-0.6499999999998636,0.060000000000002274,0.0,0.060000000000002274,8.069322188140486,1.351847809338533,0.7129726502466145,1.569352573515583
2024-06-04 18:35:42,1172.62,1167.41,83.38,62.1,1170.0149999999999,2340.0299999999997,5.209999999999809,0.004452934360283308,145.48,21.279999999999994,-2.6100000000001273,-5.209999999999809,-3.910000000000082,2.5999999999996817,0.6649614667616779,-6.520000000000209,-3.909999999999627,-5.2150000000001455,0.0,0.0,0.0,8.042445641720885,1.5696639766571627,1.4245420316717552,2.394716580307587
2024-06-04 18:35:43,1173.92,1172.62,83.41,62.1,1173.27,2346.54,1.300000000000182,0.0011080143521032392,145.51,21.309999999999995,1.300000000000182,5.209999999999809,3.255000000000109,3.909999999999627,1.2012285096070618,3.9100000000003092,10.419999999999618,7.165000000000191,0.030000000000001137,0.0,0.030000000000001137,8.063157115915352,1.6864437433884905,1.5942176764793947,2.7868562036819173
2024-06-04 18:35:44,1173.92,1177.84,83.41,62.16,1175.88,2351.76,3.9199999999998454,0.00333367350126388,145.57,21.25,0.0,5.220000000000027,2.6100000000001273,5.220000000000027,1.9999992337166814,-1.300000000000182,0.010000000000218279,-0.6449999999999818,0.0,0.05999999999999517,0.05999999999999517,8.077763219909576,2.1317088214883904,1.4875046218412906,2.862736016471035
2024-06-04 18:35:45,1176.53,1177.84,83.49,62.16,1177.185,2354.37,1.3099999999999454,0.0011128242365364162,145.64999999999998,21.33,2.6099999999999,0.0,1.3049999999998363,2.6099999999999,1.999998467434299,2.6099999999999,-5.220000000000027,-1.305000000000291,0.0799999999999983,0.0,0.0799999999999983,8.082286247289488,2.742364399493373,1.6988378380526121,2.825483586928167
2024-06-04 18:35:46,1175.23,1173.92,83.49,62.16,1174.575,2349.15,1.3099999999999454,0.0011152970213776457,145.64999999999998,21.33,-1.2999999999999545,-3.9199999999998454,-2.6099999999999,2.619999999999891,1.0038310330149265,-3.9099999999998545,-3.9199999999998454,-3.9149999999997362,0.0,0.0,0.0,8.064366576969679,2.750056817523646,1.8420233440429834,3.2064719708739524
2024-06-04 18:35:47,1176.53,1176.53,83.55,62.16,1176.53,2353.06,0.0,0.0,145.70999999999998,21.39,1.2999999999999545,2.6099999999999,1.9549999999999272,1.3099999999999454,0.6700763835926398,2.599999999999909,6.529999999999745,4.564999999999827,0.060000000000002274,0.0,0.060000000000002274,8.074462918986598,1.571013207966284,1.4313874388157433,2.305169733446981
2024-06-04 18:35:48,1175.23,1177.84,83.55,62.16,1176.5349999999999,2353.0699999999997,2.6099999999999,0.0022183785418891247,145.70999999999998,21.39,-1.2999999999999545,1.3099999999999454,0.004999999999881766,2.6099999999999,521.8956208881435,-2.599999999999909,-1.2999999999999545,-1.9500000000000455,0.0,0.0,0.0,8.07449723372111,0.989566824223061,1.4888082482306157,2.0625972704335522
2024-06-04 18:35:49,1171.32,1176.53,83.57,62.16,1173.925,2347.85,5.210000000000036,0.004438102941467243,145.73,21.409999999999997,-3.910000000000082,-1.3099999999999454,-2.6099999999999,2.6000000000001364,0.9961682007019292,-2.6100000000001273,-2.619999999999891,-2.6149999999997817,0.01999999999999602,0.0,0.01999999999999602,8.055479255777952,1.4137803929903123,1.974188440853548,2.143879077746585
2024-06-04 18:35:50,1167.41,1176.53,83.57,62.16,1171.97,2343.94,9.11999999999989,0.0077817691512735996,145.73,21.409999999999997,-3.9099999999998545,0.0,-1.9549999999999272,3.9099999999998545,1.9999989769826205,2.2737367544323206e-13,1.3099999999999454,0.6549999999999727,0.0,0.0,0.0,8.042064035942744,1.9225653433904422,3.613661577956567,1.9892856758142206
2024-06-04 18:35:51,1176.53,1176.53,83.6,62.16,1176.53,2353.06,0.0,0.0,145.76,21.439999999999998,9.11999999999989,0.0,4.559999999999945,9.11999999999989,1.9999995614036048,13.029999999999745,0.0,6.514999999999873,0.030000000000001137,0.0,0.030000000000001137,8.071693138915387,2.081257432324342,3.864514199740953,2.936212270936768
2024-06-04 18:35:52,1173.92,1173.92,83.6,62.16,1173.92,2347.84,0.0,0.0,145.76,21.439999999999998,-2.6099999999999,-2.6099999999999,-2.6099999999999,0.0,0.0,-11.72999999999979,-2.6099999999999,-7.169999999999845,0.0,0.0,0.0,8.053786991947126,1.9558354991169509,3.864514199740953,3.036339490241429
2024-06-04 18:35:53,1176.53,1176.53,83.66,62.16,1176.53,2353.06,0.0,0.0,145.82,21.5,2.6099999999999,2.6099999999999,2.6099999999999,0.0,0.0,5.2199999999998,5.2199999999998,5.2199999999998,0.060000000000002274,0.0,0.060000000000002274,8.068371910105803,1.9545843546918535,4.160790790222382,3.3560363526039816
2024-06-04 18:35:54,1175.23,1176.53,83.66,62.16,1175.88,2351.76,1.2999999999999545,0.0011055549876640468,145.82,21.5,-1.2999999999999545,0.0,-0.6499999999998636,1.2999999999999545,1.9999969230820065,-3.9099999999998545,-2.6099999999999,-3.2599999999997635,0.0,0.0,0.0,8.063914359731765,1.9873172870997962,3.973321029063638,3.0780643268131196
2024-06-04 18:35:55,1205.21,1176.53,83.69,62.16,1190.87,2381.74,28.680000000000064,0.02408323324621229,145.85,21.53,29.980000000000018,0.0,14.989999999999782,29.980000000000018,1.9999998665777579,31.279999999999973,0.0,15.639999999999645,0.030000000000001137,0.0,0.030000000000001137,8.165032511724151,6.861430608816219,12.693229691453652,6.857448505092715
2024-06-04 18:35:56,1166.1,1172.62,83.69,62.16,1169.36,2338.72,6.519999999999982,0.005575699523178732,145.85,21.53,-39.11000000000013,-3.910000000000082,-21.50999999999999,35.200000000000045,1.6364480875663399,-69.09000000000015,-3.910000000000082,-36.49999999999977,0.0,0.0,0.0,8.01755222476824,8.081173800853593,12.250436726908987,13.14481951188368
2024-06-04 18:35:57,1166.1,1171.32,83.69,62.16,1168.71,2337.42,5.220000000000027,0.004466463019511738,145.85,21.53,0.0,-1.2999999999999545,-0.6499999999998636,1.2999999999999545,1.9999969230820065,39.11000000000013,2.6100000000001273,20.860000000000127,0.0,0.0,0.0,8.0130955912712,8.920221409785984,11.682032357428245,13.130198779911828
2024-06-04 18:35:58,1171.32,1172.62,83.74,62.16,1171.9699999999998,2343.9399999999996,1.2999999999999545,0.0011092434097209922,145.89999999999998,21.58,5.220000000000027,1.2999999999999545,3.2599999999997635,3.9200000000000728,1.2024536188793675,5.220000000000027,2.599999999999909,3.909999999999627,0.04999999999999716,0.0,0.04999999999999716,8.032693570714917,9.117909299812437,11.46229819887795,13.1785249553961
2024-06-04 18:35:59,1176.53,1166.1,83.74,62.16,1171.315,2342.63,10.430000000000064,0.008904521833234903,145.89999999999998,21.58,5.210000000000036,-6.519999999999982,-0.6549999999997453,11.730000000000018,17.908369605549577,-0.009999999999990905,-7.819999999999936,-3.914999999999509,0.0,0.0,0.0,8.028204194460562,9.279690188772872,10.710410823119743,13.178500294039445
2024-06-04 18:36:00,1176.53,1175.23,83.8,62.16,1175.88,2351.76,1.2999999999999545,0.0011055549876640468,145.95999999999998,21.64,0.0,9.13000000000011,4.565000000000055,9.13000000000011,1.9999995618839952,-5.210000000000036,15.650000000000091,5.2199999999998,0.060000000000002274,0.0,0.060000000000002274,8.056179720086465,2.8190947127781225,3.847503086418522,10.607290299600544
2024-06-04 18:36:01,1176.53,1173.92,83.8,62.16,1175.225,2350.45,2.6099999999999,0.0022208513244519547,145.95999999999998,21.64,0.0,-1.3099999999999454,-0.6550000000002001,1.3099999999999454,1.999996946568853,0.0,-10.440000000000055,-5.220000000000255,0.0,0.0,0.0,8.051692189286845,2.9507308416071556,3.846994931111833,2.5430164175639396
2024-06-04 18:36:02,1176.53,1166.1,83.8,62.16,1171.315,2342.63,10.430000000000064,0.008904521833234903,145.95999999999998,21.64,0.0,-7.820000000000164,-3.9099999999998545,7.820000000000164,1.9999994884912957,0.0,-6.510000000000218,-3.2549999999996544,0.0,0.0,0.0,8.024904028330338,2.229628332169042,4.791474720793209,3.40057972998715
2024-06-04 18:36:03,1175.23,1175.23,83.8,62.16,1175.23,2350.46,0.0,0.0,145.95999999999998,21.64,-1.2999999999999545,9.13000000000011,3.9149999999999636,10.430000000000064,2.6641117077620566,-1.2999999999999545,16.950000000000273,7.824999999999818,0.0,0.0,0.0,8.051726445247148,2.2777252906375565,5.083338469942786,3.542142007317003
2024-06-04 18:36:04,1176.53,1170.01,83.85,62.16,1173.27,2346.54,6.519999999999982,0.005557118135163145,146.01,21.689999999999998,1.2999999999999545,-5.220000000000027,-1.9600000000000364,6.519999999999982,3.3265289150361967,2.599999999999909,-14.350000000000136,-5.875,0.04999999999999716,0.0,0.04999999999999716,8.035545455547254,1.8788806507092057,4.265251458003389,3.706776564617825
2024-06-04 18:36:05,1173.92,1171.32,83.85,62.16,1172.62,2345.24,2.6000000000001364,0.002217257080540055,146.01,21.689999999999998,-2.6099999999999,1.3099999999999454,-0.650000000000091,3.9199999999998454,6.030759952675914,-3.9099999999998545,6.529999999999973,1.3099999999999454,0.0,0.0,0.0,8.031093705697598,1.7003624612447654,4.082103624358385,2.880231327515157
2024-06-04 18:36:06,1177.84,1173.92,83.88,62.16,1175.88,2351.76,3.9199999999998454,0.00333367350126388,146.04,21.72,3.9199999999998454,2.6000000000001364,3.2600000000002183,1.319999999999709,0.40490785125514395,6.529999999999745,1.290000000000191,3.9100000000003092,0.030000000000001137,0.0,0.030000000000001137,8.05176658414293,1.8792272346925794,3.9766040788592223,3.369763344806292
2024-06-04 18:36:07,1173.92,1171.32,83.88,62.16,1172.62,2345.24,2.6000000000001364,0.002217257080540055,146.04,21.72,-3.9199999999998454,-2.6000000000001364,-3.2600000000002183,1.319999999999709,0.40490785125514395,-7.839999999999691,-5.200000000000273,-6.520000000000437,0.0,0.0,0.0,8.029443932967379,1.529715659725687,2.370383935146276,3.1822130664053225
2024-06-04 18:36:08,1179.14,1168.71,83.94,62.16,1173.9250000000002,2347.8500000000004,10.430000000000064,0.008884724314683934,146.1,21.78,5.220000000000027,-2.6099999999999,1.305000000000291,7.829999999999927,5.99999540230098,9.139999999999873,-0.009999999999763531,4.565000000000509,0.060000000000002274,0.0,0.060000000000002274,8.035078658213015,1.352209303181434,3.3261358962014196,2.5923792160872248
2024-06-04 18:36:09,1176.53,1173.92,83.94,62.16,1175.225,2350.45,2.6099999999999,0.0022208513244519547,146.1,21.78,-2.6100000000001273,5.210000000000036,1.2999999999997272,7.820000000000164,6.015379988170629,-7.830000000000155,7.819999999999936,-0.005000000000563887,0.0,0.0,0.0,8.04397667321029,1.4861754605730866,3.401113053104791,2.4650720070620267
2024-06-04 18:36:10,1179.14,1170.01,83.97,62.16,1174.575,2349.15,9.13000000000011,0.0077730242787621764,146.13,21.810000000000002,2.6100000000001273,-3.910000000000082,-0.6499999999998636,6.520000000000209,10.030753798842737,5.220000000000255,-9.120000000000118,-1.9499999999995907,0.030000000000001137,0.0,0.030000000000001137,8.037877177596133,1.2535499589600543,3.756896325426102,2.4650720070620027
2024-06-04 18:36:11,1177.84,1166.1,83.97,62.16,1171.9699999999998,2343.9399999999996,11.740000000000009,0.010017321253942241,146.13,21.810000000000002,-1.300000000000182,-3.910000000000082,-2.6050000000002456,2.6099999999999,1.0019190011825923,-3.9100000000003092,0.0,-1.955000000000382,0.0,0.0,0.0,8.020050584958252,1.3504008662654075,4.385928635990316,2.131403880075416
2024-06-04 18:36:12,1177.84,1170.01,83.99,62.16,1173.925,2347.85,7.829999999999927,0.006669932059824942,146.14999999999998,21.83,0.0,3.910000000000082,1.9550000000001546,3.910000000000082,1.9999989769825042,1.300000000000182,7.820000000000164,4.5600000000004,0.01999999999999602,0.0,0.01999999999999602,8.032329743193092,1.218043513019898,3.5229561450577522,1.8763641704105494
2024-06-04 18:36:13,1179.14,1177.84,83.99,62.21,1178.49,2356.98,1.300000000000182,0.0011031065167265528,146.2,21.779999999999994,1.300000000000182,7.829999999999927,4.565000000000055,6.529999999999745,1.4304487556518974,1.300000000000182,3.9199999999998454,2.6099999999999,0.0,0.05000000000000426,0.05000000000000426,8.060807058407613,2.377763129415616,4.424733890303413,2.710716233765627
2024-06-04 18:36:14,1177.84,1177.84,84.05,62.21,1177.84,2355.68,0.0,0.0,146.26,21.839999999999996,-1.300000000000182,0.0,-0.650000000000091,1.300000000000182,1.9999969230816568,-2.600000000000364,-7.829999999999927,-5.2150000000001455,0.060000000000002274,0.0,0.060000000000002274,8.053056146225515,2.743849941160635,5.103513495622347,2.780495909006273
2024-06-04 18:36:15,1177.84,1173.92,84.05,62.21,1175.88,2351.76,3.9199999999998454,0.00333367350126388,146.26,21.839999999999996,0.0,-3.9199999999998454,-1.959999999999809,3.9199999999998454,1.9999989795924735,1.300000000000182,-3.9199999999998454,-1.309999999999718,0.0,0.0,0.0,8.039655353208977,2.7123983851209497,4.829184196114225,2.9736665078654108
2024-06-04 18:36:16,1176.53,1173.92,84.05,62.21,1175.225,2350.45,2.6099999999999,0.0022208513244519547,146.26,21.839999999999996,-1.3099999999999454,0.0,-0.6550000000002001,1.3099999999999454,1.999996946568853,-1.3099999999999454,3.9199999999998454,1.304999999999609,0.0,0.0,0.0,8.035177026971304,1.879922205732232,3.005423431065802,2.6093758832334206
2024-06-04 18:36:17,1171.32,1177.84,84.05,62.21,1174.58,2349.16,6.519999999999982,0.00555092032424276,146.26,21.839999999999996,-5.210000000000036,3.9199999999998454,-0.6449999999999818,9.129999999999882,14.155016813927636,-3.900000000000091,3.9199999999998454,0.010000000000218279,0.0,0.0,0.0,8.030767072126576,1.688570401139616,2.5097011774311824,2.542762769115527
2024-06-04 18:36:18,1177.84,1171.32,84.08,62.21,1174.58,2349.16,6.519999999999982,0.00555092032424276,146.29,21.869999999999997,6.519999999999982,-6.519999999999982,0.0,13.039999999999964,13039999.999999965,11.730000000000018,-10.439999999999827,0.6449999999999818,0.030000000000001137,0.0,0.030000000000001137,8.029120185732994,1.3523331688626556,2.7659681849218245,0.7161581529242588
2024-06-04 18:36:19,1167.41,1176.53,84.08,62.21,1171.97,2343.94,9.11999999999989,0.0077817691512735996,146.29,21.869999999999997,-10.429999999999836,5.210000000000036,-2.6099999999999,15.639999999999873,5.992334868837395,-16.949999999999818,11.730000000000018,-2.6099999999999,0.0,0.0,0.0,8.011278911673534,1.4857388732909618,2.5372465390654937,1.0732392557113317
2024-06-04 18:36:20,1177.84,1172.62,84.11,62.21,1175.23,2350.46,5.220000000000027,0.0044416837517408025,146.32,21.9,10.429999999999836,-3.910000000000082,3.259999999999991,14.339999999999918,4.398771656818497,20.859999999999673,-9.120000000000118,5.869999999999891,0.030000000000001137,0.0,0.030000000000001137,8.031916292838188,1.3513678254302124,2.3651469298966834,2.133087550945797
2024-06-04 18:36:21,1173.92,1175.23,84.11,62.21,1174.575,2349.15,1.3099999999999454,0.0011152970213776457,146.32,21.9,-3.9199999999998454,2.6100000000001273,-0.6549999999999727,6.529999999999973,9.96945042832033,-14.349999999999682,6.520000000000209,-3.9149999999999636,0.0,0.0,0.0,8.027439802983599,1.2710605806208728,2.852037867911231,2.133087550945783
2024-06-04 18:36:22,1171.32,1176.53,84.11,62.21,1173.925,2347.85,5.210000000000036,0.004438102941467243,146.32,21.9,-2.6000000000001364,1.2999999999999545,-0.650000000000091,3.900000000000091,5.99999076924427,1.319999999999709,-1.3100000000001728,0.004999999999881766,0.0,0.0,0.0,8.02299748480729,1.2540703726699292,2.8222561896467906,2.133390494025861
2024-06-04 18:36:23,1176.53,1168.71,84.11,62.21,1172.62,2345.24,7.819999999999936,0.0066688270653162225,146.32,21.9,5.210000000000036,-7.819999999999936,-1.3050000000000637,13.029999999999973,9.98466667841583,7.810000000000173,-9.11999999999989,-0.6549999999999727,0.0,0.0,0.0,8.01407867677639,1.3518478093370037,2.996953453091919,2.1923691523098783
2024-06-04 18:36:24,1175.23,1173.92,84.11,62.21,1174.575,2349.15,1.3099999999999454,0.0011152970213776457,146.32,21.9,-1.2999999999999545,5.210000000000036,1.9550000000001546,6.509999999999991,3.3299215703723304,-6.509999999999991,13.029999999999973,3.2600000000002183,0.0,0.0,0.0,8.027439802983599,0.9890715341209949,2.8224864924388546,1.977812554313537
2024-06-04 18:36:25,1173.92,1176.53,84.16,62.21,1175.225,2350.45,2.6099999999999,0.0022208513244519547,146.37,21.949999999999996,-1.3099999999999454,2.6099999999999,0.6499999999998636,3.9199999999998454,6.030759952678023,-0.009999999999990905,-2.6000000000001364,-1.305000000000291,0.04999999999999716,0.0,0.04999999999999716,8.029138429807075,0.987752499165853,2.822024096282629,1.3037513183119707
2024-06-04 18:36:26,1173.92,1176.53,84.16,62.21,1175.225,2350.45,2.6099999999999,0.0022208513244519547,146.37,21.949999999999996,0.0,0.0,0.0,0.0,0.0,1.3099999999999454,-2.6099999999999,-0.6499999999998636,0.0,0.0,0.0,8.029138429807075,1.0896008441664145,2.603751140182144,1.253549959116198
2024-06-04 18:36:27,1180.44,1176.53,84.19,62.21,1178.4850000000001,2356.9700000000003,3.910000000000082,0.0033178190614918833,146.4,21.979999999999997,6.519999999999982,0.0,3.2600000000002183,6.519999999999982,1.999999386503116,6.519999999999982,0.0,3.2600000000002183,0.030000000000001137,0.0,0.030000000000001137,8.049760873977045,2.1116415414570793,2.5047594694899864,1.761847751651793
2024-06-04 18:36:28,1180.44,1175.23,84.19,62.21,1177.835,2355.67,5.210000000000036,0.004423369992890911,146.4,21.979999999999997,0.0,-1.2999999999999545,-0.650000000000091,1.2999999999999545,1.9999969230813068,-6.519999999999982,-1.2999999999999545,-3.9100000000003092,0.0,0.0,0.0,8.045320983296987,1.7615703220721943,1.4822280526288387,1.569663976779894
2024-06-04 18:36:29,1177.84,1171.32,84.22,62.21,1174.58,2349.16,6.519999999999982,0.00555092032424276,146.43,22.009999999999998,-2.6000000000001364,-3.910000000000082,-3.255000000000109,1.3099999999999454,0.4024576336535385,-2.6000000000001364,-2.6100000000001273,-2.605000000000018,0.030000000000001137,0.0,0.030000000000001137,8.021443638452205,1.7603692793290935,1.698446348872951,2.3488092728019767
2024-06-04 18:36:30,1177.84,1170.01,84.22,62.21,1173.925,2347.85,7.829999999999927,0.006669932059824942,146.43,22.009999999999998,0.0,-1.3099999999999454,-0.6549999999999727,1.3099999999999454,1.999996946569547,2.6000000000001364,2.6000000000001364,2.6000000000001364,0.0,0.0,0.0,8.016970511391309,2.0288297118304657,2.063390413857662,2.331102207111603
2024-06-04 18:36:31,1176.53,1172.62,84.22,62.21,1174.5749999999998,2349.1499999999996,3.910000000000082,0.0033288636286922663,146.43,22.009999999999998,-1.3099999999999454,2.6099999999999,0.6499999999998636,3.9199999999998454,6.030759952678023,-1.3099999999999454,3.9199999999998454,1.3049999999998363,0.0,0.0,0.0,8.021409492444105,2.1108706733493556,1.7034318301591929,2.367073615247429
2024-06-04 18:36:32,1176.53,1176.53,84.22,62.21,1176.53,2353.06,0.0,0.0,146.43,22.009999999999998,0.0,3.910000000000082,1.9550000000001546,3.910000000000082,1.9999989769825042,1.3099999999999454,1.300000000000182,1.305000000000291,0.0,0.0,0.0,8.034760581610595,1.6351735380707217,3.003469660242894,1.9317524427318058
2024-06-04 18:36:33,1171.32,1176.53,84.22,62.21,1173.925,2347.85,5.210000000000036,0.004438102941467243,146.43,22.009999999999998,-5.210000000000036,0.0,-2.605000000000018,5.210000000000036,1.999999232245976,-5.210000000000036,-3.910000000000082,-4.560000000000173,0.0,0.0,0.0,8.016970511391309,1.0700385505240726,3.003469660242894,2.1792762560080083
2024-06-04 18:36:34,1176.53,1176.53,84.22,62.21,1176.53,2353.06,0.0,0.0,146.43,22.009999999999998,5.210000000000036,0.0,2.605000000000018,5.210000000000036,1.999999232245976,10.420000000000073,0.0,5.210000000000036,0.0,0.0,0.0,8.034760581610595,1.3347874361137637,3.4014923195561684,2.0907594314029
2024-06-04 18:36:35,1171.32,1171.32,84.22,62.21,1171.32,2342.64,0.0,0.0,146.43,22.009999999999998,-5.210000000000036,-5.210000000000036,-5.210000000000036,0.0,0.0,-10.420000000000073,-5.210000000000036,-7.815000000000055,0.0,0.0,0.0,7.999180441172024,2.1599519669677507,2.539553110293196,3.3016461803167623
2024-06-04 18:36:36,1176.53,1171.32,84.22,62.21,1173.925,2347.85,5.210000000000036,0.004438102941467243,146.43,22.009999999999998,5.210000000000036,0.0,2.605000000000018,5.210000000000036,1.999999232245976,10.420000000000073,5.210000000000036,7.815000000000055,0.0,0.0,0.0,8.016970511391309,2.1794993690313373,2.853634524601883,3.5790955561426907
2024-06-04 18:36:37,1179.14,1171.32,84.28,62.21,1175.23,2350.46,7.820000000000164,0.006654016654906824,146.49,22.07,2.6100000000001273,0.0,1.3050000000000637,2.6100000000001273,1.9999984674341247,-2.599999999999909,0.0,-1.2999999999999545,0.060000000000002274,0.0,0.060000000000002274,8.022595344237864,1.932257099769144,3.4964653580437646,3.4952539249674324
2024-06-04 18:36:38,1172.62,1171.32,84.28,62.21,1171.9699999999998,2343.9399999999996,1.2999999999999545,0.0011092434097209922,146.49,22.07,-6.520000000000209,0.0,-3.2600000000002183,6.520000000000209,1.9999993865031858,-9.130000000000337,0.0,-4.565000000000282,0.0,0.0,0.0,8.00034126561307,2.1801720114726706,3.4970244494427245,3.6153274402190094
2024-06-04 18:36:39,1175.23,1173.92,84.28,62.21,1174.575,2349.15,1.3099999999999454,0.0011152970213776457,146.49,22.07,2.6100000000001273,2.6000000000001364,2.6050000000002456,0.009999999999990905,0.003838770119470189,9.130000000000337,2.6000000000001364,5.865000000000464,0.0,0.0,0.0,8.018124049299447,1.6864437433870088,3.270347076381989,3.6153274402190565
2024-06-04 18:36:40,1171.32,1175.23,84.28,62.21,1173.275,2346.55,3.910000000000082,0.003332552041650533,146.49,22.07,-3.910000000000082,1.3099999999999454,-1.2999999999999545,5.220000000000027,4.015381526629756,-6.520000000000209,-1.290000000000191,-3.9050000000002,0.0,0.0,0.0,8.009249723467475,1.253549958960105,2.7636117672350777,2.589800668005305
2024-06-04 18:36:41,1176.53,1175.23,84.28,62.21,1175.88,2351.76,1.2999999999999545,0.0011055549876640468,146.49,22.07,5.210000000000036,0.0,2.605000000000018,5.210000000000036,1.999999232245976,9.120000000000118,-1.3099999999999454,3.9049999999999727,0.0,0.0,0.0,8.02703250715385,1.5693525733909808,2.8554631848441434,2.589800668005305
2024-06-04 18:36:42,1179.14,1173.92,84.3,62.21,1176.5300000000002,2353.0600000000004,5.220000000000027,0.0044367759390438405,146.51,22.089999999999996,2.6100000000001273,-1.3099999999999454,0.650000000000091,3.9200000000000728,6.030759952676264,-2.599999999999909,-1.3099999999999454,-1.9549999999999272,0.01999999999999602,0.0,0.01999999999999602,8.030373298543628,1.8653330800714996,1.8455541173316725,2.5482420410943534
2024-06-04 18:36:43,1180.44,1173.92,84.3,62.21,1177.18,2354.36,6.519999999999982,0.005538660183201652,146.51,22.089999999999996,1.2999999999999545,0.0,0.6499999999998636,1.2999999999999545,1.9999969230820065,-1.3100000000001728,1.3099999999999454,-2.2737367544323206e-13,0.0,0.0,0.0,8.034809855744934,1.5678990718819428,2.3327816014363276,1.6338780554252568
2024-06-04 18:36:44,1176.53,1168.71,84.3,62.21,1172.62,2345.24,7.819999999999936,0.0066688270653162225,146.51,22.089999999999996,-3.910000000000082,-5.210000000000036,-4.560000000000173,1.2999999999999545,0.28508765677900183,-5.210000000000036,-5.210000000000036,-5.210000000000036,0.0,0.0,0.0,8.003685700609612,2.0285881789088362,2.508920086411614,2.7087921662616288
2024-06-04 18:36:45,1171.32,1173.92,84.3,62.21,1172.62,2345.24,2.6000000000001364,0.002217257080540055,146.51,22.089999999999996,-5.210000000000036,5.210000000000036,0.0,10.420000000000073,10420000.000000073,-1.2999999999999545,10.420000000000073,4.560000000000173,0.0,0.0,0.0,8.003685700609612,2.190360700799964,2.7058676981699503,2.6617109159336634
2024-06-04 18:36:46,1176.53,1171.32,84.3,62.21,1173.925,2347.85,5.210000000000036,0.004438102941467243,146.51,22.089999999999996,5.210000000000036,-2.6000000000001364,1.3050000000000637,7.810000000000173,5.98466974354793,10.420000000000073,-7.810000000000173,1.3050000000000637,0.0,0.0,0.0,8.012592942375313,2.160705903080978,1.9359700410903669,2.3757746105218853
2024-06-04 18:36:47,1168.71,1166.1,84.3,62.21,1167.405,2334.81,2.6100000000001273,0.0022357279588184043,146.51,22.089999999999996,-7.819999999999936,-5.220000000000027,-6.519999999999982,2.599999999999909,0.39877294497346183,-13.029999999999973,-2.619999999999891,-7.8250000000000455,0.0,0.0,0.0,7.968090860909898,3.5216597648848746,2.332781601436215,3.4920051546353874
2024-06-04 18:36:48,1175.23,1167.41,84.3,62.21,1171.3200000000002,2342.6400000000003,7.819999999999936,0.00667622852279796,146.51,22.089999999999996,6.519999999999982,1.3100000000001728,3.915000000000191,5.209999999999809,1.3307787149989374,14.339999999999918,6.5300000000002,10.435000000000173,0.0,0.0,0.0,7.994812586207001,2.508008672155804,2.607502636623636,4.2856251002626
2024-06-04 18:36:49,1170.01,1184.35,84.3,62.3,1177.1799999999998,2354.3599999999997,14.339999999999918,0.012181654452010962,146.6,22.0,-5.220000000000027,16.939999999999827,5.859999999999673,22.159999999999854,3.7815693205514966,-11.740000000000009,15.629999999999654,1.9449999999994816,0.0,0.0899999999999963,0.0899999999999963,8.02987716214272,3.581143322963803,4.87885539855393,4.736072476219032
2024-06-04 18:36:50,1177.84,1183.05,84.33,62.3,1180.445,2360.89,5.210000000000036,0.00441358978655206,146.63,22.03,7.829999999999927,-1.2999999999999545,3.2650000000001,9.129999999999882,2.7963237989818692,13.049999999999955,-18.23999999999978,-2.5949999999995725,0.030000000000001137,0.0,0.030000000000001137,8.050501206775548,5.057601951479368,4.478311065569146,4.8034974237527805
2024-06-04 18:36:51,1171.32,1181.75,84.33,62.3,1176.5349999999999,2353.0699999999997,10.430000000000064,0.008865014632913639,146.63,22.03,-6.519999999999982,-1.2999999999999545,-3.910000000000082,5.220000000000027,1.3350380217293851,-14.349999999999909,0.0,-7.175000000000182,0.0,0.0,0.0,8.023835449608978,5.174176987657815,4.5534459478508325,5.402849479672717
2024-06-04 18:36:52,1181.75,1181.75,84.39,62.3,1181.75,2363.5,0.0,0.0,146.69,22.090000000000003,10.430000000000064,0.0,5.2150000000001455,10.430000000000064,1.9999996164909215,16.950000000000045,1.2999999999999545,9.125000000000227,0.060000000000002274,0.0,0.060000000000002274,8.056104655694972,4.06038698889749,5.4071480467987465,3.9260530434521868
2024-06-04 18:36:53,1177.84,1180.44,84.39,62.3,1179.1399999999999,2358.2799999999997,2.6000000000001364,0.0022049968602499614,146.69,22.090000000000003,-3.910000000000082,-1.3099999999999454,-2.6100000000001273,2.6000000000001364,0.9961682007018424,-14.340000000000146,-1.3099999999999454,-7.825000000000273,0.0,0.0,0.0,8.038312031915522,2.1827877816244086,5.831666142707352,4.529507975486985
2024-06-04 18:36:54,1176.53,1179.14,84.39,62.3,1177.835,2355.67,2.6100000000001273,0.0022159300732141575,146.69,22.090000000000003,-1.3099999999999454,-1.2999999999999545,-1.3049999999998363,0.009999999999990905,0.007662829377136232,2.6000000000001364,0.009999999999990905,1.305000000000291,0.0,0.0,0.0,8.0294157200258,2.0618056405996787,3.9546365193276274,3.923450968216729
2024-06-04 18:36:55,1181.75,1181.75,84.39,62.3,1181.75,2363.5,0.0,0.0,146.69,22.090000000000003,5.220000000000027,2.6099999999999,3.9149999999999636,2.6100000000001273,0.6666664963815211,6.529999999999973,3.9099999999998545,5.2199999999998,0.0,0.0,0.0,8.056104655694972,2.3329182368031423,4.284713526013131,4.061590513579694
2024-06-04 18:36:56,1177.84,1180.44,84.39,62.3,1179.1399999999999,2358.2799999999997,2.6000000000001364,0.0022049968602499614,146.69,22.090000000000003,-3.910000000000082,-1.3099999999999454,-2.6100000000001273,2.6000000000001364,0.9961682007018424,-9.13000000000011,-3.9199999999998454,-6.525000000000091,0.0,0.0,0.0,8.038312031915522,1.7508412262705084,1.425910235603879,3.7581069037482924
2024-06-04 18:36:57,1179.14,1180.44,84.39,62.3,1179.79,2359.58,1.2999999999999545,0.0011018910135685701,146.69,22.090000000000003,1.300000000000182,0.0,0.650000000000091,1.300000000000182,1.9999969230816568,5.210000000000264,1.3099999999999454,3.2600000000002183,0.0,0.0,0.0,8.042743145117301,1.4294421987643977,1.1644397794647312,2.752663709936287
2024-06-04 18:36:58,1175.23,1175.23,84.39,62.3,1175.23,2350.46,0.0,0.0,146.69,22.090000000000003,-3.910000000000082,-5.210000000000036,-4.559999999999945,1.2999999999999545,0.28508765677901604,-5.210000000000264,-5.210000000000036,-5.210000000000036,0.0,0.0,0.0,8.011657181732517,2.421844338434657,1.3025052783001962,3.24040236699086
2024-06-04 18:36:59,1171.32,1177.84,84.39,62.3,1174.58,2349.16,6.519999999999982,0.00555092032424276,146.69,22.090000000000003,-3.910000000000082,2.6099999999999,-0.650000000000091,6.519999999999982,10.030753798838878,0.0,7.819999999999936,3.9099999999998545,0.0,0.0,0.0,8.007226068530738,3.0776403297993986,2.7039378691086298,3.2271860807830737
2024-06-04 18:37:00,1176.53,1176.53,84.39,62.3,1176.53,2353.06,0.0,0.0,146.69,22.090000000000003,5.210000000000036,-1.3099999999999454,1.9500000000000455,6.519999999999982,3.343588028929129,9.120000000000118,-3.9199999999998454,2.6000000000001364,0.0,0.0,0.0,8.020519408136073,2.321600740783637,2.7039378691086298,2.588605802357737
2024-06-04 18:37:01,1170.01,1180.44,84.39,62.3,1175.225,2350.45,10.430000000000064,0.008874896288902267,146.69,22.090000000000003,-6.519999999999982,3.910000000000082,-1.3050000000000637,10.430000000000064,7.992331040359016,-11.730000000000018,5.220000000000027,-3.255000000000109,0.0,0.0,0.0,8.011623096246348,2.0909160670880595,4.646848394342122,2.4535015793759034
2024-06-04 18:37:02,1177.84,1179.14,84.39,62.3,1178.49,2356.98,1.300000000000182,0.0011031065167265528,146.69,22.090000000000003,7.829999999999927,-1.2999999999999545,3.2650000000001,9.129999999999882,2.7963237989818692,14.349999999999909,-5.210000000000036,4.570000000000164,0.0,0.0,0.0,8.033880918713745,1.5564639409915364,4.6468483943420935,3.0431829553939393
2024-06-04 18:37:03,1177.84,1175.23,84.42,62.3,1176.5349999999999,2353.0699999999997,2.6099999999999,0.0022183785418891247,146.72,22.120000000000005,0.0,-3.910000000000082,-1.9550000000001546,3.910000000000082,1.9999989769825042,-7.829999999999927,-2.6100000000001273,-5.220000000000255,0.030000000000001137,0.0,0.030000000000001137,8.018913522226597,1.5011936915691626,4.265251458003352,2.2399592630225427
2024-06-04 18:37:04,1179.14,1176.53,84.42,62.3,1177.835,2355.67,2.6100000000001273,0.0022159300732141575,146.72,22.120000000000005,1.300000000000182,1.2999999999999545,1.300000000000182,2.2737367544323206e-13,1.7490269272346733e-13,1.300000000000182,5.210000000000036,3.2550000000003365,0.0,0.0,0.0,8.027773936560974,1.2723433104344943,4.081623451520208,2.2112649095032766
2024-06-04 18:37:05,1177.84,1176.53,84.42,62.3,1177.185,2354.37,1.3099999999999454,0.0011128242365364162,146.72,22.120000000000005,-1.300000000000182,0.0,-0.650000000000091,1.300000000000182,1.9999969230816568,-2.600000000000364,-1.2999999999999545,-1.9500000000002728,0.0,0.0,0.0,8.023343729393785,1.2553704630934488,3.8447912817212546,2.1337742382924545
2024-06-04 18:37:06,1177.84,1177.84,84.42,62.3,1177.84,2355.68,0.0,0.0,146.72,22.120000000000005,0.0,1.3099999999999454,0.6549999999999727,1.3099999999999454,1.999996946569547,1.300000000000182,1.3099999999999454,1.3050000000000637,0.0,0.0,0.0,8.027808015077644,0.7430898327978676,1.0918470588867748,1.9783913920153662
2024-06-04 18:37:07,1175.23,1171.32,84.42,62.3,1173.275,2346.55,3.910000000000082,0.003332552041650533,146.72,22.120000000000005,-2.6099999999999,-6.519999999999982,-4.564999999999827,3.910000000000082,0.856516789372057,-2.6099999999999,-7.829999999999927,-5.2199999999998,0.0,0.0,0.0,7.996694329357319,1.9002052519679578,1.4857388734228536,2.3325699346428928
2024-06-04 18:37:08,1176.53,1176.53,84.42,62.3,1176.53,2353.06,0.0,0.0,146.72,22.120000000000005,1.2999999999999545,5.210000000000036,3.2549999999998818,3.910000000000082,1.2012285096072854,3.9099999999998545,11.730000000000018,7.819999999999709,0.0,0.0,0.0,8.018879443709928,1.9002059097915176,1.6995970110587604,2.914436909593273
2024-06-04 18:37:09,1180.44,1177.84,84.47,62.3,1179.1399999999999,2358.2799999999997,2.6000000000001364,0.0022049968602499614,146.76999999999998,22.17,3.910000000000082,1.3099999999999454,2.6099999999999,2.6000000000001364,0.9961682007019292,2.6100000000001273,-3.900000000000091,-0.6449999999999818,0.04999999999999716,0.0,0.04999999999999716,8.033930585038288,2.191105314585921,1.6980665475769423,3.1127668560300763
2024-06-04 18:37:10,1181.75,1173.92,84.47,62.3,1177.835,2355.67,7.829999999999927,0.0066477902196420855,146.76999999999998,22.17,1.3099999999999454,-3.9199999999998454,-1.3049999999998363,5.229999999999791,4.007659764245734,-2.6000000000001364,-5.229999999999791,-3.9149999999997362,0.0,0.0,0.0,8.025039122265866,2.238865225869314,3.2492260616952393,3.173873816017139
2024-06-04 18:37:11,1180.44,1173.92,84.47,62.3,1177.18,2354.36,6.519999999999982,0.005538660183201652,146.76999999999998,22.17,-1.3099999999999454,0.0,-0.6549999999999727,1.3099999999999454,1.999996946569547,-2.619999999999891,3.9199999999998454,0.6499999999998636,0.0,0.0,0.0,8.020576357426068,2.19028708155044,3.1160664306139956,3.173770628132916
2024-06-04 18:37:12,1175.23,1176.53,84.47,62.3,1175.88,2351.76,1.2999999999999545,0.0011055549876640468,146.76999999999998,22.17,-5.210000000000036,2.6099999999999,-1.2999999999999545,7.819999999999936,6.015379988169402,-3.900000000000091,2.6099999999999,-0.6449999999999818,0.0,0.0,0.0,8.011718961560819,1.2544600430492812,3.3784907873190244,2.22889939207663
2024-06-04 18:37:13,1171.32,1177.84,84.47,62.3,1174.58,2349.16,6.519999999999982,0.00555092032424276,146.76999999999998,22.17,-3.910000000000082,1.3099999999999454,-1.300000000000182,5.220000000000027,4.015381526629055,1.2999999999999545,-1.2999999999999545,-2.2737367544323206e-13,0.0,0.0,0.0,8.002861565695568,1.7599985794331914,2.831480178281232,1.7002683611712173
2024-06-04 18:37:14,1172.62,1176.53,84.47,62.3,1174.5749999999998,2349.1499999999996,3.910000000000082,0.0033288636286922663,146.76999999999998,22.17,1.2999999999999545,-1.3099999999999454,-0.005000000000109139,2.6099999999999,521.8956208644153,5.210000000000036,-2.619999999999891,1.2950000000000728,0.0,0.0,0.0,8.002827498788394,1.4849705382956577,2.611250658209519,0.5797046661878439
2024-06-04 18:37:15,1175.23,1176.53,84.47,62.3,1175.88,2351.76,1.2999999999999545,0.0011055549876640468,146.76999999999998,22.17,2.6100000000001273,0.0,1.305000000000291,2.6100000000001273,1.9999984674337763,1.3100000000001728,1.3099999999999454,1.3100000000004002,0.0,0.0,0.0,8.011718961560819,1.0888549029166381,2.6099999999999595,1.0894574337716492
2024-06-04 18:37:16,1179.14,1176.53,84.47,62.3,1177.835,2355.67,2.6100000000001273,0.0022159300732141575,146.76999999999998,22.17,3.910000000000082,0.0,1.9549999999999272,3.910000000000082,1.9999989769827369,1.2999999999999545,0.0,0.6499999999996362,0.0,0.0,0.0,8.025039122265866,1.3351544852958819,2.183384986666292,1.4848627882738004
2024-06-04 18:37:17,1179.14,1176.53,84.47,62.3,1177.835,2355.67,2.6100000000001273,0.0022159300732141575,146.76999999999998,22.17,0.0,0.0,0.0,0.0,0.0,-3.910000000000082,0.0,-1.9549999999999272,0.0,0.0,0.0,8.025039122265866,1.6352729128822252,1.9781430686377708,1.269908461268092
2024-06-04 18:37:18,1177.84,1176.53,84.47,62.3,1177.185,2354.37,1.3099999999999454,0.0011128242365364162,146.76999999999998,22.17,-1.300000000000182,0.0,-0.650000000000091,1.300000000000182,1.9999969230816568,-1.300000000000182,0.0,-0.650000000000091,0.0,0.0,0.0,8.02061042433324,1.4135487255864208,1.0900550444816337,1.0712574387140508
2024-06-04 18:37:19,1176.53,1176.53,84.47,62.3,1176.53,2353.06,0.0,0.0,146.76999999999998,22.17,-1.3099999999999454,0.0,-0.6549999999999727,1.3099999999999454,1.999996946569547,-0.009999999999763531,0.0,-0.004999999999881766,0.0,0.0,0.0,8.016147659493441,0.8499897055890833,1.091847058886842,1.1845009497675172
2024-06-04 18:37:20,1179.14,1171.32,84.5,62.3,1175.23,2350.46,7.820000000000164,0.006654016654906824,146.8,22.200000000000003,2.6100000000001273,-5.210000000000036,-1.2999999999999545,7.820000000000164,6.015379988169577,3.9200000000000728,-5.210000000000036,-0.6449999999999818,0.030000000000001137,0.0,0.030000000000001137,8.00565389641925,1.0900493106310418,2.971035173134126,1.2529016322121795
2024-06-04 18:37:21,1177.84,1173.92,84.5,62.3,1175.88,2351.76,3.9199999999998454,0.00333367350126388,146.8,22.200000000000003,-1.300000000000182,2.6000000000001364,0.650000000000091,3.9000000000003183,5.99999076924462,-3.9100000000003092,7.810000000000173,1.9500000000000455,0.0,0.0,0.0,8.01008168930462,1.030112857703736,2.999994999995842,0.7415557969566808
2024-06-04 18:37:22,1176.53,1176.53,84.5,62.3,1176.53,2353.06,0.0,0.0,146.8,22.200000000000003,-1.3099999999999454,2.6099999999999,0.6499999999998636,3.9199999999998454,6.030759952678023,-0.009999999999763531,0.009999999999763531,-2.2737367544323206e-13,0.0,0.0,0.0,8.01450948218999,0.7426506578507566,3.323191237350037,0.8726282140751548
2024-06-04 18:37:23,1180.44,1176.53,84.5,62.3,1178.4850000000001,2356.9700000000003,3.910000000000082,0.0033178190614918833,146.8,22.200000000000003,3.910000000000082,0.0,1.9550000000001546,3.910000000000082,1.9999989769825042,5.220000000000027,-2.6099999999999,1.305000000000291,0.0,0.0,0.0,8.02782692079137,1.2180435130185905,3.2719413197672216,1.2696505424722633
2024-06-04 18:37:24,1176.53,1170.01,84.5,62.3,1173.27,2346.54,6.519999999999982,0.005557118135163145,146.8,22.200000000000003,-3.910000000000082,-6.519999999999982,-5.2150000000001455,2.6099999999999,0.5004792904162103,-7.820000000000164,-6.519999999999982,-7.1700000000003,0.0,0.0,0.0,7.992302397872598,1.9002052519677455,3.00064659698539,2.8030220298814115
2024-06-04 18:37:25,1171.32,1175.23,84.5,62.3,1173.275,2346.55,3.910000000000082,0.003332552041650533,146.8,22.200000000000003,-5.210000000000036,5.220000000000027,0.005000000000109139,10.430000000000064,2085.5828833778132,-1.2999999999999545,11.740000000000009,5.220000000000255,0.0,0.0,0.0,7.9923364578178715,2.238209663906647,2.3327816014362965,2.7883180414006854
2024-06-04 18:37:26,1175.23,1176.53,84.5,62.3,1175.88,2351.76,1.2999999999999545,0.0011055549876640468,146.8,22.200000000000003,3.910000000000082,1.2999999999999545,2.605000000000018,2.6100000000001273,1.001919001182767,9.120000000000118,-3.9200000000000728,2.599999999999909,0.0,0.0,0.0,8.01008168930462,2.238209663906647,2.5423748740104766,3.0913912725503616
2024-06-04 18:37:27,1172.62,1176.53,84.5,62.3,1174.5749999999998,2349.1499999999996,3.910000000000082,0.0033288636286922663,146.8,22.200000000000003,-2.6100000000001273,0.0,-1.305000000000291,2.6100000000001273,1.9999984674337763,-6.520000000000209,-1.2999999999999545,-3.9100000000003092,0.0,0.0,0.0,8.001192043588608,2.1806954165138643,1.8455486988968226,3.1121905468657824
2024-06-04 18:37:28,1177.84,1176.53,84.5,62.3,1177.185,2354.37,1.3099999999999454,0.0011128242365364162,146.8,22.200000000000003,5.220000000000027,0.0,2.6100000000001273,5.220000000000027,1.9999992337166814,7.830000000000155,0.0,3.9150000000004184,0.0,0.0,0.0,8.01897133502063,1.7003624612428347,2.181295486631702,3.2465135145261232
2024-06-04 18:37:29,1180.44,1173.92,84.5,62.3,1177.18,2354.36,6.519999999999982,0.005538660183201652,146.8,22.200000000000003,2.6000000000001364,-2.6099999999999,-0.004999999999881766,5.210000000000036,1041.791641696303,-2.619999999999891,-2.6099999999999,-2.615000000000009,0.0,0.0,0.0,8.01893727507536,1.698636953443926,2.181295486631702,1.7495413684735774
2024-06-04 18:37:30,1177.84,1176.53,84.5,62.3,1177.185,2354.37,1.3099999999999454,0.0011128242365364162,146.8,22.200000000000003,-2.6000000000001364,2.6099999999999,0.004999999999881766,5.210000000000036,1041.791641696303,-5.200000000000273,5.2199999999998,0.009999999999763531,0.0,0.0,0.0,8.01897133502063,1.166390800549668,2.3311048882450227,1.7495413684736025
2024-06-04 18:37:31,1176.53,1173.92,84.5,62.3,1175.225,2350.45,2.6099999999999,0.0022208513244519547,146.8,22.200000000000003,-1.3099999999999454,-2.6099999999999,-1.9600000000000364,1.2999999999999545,0.6632649677219198,1.290000000000191,-5.2199999999998,-1.9649999999999181,0.0,0.0,0.0,8.005619836473977,1.2715738278238766,2.179201688692407,1.751497216669329
2024-06-04 18:37:32,1176.53,1175.23,84.5,62.3,1175.88,2351.76,1.2999999999999545,0.0011055549876640468,146.8,22.200000000000003,0.0,1.3099999999999454,0.6550000000002001,1.3099999999999454,1.999996946568853,1.3099999999999454,3.9199999999998454,2.6150000000002365,0.0,0.0,0.0,8.01008168930462,0.9227770584529374,2.257443244026253,1.6387624904177744
2024-06-04 18:37:33,1173.92,1175.23,84.56,62.3,1174.575,2349.15,1.3099999999999454,0.0011152970213776457,146.86,22.260000000000005,-2.6099999999999,0.0,-1.3050000000000637,2.6099999999999,1.9999984674339504,-2.6099999999999,-1.3099999999999454,-1.9600000000002638,0.060000000000002274,0.0,0.060000000000002274,7.997923137696287,1.166390800549348,2.257443244026253,1.0736945561937936
2024-06-04 18:37:34,1172.62,1175.23,84.56,62.3,1173.925,2347.85,2.6100000000001273,0.002223310686608443,146.86,22.260000000000005,-1.300000000000182,0.0,-0.650000000000091,1.300000000000182,1.9999969230816568,1.309999999999718,0.0,0.6549999999999727,0.0,0.0,0.0,7.993497153796151,1.2544600430483797,0.7138767400607414,1.0340660036961629
2024-06-04 18:37:35,1181.75,1172.62,84.58,62.3,1177.185,2354.37,9.13000000000011,0.007755790289754217,146.88,22.28,9.13000000000011,-2.6100000000001273,3.259999999999991,11.740000000000236,3.6012258891945947,10.430000000000291,-2.6100000000001273,3.910000000000082,0.01999999999999602,0.0,0.01999999999999602,8.014603703604278,1.2544600430483797,3.273334691106322,2.0629923654730735
2024-06-04 18:37:36,1176.53,1170.01,84.58,62.3,1173.27,2346.54,6.519999999999982,0.005557118135163145,146.88,22.28,-5.220000000000027,-2.6099999999999,-3.9149999999999636,2.6100000000001273,0.6666664963815211,-14.350000000000136,2.2737367544323206e-13,-7.1749999999999545,0.0,0.0,0.0,7.987949292021042,1.5710132079662376,3.499075592210036,2.633674714158923
2024-06-04 18:37:37,1173.92,1173.92,84.58,62.3,1173.92,2347.84,0.0,0.0,146.88,22.28,-2.6099999999999,3.910000000000082,0.650000000000091,6.519999999999982,10.030753798838878,2.6100000000001273,6.519999999999982,4.565000000000055,0.0,0.0,0.0,7.99237467325453,1.5302491625887968,3.8012668940762326,2.633179162153618
2024-06-04 18:37:38,1181.75,1173.92,84.58,62.3,1177.835,2355.67,7.829999999999927,0.0066477902196420855,146.88,22.28,7.829999999999927,0.0,3.9149999999999636,7.829999999999927,1.9999994891444473,10.439999999999827,-3.910000000000082,3.2649999999998727,0.0,0.0,0.0,8.019029084837765,2.113571030177319,3.8029817249100306,3.1623381381503073
2024-06-04 18:37:39,1179.14,1172.62,84.58,62.3,1175.88,2351.76,6.520000000000209,0.00554478347659236,146.88,22.28,-2.6099999999999,-1.300000000000182,-1.9549999999999272,1.309999999999718,0.6700763835925234,-10.439999999999827,-1.300000000000182,-5.869999999999891,0.0,0.0,0.0,8.0057188997432,1.9896940718626426,3.5244361251127665,3.3452268234007407
2024-06-04 18:37:40,1180.44,1173.92,84.58,62.3,1177.18,2354.36,6.519999999999982,0.005538660183201652,146.88,22.28,1.2999999999999545,1.300000000000182,1.2999999999999545,2.2737367544323206e-13,1.7490269272349792e-13,3.9099999999998545,2.600000000000364,3.2549999999998818,0.0,0.0,0.0,8.014569662210175,1.9887106374748023,3.1143891856991375,3.024440857414775
2024-06-04 18:37:41,1180.44,1173.92,84.58,62.3,1177.18,2354.36,6.519999999999982,0.005538660183201652,146.88,22.28,0.0,0.0,0.0,0.0,0.0,-1.2999999999999545,-1.300000000000182,-1.2999999999999545,0.0,0.0,0.0,8.014569662210175,1.556985870072788,3.1143891856991375,2.1333149087745755
2024-06-04 18:37:42,1171.32,1172.62,84.58,62.3,1171.9699999999998,2343.9399999999996,1.2999999999999545,0.0011092434097209922,146.88,22.28,-9.120000000000118,-1.300000000000182,-5.210000000000264,7.819999999999936,1.500959404806168,-9.120000000000118,-1.300000000000182,-5.210000000000264,0.0,0.0,0.0,7.979098529554067,2.3667974141456183,2.5449400778799935,3.435944193376907
2024-06-04 18:37:43,1176.53,1173.92,84.58,62.3,1175.225,2350.45,2.6099999999999,0.0022208513244519547,146.88,22.28,5.210000000000036,1.300000000000182,3.255000000000109,3.9099999999998545,1.2012285096071316,14.330000000000155,2.600000000000364,8.465000000000373,0.0,0.0,0.0,8.001259477115608,2.140378471113394,2.5428881218016777,3.2360751690899816
2024-06-04 18:37:44,1172.62,1166.1,84.58,62.3,1169.36,2338.72,6.519999999999982,0.005575699523178732,146.88,22.28,-3.910000000000082,-7.820000000000164,-5.865000000000009,3.910000000000082,0.6666665529980431,-9.120000000000118,-9.120000000000346,-9.120000000000118,0.0,0.0,0.0,7.96132892183191,3.4354213714774136,2.542888121801637,4.041202481935387
2024-06-04 18:37:45,1176.53,1166.1,84.58,62.3,1171.315,2342.63,10.430000000000064,0.008904521833234903,146.88,22.28,3.910000000000082,0.0,1.9550000000001546,3.910000000000082,1.9999989769825042,7.820000000000164,7.820000000000164,7.820000000000164,0.0,0.0,0.0,7.974639106926477,3.1453239101246293,3.6185259429773486,4.155710829689795
2024-06-04 18:37:46,1179.14,1183.05,84.58,62.33,1181.095,2362.19,3.9099999999998545,0.0033104872992344957,146.91,22.25,2.6100000000001273,16.950000000000045,9.779999999999973,14.339999999999918,1.4662575187875706,-1.2999999999999545,16.950000000000045,7.824999999999818,0.0,0.030000000000001137,0.030000000000001137,8.039582002317188,4.595789649190146,3.618525942977356,6.491192687018386
2024-06-04 18:37:47,1176.53,1180.44,84.58,62.33,1178.4850000000001,2356.9700000000003,3.910000000000082,0.0033178190614918833,146.91,22.25,-2.6100000000001273,-2.6099999999999,-2.6099999999999,2.2737367544323206e-13,8.711631736663732e-14,-5.220000000000255,-19.559999999999945,-12.389999999999873,0.0,0.0,0.0,8.0218160232672,4.865378196975618,3.1125038152587177,5.974670074573151
2024-06-04 18:37:48,1175.23,1181.75,84.58,62.33,1178.49,2356.98,6.519999999999982,0.0055325034531200756,146.91,22.25,-1.2999999999999545,1.3099999999999454,0.004999999999881766,2.6099999999999,521.8956208881435,1.3100000000001728,3.9199999999998454,2.6149999999997817,0.0,0.0,0.0,8.021850057709822,5.100445323656244,2.672502572496413,5.885336226588922
2024-06-04 18:37:49,1167.41,1180.44,84.58,62.33,1173.9250000000002,2347.8500000000004,13.029999999999973,0.011099516569542733,146.91,22.25,-7.819999999999936,-1.3099999999999454,-4.564999999999827,6.509999999999991,1.4260675956040836,-6.519999999999982,-2.619999999999891,-4.569999999999709,0.0,0.0,0.0,7.990776611593653,3.949619601886712,4.058460299177497,5.544229657941617
2024-06-04 18:37:50,1176.53,1173.92,84.58,62.33,1175.225,2350.45,2.6099999999999,0.0022208513244519547,146.91,22.25,9.11999999999989,-6.519999999999982,1.2999999999997272,15.639999999999873,12.030759976340908,16.939999999999827,-5.210000000000036,5.864999999999554,0.0,0.0,0.0,7.999625566676022,2.8642154247907614,4.180894641102532,5.521144129616549
2024-06-04 18:37:51,1175.23,1179.14,84.61,62.33,1177.185,2354.37,3.910000000000082,0.0033214830266089005,146.94,22.28,-1.2999999999999545,5.220000000000027,1.9600000000000364,6.519999999999982,3.3265289150361967,-10.419999999999845,11.740000000000009,0.6600000000003092,0.030000000000001137,0.0,0.030000000000001137,8.0113311010526,2.0306759957236546,4.180894641102504,2.744327331059347
2024-06-04 18:37:52,1180.44,1175.23,84.61,62.33,1177.835,2355.67,5.210000000000036,0.004423369992890911,146.94,22.28,5.210000000000036,-3.910000000000082,0.650000000000091,9.120000000000118,14.030747645001842,6.509999999999991,-9.13000000000011,-1.3099999999999454,0.0,0.0,0.0,8.015754675270488,1.9014915197307363,4.057336564792193,2.584030282330205
2024-06-04 18:37:53,1177.84,1180.44,84.67,62.33,1179.1399999999999,2358.2799999999997,2.6000000000001364,0.0022049968602499614,147.0,22.340000000000003,-2.6000000000001364,5.210000000000036,1.3049999999998363,7.810000000000173,5.984669743548973,-7.810000000000173,9.120000000000118,0.6549999999997453,0.060000000000002274,0.0,0.060000000000002274,8.021360489650608,2.082431271280755,4.360942558667737,2.665138364137861
2024-06-04 18:37:54,1181.75,1180.44,84.67,62.33,1181.095,2362.19,1.3099999999999454,0.0011091402460350818,147.0,22.340000000000003,3.910000000000082,0.0,1.9550000000001546,3.910000000000082,1.9999989769825042,6.510000000000218,-5.210000000000036,0.6500000000003183,0.0,0.0,0.0,8.034659809288028,2.1922944600602183,1.4831115939132211,0.5471220156419513
2024-06-04 18:37:55,1176.53,1172.62,84.67,62.33,1174.5749999999998,2349.1499999999996,3.910000000000082,0.0033288636286922663,147.0,22.340000000000003,-5.220000000000027,-7.820000000000164,-6.520000000000209,2.6000000000001364,0.3987729449734828,-9.13000000000011,-7.820000000000164,-8.475000000000364,0.0,0.0,0.0,7.990306068093155,2.4132405598304083,1.4835497969396876,3.612999100470524
2024-06-04 18:37:56,1181.75,1179.14,84.67,62.33,1180.4450000000002,2360.8900000000003,2.6099999999999,0.0022110305840499717,147.0,22.340000000000003,5.220000000000027,6.520000000000209,5.870000000000346,1.300000000000182,0.22146503893272,10.440000000000055,14.340000000000373,12.390000000000555,0.0,0.0,0.0,8.030238040610627,2.5838382301552887,1.4831115939132211,4.494144245571313
2024-06-04 18:37:57,1179.14,1176.53,84.67,62.33,1177.835,2355.67,2.6100000000001273,0.0022159300732141575,147.0,22.340000000000003,-2.6099999999999,-2.6100000000001273,-2.6100000000001273,2.2737367544323206e-13,8.711631736662973e-14,-7.829999999999927,-9.130000000000337,-8.480000000000473,0.0,0.0,0.0,8.012482938690592,2.5838382301552887,0.9192496940438913,4.725051587020182
2024-06-04 18:37:58,1179.14,1176.53,84.67,62.33,1177.835,2355.67,2.6100000000001273,0.0022159300732141575,147.0,22.340000000000003,0.0,0.0,0.0,0.0,0.0,2.6099999999999,2.6100000000001273,2.6100000000001273,0.0,0.0,0.0,8.012482938690592,2.5838382301551994,0.9192388155423967,4.6706750047506045
2024-06-04 18:37:59,1181.75,1179.14,84.67,62.33,1180.4450000000002,2360.8900000000003,2.6099999999999,0.0022110305840499717,147.0,22.340000000000003,2.6099999999999,2.6100000000001273,2.6100000000001273,2.2737367544323206e-13,8.711631736662973e-14,2.6099999999999,2.6100000000001273,2.6100000000001273,0.0,0.0,0.0,8.030238040610627,2.4229878248995425,0.5813776741497204,4.756758349969238
2024-06-04 18:38:00,1179.14,1177.84,84.67,62.33,1178.49,2356.98,1.300000000000182,0.0011031065167265528,147.0,22.340000000000003,-2.6099999999999,-1.300000000000182,-1.9550000000001546,1.309999999999718,0.6700763835924455,-5.2199999999998,-3.9100000000003092,-4.565000000000282,0.0,0.0,0.0,8.016938720973206,1.3369835450042373,0.5858498101046107,3.4941980481938164
2024-06-04 18:38:01,1154.37,1155.67,84.64,61.54,1155.02,2310.04,1.300000000000182,0.0011255216350146838,146.18,23.1,-24.77000000000021,-22.169999999999845,-23.470000000000027,2.600000000000364,0.11077971406990399,-22.16000000000031,-20.869999999999663,-21.514999999999873,-0.030000000000001137,-0.7899999999999991,0.759999999999998,7.90135444040666,10.622203749674835,0.7175165503314825,10.476175351720697
2024-06-04 18:38:02,795.99,1008.13,81.95,59.35,902.06,1804.12,212.14,0.23517282638053696,141.3,22.6,-358.3799999999999,-147.54000000000008,-252.96000000000004,210.8399999999998,0.8334914578056148,-333.6099999999997,-125.37000000000023,-229.49,-2.6899999999999977,-2.1899999999999977,0.5,6.384005616532161,121.58972494622867,93.99987164884848,111.0628949064448
2024-06-04 18:38:03,760.56,757.94,79.22,57.05,759.25,1518.5,2.619999999999891,0.0034507737853791466,136.26999999999998,22.17,-35.430000000000064,-250.18999999999994,-142.80999999999995,214.75999999999988,1.5038162488354017,322.9499999999998,-102.64999999999986,110.15000000000009,-2.730000000000004,-2.3000000000000043,0.4299999999999997,5.571659165101203,193.55846699382445,93.9987711621806,111.69406013750238
2024-06-04 18:38:04,294.17,337.8,76.16,54.58,315.985,631.97,43.629999999999995,0.13807617406498351,130.74,21.58,-466.38999999999993,-420.14000000000004,-443.265,46.249999999999886,0.10433939042257001,-430.95999999999987,-169.9500000000001,-300.45500000000004,-3.0600000000000023,-2.469999999999999,0.5900000000000034,2.4168961112368357,352.2503574235222,91.23327912554711,181.63408444589902
2024-06-04 18:38:05,249.2,224.05,73.1,52.22,236.625,473.25,25.149999999999977,0.10628631756455852,125.32,20.879999999999995,-44.97000000000003,-113.75,-79.36000000000001,68.77999999999997,0.8666834568210245,421.4199999999999,306.39000000000004,363.905,-3.0600000000000023,-2.3599999999999994,0.7000000000000028,1.888166279219867,390.55427683933874,88.48907881767103,166.05287770767475
2024-06-04 18:38:06,51.7,51.7,70.52,49.78,51.7,103.4,0.0,0.0,120.3,20.739999999999995,-197.5,-172.35000000000002,-184.925,25.149999999999977,0.1360010807840957,-152.52999999999997,-58.60000000000002,-105.565,-2.5799999999999983,-2.4399999999999977,0.14000000000000057,0.42975893242095653,361.2744144241306,88.69520432357096,139.55247997617238
2024-06-04 18:38:07,54.35,49.04,70.52,49.78,51.695,103.39,5.310000000000002,0.10271786240994564,120.3,20.739999999999995,2.6499999999999986,-2.6600000000000037,-0.005000000000002558,5.310000000000002,1061.787642470963,200.15,169.69000000000003,184.92000000000002,0.0,0.0,0.0,0.4297173696615348,290.28192906637884,18.669996518478513,167.89110677013238
2024-06-04 18:38:08,53.03,51.7,70.52,49.78,52.365,104.73,1.3299999999999983,0.025398643647500326,120.3,20.739999999999995,-1.3200000000000003,2.6600000000000037,0.6700000000000017,3.980000000000004,5.940289641358735,-3.969999999999999,5.320000000000007,0.6750000000000043,0.0,0.0,0.0,0.4352867794240501,126.06313469844365,18.89728234429488,185.09611944203476
2024-06-04 18:38:09,54.35,51.7,70.52,49.78,53.025000000000006,106.05000000000001,2.6499999999999986,0.049976425271543105,120.3,20.739999999999995,1.3200000000000003,0.0,0.6600000000000037,1.3200000000000003,1.9999969697015503,2.6400000000000006,-2.6600000000000037,-0.00999999999999801,0.0,0.0,0.0,0.4407730636677219,82.48088245161938,10.395759712498121,81.64949085879225
2024-06-04 18:38:10,54.35,53.03,70.52,49.78,53.69,107.38,1.3200000000000003,0.024585583449700445,120.3,20.739999999999995,0.0,1.3299999999999983,0.664999999999992,1.3299999999999983,1.9999969924857468,-1.3200000000000003,1.3299999999999983,0.004999999999988347,0.0,0.0,0.0,0.4463009106708154,0.8657150211178852,2.013422459395743,82.92397049406159
2024-06-04 18:38:11,53.03,57.01,70.52,49.78,55.019999999999996,110.03999999999999,3.979999999999997,0.07233733056457047,120.3,20.739999999999995,-1.3200000000000003,3.979999999999997,1.3299999999999983,5.299999999999997,3.9849594098049583,-1.3200000000000003,2.6499999999999986,0.6650000000000063,0.0,0.0,0.0,0.45735660467700245,1.2783749441342693,1.7318111906322817,0.47200900414975194
2024-06-04 18:38:12,55.68,57.01,70.52,49.78,56.345,112.69,1.3299999999999983,0.023604578514427543,120.3,20.739999999999995,2.6499999999999986,0.0,1.3250000000000028,2.6499999999999986,1.9999984905671717,3.969999999999999,-3.979999999999997,-0.0049999999999954525,0.0,0.0,0.0,0.46837073592376777,1.5984187491993205,1.1862419651990048,0.3628877236810946
2024-06-04 18:38:13,54.35,57.01,70.52,49.78,55.68,111.36,2.6599999999999966,0.04777298764775519,120.3,20.739999999999995,-1.3299999999999983,0.0,-0.6649999999999991,1.3299999999999983,1.9999969924857255,-3.979999999999997,0.0,-1.990000000000002,0.0,0.0,0.0,0.46284288892067427,1.3766835140267628,1.1109770474673168,0.8134386885306354
2024-06-04 18:38:14,53.03,55.68,70.52,49.78,54.355000000000004,108.71000000000001,2.6499999999999986,0.048753563632534906,120.3,20.739999999999995,-1.3200000000000003,-1.3299999999999983,-1.3249999999999957,0.00999999999999801,0.00754716411534636,0.00999999999999801,-1.3299999999999983,-0.6599999999999966,0.0,0.0,0.0,0.45182875767390895,1.04908650634423,1.1109770474673168,1.205282124649008
2024-06-04 18:38:15,55.68,57.01,70.52,49.78,56.345,112.69,1.3299999999999983,0.023604578514427543,120.3,20.739999999999995,2.6499999999999986,1.3299999999999983,1.9899999999999949,1.3200000000000003,0.6633162495898262,3.969999999999999,2.6599999999999966,3.3149999999999906,0.0,0.0,0.0,0.46837073592376777,0.8645620265744185,1.1085801730137508,1.4381124782152575
