time,force_left,force_right,dis_left,dis_right,force_avg,force_sum,force_diff,force_diff_ratio,total_delta_dis,dis_diff,left_force_rate,right_force_rate,force_rate,force_rate_diff,force_rate_ratio,left_force_acc,right_force_acc,force_acc,left_dis_rate,right_dis_rate,dis_rate_diff,stiffness_ratio,force_std_5s,force_diff_std_5s,force_rate_std_5s
2025-05-22 07:50:19,262.93,204.26,-0.0,-0.0,233.595,467.19,58.670000000000016,0.2511611967244111,-0.0,0.0,0.0,0.0,0.0,0.0,0.0,0.0,0.0,0.0,0.0,0.0,0.0,233595000.0,0.0,0.0,0.0
2025-05-22 07:50:20,259.68,202.64,-0.0,0.1,231.16,462.32,57.04000000000002,0.24675549296264288,0.1,0.1,-3.25,-1.6200000000000045,-2.4350000000000023,1.6299999999999955,0.6694042425444564,-3.25,-1.6200000000000045,-2.4350000000000023,0.0,0.1,0.1,2311.5768842311577,0.0,0.0,0.0
2025-05-22 07:50:21,266.18,205.89,0.05,0.1,236.035,472.07,60.29000000000002,0.2554282193088813,0.15000000000000002,0.05,6.5,3.25,4.875,3.25,0.666666529914558,9.75,4.8700000000000045,7.310000000000002,0.05,0.0,0.05,1573.5561762921577,0.0,0.0,0.0
2025-05-22 07:50:22,261.3,204.26,0.05,0.19,232.78,465.56,57.04000000000002,0.24503823247255688,0.24,0.14,-4.8799999999999955,-1.6299999999999955,-3.2549999999999955,3.25,0.9984635949420613,-11.379999999999995,-4.8799999999999955,-8.129999999999995,0.0,0.09,0.09,969.912625364061,0.0,0.0,0.0
2025-05-22 07:50:23,305.18,205.89,0.02,0.19,255.535,511.07,99.29000000000002,0.3885573389611704,0.21,0.17,43.879999999999995,1.6299999999999955,22.754999999999995,42.25,1.8567347019672733,48.75999999999999,3.259999999999991,26.00999999999999,-0.030000000000000002,0.0,0.030000000000000002,1216.8275389164814,10.057525416323841,18.398604023131753,10.744849696482495
2025-05-22 07:50:24,266.18,209.15,0.07,0.29,237.66500000000002,475.33000000000004,57.03,0.23995960600021202,0.36,0.21999999999999997,-39.0,3.2600000000000193,-17.869999999999976,42.26000000000002,2.364857170405311,-82.88,1.6300000000000239,-40.62499999999997,0.05,0.09999999999999998,0.049999999999999975,660.1787217257731,9.791163745949714,18.585996610351568,14.782623413995221
2025-05-22 07:50:25,262.93,204.26,0.07,0.29,233.595,467.19,58.670000000000016,0.2511611967244111,0.36,0.21999999999999997,-3.25,-4.890000000000015,-4.070000000000022,1.6400000000000148,0.4029483039439071,35.75,-8.150000000000034,13.799999999999955,0.0,0.0,0.0,648.8731975744513,9.378268496902828,18.399885325729617,14.890153038165854
2025-05-22 07:50:26,266.18,205.89,0.12,0.41,236.035,472.07,60.29000000000002,0.2554282193088813,0.53,0.29,3.25,1.6299999999999955,2.4399999999999977,1.6200000000000045,0.6639341541253491,6.5,6.52000000000001,6.510000000000019,0.04999999999999999,0.12,0.07,445.3482163241201,9.378268496902828,18.399885325729617,14.749919067574568
2025-05-22 07:50:27,262.93,205.89,0.12,0.41,234.41,468.82,57.04000000000002,0.24333432770217012,0.53,0.29,-3.25,0.0,-1.625,3.25,1.9999987692315266,-6.5,-1.6299999999999955,-4.064999999999998,0.0,0.0,0.0,442.282184373237,9.127681523804391,18.399885325729617,14.677829114007283
2025-05-22 07:50:28,267.8,209.15,0.17,0.51,238.47500000000002,476.95000000000005,58.650000000000006,0.2459377282904383,0.68,0.33999999999999997,4.8700000000000045,3.2600000000000193,4.065000000000026,1.6099999999999852,0.3960638632069155,8.120000000000005,3.2600000000000193,5.690000000000026,0.05000000000000002,0.10000000000000003,0.05000000000000002,350.69801367939164,2.073928639080892,1.3613889965767463,8.70074034206285
2025-05-22 07:50:29,267.8,207.52,0.17,0.51,237.66000000000003,475.32000000000005,60.28,0.2536396522189697,0.68,0.33999999999999997,0.0,-1.6299999999999955,-0.8149999999999977,1.6299999999999955,1.9999975460152808,-4.8700000000000045,-4.890000000000015,-4.880000000000024,0.0,0.0,0.0,349.4994860301676,2.072947780335995,1.3578033730994312,3.2537505282366257
2025-05-22 07:50:30,271.05,205.89,0.22,0.61,238.47,476.94,65.16000000000003,0.2732419160764797,0.83,0.39,3.25,-1.6300000000000239,0.8099999999999739,4.880000000000024,6.0246839201435325,3.25,-2.842170943040401e-14,1.6249999999999716,0.04999999999999999,0.09999999999999998,0.04999999999999999,287.3129068519195,1.7614589123791538,3.0401036166552213,2.3283926859531374
2025-05-22 07:50:31,271.05,209.15,0.22,0.61,240.10000000000002,480.20000000000005,61.900000000000006,0.2578092450736808,0.83,0.39,0.0,3.2600000000000193,1.6300000000000239,3.2600000000000193,1.9999987730068705,-3.25,4.890000000000043,0.82000000000005,0.0,0.0,0.0,289.2767599075182,2.103781119793592,3.1249767999139024,2.2269502688654903
2025-05-22 07:50:32,274.3,210.78,0.29,0.7,242.54000000000002,485.08000000000004,63.52000000000001,0.2618949440838833,0.99,0.41,3.25,1.6299999999999955,2.4399999999999977,1.6200000000000045,0.6639341541253491,3.25,-1.6300000000000239,0.8099999999999739,0.06999999999999998,0.08999999999999997,0.01999999999999999,244.98965152560453,1.9420169927165858,2.5709375721709122,1.8190430176331909
2025-05-22 07:50:33,271.05,204.26,0.29,0.7,237.655,475.31,66.79000000000002,0.28103763741121535,0.99,0.41,-3.25,-6.52000000000001,-4.885000000000019,3.2700000000000102,0.6693959735115709,-6.5,-8.150000000000006,-7.325000000000017,0.0,0.0,0.0,240.05531307544135,2.0749096365866095,2.574101785089307,2.9008434118373367
2025-05-22 07:50:34,274.3,204.26,0.29,0.8,239.28,478.56,70.04000000000002,0.29271146651324204,1.09,0.51,3.25,0.0,1.625,3.25,1.9999987692315266,6.5,6.52000000000001,6.510000000000019,0.0,0.10000000000000009,0.10000000000000009,219.5227343828125,1.8745346089096362,3.13329219831151,2.968398979247919
2025-05-22 07:50:35,272.68,212.4,0.29,0.8,242.54000000000002,485.08000000000004,60.28,0.24853632288061217,1.09,0.51,-1.6200000000000045,8.140000000000015,3.2600000000000193,9.76000000000002,2.99386411231161,-4.8700000000000045,8.140000000000015,1.6350000000000193,0.0,0.0,0.0,222.51355732701165,2.123439426967488,3.9199591834609557,3.2568761873918564
2025-05-22 07:50:36,274.3,244.97,0.36,0.85,259.635,519.27,29.330000000000013,0.11296627914970529,1.21,0.49,1.6200000000000045,32.56999999999999,17.09499999999997,30.94999999999999,1.81047079201692,3.240000000000009,24.42999999999998,13.834999999999951,0.07,0.04999999999999993,0.020000000000000073,214.57420283123733,8.813474768784445,16.430635106410236,8.04675136312785
2025-05-22 07:50:37,271.05,212.4,0.36,0.9,241.72500000000002,483.45000000000005,58.650000000000006,0.24263108804372288,1.26,0.54,-3.25,-32.56999999999999,-17.909999999999968,29.319999999999993,1.6370741687842476,-4.8700000000000045,-65.13999999999999,-35.00499999999994,0.0,0.050000000000000044,0.050000000000000044,191.84508583723348,8.86225747199888,16.16318254552613,12.747604971130835
2025-05-22 07:50:38,275.93,212.4,0.34,0.9,244.16500000000002,488.33000000000004,63.53,0.26019290127498657,1.24,0.56,4.8799999999999955,0.0,2.4399999999999977,4.8799999999999955,1.9999991803282047,8.129999999999995,32.56999999999999,20.349999999999966,-0.019999999999999962,0.0,0.019999999999999962,196.90709926846836,8.112895136756057,15.730404635609363,12.487523073051738
2025-05-22 07:50:39,269.43,214.03,0.34,1.0,241.73000000000002,483.46000000000004,55.400000000000006,0.22918131705133282,1.34,0.6599999999999999,-6.5,1.6299999999999955,-2.4350000000000023,8.129999999999995,3.3388076637340136,-11.379999999999995,1.6299999999999955,-4.875,0.0,0.09999999999999998,0.09999999999999998,180.395387764636,7.709607156009967,13.791949463364512,12.592825834577383
2025-05-22 07:50:40,279.18,212.4,0.34,1.0,245.79000000000002,491.58000000000004,66.78,0.2716953485833624,1.34,0.6599999999999999,9.75,-1.6299999999999955,4.060000000000002,11.379999999999995,2.802954974641629,16.25,-3.259999999999991,6.4950000000000045,0.0,0.0,0.0,183.4252362498237,7.482958472422532,14.86285201433428,12.641806140737941
2025-05-22 07:50:41,272.68,214.03,0.34,1.12,243.35500000000002,486.71000000000004,58.650000000000006,0.24100593683710655,1.4600000000000002,0.78,-6.5,1.6299999999999955,-2.4350000000000023,8.129999999999995,3.3388076637340136,-16.25,3.259999999999991,-6.4950000000000045,0.0,0.1200000000000001,0.1200000000000001,166.6813926839776,1.7235740483077657,4.511714751621639,8.68988017753984
2025-05-22 07:50:42,285.68,212.4,0.36,1.12,249.04000000000002,498.08000000000004,73.28,0.29424991851007903,1.48,0.7600000000000001,13.0,-1.6299999999999955,5.685000000000002,14.629999999999995,2.573438421558763,19.5,-3.259999999999991,8.120000000000005,0.019999999999999962,0.0,0.019999999999999962,168.27015657421856,2.7781545133415797,6.991714382038223,3.738750794048738
2025-05-22 07:50:43,277.55,214.03,0.36,1.22,245.79000000000002,491.58000000000004,63.52000000000001,0.2584319937408683,1.58,0.86,-8.129999999999995,1.6299999999999955,-3.25,9.759999999999991,3.003075999053536,-21.129999999999995,3.259999999999991,-8.935000000000002,0.0,0.09999999999999987,0.09999999999999987,155.56319268152365,2.7780082793253564,6.991715097170374,4.204035263886362
2025-05-22 07:50:44,329.57,215.66,0.36,1.22,272.615,545.23,113.91,0.4178420100954019,1.58,0.86,52.01999999999998,1.6299999999999955,26.82499999999999,50.389999999999986,1.8784715049964027,60.14999999999998,0.0,30.07499999999999,0.0,0.0,0.0,172.54103003732277,12.075578971627033,22.267509290443765,12.1870682487627
2025-05-22 07:50:45,340.95,256.37,0.39,1.95,298.65999999999997,597.3199999999999,84.57999999999998,0.28319828472778985,2.34,1.56,11.379999999999995,40.71000000000001,26.04499999999996,29.330000000000013,1.1261278123967073,-40.639999999999986,39.08000000000001,-0.7800000000000296,0.030000000000000027,0.73,0.7,127.63242408870764,23.637561369566065,22.000517493913616,14.897031751325484
2025-05-22 07:50:46,340.95,274.28,0.56,3.07,307.615,615.23,66.67000000000002,0.2167319531988624,3.63,2.51,0.0,17.909999999999968,8.955000000000041,17.909999999999968,1.9999997766610955,-11.379999999999995,-22.80000000000004,-17.089999999999918,0.17000000000000004,1.1199999999999999,0.9499999999999998,84.74240089741022,28.08932212603225,20.3993497445384,13.182629479735809
2025-05-22 07:50:47,352.34,272.65,0.78,4.16,312.495,624.99,79.69,0.25501207937723136,4.94,3.38,11.389999999999986,-1.6299999999999955,4.8799999999999955,13.019999999999982,2.6680322401573267,11.389999999999986,-19.539999999999964,-4.0750000000000455,0.21999999999999997,1.0900000000000003,0.8700000000000003,63.25808436071166,27.906876616705205,20.038890438345106,13.296467293984504
2025-05-22 07:50:48,353.96,287.31,1.07,5.28,320.635,641.27,66.64999999999998,0.20786875978022118,6.3500000000000005,4.21,1.6200000000000045,14.660000000000025,8.139999999999986,13.04000000000002,1.6019654051639605,-9.769999999999982,16.29000000000002,3.259999999999991,0.29000000000000004,1.12,0.8300000000000001,50.49369283563892,18.457750540085055,19.36764053776296,10.581042836129132
2025-05-22 07:50:49,368.6,288.94,1.29,6.4,328.77,657.54,79.66000000000003,0.24229704583052888,7.69,5.11,14.640000000000043,1.6299999999999955,8.134999999999991,13.010000000000048,1.599262249629725,13.020000000000039,-13.03000000000003,-0.0049999999999954525,0.21999999999999997,1.12,0.9000000000000001,42.75292031821582,11.617431407157595,8.270232765769014,8.427773579065809
2025-05-22 07:50:50,381.61,306.86,1.46,7.49,344.235,688.47,74.75,0.21714816849783383,8.95,6.03,13.009999999999991,17.920000000000016,15.465000000000032,4.910000000000025,0.3174910884260541,-1.6300000000000523,16.29000000000002,7.330000000000041,0.16999999999999993,1.0899999999999999,0.9199999999999999,38.46200687575343,14.461605201360362,6.545882675392186,3.8792508941804917
2025-05-22 07:50:51,393.0,313.38,1.63,8.61,353.19,706.38,79.62,0.22543107045660674,10.239999999999998,6.9799999999999995,11.389999999999986,6.519999999999982,8.954999999999984,4.8700000000000045,0.5438302016940046,-1.6200000000000045,-11.400000000000034,-6.510000000000048,0.16999999999999993,1.1199999999999992,0.9499999999999993,34.49120756921802,16.72319758598858,5.680530785058701,3.879250894180492
2025-05-22 07:50:52,402.76,332.93,1.87,9.71,367.845,735.69,69.82999999999998,0.18983539210853645,11.580000000000002,7.840000000000001,9.759999999999991,19.55000000000001,14.65500000000003,9.79000000000002,0.6680313430207204,-1.6299999999999955,13.03000000000003,5.7000000000000455,0.2400000000000002,1.1000000000000014,0.8600000000000012,31.765541298312495,18.87657509984309,5.821122743938636,3.6688077082344046
2025-05-22 07:50:53,404.39,342.71,2.04,10.8,373.54999999999995,747.0999999999999,61.68000000000001,0.16511845759572094,12.84,8.760000000000002,1.6299999999999955,9.779999999999973,5.704999999999927,8.149999999999977,1.4285711781645754,-8.129999999999995,-9.770000000000039,-8.950000000000102,0.16999999999999993,1.0899999999999999,0.9199999999999999,29.092676861941055,18.064392669005432,7.572573538764714,4.267700786137701
2025-05-22 07:50:54,422.28,354.12,2.24,11.92,388.2,776.4,68.15999999999997,0.17557959769299425,14.16,9.68,17.889999999999986,11.410000000000025,14.650000000000034,6.479999999999961,0.44232078892007903,16.25999999999999,1.6300000000000523,8.945000000000107,0.20000000000000018,1.1199999999999992,0.919999999999999,27.415252301182747,17.242982413144738,6.791161167282036,4.327580732926931
2025-05-22 07:50:55,432.05,359.01,2.58,13.02,395.53,791.06,73.04000000000002,0.184663615440893,15.6,10.44,9.770000000000039,4.889999999999986,7.329999999999984,4.880000000000052,0.6657570715201898,-8.119999999999948,-6.520000000000039,-7.32000000000005,0.33999999999999986,1.0999999999999996,0.7599999999999998,25.354485554199645,16.75183333250485,6.582877790146155,4.172051953176081
2025-05-22 07:50:56,436.93,367.16,2.63,14.11,402.045,804.09,69.76999999999998,0.17353778762691288,16.74,11.48,4.8799999999999955,8.150000000000034,6.515000000000043,3.2700000000000387,0.5019185722304597,-4.890000000000043,3.2600000000000477,-0.8149999999999409,0.04999999999999982,1.0899999999999999,1.04,24.017023654897034,14.457763226032686,4.201824603669157,4.493063264633636
2025-05-22 07:50:57,453.2,381.83,2.82,15.21,417.515,835.03,71.37,0.17093996581933593,18.03,12.39,16.269999999999982,14.669999999999959,15.46999999999997,1.6000000000000227,0.10342597909334497,11.389999999999986,6.519999999999925,8.954999999999927,0.18999999999999995,1.1000000000000014,0.9100000000000015,23.156682021260007,16.29803308684901,4.376851608176758,4.723419576959061
2025-05-22 07:50:58,459.72,391.61,3.09,16.3,425.665,851.33,68.11000000000001,0.16000845697905994,19.39,13.21,6.520000000000039,9.78000000000003,8.150000000000034,3.259999999999991,0.39999995092024865,-9.749999999999943,-4.8899999999999295,-7.319999999999936,0.27,1.0899999999999999,0.8199999999999998,21.952809595007242,15.50154806785523,2.12653473989951,4.282095865344436
2025-05-22 07:50:59,459.72,407.91,3.07,17.4,433.81500000000005,867.6300000000001,51.81,0.11942878849410742,20.47,14.329999999999998,0.0,16.30000000000001,8.150000000000034,16.30000000000001,1.9999997546012502,-6.520000000000039,6.519999999999982,0.0,-0.020000000000000018,1.0999999999999979,1.1199999999999979,21.192720019896434,15.976135483903116,8.588620378151521,3.6122839035712375
2025-05-22 07:51:00,479.25,420.96,3.14,18.49,450.105,900.21,58.29000000000002,0.12950311565189657,21.63,15.349999999999998,19.529999999999973,13.049999999999955,16.289999999999964,6.480000000000018,0.3977900308293432,19.529999999999973,-3.250000000000057,8.13999999999993,0.07000000000000028,1.0899999999999999,1.0199999999999996,20.809291687041533,17.943860509935693,8.450112425287582,4.590454770499287
2025-05-22 07:51:01,492.27,422.59,3.28,19.59,457.42999999999995,914.8599999999999,69.68,0.15232931781402773,22.87,16.31,13.019999999999982,1.6299999999999955,7.324999999999932,11.389999999999986,1.554948593181092,-6.509999999999991,-11.419999999999959,-8.965000000000032,0.13999999999999968,1.1000000000000014,0.9600000000000017,20.001310887568387,16.638610368658522,8.434483979473768,4.406982527762039
2025-05-22 07:51:02,503.67,440.53,3.53,20.68,472.1,944.2,63.14000000000004,0.1337428508075772,24.21,17.15,11.400000000000034,17.939999999999998,14.670000000000073,6.539999999999964,0.44580774057206485,-1.6199999999999477,16.310000000000002,7.345000000000141,0.25,1.0899999999999999,0.8399999999999999,19.50020572076804,18.53426374313347,7.3314752949184605,4.218091393035491
2025-05-22 07:51:03,510.18,443.79,3.65,21.78,476.985,953.97,66.38999999999999,0.13918676658765625,25.43,18.130000000000003,6.509999999999991,3.2600000000000477,4.884999999999991,3.249999999999943,0.6653018085359551,-4.890000000000043,-14.67999999999995,-9.785000000000082,0.1200000000000001,1.1000000000000014,0.9800000000000013,18.75678258919455,17.369315832813708,7.018886663852016,4.9438312572336205
2025-05-22 07:51:04,519.96,448.68,3.77,22.85,484.32000000000005,968.6400000000001,71.28000000000003,0.14717542090523744,26.62,19.080000000000002,9.78000000000003,4.889999999999986,7.335000000000036,4.890000000000043,0.6666665757782472,3.2700000000000387,1.6299999999999386,2.4500000000000455,0.1200000000000001,1.0700000000000003,0.9500000000000002,18.1938385351676,14.103739131876855,5.217732266032779,5.04338849386007
2025-05-22 07:51:05,521.58,468.26,3.97,23.94,494.92,989.84,53.32000000000005,0.1077345831493281,27.91,19.970000000000002,1.6200000000000045,19.579999999999984,10.599999999999966,17.95999999999998,1.6943394627981676,-8.160000000000025,14.689999999999998,3.2649999999999295,0.20000000000000018,1.0899999999999999,0.8899999999999997,17.732711654148634,13.978464865643682,7.121651493860072,3.781968072313707
2025-05-22 07:51:06,529.73,479.68,4.09,25.04,504.70500000000004,1009.4100000000001,50.05000000000001,0.09916683983878338,29.13,20.95,8.149999999999977,11.420000000000016,9.785000000000025,3.2700000000000387,0.33418494285284495,6.529999999999973,-8.159999999999968,-0.8149999999999409,0.11999999999999966,1.0999999999999979,0.9799999999999982,17.325952031378236,13.275069397183374,8.917125657968468,3.6740798167704773
2025-05-22 07:51:07,544.38,482.94,4.26,26.11,513.66,1027.32,61.44,0.11961219460418916,30.369999999999997,21.85,14.649999999999977,3.259999999999991,8.954999999999927,11.389999999999986,1.2719149891775645,6.5,-8.160000000000025,-0.8300000000000978,0.16999999999999993,1.0700000000000003,0.9000000000000004,16.91340082603224,14.840468574139937,8.839385159613736,2.264783654126811
2025-05-22 07:51:08,557.42,496.0,4.43,27.18,526.71,1053.42,61.41999999999996,0.11661065839530159,31.61,22.75,13.039999999999964,13.060000000000002,13.050000000000068,0.020000000000038654,0.001532566932373304,-1.6100000000000136,9.800000000000011,4.095000000000141,0.16999999999999993,1.0700000000000003,0.9000000000000004,16.66276442066547,16.39803097935959,8.272141198021199,2.1147015155808884
2025-05-22 07:51:09,563.93,510.68,4.62,28.28,537.305,1074.61,53.24999999999994,0.09910572189146616,32.9,23.66,6.509999999999991,14.680000000000007,10.594999999999914,8.170000000000016,0.7711183793187073,-6.529999999999973,1.6200000000000045,-2.4550000000001546,0.1900000000000004,1.1000000000000014,0.910000000000001,16.331458470168435,16.91573343074543,5.2216692733262535,1.5307457332947731
2025-05-22 07:51:10,576.97,518.84,4.87,29.35,547.905,1095.81,58.129999999999995,0.10609503452953517,34.22,24.48,13.040000000000077,8.160000000000025,10.600000000000023,4.880000000000052,0.46037731505874785,6.530000000000086,-6.519999999999982,0.005000000000109139,0.25,1.0700000000000003,0.8200000000000003,16.01125026267533,17.420336750477603,5.069296795414491,1.5307457332947731
2025-05-22 07:51:11,586.74,525.37,5.01,30.42,556.0550000000001,1112.1100000000001,61.370000000000005,0.1103667800660604,35.43,25.410000000000004,9.769999999999982,6.529999999999973,8.150000000000091,3.240000000000009,0.39754596349128957,-3.2700000000000955,-1.6300000000000523,-2.449999999999932,0.13999999999999968,1.0700000000000003,0.9300000000000006,15.694467522030273,16.811306686276485,3.5767261566969015,1.881923882626515
2025-05-22 07:51:12,596.52,535.16,5.18,31.49,565.8399999999999,1131.6799999999998,61.360000000000014,0.10844054837332015,36.67,26.31,9.779999999999973,9.789999999999964,9.784999999999854,0.009999999999990905,0.0010219723023013544,0.009999999999990905,3.259999999999991,1.6349999999997635,0.16999999999999993,1.0699999999999967,0.8999999999999968,15.430596797638483,15.355405644268922,3.5639205939526497,1.77022385590073
2025-05-22 07:51:13,604.67,549.86,5.3,32.58,577.265,1154.53,54.809999999999945,0.09494772748226936,37.879999999999995,27.279999999999998,8.149999999999977,14.700000000000045,11.425000000000068,6.550000000000068,0.5733041073694461,-1.6299999999999955,4.910000000000082,1.6400000000002137,0.1200000000000001,1.0899999999999999,0.9699999999999998,15.239307939828198,15.493882018398368,3.7137824384311884,1.2401380971488565
2025-05-22 07:51:14,611.19,556.39,5.45,33.65,583.79,1167.58,54.80000000000007,0.09386937067461022,39.1,28.2,6.5200000000000955,6.529999999999973,6.524999999999977,0.009999999999877218,0.0015325668149134772,-1.6299999999998818,-8.170000000000073,-4.900000000000091,0.15000000000000036,1.0700000000000003,0.9199999999999999,14.930690155225316,14.744454635558727,3.2800655481254752,1.9662101871366804
2025-05-22 07:51:15,620.96,564.55,5.5,34.72,592.755,1185.51,56.41000000000008,0.0951657934641366,40.22,29.22,9.769999999999982,8.159999999999968,8.965000000000032,1.6100000000000136,0.17958726384972049,3.2499999999998863,1.6299999999999955,2.4400000000000546,0.04999999999999982,1.0700000000000003,1.0200000000000005,14.737816640034396,14.494426256325218,3.364453893278912,1.8263145950246487
2025-05-22 07:51:16,638.89,580.88,5.6,35.8,609.885,1219.77,58.00999999999999,0.09511629225982554,41.4,30.199999999999996,17.92999999999995,16.33000000000004,17.129999999999995,1.599999999999909,0.0934033804201126,8.159999999999968,8.170000000000073,8.164999999999964,0.09999999999999964,1.0799999999999983,0.9799999999999986,14.731521383296586,16.610914559410997,2.7378586523046895,3.972619412931488
2025-05-22 07:51:17,650.31,587.41,5.67,36.84,618.8599999999999,1237.7199999999998,62.89999999999998,0.10163849642627007,42.510000000000005,31.17,11.419999999999959,6.529999999999973,8.974999999999909,4.889999999999986,0.5448467359502285,-6.509999999999991,-9.800000000000068,-8.155000000000086,0.07000000000000028,1.0400000000000063,0.970000000000006,14.557986013691222,17.49772535217225,3.356684375987642,4.038592576628661
2025-05-22 07:51:18,656.83,602.11,5.74,37.91,629.47,1258.94,54.72000000000003,0.08693027453741997,43.65,32.169999999999995,6.5200000000000955,14.700000000000045,10.610000000000127,8.17999999999995,0.7709707096163189,-4.899999999999864,8.170000000000073,1.6350000000002183,0.07000000000000028,1.0699999999999932,0.9999999999999929,14.420847321400979,18.678171283614784,3.3741472996891297,4.013541765074845
2025-05-22 07:51:19,664.98,613.54,5.84,38.98,639.26,1278.52,51.440000000000055,0.08046804104672906,44.81999999999999,33.14,8.149999999999977,11.42999999999995,9.789999999999964,3.2799999999999727,0.3350357165438477,1.6299999999998818,-3.2700000000000955,-0.8200000000001637,0.09999999999999964,1.0700000000000003,0.9700000000000006,14.26282877592975,17.94046243829992,4.237573598180852,3.4420477190184418
2025-05-22 07:51:20,673.13,618.44,5.91,40.03,645.7850000000001,1291.5700000000002,54.68999999999994,0.08468762810426428,45.94,34.120000000000005,8.149999999999977,4.900000000000091,6.525000000000091,3.2499999999998863,0.4980842148529695,0.0,-6.529999999999859,-3.2649999999998727,0.07000000000000028,1.0500000000000043,0.980000000000004,14.057139441507633,14.618669826630926,4.335281997748184,3.954211994822724
2025-05-22 07:51:21,681.28,636.41,6.01,41.1,658.845,1317.69,44.870000000000005,0.06810403043492168,47.11,35.09,8.149999999999977,17.969999999999914,13.059999999999945,9.819999999999936,0.7519141843863548,0.0,13.069999999999823,6.5349999999998545,0.09999999999999964,1.0700000000000003,0.9700000000000006,13.985246996704587,15.287434954891866,6.514102394037069,2.3816869021766642
2025-05-22 07:51:22,687.81,641.31,6.06,42.15,664.56,1329.12,46.5,0.0699711085982137,48.21,36.089999999999996,6.529999999999973,4.899999999999977,5.714999999999918,1.6299999999999955,0.28521429830021355,-1.6200000000000045,-13.069999999999936,-7.345000000000027,0.04999999999999982,1.0499999999999972,0.9999999999999973,13.784691686689655,14.279680231015305,4.580647334165733,3.021533137332772
2025-05-22 07:51:23,700.85,654.38,6.16,43.22,677.615,1355.23,46.47000000000003,0.06857876512683642,49.379999999999995,37.06,13.040000000000077,13.07000000000005,13.055000000000064,0.029999999999972715,0.002297969950364046,6.510000000000105,8.170000000000073,7.3400000000001455,0.10000000000000053,1.0700000000000003,0.9699999999999998,13.722458207321626,15.213421952343618,4.1178064548979885,3.481715453623408
2025-05-22 07:51:24,712.27,665.82,6.23,44.26,689.0450000000001,1378.0900000000001,46.44999999999993,0.06741214279559068,50.489999999999995,38.03,11.419999999999959,11.440000000000055,11.430000000000064,0.020000000000095497,0.0017497811242619653,-1.6200000000001182,-1.6299999999999955,-1.625,0.07000000000000028,1.0399999999999991,0.9699999999999989,13.647157582745942,16.741039394256628,3.9159392232259553,3.5766300479641586
2025-05-22 07:51:25,718.8,683.79,6.28,45.33,701.295,1402.59,35.00999999999999,0.04992193007233484,51.61,39.05,6.529999999999973,17.969999999999914,12.249999999999886,11.43999999999994,0.9338774747855162,-4.889999999999986,6.529999999999859,0.8199999999998226,0.04999999999999982,1.0700000000000003,1.0200000000000005,13.588354706677878,17.40671551442301,4.995808242917223,3.0859856610166205
2025-05-22 07:51:26,726.95,690.33,6.33,46.38,708.6400000000001,1417.2800000000002,36.620000000000005,0.05167645059314115,52.71,40.050000000000004,8.150000000000091,6.540000000000077,7.345000000000141,1.6100000000000136,0.2191967026280844,1.6200000000001182,-11.429999999999836,-4.904999999999745,0.04999999999999982,1.0500000000000043,1.0000000000000044,13.444127993850733,17.754391499008317,5.865522142145541,3.2342800589930407
2025-05-22 07:51:27,741.63,693.6,6.4,47.43,717.615,1435.23,48.02999999999997,0.06693003899454433,53.83,41.03,14.67999999999995,3.269999999999982,8.974999999999909,11.409999999999968,1.2713090505505331,6.529999999999859,-3.2700000000000955,1.629999999999768,0.07000000000000028,1.0499999999999972,0.9799999999999969,13.331134807149642,15.819373249280817,6.176923182297118,2.380833362501431
2025-05-22 07:51:28,754.69,698.5,6.42,48.47,726.595,1453.19,56.190000000000055,0.07733331487646727,54.89,42.05,13.06000000000006,4.899999999999977,8.980000000000018,8.160000000000082,0.9086858676296434,-1.6199999999998909,1.6299999999999955,0.005000000000109139,0.019999999999999574,1.0399999999999991,1.0199999999999996,13.237292526192523,14.498669594140862,8.73306933443219,2.002459113190527
2025-05-22 07:51:29,771.0,716.48,6.45,49.52,743.74,1487.48,54.51999999999998,0.07330518719807297,55.970000000000006,43.07,16.309999999999945,17.980000000000018,17.144999999999982,1.6700000000000728,0.09740448542406469,3.2499999999998863,13.080000000000041,8.164999999999964,0.03000000000000025,1.0500000000000043,1.020000000000004,13.288189864423979,16.513644585616717,9.865147236610303,3.900159291618703
2025-05-22 07:51:30,772.64,721.39,6.5,50.57,747.015,1494.03,51.25,0.06860638666076802,57.07,44.07,1.6399999999999864,4.909999999999968,3.2749999999999773,3.269999999999982,0.9984729775655043,-14.669999999999959,-13.07000000000005,-13.870000000000005,0.04999999999999982,1.0499999999999972,0.9999999999999973,13.089451321369348,16.517796992942817,7.760732568514382,5.043635097823781
2025-05-22 07:51:31,777.53,729.56,6.59,51.61,753.545,1507.09,47.97000000000003,0.06365910454762612,58.2,45.019999999999996,4.889999999999986,8.169999999999959,6.529999999999973,3.2799999999999727,0.5022970134307768,3.25,3.259999999999991,3.2549999999999955,0.08999999999999986,1.0399999999999991,0.9499999999999993,12.947508368599511,15.008689816238942,3.7295602957989304,5.128761302692888
2025-05-22 07:51:32,787.32,741.01,6.69,52.66,764.165,1528.33,46.31000000000006,0.06060209501795812,59.349999999999994,45.97,9.790000000000077,11.450000000000045,10.620000000000005,1.6599999999999682,0.15630883650575622,4.900000000000091,3.2800000000000864,4.090000000000032,0.10000000000000053,1.0499999999999972,0.9499999999999966,12.875568443545605,13.824483534659674,4.191016583121526,5.180778175139336
2025-05-22 07:51:33,793.85,757.36,6.72,53.71,775.605,1551.21,36.49000000000001,0.047047143781890094,60.43,46.99,6.529999999999973,16.350000000000023,11.440000000000055,9.82000000000005,0.8583915333573838,-3.2600000000001046,4.899999999999977,0.82000000000005,0.02999999999999936,1.0500000000000043,1.020000000000005,12.834767287195644,13.08410409619544,6.819378270780964,5.257840098367401
2025-05-22 07:51:34,797.12,768.81,6.74,54.73,782.9649999999999,1565.9299999999998,28.31000000000006,0.03615742716959588,61.47,47.989999999999995,3.269999999999982,11.449999999999932,7.3599999999999,8.17999999999995,1.1114128924710827,-3.259999999999991,-4.900000000000091,-4.080000000000155,0.020000000000000462,1.019999999999996,0.9999999999999956,12.7373513463909,14.916436571784757,9.454283685187338,3.2967408148048643
2025-05-22 07:51:35,811.81,778.62,6.84,55.77,795.2149999999999,1590.4299999999998,33.18999999999994,0.04173714021775596,62.61,48.93000000000001,14.68999999999994,9.81000000000006,12.25,4.879999999999882,0.3983673144189851,11.419999999999959,-1.6399999999998727,4.8900000000001,0.09999999999999964,1.0400000000000063,0.9400000000000066,12.701085885623927,16.184179929798034,8.466680577416389,2.543766891835853
2025-05-22 07:51:36,829.77,783.52,6.86,56.8,806.645,1613.29,46.25,0.057336250695986156,63.66,49.94,17.960000000000036,4.899999999999977,11.430000000000064,13.06000000000006,1.1426070741376126,3.2700000000000955,-4.910000000000082,-0.8199999999999363,0.020000000000000462,1.029999999999994,1.0099999999999936,12.671143376199446,16.57802702374675,8.005785408065833,1.9113476920749481
2025-05-22 07:51:37,836.3,803.15,6.84,57.84,819.7249999999999,1639.4499999999998,33.14999999999998,0.04044039154540802,64.68,51.0,6.529999999999973,19.629999999999995,13.079999999999927,13.100000000000023,1.0015289754182815,-11.430000000000064,14.730000000000018,1.6499999999998636,-0.020000000000000462,1.0400000000000063,1.0600000000000067,12.673546495461554,17.76703633136593,6.691316761295911,2.2053503123087164
2025-05-22 07:51:38,847.73,806.43,6.81,58.87,827.0799999999999,1654.1599999999999,41.30000000000007,0.04993471000394806,65.67999999999999,52.059999999999995,11.430000000000064,3.2799999999999727,7.355000000000018,8.150000000000091,1.1080895842162457,4.900000000000091,-16.350000000000023,-5.724999999999909,-0.03000000000000025,1.029999999999994,1.0599999999999943,12.592569844814712,17.885427867403056,7.1996388798327775,2.744280415701004
2025-05-22 07:51:39,852.63,822.79,6.86,59.91,837.71,1675.42,29.840000000000032,0.035620918891238154,66.77,53.05,4.899999999999977,16.360000000000014,10.63000000000011,11.460000000000036,1.078080801685712,-6.530000000000086,13.080000000000041,3.275000000000091,0.05000000000000071,1.0399999999999991,0.9899999999999984,12.546203196851833,16.728495524107366,6.7884851034674805,2.207018350625999
2025-05-22 07:51:40,870.59,829.33,6.91,60.93,849.96,1699.92,41.25999999999999,0.04854346081163411,67.84,54.019999999999996,17.960000000000036,6.540000000000077,12.25,11.419999999999959,0.9322448218575623,13.06000000000006,-9.819999999999936,1.6199999999998909,0.04999999999999982,1.0200000000000031,0.9700000000000033,12.528891324751013,16.595427608232413,6.690295210227999,2.207018350625999
2025-05-22 07:51:41,870.59,848.97,6.91,61.96,859.78,1719.56,21.620000000000005,0.025145967543853124,68.87,55.05,0.0,19.639999999999986,9.819999999999936,19.639999999999986,1.9999997963340448,-17.960000000000036,13.099999999999909,-2.4300000000000637,0.0,1.0300000000000011,1.0300000000000011,12.484100297893127,16.33321095192506,8.30193230519256,2.236547562650955
2025-05-22 07:51:42,878.76,858.79,6.91,63.0,868.775,1737.55,19.970000000000027,0.022986388854437153,69.91,56.09,8.169999999999959,9.819999999999936,8.995000000000005,1.6499999999999773,0.18343522140797722,8.169999999999959,-9.82000000000005,-0.8249999999999318,0.0,1.0399999999999991,1.0399999999999991,12.42704888532329,16.699973952078043,10.273077435705419,1.8246472261782676
2025-05-22 07:51:43,883.66,860.42,6.93,64.02,872.04,1744.08,23.24000000000001,0.026650153632115335,70.94999999999999,57.089999999999996,4.899999999999977,1.6299999999999955,3.2649999999999864,3.269999999999982,1.0015310868204927,-3.269999999999982,-8.18999999999994,-5.730000000000018,0.019999999999999574,1.019999999999996,0.9999999999999964,12.290908917675704,14.0722624335991,8.714113839054408,3.419858549706425
2025-05-22 07:51:44,903.26,866.97,6.93,65.05,885.115,1770.23,36.289999999999964,0.04100032194573546,71.97999999999999,58.12,19.600000000000023,6.550000000000068,13.075000000000045,13.049999999999955,0.9980878777752988,14.700000000000045,4.920000000000073,9.81000000000006,0.0,1.0300000000000011,1.0300000000000011,12.296679462396787,13.22030323026231,9.63407649959244,3.859208791967615
2025-05-22 07:51:45,909.79,871.88,6.93,66.07,890.835,1781.67,37.90999999999997,0.042555579829535645,73.0,59.13999999999999,6.529999999999973,4.909999999999968,5.720000000000027,1.6200000000000045,0.2832167337033677,-13.07000000000005,-1.6400000000001,-7.355000000000018,0.0,1.019999999999996,1.019999999999996,12.20321901091481,12.567255766478405,8.581767300503973,3.792214063050779
2025-05-22 07:51:46,922.87,884.98,6.98,67.09,903.925,1807.85,37.889999999999986,0.041917194411132334,74.07000000000001,60.11,13.080000000000041,13.100000000000023,13.089999999999918,0.01999999999998181,0.0015278837641022286,6.550000000000068,8.190000000000055,7.369999999999891,0.05000000000000071,1.0200000000000102,0.9700000000000095,12.203658536470114,14.315315923865771,8.73305215832353,4.382812168003547
2025-05-22 07:51:47,932.67,894.8,7.03,68.11,913.7349999999999,1827.4699999999998,37.870000000000005,0.041445276758091495,75.14,61.08,9.799999999999955,9.819999999999936,9.809999999999945,0.01999999999998181,0.00203873577586607,-3.2800000000000864,-3.2800000000000864,-3.2799999999999727,0.04999999999999982,1.019999999999996,0.9699999999999962,12.160433694963618,16.243409432754127,6.410358804310375,4.405625097531555
2025-05-22 07:51:48,940.84,902.98,7.06,69.13,921.9100000000001,1843.8200000000002,37.860000000000014,0.041066915381038384,76.19,62.06999999999999,8.170000000000073,8.180000000000064,8.175000000000182,0.009999999999990905,0.001223241440580947,-1.6299999999998818,-1.6399999999998727,-1.6349999999997635,0.02999999999999936,1.019999999999996,0.9899999999999967,12.100144217086966,15.341857123571717,0.7124464892184607,3.189258142577949
2025-05-22 07:51:49,947.38,914.45,7.03,70.13,930.915,1861.83,32.92999999999995,0.03537379885878534,77.16,63.099999999999994,6.539999999999964,11.470000000000027,9.004999999999882,4.930000000000064,0.5474735649668588,-1.6300000000001091,3.2899999999999636,0.8299999999996999,-0.02999999999999936,1.0,1.0299999999999994,12.06473545794796,15.586932988888146,2.2149085759912923,2.6783973752973482
2025-05-22 07:51:50,952.28,924.27,7.03,71.15,938.275,1876.55,28.00999999999999,0.029852655106602368,78.18,64.12,4.899999999999977,9.819999999999936,7.360000000000014,4.919999999999959,0.6684781700437201,-1.6399999999999864,-1.650000000000091,-1.6449999999998681,0.0,1.0200000000000102,1.0200000000000102,12.001470810930277,13.592914330639015,4.412337249123166,2.2115452742369457
2025-05-22 07:51:51,963.72,932.46,7.03,72.18,948.09,1896.18,31.25999999999999,0.032971553298767456,79.21000000000001,65.15,11.440000000000055,8.190000000000055,9.815000000000055,3.25,0.3311257940778592,6.540000000000077,-1.6299999999998818,2.455000000000041,0.0,1.0300000000000011,1.0300000000000011,11.969321904187325,13.461502052151957,4.288126630592873,1.0666688802060147
2025-05-22 07:51:52,973.53,942.28,7.06,73.17,957.905,1915.81,31.25,0.03262327680446049,80.23,66.11,9.809999999999945,9.819999999999936,9.81499999999994,0.009999999999990905,0.0010188485971617289,-1.6300000000001091,1.6299999999998818,-1.1368683772161603e-13,0.02999999999999936,0.9899999999999949,0.9599999999999955,11.939486327564673,14.1165706706724,3.601787056448471,1.0678155271393794
2025-05-22 07:51:53,927.77,953.75,7.06,74.2,940.76,1881.52,25.980000000000018,0.0276159700373996,81.26,67.14,-45.75999999999999,11.470000000000027,-17.144999999999982,57.23000000000002,3.337999222047294,-55.569999999999936,1.650000000000091,-26.959999999999923,0.0,1.0300000000000011,1.0300000000000011,11.577159591715978,10.262540742919768,2.8191541284576074,11.734719851790224
2025-05-22 07:51:54,924.5,955.39,7.06,75.19,939.9449999999999,1879.8899999999999,30.889999999999986,0.03286362496437171,82.25,68.13,-3.269999999999982,1.6399999999999864,-0.8150000000000546,4.909999999999968,6.024532485235771,42.49000000000001,-9.830000000000041,16.329999999999927,0.0,0.9899999999999949,0.9899999999999949,11.427902596621244,8.13700267298025,2.382240542010743,11.458022516996552
2025-05-22 07:51:55,935.94,968.49,7.06,76.22,952.215,1904.43,32.549999999999955,0.034183456431390494,83.28,69.16,11.440000000000055,13.100000000000023,12.270000000000095,1.6599999999999682,0.13528931252735477,14.710000000000036,11.460000000000036,13.08500000000015,0.0,1.0300000000000011,1.0300000000000011,11.433897557229857,7.631325736730598,2.54264232639976,12.236951009136238
2025-05-22 07:51:56,934.3,976.68,7.06,77.21,955.49,1910.98,42.379999999999995,0.04435420564908663,84.27,70.14999999999999,-1.6400000000001,8.18999999999994,3.2749999999999773,9.830000000000041,3.001525801060857,-13.080000000000155,-4.910000000000082,-8.995000000000118,0.0,0.9899999999999949,0.9899999999999949,11.338435845040516,8.386002176250987,6.004610728431911,11.632669513056761
2025-05-22 07:51:57,944.11,976.68,7.06,78.21,960.395,1920.79,32.569999999999936,0.03391312945828207,85.27,71.14999999999999,9.81000000000006,0.0,4.904999999999973,9.81000000000006,1.9999995922529095,11.45000000000016,-8.18999999999994,1.6299999999999955,0.0,1.0,1.0,11.262988023185317,9.073276282583153,5.958710430957324,10.939752967960494
2025-05-22 07:51:58,935.94,952.11,7.06,78.77,944.0250000000001,1888.0500000000002,16.16999999999996,0.017128783647542358,85.83,71.71,-8.169999999999959,-24.569999999999936,-16.36999999999989,16.399999999999977,1.00183255944823,-17.980000000000018,-24.569999999999936,-21.274999999999864,0.0,0.5600000000000023,0.5600000000000023,10.998776523374387,8.352380199684717,9.411084953394049,10.62834218022734
2025-05-22 07:51:59,983.34,950.47,7.06,78.77,966.905,1933.81,32.870000000000005,0.033995066698388095,85.83,71.71,47.39999999999998,-1.6399999999999864,22.87999999999988,49.039999999999964,2.1433565496784817,55.569999999999936,22.92999999999995,39.24999999999977,0.0,0.0,0.0,11.265349979432017,8.602816689903506,9.45149829392144,14.417355253304892
2025-05-22 07:52:00,935.94,939.01,7.06,79.16,937.475,1874.95,3.0699999999999363,0.003274753989946593,86.22,72.1,-47.39999999999998,-11.460000000000036,-29.42999999999995,35.93999999999994,1.2212028127352086,-94.79999999999995,-9.82000000000005,-52.30999999999983,0.0,0.39000000000000057,0.39000000000000057,10.873057169182822,11.996984829534574,15.64729433480435,20.303493110792463
2025-05-22 07:52:01,942.47,952.11,7.06,79.16,947.29,1894.58,9.639999999999986,0.010176397924419755,86.22,72.1,6.529999999999973,13.100000000000023,9.81499999999994,6.57000000000005,0.6693835283358698,53.92999999999995,24.56000000000006,39.24499999999989,0.0,0.0,0.0,10.9868938646846,12.107206325163661,13.470455820053006,21.003222669390446
2025-05-22 07:52:02,945.74,978.32,7.06,79.18,962.03,1924.06,32.58000000000004,0.03386588772297554,86.24000000000001,72.12,3.269999999999982,26.210000000000036,14.740000000000009,22.940000000000055,1.55630925669544,-3.259999999999991,13.110000000000014,4.925000000000068,0.0,0.020000000000010232,0.020000000000010232,11.155264249127269,12.434680836277337,13.473000037111282,22.196077243513027
2025-05-22 07:52:03,939.21,953.75,7.06,79.33,946.48,1892.96,14.539999999999964,0.015362184076407086,86.39,72.27,-6.529999999999973,-24.57000000000005,-15.549999999999955,18.040000000000077,1.1601285427570154,-9.799999999999955,-50.780000000000086,-30.289999999999964,0.0,0.14999999999999147,0.14999999999999147,10.955897546522774,12.107679071567889,13.57388485290783,22.04437694742125
2025-05-22 07:52:04,949.01,950.47,7.06,79.33,949.74,1899.48,1.4600000000000364,0.0015372628282085345,86.39,72.27,9.799999999999955,-3.2799999999999727,3.259999999999991,13.079999999999927,4.012268707893023,16.329999999999927,21.290000000000077,18.809999999999945,0.0,0.0,0.0,10.99363339514257,8.826672362792447,12.510608298560072,18.528554854602092
2025-05-22 07:52:05,945.74,953.75,7.06,79.62,949.745,1899.49,8.009999999999991,0.0084338427594419,86.68,72.56,-3.269999999999982,3.2799999999999727,0.0049999999999954525,6.5499999999999545,1309.7380523907038,-13.069999999999936,6.559999999999945,-3.2549999999999955,0.0,0.29000000000000625,0.29000000000000625,10.956910348905048,6.304795397162681,11.777167741014809,11.574987796969788
2025-05-22 07:52:06,950.65,952.11,7.06,79.62,951.38,1902.76,1.4600000000000364,0.0015346128765219192,86.68,72.56,4.909999999999968,-1.6399999999999864,1.634999999999991,6.5499999999999545,4.006113757728583,8.17999999999995,-4.919999999999959,1.6299999999999955,0.0,0.0,0.0,10.975772831382407,5.949163806795317,12.916373330002493,10.82849631758721
2025-05-22 07:52:07,944.11,958.66,7.06,79.79,951.385,1902.77,14.549999999999955,0.015293493154408007,86.85000000000001,72.73,-6.539999999999964,6.5499999999999545,0.0049999999999954525,13.089999999999918,2617.476504701424,-11.449999999999932,8.18999999999994,-1.6299999999999955,0.0,0.1700000000000017,0.1700000000000017,10.954346448424335,2.001441355644522,6.542501815055092,7.62299432637856
2025-05-22 07:52:08,953.91,957.03,7.06,79.79,955.47,1910.94,3.1200000000000045,0.0032654086436356934,86.85000000000001,72.73,9.799999999999955,-1.6299999999999955,4.085000000000036,11.42999999999995,2.798040930712097,16.339999999999918,-8.17999999999995,4.080000000000041,0.0,0.0,0.0,11.001381565902342,2.342886574310386,5.618456193653138,1.8590373853153435
2025-05-22 07:52:09,950.65,952.11,7.06,79.87,951.38,1902.76,1.4600000000000364,0.0015346128765219192,86.93,72.81,-3.259999999999991,-4.919999999999959,-4.090000000000032,1.6599999999999682,0.40586787142593733,-13.059999999999945,-3.2899999999999636,-8.175000000000068,0.0,0.0799999999999983,0.0799999999999983,10.944207857538158,2.1325471858985403,5.618456193653138,2.9812195491107665
2025-05-22 07:52:10,996.41,958.66,7.06,79.87,977.535,1955.07,37.75,0.03861754306636842,86.93,72.81,45.75999999999999,6.5499999999999545,26.154999999999973,39.210000000000036,1.4991396865173157,49.01999999999998,11.469999999999914,30.245000000000005,0.0,0.0,0.0,11.245082120728377,11.377605745502112,15.572824727710744,11.892390213914103
2025-05-22 07:52:11,952.28,961.94,7.06,80.06,957.11,1914.22,9.660000000000082,0.010092883775017707,87.12,73.0,-44.129999999999995,3.2800000000000864,-20.424999999999955,47.41000000000008,2.3211749169559495,-89.88999999999999,-3.269999999999868,-46.57999999999993,0.0,0.18999999999999773,0.18999999999999773,10.986110985007908,10.894183884076973,14.632432128665393,16.793699860364285
2025-05-22 07:52:12,950.65,958.66,7.06,80.06,954.655,1909.31,8.009999999999991,0.008390465656817935,87.12,73.0,-1.6299999999999955,-3.2800000000000864,-2.455000000000041,1.650000000000091,0.6720974859073635,42.5,-6.560000000000173,17.969999999999914,0.0,0.0,0.0,10.95793146283366,10.443396837240373,14.785163171233497,16.8713397511875
2025-05-22 07:52:13,945.74,993.07,7.06,80.11,969.405,1938.81,47.33000000000004,0.048823762979535154,87.17,73.05,-4.909999999999968,34.41000000000008,14.75,39.32000000000005,2.6657625311347473,-3.2799999999999727,37.69000000000017,17.20500000000004,0.0,0.04999999999999716,0.04999999999999716,11.120855671436782,11.031934667141622,20.32765284040436,18.04678246945974
2025-05-22 07:52:14,950.65,958.66,7.06,80.33,954.655,1909.31,8.009999999999991,0.008390465656817935,87.39,73.27,4.909999999999968,-34.41000000000008,-14.75,39.32000000000005,2.6657625311347473,9.819999999999936,-68.82000000000016,-29.5,0.0,0.21999999999999886,0.21999999999999886,10.924075856229821,10.316521700654775,18.929287361123762,19.623146727780416
2025-05-22 07:52:15,952.28,960.3,7.06,80.33,956.29,1912.58,8.019999999999982,0.008386577284728905,87.39,73.27,1.6299999999999955,1.6399999999999864,1.634999999999991,0.009999999999990905,0.006116204210267126,-3.2799999999999727,36.05000000000007,16.38499999999999,0.0,0.0,0.0,10.94278509048192,6.230441998773657,17.413449686951758,13.881065070807775
2025-05-22 07:52:16,950.65,957.03,7.06,80.43,953.8399999999999,1907.6799999999998,6.3799999999999955,0.006688752823650972,87.49000000000001,73.37,-1.6299999999999955,-3.269999999999982,-2.4500000000000455,1.6399999999999864,0.6693874818826424,-3.259999999999991,-4.909999999999968,-4.085000000000036,0.0,0.10000000000000853,0.10000000000000853,10.902274421050697,6.565344050396983,17.779633010835756,10.57933327294306
2025-05-22 07:52:17,957.18,960.3,7.06,80.43,958.74,1917.48,3.1200000000000045,0.0032542712275963593,87.49000000000001,73.37,6.529999999999973,3.269999999999982,4.900000000000091,3.259999999999991,0.6653059866722334,8.159999999999968,6.539999999999964,7.350000000000136,0.0,0.0,0.0,10.958280821142063,6.330943255162125,18.420995358557594,10.775821082404827
2025-05-22 07:52:18,953.91,952.11,7.06,80.6,953.01,1906.02,1.7999999999999545,0.0018887524770057,87.66,73.53999999999999,-3.269999999999982,-8.18999999999994,-5.730000000000018,4.919999999999959,0.8586385936058202,-9.799999999999955,-11.459999999999923,-10.63000000000011,0.0,0.1699999999999875,0.1699999999999875,10.871663120332386,2.269646448256631,2.8624080771266263,7.57168937556213
2025-05-22 07:52:19,953.91,950.47,7.06,80.6,952.19,1904.38,3.439999999999941,0.0036127243474382387,87.66,73.53999999999999,0.0,-1.6399999999999864,-0.8199999999999363,1.6399999999999864,1.9999975609787228,3.269999999999982,6.5499999999999545,4.910000000000082,0.0,0.0,0.0,10.862308796916397,2.6777098423996497,2.5607264594250916,4.030377773856985
2025-05-22 07:52:20,957.18,961.94,7.06,80.67,959.56,1919.12,4.760000000000105,0.004960606939680164,87.73,73.61,3.269999999999982,11.470000000000027,7.369999999999891,8.200000000000045,1.1126185735931606,3.269999999999982,13.110000000000014,8.189999999999827,0.0,0.07000000000000739,0.07000000000000739,10.937649482073983,3.423736263219423,1.7406895185528661,5.378106544128702
2025-05-22 07:52:21,958.82,960.3,7.06,80.67,959.56,1919.12,1.4799999999999045,0.0015423735862869763,87.73,73.61,1.6400000000001,-1.6400000000001,0.0,3.2800000000002,3280000.0000002002,-1.6299999999998818,-13.110000000000127,-7.369999999999891,0.0,0.0,0.0,10.937649482073983,3.689115070051799,1.3251415018781523,5.130509721265509
2025-05-22 07:52:22,957.18,958.66,7.06,80.77,957.92,1915.84,1.4800000000000182,0.0015450141958148948,87.83,73.71,-1.6400000000001,-1.6399999999999864,-1.6399999999999864,1.1368683772161603e-13,6.932120024415655e-14,-3.2800000000002,1.1368683772161603e-13,-1.6399999999999864,0.0,0.09999999999999432,0.09999999999999432,10.906523842576297,3.5876970329284052,1.4594245441268483,4.753349345461542
2025-05-22 07:52:23,957.18,961.94,7.06,80.77,959.56,1919.12,4.760000000000105,0.004960606939680164,87.83,73.71,0.0,3.2800000000000864,1.6399999999999864,3.2800000000000864,1.999998780488618,1.6400000000001,4.920000000000073,3.2799999999999727,0.0,0.0,0.0,10.925196277750242,3.1925882916660164,1.6462320614056614,3.5981939914350973
2025-05-22 07:52:24,958.82,965.22,7.06,80.84,962.02,1924.04,6.399999999999977,0.006652668336778143,87.9,73.78,1.6400000000001,3.2799999999999727,2.4600000000000364,1.6399999999998727,0.6666663956640051,1.6400000000001,-1.1368683772161603e-13,0.82000000000005,0.0,0.07000000000000739,0.07000000000000739,10.944482241814763,1.4668605932680865,2.200290889859764,3.4066816698951707
2025-05-22 07:52:25,957.18,965.22,7.06,80.84,961.2,1922.4,8.040000000000077,0.00836454431089839,87.9,73.78,-1.6400000000001,0.0,-0.8199999999999363,1.6400000000001,1.9999975609788614,-3.2800000000002,-3.2799999999999727,-3.2799999999999727,0.0,0.0,0.0,10.935153459213272,1.5984742725745522,2.933721186479717,1.7003881909728853
2025-05-22 07:52:26,953.91,963.58,7.06,80.91,958.745,1917.49,9.670000000000073,0.010086102133428566,87.97,73.85,-3.269999999999982,-1.6399999999999864,-2.455000000000041,1.6299999999999955,0.6639508497145086,-1.6299999999998818,-1.6399999999999864,-1.6350000000001046,0.0,0.06999999999999318,0.06999999999999318,10.898544834619248,1.69954552751104,3.1517455481050183,2.1211659529608036
2025-05-22 07:52:27,966.99,963.58,7.06,80.91,965.2850000000001,1930.5700000000002,3.409999999999968,0.0035326354356146968,87.97,73.85,13.080000000000041,0.0,6.540000000000077,13.080000000000041,1.9999996941896319,16.350000000000023,1.6399999999999864,8.995000000000118,0.0,0.0,0.0,10.972888359976261,2.546813204788003,2.4998259939443486,3.4410601564053307
2025-05-22 07:52:28,958.82,1006.17,7.06,80.99,982.495,1964.99,47.34999999999991,0.04819362943506713,88.05,73.92999999999999,-8.169999999999959,42.58999999999992,17.209999999999923,50.75999999999988,2.9494478239716604,-21.25,42.58999999999992,10.669999999999845,0.0,0.0799999999999983,0.0799999999999983,11.158375796043433,9.540684854877117,18.245942836696546,7.850221015996911
2025-05-22 07:52:29,1012.77,965.22,7.06,81.01,988.995,1977.99,47.549999999999955,0.048079110563674074,88.07000000000001,73.95,53.94999999999993,-40.94999999999993,6.5,94.89999999999986,14.599997753846479,62.11999999999989,-83.53999999999985,-10.709999999999923,0.0,0.020000000000010232,0.020000000000010232,11.229646744298321,13.548520398924776,22.252390433389337,7.784198738470106
2025-05-22 07:52:30,960.45,963.58,7.06,81.01,962.0150000000001,1924.0300000000002,3.1299999999999955,0.003253587518642025,88.07000000000001,73.95,-52.319999999999936,-1.6399999999999864,-26.979999999999905,50.67999999999995,1.8784283959070323,-106.26999999999987,39.309999999999945,-33.479999999999905,0.0,0.0,0.0,10.923299523977525,13.400058581964501,23.177966261085068,16.695959690895233
2025-05-22 07:52:31,957.18,966.85,7.06,81.08,962.015,1924.03,9.670000000000073,0.010051818308392545,88.14,74.02,-3.2700000000000955,3.269999999999982,-1.1368683772161603e-13,6.540000000000077,6539999.256488243,49.04999999999984,4.909999999999968,26.97999999999979,0.0,0.06999999999999318,0.06999999999999318,10.914624337251823,12.682045576328784,23.177966261085068,16.635710985707775
2025-05-22 07:52:32,963.72,961.94,7.06,81.08,962.83,1925.66,1.7799999999999727,0.0018487168016693039,88.14,74.02,6.540000000000077,-4.909999999999968,0.8150000000000546,11.450000000000045,14.049062516486824,9.810000000000173,-8.17999999999995,0.8150000000001683,0.0,0.0,0.0,10.923870990198878,13.056798037806999,23.517680157702582,16.32339823688677
2025-05-22 07:52:33,957.18,958.66,7.06,81.16,957.92,1915.84,1.4800000000000182,0.0015450141958148948,88.22,74.1,-6.540000000000077,-3.2800000000000864,-4.910000000000082,3.259999999999991,0.6639509849386867,-13.080000000000155,1.6299999999998818,-5.725000000000136,0.0,0.0799999999999983,0.0799999999999983,10.858308650438579,12.579901132365151,19.75108022362318,12.98226289981831
2025-05-22 07:52:34,962.09,961.94,7.06,81.16,962.0150000000001,1924.0300000000002,0.14999999999997726,0.0001559227245355369,88.22,74.1,4.910000000000082,3.2800000000000864,4.095000000000141,1.6299999999999955,0.39804630084337933,11.45000000000016,6.560000000000173,9.005000000000223,0.0,0.0,0.0,10.904726695707021,1.9545824362465822,3.7461406807539652,12.488771656972498
2025-05-22 07:52:35,962.09,965.22,7.06,81.25,963.655,1927.31,3.1299999999999955,0.00324805038810772,88.31,74.19,0.0,3.2799999999999727,1.6399999999998727,3.2799999999999727,1.9999987804886872,-4.910000000000082,-1.1368683772161603e-13,-2.4550000000002683,0.0,0.09000000000000341,0.09000000000000341,10.912184227016372,2.212743206990693,3.7461406807539652,3.3050351737917256
2025-05-22 07:52:36,963.72,957.03,7.06,81.25,960.375,1920.75,6.690000000000055,0.006966028887709515,88.31,74.19,1.6299999999999955,-8.190000000000055,-3.2799999999999727,9.82000000000005,2.9939015262495747,1.6299999999999955,-11.470000000000027,-4.919999999999845,0.0,0.0,0.0,10.87504234090089,2.272705986282335,2.4963833840176965,3.6895606106961356
2025-05-22 07:52:37,963.72,966.85,7.06,81.33,965.2850000000001,1930.5700000000002,3.1299999999999955,0.003242565663775392,88.39,74.27,0.0,9.82000000000005,4.910000000000082,9.82000000000005,1.9999995926680842,-1.6299999999999955,18.010000000000105,8.190000000000055,0.0,0.0799999999999983,0.0799999999999983,10.92074882994967,2.859414275701151,2.451913538442909,4.393968024462696
2025-05-22 07:52:38,966.99,966.85,7.06,81.33,966.9200000000001,1933.8400000000001,0.13999999999998636,0.0001447896411856169,88.39,74.27,3.269999999999982,0.0,1.634999999999991,3.269999999999982,1.999998776759158,3.269999999999982,-9.82000000000005,-3.275000000000091,0.0,0.0,0.0,10.939246397338541,2.586745058965577,2.7079734119816723,3.1936793045013614
2025-05-22 07:52:39,963.72,965.22,7.06,81.4,964.47,1928.94,1.5,0.0015552583267957963,88.46000000000001,74.34,-3.269999999999982,-1.6299999999999955,-2.4500000000000455,1.6399999999999864,0.6693874818826424,-6.539999999999964,-1.6299999999999955,-4.085000000000036,0.0,0.07000000000000739,0.07000000000000739,10.902893840121028,2.4268688675086407,2.4518299288489867,3.355086437038574
2025-05-22 07:52:40,966.99,966.85,7.06,81.4,966.9200000000001,1933.8400000000001,0.13999999999998636,0.0001447896411856169,88.46000000000001,74.34,3.269999999999982,1.6299999999999955,2.4500000000000455,1.6399999999999864,0.6693874818826424,6.539999999999964,3.259999999999991,4.900000000000091,0.0,0.0,0.0,10.930589973653742,2.6885576988568434,2.735425012680781,3.442843301691249
2025-05-22 07:52:41,966.99,970.13,7.06,81.5,968.56,1937.12,3.1399999999999864,0.0032419261550735733,88.56,74.44,0.0,3.2799999999999727,1.6399999999998727,3.2799999999999727,1.9999987804886872,-3.269999999999982,1.6499999999999773,-0.8100000000001728,0.0,0.09999999999999432,0.09999999999999432,10.93676591083146,1.5944999216310405,1.4987661592121393,2.649390495944363
2025-05-22 07:52:42,970.26,968.49,7.06,81.5,969.375,1938.75,1.7699999999999818,0.001825918760205352,88.56,74.44,3.269999999999982,-1.6399999999999864,0.8150000000000546,4.909999999999968,6.024532485235771,3.269999999999982,-4.919999999999959,-0.8249999999998181,0.0,0.0,0.0,10.94596871108888,1.8826789423799606,1.258022257354575,1.9161439142194225
2025-05-22 07:52:43,963.72,968.49,7.06,81.57,966.105,1932.21,4.769999999999982,0.004937351525002593,88.63,74.50999999999999,-6.539999999999964,0.0,-3.269999999999982,6.539999999999964,1.9999993883793918,-9.809999999999945,1.6399999999999864,-4.085000000000036,0.0,0.06999999999999318,0.06999999999999318,10.900428625742654,1.9522787967093804,1.7597244102414147,2.545529414483375
2025-05-22 07:52:44,970.26,970.13,7.06,81.57,970.1949999999999,1940.3899999999999,0.12999999999999545,0.00013399368154443363,88.63,74.50999999999999,6.539999999999964,1.6399999999999864,4.089999999999918,4.899999999999977,1.1980437168597453,13.079999999999927,1.6399999999999864,7.3599999999999,0.0,0.0,0.0,10.946575528076549,1.6965310194866443,1.9988371619517908,2.748736073179799
2025-05-22 07:52:45,966.99,971.77,7.06,81.64,969.38,1938.76,4.779999999999973,0.0049309868112288125,88.7,74.58,-3.269999999999982,1.6399999999999864,-0.8149999999999409,4.909999999999968,6.0245324852366124,-9.809999999999945,0.0,-4.904999999999859,0.0,0.07000000000000739,0.07000000000000739,10.928748467545113,1.5735334442204234,2.0023161588519134,2.7490330118061137
2025-05-22 07:52:46,970.26,966.85,7.06,81.64,968.5550000000001,1937.1100000000001,3.409999999999968,0.0035207086809517884,88.7,74.58,3.269999999999982,-4.919999999999959,-0.8249999999999318,8.18999999999994,9.92726069423021,6.539999999999964,-6.559999999999945,-0.009999999999990905,0.0,0.0,0.0,10.919447452993829,1.573664513192116,2.0134100426886414,2.7124744238425276
2025-05-22 07:52:47,966.99,971.77,7.06,81.74,969.38,1938.76,4.779999999999973,0.0049309868112288125,88.8,74.67999999999999,-3.269999999999982,4.919999999999959,0.8249999999999318,8.18999999999994,9.92726069423021,-6.539999999999964,9.839999999999918,1.6499999999998636,0.0,0.09999999999999432,0.09999999999999432,10.916441318508545,1.5741847096450219,2.0141573920623674,2.7132300860781786
2025-05-22 07:52:48,971.89,968.49,7.06,81.74,970.19,1940.38,3.3999999999999773,0.0035044681933389427,88.8,74.67999999999999,4.899999999999977,-3.2799999999999727,0.8100000000000591,8.17999999999995,10.098752964501713,8.169999999999959,-8.199999999999932,-0.01499999999987267,0.0,0.0,0.0,10.925562940027445,0.6842788175004464,1.9007761572577329,2.004509291572338
2025-05-22 07:52:49,970.26,1006.17,7.06,81.81,988.2149999999999,1976.4299999999998,35.90999999999997,0.03633824619507063,88.87,74.75,-1.6299999999999955,37.67999999999995,18.024999999999864,39.309999999999945,2.1808597957914255,-6.529999999999973,40.95999999999992,17.214999999999804,0.0,0.07000000000000739,0.07000000000000739,11.119781578487885,8.444753844848123,14.245817982832698,8.103056830604043
2025-05-22 07:52:50,1017.67,966.85,7.06,81.81,992.26,1984.52,50.819999999999936,0.051216415000890414,88.87,74.75,47.40999999999997,-39.319999999999936,4.045000000000073,86.7299999999999,21.441280237013128,49.039999999999964,-76.99999999999989,-13.97999999999979,0.0,0.0,0.0,11.165297500109176,11.5305068188729,22.27595407608839,7.72303567258361
2025-05-22 07:52:51,970.26,966.85,7.06,81.81,968.5550000000001,1937.1100000000001,3.409999999999968,0.0035207086809517884,88.87,74.75,-47.40999999999997,0.0,-23.704999999999927,47.40999999999997,1.9999999156296222,-94.81999999999994,39.319999999999936,-27.75,0.0,0.0,0.0,10.898559571300106,11.5305068188729,22.27595407608839,15.037672692275162
2025-05-22 07:52:52,966.99,971.77,7.06,81.89,969.38,1938.76,4.779999999999973,0.0049309868112288125,88.95,74.83,-3.269999999999982,4.919999999999959,0.8249999999999318,8.18999999999994,9.92726069423021,44.139999999999986,4.919999999999959,24.52999999999986,0.0,0.0799999999999983,0.0799999999999983,10.898032480067089,11.5305068188729,22.27595407608839,15.037672692275162
2025-05-22 07:52:53,966.99,971.77,7.08,81.89,969.38,1938.76,4.779999999999973,0.0049309868112288125,88.97,74.81,0.0,0.0,0.0,0.0,0.0,3.269999999999982,-4.919999999999959,-0.8249999999999318,0.020000000000000462,0.0,0.020000000000000462,10.895582658249044,11.66762432974574,22.031269822686095,15.031126704275968
2025-05-22 07:52:54,971.89,965.22,7.08,81.98,968.5550000000001,1937.1100000000001,6.669999999999959,0.006886547478577274,89.06,74.9,4.899999999999977,-6.5499999999999545,-0.8249999999999318,11.449999999999932,13.878771056036149,4.899999999999977,-6.5499999999999545,-0.8249999999999318,0.0,0.09000000000000341,0.09000000000000341,10.875308658485194,10.424886929846158,20.56431302037583,11.206551432086483
2025-05-22 07:52:55,971.89,960.3,7.08,81.98,966.095,1932.19,11.590000000000032,0.01199674978962036,89.06,74.9,0.0,-4.920000000000073,-2.4600000000000364,4.920000000000073,1.9999991869922003,-4.899999999999977,1.6299999999998818,-1.6350000000001046,0.0,0.0,0.0,10.847686830814206,1.349224777448013,3.2046575480072135,10.397336557984422
2025-05-22 07:52:56,968.62,971.77,7.08,82.06,970.1949999999999,1940.3899999999999,3.1499999999999773,0.003246769975884443,89.14,74.98,-3.269999999999982,11.470000000000027,4.099999999999909,14.740000000000009,3.5951210743607955,-3.269999999999982,16.3900000000001,6.559999999999945,0.0,0.0799999999999983,0.0799999999999983,10.883946478753124,1.5783432770089882,3.263744781688604,2.4333582761278514
2025-05-22 07:52:57,970.26,973.41,7.08,82.06,971.835,1943.67,3.1499999999999773,0.0032412909565499143,89.14,74.98,1.6399999999999864,1.6399999999999864,1.6400000000001,0.0,0.0,4.909999999999968,-9.830000000000041,-2.459999999999809,0.0,0.0,0.0,10.902344504124473,2.1226151323495794,3.512238602373078,2.501320651176092
2025-05-22 07:52:58,970.26,971.77,7.08,82.13,971.015,1942.03,1.509999999999991,0.0015550738129121765,89.21,75.05,0.0,-1.6399999999999864,-0.82000000000005,1.6399999999999864,1.9999975609784455,-1.6399999999999864,-3.2799999999999727,-2.46000000000015,0.0,0.06999999999999318,0.06999999999999318,10.884598017211099,2.2754076558013394,4.03153568755128,2.567565967993816
2025-05-22 07:52:59,970.26,973.41,7.08,82.13,971.835,1943.67,3.1499999999999773,0.0032412909565499143,89.21,75.05,0.0,1.6399999999999864,0.82000000000005,1.6399999999999864,1.9999975609784455,0.0,3.2799999999999727,1.6400000000001,0.0,0.0,0.0,10.893789811749919,2.3906902769031593,4.021044640388814,2.4871831456489235
2025-05-22 07:53:00,970.26,975.04,7.08,82.23,972.65,1945.3,4.779999999999973,0.0049144090835198315,89.31,75.15,0.0,1.6299999999999955,0.8149999999999409,1.6299999999999955,1.9999975460154205,0.0,-0.009999999999990905,-0.005000000000109139,0.0,0.10000000000000853,0.10000000000000853,10.890717602835991,0.9334104135262601,1.156122830844286,1.7968736739125613
2025-05-22 07:53:01,971.89,966.85,7.08,82.23,969.37,1938.74,5.039999999999964,0.0051992531177988905,89.31,75.15,1.6299999999999955,-8.18999999999994,-3.2799999999999727,9.819999999999936,2.99390152624954,1.6299999999999955,-9.819999999999936,-4.094999999999914,0.0,0.0,0.0,10.853991592722075,1.2442537924713069,1.4328049413648027,1.9570960630485534
2025-05-22 07:53:02,971.89,976.68,7.08,82.3,974.285,1948.57,4.789999999999964,0.004916425886761612,89.38,75.22,0.0,9.829999999999927,4.914999999999964,9.829999999999927,1.9999995930824837,-1.6299999999999955,18.019999999999868,8.194999999999936,0.0,0.06999999999999318,0.06999999999999318,10.900480970010284,1.8313430863929285,1.510804421491873,2.988484147523621
2025-05-22 07:53:03,970.26,975.04,7.08,82.3,972.65,1945.3,4.779999999999973,0.0049144090835198315,89.38,75.22,-1.6299999999999955,-1.6399999999999864,-1.634999999999991,0.009999999999990905,0.006116204210267126,-1.6299999999999955,-11.469999999999914,-6.5499999999999545,0.0,0.0,0.0,10.882188287288116,1.7948210217398088,0.76724833007275,3.0980167042803273
2025-05-22 07:53:04,971.89,975.04,7.08,82.37,973.4649999999999,1946.9299999999998,3.1499999999999773,0.003235863638409305,89.45,75.29,1.6299999999999955,0.0,0.8149999999999409,1.6299999999999955,1.9999975460154205,3.259999999999991,1.6399999999999864,2.449999999999932,0.0,0.07000000000000739,0.07000000000000739,10.882783556369104,1.8680250266201255,0.76724833007275,3.097818587328818
2025-05-22 07:53:05,966.99,976.68,7.08,82.37,971.835,1943.67,9.68999999999994,0.009970828371101177,89.45,75.29,-4.899999999999977,1.6399999999999864,-1.6299999999998818,6.539999999999964,4.012267477136786,-6.529999999999973,1.6399999999999864,-2.4449999999998226,0.0,0.0,0.0,10.864561085918826,1.8853958470515089,2.4653701547636553,3.192848649717025
2025-05-22 07:53:06,962.09,976.68,7.08,82.47,969.385,1938.77,14.589999999999918,0.015050779602479034,89.55,75.39,-4.899999999999977,0.0,-2.4500000000000455,4.899999999999977,1.999999183673756,0.0,-1.6399999999999864,-0.8200000000001637,0.0,0.09999999999999432,0.09999999999999432,10.825069672528535,1.879529196389122,4.708481708576473,3.0064110663713177
2025-05-22 07:53:07,970.26,966.85,7.08,82.47,968.5550000000001,1937.1100000000001,3.409999999999968,0.0035207086809517884,89.55,75.39,8.169999999999959,-9.829999999999927,-0.8299999999999272,17.999999999999886,21.686720859374223,13.069999999999936,-9.829999999999927,1.6200000000001182,0.0,0.0,0.0,10.815801107584578,2.116824272366287,4.934732008934143,1.2368478079375995
2025-05-22 07:53:08,968.62,975.04,7.08,82.54,971.8299999999999,1943.6599999999999,6.419999999999959,0.006606093651558263,89.62,75.46000000000001,-1.6399999999999864,8.18999999999994,3.2749999999998636,9.829999999999927,3.001525801060927,-9.809999999999945,18.019999999999868,4.104999999999791,0.0,0.07000000000000739,0.07000000000000739,10.84389633068627,2.00297403879308,4.792433619780166,2.269563283982133
2025-05-22 07:53:09,970.26,975.04,7.08,82.54,972.65,1945.3,4.779999999999973,0.0049144090835198315,89.62,75.46000000000001,1.6399999999999864,0.0,0.82000000000005,1.6399999999999864,1.9999975609784455,3.2799999999999727,-8.18999999999994,-2.4549999999998136,0.0,0.0,0.0,10.853046073945034,1.773687542967791,4.4713163609835584,2.2701035218685113
2025-05-22 07:53:10,973.53,961.94,7.08,82.64,967.735,1935.47,11.589999999999918,0.011976419151961537,89.72,75.56,3.269999999999982,-13.099999999999909,-4.914999999999964,16.36999999999989,3.3306198716948403,1.6299999999999955,-13.099999999999909,-5.735000000000014,0.0,0.09999999999999432,0.09999999999999432,10.786167958246011,2.119143105143859,4.7466904259704155,3.117877884074329
2025-05-22 07:53:11,971.89,970.13,7.08,82.64,971.01,1942.02,1.759999999999991,0.0018125456979716432,89.72,75.56,-1.6399999999999864,8.18999999999994,3.2749999999999773,9.829999999999927,3.0015258010608226,-4.909999999999968,21.28999999999985,8.18999999999994,0.0,0.0,0.0,10.822670409912279,2.119909785834979,3.767170025363766,3.407405537942281
2025-05-22 07:53:12,970.26,1011.09,7.08,82.64,990.675,1981.35,40.83000000000004,0.041214323525662525,89.72,75.56,-1.6299999999999955,40.960000000000036,19.664999999999964,42.59000000000003,2.1657766506088714,0.009999999999990905,32.770000000000095,16.389999999999986,0.0,0.0,0.0,11.04185230671141,9.079308206029884,15.919096393954037,9.153335730759558
2025-05-22 07:53:13,973.53,976.68,7.08,82.71,975.105,1950.21,3.1499999999999773,0.00323042133592747,89.78999999999999,75.63,3.269999999999982,-34.41000000000008,-15.569999999999936,37.680000000000064,2.4200383802159178,4.899999999999977,-75.37000000000012,-35.2349999999999,0.0,0.06999999999999318,0.06999999999999318,10.859839504846427,8.9301924671354,16.3229522452282,12.869996600621114
2025-05-22 07:53:14,963.72,978.32,7.08,82.71,971.02,1942.04,14.600000000000023,0.015035735602731444,89.78999999999999,75.63,-9.809999999999945,1.6400000000001,-4.085000000000036,11.450000000000045,2.8029368903459124,-13.079999999999927,36.05000000000018,11.4849999999999,0.0,0.0,0.0,10.814344461361573,9.085675126267812,15.754460638181184,13.040090298767073
2025-05-22 07:53:15,970.26,973.41,7.08,82.79,971.835,1943.67,3.1499999999999773,0.0032412909565499143,89.87,75.71000000000001,6.539999999999964,-4.910000000000082,0.8150000000000546,11.450000000000045,14.049062516486824,16.34999999999991,-6.550000000000182,4.900000000000091,0.0,0.0800000000000125,0.0800000000000125,10.813786460289458,8.413964137080823,16.560461044306717,12.78526691156658
2025-05-22 07:53:16,966.99,976.68,7.08,82.79,971.835,1943.67,9.68999999999994,0.009970828371101177,89.87,75.71000000000001,-3.269999999999982,3.269999999999982,0.0,6.539999999999964,6539999.999999964,-9.809999999999945,8.180000000000064,-0.8150000000000546,0.0,0.0,0.0,10.813786460289458,8.300712620015364,15.603098410251741,12.711731294359526
2025-05-22 07:53:17,966.99,978.32,7.08,82.88,972.655,1945.31,11.330000000000041,0.01164852901424607,89.96,75.8,0.0,1.6400000000001,0.8199999999999363,1.6400000000001,1.9999975609788614,3.269999999999982,-1.6299999999998818,0.8199999999999363,0.0,0.0899999999999892,0.0899999999999892,10.812083027878135,1.5719732822415127,5.0944263661377605,6.991149225985643
2025-05-22 07:53:18,963.72,978.32,7.08,82.88,971.02,1942.04,14.600000000000023,0.015035735602731444,89.96,75.8,-3.269999999999982,0.0,-1.634999999999991,3.269999999999982,1.999998776759158,-3.269999999999982,-1.6400000000001,-2.4549999999999272,0.0,0.0,0.0,10.793908283749353,0.6836720705723495,4.712645753714109,2.0832444647712562
2025-05-22 07:53:19,968.62,978.32,7.08,82.96,973.47,1946.94,9.700000000000045,0.00996435430987672,90.03999999999999,75.88,4.899999999999977,0.0,2.4500000000000455,4.899999999999977,1.999999183673756,8.169999999999959,0.0,4.085000000000036,0.0,0.0799999999999983,0.0799999999999983,10.811528089609864,0.9316557841182371,4.170411250704126,1.4842380199954648
2025-05-22 07:53:20,970.26,978.32,7.08,82.96,974.29,1948.58,8.06000000000006,0.008272690874100493,90.03999999999999,75.88,1.6399999999999864,0.0,0.8199999999999363,1.6399999999999864,1.9999975609787228,-3.259999999999991,0.0,-1.6300000000001091,0.0,0.0,0.0,10.820635153036038,1.2925817189180906,2.4796027907710125,1.4845133882858847
2025-05-22 07:53:21,968.62,978.32,7.08,83.05,973.47,1946.94,9.700000000000045,0.00996435430987672,90.13,75.97,-1.6399999999999864,0.0,-0.8199999999999363,1.6399999999999864,1.9999975609787228,-3.2799999999999727,0.0,-1.6399999999998727,0.0,0.09000000000000341,0.09000000000000341,10.80073215576687,1.2393062575818299,2.47861251509778,1.5936028363428563
2025-05-22 07:53:22,966.99,979.96,7.08,83.05,973.475,1946.95,12.970000000000027,0.013323403258097664,90.13,75.97,-1.6299999999999955,1.6399999999999864,0.0049999999999954525,3.269999999999982,653.8692261553599,0.009999999999990905,1.6399999999999864,0.8249999999999318,0.0,0.0,0.0,10.80078763119064,1.2396370436872055,2.6862762330034737,1.5721060714850055
2025-05-22 07:53:23,971.89,978.32,7.08,83.13,975.105,1950.21,6.430000000000064,0.006594161647623489,90.21,76.05,4.899999999999977,-1.6399999999999864,1.6299999999999955,6.539999999999964,4.012267477136506,6.529999999999973,-3.2799999999999727,1.625,0.0,0.0799999999999983,0.0799999999999983,10.809278230691962,0.7306384195221219,2.425772042051627,1.2910054221419862
2025-05-22 07:53:24,963.72,968.49,7.08,83.13,966.105,1932.21,4.769999999999982,0.004937351525002593,90.21,76.05,-8.169999999999959,-9.830000000000041,-9.0,1.6600000000000819,0.18444442395062868,-13.069999999999936,-8.190000000000055,-10.629999999999995,0.0,0.0,0.0,10.709511021954208,3.6323914299096502,3.152273782525786,4.30560913228314
2025-05-22 07:53:25,970.26,981.6,7.08,83.2,975.9300000000001,1951.8600000000001,11.340000000000032,0.011619685826217398,90.28,76.12,6.539999999999964,13.110000000000014,9.825000000000045,6.57000000000005,0.668702222015043,14.709999999999923,22.940000000000055,18.825000000000045,0.0,0.07000000000000739,0.07000000000000739,10.810035325542366,3.8998727543448677,3.399098409872748,6.714201925769004
2025-05-22 07:53:26,971.89,978.32,7.08,83.2,975.105,1950.21,6.430000000000064,0.006594161647623489,90.28,76.12,1.6299999999999955,-3.2799999999999727,-0.8250000000000455,4.909999999999968,5.951507937565769,-4.909999999999968,-16.389999999999986,-10.650000000000091,0.0,0.0,0.0,10.800897089046334,4.034535908884889,3.551988175655909,6.714416020772042
2025-05-22 07:53:27,971.89,979.96,7.08,83.2,975.925,1951.85,8.07000000000005,0.008269078045680736,90.28,76.12,0.0,1.6399999999999864,0.8199999999999363,1.6399999999999864,1.9999975609787228,-1.6299999999999955,4.919999999999959,1.6449999999999818,0.0,0.0,0.0,10.809979942290873,4.228883422380169,2.4885176310404957,6.7145374002979725
2025-05-22 07:53:28,968.62,978.32,7.08,83.2,973.47,1946.94,9.700000000000045,0.00996435430987672,90.28,76.12,-3.269999999999982,-1.6399999999999864,-2.4549999999999272,1.6299999999999955,0.6639508497145393,-3.269999999999982,-3.2799999999999727,-3.2749999999998636,0.0,0.0,0.0,10.782786765808742,4.149163469915545,2.594661827676092,6.78925677081079
2025-05-22 07:53:29,971.89,978.32,7.08,83.2,975.105,1950.21,6.430000000000064,0.006594161647623489,90.28,76.12,3.269999999999982,0.0,1.634999999999991,3.269999999999982,1.999998776759158,6.539999999999964,1.6399999999999864,4.089999999999918,0.0,0.0,0.0,10.800897089046334,1.0032733924921138,2.1333143228318034,4.753522378194947
2025-05-22 07:53:30,970.26,981.6,7.08,83.32,975.9300000000001,1951.8600000000001,11.340000000000032,0.011619685826217398,90.39999999999999,76.24,-1.6299999999999955,3.2799999999999727,0.8250000000000455,4.909999999999968,5.951507937565769,-4.899999999999977,3.2799999999999727,-0.8099999999999454,0.0,0.11999999999999034,0.11999999999999034,10.795685721286665,1.0032733924921138,2.1333143228318034,1.6381315575984567
2025-05-22 07:53:31,971.89,981.6,7.08,83.32,976.745,1953.49,9.710000000000036,0.00994118218169415,90.39999999999999,76.24,1.6299999999999955,0.0,0.8149999999999409,1.6299999999999955,1.9999975460154205,3.259999999999991,-3.2799999999999727,-0.010000000000104592,0.0,0.0,0.0,10.804701207912599,1.242110099823232,1.8659448008982846,1.595272703960017
2025-05-22 07:53:32,971.89,979.96,7.08,83.32,975.925,1951.85,8.07000000000005,0.008269078045680736,90.39999999999999,76.24,0.0,-1.6399999999999864,-0.82000000000005,1.6399999999999864,1.9999975609784455,-1.6299999999999955,-1.6399999999999864,-1.634999999999991,0.0,0.0,0.0,10.795630411552763,1.242110099823232,1.8659448008982846,1.63687965348707
2025-05-22 07:53:33,966.99,978.32,7.08,83.32,972.655,1945.31,11.330000000000041,0.01164852901424607,90.39999999999999,76.24,-4.899999999999977,-1.6399999999999864,-3.269999999999982,3.259999999999991,0.9969415911493632,-4.899999999999977,0.0,-2.449999999999932,0.0,0.0,0.0,10.759457845581219,1.5736645131929563,2.131403293607134,1.9525963484550528
2025-05-22 07:53:34,971.89,983.24,7.08,83.39,977.565,1955.13,11.350000000000023,0.01161048113259941,90.47,76.31,4.899999999999977,4.919999999999959,4.910000000000082,0.01999999999998181,0.00407331892600052,9.799999999999955,6.559999999999945,8.180000000000064,0.0,0.07000000000000739,0.07000000000000739,10.805404987228862,1.8658322540044412,1.4618481453281593,2.983619027288874
2025-05-22 07:53:35,971.89,981.6,7.08,83.39,976.745,1953.49,9.710000000000036,0.00994118218169415,90.47,76.31,0.0,-1.6399999999999864,-0.82000000000005,1.6399999999999864,1.9999975609784455,-4.899999999999977,-6.559999999999945,-5.730000000000132,0.0,0.0,0.0,10.796341209281074,1.9188069210015413,1.367362424523717,3.0280843779525406
2025-05-22 07:53:36,963.72,981.6,7.08,83.39,972.6600000000001,1945.3200000000002,17.879999999999995,0.018382579710913796,90.47,76.31,-8.169999999999959,0.0,-4.084999999999923,8.169999999999959,1.9999995104040644,-8.169999999999959,1.6399999999999864,-3.2649999999998727,0.0,0.0,0.0,10.751188120358263,2.3126824252548515,3.727723165686968,3.517654758500345
2025-05-22 07:53:37,970.26,978.32,7.08,83.39,974.29,1948.58,8.06000000000006,0.008272690874100493,90.47,76.31,6.539999999999964,-3.2799999999999727,1.6299999999998818,9.819999999999936,6.024536181266544,14.709999999999923,-3.2799999999999727,5.7149999999998045,0.0,0.0,0.0,10.769205142376421,2.2840495835428816,3.7301380671496935,3.6838458165346677
2025-05-22 07:53:38,970.26,971.77,7.08,83.39,971.015,1942.03,1.509999999999991,0.0015550738129121765,90.47,76.31,0.0,-6.550000000000068,-3.2749999999999773,6.550000000000068,1.9999993893131982,-6.539999999999964,-3.2700000000000955,-4.904999999999859,0.0,0.0,0.0,10.733005297523983,2.738569425828414,5.903403255749973,3.6848449763863833
2025-05-22 07:53:39,968.62,981.6,7.08,83.39,975.11,1950.22,12.980000000000018,0.013311318709364788,90.47,76.31,-1.6399999999999864,9.830000000000041,4.095000000000027,11.470000000000027,2.800976116977737,-1.6399999999999864,16.38000000000011,7.3700000000000045,0.0,0.0,0.0,10.778268920324209,2.2108013253301877,6.0600882831852685,3.402417155493989
2025-05-22 07:53:40,978.43,978.32,7.08,83.39,978.375,1956.75,0.10999999999989996,0.00011243132734122256,90.47,76.31,9.809999999999945,-3.2799999999999727,3.2649999999999864,13.089999999999918,4.009187133480196,11.449999999999932,-13.110000000000014,-0.8300000000000409,0.0,0.0,0.0,10.814358231299234,2.772280198696013,7.528815975968587,3.773844856376554
2025-05-22 07:53:41,970.26,971.77,7.08,83.39,971.015,1942.03,1.509999999999991,0.0015550738129121765,90.47,76.31,-8.169999999999959,-6.550000000000068,-7.360000000000014,1.6199999999998909,0.22010866574608995,-17.979999999999905,-3.2700000000000955,-10.625,0.0,0.0,0.0,10.733005297523983,3.0931242296554853,5.504055777333633,4.85901661861739
2025-05-22 07:53:42,971.89,978.32,7.08,83.39,975.105,1950.21,6.430000000000064,0.006594161647623489,90.47,76.31,1.6299999999999955,6.550000000000068,4.090000000000032,4.920000000000073,1.2029336912142647,9.799999999999955,13.100000000000136,11.450000000000045,0.0,0.0,0.0,10.778213653385503,3.135973533064649,5.310067796177342,5.218230782554576
2025-05-22 07:53:43,973.53,979.96,7.08,83.39,976.745,1953.49,6.430000000000064,0.006583089745447352,90.47,76.31,1.6399999999999864,1.6399999999999864,1.6399999999999864,0.0,0.0,0.009999999999990905,-4.910000000000082,-2.4500000000000455,0.0,0.0,0.0,10.796341209281074,2.737448629670111,5.065868138828698,4.859268720702752
2025-05-22 07:53:44,965.36,983.24,7.08,83.47,974.3,1948.6,17.879999999999995,0.018351637053934475,90.55,76.39,-8.169999999999959,3.2799999999999727,-2.44500000000005,11.449999999999932,4.683024669519439,-9.809999999999945,1.6399999999999864,-4.085000000000036,0.0,0.0799999999999983,0.0799999999999983,10.759801095971275,2.7730209159115056,6.986459761567345,4.745901653005483
2025-05-22 07:53:45,975.16,983.24,7.08,83.47,979.2,1958.4,8.080000000000041,0.008251633978501233,90.55,76.39,9.799999999999955,0.0,4.900000000000091,9.799999999999955,1.9999995918367715,17.969999999999914,-3.2799999999999727,7.345000000000141,0.0,0.0,0.0,10.813914844683437,3.0287633615195073,6.013503970232269,5.0852531893702615
2025-05-22 07:53:46,973.53,981.6,7.08,83.47,977.565,1955.13,8.07000000000005,0.008255205527760143,90.55,76.39,-1.6299999999999955,-1.6399999999999864,-1.634999999999991,0.009999999999990905,0.006116204210267126,-11.42999999999995,-1.6399999999999864,-6.535000000000082,0.0,0.0,0.0,10.795858522409073,1.9516550668814199,4.823408545831372,3.2976677364465203
2025-05-22 07:53:47,971.89,983.24,7.08,83.47,977.565,1955.13,11.350000000000023,0.01161048113259941,90.55,76.39,-1.6399999999999864,1.6399999999999864,0.0,3.2799999999999727,3279999.999999973,-0.009999999999990905,3.2799999999999727,1.634999999999991,0.0,0.0,0.0,10.795858522409073,1.7892281855829033,4.566669464719245,2.92149490843306
2025-05-22 07:53:48,970.26,973.41,7.08,83.47,971.835,1943.67,3.1499999999999773,0.0032412909565499143,90.55,76.39,-1.6299999999999955,-9.830000000000041,-5.730000000000018,8.200000000000045,1.4310643226763868,0.009999999999990905,-11.470000000000027,-5.730000000000018,0.0,0.0,0.0,10.732578567282403,2.9720544241455786,5.427211991437168,3.894628672928959
2025-05-22 07:53:49,971.89,978.32,7.08,83.47,975.105,1950.21,6.430000000000064,0.006594161647623489,90.55,76.39,1.6299999999999955,4.910000000000082,3.269999999999982,3.2800000000000864,1.0030577972300634,3.259999999999991,14.740000000000123,9.0,0.0,0.0,0.0,10.76869121183113,2.870719422041002,2.9797617354411816,4.185672586335471
2025-05-22 07:53:50,971.89,979.96,7.08,83.47,975.925,1951.85,8.07000000000005,0.008269078045680736,90.55,76.39,0.0,1.6399999999999864,0.8199999999999363,1.6399999999999864,1.9999975609787228,-1.6299999999999955,-3.2700000000000955,-2.4500000000000455,0.0,0.0,0.0,10.777746982023777,2.35840624152897,2.9792079484318386,3.3438862121788775
2025-05-22 07:53:51,970.26,976.68,7.08,83.47,973.47,1946.94,6.419999999999959,0.006594964398908025,90.55,76.39,-1.6299999999999955,-3.2800000000000864,-2.4549999999999272,1.650000000000091,0.6720974859073946,-1.6299999999999955,-4.920000000000073,-3.2749999999998636,0.0,0.0,0.0,10.750634889556766,2.211447489786299,2.979761735441184,3.423135258794186
2025-05-22 07:53:52,971.89,975.04,7.08,83.47,973.4649999999999,1946.9299999999998,3.1499999999999773,0.003235863638409305,90.55,76.39,1.6299999999999955,-1.6399999999999864,-0.005000000000109139,3.269999999999982,653.8692261404957,3.259999999999991,1.6400000000001,2.449999999999818,0.0,0.0,0.0,10.750579671445834,1.5947570348117357,2.19917711883319,3.422836908180098
2025-05-22 07:53:53,973.53,976.68,7.08,83.47,975.105,1950.21,3.1499999999999773,0.00323042133592747,90.55,76.39,1.6399999999999864,1.6399999999999864,1.6400000000001,0.0,0.0,0.009999999999990905,3.2799999999999727,1.6450000000002092,0.0,0.0,0.0,10.76869121183113,1.0988425729293942,2.19917711883319,2.117980760063693
2025-05-22 07:53:54,970.26,979.96,7.08,83.47,975.11,1950.22,9.700000000000045,0.009947595645673256,90.55,76.39,-3.269999999999982,3.2800000000000864,0.0049999999999954525,6.550000000000068,1309.7380523907266,-4.909999999999968,1.6400000000001,-1.6350000000001046,0.0,0.0,0.0,10.76874642994206,1.0994032472582997,2.9303702837695313,1.5320794692182271
2025-05-22 07:53:55,968.62,978.32,7.08,83.47,973.47,1946.94,9.700000000000045,0.00996435430987672,90.55,76.39,-1.6399999999999864,-1.6399999999999864,-1.6399999999999864,0.0,0.0,1.6299999999999955,-4.920000000000073,-1.6449999999999818,0.0,0.0,0.0,10.750634889556766,0.8978126196939453,3.275000763358623,1.5969400427066884
2025-05-22 07:53:56,971.89,976.68,7.08,83.47,974.285,1948.57,4.789999999999964,0.004916425886761612,90.55,76.39,3.269999999999982,-1.6400000000001,0.8149999999999409,4.910000000000082,6.024532485236752,4.909999999999968,-1.1368683772161603e-13,2.4549999999999272,0.0,0.0,0.0,10.759635441638482,0.8200045732078877,3.3556325782182395,1.2155893632308934
2025-05-22 07:53:57,966.99,975.04,7.08,83.47,971.015,1942.03,8.049999999999955,0.00829029416817419,90.55,76.39,-4.899999999999977,-1.6399999999999864,-3.269999999999982,3.259999999999991,0.9969415911493632,-8.169999999999959,1.1368683772161603e-13,-4.084999999999923,0.0,0.0,0.0,10.723522797089755,1.697014289887226,2.9731582534401917,1.9707771309816018
2025-05-22 07:53:58,971.89,971.77,7.08,83.47,971.8299999999999,1943.6599999999999,0.12000000000000455,0.00012347838601044027,90.55,76.39,4.899999999999977,-3.269999999999982,0.8149999999999409,8.169999999999959,10.024527577267452,9.799999999999955,-1.6299999999999955,4.084999999999923,0.0,0.0,0.0,10.73252334917147,1.6979789457119052,4.077593653124287,1.7724171348754
2025-05-22 07:53:59,970.26,984.87,7.08,83.52,977.565,1955.13,14.610000000000014,0.01494529773984821,90.6,76.44,-1.6299999999999955,13.100000000000023,5.735000000000127,14.730000000000018,2.568438959295681,-6.529999999999973,16.370000000000005,4.9200000000001864,0.0,0.04999999999999716,0.04999999999999716,10.789900543157833,2.550344584577056,5.419698331088131,3.4057220233014176
2025-05-22 07:54:00,971.89,984.87,7.08,83.52,978.38,1956.76,12.980000000000018,0.013266828825950233,90.6,76.44,1.6299999999999955,0.0,0.8149999999999409,1.6299999999999955,1.9999975460154205,3.259999999999991,-13.100000000000023,-4.9200000000001864,0.0,0.0,0.0,10.798896128047504,3.305406555944756,5.9336540175510315,3.19195003093725
2025-05-22 07:54:01,963.72,979.96,7.08,83.52,971.84,1943.68,16.24000000000001,0.016710569623898417,90.6,76.44,-8.169999999999959,-4.909999999999968,-6.539999999999964,3.259999999999991,0.49847087179344607,-9.799999999999955,-4.909999999999968,-7.3549999999999045,0.0,0.0,0.0,10.726710698380678,3.5390312940241073,6.513198139163241,4.649934676960551
2025-05-22 07:54:02,970.26,979.96,7.08,83.52,975.11,1950.22,9.700000000000045,0.009947595645673256,90.6,76.44,6.539999999999964,0.0,3.269999999999982,6.539999999999964,1.9999993883793918,14.709999999999923,4.909999999999968,9.809999999999945,0.0,0.0,0.0,10.762803413214092,3.0836301659055882,6.4052712666989695,4.5915512084697685
2025-05-22 07:54:03,970.26,983.24,7.08,83.52,976.75,1953.5,12.980000000000018,0.013288968504439263,90.6,76.44,0.0,3.2799999999999727,1.6399999999999864,3.2799999999999727,1.9999987804885486,-6.539999999999964,3.2799999999999727,-1.6299999999999955,0.0,0.0,0.0,10.780904958268158,2.5859534025353184,2.425102059707872,4.606171675046445
2025-05-22 07:54:04,968.62,984.87,7.08,83.52,976.745,1953.49,16.25,0.01663689088079602,90.6,76.44,-1.6399999999999864,1.6299999999999955,-0.0049999999999954525,3.269999999999982,653.8692261553599,-1.6399999999999864,-1.6499999999999773,-1.6449999999999818,0.0,0.0,0.0,10.780849770630798,2.4800957642969643,2.7370787347095704,3.764434552492559
2025-05-22 07:54:05,970.26,978.32,7.08,83.52,974.29,1948.58,8.06000000000006,0.008272690874100493,90.6,76.44,1.6399999999999864,-6.5499999999999545,-2.455000000000041,8.18999999999994,3.33604752095816,3.2799999999999727,-8.17999999999995,-2.4500000000000455,0.0,0.0,0.0,10.753752640687058,2.036865238567063,3.732543368803534,3.835216095606598
2025-05-22 07:54:06,966.99,983.24,7.08,83.52,975.115,1950.23,16.25,0.016664701069448524,90.6,76.44,-3.269999999999982,4.919999999999959,0.8250000000000455,8.18999999999994,9.927260694228842,-4.909999999999968,11.469999999999914,3.2800000000000864,0.0,0.0,0.0,10.762858600851452,1.0982861649331894,3.7349524762705104,2.1180799087853295
2025-05-22 07:54:07,1024.21,978.32,7.08,83.52,1001.2650000000001,2002.5300000000002,45.889999999999986,0.04583202244577406,90.6,76.44,57.22000000000003,-4.919999999999959,26.15000000000009,62.139999999999986,2.376290540103603,60.49000000000001,-9.839999999999918,25.325000000000045,0.0,0.0,0.0,11.051489944244043,11.471220837386495,14.918077288980605,11.794097782365595
2025-05-22 07:54:08,975.16,983.24,7.08,83.52,979.2,1958.4,8.080000000000041,0.008251633978501233,90.6,76.44,-49.05000000000007,4.919999999999959,-22.065000000000055,53.97000000000003,2.445955021710622,-106.2700000000001,9.839999999999918,-48.215000000000146,0.0,0.0,0.0,10.807946900574539,11.304323619752333,15.62916280547358,17.147841700925568
2025-05-22 07:54:09,971.89,975.04,7.08,83.52,973.4649999999999,1946.9299999999998,3.1499999999999773,0.003235863638409305,90.6,76.44,-3.269999999999982,-8.200000000000045,-5.735000000000127,4.930000000000064,0.8596336774832217,45.780000000000086,-13.120000000000005,16.329999999999927,0.0,0.0,0.0,10.744646680522663,11.723793434724534,17.20434625320006,17.379103256497505
2025-05-22 07:54:10,976.8,983.24,7.08,83.52,980.02,1960.04,6.440000000000055,0.006571294456673088,90.6,76.44,4.909999999999968,8.200000000000045,6.555000000000064,3.2900000000000773,0.501906864697663,8.17999999999995,16.40000000000009,12.290000000000191,0.0,0.0,0.0,10.816997673101572,11.213554632679648,17.411992131861275,17.611494967776085
2025-05-22 07:54:11,973.53,983.24,7.08,83.52,978.385,1956.77,9.710000000000036,0.009924518456513048,90.6,76.44,-3.269999999999982,0.0,-1.634999999999991,3.269999999999982,1.999998776759158,-8.17999999999995,-8.200000000000045,-8.190000000000055,0.0,0.0,0.0,10.798951315684866,10.813471112463935,17.62923793021125,17.657007249248167
2025-05-22 07:54:12,975.16,978.32,7.08,83.52,976.74,1953.48,3.160000000000082,0.0032352519572914286,90.6,76.44,1.6299999999999955,-4.919999999999959,-1.6449999999999818,6.5499999999999545,3.9817604974100487,4.899999999999977,-4.919999999999959,-0.009999999999990905,0.0,0.0,0.0,10.780794582993439,2.5914875072214603,2.9331672301454983,10.580720674887933
2025-05-22 07:54:13,970.26,981.6,7.08,83.52,975.9300000000001,1951.8600000000001,11.340000000000032,0.011619685826217398,90.6,76.44,-4.899999999999977,3.2799999999999727,-0.8099999999999454,8.17999999999995,10.09875296450313,-6.529999999999973,8.199999999999932,0.8350000000000364,0.0,0.0,0.0,10.771854185741125,2.4852077378126496,3.734079538520759,4.465283305681795
2025-05-22 07:54:14,971.89,979.96,7.08,83.52,975.925,1951.85,8.07000000000005,0.008269078045680736,90.6,76.44,1.6299999999999955,-1.6399999999999864,-0.005000000000109139,3.269999999999982,653.8692261404957,6.529999999999973,-4.919999999999959,0.8049999999998363,0.0,0.0,0.0,10.771798998103764,1.7752992705694517,3.147066888389772,3.456626968592381
2025-05-22 07:54:15,975.16,975.04,7.08,83.52,975.0999999999999,1950.1999999999998,0.12000000000000455,0.00012306430097112117,90.6,76.44,3.269999999999982,-4.920000000000073,-0.8250000000000455,8.190000000000055,9.92726069422898,1.6399999999999864,-3.2800000000000864,-0.8199999999999363,0.0,0.0,0.0,10.762693037939371,1.2440930431776396,4.691817345123254,0.684602074200729
2025-05-22 07:54:16,973.53,973.41,7.08,83.52,973.47,1946.94,0.12000000000000455,0.00012327036259641712,90.6,76.44,-1.6299999999999955,-1.6299999999999955,-1.6299999999998818,0.0,0.0,-4.899999999999977,3.2900000000000773,-0.8049999999998363,0.0,0.0,0.0,10.744701868160025,1.241126504463384,4.991885415351547,0.6834160519038934
2025-05-22 07:54:17,965.36,981.6,7.08,83.52,973.48,1946.96,16.24000000000001,0.016682417700741248,90.6,76.44,-8.169999999999959,8.190000000000055,0.009999999999990905,16.360000000000014,1635.8364163598533,-6.539999999999964,9.82000000000005,1.6399999999998727,0.0,0.0,0.0,10.744812243434744,1.2391549540233062,7.06874246241858,0.6834160519038927
2025-05-22 07:54:18,975.16,978.32,7.08,83.52,976.74,1953.48,3.160000000000082,0.0032352519572914286,90.6,76.44,9.799999999999955,-3.2799999999999727,3.259999999999991,13.079999999999927,4.012268707893023,17.969999999999914,-11.470000000000027,3.25,0.0,0.0,0.0,10.780794582993439,1.4601609500602228,6.806395521860258,1.8597062940152431
2025-05-22 07:54:19,971.89,979.96,7.08,83.52,975.925,1951.85,8.07000000000005,0.008269078045680736,90.6,76.44,-3.269999999999982,1.6399999999999864,-0.8150000000000546,4.909999999999968,6.024532485235771,-13.069999999999936,4.919999999999959,-4.0750000000000455,0.0,0.0,0.0,10.771798998103764,1.4601609500602228,6.806395521860258,1.9124232010723798
2025-05-22 07:54:20,968.62,970.13,7.08,83.52,969.375,1938.75,1.509999999999991,0.001557704705033951,90.6,76.44,-3.269999999999982,-9.830000000000041,-6.5499999999999545,6.560000000000059,1.001526564652449,0.0,-11.470000000000027,-5.7349999999999,0.0,0.0,0.0,10.699503193162217,2.870153741540483,6.553254916451777,3.545990693727187
2025-05-22 07:54:21,966.99,978.32,7.08,83.52,972.655,1945.31,11.330000000000041,0.01164852901424607,90.6,76.44,-1.6299999999999955,8.190000000000055,3.2799999999999727,9.82000000000005,2.9939015262495747,1.6399999999999864,18.020000000000095,9.829999999999927,0.0,0.0,0.0,10.735706283270352,2.916211154919784,6.010779483561125,4.025542820539835
2025-05-22 07:54:22,973.53,975.04,7.08,83.52,974.285,1948.57,1.509999999999991,0.0015498545071002186,90.6,76.44,6.539999999999964,-3.2800000000000864,1.6299999999999955,9.82000000000005,6.024536181266194,8.169999999999959,-11.470000000000141,-1.6499999999999773,0.0,0.0,0.0,10.753697453049698,2.927713271493447,4.392388871673309,4.107311164253302
2025-05-22 07:54:23,966.99,981.6,7.08,83.64,974.2950000000001,1948.5900000000001,14.610000000000014,0.014995458239039054,90.72,76.56,-6.539999999999964,6.560000000000059,0.010000000000104592,13.100000000000023,1309.8690130849936,-13.079999999999927,9.840000000000146,-1.6199999999998909,0.0,0.12000000000000455,0.12000000000000455,10.739583214951685,2.4835599449334755,5.8579416180088035,3.734518710623879
2025-05-22 07:54:24,970.26,983.24,7.08,83.64,976.75,1953.5,12.980000000000018,0.013288968504439263,90.72,76.56,3.269999999999982,1.6399999999999864,2.4549999999999272,1.6299999999999955,0.6639508497145393,9.809999999999945,-4.920000000000073,2.4449999999998226,0.0,0.0,0.0,10.766644502131344,2.717373732131522,6.384921299436635,3.9436277714814447
2025-05-22 07:54:25,971.89,975.04,7.08,83.64,973.4649999999999,1946.9299999999998,3.1499999999999773,0.003235863638409305,90.72,76.56,1.6299999999999955,-8.200000000000045,-3.285000000000082,9.830000000000041,2.9923887389987995,-1.6399999999999864,-9.840000000000032,-5.740000000000009,0.0,0.0,0.0,10.73043418507017,1.533419381669632,5.972033154629973,2.592683455418348
2025-05-22 07:54:26,971.89,981.6,7.08,83.64,976.745,1953.49,9.710000000000036,0.00994118218169415,90.72,76.56,0.0,6.560000000000059,3.2800000000000864,6.560000000000059,1.9999993902440536,-1.6299999999999955,14.760000000000105,6.565000000000168,0.0,0.0,0.0,10.766589387493504,1.5340860471569828,5.837184252702634,2.592683455418375
2025-05-22 07:54:27,970.26,983.24,7.08,83.64,976.75,1953.5,12.980000000000018,0.013288968504439263,90.72,76.56,-1.6299999999999955,1.6399999999999864,0.0049999999999954525,3.269999999999982,653.8692261553599,-1.6299999999999955,-4.920000000000073,-3.275000000000091,0.0,0.0,0.0,10.766644502131344,1.5982232322434855,4.5734702360460995,2.5671740299403494
2025-05-22 07:54:28,970.26,981.6,7.08,83.64,975.9300000000001,1951.8600000000001,11.340000000000032,0.011619685826217398,90.72,76.56,0.0,-1.6399999999999864,-0.8199999999999363,1.6399999999999864,1.9999975609787228,1.6299999999999955,-3.2799999999999727,-0.8249999999999318,0.0,0.0,0.0,10.757605701525511,1.4217269428703982,4.079150646887115,2.632224819425605
2025-05-22 07:54:29,973.53,970.13,7.08,83.64,971.8299999999999,1943.6599999999999,3.3999999999999773,0.003498554270295652,90.72,76.56,3.269999999999982,-11.470000000000027,-4.100000000000136,14.740000000000009,3.595121074360596,3.269999999999982,-9.830000000000041,-3.2800000000002,0.0,0.0,0.0,10.712411698496343,2.2001062474529336,4.568788679726787,2.9236437026423885
2025-05-22 07:54:30,965.36,979.96,7.08,83.64,972.6600000000001,1945.3200000000002,14.600000000000023,0.015010383880276394,90.72,76.56,-8.169999999999959,9.830000000000041,0.8300000000001546,18.0,21.686720859368418,-11.43999999999994,21.300000000000068,4.930000000000291,0.0,0.0,0.0,10.72156072837786,2.3591036433529005,4.320182866499932,2.6832871631639557
2025-05-22 07:54:31,973.53,978.32,7.08,83.64,975.925,1951.85,4.790000000000077,0.004908164044462345,90.72,76.56,8.169999999999959,-1.6399999999999864,3.2649999999998727,9.809999999999945,3.0045932604615824,16.339999999999918,-11.470000000000027,2.434999999999718,0.0,0.0,0.0,10.75755058688767,2.2125618635600945,5.021694932988206,2.6784823128032977
2025-05-22 07:54:32,966.99,978.32,7.08,83.64,972.655,1945.31,11.330000000000041,0.01164852901424607,90.72,76.56,-6.539999999999964,0.0,-3.269999999999982,6.539999999999964,1.9999993883793918,-14.709999999999923,1.6399999999999864,-6.5349999999998545,0.0,0.0,0.0,10.721505613740018,1.9712971617893558,4.777715981512448,3.0071007631936895
2025-05-22 07:54:33,966.99,979.96,7.08,83.64,973.475,1946.95,12.970000000000027,0.013323403258097664,90.72,76.56,0.0,1.6399999999999864,0.82000000000005,1.6399999999999864,1.9999975609784455,6.539999999999964,1.6399999999999864,4.090000000000032,0.0,0.0,0.0,10.730544414345852,1.5737987482768054,5.018971010077609,3.0951179299018827
2025-05-22 07:54:34,970.26,973.41,7.08,83.64,971.835,1943.67,3.1499999999999773,0.0032412909565499143,90.72,76.56,3.269999999999982,-6.550000000000068,-1.6399999999999864,9.82000000000005,5.987801226950552,3.269999999999982,-8.190000000000055,-2.4600000000000364,0.0,0.0,0.0,10.712466813134185,1.5726251937691933,5.0945873238172545,2.52012003682361
2025-05-22 07:54:35,968.62,978.32,7.08,83.64,973.47,1946.94,9.700000000000045,0.00996435430987672,90.72,76.56,-1.6399999999999864,4.910000000000082,1.634999999999991,6.550000000000068,4.006113757728653,-4.909999999999968,11.46000000000015,3.2749999999999773,0.0,0.0,0.0,10.730489299708012,1.5300718937611801,4.2353771968975185,2.610418069964994
2025-05-22 07:54:36,971.89,979.96,7.08,83.64,975.925,1951.85,8.07000000000005,0.008269078045680736,90.72,76.56,3.269999999999982,1.6399999999999864,2.4549999999999272,1.6299999999999955,0.6639508497145393,4.909999999999968,-3.2700000000000955,0.8199999999999363,0.0,0.0,0.0,10.75755058688767,1.5300718937611801,3.7668793450281326,2.385117921613076
2025-05-22 07:54:37,971.89,983.24,7.08,83.71,977.565,1955.13,11.350000000000023,0.01161048113259941,90.78999999999999,76.63,0.0,3.2799999999999727,1.6400000000001,3.2799999999999727,1.9999987804884098,-3.269999999999982,1.6399999999999864,-0.8149999999998272,0.0,0.06999999999999318,0.06999999999999318,10.767320070852298,2.270904005034076,3.769923076138232,1.5756133726266566
2025-05-22 07:54:38,963.72,979.96,7.08,83.71,971.84,1943.68,16.24000000000001,0.016710569623898417,90.78999999999999,76.63,-8.169999999999959,-3.2799999999999727,-5.725000000000023,4.889999999999986,0.8541483224195012,-8.169999999999959,-6.559999999999945,-7.365000000000123,0.0,0.0,0.0,10.704262466083684,2.5479369105374627,4.7710973580508185,3.4029557005638553
2025-05-22 07:54:39,970.26,983.24,7.08,83.71,976.75,1953.5,12.980000000000018,0.013288968504439263,90.78999999999999,76.63,6.539999999999964,3.2799999999999727,4.909999999999968,3.259999999999991,0.6639509849387021,14.709999999999923,6.559999999999945,10.634999999999991,0.0,0.0,0.0,10.758343311396153,2.3855476310652346,3.1442121429698933,3.982528405422865
2025-05-22 07:54:40,966.99,981.6,7.08,83.71,974.2950000000001,1948.5900000000001,14.610000000000014,0.014995458239039054,90.78999999999999,76.63,-3.269999999999982,-1.6399999999999864,-2.4549999999999272,1.6299999999999955,0.6639508497145393,-9.809999999999945,-4.919999999999959,-7.364999999999895,0.0,0.0,0.0,10.73130288873992,2.2694630422373554,3.142650155521506,4.22762492423345
2025-05-22 07:54:41,970.26,978.32,7.08,83.71,974.29,1948.58,8.06000000000006,0.008272690874100493,90.78999999999999,76.63,3.269999999999982,-3.2799999999999727,-0.005000000000109139,6.5499999999999545,1309.73805236093,6.539999999999964,-1.6399999999999864,2.449999999999818,0.0,0.0,0.0,10.731247816596015,2.27018336265615,3.1462946460875725,4.0331665599129405
2025-05-22 07:54:42,975.16,973.41,7.08,83.71,974.285,1948.57,1.75,0.0017961889982949662,90.78999999999999,76.63,4.899999999999977,-4.910000000000082,-0.0049999999999954525,9.81000000000006,1961.6076784661027,1.6299999999999955,-1.6300000000001091,1.1368683772161603e-13,0.0,0.0,0.0,10.731192744452112,1.7359529083704224,5.878908912374763,3.897406830188487
2025-05-22 07:54:43,978.43,983.24,7.08,83.71,980.835,1961.67,4.810000000000059,0.004903984865034459,90.78999999999999,76.63,3.269999999999982,9.830000000000041,6.550000000000068,6.560000000000059,1.0015265646524314,-1.6299999999999955,14.740000000000123,6.555000000000064,0.0,0.0,0.0,10.803337252964676,2.8579131372529236,5.402728014623666,3.770134944534485
2025-05-22 07:54:44,976.8,981.6,7.08,83.71,979.2,1958.4,4.800000000000068,0.004901960779307707,90.78999999999999,76.63,-1.6299999999999955,-1.6399999999999864,-1.634999999999991,0.009999999999990905,0.006116204210267126,-4.899999999999977,-11.470000000000027,-8.18500000000006,0.0,0.0,0.0,10.785328661908487,3.1898969419220613,4.900156119961829,3.54972886288518
2025-05-22 07:54:45,970.26,978.32,7.08,83.71,974.29,1948.58,8.06000000000006,0.008272690874100493,90.78999999999999,76.63,-6.539999999999964,-3.2799999999999727,-4.910000000000082,3.259999999999991,0.6639509849386867,-4.909999999999968,-1.6399999999999864,-3.275000000000091,0.0,0.0,0.0,10.731247816596015,3.190793396646639,2.6521557269510967,4.173843252926542
2025-05-22 07:54:46,975.16,983.24,7.08,83.71,979.2,1958.4,8.080000000000041,0.008251633978501233,90.78999999999999,76.63,4.899999999999977,4.919999999999959,4.910000000000082,0.01999999999998181,0.00407331892600052,11.43999999999994,8.199999999999932,9.820000000000164,0.0,0.0,0.0,10.785328661908487,3.062814473664003,2.6570001881820553,4.716204247061462
2025-05-22 07:54:47,971.89,983.24,7.08,83.71,977.565,1955.13,11.350000000000023,0.01161048113259941,90.78999999999999,76.63,-3.269999999999982,0.0,-1.634999999999991,3.269999999999982,1.999998776759158,-8.169999999999959,-4.919999999999959,-6.545000000000073,0.0,0.0,0.0,10.767320070852298,2.4815786306476193,2.7370878685199926,4.855756120317471
2025-05-22 07:54:48,976.8,981.6,7.08,83.71,979.2,1958.4,4.800000000000068,0.004901960779307707,90.78999999999999,76.63,4.909999999999968,-1.6399999999999864,1.634999999999991,6.5499999999999545,4.006113757728583,8.17999999999995,-1.6399999999999864,3.269999999999982,0.0,0.0,0.0,10.785328661908487,2.13388846945809,2.739474402143467,3.731662833108101
2025-05-22 07:54:49,976.8,971.77,7.08,83.71,974.285,1948.57,5.029999999999973,0.00516276037795636,90.78999999999999,76.63,0.0,-9.830000000000041,-4.915000000000077,9.830000000000041,1.9999995930824603,-4.909999999999968,-8.190000000000055,-6.550000000000068,0.0,0.0,0.0,10.731192744452112,2.483557428384542,2.685931868085902,4.26873605415005
2025-05-22 07:54:50,973.53,981.6,7.08,83.71,977.565,1955.13,8.07000000000005,0.008255205527760143,90.78999999999999,76.63,-3.269999999999982,9.830000000000041,3.2800000000000864,13.100000000000023,3.9939012213714804,-3.269999999999982,19.660000000000082,8.195000000000164,0.0,0.0,0.0,10.767320070852298,2.0065411782680815,2.6864902754336226,3.9441428092806787
2025-05-22 07:54:51,975.16,981.6,7.08,83.71,978.38,1956.76,6.440000000000055,0.006582309525355941,90.78999999999999,76.63,1.6299999999999955,0.0,0.8149999999999409,1.6299999999999955,1.9999975460154205,4.899999999999977,-9.830000000000041,-2.4650000000001455,0.0,0.0,0.0,10.776296830308441,1.868025026621707,2.692892496925825,3.193423711316788
2025-05-22 07:54:52,976.8,979.96,7.08,83.71,978.38,1956.76,3.160000000000082,0.003229828897534959,90.78999999999999,76.63,1.6399999999999864,-1.6399999999999864,0.0,3.2799999999999727,3279999.999999973,0.009999999999990905,-1.6399999999999864,-0.8149999999999409,0.0,0.0,0.0,10.776296830308441,1.920939223423114,1.848986208709889,3.087079121111136
2025-05-22 07:54:53,968.62,978.32,7.08,83.71,973.47,1946.94,9.700000000000045,0.00996435430987672,90.78999999999999,76.63,-8.17999999999995,-1.6399999999999864,-4.909999999999968,6.539999999999964,1.3319752888034047,-9.819999999999936,0.0,-4.909999999999968,0.0,0.0,0.0,10.722215984995971,2.3587533783935095,2.5506371752954977,3.6442204241785676
2025-05-22 07:54:54,971.89,973.41,7.08,83.71,972.65,1945.3,1.5199999999999818,0.0015627409637970914,90.78999999999999,76.63,3.269999999999982,-4.910000000000082,-0.82000000000005,8.180000000000064,9.975597590734115,11.449999999999932,-3.2700000000000955,4.089999999999918,0.0,0.0,0.0,10.713184153395924,2.8000812488358418,3.3933051734259756,2.986154718027862
2025-05-22 07:54:55,971.89,979.96,7.08,83.71,975.925,1951.85,8.07000000000005,0.008269078045680736,90.78999999999999,76.63,0.0,6.550000000000068,3.2749999999999773,6.550000000000068,1.9999993893131982,-3.269999999999982,11.46000000000015,4.095000000000027,0.0,0.0,0.0,10.749256407652204,2.6773223564003885,3.3933051734259756,2.9846452888073425
2025-05-22 07:54:56,971.89,979.96,7.08,83.71,975.925,1951.85,8.07000000000005,0.008269078045680736,90.78999999999999,76.63,0.0,0.0,0.0,0.0,0.0,0.0,-6.550000000000068,-3.2749999999999773,0.0,0.0,0.0,10.749256407652204,2.271263414947757,3.547594959969288,2.928340827157914
2025-05-22 07:54:57,966.99,971.77,7.08,83.71,969.38,1938.76,4.779999999999973,0.0049309868112288125,90.78999999999999,76.63,-4.899999999999977,-8.190000000000055,-6.544999999999959,3.2900000000000773,0.5026737199887514,-4.899999999999977,-8.190000000000055,-6.544999999999959,0.0,0.0,0.0,10.677166971283546,2.7136023105967193,3.275006870221744,3.941546333610678
2025-05-22 07:54:58,973.53,978.32,7.08,83.83,975.925,1951.85,4.790000000000077,0.004908164044462345,90.91,76.75,6.539999999999964,6.550000000000068,6.544999999999959,0.010000000000104592,0.0015278836473981675,11.43999999999994,14.740000000000123,13.089999999999918,0.0,0.12000000000000455,0.12000000000000455,10.735067531238945,2.9272926912211945,2.7412643068481266,4.8955763194949515
2025-05-22 07:54:59,975.16,978.32,7.08,83.83,976.74,1953.48,3.160000000000082,0.0032352519572914286,90.91,76.75,1.6299999999999955,0.0,0.8150000000000546,1.6299999999999955,1.9999975460151413,-4.909999999999968,-6.550000000000068,-5.7299999999999045,0.0,0.0,0.0,10.744032441491228,3.038695032424112,2.19843808191165,4.840410106592178
2025-05-22 07:55:00,973.53,975.04,7.08,83.83,974.285,1948.57,1.509999999999991,0.0015498545071002186,90.91,76.75,-1.6299999999999955,-3.2800000000000864,-2.455000000000041,1.650000000000091,0.6720974859073635,-3.259999999999991,-3.2800000000000864,-3.2700000000000955,0.0,0.0,0.0,10.717027711835577,2.9718458069150024,2.4308373043047204,4.791330191084706
2025-05-22 07:55:01,973.53,983.24,7.08,83.83,978.385,1956.77,9.710000000000036,0.009924518456513048,90.91,76.75,0.0,8.200000000000045,4.100000000000023,8.200000000000045,1.999999512195241,1.6299999999999955,11.480000000000132,6.555000000000064,0.0,0.0,0.0,10.762127260343997,3.4431391926669854,3.0668306115596633,5.195309904134675
2025-05-22 07:55:02,966.99,979.96,7.08,83.83,973.475,1946.95,12.970000000000027,0.013323403258097664,90.91,76.75,-6.539999999999964,-3.2799999999999727,-4.909999999999968,3.259999999999991,0.6639509849387021,-6.539999999999964,-11.480000000000018,-9.009999999999991,0.0,0.0,0.0,10.708117801032694,1.9541673418828132,4.7728104927808905,4.6661700033324855
2025-05-22 07:55:03,971.89,983.24,7.08,83.83,977.565,1955.13,11.350000000000023,0.01161048113259941,90.91,76.75,4.899999999999977,3.2799999999999727,4.090000000000032,1.6200000000000045,0.3960879227168873,11.43999999999994,6.559999999999945,9.0,0.0,0.0,0.0,10.753107350642313,2.11904459605788,5.100372535413407,3.993730399012944
2025-05-22 07:55:04,975.16,983.24,7.08,83.83,979.2,1958.4,8.080000000000041,0.008251633978501233,90.91,76.75,3.269999999999982,0.0,1.634999999999991,3.269999999999982,1.999998776759158,-1.6299999999999955,-3.2799999999999727,-2.455000000000041,0.0,0.0,0.0,10.771092170596281,2.5495430963377133,4.425864887228205,4.035347878436265
2025-05-22 07:55:05,970.26,979.96,7.08,83.83,975.11,1950.22,9.700000000000045,0.009947595645673256,90.91,76.75,-4.899999999999977,-3.2799999999999727,-4.090000000000032,1.6200000000000045,0.3960879227168873,-8.169999999999959,-3.2799999999999727,-5.725000000000023,0.0,0.0,0.0,10.726102620986662,2.385116873464191,1.860690731959342,4.384957240384458
2025-05-22 07:55:06,970.26,983.24,7.08,83.83,976.75,1953.5,12.980000000000018,0.013288968504439263,90.91,76.75,0.0,3.2799999999999727,1.6399999999999864,3.2799999999999727,1.9999987804885486,4.899999999999977,6.559999999999945,5.730000000000018,0.0,0.0,0.0,10.74414244039003,2.210059388361054,2.1294905494036316,3.949445530704282
2025-05-22 07:55:07,971.89,979.96,7.08,83.83,975.925,1951.85,8.07000000000005,0.008269078045680736,90.91,76.75,1.6299999999999955,-3.2799999999999727,-0.8250000000000455,4.909999999999968,5.951507937565769,1.6299999999999955,-6.559999999999945,-2.465000000000032,0.0,0.0,0.0,10.735067531238945,1.5739242358144316,2.132939286524434,3.094315352384133
2025-05-22 07:55:08,973.53,983.24,7.08,83.83,978.385,1956.77,9.710000000000036,0.009924518456513048,90.91,76.75,1.6399999999999864,3.2799999999999727,2.4600000000000364,1.6399999999999864,0.6666663956640514,0.009999999999990905,6.559999999999945,3.285000000000082,0.0,0.0,0.0,10.762127260343997,1.6971350859859133,2.002465979735828,2.6780902710700603
2025-05-22 07:55:09,963.72,981.6,7.08,83.83,972.6600000000001,1945.3200000000002,17.879999999999995,0.018382579710913796,90.91,76.75,-9.809999999999945,-1.6399999999999864,-5.724999999999909,8.169999999999959,1.4270739865373103,-11.449999999999932,-4.919999999999959,-8.184999999999945,0.0,0.0,0.0,10.699152890780413,2.117207476862164,3.903930071094929,3.548634596573713
2025-05-22 07:55:10,971.89,983.24,7.08,83.83,977.565,1955.13,11.350000000000023,0.01161048113259941,90.91,76.75,8.169999999999959,1.6399999999999864,4.904999999999973,6.529999999999973,1.3312943259338803,17.979999999999905,3.2799999999999727,10.629999999999882,0.0,0.0,0.0,10.753107350642313,2.209690589218831,3.7631861500594517,4.0327121766870135
2025-05-22 07:55:11,963.72,979.96,7.08,83.83,971.84,1943.68,16.24000000000001,0.016710569623898417,90.91,76.75,-8.169999999999959,-3.2799999999999727,-5.725000000000023,4.889999999999986,0.8541483224195012,-16.339999999999918,-4.919999999999959,-10.629999999999995,0.0,0.0,0.0,10.690132981078728,2.914453207735527,4.2293912091457395,4.783327293840535
2025-05-22 07:55:12,963.72,979.96,7.08,83.83,971.84,1943.68,16.24000000000001,0.016710569623898417,90.91,76.75,0.0,0.0,0.0,0.0,0.0,8.169999999999959,3.2799999999999727,5.725000000000023,0.0,0.0,0.0,10.690132981078728,3.2409655197298766,3.5395239792942976,4.80428012297366
2025-05-22 07:55:13,971.89,983.24,7.08,83.83,977.565,1955.13,11.350000000000023,0.01161048113259941,90.91,76.75,8.169999999999959,3.2799999999999727,5.725000000000023,4.889999999999986,0.8541483224195012,8.169999999999959,3.2799999999999727,5.725000000000023,0.0,0.0,0.0,10.753107350642313,3.0047075564982473,3.0521254889010354,5.528368204090589
2025-05-22 07:55:14,968.62,981.6,7.08,83.83,975.11,1950.22,12.980000000000018,0.013311318709364788,90.91,76.75,-3.269999999999982,-1.6399999999999864,-2.455000000000041,1.6299999999999955,0.6639508497145086,-11.43999999999994,-4.919999999999959,-8.180000000000064,0.0,0.0,0.0,10.726102620986662,2.868295225404609,2.472017394760686,4.8589299233473335
2025-05-22 07:55:15,970.26,979.96,7.08,83.83,975.11,1950.22,9.700000000000045,0.009947595645673256,90.91,76.75,1.6399999999999864,-1.6399999999999864,0.0,3.2799999999999727,3279999.999999973,4.909999999999968,0.0,2.455000000000041,0.0,0.0,0.0,10.726102620986662,2.4533334465737986,2.9219890485762194,4.194426957285127
2025-05-22 07:55:16,971.89,979.96,7.08,83.83,975.925,1951.85,8.07000000000005,0.008269078045680736,90.91,76.75,1.6299999999999955,0.0,0.8149999999999409,1.6299999999999955,1.9999975460154205,-0.009999999999990905,1.6399999999999864,0.8149999999999409,0.0,0.0,0.0,10.735067531238945,2.084715208386879,3.1442121429698924,3.0053880781024125
2025-05-22 07:55:17,968.62,979.96,7.08,83.83,974.29,1948.58,11.340000000000032,0.011639244976712055,90.91,76.75,-3.269999999999982,0.0,-1.634999999999991,3.269999999999982,1.999998776759158,-4.899999999999977,0.0,-2.449999999999932,0.0,0.0,0.0,10.717082711284977,1.2412846168710614,1.8672627024603075,3.199203025755023
2025-05-22 07:55:18,970.26,973.41,7.08,83.83,971.835,1943.67,3.1499999999999773,0.0032412909565499143,90.91,76.75,1.6399999999999864,-6.550000000000068,-2.4549999999999272,8.190000000000055,3.3360475209583607,4.909999999999968,-6.550000000000068,-0.8199999999999363,0.0,0.0,0.0,10.690077981629328,1.5740528898604316,3.771003845131895,1.4853383452937303
2025-05-22 07:55:19,970.26,981.6,7.08,83.83,975.9300000000001,1951.8600000000001,11.340000000000032,0.011619685826217398,90.91,76.75,0.0,8.190000000000055,4.095000000000027,8.190000000000055,1.9999995115996307,-1.6399999999999864,14.740000000000123,6.5499999999999545,0.0,0.0,0.0,10.735122530688347,1.6973751795282068,3.396196401858932,2.549461707890496
2025-05-22 07:55:20,970.26,978.32,7.08,83.83,974.29,1948.58,8.06000000000006,0.008272690874100493,90.91,76.75,0.0,-3.2799999999999727,-1.6400000000001,3.2799999999999727,1.9999987804884098,0.0,-11.470000000000027,-5.735000000000127,0.0,0.0,0.0,10.717082711284977,1.6774511915635604,3.3568541821174684,2.678087937316474
2025-05-22 07:55:21,966.99,984.87,7.08,83.95,975.9300000000001,1951.8600000000001,17.879999999999995,0.018320986117527905,91.03,76.87,-3.269999999999982,6.5499999999999545,1.6400000000001,9.819999999999936,5.987801226950068,-3.269999999999982,9.829999999999927,3.2800000000002,0.0,0.12000000000000455,0.12000000000000455,10.720970990651754,1.6785484801095596,5.379245300225622,2.77706994870495
2025-05-22 07:55:22,970.26,981.6,7.08,83.95,975.9300000000001,1951.8600000000001,11.340000000000032,0.011619685826217398,91.03,76.87,3.269999999999982,-3.269999999999982,0.0,6.539999999999964,6539999.999999964,6.539999999999964,-9.819999999999936,-1.6400000000001,0.0,0.0,0.0,10.720970990651754,1.7944762467302156,5.379245300225622,2.6285609180690686
2025-05-22 07:55:23,970.26,984.87,7.08,83.95,977.565,1955.13,14.610000000000014,0.01494529773984821,91.03,76.87,0.0,3.269999999999982,1.634999999999991,3.269999999999982,1.999998776759158,-3.269999999999982,6.539999999999964,1.634999999999991,0.0,0.0,0.0,10.738932102175854,1.1578881638923475,3.731444760411074,2.1362859125126934
2025-05-22 07:55:24,970.26,984.87,7.08,83.95,977.565,1955.13,14.610000000000014,0.01494529773984821,91.03,76.87,0.0,0.0,0.0,0.0,0.0,0.0,-3.269999999999982,-1.634999999999991,0.0,0.0,0.0,10.738932102175854,1.3697326381753834,3.7318829027716363,1.370928517465498
2025-05-22 07:55:25,966.99,978.32,7.08,83.95,972.655,1945.31,11.330000000000041,0.01164852901424607,91.03,76.87,-3.269999999999982,-6.5499999999999545,-4.910000000000082,3.2799999999999727,0.6680243038646871,-3.269999999999982,-6.5499999999999545,-4.910000000000082,0.0,0.0,0.0,10.684993840656993,2.0044993140637515,2.7382713525140896,2.689622650112887
2025-05-22 07:55:26,970.26,983.24,7.08,83.95,976.75,1953.5,12.980000000000018,0.013288968504439263,91.03,76.87,3.269999999999982,4.919999999999959,4.095000000000027,1.6499999999999773,0.4029303045347159,6.539999999999964,11.469999999999914,9.00500000000011,0.0,0.0,0.0,10.729979009887082,2.0378683716281794,1.6375072518921538,3.294536006784604
2025-05-22 07:55:27,976.8,984.87,7.08,83.95,980.835,1961.67,8.07000000000005,0.008227683546949657,91.03,76.87,6.539999999999964,1.6299999999999955,4.085000000000036,4.909999999999968,1.2019580900959201,3.269999999999982,-3.2899999999999636,-0.009999999999990905,0.0,0.0,0.0,10.774854325224055,2.926594437240195,2.7370787347095695,3.722424277268824
2025-05-22 07:55:28,978.43,984.87,7.08,83.95,981.65,1963.3,6.440000000000055,0.006560383021891379,91.03,76.87,1.6299999999999955,0.0,0.8149999999999409,1.6299999999999955,1.9999975460154205,-4.909999999999968,-1.6299999999999955,-3.2700000000000955,0.0,0.0,0.0,10.783807417512826,3.5923902210210024,3.389207872054958,3.704427418643849
2025-05-22 07:55:29,976.8,979.96,7.08,83.95,978.38,1956.76,3.160000000000082,0.003229828897534959,91.03,76.87,-1.6299999999999955,-4.909999999999968,-3.269999999999982,3.2799999999999727,1.0030577972300285,-3.259999999999991,-4.909999999999968,-4.084999999999923,0.0,0.0,0.0,10.747885194464626,3.5923902210210628,3.9041426715732643,4.146945562700368
2025-05-22 07:55:30,975.16,984.87,7.08,83.95,980.015,1960.03,9.710000000000036,0.009908011601957138,91.03,76.87,-1.6399999999999864,4.909999999999968,1.634999999999991,6.5499999999999545,4.006113757728583,-0.009999999999990905,9.819999999999936,4.904999999999973,0.0,0.0,0.0,10.765846305988726,1.9674520324753864,3.6593264407537114,3.027072843523929
2025-05-22 07:55:31,976.8,983.24,7.08,83.95,980.02,1960.04,6.440000000000055,0.006571294456673088,91.03,76.87,1.6399999999999864,-1.6299999999999955,0.0049999999999954525,3.269999999999982,653.8692261553599,3.2799999999999727,-6.539999999999964,-1.6299999999999955,0.0,0.0,0.0,10.765901232935283,1.2127190524162137,2.428133027657115,2.6729674521026268
2025-05-22 07:55:32,976.8,983.24,7.08,83.95,980.02,1960.04,6.440000000000055,0.006571294456673088,91.03,76.87,0.0,0.0,0.0,0.0,0.0,-1.6399999999999864,1.6299999999999955,-0.0049999999999954525,0.0,0.0,0.0,10.765901232935283,1.156122830884689,2.315776327713735,1.8639695544723702
2025-05-22 07:55:33,973.53,983.24,7.08,83.95,978.385,1956.77,9.710000000000036,0.009924518456513048,91.03,76.87,-3.269999999999982,0.0,-1.634999999999991,3.269999999999982,1.999998776759158,-3.269999999999982,0.0,-1.634999999999991,0.0,0.0,0.0,10.747940121411181,0.8959868861155625,2.739465276290117,1.8646266382308156
2025-05-22 07:55:34,968.62,978.32,7.08,83.95,973.47,1946.94,9.700000000000045,0.00996435430987672,91.03,76.87,-4.909999999999968,-4.919999999999959,-4.914999999999964,0.009999999999990905,0.0020345875819742414,-1.6399999999999864,-4.919999999999959,-3.2799999999999727,0.0,0.0,0.0,10.693946932945765,2.835512740244407,1.7892316786820448,2.4840531395281995
2025-05-22 07:55:35,975.16,981.6,7.08,83.95,978.38,1956.76,6.440000000000055,0.006582309525355941,91.03,76.87,6.539999999999964,3.2799999999999727,4.909999999999968,3.259999999999991,0.6639509849387021,11.449999999999932,8.199999999999932,9.824999999999932,0.0,0.0,0.0,10.747885194464626,2.6906876444670185,1.788317645162449,3.5497862611712017
2025-05-22 07:55:36,971.89,979.96,7.08,83.95,975.925,1951.85,8.07000000000005,0.008269078045680736,91.03,76.87,-3.269999999999982,-1.6399999999999864,-2.455000000000041,1.6299999999999955,0.6639508497145086,-9.809999999999945,-4.919999999999959,-7.365000000000009,0.0,0.0,0.0,10.720916063705195,2.5632533039255696,1.6325042113266885,3.6610029363549903
2025-05-22 07:55:37,970.26,976.68,7.08,83.95,973.47,1946.94,6.419999999999959,0.006594964398908025,91.03,76.87,-1.6299999999999955,-3.2800000000000864,-2.4549999999999272,1.650000000000091,0.6720974859073946,1.6399999999999864,-1.6400000000001,1.1368683772161603e-13,0.0,0.0,0.0,10.693946932945765,2.4562506997621405,1.6375194655329908,3.6882278942603066
2025-05-22 07:55:38,976.8,981.6,7.08,83.95,979.2,1958.4,4.800000000000068,0.004901960779307707,91.03,76.87,6.539999999999964,4.920000000000073,5.730000000000018,1.6199999999998909,0.28272246374824117,8.169999999999959,8.20000000000016,8.184999999999945,0.0,0.0,0.0,10.756893213699954,2.6773223564006026,1.863324985073562,4.822329053476114
2025-05-22 07:55:39,976.8,976.68,7.08,83.95,976.74,1953.48,0.12000000000000455,0.00012285766926423293,91.03,76.87,0.0,-4.920000000000073,-2.4600000000000364,4.920000000000073,1.9999991869922003,-6.539999999999964,-9.840000000000146,-8.190000000000055,0.0,0.0,0.0,10.729869155993967,2.2415552636694325,3.0506064970755293,4.269311127102355
2025-05-22 07:55:40,975.16,973.41,7.08,83.95,974.285,1948.57,1.75,0.0017961889982949662,91.03,76.87,-1.6399999999999864,-3.269999999999982,-2.455000000000041,1.6299999999999955,0.6639508497145086,-1.6399999999999864,1.650000000000091,0.0049999999999954525,0.0,0.0,0.0,10.702900025234538,2.2420119312978968,3.275251135409227,3.6610029363550223
2025-05-22 07:55:41,973.53,971.77,7.08,83.95,972.65,1945.3,1.759999999999991,0.0018094895370282234,91.03,76.87,-1.6299999999999955,-1.6399999999999864,-1.634999999999991,0.009999999999990905,0.006116204210267126,0.009999999999990905,1.6299999999999955,0.82000000000005,0.0,0.0,0.0,10.684938913710438,2.677705174226703,2.5654629211897313,3.5870130331516856
2025-05-22 07:55:42,973.53,978.32,7.08,83.95,975.925,1951.85,4.790000000000077,0.004908164044462345,91.03,76.87,0.0,6.550000000000068,3.2749999999999773,6.550000000000068,1.9999993893131982,1.6299999999999955,8.190000000000055,4.909999999999968,0.0,0.0,0.0,10.720916063705195,2.4833923371230977,2.0739406934624505,3.7783915228573277
2025-05-22 07:55:43,975.16,978.32,7.08,83.95,976.74,1953.48,3.160000000000082,0.0032352519572914286,91.03,76.87,1.6299999999999955,0.0,0.8150000000000546,1.6299999999999955,1.9999975460151413,1.6299999999999955,-6.550000000000068,-2.4599999999999227,0.0,0.0,0.0,10.729869155993967,1.7737974800073322,1.7524925106828504,2.4965666424111457
2025-05-22 07:55:44,975.16,971.77,7.08,83.95,973.4649999999999,1946.9299999999998,3.3899999999999864,0.0034824056299071677,91.03,76.87,0.0,-6.550000000000068,-3.275000000000091,6.550000000000068,1.9999993893131287,-1.6299999999999955,-6.550000000000068,-4.0900000000001455,0.0,0.0,0.0,10.693892005999208,1.6973751795282999,1.272536836401775,2.6772467200465755
2025-05-22 07:55:45,975.16,978.32,7.08,83.95,976.74,1953.48,3.160000000000082,0.0032352519572914286,91.03,76.87,0.0,6.550000000000068,3.275000000000091,6.550000000000068,1.9999993893131287,0.0,13.100000000000136,6.550000000000182,0.0,0.0,0.0,10.729869155993967,1.919340381506117,1.0755789138875012,2.9286908338027526
2025-05-22 07:55:46,973.53,981.6,7.08,83.95,977.565,1955.13,8.07000000000005,0.008255205527760143,91.03,76.87,-1.6299999999999955,3.2799999999999727,0.8250000000000455,4.909999999999968,5.951507937565769,-1.6299999999999955,-3.2700000000000955,-2.4500000000000455,0.0,0.0,0.0,10.738932102175854,1.5762637787130676,2.1006737014585024,2.678165416847932
2025-05-22 07:55:47,971.89,975.04,7.08,83.95,973.4649999999999,1946.9299999999998,3.1499999999999773,0.003235863638409305,91.03,76.87,-1.6399999999999864,-6.560000000000059,-4.100000000000136,4.920000000000073,1.1999997073171222,-0.009999999999990905,-9.840000000000032,-4.925000000000182,0.0,0.0,0.0,10.693892005999208,1.9733695802057736,2.1735753955175783,3.098216422395409
2025-05-22 07:55:48,975.16,981.6,7.08,83.95,978.38,1956.76,6.440000000000055,0.006582309525355941,91.03,76.87,3.269999999999982,6.560000000000059,4.915000000000077,3.2900000000000773,0.6693793144701344,4.909999999999968,13.120000000000118,9.015000000000214,0.0,0.0,0.0,10.747885194464626,2.3175434192442754,2.2789186031974586,3.9547812834594005
2025-05-22 07:55:49,971.89,978.32,7.08,83.95,975.105,1950.21,6.430000000000064,0.006594161647623489,91.03,76.87,-3.269999999999982,-3.2799999999999727,-3.2749999999999773,0.009999999999990905,0.0030534341821547455,-6.539999999999964,-9.840000000000032,-8.190000000000055,0.0,0.0,0.0,10.711908044469867,1.9731618028137623,2.1988064944417984,3.9547812834593743
2025-05-22 07:55:50,965.36,971.77,7.08,83.95,968.565,1937.13,6.409999999999968,0.006618038018493266,91.03,76.87,-6.529999999999973,-6.550000000000068,-6.539999999999964,0.020000000000095497,0.0030581035079498622,-3.259999999999991,-3.2700000000000955,-3.2649999999999864,0.0,0.0,0.0,10.640063598373464,3.906495232312238,1.7961069010500117,4.521585728480702
2025-05-22 07:55:51,973.53,973.41,7.08,83.95,973.47,1946.94,0.12000000000000455,0.00012327036259641712,91.03,76.87,8.169999999999959,1.6399999999999864,4.904999999999973,6.529999999999973,1.3312943259338803,14.699999999999932,8.190000000000055,11.444999999999936,0.0,0.0,0.0,10.693946932945765,3.54632662061403,2.8347398469699927,5.365856641767485
2025-05-22 07:55:52,973.53,973.41,7.08,83.95,973.47,1946.94,0.12000000000000455,0.00012327036259641712,91.03,76.87,0.0,0.0,0.0,0.0,0.0,-8.169999999999959,-1.6399999999999864,-4.904999999999973,0.0,0.0,0.0,10.693946932945765,3.5462103011631614,3.454320483105101,5.042654806746142
2025-05-22 07:55:53,971.89,984.87,7.08,84.08,978.38,1956.76,12.980000000000018,0.013266828825950233,91.16,77.0,-1.6399999999999864,11.460000000000036,4.909999999999968,13.100000000000023,2.668023896532833,-1.6399999999999864,11.460000000000036,4.909999999999968,0.0,0.12999999999999545,0.12999999999999545,10.73255802180169,3.5462103011631614,5.364640714903417,5.041437047112629
2025-05-22 07:55:54,973.53,984.87,7.08,84.08,979.2,1958.4,11.340000000000032,0.011580882341114327,91.16,77.0,1.6399999999999864,0.0,0.82000000000005,1.6399999999999864,1.9999975609784455,3.2799999999999727,-11.460000000000036,-4.089999999999918,0.0,0.0,0.0,10.741553195024649,4.313408744841857,6.049064390465644,4.697268355118722
2025-05-22 07:55:55,973.53,978.32,7.08,84.08,975.925,1951.85,4.790000000000077,0.004908164044462345,91.16,77.0,0.0,-6.5499999999999545,-3.275000000000091,6.5499999999999545,1.999999389313094,-1.6399999999999864,-6.5499999999999545,-4.095000000000141,0.0,0.0,0.0,10.70562735075003,2.677322356400652,6.077919051780754,3.490387872429094
2025-05-22 07:55:56,965.36,979.96,7.08,84.08,972.6600000000001,1945.3200000000002,14.600000000000023,0.015010383880276394,91.16,77.0,-8.169999999999959,1.6399999999999864,-3.2649999999998727,9.809999999999945,3.0045932604615824,-8.169999999999959,8.18999999999994,0.010000000000218279,0.0,0.0,0.0,10.66981120370984,2.8913612711112577,6.102882925306643,3.3924596534078177
2025-05-22 07:55:57,971.89,975.04,7.08,84.08,973.4649999999999,1946.9299999999998,3.1499999999999773,0.003235863638409305,91.16,77.0,6.529999999999973,-4.920000000000073,0.8049999999998363,11.450000000000045,14.223584815425538,14.699999999999932,-6.560000000000059,4.069999999999709,0.0,0.0,0.0,10.678641831081155,2.8924241563232367,5.097319884017426,3.4210513734815238
2025-05-22 07:55:58,971.89,978.32,7.08,84.08,975.105,1950.21,6.430000000000064,0.006594161647623489,91.16,77.0,0.0,3.2800000000000864,1.6400000000001,3.2800000000000864,1.9999987804884793,-6.529999999999973,8.20000000000016,0.8350000000002638,0.0,0.0,0.0,10.696632177527071,2.5481007633294395,4.7693783662023925,2.4109515756232
2025-05-22 07:55:59,973.53,983.24,7.08,84.08,978.385,1956.77,9.710000000000036,0.009924518456513048,91.16,77.0,1.6399999999999864,4.919999999999959,3.2799999999999727,3.2799999999999727,0.9999996951220441,1.6399999999999864,1.6399999999998727,1.6399999999998727,0.0,0.0,0.0,10.732612870418903,2.241560840146756,4.539469131957987,2.972752512403263
2025-05-22 07:56:00,968.62,984.87,7.08,84.08,976.745,1953.49,16.25,0.01663689088079602,91.16,77.0,-4.909999999999968,1.6299999999999955,-1.6399999999999864,6.539999999999964,3.987802446461934,-6.5499999999999545,-3.2899999999999636,-4.919999999999959,0.0,0.0,0.0,10.714622523972988,2.3439379258162956,5.476542705028367,2.6130140642560176
2025-05-22 07:56:01,966.99,984.87,7.08,84.08,975.9300000000001,1951.8600000000001,17.879999999999995,0.018320986117527905,91.16,77.0,-1.6299999999999955,0.0,-0.8149999999999409,1.6299999999999955,1.9999975460154205,3.2799999999999727,-1.6299999999999955,0.8250000000000455,0.0,0.0,0.0,10.705682199367244,1.8335771050278373,6.296211559342597,1.9564808969166925
2025-05-22 07:56:02,971.89,981.6,7.08,84.08,976.745,1953.49,9.710000000000036,0.00994118218169415,91.16,77.0,4.899999999999977,-3.269999999999982,0.8149999999999409,8.169999999999959,10.024527577267452,6.529999999999973,-3.269999999999982,1.6299999999998818,0.0,0.0,0.0,10.714622523972988,1.215584221715748,4.8515440841034465,1.956678946582692
2025-05-22 07:56:03,971.89,981.6,7.08,84.08,976.745,1953.49,9.710000000000036,0.00994118218169415,91.16,77.0,0.0,0.0,0.0,0.0,0.0,-4.899999999999977,3.269999999999982,-0.8149999999999409,0.0,0.0,0.0,10.714622523972988,0.8968974300806718,4.069511027138182,1.8866988365926083
2025-05-22 07:56:04,965.36,978.32,7.08,84.08,971.84,1943.68,12.960000000000036,0.013335528468332757,91.16,77.0,-6.529999999999973,-3.2799999999999727,-4.904999999999973,3.25,0.6625890596148742,-6.529999999999973,-3.2799999999999727,-4.904999999999973,0.0,0.0,0.0,10.660816030486881,2.131875348157446,3.7272872172666394,2.2084876046742727
2025-05-22 07:56:05,962.09,983.24,7.08,84.08,972.665,1945.33,21.149999999999977,0.02174438267878005,91.16,77.0,-3.269999999999982,4.919999999999959,0.8249999999999318,8.18999999999994,9.92726069423021,3.259999999999991,8.199999999999932,5.7299999999999045,0.0,0.0,0.0,10.669866052327052,2.3538080848019725,5.090900706161844,2.3842619403077014
2025-05-22 07:56:06,966.99,981.6,7.08,84.08,974.2950000000001,1948.5900000000001,14.610000000000014,0.014995458239039054,91.16,77.0,4.899999999999977,-1.6399999999999864,1.6300000000001091,6.539999999999964,4.012267477136226,8.169999999999959,-6.559999999999945,0.8050000000001774,0.0,0.0,0.0,10.687746701538542,2.2669406697304875,4.7088342506398755,2.6232675235286194
2025-05-22 07:56:07,970.26,983.24,7.08,84.08,976.75,1953.5,12.980000000000018,0.013288968504439263,91.16,77.0,3.269999999999982,1.6399999999999864,2.4549999999999272,1.6299999999999955,0.6639508497145393,-1.6299999999999955,3.2799999999999727,0.8249999999998181,0.0,0.0,0.0,10.7146773725902,2.2682024821602953,4.231521003138144,2.890656067400601
2025-05-22 07:56:08,970.26,983.24,7.08,84.08,976.75,1953.5,12.980000000000018,0.013288968504439263,91.16,77.0,0.0,0.0,0.0,0.0,0.0,-3.269999999999982,-1.6399999999999864,-2.4549999999999272,0.0,0.0,0.0,10.7146773725902,2.269463042236674,3.545296884606323,2.890656067400601
2025-05-22 07:56:09,971.89,981.6,7.08,84.08,976.745,1953.49,9.710000000000036,0.00994118218169415,91.16,77.0,1.6299999999999955,-1.6399999999999864,-0.0049999999999954525,3.269999999999982,653.8692261553599,1.6299999999999955,-1.6399999999999864,-0.0049999999999954525,0.0,0.0,0.0,10.714622523972988,1.8806162554017323,4.229968084985897,1.0668610499966658
2025-05-22 07:56:10,970.26,975.04,7.08,84.08,972.65,1945.3,4.779999999999973,0.0049144090835198315,91.16,77.0,-1.6299999999999955,-6.560000000000059,-4.095000000000027,4.930000000000064,1.20390690991285,-3.259999999999991,-4.920000000000073,-4.090000000000032,0.0,0.0,0.0,10.669701506475413,1.886155481417496,3.9123100592871647,2.5225448459839246
2025-05-22 07:56:11,971.89,978.32,7.08,84.08,975.105,1950.21,6.430000000000064,0.006594161647623489,91.16,77.0,1.6299999999999955,3.2800000000000864,2.455000000000041,1.650000000000091,0.6720974859073635,3.259999999999991,9.840000000000146,6.550000000000068,0.0,0.0,0.0,10.696632177527071,1.7960755830648574,3.738024879531896,2.678240093792942
2025-05-22 07:56:12,970.26,978.32,7.08,84.08,974.29,1948.58,8.06000000000006,0.008272690874100493,91.16,77.0,-1.6299999999999955,0.0,-0.8150000000000546,1.6299999999999955,1.9999975460151413,-3.259999999999991,-3.2800000000000864,-3.2700000000000955,0.0,0.0,0.0,10.687691852921327,1.738305928218686,3.1540878237613232,2.3584942230160593
2025-05-22 07:56:13,970.26,978.32,7.08,84.08,974.29,1948.58,8.06000000000006,0.008272690874100493,91.16,77.0,0.0,0.0,0.0,0.0,0.0,1.6299999999999955,0.0,0.8150000000000546,0.0,0.0,0.0,10.687691852921327,1.4874029380361762,1.871649005556191,2.3584942230160593
2025-05-22 07:56:14,968.62,979.96,7.08,84.08,974.29,1948.58,11.340000000000032,0.011639244976712055,91.16,77.0,-1.6399999999999864,1.6399999999999864,0.0,3.2799999999999727,3279999.999999973,-1.6399999999999864,1.6399999999999864,0.0,0.0,0.0,0.0,10.687691852921327,0.8968974300760849,2.4311684433620533,2.3587533783759853
2025-05-22 07:56:15,981.7,971.77,7.08,84.08,976.735,1953.47,9.930000000000064,0.010166524174759314,91.16,77.0,13.080000000000041,-8.190000000000055,2.44500000000005,21.270000000000095,8.699382945037511,14.720000000000027,-9.830000000000041,2.44500000000005,0.0,0.0,0.0,10.714512826738561,1.0626299920854765,1.8996131185058078,1.5274022063622017
2025-05-22 07:56:16,975.16,978.32,7.06,84.08,976.74,1953.48,3.160000000000082,0.0032352519572914286,91.14,77.02,-6.540000000000077,6.550000000000068,0.0049999999999954525,13.090000000000146,2617.4765047014694,-19.62000000000012,14.740000000000123,-2.4400000000000546,-0.020000000000000462,0.0,0.020000000000000462,10.71691890808735,1.3405521250889925,3.0924424004335633,1.2356809863391476
2025-05-22 07:56:17,976.8,978.32,7.06,84.08,977.56,1955.12,1.5200000000000955,0.0015548917697585866,91.14,77.02,1.6399999999999864,0.0,0.8199999999999363,1.6399999999999864,1.9999975609787228,8.180000000000064,-6.550000000000068,0.8149999999999409,0.0,0.0,0.0,10.725916055234627,1.5280690429697725,4.275630947591151,1.0620581434177905
2025-05-22 07:56:18,970.26,978.32,7.06,84.08,974.29,1948.58,8.06000000000006,0.008272690874100493,91.14,77.02,-6.539999999999964,0.0,-3.269999999999982,6.539999999999964,1.9999993883793918,-8.17999999999995,0.0,-4.089999999999918,0.0,0.0,0.0,10.690037187952193,1.5280690429697725,4.275630947591151,2.082267393972256
2025-05-22 07:56:19,976.8,978.32,7.06,84.08,977.56,1955.12,1.5200000000000955,0.0015548917697585866,91.14,77.02,6.539999999999964,0.0,3.269999999999982,6.539999999999964,1.9999993883793918,13.079999999999927,0.0,6.539999999999964,0.0,0.0,0.0,10.725916055234627,1.3429892032643118,3.909721217682823,2.5444876694533196
2025-05-22 07:56:20,968.62,978.32,7.06,84.08,973.47,1946.94,9.700000000000045,0.00996435430987672,91.14,77.02,-8.17999999999995,0.0,-4.089999999999918,8.17999999999995,1.9999995110025923,-14.719999999999914,0.0,-7.3599999999999,0.0,0.0,0.0,10.681040040804916,1.917740858427543,3.8354817168120117,3.0271389132313957
2025-05-22 07:56:21,968.62,981.6,7.06,84.08,975.11,1950.22,12.980000000000018,0.013311318709364788,91.14,77.02,0.0,3.2799999999999727,1.6399999999999864,3.2799999999999727,1.9999987804885486,8.17999999999995,3.2799999999999727,5.7299999999999045,0.0,0.0,0.0,10.69903433509947,1.882570051839073,5.097477807700496,3.1993952553568215
2025-05-22 07:56:22,975.16,976.68,7.06,84.08,975.92,1951.84,1.5199999999999818,0.0015575047119051532,91.14,77.02,6.539999999999964,-4.920000000000073,0.8099999999999454,11.460000000000036,14.148130681321144,6.539999999999964,-8.200000000000045,-0.8300000000000409,0.0,0.0,0.0,10.707921760940073,1.5726251937700682,5.097477807700526,3.1985027747369155
2025-05-22 07:56:23,966.99,981.6,7.06,84.17,974.2950000000001,1948.5900000000001,14.610000000000014,0.014995458239039054,91.23,77.11,-8.169999999999959,4.920000000000073,-1.6249999999998863,13.090000000000032,8.055379658228485,-14.709999999999923,9.840000000000146,-2.4349999999998317,0.0,0.09000000000000341,0.09000000000000341,10.679546084845489,1.5718476389524145,6.231803912191018,2.8899532868196474
2025-05-22 07:56:24,976.8,986.51,7.06,84.17,981.655,1963.31,9.710000000000036,0.009891458801828115,91.23,77.11,9.809999999999945,4.909999999999968,7.3599999999999,4.899999999999977,0.6657607791085958,17.979999999999905,-0.010000000000104592,8.984999999999786,0.0,0.0,0.0,10.760221300446988,3.2421038694160846,5.044276955124447,4.287488192403488
2025-05-22 07:56:25,973.53,981.6,7.06,84.17,977.565,1955.13,8.07000000000005,0.008255205527760143,91.23,77.11,-3.269999999999982,-4.909999999999968,-4.089999999999918,1.6399999999999864,0.4009778970714235,-13.079999999999927,-9.819999999999936,-11.449999999999818,0.0,0.0,0.0,10.715389556994525,2.915577558578274,5.096996174218647,4.287488192403488
2025-05-22 07:56:26,976.8,978.32,7.06,84.17,977.56,1955.12,1.5200000000000955,0.0015548917697585866,91.23,77.11,3.269999999999982,-3.2799999999999727,-0.005000000000109139,6.5499999999999545,1309.73805236093,6.539999999999964,1.6299999999999955,4.084999999999809,0.0,0.0,0.0,10.715334750462185,2.7381229884880436,5.6219418353447335,4.271824844255599
2025-05-22 07:56:27,975.16,984.87,7.06,84.17,980.015,1960.03,9.710000000000036,0.009908011601957138,91.23,77.11,-1.6399999999999864,6.5499999999999545,2.455000000000041,8.18999999999994,3.33604752095816,-4.909999999999968,9.829999999999927,2.46000000000015,0.0,0.0,0.0,10.742244757840131,2.7969393987158773,4.714730108924489,4.3649619127776385
2025-05-22 07:56:28,975.16,984.87,7.06,84.17,980.015,1960.03,9.710000000000036,0.009908011601957138,91.23,77.11,0.0,0.0,0.0,0.0,0.0,1.6399999999999864,-6.5499999999999545,-2.455000000000041,0.0,0.0,0.0,10.742244757840131,1.7739137521572574,3.551053364848129,4.194671322046529
2025-05-22 07:56:29,970.26,984.87,7.06,84.17,977.565,1955.13,14.610000000000014,0.01494529773984821,91.23,77.11,-4.899999999999977,0.0,-2.449999999999932,4.899999999999977,1.9999991836738489,-4.899999999999977,0.0,-2.449999999999932,0.0,0.0,0.0,10.715389556994525,1.342834688295728,4.714730108924489,2.520517308014338
2025-05-22 07:56:30,973.53,983.24,7.06,84.17,978.385,1956.77,9.710000000000036,0.009924518456513048,91.23,77.11,3.269999999999982,-1.6299999999999955,0.8199999999999363,4.899999999999977,5.975602468777913,8.169999999999959,-1.6299999999999955,3.269999999999868,0.0,0.0,0.0,10.724377828297952,1.2394736786599327,4.714904028715656,1.772531381950671
2025-05-22 07:56:31,975.16,979.96,7.06,84.17,977.56,1955.12,4.800000000000068,0.004910184536079508,91.23,77.11,1.6299999999999955,-3.2799999999999727,-0.8250000000000455,4.909999999999968,5.951507937565769,-1.6399999999999864,-1.6499999999999773,-1.6449999999999818,0.0,0.0,0.0,10.715334750462185,1.2394736786599327,3.4683598429227733,1.8291083893525744
2025-05-22 07:56:32,975.16,984.87,7.06,84.17,980.015,1960.03,9.710000000000036,0.009908011601957138,91.23,77.11,0.0,4.909999999999968,2.455000000000041,4.909999999999968,1.9999991853363344,-1.6299999999999955,8.18999999999994,3.2800000000000864,0.0,0.0,0.0,10.742244757840131,1.2394736786599327,3.4683598429227733,1.8291083893525744
2025-05-22 07:56:33,965.36,981.6,7.06,84.17,973.48,1946.96,16.24000000000001,0.016682417700741248,91.23,77.11,-9.799999999999955,-3.269999999999982,-6.534999999999968,6.529999999999973,0.9992347361538283,-9.799999999999955,-8.17999999999995,-8.990000000000009,0.0,0.0,0.0,10.6706126200744,2.4097546555794693,4.534780038766954,3.4477358512507723
2025-05-22 07:56:34,975.16,983.24,7.06,84.17,979.2,1958.4,8.080000000000041,0.008251633978501233,91.23,77.11,9.799999999999955,1.6399999999999864,5.720000000000027,8.159999999999968,1.426573177172509,19.59999999999991,4.909999999999968,12.254999999999995,0.0,0.0,0.0,10.733311293069042,2.544726409673135,4.165509572669261,4.535141398016166
2025-05-22 07:56:35,971.89,979.96,7.06,84.17,975.925,1951.85,8.07000000000005,0.008269078045680736,91.23,77.11,-3.269999999999982,-3.2799999999999727,-3.275000000000091,0.009999999999990905,0.0030534341821546397,-13.069999999999936,-4.919999999999959,-8.995000000000118,0.0,0.0,0.0,10.697413014387667,2.622564107907857,4.229391209145737,4.786637128506839
2025-05-22 07:56:36,975.16,978.32,7.06,84.17,976.74,1953.48,3.160000000000082,0.0032352519572914286,91.23,77.11,3.269999999999982,-1.6399999999999864,0.8150000000000546,4.909999999999968,6.024532485235771,6.539999999999964,1.6399999999999864,4.0900000000001455,0.0,0.0,0.0,10.706346479158759,2.6228767603694383,4.709699565789645,4.814224236572307
2025-05-22 07:56:37,975.16,981.6,7.06,84.17,978.38,1956.76,6.440000000000055,0.006582309525355941,91.23,77.11,0.0,3.2799999999999727,1.6399999999999864,3.2799999999999727,1.9999987804885486,-3.269999999999982,4.919999999999959,0.8249999999999318,0.0,0.0,0.0,10.724323021765613,2.237906387694796,4.821205243504902,4.716180393072359
2025-05-22 07:56:38,975.16,971.77,7.06,84.17,973.4649999999999,1946.9299999999998,3.3899999999999864,0.0034824056299071677,91.23,77.11,0.0,-9.830000000000041,-4.915000000000077,9.830000000000041,1.9999995930824603,0.0,-13.110000000000014,-6.555000000000064,0.0,0.0,0.0,10.670448200477384,2.2433808192291615,2.425627753798884,4.211740435971861
2025-05-22 07:56:39,973.53,979.96,7.06,84.17,976.745,1953.49,6.430000000000064,0.006583089745447352,91.23,77.11,-1.6299999999999955,8.190000000000055,3.2800000000000864,9.82000000000005,2.993901526249471,-1.6299999999999955,18.020000000000095,8.195000000000164,0.0,0.0,0.0,10.706401285691095,1.7947054076042064,2.1378189820467566,3.4565036525368367
2025-05-22 07:56:40,975.16,978.32,7.06,84.17,976.74,1953.48,3.160000000000082,0.0032352519572914286,91.23,77.11,1.6299999999999955,-1.6399999999999864,-0.0049999999999954525,3.269999999999982,653.8692261553599,3.259999999999991,-9.830000000000041,-3.285000000000082,0.0,0.0,0.0,10.706346479158759,1.7947054076043498,1.7543175311212604,3.087743107837883
2025-05-22 07:56:41,970.26,975.04,7.06,84.17,972.65,1945.3,4.779999999999973,0.0049144090835198315,91.23,77.11,-4.899999999999977,-3.2800000000000864,-4.090000000000032,1.6199999999998909,0.39608792271685955,-6.529999999999973,-1.6400000000001,-4.085000000000036,0.0,0.0,0.0,10.661514735706294,2.4289745778994347,1.582450631141276,3.570284652517273
2025-05-22 07:56:42,970.26,979.96,7.06,84.17,975.11,1950.22,9.700000000000045,0.009947595645673256,91.23,77.11,0.0,4.920000000000073,2.4600000000000364,4.920000000000073,1.9999991869922003,4.899999999999977,8.20000000000016,6.550000000000068,0.0,0.0,0.0,10.688479549616579,1.867259355333304,2.6902918057339886,3.726820695982094
2025-05-22 07:56:43,970.26,981.6,7.06,84.17,975.9300000000001,1951.8600000000001,11.340000000000032,0.011619685826217398,91.23,77.11,0.0,1.6399999999999864,0.82000000000005,1.6399999999999864,1.9999975609784455,0.0,-3.2800000000000864,-1.6399999999999864,0.0,0.0,0.0,10.697467820920007,1.6974981590803555,3.394513219888734,2.8720759042894826
2025-05-22 07:56:44,971.89,983.24,7.06,84.17,977.565,1955.13,11.350000000000023,0.01161048113259941,91.23,77.11,1.6299999999999955,1.6399999999999864,1.634999999999991,0.009999999999990905,0.006116204210267126,1.6299999999999955,0.0,0.8149999999999409,0.0,0.0,0.0,10.715389556994525,1.8849615380908316,3.8418849540296467,2.5490620824138697
2025-05-22 07:56:45,963.72,978.32,7.06,84.17,971.02,1942.04,14.600000000000023,0.015035735602731444,91.23,77.11,-8.169999999999959,-4.919999999999959,-6.545000000000073,3.25,0.4965621853992022,-9.799999999999955,-6.559999999999945,-8.180000000000064,0.0,0.0,0.0,10.643647806164115,2.6140964022159294,3.5878238529782314,3.950274357560543
2025-05-22 07:56:46,971.89,983.24,7.06,84.17,977.565,1955.13,11.350000000000023,0.01161048113259941,91.23,77.11,8.169999999999959,4.919999999999959,6.545000000000073,3.25,0.4965621853992022,16.339999999999918,9.839999999999918,13.090000000000146,0.0,0.0,0.0,10.715389556994525,2.688709262839924,1.7874199282763437,4.7497323608810325
2025-05-22 07:56:47,970.26,981.6,7.06,84.17,975.9300000000001,1951.8600000000001,11.340000000000032,0.011619685826217398,91.23,77.11,-1.6299999999999955,-1.6399999999999864,-1.634999999999991,0.009999999999990905,0.006116204210267126,-9.799999999999955,-6.559999999999945,-8.180000000000064,0.0,0.0,0.0,10.697467820920007,2.6887092628400104,1.4556888403774448,4.784308204955079
2025-05-22 07:56:48,971.89,981.6,7.06,84.17,976.745,1953.49,9.710000000000036,0.00994118218169415,91.23,77.11,1.6299999999999955,0.0,0.8149999999999409,1.6299999999999955,1.9999975460154205,3.259999999999991,1.6399999999999864,2.449999999999932,0.0,0.0,0.0,10.706401285691095,2.7378207574788624,1.7846708379977017,4.78413733080484
2025-05-22 07:56:49,973.53,979.96,7.06,84.17,976.745,1953.49,6.430000000000064,0.006583089745447352,91.23,77.11,1.6399999999999864,-1.6399999999999864,0.0,3.2799999999999727,3279999.999999973,0.009999999999990905,-1.6399999999999864,-0.8149999999999409,0.0,0.0,0.0,10.706401285691095,2.625289031722337,2.9687589999862456,4.713730475960675
2025-05-22 07:56:50,970.26,979.96,7.06,84.17,975.11,1950.22,9.700000000000045,0.009947595645673256,91.23,77.11,-3.269999999999982,0.0,-1.634999999999991,3.269999999999982,1.999998776759158,-4.909999999999968,1.6399999999999864,-1.634999999999991,0.0,0.0,0.0,10.688479549616579,0.9325328412897256,2.006546784901702,3.3727614798559644
2025-05-22 07:56:51,970.26,981.6,7.06,84.17,975.9300000000001,1951.8600000000001,11.340000000000032,0.011619685826217398,91.23,77.11,0.0,1.6399999999999864,0.82000000000005,1.6399999999999864,1.9999975609784455,3.269999999999982,1.6399999999999864,2.455000000000041,0.0,0.0,0.0,10.697467820920007,0.683672070573977,2.004502432026303,1.2398013953855644
2025-05-22 07:56:52,970.26,978.32,7.06,84.17,974.29,1948.58,8.06000000000006,0.008272690874100493,91.23,77.11,0.0,-3.2799999999999727,-1.6400000000001,3.2799999999999727,1.9999987804884098,0.0,-4.919999999999959,-2.46000000000015,0.0,0.0,0.0,10.67949127831315,1.066849333355941,1.8672627024603052,1.241121468672613
2025-05-22 07:56:53,970.26,978.32,7.06,84.17,974.29,1948.58,8.06000000000006,0.008272690874100493,91.23,77.11,0.0,0.0,0.0,0.0,0.0,0.0,3.2799999999999727,1.6400000000001,0.0,0.0,0.0,10.67949127831315,1.067424470433695,1.8668208269674307,1.0988425728920839
2025-05-22 07:56:54,970.26,979.96,7.06,84.17,975.11,1950.22,9.700000000000045,0.009947595645673256,91.23,77.11,0.0,1.6399999999999864,0.82000000000005,1.6399999999999864,1.9999975609784455,0.0,1.6399999999999864,0.82000000000005,0.0,0.0,0.0,10.688479549616579,0.6860612218160578,1.3721224435156587,1.2422741243381537
2025-05-22 07:56:55,968.62,979.96,7.06,84.17,974.29,1948.58,11.340000000000032,0.011639244976712055,91.23,77.11,-1.6399999999999864,0.0,-0.82000000000005,1.6399999999999864,1.9999975609784455,-1.6399999999999864,-1.6399999999999864,-1.6400000000001,0.0,0.0,0.0,10.67949127831315,0.73343029667399,1.6399999999998085,1.0691491944533038
2025-05-22 07:56:56,973.53,981.6,7.06,84.17,977.565,1955.13,8.07000000000005,0.008255205527760143,91.23,77.11,4.909999999999968,1.6399999999999864,3.275000000000091,3.269999999999982,0.9984729775654697,6.5499999999999545,1.6399999999999864,4.095000000000141,0.0,0.0,0.0,10.715389556994525,1.418116708906649,1.4651894075509075,1.8858274046158845
2025-05-22 07:56:57,975.16,1022.56,7.06,84.22,998.8599999999999,1997.7199999999998,47.39999999999998,0.04745409762383706,91.28,77.16,1.6299999999999955,40.95999999999992,21.294999999999845,39.32999999999993,1.8469123340261975,-3.2799999999999727,39.319999999999936,18.019999999999754,0.0,0.04999999999999716,0.04999999999999716,10.94281320176585,10.615395423633194,17.096177350507286,9.284536472005412
2025-05-22 07:56:58,975.16,988.15,7.06,84.25,981.655,1963.31,12.990000000000009,0.01323275487494818,91.31,77.19,0.0,-34.40999999999997,-17.204999999999927,34.40999999999997,1.9999998837547357,-1.6299999999999955,-75.36999999999989,-38.49999999999977,0.0,0.030000000000001137,0.030000000000001137,10.75079388072726,10.12044922422402,16.59262336099987,13.699551361267197
2025-05-22 07:56:59,438.56,983.24,7.15,84.25,710.9,1421.8,544.6800000000001,0.7661837097113748,91.4,77.1,-536.5999999999999,-4.909999999999968,-270.755,531.6899999999999,1.9637310411119606,-536.5999999999999,29.5,-253.55000000000007,0.09000000000000075,0.0,0.09000000000000075,7.7778992584474915,122.09599028018877,235.20760453267664,122.58443241292916
2025-05-22 07:57:00,895.09,827.7,9.29,82.49,861.395,1722.79,67.38999999999999,0.0782335629087311,91.78,73.19999999999999,456.53000000000003,-155.53999999999996,150.495,612.0699999999999,4.0670453897667995,993.1299999999999,-150.63,421.25,2.139999999999999,-1.7600000000000051,3.900000000000004,9.385432453852337,121.98544559700507,229.71401966358084,153.43416627335645
2025-05-22 07:57:01,681.28,776.98,11.56,80.45,729.13,1458.26,95.70000000000005,0.1312523142220835,92.01,68.89,-213.81000000000006,-50.72000000000003,-132.265,163.09000000000003,1.233054842679055,-670.3400000000001,104.81999999999994,-282.76,2.2700000000000014,-2.039999999999992,4.309999999999993,7.9244646459682135,135.4405024632578,220.66816007299286,159.57486055140387
2025-05-22 07:57:02,362.09,682.16,14.02,78.16,522.125,1044.25,320.07,0.6130141237959988,92.17999999999999,64.14,-319.19,-94.82000000000005,-207.005,224.36999999999995,1.0838868574001261,-105.37999999999994,-44.10000000000002,-74.74000000000001,2.459999999999999,-2.2900000000000063,4.750000000000005,5.66418956753971,172.73878340575246,221.5425081784532,166.69048809095258
2025-05-22 07:57:03,249.93,412.8,16.4,75.75,331.365,662.73,162.87,0.4915123791241912,92.15,59.35,-112.15999999999997,-269.35999999999996,-190.76,157.2,0.8240721282025995,207.03000000000003,-174.5399999999999,16.245000000000005,2.379999999999999,-2.4099999999999966,4.789999999999996,3.5959305089969558,206.59759215077764,197.35094722346787,164.40504560383783
2025-05-22 07:57:04,24.29,155.44,18.81,73.54,89.865,179.73,131.15,1.4594113229910275,92.35000000000001,54.730000000000004,-225.64000000000001,-257.36,-241.5,31.72,0.131345755149707,-113.48000000000005,11.999999999999943,-50.74000000000001,2.41,-2.2099999999999937,4.619999999999994,0.9730914891922956,308.2269168648298,98.83055691434704,158.56274675187737
2025-05-22 07:57:05,17.8,-16.92,18.81,73.34,0.4399999999999995,0.879999999999999,34.72,78.90891157065562,92.15,54.53,-6.489999999999998,-172.36,-89.425,165.87,1.8548504125820475,219.15,85.0,152.075,0.0,-0.20000000000000284,0.20000000000000284,0.0047748236052650665,300.99341207491267,106.86054543188516,60.8376036469222
2025-05-22 07:57:06,12.93,-20.17,18.81,73.34,-3.620000000000001,-7.240000000000002,33.1,9.1436438829713,92.15,54.53,-4.870000000000001,-3.25,-4.0600000000000005,1.620000000000001,0.3990146800456455,1.6199999999999974,169.11,85.365,0.0,0.0,0.0,-0.03928377602513537,231.14956681226502,117.76311294289054,97.71322754622325
2025-05-22 07:57:07,12.93,-5.54,18.81,73.34,3.695,7.39,18.47,4.9986454672136755,92.15,54.53,0.0,14.630000000000003,7.315000000000001,14.630000000000003,1.9999997265892375,4.870000000000001,17.880000000000003,11.375000000000002,0.0,0.0,0.0,0.040097666412396454,143.46747320385018,66.03417577285262,110.70740498042578
2025-05-22 07:57:08,11.31,-25.04,18.81,73.34,-6.864999999999999,-13.729999999999999,36.35,5.2949737370759316,92.15,54.53,-1.6199999999999992,-19.5,-10.559999999999999,17.880000000000003,1.6931816578426466,-1.6199999999999992,-34.13,-17.875,0.0,0.0,0.0,-0.07449810011396527,41.093936383574516,45.5027512355022,104.42782252589588
2025-05-22 07:57:09,11.31,-38.04,18.81,73.34,-13.364999999999998,-26.729999999999997,49.35,3.692480082867185,92.15,54.53,0.0,-13.0,-6.499999999999999,13.0,1.9999996923077399,1.6199999999999992,6.5,4.06,0.0,0.0,0.0,-0.14503526700992656,6.613740053646569,10.98706375698246,39.016984987310465
2025-05-22 07:57:10,8.07,-47.78,18.81,73.34,-19.855,-39.71,55.85,2.812893336041635,92.15,54.53,-3.24,-9.740000000000002,-6.490000000000002,6.500000000000002,1.001540677728709,-3.24,3.259999999999998,0.009999999999997122,0.0,0.0,0.0,-0.21546391518758637,9.035622280573541,14.608657706989971,6.773092351357061
2025-05-22 07:57:11,8.07,-51.03,18.81,73.34,-21.48,-42.96,59.1,2.751396519953607,92.15,54.53,0.0,-3.25,-1.625,3.25,1.9999987692315266,3.24,6.490000000000002,4.865000000000002,0.0,0.0,0.0,-0.2330982069115767,10.310534903543392,16.637333921034266,6.859985969374248
2025-05-22 07:57:12,9.69,-57.53,18.81,73.34,-23.92,-47.84,67.22,2.81020055141302,92.15,54.53,1.6199999999999992,-6.5,-2.4400000000000013,8.12,3.327867488578896,1.6199999999999992,-3.25,-0.8150000000000013,0.0,0.0,0.0,-0.2595767741771376,6.928063040790717,11.580571229434117,3.604173969165668
2025-05-22 07:57:13,9.69,-57.53,18.81,73.34,-23.92,-47.84,67.22,2.81020055141302,92.15,54.53,0.0,0.0,0.0,0.0,0.0,-1.6199999999999992,6.5,2.4400000000000013,0.0,0.0,0.0,-0.2595767741771376,4.3496301563650555,7.671282161411944,2.949140552773225
