time,force_left_raw,force_right_raw,force_left,force_right,dis_left,dis_right,force_avg,force_sum,force_diff,force_diff_ratio,total_delta_dis,dis_diff,left_force_rate,right_force_rate,force_rate,force_rate_diff,force_rate_ratio,left_force_acc,right_force_acc,force_acc,left_dis_rate,right_dis_rate,dis_rate_diff,stiffness_ratio,force_std_5s,force_diff_std_5s,force_rate_std_5s
2025-06-11 13:18:40,470.48,210.8,470.48,210.8,0.46,0.94,340.64,681.28,259.68,0.7623297300307371,1.4,0.4799999999999999,0.0,0.0,0.0,0.0,0.0,0.0,0.0,0.0,0.0,0.0,0.0,243.3141119184915,0.0,0.0,0.0
2025-06-11 13:18:41,437.65,270.26,462.27250000000004,225.66500000000002,0.96,1.46,343.96875,687.9375,236.60750000000002,0.6878749866437722,2.42,0.5,-8.207499999999982,14.865000000000009,3.3287500000000136,23.07249999999999,6.931278428455567,-8.207499999999982,14.865000000000009,3.3287500000000136,0.49999999999999994,0.52,0.020000000000000073,142.13578837364116,0.0,0.0,0.0
2025-06-11 13:18:42,437.65,333.86,456.11687500000005,252.71375000000003,1.46,1.78,354.4153125,708.830625,203.40312500000002,0.5739117844297098,3.24,0.32000000000000006,-6.155624999999986,27.048750000000013,10.446562500000027,33.204375,3.1784974073052745,2.0518749999999955,12.183750000000003,7.117812500000014,0.5,0.32000000000000006,0.17999999999999994,109.38740836808384,0.0,0.0,0.0
2025-06-11 13:18:43,437.65,376.95,451.50015625000003,283.77281250000004,1.96,2.11,367.636484375,735.27296875,167.72734375,0.4562314961174574,4.07,0.1499999999999999,-4.616718750000018,31.05906250000001,13.221171874999982,35.67578125000003,2.6983824799280587,1.5389062499999682,4.010312499999998,2.7746093749999545,0.5,0.32999999999999985,0.17000000000000015,90.32835234561367,0.0,0.0,0.0
2025-06-11 13:18:44,443.8,387.21,449.5751171875,309.632109375,2.46,2.61,379.60361328125,759.2072265625,139.94300781249996,0.3686556253619218,5.07,0.1499999999999999,-1.9250390625000477,25.859296874999984,11.967128906249968,27.784335937500032,2.321720926835544,2.6916796874999704,-5.199765625000026,-1.2540429687500136,0.5,0.5,0.0,74.87249278279234,16.339233451136437,48.864410803940416,5.800650236176994
2025-06-11 13:18:45,447.91,383.11,449.158837890625,328.00158203125,2.96,3.11,388.5802099609375,777.160419921875,121.15725585937503,0.3117947143004524,6.07,0.1499999999999999,-0.41627929687496135,18.369472656249968,8.976596679687532,18.78575195312493,2.0927474554901573,1.5087597656250864,-7.489824218750016,-2.9905322265624363,0.5,0.5,0.0,64.0164985081448,18.122140275876163,46.83896192497269,3.845430611973891
2025-06-11 13:18:46,452.01,385.16,449.8716284179688,342.2911865234375,3.47,3.61,396.08140747070314,792.1628149414063,107.5804418945313,0.27161194540765393,7.08,0.13999999999999968,0.7127905273437705,14.289604492187493,7.501197509765632,13.576813964843723,1.8099526291923074,1.1290698242187318,-4.079868164062475,-1.4753991699219,0.5100000000000002,0.5,0.010000000000000231,55.94369371850416,16.60103007285627,38.333588188814204,2.2827432166160238
2025-06-11 13:18:47,460.22,389.26,452.4587213134766,354.0333898925781,3.97,3.5,403.24605560302734,806.4921112060547,98.42533142089849,0.24408256400580897,7.470000000000001,0.4700000000000002,2.5870928955077943,11.742203369140611,7.164648132324203,9.155110473632817,1.2778170018582489,1.8743023681640238,-2.547401123046882,-0.336549377441429,0.5,-0.10999999999999988,0.6099999999999999,53.982061796648665,13.951265663406058,27.631508320571864,2.706598441708345
2025-06-11 13:18:48,476.64,393.37,458.5040409851074,363.86754241943356,4.47,3.79,411.1857917022705,822.371583404541,94.63649856567383,0.23015507890905607,8.26,0.6799999999999997,6.045319671630807,9.834152526855462,7.9397360992431345,3.788832855224655,0.4771987797411869,3.4582267761230128,-1.9080508422851494,0.7750879669189317,0.49999999999999956,0.29000000000000004,0.20999999999999952,49.78035616488067,12.315391580453445,18.502398745789144,1.9443883831249806
2025-06-11 13:18:49,495.11,401.58,467.6555307388305,373.2956568145752,4.95,4.31,420.47559377670285,840.9511875534057,94.35987392425534,0.22441224912082222,9.26,0.6400000000000006,9.151489753723126,9.42811439514162,9.289802074432373,0.2766246414184934,0.029777234156860295,3.1061700820923193,-0.4060381317138422,1.3500659751892385,0.4800000000000004,0.5199999999999996,0.03999999999999915,45.40772660572098,12.490857808993027,11.356992045688262,0.9240547702821258
2025-06-11 13:18:50,497.16,407.74,475.0316480541229,381.9067426109314,5.34,4.66,428.4691953325272,856.9383906650544,93.1249054431915,0.21734329151381734,10.0,0.6799999999999997,7.37611731529239,8.611085796356235,7.993601555824341,1.234968481063845,0.15449460646051458,-1.775372438430736,-0.8170285987853845,-1.2962005186080319,0.3899999999999997,0.35000000000000053,0.03999999999999915,42.846915248561196,12.977937117023785,5.907503554608284,0.8079934849028171
2025-06-11 13:18:51,497.16,426.22,480.56373604059223,392.9850569581986,5.63,5.06,436.7743964993954,873.5487929987908,87.57867908239365,0.20051239171479798,10.69,0.5700000000000003,5.532087986469321,11.078314347267167,8.305201166868187,5.546226360797846,0.6678014874729142,-1.8440293288230691,2.4672285509109315,0.3115996110438459,0.29000000000000004,0.39999999999999947,0.10999999999999943,40.858218488416924,13.338986051460553,3.918368345726707,0.7684685753727909
2025-06-11 13:18:52,482.79,409.79,481.1203020304442,397.18629271864893,5.92,5.13,439.1532973745466,878.3065947490932,83.93400931179525,0.19112690175039815,11.05,0.79,0.556565989851947,4.201235760450345,2.378900875151203,3.644669770598398,1.532080750647499,-4.975521996617374,-6.877078586816822,-5.926300291716984,0.29000000000000004,0.07000000000000028,0.21999999999999975,39.74237625630501,11.595614154878247,4.751014348947185,2.738933698052335
2025-06-11 13:18:53,474.58,434.43,479.4852265228331,406.4972195389867,6.18,5.36,442.9912230309099,885.9824460618198,72.98800698384639,0.16476174475807137,11.54,0.8199999999999994,-1.6350755076110772,9.310926820337784,3.837925656363325,10.946002327948861,2.8520613622983824,-2.1916414974630243,5.109691059887439,1.459024781212122,0.2599999999999998,0.23000000000000043,0.02999999999999936,38.38745100896525,9.051000703258547,8.601393128910052,3.0514834570648306
2025-06-11 13:18:54,499.21,461.12,484.41641989212485,420.15291465424,6.47,5.43,452.28466727318244,904.5693345463649,64.26350523788483,0.14208641093946903,11.899999999999999,1.04,4.931193369291748,13.655695115253309,9.293444242272528,8.724501745961561,0.9387801314282191,6.566268876902825,4.344768294915525,5.4555185859092035,0.29000000000000004,0.0699999999999994,0.22000000000000064,38.007111703031164,8.716649731148907,11.632578367542546,3.052357675483552
2025-06-11 13:18:55,497.16,420.06,487.60231491909366,420.12968599068,6.72,5.49,453.86600045488683,907.7320009097737,67.47262892841366,0.14866200312895714,12.21,1.2299999999999995,3.185895026968808,-0.02322866356001896,1.5813331817043945,3.209123690528827,2.029377299028576,-1.7452983423229398,-13.678923778813328,-7.712111060568134,0.25,0.0600000000000005,0.1899999999999995,37.171659564555874,7.7063454761963275,10.169998663963549,3.50836099806166
2025-06-11 13:18:56,484.85,426.22,486.91423618932026,421.65226449301,6.97,5.56,454.28325034116517,908.5665006823303,65.26197169631024,0.14365920712163505,12.53,1.4100000000000001,-0.6880787297733946,1.5225785023300205,0.41724988627834136,2.210657232103415,5.298148679374455,-3.8739737567422026,1.5458071658900394,-1.1640832954260532,0.25,0.0699999999999994,0.1800000000000006,36.255643582244346,6.969036786100359,8.089425483083259,3.468417078815009
2025-06-11 13:18:57,484.85,422.11,486.39817714199023,421.7666983697575,7.22,5.56,454.08243775587385,908.1648755117477,64.63147877223275,0.14233423989994967,12.78,1.6600000000000001,-0.5160590473300317,0.11443387674745509,-0.20081258529131674,0.6304929240774868,3.1396925818681134,0.17201968244336285,-1.4081446255825654,-0.6180624715696581,0.25,0.0,0.25,35.530704399465534,4.8225616151732735,3.611419294489605,3.848277878366335
2025-06-11 13:18:58,482.79,420.06,485.49613285649264,421.3400237773181,7.47,5.56,453.4180783169054,906.8361566338108,64.15610907917454,0.14149437793885192,13.03,1.9100000000000001,-0.9020442854975954,-0.4266745924393831,-0.6643594389684608,0.4753696930582123,0.7155298015581862,-0.3859852381675637,-0.5411084691868382,-0.4635468536771441,0.25,0.0,0.25,34.79800794465829,0.7957181290574574,1.3646835146877894,4.116450379602745
2025-06-11 13:18:59,507.42,418.0,490.97709964236947,420.5050178329886,7.71,5.56,455.74105873767905,911.4821174753581,70.47208180938088,0.15463184697456062,13.27,2.1500000000000004,5.480966785876831,-0.8350059443295095,2.3229804207736606,6.31597273020634,2.7189079833892205,6.383011071374426,-0.40833135189012637,2.9873398597421215,0.2400000000000002,0.0,0.2400000000000002,34.34370944943253,0.8786384093002791,2.6072110929145067,1.2413018268983826
2025-06-11 13:19:00,509.48,424.16,495.6028247317771,421.41876337474145,7.88,5.61,458.51079405325925,917.0215881065185,74.18406135703566,0.16179348917710576,13.49,2.2699999999999996,4.625725089407638,0.9137455417528599,2.769735315580192,3.711979547654778,1.3401923954906187,-0.8552416964691929,1.7487514860823694,0.4467548948065314,0.16999999999999993,0.05000000000000071,0.11999999999999922,33.988936995131375,2.0321459264958452,4.40562123632832,1.5336758837455324
2025-06-11 13:19:01,513.58,422.11,500.0971185488328,421.59157253105604,8.17,5.61,460.8443455399444,921.6886910798888,78.50554601777674,0.17035154408902387,13.780000000000001,2.5599999999999996,4.494293817055677,0.17280915631459948,2.3335514866851668,4.321484660741078,1.8518909197023405,-0.13143127235196062,-0.7409363854382605,-0.43618382889502527,0.29000000000000004,0.0,0.29000000000000004,33.44298346131792,3.1158305660155228,6.17020438903567,1.6113068773319768
2025-06-11 13:19:02,519.74,418.0,505.00783891162456,420.69367939829203,8.67,5.61,462.85075915495827,925.7015183099165,84.31415951333253,0.182162733156374,14.280000000000001,3.0599999999999996,4.910720362791778,-0.8978931327640112,2.006413615013855,5.8086134955557895,2.895021523512815,0.41642654573610116,-1.0707022890786106,-0.3271378716713116,0.5,0.0,0.5,32.412515878322296,3.794905594442012,7.67351692432738,1.3787232610110136
2025-06-11 13:19:03,523.85,461.12,509.7183791837184,430.80025954871905,9.17,5.74,470.25931936621873,940.5186387324375,78.91811963499936,0.16781829985536736,14.91,3.4299999999999997,4.710540272093851,10.106580150427021,7.408560211260465,5.39603987833317,0.7283519329139899,-0.20018009069792697,11.004473283191032,5.4021465962466095,0.5,0.1299999999999999,0.3700000000000001,31.539858338454756,5.499570439625952,5.234438315956878,2.2748689125337327
2025-06-11 13:19:04,527.95,469.34,514.2762843877888,440.43519466153924,9.67,6.24,477.35573952466405,954.7114790493281,73.84108972624955,0.1546877589553871,15.91,3.4299999999999997,4.55790520407038,9.634935112820187,7.096420158445312,5.077029908749807,0.7154352588991612,-0.15263506802347138,-0.47164503760683374,-0.31214005281515256,0.5,0.5,0.0,30.003501541242144,7.740718747414685,4.2665506307900145,2.690243958189693
2025-06-11 13:19:05,527.95,475.5,517.6947132908416,449.2013959961544,10.16,6.74,483.44805464349804,966.8961092869961,68.49331729468719,0.14167668376185424,16.9,3.42,3.4184289030528134,8.766201334615175,6.092315118833994,5.347772431562362,0.8777897153153421,-1.1394763010175666,-0.8687337782050122,-1.0041050396113178,0.4900000000000002,0.5,0.009999999999999787,28.606392073201537,9.558162078712442,5.950062925629736,2.620115072027468
2025-06-11 13:19:06,536.16,475.5,522.3110349681311,455.7760469971158,10.66,7.24,489.0435409826235,978.087081965247,66.53498797101531,0.13605125568426257,17.9,3.42,4.616321677289534,6.57465100096141,5.5954863391254435,1.958329323671876,0.34998369310544386,1.1978927742367205,-2.1915503336537654,-0.4968287797085509,0.5,0.5,0.0,27.320866685014348,10.3869413064097,7.344412703838742,2.15977343830342
2025-06-11 13:19:07,544.38,481.66,527.8282762260984,462.2470352478369,11.16,7.74,495.0376557369676,990.0753114739352,65.58124097826152,0.13247727740661017,18.9,3.42,5.517241257967271,6.470988250721064,5.994114754344139,0.9537469927537927,0.15911387631488097,0.900919580677737,-0.10366275024034621,0.3986284152186954,0.5,0.5,0.0,26.192467171666692,9.692893665587235,5.60845249760188,0.7748973673375054
2025-06-11 13:19:08,542.32,491.93,531.4512071695739,469.66777643587767,11.66,8.24,500.5594918027258,1001.1189836054516,61.78343073369621,0.12342874647678595,19.9,3.42,3.622930943475467,7.420741188040779,5.52183606575818,3.797810244565312,0.687780207807318,-1.894310314491804,0.9497529373197153,-0.4722786885859591,0.5,0.5,0.0,25.1537420426625,9.17129243399237,4.420622957182722,0.6294730400587042
2025-06-11 13:19:09,548.48,489.88,535.7084053771804,474.7208323269083,12.16,8.74,505.21461885204434,1010.4292377040887,60.98757305027209,0.12071616824575016,20.9,3.42,4.257198207606507,5.053055891030624,4.655127049318537,0.7958576834241171,0.17096365019231263,0.6342672641310401,-2.367685297010155,-0.8667090164396427,0.5,0.5,0.0,24.172947113832404,8.712045322547075,3.194474099784032,0.5684699802223994
2025-06-11 13:19:10,554.64,500.15,540.4413040328852,481.07812424518124,12.66,9.24,510.75971413903324,1021.5194282780665,59.363179787703984,0.116225258234285,21.9,3.42,4.732898655704844,6.357291918272949,5.5450952869888965,1.6243932625681055,0.2929423004573623,0.4757004480983369,1.3042360272423252,0.8899682376703595,0.5,0.5,0.0,23.322360311263605,8.483365100227891,3.0742044877335655,0.4905337153971362
2025-06-11 13:19:11,556.69,504.25,544.503478024664,486.87109318388593,13.14,9.74,515.687285604275,1031.37457120855,57.63238484077806,0.1117583976527303,22.880000000000003,3.4000000000000004,4.062173991778764,5.792968938704689,4.927571465241726,1.7307949469259256,0.35124697995507204,-0.6707246639260802,-0.56432297956826,-0.6175238217471701,0.4800000000000004,0.5,0.019999999999999574,22.53877898013531,8.145312350933354,2.9831822370597374,0.5342073250961309
2025-06-11 13:19:12,569.02,510.42,550.632608518498,492.75831988791447,13.64,10.23,521.6954642032063,1043.3909284064125,57.87428863058358,0.1109350042136956,23.87,3.41,6.1291304938340545,5.887226704028535,6.008178598931295,0.2419037898055194,0.0402624099067458,2.066956502055291,0.09425776532384589,1.0806071336895684,0.5,0.4900000000000002,0.009999999999999787,21.855695113008426,8.34657747940256,1.8420508247787473,0.5386054449638781
2025-06-11 13:19:13,571.07,520.69,555.7419563888735,499.74123991593586,14.15,10.73,527.7415981524047,1055.4831963048093,56.000716472937654,0.10611389468421534,24.880000000000003,3.42,5.109347870375473,6.982920028021397,6.046133949198406,1.873572157645924,0.309879315196946,-1.0197826234585818,1.0956933239928617,0.0379553502671115,0.5099999999999998,0.5,0.009999999999999787,21.211478172866816,8.85924449940311,1.8868884320310166,0.6284534229764303
2025-06-11 13:19:14,577.23,520.69,561.1139672916552,504.9784299369519,14.65,11.23,533.0461986143035,1066.092397228607,56.135537354703274,0.1053108293339701,25.880000000000003,3.42,5.372010902781653,5.237190021016033,5.304600461898872,0.13482088176562002,0.025415836181849297,0.2626630324061807,-1.7457300070053634,-0.7415334872995345,0.5,0.5,0.0,20.596838408711942,8.958832458415412,1.3865316449089176,0.4749757212045241
2025-06-11 13:19:15,577.23,524.8,565.1429754687414,509.9338224527139,15.13,11.73,537.5383989607276,1075.0767979214552,55.20915301602747,0.1027073656878486,26.86,3.4000000000000004,4.029008177086212,4.955392515762014,4.492200346424056,0.9263843386758026,0.20622057366445423,-1.3430027256954418,-0.28179750525401914,-0.8124001154748157,0.4800000000000004,0.5,0.019999999999999574,20.012597875954196,8.720370181695351,1.1395805757357316,0.6771196737341486
2025-06-11 13:19:16,581.34,537.12,569.192231601556,516.7303668395355,15.63,12.23,542.9612992205457,1085.9225984410914,52.46186476202058,0.09662173849353733,27.86,3.4000000000000004,4.049256132814662,6.796544386821552,5.422900259818107,2.7472882540068895,0.5066085702801526,0.020247955728450506,1.8411518710595374,0.9306999133940508,0.5,0.5,0.0,19.48891887048194,8.283361491789709,1.9748503794766483,0.633655920221414
2025-06-11 13:19:17,587.5,533.01,573.769173701167,520.8002751296516,16.13,12.73,547.2847244154093,1094.5694488308186,52.96889857151541,0.09678490210248433,28.86,3.3999999999999986,4.57694209961096,4.069908290116132,4.323425194863603,0.5070338094948283,0.11727592576859623,0.5276859667962981,-2.7266360967054197,-1.099475064954504,0.4999999999999982,0.5,1.7763568394002505e-15,18.96343400734495,7.752433780301919,1.7257638316240551,0.709258547073754
2025-06-11 13:19:18,591.61,543.29,578.2293802758753,526.4227063472387,16.63,13.22,552.326043311557,1104.652086623114,51.806673928636656,0.09379726786776954,29.85,3.4099999999999984,4.460206574708309,5.622431217587064,5.041318896147686,1.1622246428787548,0.23053975284664363,-0.11673552490265138,1.5525229274709318,0.7178937012840834,0.5,0.4900000000000002,0.009999999999999787,18.50338441568417,7.6413859298734685,1.8614650024301838,0.48846957742750513
2025-06-11 13:19:19,599.82,549.45,583.6270352069065,532.179529760429,17.12,13.72,557.9032824836677,1115.8065649673354,51.44750544647752,0.09221581404796235,30.840000000000003,3.4000000000000004,5.397654931031184,5.756823413190318,5.577239172110694,0.35916848215913433,0.06439896276211605,0.937448356322875,0.13439219560325455,0.535920275963008,0.490000000000002,0.5,0.00999999999999801,18.090248521187387,7.926945133632494,1.4799134670238092,0.5534631635868054
2025-06-11 13:19:20,601.88,551.51,588.1902764051799,537.0121473203217,17.62,14.22,562.6012118627508,1125.2024237255016,51.178129084858256,0.0909669725460464,31.840000000000003,3.4000000000000004,4.563241198273431,4.832617559892697,4.697929379083121,0.2693763616192655,0.05733936859060878,-0.8344137327577528,-0.9242058532976216,-0.8793097930275735,0.5,0.5,0.0,17.669635496014926,7.895879162926521,0.7359399833266574,0.5152591526567941
2025-06-11 13:19:21,605.98,563.84,592.637707303885,543.7191104902413,18.12,14.72,568.1784088970632,1136.3568177941263,48.91859681364372,0.08609724685333661,32.84,3.4000000000000004,4.447430898705079,6.706963169919618,5.5771970343123485,2.259532271214539,0.4051375363243906,-0.11581029956835209,1.8743456100269213,0.8792676552292278,0.5,0.5,0.0,17.301412655165972,8.234213929764273,1.478439912019643,0.5494637235650212
2025-06-11 13:19:22,608.04,565.89,596.4882804779138,549.2618328676809,18.62,15.22,572.8750566727974,1145.7501133455949,47.22644761023287,0.08243760481051815,33.84,3.4000000000000004,3.8505731740287956,5.542722377439645,4.696647775734277,1.6921492034108496,0.36028864073326367,-0.5968577246762834,-1.1642407924799727,-0.8805492585780712,0.5,0.5,0.0,16.928931434511405,8.126384282749637,1.9712108767415966,0.44205189926700683
2025-06-11 13:19:23,612.15,567.95,600.4037103584353,553.9338746507608,19.1,15.7,577.1687925045981,1154.3375850091961,46.46983570767452,0.08051342385562346,34.8,3.400000000000002,3.915429880521515,4.672041783079862,4.293735831800632,0.7566119025583475,0.17621291946787826,0.06485670649271924,-0.8706805943597828,-0.4029119439336455,0.4800000000000004,0.47999999999999865,1.7763568394002505e-15,16.585309652853116,7.723845372708948,2.2514887110748942,0.5795459908951349
2025-06-11 13:19:24,618.31,572.06,604.8802827688264,558.4654059880706,19.6,16.2,581.6728443784485,1163.345688756897,46.414876780755776,0.0797955021444353,35.8,3.400000000000002,4.4765724103911,4.531531337309843,4.504051873850472,0.0549589269187436,0.01220210518349438,0.5611425298695849,-0.14051044577001903,0.21031604204983978,0.5,0.5,0.0,16.24784436119006,7.462263706150383,2.0241098629958785,0.4894904701231339
2025-06-11 13:19:25,618.31,580.28,608.2377120766198,563.919054491053,20.1,16.7,586.0783832838364,1172.1567665676728,44.318657585566825,0.07561899359199606,36.8,3.400000000000002,3.3574293077933817,5.4536485029823325,4.405538905387857,2.096219195188951,0.47581437013550393,-1.119143102597718,0.9221171656724891,-0.09851296846261448,0.5,0.5,0.0,15.926042591244398,7.05207594767993,1.6582962507748427,0.514668637172303
2025-06-11 13:19:26,622.42,582.33,611.7832840574648,568.5217908682897,20.59,17.2,590.1525374628773,1180.3050749257545,43.2614931891751,0.07330561231144549,37.79,3.3900000000000006,3.5455719808450112,4.602736377236738,4.074154179040875,1.0571643963917268,0.2594806407547297,0.18814267305162957,-0.8509121257455945,-0.33138472634698246,0.48999999999999844,0.5,0.010000000000001563,15.616631962059946,6.873259912016012,1.6701320940962536,0.23248176327991157
2025-06-11 13:19:27,628.58,590.55,615.9824630430986,574.0288431512172,21.09,17.69,595.0056530971578,1190.0113061943157,41.95361989188143,0.07050961550195768,38.78,3.3999999999999986,4.199178985633807,5.507052282927475,4.853115634280584,1.3078732972936677,0.26949142084394684,0.6536070047887961,0.904315905690737,0.7789614552397097,0.5,0.490000000000002,0.00999999999999801,15.343105666685204,6.983279624266371,1.974621017326081,0.28732722513824366
2025-06-11 13:19:28,632.69,590.55,620.159347282324,578.1591323634129,21.57,18.19,599.1592398228685,1198.318479645737,42.00021491891107,0.07009858491246693,39.760000000000005,3.379999999999999,4.176884239225387,4.130289212195748,4.153586725710625,0.046595027029638914,0.011218019241827163,-0.022294746408419996,-1.3767630707317267,-0.6995289085699596,0.4800000000000004,0.5,0.019999999999999574,15.069397000841837,6.9432743344221,1.859028216009431,0.30945435850500563
2025-06-11 13:19:29,636.8,598.77,624.319510461743,583.3118492725597,22.07,18.62,603.8156798671514,1207.6313597343028,41.007661189183295,0.06791420376875837,40.69,3.4499999999999993,4.160163179418987,5.152716909146761,4.656440044282931,0.9925537297277742,0.2131571559241383,-0.016721059806400262,1.0224276969510129,0.5028533185723063,0.5,0.4299999999999997,0.07000000000000028,14.839411772615868,7.0353448524489135,1.2905843517600633,0.3293632338429959
2025-06-11 13:19:30,645.01,602.89,629.4921328463072,588.2063869544197,22.57,18.94,608.8492599003634,1217.698519800727,41.28574589188747,0.06780947032905042,41.510000000000005,3.629999999999999,5.1726223845641925,4.894537681860015,5.033580033212047,0.2780847027041773,0.055245897675898714,1.0124592051452055,-0.258179227286746,0.37713998892911604,0.5,0.3200000000000003,0.17999999999999972,14.667531805175418,7.308736086571903,0.8718003253679892,0.42442425178914606
2025-06-11 13:19:31,649.12,604.94,634.3990996347304,592.3897902158149,23.05,19.14,613.3944449252726,1226.7888898505453,42.009309418915564,0.06848661525708269,42.19,3.91,4.906966788423233,4.183403261395142,4.545185024909188,0.7235635270280909,0.1591933802187002,-0.26565559614095946,-0.7111344204648731,-0.4883950083028594,0.4800000000000004,0.1999999999999993,0.28000000000000114,14.538858269410156,7.350613344452263,0.4714897681613524,0.33385262354796674
2025-06-11 13:19:32,651.18,615.22,638.5943247260478,598.0973426618611,23.56,19.64,618.3458336939545,1236.691667387909,40.49698206418668,0.06549244741695454,43.2,3.919999999999998,4.195225091317411,5.707552446046293,4.951388768681909,1.5123273547288818,0.3054349234016115,-0.7117416971058219,1.5241491846511508,0.4062037437727213,0.509999999999998,0.5,0.00999999999999801,14.313560633805414,7.582612614916011,0.6530570668231865,0.35135313995433776
2025-06-11 13:19:33,653.23,621.39,642.2532435445358,603.9205069963958,24.04,20.0,623.0868752704658,1246.1737505409317,38.33273654814002,0.06152069319383446,44.04,4.039999999999999,3.6589188184880186,5.823164334534681,4.741041576511293,2.1642455160466625,0.4564914744214821,-0.5363062728293926,0.1156118884883881,-0.21034719217061593,0.4800000000000004,0.35999999999999943,0.120000000000001,14.148203022758013,7.596328898271508,1.3937518210840016,0.2033759410707673
2025-06-11 13:19:34,665.56,627.55,648.0799326584018,609.8278802472969,24.54,20.48,628.9539064528494,1257.9078129056988,38.252052411104955,0.06081853051206711,45.019999999999996,4.059999999999999,5.826689113865996,5.90737325090106,5.867031182383585,0.08068413703506394,0.013752121094090299,2.167770295377977,0.08420891636637862,1.1259896058722916,0.5,0.4800000000000004,0.019999999999999574,13.97054403559097,7.8985351892082445,1.7134866928118633,0.5062925415533106
2025-06-11 13:19:35,663.51,631.67,651.9374494938013,615.2884101854727,25.04,20.98,633.612929839637,1267.225859679274,36.64903930832861,0.057841368956537645,46.019999999999996,4.059999999999999,3.8575168353994513,5.460529938175796,4.659023386787567,1.6030131027763446,0.3440662614521394,-1.9691722784665444,-0.4468433127252638,-1.2080077955960178,0.5,0.5,0.0,13.768207650400466,8.075774632237504,2.10469863127199,0.5322398239833929
2025-06-11 13:19:36,671.73,639.89,656.8855871203509,621.4388076391045,25.52,21.48,639.1621973797278,1278.3243947594556,35.44677948124638,0.055458191318422376,47.0,4.039999999999999,4.948137626549624,6.150397453631854,5.549267540090796,1.20225982708223,0.21665194581889147,1.0906207911501724,0.6898675154560578,0.8902441533032288,0.4800000000000004,0.5,0.019999999999999574,13.599195399585795,8.25154481934288,1.9116695296244248,0.5294423252872424
2025-06-11 13:19:37,675.84,639.89,661.6241903402632,626.0516057293283,26.02,21.96,643.8378980347958,1287.6757960695916,35.57258461093488,0.055250839790983455,47.980000000000004,4.059999999999999,4.7386032199123065,4.612798090223805,4.675700655067999,0.12580512968850144,0.026906149914877716,-0.20953440663731726,-1.5375993634080487,-0.8735668850227967,0.5,0.4800000000000004,0.019999999999999574,13.418880463024495,8.181980920869455,1.396912640120718,0.5686622503064073
2025-06-11 13:19:38,682.0,648.11,666.7181427551974,631.5662042969963,26.51,22.46,649.1421735260968,1298.2843470521937,35.15193845820113,0.05415137058975353,48.97,4.050000000000001,5.093952414934165,5.5145985676679175,5.304275491301041,0.4206461527337524,0.07930321004638573,0.3553491950218586,0.9018004774441124,0.6285748362330423,0.490000000000002,0.5,0.00999999999999801,13.255915055547923,8.00348120720893,1.2719012764356745,0.5349592766376868
2025-06-11 13:19:39,684.06,650.17,671.0536070663981,636.2171532227472,27.01,22.97,653.6353801445727,1307.2707602891453,34.836453843650816,0.053296462903597935,49.980000000000004,4.040000000000003,4.335464311200667,4.650948925750981,4.493206618475824,0.3154846145503143,0.0702136739137223,-0.7584881037334981,-0.8636496419169362,-0.8110688728252171,0.5,0.509999999999998,0.00999999999999801,13.077938516739378,7.914070666383651,0.6864611499347438,0.46158998332631956
2025-06-11 13:19:40,692.28,658.39,676.3602052997985,641.7603649170604,27.49,23.45,659.0602851084295,1318.120570216859,34.59984038273808,0.052498748767037175,50.94,4.039999999999999,5.30659823340045,5.543211694313186,5.424904963856875,0.23661346091273572,0.04361614053573635,0.9711339221997832,0.8922627685622047,0.9316983453810508,0.4799999999999969,0.4800000000000004,3.552713678800501e-15,12.937971577747508,7.844435972219029,0.4073053622720607,0.4734994411007158
2025-06-11 13:19:41,694.33,662.51,680.8526539748489,646.9477736877952,27.99,23.95,663.900213831322,1327.800427662644,33.90488028705363,0.05106924132517096,51.94,4.039999999999999,4.492448675050355,5.187408770734805,4.839928722892523,0.6949600956844506,0.14358888154870075,-0.8141495583500955,-0.3558029235783806,-0.5849762409643517,0.5,0.5,0.0,12.782060089512168,7.914930475919623,0.6250032961016897,0.4021918501860827
2025-06-11 13:19:42,702.55,668.68,686.2769904811366,652.3808302658464,28.48,24.45,669.3289103734915,1338.657820746983,33.89616021529025,0.050642008195543035,52.93,4.030000000000001,5.424336506287773,5.433056578051151,5.428696542169405,0.008720071763377746,0.0016062916925544996,0.9318878312374181,0.24564780731634528,0.5887678192768817,0.490000000000002,0.5,0.00999999999999801,12.645548795162341,8.010260787976783,0.5622568179061922,0.41567783503149275
2025-06-11 13:19:43,708.72,672.79,691.8877428608525,657.4831226993848,28.98,24.93,674.6854327801186,1349.3708655602372,34.40462016146773,0.05099357187646098,53.91,4.050000000000001,5.610752379715905,5.102292433538423,5.356522406627164,0.5084599461774815,0.09492349936311449,0.18641587342813182,-0.3307641445127274,-0.07217413554224095,0.5,0.4800000000000004,0.019999999999999574,12.515032837415802,8.281566434989871,0.4194664112837152,0.422749749231394
2025-06-11 13:19:44,714.89,676.9,697.6383071456394,662.3373420245387,29.46,25.43,679.987824585089,1359.975649170178,35.30096512110072,0.05191411344861408,54.89,4.030000000000001,5.750564284786833,4.854219325153849,5.302391804970398,0.8963449596329838,0.16904537113749116,0.13981190507092833,-0.24807310838457397,-0.054130601656765975,0.4800000000000004,0.5,0.019999999999999574,12.388191149515356,8.324661495189456,0.5806088880956897,0.24631057860794126
2025-06-11 13:19:45,716.94,683.07,702.4637303592295,667.520506518404,29.96,25.92,684.9921184388168,1369.9842368776335,34.94322384082557,0.051012592479827326,55.88,4.039999999999999,4.82542321359017,5.18316449386532,5.004293853727745,0.3577412802751496,0.07148685094137985,-0.9251410711966628,0.3289451687114706,-0.2980979512426529,0.5,0.490000000000002,0.00999999999999801,12.258269616688388,8.356130414595835,0.6255750870652459,0.2521449658524573
2025-06-11 13:19:46,721.05,683.07,707.1102977694222,671.407879888803,30.44,26.42,689.2590888291127,1378.5181776582253,35.70241788061924,0.05179825468746579,56.86,4.02,4.646567410192688,3.8873733703990183,4.26697039029591,0.7591940397936696,0.17792339585877098,-0.1788558033974823,-1.2957911234663015,-0.7373234634318351,0.4800000000000004,0.5,0.019999999999999574,12.122037930127942,7.9397537662051345,0.7153405899103112,0.4779964300293793
2025-06-11 13:19:47,725.16,693.35,711.6227233270666,676.8934099166022,30.94,26.92,694.2580666218344,1388.5161332436687,34.72931341046444,0.05002363678599939,57.86,4.02,4.512425557644406,5.4855300277992,4.998977792721689,0.9731044701547944,0.19466065180584385,-0.13414185254828226,1.5981566574001818,0.7320074024257792,0.5,0.5,0.0,11.99892939203085,7.660014003634799,0.5033998027413085,0.4344240881618765
2025-06-11 13:19:48,735.44,691.3,717.5770424953,680.4950574374516,31.43,27.4,699.0360499663758,1398.0720999327516,37.08198505784844,0.05304731423591788,58.83,4.030000000000001,5.954319168233383,3.601647520849383,4.77798334454144,2.3526716473839997,0.4923983583311205,1.441893610588977,-1.883882506949817,-0.2209944481802495,0.48999999999999844,0.4799999999999969,0.010000000000001563,11.882305593813875,7.490589807579027,0.9319226209179168,0.38527408492129045
2025-06-11 13:19:49,735.44,705.7,722.0427818714751,686.7962930780886,31.91,27.9,704.4195374747819,1408.8390749495638,35.24648879338645,0.05003621686829214,59.81,4.010000000000002,4.4657393761750654,6.30123564063706,5.38348750840612,1.8354962644619945,0.3409492305214239,-1.4885797920583173,2.699588119787677,0.6055041638646799,0.4800000000000004,0.5,0.019999999999999574,11.777621228844017,7.69482280131607,0.9358950921459451,0.40899752665716077
2025-06-11 13:19:50,741.61,709.81,726.9345864036063,692.5497198085665,32.41,28.39,709.7421531060863,1419.4843062121727,34.38486659503985,0.048446983733617,60.8,4.019999999999996,4.891804532131232,5.753426730477827,5.322615631304416,0.8616221983465948,0.16187943976258848,0.42606515595616656,-0.5478089101592332,-0.06087187710170383,0.49999999999999645,0.490000000000002,0.009999999999994458,11.673390484090394,8.086248331904372,1.0512139612558313,0.4542223657151981
2025-06-11 13:19:51,745.72,709.81,731.6309398027047,696.8647898564249,32.89,28.89,714.2478648295648,1428.4957296591297,34.766149946279825,0.048675189117857,61.78,4.0,4.696353399098371,4.3150700478583985,4.505711723478498,0.38128335123997203,0.08462220621682552,-0.19545113303286143,-1.4383566826194283,-0.8169039078259175,0.480000000000004,0.5,0.01999999999999602,11.561150101463495,8.017677871073051,1.0734900282271076,0.36902969377393896
2025-06-11 13:19:52,751.89,718.04,736.6957048520285,702.1585923923186,33.4,29.37,719.4271486221735,1438.854297244347,34.537112459709874,0.04800640687225658,62.769999999999996,4.029999999999998,5.064765049323796,5.293802535893747,5.179283792608658,0.2290374865699505,0.04422183674796358,0.36841165022542555,0.9787324880353481,0.6735720691301594,0.509999999999998,0.4800000000000004,0.029999999999997584,11.461321286615458,8.005869731032195,1.0995524161000467,0.37788250290183045
2025-06-11 13:19:53,749.83,722.15,739.9792786390213,707.156444294239,33.88,29.87,723.5678614666301,1447.1357229332602,32.822834344782336,0.04536248228727278,63.75,4.010000000000002,3.2835737869928607,4.997851901920399,4.14071284445663,1.714278114927538,0.41400545396840777,-1.7811912623309354,-0.295950633973348,-1.038570948152028,0.480000000000004,0.5,0.01999999999999602,11.350083923396804,7.592419141927925,0.9145112790569512,0.5527525247991025
2025-06-11 13:19:54,753.95,722.15,743.471958979266,710.9048332206793,34.36,30.35,727.1883960999726,1454.3767921999452,32.56712575858671,0.04478499091633532,64.71000000000001,4.009999999999998,3.4926803402446467,3.7483889264402706,3.6205346333424586,0.25570858619562387,0.07062728062685993,0.20910655325178595,-1.249462975480128,-0.5201782111141711,0.4799999999999969,0.4800000000000004,3.552713678800501e-15,11.23765082463795,7.004489939816611,1.035912817541379,0.7117311941268295
2025-06-11 13:19:55,758.06,732.44,747.1189692344495,716.2886249155094,34.86,30.85,731.7037970749795,1463.407594149959,30.830344318940092,0.04213500654233426,65.71000000000001,4.009999999999998,3.6470102551835453,5.383791694830165,4.515400975006969,1.7367814396466201,0.3846349559263635,0.15432991493889858,1.6354027683898948,0.8948663416645104,0.5,0.5,0.0,11.135349047932285,6.758858504822509,1.6088310550232015,0.5714624731248065
2025-06-11 13:19:56,770.39,738.61,752.9367269258371,721.8689686866321,35.35,31.34,737.4028478062346,1474.8056956124692,31.067758239204977,0.042131323861170175,66.69,4.010000000000002,5.8177576913875555,5.580343771122671,5.699050731255056,0.23741392026488484,0.0416584953884251,2.1707474362040102,0.19655207629250526,1.1836497562480872,0.490000000000002,0.48999999999999844,3.552713678800501e-15,11.057172540846635,6.996913386622553,1.5005452247770021,0.8240346425360782
2025-06-11 13:19:57,774.51,742.72,758.3300451943778,727.0817265149742,35.85,31.84,742.705885854676,1485.411771709352,31.24831867940361,0.04207361114604699,67.69,4.010000000000002,5.393318268540725,5.212757828342092,5.303038048441408,0.18056044019863293,0.034048484001206934,-0.4244394228468309,-0.367585942780579,-0.3960126828136481,0.5,0.5,0.0,10.972165384584292,7.694596321317879,0.9182110309872864,0.8461811580906206
2025-06-11 13:19:58,782.73,748.9,764.4300338957834,732.5362948862306,36.33,32.32,748.483164391007,1496.966328782014,31.893739009552746,0.04261116413071426,68.65,4.009999999999998,6.09998870140555,5.454568371256414,5.777278536330982,0.6454203301491361,0.11171699864795322,0.7066704328648257,0.24181054291432247,0.47424048788957407,0.4799999999999969,0.4800000000000004,3.552713678800501e-15,10.90288643099957,8.480354928338917,0.7053546790395573,0.9111794692348149
2025-06-11 13:19:59,784.79,755.07,769.5200254218375,738.169721164673,36.81,32.82,753.8448732932552,1507.6897465865104,31.350304257164566,0.04158720888903849,69.63,3.990000000000002,5.0899915260541775,5.633426278442357,5.3617089022482105,0.5434347523881797,0.10135474732795836,-1.0099971753513728,0.17885790718594308,-0.4155696340827717,0.480000000000004,0.5,0.01999999999999602,10.826437777779944,8.75424840137595,0.39681248024108823,0.5003878778829653
2025-06-11 13:20:00,786.85,759.18,773.8525190663781,743.4222908735047,37.31,33.31,758.6374049699414,1517.2748099398827,30.430228192873415,0.04011168966018414,70.62,4.0,4.332493644540591,5.252569708831743,4.792531676686167,0.9200760642911519,0.1919811770438142,-0.7574978815135864,-0.3808565696106143,-0.5691772255620435,0.5,0.490000000000002,0.00999999999999801,10.742528946862254,8.480077894519072,0.5282560376997746,0.39076029850942073
2025-06-11 13:20:01,793.02,763.3,778.6443892997836,748.3917181551285,37.8,33.79,763.518053727456,1527.036107454912,30.252671144655096,0.0396227318494178,71.59,4.009999999999998,4.7918702334054615,4.96942728162378,4.8806487575146775,0.17755704821831841,0.036379797166337526,0.4593765888648704,-0.283142427207963,0.08811708082851055,0.4899999999999949,0.4799999999999969,0.00999999999999801,10.6651493653067,8.19352657485337,0.6819350561173588,0.3985530976938668
2025-06-11 13:20:02,786.85,771.53,780.6957919748377,754.1762886163463,38.28,34.22,767.436040295592,1534.872080591184,26.51950335849142,0.034555978520009266,72.5,4.060000000000002,2.051402675054078,5.784570461217754,3.917986568135916,3.7331677861636763,0.9528278794258215,-2.7404675583513836,0.8151431795939743,-0.9626621893787615,0.480000000000004,0.4299999999999997,0.05000000000000426,10.585324547727827,7.533133017577926,2.1054988779699544,0.6979385393518925
2025-06-11 13:20:03,797.13,777.7,784.8043439811283,760.0572164622597,38.76,34.7,772.430780221694,1544.861560443388,24.747127518868638,0.03203798724816225,73.46000000000001,4.059999999999995,4.108552006290665,5.8809278459134475,4.994739926102056,1.7723758396227822,0.35484840271904977,2.0571493312365874,0.09635738469569333,1.0767533579661404,0.4799999999999969,0.480000000000004,7.105427357601002e-15,10.514984613486378,7.272974605991794,2.863579191606531,0.5332446439896401
2025-06-11 13:20:04,795.07,777.7,787.3707579858464,764.4679123466947,39.26,35.2,775.9193351662705,1551.838670332541,22.90284563915168,0.029517044583928072,74.46000000000001,4.059999999999995,2.5664140047180126,4.410695884434972,3.4885549445764354,1.8442818797169593,0.5286662759656227,-1.5421380015726527,-1.4702319614784756,-1.506184981525621,0.5,0.5,0.0,10.420619456696897,6.884118883579409,3.3329777132514766,0.6709657309522415
2025-06-11 13:20:05,803.3,775.65,791.3530684893847,767.263434260021,39.75,35.69,779.3082513747029,1558.6165027494058,24.089634229363696,0.030911560548676244,75.44,4.060000000000002,3.982310503538315,2.795521913326297,3.38891620843242,1.1867885902120179,0.35019698541440014,1.4158964988203024,-1.6151739711086748,-0.09963873614401564,0.490000000000002,0.4899999999999949,7.105427357601002e-15,10.33017286644393,6.3510901749423105,2.860231150725259,0.7610467171890993
2025-06-11 13:20:06,805.35,785.94,794.8523013670384,771.9325756950158,40.23,36.17,783.3924385310271,1566.7848770620542,22.91972567202265,0.029257016682141326,76.4,4.059999999999995,3.4992328776537533,4.669141434994799,4.084187156324219,1.1699085573410457,0.2864482517852377,-0.4830776258845617,1.8736195216685019,0.6952709478917996,0.4799999999999969,0.480000000000004,7.105427357601002e-15,10.253827595251302,6.14861752347063,1.5005782429751153,0.6393678147976599
2025-06-11 13:20:07,815.64,779.76,800.0492260252788,773.8894317712618,40.71,36.67,786.9693288982703,1573.9386577965406,26.159794254017015,0.033241186486134895,77.38,4.039999999999999,5.196924658240391,1.9568560762460265,3.576890367243209,3.2400685819943646,0.9058336553540788,1.6976917805866378,-2.7122853587487725,-0.5072967890810105,0.480000000000004,0.5,0.01999999999999602,10.17019021359628,5.781860437053903,1.3663355598378577,0.664652596955505
2025-06-11 13:20:08,821.81,794.17,805.4894195189592,778.9595738284463,41.21,37.15,792.2244966737028,1584.4489933474056,26.529845690512843,0.03348778757588965,78.36,4.060000000000002,5.44019349368034,5.070142057184512,5.255167775432483,0.37005143649582806,0.07041666068381867,0.24326883543994882,3.1132859809384854,1.678277408189274,0.5,0.4799999999999969,0.020000000000003126,10.11006236043441,6.3871392285153625,1.738511220998518,0.7726649092111356
2025-06-11 13:20:09,827.98,790.05,811.1120646392194,781.7321803713348,41.7,37.65,796.4221225052771,1592.8442450105542,29.379884267884563,0.036889839446668626,79.35,4.050000000000004,5.622645120260245,2.772606542888525,4.197625831574328,2.85003857737172,0.6789642556917828,0.18245162657990477,-2.297535514295987,-1.0575419438581548,0.490000000000002,0.5,0.00999999999999801,10.036825613969144,6.820010591638845,2.484843291926233,0.7286075299972093
2025-06-11 13:20:10,830.04,802.4,815.8440484794146,786.8991352785011,42.18,38.14,801.3715918789578,1602.7431837579156,28.944913200913447,0.03611921542779892,80.32,4.039999999999999,4.731983840195198,5.166954907166314,4.949469373680699,0.43497106697111576,0.08788234581302226,-0.8906612800650464,2.394348364277789,0.7518435421063714,0.4799999999999969,0.490000000000002,0.010000000000005116,9.977235830449727,7.190291892551439,2.5881926214905944,0.680189061340454
2025-06-11 13:20:11,832.09,802.4,819.905536359561,790.7743514588759,42.66,38.62,805.3399439092184,1610.6798878184368,29.13118490068507,0.036172531965949946,81.28,4.039999999999999,4.061487880146387,3.875216180374764,3.9683520302605757,0.1862716997716234,0.0469392965674206,-0.670495960048811,-1.29173872679155,-0.9811173434201237,0.4799999999999969,0.4799999999999969,0.0,9.908217691941445,7.262760298903154,1.5508054793511963,0.6959637420603355
2025-06-11 13:20:12,832.09,812.69,822.9516522696708,796.2532635941569,43.16,39.12,809.6024579319139,1619.2049158638279,26.69838867551391,0.03297715858068953,82.28,4.039999999999999,3.0461159101098474,5.478912135281007,4.262514022695541,2.4327962251711597,0.5707419709298059,-1.01537197003654,1.603695954906243,0.2941619924349652,0.5,0.5,0.0,9.83960194570141,6.9090807429153465,1.3998603550945499,0.547548105166138
2025-06-11 13:20:13,840.32,818.87,827.2937392022532,801.9074476956176,43.65,39.6,814.6005934489353,1629.2011868978707,25.38629150663553,0.031164096465960675,83.25,4.049999999999997,4.342086932582333,5.654184101460714,4.99813551702141,1.3120971688783811,0.26251727306966643,1.2959710224724859,0.1752719661797073,0.7356214943258692,0.490000000000002,0.480000000000004,0.00999999999999801,9.784991995963283,7.055544997301744,1.7720035820773237,0.4683936913134283
2025-06-11 13:20:14,842.38,825.04,831.0653044016899,807.6905857717132,44.13,40.09,819.3779450867016,1638.7558901734033,23.374718629976655,0.028527395375495358,84.22,4.039999999999999,3.7715651994367363,5.783138076095611,4.777351637766287,2.0115728766588745,0.421064348642978,-0.570521733145597,0.12895397463489644,-0.22078387925512288,0.480000000000004,0.490000000000002,0.00999999999999801,9.72901846779486,7.166201718423438,2.435845442885843,0.454031923482165
2025-06-11 13:20:15,848.55,829.16,835.4364783012675,813.0579393287849,44.61,40.59,824.2472088150262,1648.4944176300523,22.378538972482602,0.027150275677007986,85.2,4.019999999999996,4.37117389957757,5.367353557071624,4.86926372832454,0.9961796574940536,0.20458523269422402,0.5996087001408341,-0.41578451902398683,0.09191209055825311,0.4799999999999969,0.5,0.020000000000003126,9.674262900713185,7.526881961039936,2.685076466576654,0.43938882608627616
2025-06-11 13:20:16,854.72,833.28,840.2573587259506,818.1134544965887,45.1,41.07,829.1854066112696,1658.3708132225393,22.14390422936185,0.02670561255190725,86.17,4.030000000000001,4.820880424683082,5.055515167803833,4.938197796243458,0.2346347431207505,0.0475142360204777,0.4497065251055119,-0.31183838926779117,0.06893406791891721,0.490000000000002,0.4799999999999969,0.010000000000005116,9.622669107445754,7.718098843398112,1.979156626461217,0.294865031358651
2025-06-11 13:20:17,854.72,837.4,843.873019044463,822.9350908724415,45.6,41.55,833.4040549584522,1666.8081099169044,20.937928172021543,0.025123381656622708,87.15,4.050000000000004,3.6156603185124823,4.8216363758527905,4.2186483471825795,1.2059760573403082,0.2858678117311926,-1.2052201061706,-0.23387879195104233,-0.719549449060878,0.5,0.4799999999999969,0.020000000000003126,9.562869138216673,7.4994187375041195,1.664692603517361,0.31375297712648886
2025-06-11 13:20:18,856.78,841.51,847.0997642833472,827.5788181543312,46.08,42.05,837.3392912188392,1674.6785824376784,19.52094612901601,0.023313065934464947,88.13,4.030000000000001,3.2267452388841775,4.64372728188971,3.9352362603870006,1.4169820430055324,0.3600753777336879,-0.38891507962830474,-0.17790909396308052,-0.28341208679557894,0.4799999999999969,0.5,0.020000000000003126,9.501183271504097,7.136676070698732,1.482146476926164,0.4449770920265578
2025-06-11 13:20:19,869.13,847.69,852.6073232125104,832.6066136157484,46.56,42.54,842.6069684141294,1685.2139368282587,20.00070959676202,0.023736700885192842,89.1,4.020000000000003,5.507558929163224,5.027795461417213,5.267677195290162,0.479763467746011,0.09107683688327205,2.2808136902790466,0.38406817952750316,1.3324409349031612,0.480000000000004,0.490000000000002,0.00999999999999801,9.456868226231888,7.103049682384061,1.2647980624080883,0.5498916069543229
2025-06-11 13:20:20,877.36,851.81,858.7954924093829,837.4074602118113,47.05,43.02,848.101476310597,1696.202952621194,21.388032197571533,0.02521871824276834,90.07,4.029999999999994,6.188169196872423,4.800846596062911,5.494507896467667,1.3873226008095116,0.25249255701476786,0.6806102677091985,-0.22694886535430214,0.22683070117750503,0.4899999999999949,0.480000000000004,0.009999999999990905,9.416026056340304,7.457195870700952,1.0542431166870292,0.6711371478972169
2025-06-11 13:20:21,881.47,857.98,864.4641193070372,842.5505951588585,47.53,43.34,853.5073572329479,1707.0147144658958,21.91352414817868,0.025674675135252692,90.87,4.189999999999998,5.668626897654349,5.143134947047201,5.405880922350889,0.5254919506071474,0.0972074414786003,-0.5195422992180738,0.34228835098429045,-0.088626974116778,0.480000000000004,0.3200000000000003,0.1600000000000037,9.39261965269427,8.073251231182809,0.9833838558183349,0.7302757181952393
2025-06-11 13:20:22,881.47,864.16,868.7155894802779,847.9529463691439,48.01,43.11,858.334267924711,1716.668535849422,20.762643111134025,0.02418946075302887,91.12,4.899999999999999,4.251470173240705,5.40235121028536,4.8269106917630324,1.1508810370446554,0.2384300999350364,-1.417156724413644,0.2592162632381587,-0.5789702305878563,0.4799999999999969,-0.23000000000000398,0.7100000000000009,9.419822854531256,8.36467913137071,0.978219581529351,0.6410218692604294
2025-06-11 13:20:23,889.7,864.16,873.9616921102083,852.0047097768579,48.49,43.59,862.9832009435331,1725.9664018870662,21.956982333350425,0.025443116718727416,92.08000000000001,4.899999999999999,5.246102629930419,4.05176340771402,4.648933018822163,1.1943392222163993,0.2569060385414962,0.9946324566897147,-1.35058780257134,-0.17797767294086952,0.480000000000004,0.480000000000004,0.0,9.37210242801293,8.067370870673916,0.8287004500027381,0.3712184164557997
2025-06-11 13:20:24,895.88,868.28,879.4412690826563,856.0735323326435,49.0,44.08,867.7574007076498,1735.5148014152996,23.367736750012796,0.02692888208620024,93.08,4.920000000000002,5.479576972447944,4.068822555785573,4.774199764116702,1.4107544166623711,0.29549541093154713,0.23347434251752475,0.017059148071552954,0.12526674529453885,0.509999999999998,0.4899999999999949,0.020000000000003126,9.32270510727272,7.717221253963612,0.9631854651979834,0.39017466865324
2025-06-11 13:20:25,893.82,878.57,883.0359518119923,861.6976492494827,49.48,44.58,872.3668005307375,1744.733601061475,21.338302562509625,0.024460241408851665,94.06,4.899999999999999,3.594682729336,5.624116916839171,4.609399823087642,2.0294341875031705,0.440281560531275,-1.884894243111944,1.5552943610535976,-0.16479994102905948,0.4799999999999969,0.5,0.020000000000003126,9.274577836021258,7.454007290440326,0.9697414241089619,0.3215399669769129
2025-06-11 13:20:26,897.94,874.46,886.7619638589942,864.888236937112,49.96,45.06,875.8251003980531,1751.6502007961062,21.87372692188228,0.024974994307614514,95.02000000000001,4.899999999999999,3.726012047001973,3.1905876876293178,3.4582998673156453,0.5354243593726551,0.1548229549467322,0.13132931766597267,-2.433529229209853,-1.151099955771997,0.480000000000004,0.480000000000004,0.0,9.217271008006547,7.026032631610271,0.9694359690723046,0.5689246725356217
2025-06-11 13:20:27,906.17,876.52,891.6139728942458,867.7961777028339,50.44,45.54,879.7050752985399,1759.4101505970798,23.817795191411847,0.027074750201087794,95.97999999999999,4.899999999999999,4.852009035251513,2.9079407657219463,3.8799749004867863,1.9440682695295664,0.5010516352139356,1.1259969882495398,-0.2826469219073715,0.42167503317114097,0.4799999999999969,0.4799999999999969,0.0,9.16550391886889,6.577712296352061,1.0632434835417646,0.5753020878394659
2025-06-11 13:20:28,906.17,888.87,895.2529796706843,873.0646332771254,50.93,46.03,884.1588064739049,1768.3176129478097,22.18834639355896,0.02509543105378592,96.96000000000001,4.899999999999999,3.6390067764385776,5.268455574291465,4.453731175364965,1.6294487978528878,0.3658614244623637,-1.213002258812935,2.360514808569519,0.5737562748781784,0.490000000000002,0.490000000000002,0.0,9.11879947767229,6.353304205452964,1.0400675552823178,0.5495590924302076
2025-06-11 13:20:29,910.28,895.05,899.0097347530132,878.5609749578441,51.41,46.51,888.7853548554286,1777.5707097108573,20.448759795169053,0.023007534564391814,97.91999999999999,4.899999999999999,3.756755082328823,5.496341680718729,4.626548381523776,1.7395865983899057,0.37600087126206455,0.11774830589024532,0.22788610642726326,0.17281720615881113,0.4799999999999969,0.4799999999999969,0.0,9.076647730583957,6.5214862215158345,1.2427591554896416,0.5163114637850756
2025-06-11 13:20:30,918.52,897.11,903.8873010647599,883.1982312183831,51.89,47.01,893.5427661415715,1787.085532283143,20.68906984637681,0.023153978306556945,98.9,4.880000000000003,4.877566311746705,4.637256260538948,4.757411286142883,0.24031005120775717,0.050512765502312776,1.1208112294178818,-0.8590854201797811,0.1308629046191072,0.480000000000004,0.5,0.01999999999999602,9.03481048641821,7.043629158282665,1.3497869523909172,0.5484917376212674
2025-06-11 13:20:31,924.69,899.17,909.0879757985699,887.1911734137873,52.38,47.49,898.1395746061786,1796.2791492123572,21.89680238478263,0.02438017762440085,99.87,4.890000000000001,5.200674733810047,3.9929421954042255,4.596808464607079,1.2077325384058213,0.26273278187941046,0.323108422063342,-0.6443140651347221,-0.16060282153580374,0.490000000000002,0.480000000000004,0.00999999999999801,8.993086668800359,7.313652352619529,1.3501263327448363,0.343269175061222
2025-06-11 13:20:32,922.63,905.35,912.4734818489275,891.7308800603404,52.86,47.98,902.1021809546339,1804.2043619092678,20.74260178858708,0.022993627776892143,100.84,4.880000000000003,3.3855060503575487,4.5397066465531,3.9626063484553242,1.154200596195551,0.2912730166529049,-1.815168683452498,0.5467644511488743,-0.634202116151755,0.4799999999999969,0.4899999999999949,0.00999999999999801,8.945876358674708,7.157020818826633,0.7900553467533054,0.30840810364335525
2025-06-11 13:20:33,928.81,911.53,916.5576113866956,896.6806600452553,53.34,48.46,906.6191357159755,1813.238271431951,19.876951341440304,0.02192425742681773,101.80000000000001,4.880000000000003,4.084129537768149,4.949779984914926,4.516954761341594,0.865650447146777,0.19164465912096237,0.6986234874106003,0.41007333836182625,0.5543484128862701,0.480000000000004,0.480000000000004,0.0,8.905885332122693,6.996105143887565,0.736553876384319,0.3083875762596622
2025-06-11 13:20:34,939.1,919.77,922.1932085400217,902.4529950339414,53.83,48.94,912.3231017869816,1824.6462035739632,19.740213506080295,0.021637305298723142,102.77,4.890000000000001,5.635597153326103,5.7723349886861115,5.703966071006107,0.13673783536000883,0.023972409668187304,1.5514676155579536,0.8225550037711855,1.1870113096645127,0.4899999999999949,0.4799999999999969,0.00999999999999801,8.877328918066096,7.294757223857922,0.8618883750297035,0.6322306562976536
2025-06-11 13:20:35,943.22,923.88,927.4499064050162,907.8097462754561,54.31,49.42,917.6298263402361,1835.2596526804723,19.640160129560172,0.02140314050872504,103.73,4.890000000000001,5.256697864994521,5.356751241514644,5.306724553254526,0.10005337652012258,0.018854070276681546,-0.3788992883315814,-0.4155837471714676,-0.39724151775158134,0.480000000000004,0.480000000000004,0.0,8.846330063567976,7.799222071087915,0.9541901194802564,0.688301908611453
2025-06-11 13:20:36,945.28,921.83,931.9074298037622,911.3148097065921,54.79,49.93,921.6111197551771,1843.2222395103543,20.592620097170084,0.02234415322625045,104.72,4.859999999999999,4.457523398745934,3.5050634311360227,3.9812934149409784,0.9524599676099115,0.23923374368786324,-0.7991744662485871,-1.8516878103786212,-1.3254311383135473,0.4799999999999969,0.509999999999998,0.030000000000001137,8.800717255103704,7.922707839616102,0.5110157449163599,0.7857631213803007
2025-06-11 13:20:37,945.28,928.0,935.2505723528216,915.486107279944,55.27,50.41,925.3683398163828,1850.7366796327656,19.764465072877556,0.02135848418527141,105.68,4.8600000000000065,3.343142549059394,4.1712975733519215,3.7572200612056577,0.8281550242925277,0.2204169014284138,-1.1143808496865404,0.6662341422158988,-0.22407335373532078,0.480000000000004,0.4799999999999969,7.105427357601002e-15,8.75632410162811,7.431425186221722,0.3837493002260206,0.8372581661980536
2025-06-11 13:20:38,953.51,942.42,939.8154292646161,922.219580459958,55.76,50.89,931.0175048622871,1862.0350097245741,17.59584880465809,0.018899589635923354,106.65,4.869999999999997,4.56485691179455,6.733473180014016,5.649165045904283,2.1686162682194663,0.3838825502025632,1.221714362735156,2.5621756066620947,1.8919449846986254,0.4899999999999949,0.480000000000004,0.009999999999990905,8.72965303453009,7.15388921575685,1.11370354517107,0.9382079438231021
2025-06-11 13:20:39,955.57,942.42,943.7540719484622,927.2696853449686,56.24,51.37,935.5118786467153,1871.0237572934307,16.48438660349359,0.017620713282356947,107.61,4.8700000000000045,3.9386426838460693,5.050104885010569,4.494373784428262,1.1114622011644997,0.24730073802821292,-0.6262142279484806,-1.6833682950034472,-1.1547912614760207,0.480000000000004,0.4799999999999969,7.105427357601002e-15,8.693540283925055,7.160882423096154,1.7073659233007124,0.8211748151598822
2025-06-11 13:20:40,959.69,940.36,947.7380539613466,930.5422640087264,56.72,51.86,939.1401589850366,1878.2803179700732,17.195789952620203,0.01831014228258984,108.58,4.859999999999999,3.9839820128844394,3.2725786637578267,3.6282803383212467,0.7114033491266127,0.19607171627318426,0.045339329038370124,-1.7775262212527423,-0.8660934461070156,0.4799999999999969,0.490000000000002,0.010000000000005116,8.649292230021592,7.165556050711534,1.7613050500379819,0.8224046129577043
2025-06-11 13:20:41,959.69,956.85,950.7260404710099,937.1191980065448,57.21,52.34,943.9226192387773,1887.8452384775546,13.606842464465103,0.014415209650366339,109.55000000000001,4.869999999999997,2.987986509663301,6.576933997818401,4.782460253740737,3.5889474881550996,0.7504394280973845,-0.9959955032211383,3.304355334060574,1.1541799154194905,0.490000000000002,0.480000000000004,0.00999999999999801,8.616363401391272,7.170162195528796,2.2243053444495526,0.8223299929269703
2025-06-11 13:20:42,969.98,965.09,955.5395303532574,944.1118985049086,57.69,52.77,949.8257144290831,1899.6514288581661,11.427631848348824,0.01203129338647817,110.46000000000001,4.919999999999995,4.813489882247495,6.992700498363774,5.9030951903057485,2.179210616116279,0.36916400239166824,1.825503372584194,0.4157665005453737,1.1206349365650112,0.4799999999999969,0.4299999999999997,0.04999999999999716,8.598820440252242,7.304649390196233,2.6515348560863665,0.9168838474284488
2025-06-11 13:20:43,974.1,989.82,960.1796477649431,955.5389238786814,58.17,53.11,957.8592858218123,1915.7185716436245,4.64072388626164,0.004844891050395944,111.28,5.060000000000002,4.640117411685651,11.427025373772835,8.033571392729186,6.786907962087184,0.844818174319273,-0.17337247056184424,4.434324875409061,2.130476202423438,0.480000000000004,0.3399999999999963,0.14000000000000767,8.607649867129425,8.857967278481066,5.047839671995005,1.6973730540364658
2025-06-11 13:20:44,972.04,932.12,963.1447358237073,949.684192909011,58.66,53.4,956.4144643663592,1912.8289287327184,13.460542914696248,0.014073964167344669,112.06,5.259999999999998,2.965088058764195,-5.854730969670413,-1.4448214554530523,8.819819028434608,6.104431028979946,-1.675029352921456,-17.28175634344325,-9.478392848182239,0.4899999999999949,0.28999999999999915,0.19999999999999574,8.53484254713115,8.003190502015803,4.641549557871245,3.5399518896685414
2025-06-11 13:20:45,978.22,969.21,966.9135518677804,954.5656446817583,59.14,53.65,960.7395982747694,1921.4791965495388,12.347907186022098,0.012852501547082193,112.78999999999999,5.490000000000002,3.7688160440731053,4.881451772747255,4.32513390841018,1.1126357286741495,0.25724879159506464,0.8037279853089103,10.736182742417668,5.769955363863232,0.480000000000004,0.25,0.23000000000000398,8.517950082071277,6.797379769855447,3.7162895273592946,3.5264665411763034
2025-06-11 13:20:46,976.16,946.55,969.2251639008352,952.5617335113186,59.57,53.84,960.8934487060769,1921.7868974121538,16.663430389516634,0.017341600564155922,113.41,5.729999999999997,2.311612033054871,-2.0039111704396646,0.1538504313075464,4.315523203494536,28.04993861167192,-1.4572040110182343,-6.885362943186919,-4.171283477102634,0.4299999999999997,0.19000000000000483,0.23999999999999488,8.472739972077745,4.516298843948132,4.417640098996314,3.956038229886216
2025-06-11 13:20:47,982.34,952.73,972.5038729256264,952.603800133489,60.05,53.66,962.5538365295577,1925.1076730591153,19.900072792137394,0.020674243887710136,113.71,6.390000000000001,3.278709024791169,0.04206662217040957,1.6603878234807325,3.2366424026207596,1.949327986823996,0.9670969917362982,2.045977792610074,1.5065373921731862,0.4799999999999969,-0.18000000000000682,0.6600000000000037,8.464988374501534,2.491592385915478,5.717000411899586,3.7320269601301197
2025-06-11 13:20:48,982.34,981.57,974.9629046942198,959.8453501001168,60.48,53.77,967.4041273971683,1934.8082547943366,15.117554594103012,0.015626927930471362,114.25,6.709999999999994,2.459031768593377,7.241549966627758,4.8502908676106244,4.782518198034381,0.9860268883963822,-0.8196772561977923,7.199483344457349,3.189903044129892,0.4299999999999997,0.11000000000000654,0.3199999999999932,8.467432113170558,3.9600182651316707,2.956159993541038,2.6869765259530762
2025-06-11 13:20:49,986.46,948.61,977.8371785206648,957.0365125750876,60.75,53.66,967.4368455478761,1934.8736910957523,20.80066594557718,0.02150079978843126,114.41,7.090000000000003,2.8742738264450054,-2.808837525029162,0.03271815070786488,5.683111351474167,173.6937306905123,0.4152420578516285,-10.05038749165692,-4.81757271690276,0.2700000000000031,-0.11000000000000654,0.38000000000000966,8.455876558797305,3.3757683265460905,3.4694569482403415,2.275695256451143
2025-06-11 13:20:50,957.63,948.61,972.7853838904987,954.9298844313157,61.02,53.56,963.8576341609072,1927.7152683218144,17.855499459182965,0.018525038146533074,114.58000000000001,7.460000000000001,-5.051794630166114,-2.1066281437719,-3.57921138696895,2.945166486394214,0.8228532336099572,-7.9260684566111195,0.7022093812572621,-3.611929537676815,0.2700000000000031,-0.09999999999999432,0.36999999999999744,8.412093085606685,2.9258049160107302,2.3209401493460518,3.0484944748411755
2025-06-11 13:20:51,965.87,956.85,971.056537917874,955.4099133234868,61.3,53.49,963.2332256206804,1926.4664512413608,15.646624594387276,0.016243858872352718,114.78999999999999,7.809999999999995,-1.7288459726246401,0.48002889217104894,-0.6244085402267956,2.208874864795689,3.537541825503483,3.322948657541474,2.586657035942949,2.9548028467421545,0.27999999999999403,-0.07000000000000028,0.3499999999999943,8.391264197485986,2.3492203327044625,2.5114431892907754,3.0979432159849907
2025-06-11 13:20:52,990.57,958.91,975.9349034384055,956.284934992615,61.59,53.43,966.1099192155102,1932.2198384310204,19.649968445790478,0.020339267856195036,115.02000000000001,8.160000000000004,4.878365520531474,0.8750216691282731,2.876693594829817,4.003343851403201,1.3916471559401098,6.607211493156115,0.3949927769572241,3.5011021350566125,0.29000000000000625,-0.060000000000002274,0.3500000000000085,8.399494964493263,1.9701526510973593,2.462773323195046,3.2585753551282766
2025-06-11 13:20:53,990.57,956.85,979.5936775788042,956.4262012444613,61.84,53.43,968.0099394116328,1936.0198788232656,23.16747633434295,0.023933097551138063,115.27000000000001,8.410000000000004,3.658774140398691,0.14126625184621844,1.9000201961225684,3.5175078885524727,1.8512992885188644,-1.2195913801327833,-0.7337554172820546,-0.9766733987072485,0.25,0.0,0.25,8.397761178223922,2.121050388745359,2.858699215571736,2.5006874954668215
2025-06-11 13:20:54,965.87,981.57,976.1627581841032,962.7121509333459,62.06,53.38,969.4374545587245,1938.874909117449,13.45060725075723,0.01387465191656446,115.44,8.68,-3.43091939470105,6.285949688884671,1.4275151470917535,9.71686908358572,6.806836548491363,-7.089693535099741,6.144683437038452,-0.4725050490308149,0.21999999999999886,-0.04999999999999716,0.269999999999996,8.39776027512963,2.6471106291756703,3.730645866487939,2.5653165094313173
2025-06-11 13:20:55,961.75,950.67,972.5595686380774,959.7016132000094,62.31,53.38,966.1305909190435,1932.261181838087,12.857955438067961,0.01330871369317471,115.69,8.93,-3.60318954602576,-3.0105377333364913,-3.306863639681069,0.5926518126892688,0.1792186488608216,-0.17227015132471024,-9.296487422221162,-4.734378786772822,0.25,0.0,0.25,8.351029324643566,2.336318000423256,4.377102491733872,2.460447568587173
2025-06-11 13:20:56,965.87,956.85,970.887176478558,958.988709900007,62.56,53.38,964.9379431892826,1929.8758863785652,11.898466578550938,0.012330810131575602,115.94,9.18,-1.6723921595194042,-0.712903300002381,-1.1926477297608926,0.9594888595170232,0.804502478872707,1.930797386506356,2.2976344333341103,2.1142159099201763,0.25,0.0,0.25,8.322735336092352,1.784191591200852,4.941647019723144,2.534747799111041
2025-06-11 13:20:57,998.81,956.85,977.8678823589185,958.4540324250053,62.77,53.38,968.1609573919618,1936.3219147839236,19.413849933913184,0.020052295814693914,116.15,9.39,6.9807058803604605,-0.5346774750017858,3.2230142026792237,7.515383355362246,2.3317865051070403,8.653098039879865,0.17822582500059525,4.415661932440116,0.21000000000000085,0.0,0.21000000000000085,8.335436496397119,1.7856753535149,4.901459254927535,2.6245047632847793
2025-06-11 13:20:58,984.4,958.91,979.5009117691889,958.5680243187539,62.97,53.32,969.0344680439714,1938.0689360879428,20.93288745043492,0.02160179861412655,116.28999999999999,9.649999999999999,1.6330294102704102,0.11399189374867547,0.8735106520095997,1.5190375165217347,1.7390008628128075,-5.34767647009005,0.6486693687504612,-2.349503550669624,0.19999999999999574,-0.060000000000002274,0.259999999999998,8.332913059687492,1.9349735026962953,4.146198729460837,2.5167670164356997
2025-06-11 13:20:59,965.87,958.91,976.0931838268916,958.6535182390654,63.16,53.32,967.3733510329785,1934.746702065957,17.439665587826198,0.018027854035027904,116.47999999999999,9.839999999999996,-3.4077279422972424,0.08549392031147818,-1.661117010992939,3.4932218626087206,2.1029341922074734,-5.040757352567653,-0.028497973437197288,-2.5346276630025386,0.18999999999999773,0.0,0.18999999999999773,8.30505960446359,1.6242683560077424,3.9831587850102315,2.520704375755176
2025-06-11 13:21:00,972.04,956.85,975.0798878701687,958.2026386792991,63.38,53.32,966.6412632747339,1933.2825265494678,16.877249190869634,0.01745968211230104,116.7,10.060000000000002,-1.0132959567229136,-0.4508795597663493,-0.7320877582445746,0.5624163969565643,0.7682352592124813,2.394431985574329,-0.5363734800778275,0.9290292527483643,0.22000000000000597,0.0,0.22000000000000597,8.28312986282437,1.5607266455749698,3.4292947179084634,1.9884890605782963
2025-06-11 13:21:01,996.75,952.73,980.4974159026265,956.8344790094743,63.58,53.32,968.6659474560504,1937.3318949121008,23.662936893152164,0.02442837691452698,116.9,10.259999999999998,5.417528032457767,-1.3681596698247631,2.024684181316502,6.78568770228253,3.3514779309395166,6.430823989180681,-0.9172801100584138,2.7567719395610766,0.19999999999999574,0.0,0.19999999999999574,8.286278350468537,0.9715060490120173,2.755802136361084,1.98531146745877
2025-06-11 13:21:02,1009.11,952.73,987.6505619269699,955.8083592571057,63.72,53.32,971.7294605920379,1943.4589211840757,31.84220266986415,0.032768588304089616,117.03999999999999,10.399999999999999,7.153146024343414,-1.0261197523685723,3.0635131359874777,8.179265776711986,2.669896535037702,1.735617991885647,0.3420399174561908,1.0388289546709757,0.14000000000000057,0.0,0.14000000000000057,8.302541458385992,1.9550216143761106,6.076559060852769,1.9362269249629673
2025-06-11 13:21:03,965.87,958.91,982.2054214452273,956.5837694428293,63.92,53.25,969.3945954440283,1938.7891908880565,25.621652002398037,0.026430570271780345,117.17,10.670000000000002,-5.4451404817425555,0.7754101857235582,-2.3348651480096123,6.220550667466114,2.664200118181894,-12.59828650608597,1.8015299380921306,-5.39837828399709,0.20000000000000284,-0.07000000000000028,0.2700000000000031,8.273402638650044,1.9774408885910606,6.202078558493251,2.3561291289399957
2025-06-11 13:21:04,980.28,960.97,981.7240660839204,957.680327082122,64.11,53.25,969.7021965830212,1939.4043931660424,24.043739001798485,0.02479497216952525,117.36,10.86,-0.48135536130689616,1.096557639292655,0.3076011389929363,1.5779130005995512,5.1297205076840715,4.963785120435659,0.3211474535690968,2.6424662870025486,0.18999999999999773,0.0,0.18999999999999773,8.262629416499589,1.838275206449026,5.341823688400604,2.1495302193224335
2025-06-11 13:21:05,1007.05,950.67,988.0555495629403,955.9277453115915,64.26,53.25,971.9916474372659,1943.9832948745318,32.127804251348834,0.03305358055596753,117.51,11.010000000000005,6.33148347901988,-1.752581770530469,2.2894508542447056,8.084065249550349,3.5310046964133677,6.812838840326776,-2.849139409823124,1.9818497152517693,0.15000000000000568,0.0,0.15000000000000568,8.271565306490515,1.4792084461501072,4.197027132972162,2.1533076629459935
2025-06-11 13:21:06,969.98,958.91,983.5366621722052,956.6733089836936,64.42,53.25,970.1049855779494,1940.2099711558988,26.86335318851161,0.027691181429004126,117.67,11.170000000000002,-4.518887390735131,0.7455636721020937,-1.8866618593165185,5.2644510628372245,2.790350717321259,-10.850370869755011,2.4981454426325627,-4.176112713561224,0.1599999999999966,0.0,0.1599999999999966,8.244284671825143,1.195331009802151,3.686191971964291,2.4144480992875508
2025-06-11 13:21:07,976.16,956.85,981.6924966291539,956.7174817377702,64.58,53.25,969.204989183462,1938.409978366924,24.975014891383694,0.02576855788439156,117.83,11.329999999999998,-1.8441655430513038,0.044172754076612364,-0.8999963944874025,1.8883382971279161,2.098159737677271,2.674721847683827,-0.7013909180254814,0.986665464829116,0.1599999999999966,0.0,0.1599999999999966,8.225451760655268,1.121737319759662,3.188981498549416,1.8629743850257192
2025-06-11 13:21:08,974.1,956.85,979.7943724718654,956.7506113033277,64.74,53.25,968.2724918875965,1936.544983775193,23.043761168537685,0.023798839002248467,117.99,11.489999999999995,-1.898124157288521,0.033129565557487695,-0.9324972958654598,1.9312537228460087,2.071053353565215,-0.05395861423721726,-0.01104318851912467,-0.03250090137805728,0.1599999999999966,0.0,0.1599999999999966,8.20639447140607,1.3764037915679637,3.5947954780997016,1.6065038192240906
2025-06-11 13:21:09,992.63,956.85,983.0032793538991,956.7754584774957,64.79,53.25,969.8893689156973,1939.7787378313947,26.22782087640337,0.027042074787027606,118.04,11.540000000000006,3.208906882033716,0.024847174168030506,1.6168770281008165,3.1840597078656856,1.9692640091137112,5.107031039322237,-0.008282391389457189,2.5493743239662763,0.05000000000001137,0.0,0.05000000000001137,8.216616068274154,1.3737427982578354,3.392661117917655,1.8088606586650204
2025-06-11 13:21:10,1009.11,956.85,989.5299595154244,956.7940938581218,64.88,53.25,973.1620266867731,1946.3240533735461,32.73586565730261,0.03363865905774855,118.13,11.629999999999995,6.526680161525292,0.0186353806260513,3.2726577710757283,6.50804478089924,1.9886108623417635,3.3177732794915755,-0.006211793541979205,1.6557807429749118,0.0899999999999892,0.0,0.0899999999999892,8.238059920839017,1.8410353190273219,3.6400909991569033,2.138320625007698
2025-06-11 13:21:11,978.22,956.85,986.7024696365684,956.8080703935913,64.99,53.25,971.7552700150798,1943.5105400301595,29.8943992429771,0.03076330032329014,118.24,11.739999999999995,-2.8274898788559995,0.013976535469510054,-1.4067566716933015,2.8414664143255095,2.0198691441328784,-9.354170040381291,-0.004658845156541247,-4.67941444276903,0.10999999999999943,0.0,0.10999999999999943,8.218498492866892,1.9789192814286172,3.9026218983601373,2.027214931632537
2025-06-11 13:21:12,996.75,956.85,989.2143522274263,956.8185527951935,65.01,53.25,973.0164525113098,1946.0329050226196,32.39579943223282,0.03329419488779104,118.26,11.760000000000005,2.5118825908579083,0.010482401602189384,1.2611824962300489,2.501400189255719,1.9833752952944175,5.339372469713908,-0.00349413386732067,2.6679391679233504,0.020000000000010232,0.0,0.020000000000010232,8.22777307867019,2.1061577913756535,4.163868213203674,1.9273185063465488
2025-06-11 13:21:13,978.22,954.79,986.4657641705696,956.311414596395,65.04,53.25,971.3885893834823,1942.7771787669647,30.154349574174603,0.031042519824399362,118.29,11.790000000000006,-2.748588056856647,-0.5071381987984296,-1.6278631278274815,2.2414498580582176,1.3769268698423969,-5.2604706477145555,-0.517620600400619,-2.8890456240575304,0.030000000000001137,0.0,0.030000000000001137,8.211924771084263,1.336757270613135,2.6025228829382057,2.097739943063728
2025-06-11 13:21:14,1000.87,960.97,990.0668231279271,957.4760609472962,65.06,53.31,973.7714420376117,1947.5428840752234,32.59076218063092,0.033468595134569075,118.37,11.75,3.601058957357509,1.1646463509011937,2.3828526541293513,2.436412606456315,1.022476811462655,6.349647014214156,1.6717845496996233,4.010715781956833,0.01999999999999602,0.060000000000002274,0.04000000000000625,8.226505312250623,1.0051005680259564,1.4047779402629448,2.213236391474396
2025-06-11 13:21:15,974.1,960.97,986.0751173459454,958.3495457104723,65.1,53.31,972.2123315282088,1944.4246630564176,27.725571635473102,0.028518020917687386,118.41,11.789999999999992,-3.99170578198175,0.8734847631760658,-1.559110509402899,4.865190545157816,3.1204891477076346,-7.592764739339259,-0.2911615877251279,-3.9419631635322503,0.03999999999999204,0.0,0.03999999999999204,8.210559271325476,0.9657332035359719,2.008445252954868,1.8806855238231939
2025-06-11 13:21:16,980.28,956.85,984.626338009459,957.9746592828542,65.1,53.31,971.3004986461566,1942.6009972923132,26.651678726604814,0.027439169171964786,118.41,11.789999999999992,-1.448779336486382,-0.3748864276180939,-0.911832882052181,1.073892908868288,1.1777286740556028,2.542926445495368,-1.2483711907941597,0.6472776273507179,0.0,0.0,0.0,8.202858630548924,1.0616774386914418,2.6839138149264397,1.8124160538320178
2025-06-11 13:21:17,980.28,958.91,983.5397535070942,958.2084944621406,65.15,53.31,970.8741239846174,1941.7482479692349,25.33125904495364,0.02609118771741392,118.46000000000001,11.840000000000003,-1.086584502364758,0.23383517928641595,-0.42637466153917103,1.320419681651174,3.0968458117065096,0.3621948341216239,0.6087216069045098,0.48545822051301,0.05000000000001137,0.0,0.05000000000001137,8.19579702675013,1.1481255426676187,2.895156627645016,1.6472758548813349
2025-06-11 13:21:18,976.16,958.91,981.6948151303206,958.3838708466054,65.15,53.31,970.039342988463,1940.078685976926,23.31094428371523,0.024030926609500982,118.46000000000001,11.840000000000003,-1.844938376773598,0.17537638446481196,-0.8347809961544499,2.02031476123841,2.42017050025671,-0.7583538744088401,-0.05845879482160399,-0.40840633461527887,0.0,0.0,0.0,8.188750082725923,1.4260555411445826,3.472166450468861,1.537433986652917
2025-06-11 13:21:19,974.1,958.91,979.7961113477405,958.515403134954,65.15,53.31,969.1557572413473,1938.3115144826945,21.28070821278652,0.02195798563009417,118.46000000000001,11.840000000000003,-1.898703782580128,0.13153228834858055,-0.8835857471157169,2.0302360709287086,2.297721279269961,-0.05376540580653,-0.04384409611623141,-0.04880475096126702,0.0,0.0,0.0,8.181291145197164,1.1723769912633903,2.5910712962873554,0.40642772840872193
2025-06-11 13:21:20,974.1,958.91,978.3720835108054,958.6140523512155,65.2,53.31,968.4930679310105,1936.986135862021,19.758031159589905,0.02040079768603625,118.51,11.89,-1.4240278369351245,0.09864921626149226,-0.6626893103367593,1.5226770531966167,2.2977204124545567,0.4746759456450036,-0.032883072087088294,0.22089643677895765,0.04999999999999716,0.0,0.04999999999999716,8.1722475720088,1.1658432746185166,2.82742651728029,0.20210790545299534
2025-06-11 13:21:21,976.16,956.85,977.8190626331041,958.1730392634116,65.2,53.31,967.9960509482578,1935.9921018965156,19.646023369692443,0.02029556146448269,118.51,11.89,-0.5530208777013286,-0.44101308780386717,-0.49701698275271156,0.11200778989746141,0.22535963241633905,0.8710069592337959,-0.5396623040653594,0.1656723275840477,0.0,0.0,0.0,8.168053689816928,1.161469119094905,2.439788809413858,0.20105131285229164
2025-06-11 13:21:22,978.22,956.85,977.9192969748281,957.8422794475587,65.2,53.31,967.8807882111934,1935.7615764223867,20.07701752726939,0.020743275154403905,118.51,11.89,0.10023434172398993,-0.3307598158529572,-0.1152627370644268,0.43099415757694715,3.7391999301223633,0.6532552194253185,0.11025327195090995,0.38175424568828475,0.0,0.0,0.0,8.167081090575582,0.8958490690799314,1.5390685976590444,0.310257866656577
2025-06-11 13:21:23,978.22,956.85,977.994472731121,957.594209585669,65.2,53.31,967.794341158395,1935.58868231679,20.400263145452072,0.021079130406936437,118.51,11.89,0.07517575629299245,-0.2480698618896895,-0.08644705279834852,0.32324561818268194,3.739189116690632,-0.025058585430997482,0.08268995396326773,0.02881568426607828,0.0,0.0,0.0,8.166351641144573,0.5672147945673972,0.6557696253980464,0.3462869921670527
2025-06-11 13:21:24,994.69,956.85,982.1683545483407,957.4081571892517,65.26,53.31,969.7882558687962,1939.5765117375925,24.760197359089034,0.02553154998910125,118.57000000000001,11.950000000000003,4.173881817219694,-0.18605239641726712,1.9939147104012136,4.359934213636961,2.1866191187989887,4.098706060926702,0.06201746547242237,2.080361763199562,0.060000000000002274,0.0,0.060000000000002274,8.17903557130607,0.8268982974051751,2.162215568230457,1.0726866462627243
2025-06-11 13:21:25,978.22,956.85,981.1812659112557,957.2686178919388,65.26,53.31,969.2249419015973,1938.4498838031946,23.912648019316862,0.024671928012633335,118.57000000000001,11.950000000000003,-0.987088637085094,-0.13953929731292192,-0.5633139671989511,0.8475493397721721,1.5045745082658797,-5.160970454304788,0.0465130991043452,-2.5572286776001647,0.0,0.0,0.0,8.174284673419184,0.9101767927813592,2.3866967881251018,1.0551866030315171
2025-06-11 13:21:26,976.16,948.61,979.9259494334417,955.1039634189541,65.26,53.31,967.5149564261978,1935.0299128523957,24.821986014487607,0.02565540286893294,118.57000000000001,11.950000000000003,-1.255316477813949,-2.1646544729846937,-1.709985475399435,0.9093379951707448,0.5317808112829272,-0.26822784072885497,-2.025115175671772,-1.146671508200484,0.0,0.0,0.0,8.159862935534578,1.002400157057082,2.3633663340008213,1.3408520637764685
2025-06-11 13:21:27,978.22,956.85,979.4994620750813,955.5404725642155,65.26,53.31,967.5199673196485,1935.039934639297,23.958989510865763,0.02476330235589537,118.57000000000001,11.950000000000003,-0.4264873583604185,0.43650914526142515,0.005010893450617004,0.8629965036218437,172.1897147505404,0.8288291194535304,2.601163618246119,1.714996368850052,0.0,0.0,0.0,8.159905196590564,1.0638846479061772,1.8234574049009535,1.341503697619598
2025-06-11 13:21:28,974.1,956.85,978.1495965563109,955.8678544231616,65.26,53.31,967.0087254897362,1934.0174509794724,22.28174213314935,0.02304192456880155,118.57000000000001,11.950000000000003,-1.3498655187703434,0.32738185894606886,-0.511241829912251,1.6772473777164123,3.2807254783490905,-0.9233781604099249,-0.10912728631535629,-0.516252723362868,0.0,0.0,0.0,8.155593466594777,1.2168895178328074,1.0248534013501711,1.3560073511977475
2025-06-11 13:21:29,980.28,948.61,978.6821974172333,954.0533908173712,65.31,53.31,966.3677941173023,1932.7355882346046,24.62880659986206,0.025485955476064366,118.62,12.0,0.5326008609223436,-1.8144636057903654,-0.6409313724338972,2.347064466712709,3.661953378637891,1.882466379692687,-2.1418454647364342,-0.12968954252164622,0.04999999999999716,0.0,0.04999999999999716,8.14675253726648,1.0601376763693926,1.000180628266571,0.6272255525141721
2025-06-11 13:21:30,980.28,956.85,979.0816480629248,954.7525431130284,65.31,53.31,966.9170955879766,1933.8341911759533,24.32910494989642,0.025161521122905074,118.62,12.0,0.39945064569155875,0.6991522956571998,0.5493014706743224,0.2997016499656411,0.5456040450677894,-0.13315021523078485,2.513615901447565,1.1902328431082196,0.0,0.0,0.0,8.151383303292812,0.47973746006423035,1.0165352503062006,0.8415369647523632
2025-06-11 13:21:31,974.1,944.48,977.8362360471937,952.1844073347713,65.31,53.31,965.0103216909824,1930.0206433819649,25.651828712422343,0.026581921570425132,118.62,12.0,-1.2454120157311763,-2.5681357782571013,-1.9067738969941956,1.322723762525925,0.6936968619688889,-1.644862661422735,-3.267288073914301,-2.456075367668518,0.0,0.0,0.0,8.13530866258366,0.9603047381867864,1.2289911887225822,0.9158419774241692
2025-06-11 13:21:32,974.1,950.67,976.9021770353952,951.8058055010786,65.31,53.31,964.3539912682369,1928.7079825364738,25.09637153431663,0.026024024098544953,118.62,12.0,-0.9340590117984675,-0.37860183369275546,-0.6563304227455546,0.555457178105712,0.8463059345568628,0.3113530039327088,2.189533944564346,1.250443474248641,0.0,0.0,0.0,8.129775612362682,1.1894609299985954,1.28417034426853,0.8711728853913286
2025-06-11 13:21:33,974.1,954.79,976.2016327765464,952.5518541258089,65.31,53.31,964.3767434511776,1928.7534869023552,23.649778650737517,0.02452338133080604,118.62,12.0,-0.7005442588488222,0.7460486247302924,0.02275218294073511,1.4465928835791146,63.577605267229394,0.2335147529496453,1.124650458423048,0.6790826056862898,0.0,0.0,0.0,8.129967419669619,1.1759153087893144,0.7590341394222613,0.9211586751890357
2025-06-11 13:21:34,980.28,981.57,977.2212245824098,959.8063905943567,65.31,53.32,968.5138075883833,1937.0276151767666,17.414833988053147,0.017980986779564254,118.63,11.990000000000002,1.019591805863456,7.254536468547826,4.137064137205698,6.23494466268437,1.5070936656548861,1.7201360647122783,6.508487843817534,4.114311954264963,0.0,0.00999999999999801,0.00999999999999801,8.164155773617361,1.8266726888426479,3.3372513205163234,2.267323918043825
2025-06-11 13:21:35,980.28,963.03,977.9859184368074,960.6122929457674,65.36,53.36,969.2991056912874,1938.5982113825748,17.373625491040002,0.01792390539835021,118.72,12.0,0.7646938543975921,0.8059023514107366,0.7852981029041075,0.04120849701314455,0.052474906517468035,-0.254897951465864,-6.44863411713709,-3.3517660343015905,0.04999999999999716,0.03999999999999915,0.00999999999999801,8.164581347091527,2.4002152153046494,4.121281692965061,2.2728986085630565
2025-06-11 13:21:36,974.1,963.03,977.0144388276055,961.2167197093256,65.36,53.36,969.1155792684656,1938.2311585369312,15.797719118279929,0.01630117133593459,118.72,12.0,-0.9714796092018787,0.6044267635581946,-0.18352642282184206,1.5759063727600733,8.586762395121045,-1.7361734635994708,-0.20147558785254205,-0.9688245257259496,0.0,0.0,0.0,8.163035470901534,2.5421003642780335,4.196570654228626,1.925248949084589
2025-06-11 13:21:37,980.28,958.91,977.830829120704,960.6400397819941,65.36,53.36,969.2354344513491,1938.4708689026982,17.19078933870992,0.017736443293269184,118.72,12.0,0.8163902930984932,-0.5766799273314973,0.11985518288349795,1.3930702204299905,11.622848207873233,1.787869902300372,-1.181106690889692,0.30338160570534,0.0,0.0,0.0,8.164045032743465,2.1090289433442666,3.0721533531499046,1.8038057094899376
2025-06-11 13:21:38,976.16,948.61,977.413121840528,957.6325298364956,65.36,53.36,967.5228258385118,1935.0456516770237,19.780592004032428,0.020444573973171988,118.72,12.0,-0.41770728017604597,-3.0075099454985548,-1.7126086128372435,2.589802665322509,1.5121967352688384,-1.2340975732745392,-2.4308300181670575,-1.8324637957207415,0.0,0.0,0.0,8.149619421233933,0.7469529949761359,1.433268333124557,2.1641107516542046
2025-06-11 13:21:39,978.22,954.79,977.614841380396,956.9218973773717,65.36,53.36,967.2683693788838,1934.5367387577676,20.69294400302431,0.02139317756758528,118.72,12.0,0.20171953986800872,-0.7106324591238717,-0.2544564596280452,0.9123519989918805,3.585479475923075,0.6194268200440547,2.296877486374683,1.4581521532091983,0.0,0.0,0.0,8.147476088539486,1.0036765053194463,2.0112181902578534,0.9154634628204494
2025-06-11 13:21:40,980.28,956.85,978.281131035297,956.9039230330287,65.36,53.36,967.5925270341629,1935.1850540683258,21.377208002268276,0.022093192519479138,118.72,12.0,0.6662896549009929,-0.01797434434297429,0.324157655279123,0.6842639992439672,2.1108922686477976,0.4645701150329842,0.6926581147808974,0.5786141149071682,0.0,0.0,0.0,8.150206526987503,0.9476102526367393,2.3795576935969787,0.8013144835571421
2025-06-11 13:21:41,982.34,960.97,979.2958482764727,957.9204422747716,65.42,53.36,968.6081452756222,1937.2162905512444,21.375406001701094,0.022068166661504227,118.78,12.060000000000002,1.014717241175731,1.0165192417429125,1.015618241459265,0.0018020005671814943,0.0017742875416502928,0.34842758627473813,1.0344935860858868,0.691460586180142,0.060000000000002274,0.0,0.060000000000002274,8.154639982496903,0.8388710400408751,1.7445380238251795,1.012077363880451
2025-06-11 13:21:42,980.28,960.97,979.5418862073545,958.6828317060788,65.42,53.36,969.1123589567167,1938.2247179134333,20.85905450127575,0.021523876243005894,118.78,12.060000000000002,0.24603793088181192,0.762389431307156,0.504213681094484,0.5163515004253441,1.024070737695529,-0.7686793102939191,-0.25412981043575655,-0.511404560364781,0.0,0.0,0.0,8.15888492000195,0.7959307850221711,0.6551622443618629,1.0470836725398815
2025-06-11 13:21:43,974.1,950.67,978.1814146555158,956.679623779559,65.42,53.36,967.4305192175375,1934.861038435075,21.50179087595677,0.02222566936499156,118.78,12.060000000000002,-1.3604715518387138,-2.0032079265197353,-1.6818397391791677,0.6427363746810215,0.3821624483865891,-1.6065094827205257,-2.7655973578268913,-2.1860534202736517,0.0,0.0,0.0,8.144725636241892,0.8112922800613894,0.3602434460046401,1.034700310444651
2025-06-11 13:21:44,974.1,958.91,977.1610609916369,957.2372178346693,65.42,53.36,967.199139413153,1934.398278826306,19.923843156967564,0.020599525293681305,118.78,12.060000000000002,-1.02035366387895,0.5575940551102576,-0.23137980438445993,1.5779477189892077,6.81970020454811,0.3401178879597637,2.560801981629993,1.4504599347947078,0.0,0.0,0.0,8.142777666866268,0.8273823927919358,0.6543528319705492,1.0334351695427857
2025-06-11 13:21:45,978.22,958.91,977.4257957437276,957.6554133760019,65.42,53.36,967.5406045598647,1935.0812091197295,19.770382367725688,0.020433646147890207,118.78,12.060000000000002,0.2647347520907033,0.4181955413325795,0.34146514671169825,0.15346078924187623,0.44941728695419997,1.2850884159696534,-0.1393985137776781,0.5728449510961582,0.0,0.0,0.0,8.145652436556762,0.8338955250110649,0.8046710360944416,1.034878329623591
2025-06-11 13:21:46,978.22,950.67,977.6243468077957,955.9090600320014,65.42,53.36,966.7667034198986,1933.5334068397972,21.71528677579431,0.022461765259928365,118.78,12.060000000000002,0.19855106406816958,-1.746353344000454,-0.7739011399661422,1.9449044080686235,2.5131141363089036,-0.06618368802253372,-2.1645488853330335,-1.1153662866778404,0.0,0.0,0.0,8.139137020380211,0.8907955668055689,0.8875477328982901,0.8907430546486783
2025-06-11 13:21:47,980.28,956.85,978.2882601058468,956.144295024001,65.42,53.36,967.216277564924,1934.432555129848,22.14396508184575,0.02289453307661565,118.78,12.060000000000002,0.6639132980510567,0.23523499199961861,0.4495741450253945,0.4286783060514381,0.9535186960285004,0.4653622339828871,1.9815883360000726,1.2234752849915367,0.0,0.0,0.0,8.142921951692221,0.29684400269329114,1.088754738179909,0.8776011232378798
2025-06-11 13:21:48,980.28,958.91,978.7861950793852,956.8357212680007,65.42,53.36,967.8109581736929,1935.6219163473859,21.950473811384427,0.022680538594154292,118.78,12.060000000000002,0.49793497353834937,0.6914262439996719,0.5946806087689538,0.19349127046132253,0.32536952145176884,-0.16597832451270733,0.4561912520000533,0.1451064637435593,0.0,0.0,0.0,8.147928523537333,0.3938049791994585,1.1557434249776157,0.5691821354332657
2025-06-11 13:21:49,972.04,958.91,977.0996463095389,957.3542909510005,65.42,53.36,967.2269686302698,1934.4539372605395,19.745355358538404,0.020414397011785376,118.78,12.060000000000002,-1.6865487698462402,0.5185696829997823,-0.5839895434231721,2.2051184528460226,3.7759489047892787,-2.1844837433845896,-0.17285656099988955,-1.178670152192126,0.0,0.0,0.0,8.143011958976745,0.3920970308537822,1.2029753904230613,0.6348567265421318
2025-06-11 13:21:50,982.34,958.91,978.4097347321542,957.7432182132503,65.47,53.36,968.0764764727023,1936.1529529454046,20.666516518903904,0.021348020533312313,118.83,12.11,1.3100884226153084,0.38892726224980834,0.8495078424325584,0.9211611603655001,1.0843455822399284,2.9966371924615487,-0.129642420749974,1.4334973858557305,0.04999999999999716,0.0,0.04999999999999716,8.146734564722442,0.5218641220382692,1.013727779244256,0.7348402092547345
2025-06-11 13:21:51,982.34,956.85,979.3923010491158,957.5199136599377,65.47,53.36,968.4561073545267,1936.9122147090534,21.872387389178016,0.022584799869083072,118.83,12.11,0.9825663169615382,-0.22330455331257326,0.37963088182436877,1.2058708702741114,3.176421496738228,-0.32752210565377027,-0.6122318155623816,-0.4698769606081896,0.0,0.0,0.0,8.149929304086488,0.5401483964437909,1.0342024725275372,0.5458415005911259
2025-06-11 13:21:52,978.22,954.79,979.0992257868368,956.8374352449533,65.47,53.36,967.9683305158951,1935.9366610317902,22.261790541883443,0.022998469905539342,118.83,12.11,-0.2930752622789896,-0.6824784149844163,-0.48777683863158927,0.3894031527054267,0.7983207146061767,-1.2756415792405278,-0.45917386167184304,-0.867407720455958,0.0,0.0,0.0,8.145824475048983,0.44879459121032694,1.0599532317572817,0.6490919638531404
2025-06-11 13:21:53,980.28,956.85,979.3944193401276,956.840576433715,65.47,53.36,968.1174978869212,1936.2349957738425,22.55384290641257,0.023296596675861675,118.83,12.11,0.295193553290801,0.0031411887616741296,0.14916737102612387,0.29205236452912686,1.957870576182532,0.5882688155697906,0.6856196037460904,0.6369442096577131,0.0,0.0,0.0,8.147079775644547,0.45317970044698574,1.1801522605025123,0.6017081512958738
2025-06-11 13:21:54,974.1,954.79,978.0708145050957,956.3279323252863,65.47,53.36,967.199373415191,1934.398746830382,21.742882179809385,0.022480248390313567,118.83,12.11,-1.3236048350319152,-0.5126441084287308,-0.9181244717302661,0.8109607266031844,0.8832787582669688,-1.6187983883227162,-0.5157852971904049,-1.06729184275639,0.0,0.0,0.0,8.139353406343833,0.4645034431411288,0.7198817090905721,0.7015626444025034
2025-06-11 13:21:55,978.22,956.85,978.1081108788217,956.4584492439647,65.47,53.36,967.2832800613932,1934.5665601227863,21.64966163485701,0.022381924777094244,118.83,12.11,0.037296373726007914,0.13051691867838144,0.08390664620219468,0.09322054495237353,1.1109898700737868,1.360901208757923,0.6431610271071122,1.0020311179324608,0.0,0.0,0.0,8.140059512928836,0.54480450530011,0.3804962687609165,0.5311444052239725
2025-06-11 13:21:56,982.34,948.61,979.1660831591163,954.4963369329736,65.47,53.36,966.8312100460449,1933.6624200920899,24.669746226142706,0.02551608382548153,118.83,12.11,1.0579722802946208,-1.962112310991074,-0.45207001534822666,3.020084591285695,6.680553472244506,1.0206759065686128,-2.0926292296694555,-0.5359766615504213,0.0,0.0,0.0,8.136255170493897,0.5438861667638896,1.2283300642063446,0.44341827485614427
2025-06-11 13:21:57,980.28,956.85,979.4445623693373,955.0847526997302,65.47,53.36,967.2646575345337,1934.5293150690675,24.359809669607102,0.025184223836435555,118.83,12.11,0.27847921022100763,0.5884157667566114,0.43344748848880954,0.3099365565356038,0.7150481885775581,-0.7794930700736131,2.5505280777476855,0.8855175038370362,0.0,0.0,0.0,8.139902797228233,0.4722384164357509,1.435255561922531,0.5397815916090711
2025-06-11 13:21:58,978.22,956.85,979.138421777003,955.5260645247976,65.47,53.36,967.3322431509002,1934.6644863018005,23.61235725220547,0.024409769647378808,118.83,12.11,-0.30614059233425905,0.4413118250673733,0.06758561636650029,0.7474524174016324,11.059177949498766,-0.5846198025552667,-0.14710394168923813,-0.36586187212230925,0.0,0.0,0.0,8.140471556092137,0.2018775836229792,1.4319440347236172,0.5299716290453202
2025-06-11 13:21:59,980.28,950.67,979.4238163327523,954.3120483935982,65.47,53.36,966.8679323631752,1933.7358647263504,25.111767939154106,0.02597228336222173,118.83,12.11,0.2853945557492352,-1.2140161311994007,-0.4643107877250259,1.4994106869486359,3.2293185884753264,0.5915351480834943,-1.655327956266774,-0.5318964040915262,0.0,0.0,0.0,8.136564202866372,0.24468631030383758,1.3617276072516293,0.3864796366809239
2025-06-11 13:22:00,974.1,948.61,978.0928622495642,952.8865362951987,65.47,53.36,965.4896992723814,1930.9793985447627,25.206325954365525,0.026107296584577114,118.83,12.11,-1.3309540831880895,-1.4255120983995084,-1.3782330907938558,0.09455801521141893,0.06860809483892101,-1.6163486389373247,-0.21149596720010777,-0.9139223030688299,0.0,0.0,0.0,8.124965843199659,0.7437212180054263,0.6456027856367546,0.683472089848623
2025-06-11 13:22:01,976.16,956.85,977.6096466871732,953.8774022213989,65.47,53.36,965.743524454286,1931.487048908572,23.732244465774215,0.024574065308499544,118.83,12.11,-0.4832155623910239,0.9908659262002857,0.2538251819046309,1.4740814885913096,5.807444596653786,0.8477385207970656,2.416378024599794,1.6320582726984867,0.0,0.0,0.0,8.12710187938386,0.8657109140381302,0.7457492307504292,0.7306453884475339
2025-06-11 13:22:02,969.98,950.67,975.7022350153799,953.0755516660493,65.47,53.36,964.3888933407145,1928.777786681429,22.62668334933062,0.023462198167264157,118.83,12.11,-1.9074116717932839,-0.801850555349688,-1.354631113571486,1.105561116443596,0.8161338457633235,-1.42419610940226,-1.7927164815499737,-1.6084562954761168,0.0,0.0,0.0,8.115702139400929,1.1665883616212507,1.0934419018801238,0.7689485536807206
2025-06-11 13:22:03,986.46,956.85,978.3916762615349,954.0191637495369,65.53,53.36,966.2054200055359,1932.4108400110717,24.372512511998025,0.02522498009443313,118.89,12.170000000000002,2.68944124615507,0.9436120834876647,1.8165266648213674,1.7458291626674054,0.9610804153863992,4.596852917948354,1.7454626388373526,3.1711577783928533,0.060000000000002274,0.0,0.060000000000002274,8.126885456124572,0.9188301222643411,1.068574174235105,1.32856940737047
2025-06-11 13:22:04,976.16,956.85,977.8337571961512,954.7268728121527,65.53,53.36,966.2803150041519,1932.5606300083039,23.106884383998477,0.02391323097582295,118.89,12.170000000000002,-0.5579190653837713,0.7077090626157769,0.07489499861605964,1.2656281279995483,16.898474569883962,-3.2473603115388414,-0.23590302087188775,-1.7416316662053077,0.0,0.0,0.0,8.127515408164156,0.7626565961837578,1.0206366349289921,1.3262068731992216
2025-06-11 13:22:05,980.28,952.73,978.4453178971135,954.2276546091146,65.53,53.36,966.336486253114,1932.672972506228,24.217663287998903,0.025061315191398266,118.89,12.170000000000002,0.6115607009622863,-0.49921820303814,0.05617124896207315,1.1107789040004263,19.774513652647435,1.1694797663460577,-1.206927265653917,-0.018723749653986488,0.0,0.0,0.0,8.127987872193843,0.8180594955889312,0.7391977914052216,1.1252307133107908
2025-06-11 13:22:06,978.22,956.85,978.3889884228352,954.883240956836,65.53,53.36,966.6361146898355,1933.272229379671,23.505747465999207,0.024317059009557527,118.89,12.170000000000002,-0.05632947427830004,0.6555863477213961,0.2996284367214912,0.7119158219996962,2.3759875858306594,-0.6678901752405864,1.1548045507595361,0.24345718775941805,0.0,0.0,0.0,8.130508087806607,0.8985593564841909,0.7368617082020074,1.1262762518874851
2025-06-11 13:22:07,976.16,956.85,977.8317413171263,955.374930717627,65.53,53.36,966.6033360173767,1933.2066720347534,22.456810599499363,0.02323270543302051,118.89,12.170000000000002,-0.5572471057088251,0.49168976079101867,-0.032778672458789515,1.0489368664998437,31.999614023555704,-0.500917631430525,-0.16389658693037745,-0.3324071091802807,0.0,0.0,0.0,8.130232381925682,0.19529136318973184,0.7927862460416074,0.7775978976711266
2025-06-11 13:22:08,974.1,950.67,976.8988059878448,954.1986980382203,65.53,53.36,965.5487520130325,1931.097504026065,22.700107949624453,0.0235100587917367,118.89,12.170000000000002,-0.9329353292815767,-1.1762326794066666,-1.0545840043441785,0.2432973501250899,0.23070435206538026,-0.37568822357275167,-1.6679224401976853,-1.021805331885389,0.0,0.0,0.0,8.121362132153003,0.43854112128667977,0.6964159044240378,0.5304528638886467
2025-06-11 13:22:09,978.22,950.67,977.2291044908836,953.3165235286652,65.53,53.36,965.2728140097745,1930.545628019549,23.912580962218385,0.024772873109428904,118.89,12.170000000000002,0.3302985030388754,-0.8821745095550568,-0.27593800325803386,1.2124730125939323,4.393989245007653,1.2632338323204522,0.2940581698516098,0.7786460010861447,0.0,0.0,0.0,8.119041180004485,0.6290273710476703,0.7604888095321886,0.5194430680537491
2025-06-11 13:22:10,972.04,948.61,975.9318283681628,952.139892646499,65.53,53.41,964.0358605073309,1928.0717210146618,23.791935721663776,0.0246795131505415,118.94,12.120000000000005,-1.2972761227208593,-1.1766308821662506,-1.2369535024436118,0.12064524055460879,0.09753409710403521,-1.6275746257597348,-0.29445637261119373,-0.9610154991855779,0.0,0.04999999999999716,0.04999999999999716,8.105228286548702,1.0764001528952278,0.6570576381532829,0.6615548065157179
2025-06-11 13:22:11,972.04,963.03,974.9588712761221,954.8624194848742,65.53,53.41,964.9106453804982,1929.8212907609964,20.096451791247887,0.02082726713259121,118.94,12.120000000000005,-0.9729570920407014,2.722526838375188,0.8747848731673002,3.6954839304158895,4.22444399683297,0.324319030680158,3.8991577205414387,2.111738375610912,0.0,0.0,0.0,8.112583128198379,0.9364347160882686,1.5363514641802298,0.8498848920979528
2025-06-11 13:22:12,980.28,960.97,976.2891534570915,956.3893146136556,65.53,53.41,966.3392340353736,1932.6784680707472,19.899838843435873,0.0205930154980279,118.94,12.120000000000005,1.3302821809694478,1.5268951287814616,1.4285886548753979,0.19661294781201377,0.13762730756241018,2.303239273010149,-1.1956317095937266,0.5538037817080976,0.0,0.0,0.0,8.124594130744741,0.8457877949367949,1.9596668572028375,1.1737234894609272
2025-06-11 13:22:13,974.1,963.03,975.7418650928186,958.0494859602418,65.53,53.41,966.8956755265301,1933.7913510530602,17.692379132576775,0.018298126221987843,118.94,12.120000000000005,-0.5472883642729585,1.6601713465861394,0.5564414911565336,2.207459710859098,3.9670940770015966,-1.8775705452424063,0.1332762178046778,-0.8721471637188642,0.0,0.0,0.0,8.129272468448441,1.1395680925207783,2.7025091839287163,1.043922460105193
2025-06-11 13:22:14,978.22,960.97,976.3613988196139,958.7796144701813,65.53,53.41,967.5705066448976,1935.1410132897952,17.58178434943261,0.018171062687955757,118.94,12.120000000000005,0.6195337267953391,0.7301285099395045,0.6748311183674787,0.11059478314416538,0.1638848835643907,1.1668220910682976,-0.9300428366466349,0.11838962721094504,0.0,0.0,0.0,8.134946178829253,1.4505201142000492,2.5196810393344484,1.0056482944680685
2025-06-11 13:22:15,974.1,954.79,975.7960491147104,957.7822108526359,65.53,53.41,966.7891299836731,1933.5782599673462,18.0138382620745,0.018632644580670935,118.94,12.120000000000005,-0.5653497049034968,-0.9974036175453875,-0.781376661224499,0.43205391264189075,0.5529386544847186,-1.184883431698836,-1.727532127484892,-1.4562077795919777,0.0,0.0,0.0,8.128376676099684,0.9922232812273475,1.236619270851296,0.8163316138973813
2025-06-11 13:22:16,976.16,954.79,975.8870368360327,957.0341581394769,65.53,53.41,966.4605974877547,1932.9211949755095,18.852878696555877,0.019507136375818582,118.94,12.120000000000005,0.09098772132233535,-0.7480527131590406,-0.32853249591835265,0.839040434481376,2.5538961625084795,0.6563374262258321,0.24935090438634688,0.45284416530614635,0.0,0.0,0.0,8.125614506155543,0.48214199909693384,0.971288974603099,0.8723391681076451
2025-06-11 13:22:17,976.16,954.79,975.9552776270245,956.4731186046076,65.53,53.41,966.2141981158161,1932.4283962316322,19.48215902241691,0.02016339548750687,118.94,12.120000000000005,0.06824079099180835,-0.5610395348692236,-0.2463993719386508,0.629280325861032,2.5538935713039885,-0.022746930330526993,0.187013178289817,0.08213312397970185,0.0,0.0,0.0,8.123542878697437,0.5148624531120407,0.8165587004309651,0.6207038571722227
2025-06-11 13:22:18,980.28,960.97,977.0364582202683,957.5973389534558,65.53,53.41,967.3168985868621,1934.6337971737241,19.43911926681244,0.020095916110960975,118.94,12.120000000000005,1.0811805932437437,1.1242203488482119,1.1027004710459778,0.043039755604468155,0.03903119451145957,1.0129398022519354,1.6852598837174355,1.3490998429846286,0.0,0.0,0.0,8.132813943619036,0.5689143260247213,0.8513628227578568,0.7770224147222606
2025-06-11 13:22:19,980.28,956.85,977.8473436652012,957.4105042150919,65.53,53.41,967.6289239401465,1935.257847880293,20.436839450109233,0.021120533836225877,118.94,12.120000000000005,0.8108854449328646,-0.1868347383639275,0.3120253532844117,0.9977201832967921,3.197551017068649,-0.2702951483108791,-1.3110550872121394,-0.7906751177615661,0.0,0.0,0.0,8.135437328104164,0.587195967201523,0.8921779954952859,0.723156513476276
2025-06-11 13:22:20,982.34,956.85,978.9705077489009,957.270378161319,65.58,53.41,968.1204429551099,1936.2408859102197,21.700129587581955,0.022414700281433324,118.99,12.170000000000002,1.1231640836997485,-0.14012605377297405,0.49151901496338724,1.2632901374727226,2.5701702860804634,0.3122786387668839,0.04670868459095345,0.1794936616789755,0.04999999999999716,0.0,0.04999999999999716,8.136149548860915,0.7984309329306023,1.1156078346295684,0.5850355753692611
2025-06-11 13:22:21,982.34,956.85,979.8128808116758,957.1652836209892,65.58,53.41,968.4890822163325,1936.978164432665,22.64759719068661,0.02338446306020756,118.99,12.170000000000002,0.8423730627748682,-0.10509454032978738,0.36863926122259727,0.9474676031046556,2.5701685430733328,-0.2807910209248803,0.03503151344318667,-0.12287975374078997,0.0,0.0,0.0,8.139247618094672,0.8735181879192082,1.4077579657977979,0.4818082057726724
2025-06-11 13:22:22,978.22,960.97,979.4146606087568,958.1164627157418,65.58,53.41,968.7655616622493,1937.5311233244986,21.298197893014958,0.021984883354529777,118.99,12.170000000000002,-0.39822020291899207,0.9511790947526606,0.27647944591683427,1.3493992976716527,4.880631949203215,-1.2405932656938603,1.056273635082448,-0.092159815305763,0.0,0.0,0.0,8.141571170019986,0.5965569962349488,1.2240001980781468,0.3410805226494209
2025-06-11 13:22:23,976.16,960.97,978.6009954565675,958.8298470368063,65.58,53.41,968.7154212466869,1937.4308424933738,19.771148419761175,0.02040965588625302,118.99,12.170000000000002,-0.8136651521892873,0.7133843210644955,-0.0501404155623959,1.5270494732537827,30.454853659915617,-0.4154449492702952,-0.23779477368816515,-0.32661986147923017,0.0,0.0,0.0,8.141149786583219,0.4738217722739329,1.1152435396797429,0.20163549250807297
2025-06-11 13:22:24,978.22,958.91,978.5057465924256,958.8498852776047,65.58,53.41,968.6778159350151,1937.3556318700303,19.655861314820868,0.020291433303400924,118.99,12.170000000000002,-0.09524886414192224,0.020038240798385232,-0.037605311671768504,0.11528710494030747,3.065631799963378,0.718416288047365,-0.6933460802661102,0.012535103890627397,0.0,0.0,0.0,8.140833749005642,0.26378542932066457,1.2854377708885425,0.24383399494243863
2025-06-11 13:22:25,978.22,958.91,978.4343099443192,958.8649139582035,65.58,53.41,968.6496119512614,1937.2992239025227,19.56939598611575,0.020202760342299755,118.99,12.170000000000002,-0.071436648106328,0.015028680598788924,-0.028203983753769535,0.08646532870511692,3.0656046271808615,0.023812216035594247,-0.005009560199596308,0.00940132791799897,0.0,0.0,0.0,8.140596720822462,0.10470402484713948,1.3527752803099389,0.2006586087548145
2025-06-11 13:22:26,980.28,954.79,978.8957324582393,957.8461854686526,65.58,53.41,968.3709589634459,1936.7419179268918,21.049546989586702,0.021737069635360897,118.99,12.170000000000002,0.46142251392006983,-1.018728489550881,-0.27865298781546244,1.4801510034709509,5.311788340352679,0.5328591620263978,-1.03375717014967,-0.2504490040616929,0.0,0.0,0.0,8.13825490230432,0.15433282969627563,0.8339278717462627,0.19749774460516367
2025-06-11 13:22:27,976.16,956.85,978.2117993436794,957.5971391014895,65.58,53.41,967.9044692225845,1935.808938445169,20.614660242189984,0.02129823848984738,118.99,12.170000000000002,-0.6839331145598635,-0.249046367163146,-0.4664897408614479,0.4348867473967175,0.9322516168137257,-1.1453556284799333,0.769682122387735,-0.18783675304598546,0.0,0.0,0.0,8.134334491034961,0.34099575764170087,0.6611161961554542,0.1947355986048218
2025-06-11 13:22:28,978.22,956.85,978.2138495077595,957.410354326117,65.58,53.41,967.8121019169382,1935.6242038338764,20.80349518164246,0.02149538646906951,118.99,12.170000000000002,0.0020501640800603127,-0.18678477537241633,-0.09236730564623485,0.18883493945247665,2.0443694201310056,0.6859832786399238,0.06226159179072965,0.37412243521521305,0.0,0.0,0.0,8.133558229963695,0.40713980387960846,0.6811000910531012,0.1889473120777038
2025-06-11 13:22:29,980.28,952.73,978.7303871308195,956.2402657445878,65.58,53.41,967.4853264377036,1934.9706528754073,22.49012138623175,0.02324595603511092,118.99,12.170000000000002,0.5165376230600032,-1.170088581529285,-0.32677547923458405,1.6866262045892881,5.161406379491911,0.5144874589799429,-0.9833038061568686,-0.2344081735883492,0.0,0.0,0.0,8.130811986779491,0.4634189491874851,1.0502310627691631,0.17815956569076805
2025-06-11 13:22:30,974.1,960.97,977.5727903481146,957.4226993084408,65.58,53.41,967.4977448282777,1934.9954896565555,20.15009103967384,0.02082701600759109,118.99,12.170000000000002,-1.1575967827048999,1.1824335638530101,0.012418390574111982,2.34003034655791,188.41748575293747,-1.674134405764903,2.352522145382295,0.33919386980869604,0.0,0.0,0.0,8.130916351772093,0.3627792521167432,0.8845950543619893,0.1906362646185767
2025-06-11 13:22:31,972.04,950.67,976.1895927610859,955.7345244813306,65.58,53.41,965.9620586212083,1931.9241172424165,20.455068279755324,0.021175850620651252,118.99,12.170000000000002,-1.3831975870286897,-1.6881748271101742,-1.5356862070694888,0.3049772400814845,0.19859333246870275,-0.22560080432378982,-2.8706083909631843,-1.5481045976436008,0.0,0.0,0.0,8.118010341232019,0.7883428838338061,0.9191721219188623,0.6186381782899156
2025-06-11 13:22:32,978.22,948.61,976.6971945708144,953.953393360998,65.58,53.41,965.3252939659062,1930.6505879318124,22.74380120981641,0.023560763742982292,118.99,12.170000000000002,0.5076018097284987,-1.7811311203325886,-0.636764655302045,2.2887329300610872,3.594309634955805,1.8907993967571883,-0.09295629322241439,0.8989215517674438,0.0,0.0,0.0,8.112658928088473,1.1018634221057981,1.2020401891450405,0.6222621033974924
2025-06-11 13:22:33,974.1,956.85,976.0478959281107,954.6775450207484,65.58,53.41,965.3627204744296,1930.7254409488592,21.370350907362308,0.022137120516444515,118.99,12.170000000000002,-0.649298642703684,0.7241516597504187,0.037426508523367374,1.3734503024541027,36.69627919786878,-1.1569004524321826,2.5052827800830073,0.6741911638254123,0.0,0.0,0.0,8.11297346299232,1.0930227689682612,1.16634486114678,0.6465764913058828
2025-06-11 13:22:34,980.28,948.61,977.1059219460831,953.1606587655614,65.58,53.41,965.1332903558223,1930.2665807116446,23.945263180521692,0.024810317284655378,118.99,12.170000000000002,1.0580260179723382,-1.5168862551870461,-0.22943011860729712,2.5749122731593843,11.223029765054235,1.7073246606760222,-2.241037914937465,-0.2668566271306645,0.0,0.0,0.0,8.111045316789452,0.9687436558129661,1.5957797507920441,0.654136787304394
2025-06-11 13:22:35,978.22,956.85,977.3844414595624,954.082994074171,65.58,53.41,965.7337177668667,1931.4674355337334,23.301447385391384,0.024128232174749693,118.99,12.170000000000002,0.2785195134792957,0.922335308609604,0.600427411044393,0.6438157951303083,1.0722607113318416,-0.7795065044930425,2.43922156379665,0.8298575296516901,0.0,0.0,0.0,8.116091349279564,0.3361203807862961,1.427830988411818,0.7993739827116155
2025-06-11 13:22:36,974.1,956.85,976.5633310946718,954.7747455556282,65.58,53.41,965.66903832515,1931.3380766503,21.788585539043538,0.022563201937457075,118.99,12.170000000000002,-0.8211103648906146,0.6917514814572314,-0.06467944171663476,1.512861846347846,23.38978841510853,-1.0996298783699103,-0.23058382715237258,-0.6651068527610278,0.0,0.0,0.0,8.11554777888564,0.2509050129732248,1.0592926427034586,0.44917493152443894
2025-06-11 13:22:37,978.22,954.79,976.9774983210038,954.7785591667212,65.58,53.41,965.8780287438625,1931.756057487725,22.198939154282698,0.02298317020438859,118.99,12.170000000000002,0.414167226332097,0.003813611092937208,0.20899041871246027,0.4103536152391598,1.963495045716411,1.2352775912227116,-0.6879378703642942,0.273669860429095,0.0,0.0,0.0,8.11730414847095,0.3017043857433138,1.0725869614927321,0.31674488043990173
2025-06-11 13:22:38,976.16,954.79,976.7731237407529,954.7814193750409,65.58,53.41,965.7772715578969,1931.5545431157939,21.991704365712053,0.022770989741212493,118.99,12.170000000000002,-0.20437458025094202,0.002860208319702906,-0.10075718596556271,0.20723478857064492,2.056753866544143,-0.618541806583039,-0.000953402773234302,-0.309747604678023,0.0,0.0,0.0,8.11645737827918,0.2923470098643292,0.9328475926738851,0.33045164960803436
2025-06-11 13:22:39,978.22,952.73,977.1348428055646,954.2685645312806,65.58,53.41,965.7017036684226,1931.4034073368452,22.866278274284014,0.023678407280160324,118.99,12.170000000000002,0.361719064811723,-0.5128548437602376,-0.07556788947431414,0.8745739085719606,11.573200488399769,0.566093645062665,-0.5157150520799405,0.02518929649124857,0.0,0.0,0.0,8.115822300635351,0.08103777853947608,0.6337708796477335,0.29984049046228833
2025-06-11 13:22:40,972.04,956.85,975.8611321041735,954.9139233984605,65.58,53.41,965.3875277513171,1930.7750555026341,20.947208705713024,0.02169823835699146,118.99,12.170000000000002,-1.27371070139111,0.6453588671798798,-0.31417591710555826,1.9190695685709898,6.10824495399264,-1.635429766202833,1.1582137109401174,-0.2386080276312441,0.0,0.0,0.0,8.113181945021726,0.1835562142862746,0.6954415699196046,0.18605103013240415
2025-06-11 13:22:41,978.22,956.85,976.4508490781302,955.3979425488453,65.58,53.41,965.9243958134878,1931.8487916269755,21.052906529284883,0.02179560491352827,118.99,12.170000000000002,0.5897169739566834,0.48401915038482457,0.5368680621706972,0.10569782357185886,0.19687821671916775,1.8634276753477934,-0.1613397167950552,0.8510439792762554,0.0,0.0,0.0,8.11769382045377,0.2121044058745863,0.808950457679925,0.32917770476396174
2025-06-11 13:22:42,974.1,958.91,975.8631368085977,956.275956911634,65.63,53.41,966.0695468601159,1932.1390937202318,19.587179896963676,0.02027512402223017,119.03999999999999,12.219999999999999,-0.587712269532517,0.87801436278869,0.14515104662814338,1.465726632321207,10.097870931687014,-1.1774292434892004,0.3939952124038655,-0.3917170155425538,0.04999999999999716,0.0,0.04999999999999716,8.115503517679876,0.25717059175850837,1.2298732905827277,0.32269541679333424
2025-06-11 13:22:43,980.28,956.85,976.9673526064482,956.4194676837254,65.63,53.41,966.6934101450868,1933.3868202901735,20.5478849227228,0.021255844599564422,119.03999999999999,12.219999999999999,1.104215797850543,0.1435107720914175,0.6238632849708665,0.9607050257591254,1.539926309139477,1.69192806738306,-0.7345035906972726,0.47871223834272314,0.0,0.0,0.0,8.120744304639974,0.4861816599022618,1.192586357456187,0.3984521839166067
2025-06-11 13:22:44,976.16,956.85,976.7655144548362,956.527100762794,65.63,53.41,966.646307608815,1933.29261521763,20.238413692042172,0.020936730955057426,119.03999999999999,12.219999999999999,-0.2018381516120371,0.10763307906859154,-0.047102536271722784,0.30947123068062865,6.570021174108971,-1.30605394946258,-0.03587769302282595,-0.6709658212425893,0.0,0.0,0.0,8.120348618014672,0.5431812984929848,0.5929726914590351,0.3940086851269709
2025-06-11 13:22:45,982.34,956.85,978.1591358411272,956.6078255720955,65.63,53.41,967.3834807066114,1934.7669614132228,21.55131026903166,0.022277939076457948,119.03999999999999,12.219999999999999,1.393621386290988,0.0807248093015005,0.737173097796358,1.3128965769894876,1.7809857683743129,1.5954595379030252,-0.026908269767091042,0.7842756340680808,0.0,0.0,0.0,8.126541268313762,0.5802007393140852,0.7532066869220033,0.3344318786908775
2025-06-11 13:22:46,980.28,954.79,978.6893518808454,956.1533691790717,65.63,53.41,967.4213605299585,1934.842721059917,22.53598270177372,0.023294898787570174,119.03999999999999,12.219999999999999,0.5302160397181979,-0.454456393023861,0.037879823347111596,0.9846724327420588,25.993955403747577,-0.8634053465727902,-0.5351812023253615,-0.6992932744492464,0.0,0.0,0.0,8.126859479192701,0.5669909433269628,1.1603355964112425,0.35678118583197976
2025-06-11 13:22:47,974.1,946.55,977.542013910634,953.7525268843037,65.63,53.41,965.6472703974689,1931.2945407949378,23.78948702633022,0.024635793763391953,119.03999999999999,12.219999999999999,-1.1473379702114244,-2.4008422947679264,-1.7740901324896186,1.253504324556502,0.7065614057815811,-1.6775540099296222,-1.9463859017440654,-1.8119699558367302,0.0,0.0,0.0,8.111956168393085,0.7213944705482067,1.461610114491396,1.005984023283299
2025-06-11 13:22:48,980.28,954.79,978.2265104329754,954.0118951632278,65.63,53.41,966.1192027981016,1932.2384055962032,24.214615269747583,0.0250637966563057,119.03999999999999,12.219999999999999,0.6844965223414192,0.25936827892405745,0.4719324006326815,0.4251282434173618,0.9008225373483378,1.8318344925528436,2.660210573691984,2.2460225331223,0.0,0.0,0.0,8.115920654252193,0.7778186337568581,1.6288775970780751,0.9812302073866352
2025-06-11 13:22:49,978.22,956.85,978.2248828247316,954.7214213724209,65.63,53.41,966.4731520985763,1932.9463041971526,23.503461452310717,0.024318793933341114,119.03999999999999,12.219999999999999,-0.0016276082437798323,0.7095262091930863,0.35394930047471007,0.7111538174368661,2.0091911674692264,-0.686124130585199,0.45015793026902884,-0.11798310015797142,0.0,0.0,0.0,8.118894018646525,0.7815097119694145,1.0718321392138654,1.0042731933165063
2025-06-11 13:22:50,974.1,956.85,977.1936621185487,955.2535660293156,65.63,53.41,966.2236140739321,1932.4472281478643,21.940096089233066,0.022707058435488852,119.03999999999999,12.219999999999999,-1.0312207061829213,0.5321446568947295,-0.24953802464415276,1.5633653630776507,6.26501351965705,-1.0295930979391414,-0.17738155229835684,-0.6034873251188628,0.0,0.0,0.0,8.116797765096896,0.65620614982998,0.9350469608882516,0.9069236574692786
2025-06-11 13:22:51,980.28,956.85,977.9652465889114,955.6526745219867,65.63,53.41,966.8089605554491,1933.6179211108981,22.31257206692476,0.02307857390050172,119.03999999999999,12.219999999999999,0.7715844703627681,0.3991084926710755,0.5853464815169218,0.3724759776916926,0.6363331003431073,1.8028051765456894,-0.13303616422365394,0.8348845061610746,0.0,0.0,0.0,8.12171499020274,0.4310517064398527,0.9788279222759073,0.9779173124147511
2025-06-11 13:22:52,976.16,956.85,977.5139349416836,955.95200589149,65.63,53.41,966.7329704165868,1933.4659408331736,21.561929050193612,0.022303913994573064,119.03999999999999,12.219999999999999,-0.4513116472278398,0.29933136950330663,-0.07599013886226658,0.7506430167311464,9.878033517719503,-1.222896117590608,-0.09977712316776888,-0.6613366203791884,0.0,0.0,0.0,8.121076632186746,0.3032366463538467,1.1137948697252917,0.361567981900555
2025-06-11 13:22:53,978.22,956.85,977.6904512062627,956.1765044186175,65.63,53.41,966.9334778124401,1933.8669556248801,21.51394678764518,0.022249665834373628,119.03999999999999,12.219999999999999,0.17651626457904968,0.22449852712747997,0.20050739585326482,0.0479822625484303,0.2393030094537511,0.6278279118068895,-0.07483284237582666,0.2764975347155314,0.0,0.0,0.0,8.12276100209744,0.2847722819958937,0.8141549889153409,0.332997294911995
2025-06-11 13:22:54,980.28,956.85,978.3378384046969,956.344878313963,65.63,53.41,967.3413583593299,1934.6827167186598,21.992960090733845,0.02273546962294653,119.03999999999999,12.219999999999999,0.6473871984342168,0.16837389534555314,0.4078805468898281,0.47901330308866363,1.174393170618353,0.4708709338551671,-0.05612463178192684,0.20737315103656329,0.0,0.0,0.0,8.126187417953146,0.40229127033269796,0.33068938475959014,0.34149947454288676
2025-06-11 13:22:55,976.16,954.79,977.7933788035226,955.9561587354723,65.63,53.41,966.8747687694975,1933.749537538995,21.83722006805033,0.022585365500080546,119.03999999999999,12.219999999999999,-0.5444596011742533,-0.38871957849073624,-0.4665895898324379,0.15574002268351705,0.333783033942983,-1.19184679960847,-0.5570934738362894,-0.874470136722266,0.0,0.0,0.0,8.122267814576862,0.23738388874267863,0.3279838507013439,0.41469269308126366
2025-06-11 13:22:56,978.22,954.79,977.9000341026419,955.6646190516042,65.63,53.41,966.7823265771231,1933.5646531542461,22.235415051037762,0.022999401640659365,119.03999999999999,12.219999999999999,0.10665529911932481,-0.291539683868109,-0.09244219237439211,0.39819498298743383,4.307455992808603,0.6511149002935781,0.09717989462262722,0.3741473974580458,0.0,0.0,0.0,8.121491250467338,0.24127886776038454,0.30112563936466125,0.3310792156107665
2025-06-11 13:22:57,980.28,956.85,978.4950255769813,955.9609642887032,65.63,53.41,967.2279949328422,1934.4559898656844,22.534061288278167,0.02329756932495033,119.03999999999999,12.219999999999999,0.5949914743393947,0.29634523709898986,0.44566835571913543,0.29864623724040484,0.6701071846380531,0.4883361752200699,0.5878849209670989,0.5381105480935275,0.0,0.0,0.0,8.12523510423057,0.24025075846428223,0.3875742368884624,0.3815860288140707
2025-06-11 13:22:58,978.22,956.85,978.426269182736,956.1832232165274,65.63,53.41,967.3047461996316,1934.6094923992632,22.24304596620857,0.022994869021994026,119.03999999999999,12.219999999999999,-0.06875639424538349,0.22225892782421397,0.07675126678941524,0.29101532206959746,3.7916185963348097,-0.6637478685847782,-0.07408630927477589,-0.3689170889297202,0.0,0.0,0.0,8.125879856130307,0.2588476652444437,0.26656632640140293,0.3773463071170527
2025-06-11 13:22:59,972.04,956.85,976.8297018870519,956.3499174123955,65.63,53.41,966.5898096497237,1933.1796192994475,20.479784474656412,0.021187668490825783,119.03999999999999,12.219999999999999,-1.5965672956840535,0.16669419586810363,-0.7149365499078613,1.7632614915521572,2.466315403043805,-1.52781090143867,-0.055564731956110336,-0.7916878166972765,0.0,0.0,0.0,8.119874004787045,0.3026803077299108,0.8135353016125974,0.45522841034088174
2025-06-11 13:23:00,976.16,952.73,976.6622764152889,955.4449380592966,65.63,53.41,966.0536072372928,1932.1072144745856,21.217338355992297,0.02196289954830401,119.03999999999999,12.219999999999999,-0.16742547176295375,-0.9049793530988381,-0.5362024124309528,0.7375538813358844,1.3755113530368657,1.4291418239210998,-1.0716735489669418,0.17873413747690847,0.0,0.0,0.0,8.115369616279597,0.5097053495824249,0.8646277241048824,0.4681993817462564
2025-06-11 13:23:01,976.16,944.48,976.5367073114667,952.7037035444724,65.63,53.41,964.6202054279695,1929.240410855939,23.83300376699424,0.024707137180185024,119.03999999999999,12.219999999999999,-0.12556910382227215,-2.741234514824214,-1.4334018093232999,2.6156654110019417,1.8247943941429698,0.041856367940681594,-1.8362551617253757,-0.8971993968923471,0.0,0.0,0.0,8.103328270536302,1.0976716374392372,1.2853921167939872,0.728499401506573
2025-06-11 13:23:02,972.04,948.61,975.4125304836,951.6802776583544,65.63,53.41,963.5464040709771,1927.0928081419543,23.73225282524561,0.024630108835803747,119.03999999999999,12.219999999999999,-1.1241768278666768,-1.0234258861180479,-1.0738013569923623,0.10075094174862897,0.09382633693487562,-0.9986077240444047,1.717808628706166,0.3596004523309375,0.0,0.0,0.0,8.094307761900785,1.5220267218953125,1.4908074468345847,0.5703958934066615
2025-06-11 13:23:03,974.1,956.85,975.0843978627,952.9727082437657,65.63,53.41,964.0285530532328,1928.0571061064657,22.111689618934292,0.02293675796838825,119.03999999999999,12.219999999999999,-0.3281326208999644,1.2924305854113527,0.48214898225569414,1.6205632063113171,3.3611184609603466,0.7960442069667124,2.3158564715294006,1.5559503392480565,0.0,0.0,0.0,8.098358072537591,1.3070258056771547,1.4932413215490066,0.7232075658703994
2025-06-11 13:23:04,976.16,948.61,975.353298397025,951.8820311828243,65.63,53.41,963.6176647899247,1927.2353295798493,23.47126721420068,0.024357448028892382,119.03999999999999,12.219999999999999,0.2689005343249846,-1.0906770609414025,-0.4108882633081521,1.359577595266387,3.308866199910298,0.597033155224949,-2.383107646352755,-0.8930372455638462,0.0,0.0,0.0,8.09490639024713,1.0317444702944567,1.1552765063818613,0.7296867342968226
2025-06-11 13:23:05,980.28,956.85,976.5849737977687,953.1240233871182,65.63,53.41,964.8544985924434,1929.7089971848868,23.460950410650526,0.02431553194866219,119.03999999999999,12.219999999999999,1.2316754007437112,1.2419922042938651,1.2368338025187313,0.010316803550153963,0.008341294673423228,0.9627748664187266,2.3326692652352676,1.6477220658268834,0.0,0.0,0.0,8.105296459065416,0.5870482507018976,0.6956779475887328,1.1012688652058054
2025-06-11 13:23:06,978.22,965.09,976.9937303483266,956.1155175403387,65.63,53.36,966.5546239443327,1933.1092478886653,20.878212807987893,0.021600654809540997,118.99,12.269999999999996,0.4087565505578823,2.991494153220515,1.7001253518892554,2.5827376026626325,1.5191445034615108,-0.8229188501858289,1.7495019489266497,0.4632915493705241,0.0,-0.04999999999999716,0.04999999999999716,8.122990300204576,1.25052001800241,1.2144644929781863,1.1430370978442446
2025-06-11 13:23:07,1000.87,963.03,982.9627977612449,957.8441381552541,65.65,53.36,970.4034679582495,1940.806935916499,25.118659605990842,0.025884758669459728,119.01,12.290000000000006,5.969067412918321,1.7286206149153713,3.848844013916846,4.240446798002949,1.1017452723271866,5.5603108623604385,-1.2628735383051435,2.1487186620275907,0.020000000000010232,0.0,0.020000000000010232,8.153965715522089,2.7619674911679786,1.5979698228939665,1.5993136094775506
2025-06-11 13:23:08,982.34,956.85,982.8070983209337,957.5956036164406,65.69,53.36,970.2013509686872,1940.4027019373743,25.211494704493134,0.025985837530874543,119.05,12.329999999999998,-0.15569944031119576,-0.24853453881348742,-0.2021169895623416,0.09283509850229166,0.4593114086643804,-6.1247668532295165,-1.9771551537288587,-4.050961003479188,0.03999999999999204,0.0,0.03999999999999204,8.149528289115153,3.081971141615796,1.7566531960314413,1.7192133326058958
2025-06-11 13:23:09,980.28,960.97,982.1753237407004,958.4392027123304,65.69,53.36,970.3072632265154,1940.6145264530307,23.736121028370007,0.024462478952264013,119.05,12.329999999999998,-0.6317745802333548,0.8435990958897719,0.10591225782820857,1.4753736761231266,13.93001883216721,-0.476075139922159,1.0921336347032593,0.30802924739055015,0.0,0.0,0.0,8.150417934280533,2.5909342289916037,1.7547332659100574,1.6074597620091073
2025-06-11 13:23:10,978.22,963.03,981.1864928055254,959.5869020342477,65.69,53.36,970.3866974198866,1940.7733948397731,21.59959077127769,0.02225874572111204,119.05,12.329999999999998,-0.988830935174974,1.1476993219173437,0.07943419337118485,2.1365302570923177,26.896519872605296,-0.35705635494161925,0.3041002260275718,-0.02647806445702372,0.0,0.0,0.0,8.15108516815457,1.6879214337098642,1.9942161666599838,1.7059718752980477
2025-06-11 13:23:11,980.28,963.03,980.9598696041439,960.4476765256857,65.69,53.36,970.7037730649148,1941.4075461298296,20.512193078458267,0.021131259222946563,119.05,12.329999999999998,-0.22662320138147152,0.8607744914379509,0.3170756450282397,1.0873976928194224,3.429447453383317,0.7622077337935025,-0.28692483047939277,0.23764145165705486,0.0,0.0,0.0,8.153748550282792,0.18743485884280417,2.1091506654853105,1.697750570466141
2025-06-11 13:23:12,982.34,956.85,981.304902203108,959.5482573942642,65.69,53.36,970.4265797986861,1940.8531595973723,21.756644808843816,0.022419671141878178,119.05,12.329999999999998,0.34503259896405325,-0.8994191314214959,-0.27719326622866447,1.2444517303855491,4.4894569693550945,0.5716558003455248,-1.7601936228594468,-0.5942689112569042,0.0,0.0,0.0,8.151420173433566,0.18781063222072447,1.8824792159889128,0.24271625150740203
2025-06-11 13:23:13,982.34,963.03,981.563676652331,960.4186930456981,65.69,53.36,970.9911848490145,1941.982369698029,21.144983606632877,0.021776699845265993,119.05,12.329999999999998,0.2587744492229831,0.8704356514339224,0.5646050503283959,0.6116612022109393,1.0833415650703253,-0.08625814974107016,1.7698547828554183,0.8417983165570604,0.0,0.0,0.0,8.156162760964737,0.28206986756158703,1.210945353494924,0.3118138948559243
2025-06-11 13:23:14,980.28,954.79,981.2427574892481,959.0115197842736,65.69,53.36,970.1271386367608,1940.2542772735217,22.231237704974546,0.022915798143012946,119.05,12.329999999999998,-0.3209191630828627,-1.407173261424532,-0.8640462122536974,1.0862540983416693,1.2571698431945506,-0.5796936123058458,-2.2776089128584545,-1.4286512625820933,0.0,0.0,0.0,8.14890491799963,0.3302932047877033,0.6517767806294799,0.5573483221443125
2025-06-11 13:23:15,980.28,956.85,981.002068116936,958.4711398382052,65.69,53.36,969.7366039775707,1939.4732079551413,22.530928278730812,0.023234070120774636,119.05,12.329999999999998,-0.2406893723120902,-0.5403799460683558,-0.39053465919016617,0.2996905737562656,0.7673833789665165,0.08022979077077252,0.8667933153561762,0.4735115530635312,0.0,0.0,0.0,8.145624492498499,0.4891289093969309,0.8175872422552044,0.572433580111918
2025-06-11 13:23:16,982.34,956.85,981.336551087702,958.0658548786539,65.69,53.36,969.701202983178,1939.402405966356,23.270696209048083,0.023997800676600765,119.05,12.329999999999998,0.33448297076597555,-0.4052849595512953,-0.03540099439271671,0.7397679303172708,20.896221893912962,0.5751723430780658,0.13509498651706053,0.35513366479744946,0.0,0.0,0.0,8.145327130095346,0.535279179610369,0.8008815161536817,0.5231949978933683
2025-06-11 13:23:17,980.28,954.79,981.0724133157764,957.2468911589904,65.69,53.36,969.1596522373834,1938.3193044747668,23.825522156786064,0.024583691734585966,119.05,12.329999999999998,-0.26413777192556154,-0.8189637196635431,-0.5415507457945523,0.5548259477379816,1.0245114193546798,-0.5986207426915371,-0.4136787601122478,-0.5061497514018356,0.0,0.0,0.0,8.140778194847588,0.6795765642367277,1.0258612151336692,0.5457520937549741
2025-06-11 13:23:18,982.34,950.67,981.3893099868324,955.6026683692428,65.69,53.36,968.4959891780376,1936.9919783560752,25.786641617589567,0.026625450057722218,119.05,12.329999999999998,0.3168966710559289,-1.6442227897475732,-0.6636630593458221,1.961119460803502,2.9549881949861647,0.5810344429814904,-0.8252590700840301,-0.12211231355126984,0.0,0.0,0.0,8.135203536689072,0.632065455533898,1.408183763435545,0.31179800619188724
2025-06-11 13:23:19,980.28,958.91,981.1119824901243,956.4295012769321,65.69,53.36,968.7707418835282,1937.5414837670564,24.682481213192204,0.0254781447463259,119.05,12.329999999999998,-0.2773274967080397,0.8268329076893224,0.27475270549064135,1.104160404397362,4.018727981941528,-0.5942241677639686,2.4710556974368956,0.9384157648364635,0.0,0.0,0.0,8.137511413238277,0.5515843347152645,1.262587974478723,0.38568868138106105
2025-06-11 13:23:20,978.22,960.97,980.3889868675933,957.564625957699,65.69,53.36,968.9768064126462,1937.9536128252923,22.824360909894267,0.023555115803895955,119.05,12.329999999999998,-0.7229956225310161,1.1351246807669213,0.2060645291179526,1.8581203032979374,9.017133099609024,-0.44566812582297644,0.3082917730775989,-0.06868817637268876,0.0,0.0,0.0,8.13924232065018,0.45335389873172305,1.1802488230409265,0.4293810278810159
2025-06-11 13:23:21,978.22,956.85,979.846740150695,957.3859694682743,65.69,53.36,968.6163548094846,1937.2327096189692,22.46077068242073,0.02318851064996728,119.05,12.329999999999998,-0.5422467168982621,-0.1786564894247249,-0.36045160316155034,0.3635902274735372,1.0087046792961587,0.18074890563275403,-1.3137811701916462,-0.5665161322795029,0.0,0.0,0.0,8.136214587763714,0.2681128569669825,1.3605465824033167,0.43192121740378076
2025-06-11 13:23:22,978.22,960.97,979.4400551130213,958.2819771012057,65.69,53.36,968.8610161071135,1937.722032214227,21.158078011815633,0.021838094048814927,119.05,12.329999999999998,-0.40668503767369657,0.8960076329314006,0.24466129762890887,1.3026926706050972,5.324452043612188,0.13556167922456552,1.0746641223561255,0.6051129007904592,0.0,0.0,0.0,8.138269701544258,0.19131729022298194,1.84248510352016,0.4273020292467976
2025-06-11 13:23:23,980.28,958.91,979.650041334766,958.4389828259043,65.69,53.36,969.0445120803352,1938.0890241606703,21.211058508861697,0.0218886317630935,119.05,12.329999999999998,0.2099862217446571,0.15700572469859253,0.1834959732216248,0.052980497046064556,0.28872681721063337,0.6166712594183537,-0.7390019082328081,-0.06116532440728406,0.0,0.0,0.0,8.139811036879665,0.16943478143209043,1.4428069706839342,0.2651562960941832
2025-06-11 13:23:24,980.28,950.67,979.8075310010745,956.4967371194282,65.69,53.36,968.1521340602513,1936.3042681205027,23.310793881646305,0.024077614496192373,119.05,12.329999999999998,0.15748966630849282,-1.9422457064761147,-0.892378020083811,2.0997353727846075,2.352963623671255,-0.05249655543616427,-2.0992514311747072,-1.0758739933054358,0.0,0.0,0.0,8.132315211490434,0.36188417126178224,0.9688980224505641,0.4964174840930099
2025-06-11 13:23:25,980.28,954.79,979.9256482508058,956.0700528395712,65.69,53.36,967.9978505451885,1935.995701090377,23.855595411234617,0.024644264832979313,119.05,12.329999999999998,0.11811724973131277,-0.42668427985699964,-0.15428351506284343,0.5448015295883124,3.5311484718113344,-0.03937241657718005,1.515561426619115,0.7380945050209675,0.0,0.0,0.0,8.131019255893904,0.44933883947955877,1.2153133261422036,0.46149926777579686
2025-06-11 13:23:26,974.1,960.97,978.4692361881043,957.2950396296785,65.69,53.36,967.8821379088914,1935.7642758177828,21.17419655842582,0.02187683366313157,119.05,12.329999999999998,-1.4564120627014745,1.224986790107323,-0.11571263629707573,2.6813988528087975,23.172712729593485,-1.5745293124327873,1.6516710699643227,0.0385708787657677,0.0,0.0,0.0,8.130047289196508,0.528795102214728,1.3298389372443995,0.45256115036260564
2025-06-11 13:23:27,972.04,958.91,976.8619271410782,957.6987797222589,65.69,53.36,967.2803534316686,1934.5607068633371,19.163147418819335,0.01981136837011309,119.05,12.329999999999998,-1.6073090470260922,0.40374009258039223,-0.60178447722285,2.0110491396064845,3.3418040410133782,-0.15089698432461773,-0.8212466975269308,-0.48607184092577427,0.0,0.0,0.0,8.124992400728066,0.6364843763476923,1.8830278452532103,0.4270971137965545
2025-06-11 13:23:28,978.22,956.85,977.2014453558088,957.4865847916941,65.69,53.36,967.3440150737515,1934.688030147503,19.7148605641147,0.0203804026659856,119.05,12.329999999999998,0.33951821473056043,-0.21219493056480587,0.06366164208293412,0.5517131452953663,8.666199316337558,1.9468272617566527,-0.6159350231451981,0.6654461193057841,0.0,0.0,0.0,8.125527147822128,0.39504588246955963,2.095573728808011,0.3941416927218258
2025-06-11 13:23:29,974.1,960.97,976.4260840168566,958.3574385937707,65.69,53.36,967.3917613053136,1934.7835226106272,18.068645423085968,0.01867769204487335,119.05,12.329999999999998,-0.7753613389521661,0.8708538020765673,0.047746231562086905,1.6462151410287333,34.477708699992775,-1.1148795536827265,1.0830487326413731,-0.015915410520847217,0.0,0.0,0.0,8.125928208142675,0.3342133073805727,2.2346612444976697,0.2692752013534904
2025-06-11 13:23:30,980.28,956.85,977.3895630126424,957.9805789453279,65.69,53.36,967.6850709789851,1935.3701419579702,19.408984067314464,0.020057128738817584,119.05,12.329999999999998,0.9634789957857492,-0.3768596484427462,0.2933096736715015,1.3403386442284955,4.569689290372131,1.7388403347379153,-1.2477134505193135,0.2455634421094146,0.0,0.0,0.0,8.12839196010578,0.25650687585593496,1.1202065267924934,0.33478755644006386
2025-06-11 13:23:31,976.16,952.73,977.0821722594817,956.6679342089959,65.69,53.36,966.8750532342387,1933.7501064684775,20.41423805048578,0.02111362575865997,119.05,12.329999999999998,-0.3073907531606892,-1.312644736332004,-0.8100177447463466,1.0052539831713148,1.2410255808167812,-1.2708697489464384,-0.9357850878892577,-1.103327418417848,0.0,0.0,0.0,8.121587947187324,0.29087795127621374,0.8581825870891405,0.4763907186901294
2025-06-11 13:23:32,976.16,954.79,976.8516291946112,956.1984506567469,65.69,53.36,966.525039925679,1933.050079851358,20.653178537864278,0.021368487792187894,119.05,12.329999999999998,-0.2305430648705169,-0.4694835522490166,-0.3500133085597099,0.2389404873784997,0.682659198595986,0.0768476882901723,0.8431611840829873,0.46000443618663667,0.0,0.0,0.0,8.118647894221178,0.4603139250839615,1.0189927893321895,0.4350004127805355
2025-06-11 13:23:33,974.1,954.79,976.1637218959584,955.8463379925602,65.69,53.36,966.0050299442593,1932.0100598885185,20.317383903398195,0.021032378975850856,119.05,12.329999999999998,-0.6879072986528172,-0.35211266418673404,-0.5200099814197756,0.33579463446608315,0.6457452755118166,-0.4573642337823003,0.11737088806228257,-0.1699966728600657,0.0,0.0,0.0,8.114279897773871,0.6708742993770545,1.0629657958148704,0.441243265004184
2025-06-11 13:23:34,978.22,950.67,976.6777914219688,954.5522534944201,65.69,53.36,965.6150224581945,1931.230044916389,22.125537927548635,0.0229134151706853,119.05,12.329999999999998,0.5140695260104167,-1.2940844981400232,-0.39000748606474644,1.80815402415044,4.636191490075072,1.2019768246632339,-0.9419718339532892,0.13000249535502917,0.0,0.0,0.0,8.111003900438392,0.8008500160321652,0.9825592176691238,0.40491501004292174
2025-06-11 13:23:35,984.4,956.85,978.6083435664766,955.126690120815,65.74,53.36,966.8675168436458,1933.7350336872917,23.48165344566155,0.024286319492903698,119.1,12.379999999999995,1.9305521445078284,0.5744366263949132,1.252494385451314,1.3561155181129152,1.0827309496427915,1.4164826184974117,1.8685211245349365,1.6425018715160604,0.04999999999999716,0.0,0.04999999999999716,8.118115102649293,0.5544253100763964,1.3748818182068394,0.8118216423082665
2025-06-11 13:23:36,978.22,954.79,978.5112576748575,955.0425175906113,65.74,53.36,966.7768876327343,1933.5537752654686,23.46874008424618,0.024275239054831855,119.1,12.379999999999995,-0.0970858916191446,-0.08417253020377302,-0.09062921091151566,0.012913361415371583,0.1424840711005207,-2.027638036126973,-0.6586091565986862,-1.3431235963628296,0.0,0.0,0.0,8.11735415210227,0.5337555709552014,1.501078510793068,0.7280202741897327
2025-06-11 13:23:37,978.22,956.85,978.438443256143,955.4943881929585,65.74,53.36,966.9664157245508,1933.9328314491015,22.944055063184578,0.023727871688557726,119.1,12.379999999999995,-0.0728144187144153,0.451870602347185,0.1895280918164417,0.5246850210616003,2.768361395250899,0.024271472904729308,0.536043132550958,0.28015730272795736,0.0,0.0,0.0,8.118945487872422,0.6006192045237679,1.3226895828578804,0.7064754839769141
2025-06-11 13:23:38,976.16,956.85,977.8688324421073,955.8332911447188,65.74,53.36,966.851061793413,1933.702123586826,22.035541297388477,0.022791040052977433,119.1,12.379999999999995,-0.569610814035741,0.33890295176036034,-0.11535393113774717,0.9085137657961013,7.875812129012764,-0.4967963953213257,-0.11296765058682467,-0.30488202295418887,0.0,0.0,0.0,8.117976941019615,0.5632816577290989,0.7020142642696209,0.6393620116381303
2025-06-11 13:23:39,980.28,958.91,978.4716243315804,956.6024683585391,65.74,53.36,967.5370463450597,1935.0740926901194,21.869155973041302,0.0226029132766034,119.1,12.379999999999995,0.6027918894731101,0.769177213820285,0.6859845516466976,0.1663853243471749,0.2425493130981688,1.1724027035088511,0.4302742620599247,0.8013384827844447,0.0,0.0,0.0,8.123736676921268,0.30783922606465774,0.77061920154969,0.582649746253192
2025-06-11 13:23:40,976.16,952.73,977.8937182486852,955.6343512689043,65.74,53.36,966.7640347587948,1933.5280695175895,22.259366979780907,0.023024612166411374,119.1,12.379999999999995,-0.577906082895197,-0.9681170896348021,-0.7730115862649427,0.3902110067396052,0.5047925657006884,-1.180697972368307,-1.7372943034550872,-1.4589961379116403,0.0,0.0,0.0,8.117246235445412,0.3221031268513292,0.6719470030755855,0.5299578025907946
2025-06-11 13:23:41,969.98,954.79,975.9152886865139,955.4232634516782,65.74,53.36,965.669276069096,1931.338552138192,20.49202523483575,0.02122054177495542,119.1,12.379999999999995,-1.9784295621713,-0.21108781722614367,-1.0947586896987787,1.7673417449451563,1.6143650168846075,-1.400523479276103,0.7570292724086585,-0.32174710343383595,0.0,0.0,0.0,8.10805430697768,0.679037204243932,0.8970654312326486,0.7194590082318707
2025-06-11 13:23:42,980.28,956.85,977.0064665148855,955.7799475887585,65.74,53.36,966.393207051822,1932.786414103644,21.226518926126914,0.021964681404288866,119.1,12.379999999999995,1.091177828371542,0.3566841370803786,0.7239309827259603,0.7344936912911635,1.0145893658758287,3.069607390542842,0.5677719543065223,1.818689672424739,0.0,0.0,0.0,8.114132652709399,0.6833360764866078,0.7178520058725549,0.8273885524573246
2025-06-11 13:23:43,978.22,952.73,977.3098498861641,955.0174606915689,65.74,53.36,966.1636552888665,1932.327310577733,22.292389194595216,0.023073098485429027,119.1,12.379999999999995,0.3033833712786418,-0.7624868971896603,-0.22955176295545243,1.0658702684683021,4.643247394391622,-0.7877944570929003,-1.119171034270039,-0.9534827456814128,0.0,0.0,0.0,8.11220526596693,0.6999403625334578,0.7664559884687484,0.8289877630876804
2025-06-11 13:23:44,980.28,950.67,978.0523874146231,953.9305955186767,65.74,53.36,965.9914914666499,1931.9829829332998,24.121791895946444,0.02497101898315034,119.1,12.379999999999995,0.7425375284590245,-1.0868651728922032,-0.17216382221658932,1.8294027013512277,10.625879769153862,0.43915415718038275,-0.32437827570254285,0.05738794073886311,0.0,0.0,0.0,8.110759725910077,0.4128745498036535,1.3689665008200662,0.6936688666146962
2025-06-11 13:23:45,974.1,956.85,977.0642905609674,954.6604466390075,65.74,53.36,965.8623685999875,1931.724737199975,22.403843921959833,0.023195689807480956,119.1,12.379999999999995,-0.9880968536557475,0.7298511203308635,-0.129122866662442,1.717947973986611,13.304650940152703,-1.730634382114772,1.8167162932230667,0.04304095555414733,0.0,0.0,0.0,8.109675570867438,0.277717484635955,1.3752510473144366,0.644006869583889
2025-06-11 13:23:46,976.16,956.85,976.8382179207255,955.2078349792556,65.74,53.36,966.0230264499905,1932.046052899981,21.63038294146986,0.02239116700827262,119.1,12.379999999999995,-0.22607264024190954,0.5473883402480624,0.16065785000307642,0.7734609804899719,4.814306715597436,0.762024213413838,-0.18246278008280115,0.2897807166655184,0.0,0.0,0.0,8.111024503265877,0.20205954630899778,1.1095490001560742,0.3949260229374124
2025-06-11 13:23:47,976.16,956.85,976.668663440544,955.6183762344417,65.74,53.36,966.1435198374929,1932.2870396749859,21.050287206102325,0.02178795049813621,119.1,12.379999999999995,-0.16955448018143215,0.4105412551861036,0.12049338750239258,0.5800957353675358,4.8142967269410555,0.056518160060477385,-0.13684708506195875,-0.04016446250068384,0.0,0.0,0.0,8.112036202564708,0.12262776574903861,1.1554150691863867,0.1780926503611265
2025-06-11 13:23:48,974.1,956.85,976.026497580408,955.9262821758313,65.74,53.36,965.9763898781196,1931.9527797562391,20.100215404576716,0.020808184956057407,119.1,12.379999999999995,-0.6421658601360605,0.3079059413895493,-0.16712995937336927,0.9500718015256098,5.684594913400555,-0.4726113799546283,-0.10263531379655433,-0.28762334687576185,0.0,0.0,0.0,8.110632928358411,0.10086915394420261,1.5179477025601977,0.16398281471104162
2025-06-11 13:23:49,980.28,948.61,977.089873185306,954.0972116318735,65.74,53.36,965.5935424085898,1931.1870848171795,22.992661553432526,0.023811946248384563,119.1,12.379999999999995,1.0633756048980558,-1.829070543957755,-0.38284746952979276,2.892446148855811,7.555067811576363,1.7055414650341163,-2.1369764853473043,-0.2157175101564235,0.0,0.0,0.0,8.107418424023269,0.20835730023049023,1.1326781150806715,0.22351411229361784
2025-06-11 13:23:50,980.28,956.85,977.8874048889795,954.7854087239051,65.74,53.36,966.3364068064423,1932.6728136128845,23.10199616507441,0.02390678440597651,119.1,12.379999999999995,0.797531703673485,0.6881970920316007,0.742864397852486,0.1093346116418843,0.14717957244738344,-0.2658439012245708,2.5172676359893558,1.1257118673822788,0.0,0.0,0.0,8.11365574049359,0.27340467149435943,1.2840020044892424,0.42477619954678625
2025-06-11 13:23:51,978.22,952.73,977.9705536667348,954.2715565429288,65.74,53.36,966.1210551048318,1932.2421102096637,23.698997123805952,0.024530049287358066,119.1,12.379999999999995,0.0831487777552411,-0.5138521809763006,-0.21535170161041606,0.5970009587315417,2.7722009255846096,-0.7143829259182439,-1.2020492730079013,-0.9582160994629021,0.0,0.0,0.0,8.111847581805074,0.2776439774351543,1.534536817324647,0.4430928825388391
2025-06-11 13:23:52,976.16,956.85,977.517915250051,954.9161674071966,65.74,53.36,966.2170413286237,1932.4340826572475,22.60174784285448,0.023391998746351353,119.1,12.379999999999995,-0.45263841668372606,0.6446108642677473,0.09598622379189692,1.0972492809514733,11.431201337069,-0.5357871944389672,1.1584630452440479,0.311337925402313,0.0,0.0,0.0,8.112653511469103,0.2866820030852698,1.3974998908428384,0.44183162812736587
2025-06-11 13:23:53,980.28,956.85,978.2084364375382,955.3996255553974,65.74,53.36,966.8040309964679,1933.6080619929357,22.808810882140847,0.023591969134675865,119.1,12.379999999999995,0.6905211874872066,0.4834581482008389,0.5869896678441364,0.2070630392863677,0.35275354554929506,1.1431596041709327,-0.1611527160669084,0.4910034440522395,0.0,0.0,0.0,8.117582056077968,0.43495251689142317,0.4140867882538094,0.490297948972305
2025-06-11 13:23:54,976.16,956.85,977.6963273281536,955.762219166548,65.74,53.36,966.7292732473509,1933.4585464947017,21.93410816160565,0.022688987233455297,119.1,12.379999999999995,-0.5121091093845962,0.36259361115060074,-0.07475774911699773,0.8747027205351969,11.700339169215951,-1.2026302968718028,-0.12086453705023814,-0.6617474169611341,0.0,0.0,0.0,8.116954367173776,0.3075521715863244,0.6489037602460629,0.41821223909847477
2025-06-11 13:23:55,978.22,956.85,977.8272454961152,956.034164374911,65.74,53.36,966.9307049355132,1933.8614098710264,21.79308112120418,0.022538410443920284,119.1,12.379999999999995,0.13091816796156763,0.2719452083630358,0.20143168816230173,0.14102704040146818,0.7001199342970467,0.6430272773461638,-0.09064840278756492,0.27618943727929945,0.0,0.0,0.0,8.11864564917605,0.3660324762048293,0.7649508651834864,0.3064604270967852
2025-06-11 13:23:56,974.1,952.73,976.8954341220864,955.2081232811832,65.74,53.36,966.0517787016348,1932.1035574032696,21.687310840903137,0.02244942900224382,119.1,12.379999999999995,-0.9318113740288254,-0.8260410937277811,-0.8789262338783601,0.1057702803010443,0.12034020135469196,-1.062729541990393,-1.097986302090817,-1.0803579220406618,0.0,0.0,0.0,8.111265915956078,0.3875028597857239,0.5062269144546641,0.5411758383265842
2025-06-11 13:23:57,980.28,954.79,977.7415755915647,955.1035924608874,65.74,53.36,966.4225840262261,1932.8451680524522,22.6379831306773,0.023424517888375886,119.1,12.379999999999995,0.8461414694783116,-0.10453082029584948,0.3708053245912879,0.9506722897741611,2.5637973969888894,1.777952843507137,0.7215102734319316,1.249731558469648,0.0,0.0,0.0,8.114379310762779,0.3531888273365979,0.5142381907160687,0.5683921774272145
2025-06-11 13:23:58,969.98,956.85,975.8011816936736,955.5401943456656,65.74,53.36,965.6706880196696,1931.3413760393391,20.26098734800803,0.0209812595312141,119.1,12.379999999999995,-1.9403938978911128,0.4366018847781561,-0.7518960065565352,2.376995782669269,3.1613316211421068,-2.7865353673694244,0.5411327050740056,-1.1227013311478231,0.0,0.0,0.0,8.108066162146125,0.5089523389306058,0.8670701909320921,0.5622778902503665
2025-06-11 13:23:59,969.98,956.85,974.3458862702552,955.8676457592492,65.74,53.36,965.1067660147521,1930.2135320295042,18.478240511005993,0.01914631742575228,119.1,12.379999999999995,-1.4552954234184199,0.32745141358361707,-0.5639220049174583,1.782746837002037,3.161330219651136,0.48509847447269294,-0.10915047119453902,0.18797400163907696,0.0,0.0,0.0,8.103331300683635,0.6976962932014993,1.6344508121605665,0.5717150353714786
2025-06-11 13:24:00,976.16,956.85,974.7994147026914,956.1132343194369,65.74,53.36,965.4563245110642,1930.9126490221283,18.68618038325451,0.019354765088273655,119.1,12.379999999999995,0.453528432436201,0.24558856018768438,0.3495584963120564,0.20793987224851662,0.5948626040554938,1.9088238558546209,-0.08186285339593269,0.9134805012295146,0.0,0.0,0.0,8.106266300628027,0.5121949996277064,1.8236618071044037,0.6084396356243255
2025-06-11 13:24:01,980.28,954.79,976.1695610270185,955.7824257395777,65.74,53.36,965.9759933832981,1931.9519867665963,20.387135287440856,0.021105219390525832,119.1,12.379999999999995,1.3701463243271519,-0.33080857985919465,0.5196688722339786,1.7009549041863465,3.273145115906393,0.9166178918909509,-0.576397140046879,0.17011037592192224,0.0,0.0,0.0,8.110629599266739,0.5017369583366488,1.671692420698942,0.5941275993565276
2025-06-11 13:24:02,976.16,950.67,976.1671707702639,954.5043193046832,65.74,53.36,965.3357450374735,1930.671490074947,21.662851465580616,0.022440743082914577,119.1,12.379999999999995,-0.002390256754665643,-1.2781064348944255,-0.6402483458246024,1.27571617813976,1.9925302328840564,-1.3725365810818175,-0.9472978550352309,-1.159917218058581,0.0,0.0,0.0,8.105253878524096,0.3312136590008027,1.3200279323451105,0.6019295345501471
2025-06-11 13:24:03,980.28,956.85,977.1953780776978,955.0907394785124,65.74,53.36,966.1430587781051,1932.2861175562102,22.104638599185364,0.022879260349147626,119.1,12.379999999999995,1.028207307433945,0.5864201738291968,0.8073137406315709,0.4417871336047483,0.5472303568483508,1.0305975641886107,1.8645266087236223,1.4475620864561733,0.0,0.0,0.0,8.112032331369209,0.4387405165473063,1.661200596569793,0.6571342138789936
2025-06-11 13:24:04,976.16,948.61,976.9365335582734,953.4705546088843,65.74,53.36,965.2035440835789,1930.4070881671578,23.46597894938907,0.024311948571797987,119.1,12.379999999999995,-0.25884451942442865,-1.6201848696281331,-0.939514694526224,1.3613403502037045,1.4489809570346739,-1.2870518268583737,-2.20660504345733,-1.746828435157795,0.0,0.0,0.0,8.10414387892053,0.4127059601583671,1.811662069157171,0.7639919766538544
2025-06-11 13:24:05,978.22,952.73,977.2574001687051,953.2854159566632,65.74,53.36,965.2714080626841,1930.5428161253683,23.97198421204189,0.024834449655273236,119.1,12.379999999999995,0.3208666104317217,-0.1851386522210987,0.06786397910525466,0.5060052626528204,7.4560586229318,0.5797111298561504,1.4350462174070344,1.0073786736314787,0.0,0.0,0.0,8.104713685625278,0.43882726421899804,1.4367062442931313,0.7436705788228376
2025-06-11 13:24:06,974.1,948.61,976.4680501265287,952.1165619674974,65.74,53.36,964.2923060470131,1928.5846120940262,24.351488159031305,0.02525322247317698,119.1,12.379999999999995,-0.789350042176352,-1.1688539891657683,-0.9791020156710601,0.37950394698941636,0.3876036953367067,-1.1102166526080737,-0.9837153369446696,-1.0469659947763148,0.0,0.0,0.0,8.096492845932161,0.6566386481971289,1.1743095241024808,0.764958650655695
2025-06-11 13:24:07,969.98,956.85,974.8460375948965,953.299921475623,65.74,53.36,964.0729795352597,1928.1459590705194,21.546116119273506,0.02234905090619899,119.1,12.379999999999995,-1.6220125316322083,1.1833595081255908,-0.2193265117533656,2.805372039757799,12.790789524446199,-0.8326624894558563,2.352213497291359,0.7597755039176946,0.0,0.0,0.0,8.09465131352316,0.8339391125444693,1.210898843742022,0.7461364469444846
2025-06-11 13:24:08,976.16,952.73,975.1745281961723,953.1574411067173,65.74,53.36,964.1659846514449,1928.3319693028898,22.017087089455003,0.022835370068130974,119.1,12.379999999999995,0.3284906012758029,-0.14248036890569438,0.09300511618516794,0.47097097018149725,5.063870952785844,1.9505031329080111,-1.3258398770312851,0.31233162793853353,0.0,0.0,0.0,8.095432212896833,0.5864814504451279,1.2291697420107535,0.5293684416156289
2025-06-11 13:24:09,976.16,956.85,975.4208961471293,954.080580830038,65.79,53.36,964.7507384885837,1929.5014769771674,21.340315317091267,0.022120030017705725,119.15,12.430000000000007,0.24636795095693742,0.9231397233206735,0.5847538371388055,0.6767717723637361,1.1573598530200584,-0.08212265031886545,1.0656200922263679,0.49174872095363753,0.05000000000001137,0.0,0.05000000000001137,8.096942764512303,0.498602804845075,1.412180111703083,0.5746587717555017
2025-06-11 13:24:10,982.34,956.85,977.1506721103469,954.7729356225285,65.79,53.36,965.9618038664378,1931.9236077328756,22.377736487818424,0.023166274665396905,119.15,12.430000000000007,1.7297759632176621,0.6923547924905051,1.2110653778540836,1.037421170727157,0.8566179275535561,1.4834080122607247,-0.23078493083016838,0.6263115407152782,0.0,0.0,0.0,8.10710697238213,0.7788033143720133,1.2021332901754385,0.825936128553942
2025-06-11 13:24:11,982.34,948.61,978.4480040827602,953.2322017168964,65.79,53.36,965.8401028998283,1931.6802057996565,25.21580236586385,0.02610763651669521,119.15,12.430000000000007,1.2973319724133034,-1.5407339056321234,-0.12170096660952368,2.838065878045427,23.31980293425543,-0.4324439908043587,-2.2330886981226286,-1.3327663444636073,0.0,0.0,0.0,8.10608556268353,0.8998936160513551,1.5715038200635922,0.5918290664618621
2025-06-11 13:24:12,974.1,954.79,977.3610030620702,953.6216512876723,65.79,53.36,965.4913271748712,1930.9826543497425,23.739351774397846,0.024587845671564787,119.15,12.430000000000007,-1.0870010206900815,0.38944957077592335,-0.34877572495702225,1.4764505914660049,4.233225688004094,-2.384332993103385,1.9301834764080468,-0.22707475834749857,0.0,0.0,0.0,8.10315836400934,0.7643879297972848,1.5447589136324484,0.6227720243709715
2025-06-11 13:24:13,980.28,956.85,978.0907522965526,954.4287384657542,65.79,53.36,966.2597453811534,1932.5194907623068,23.6620138307984,0.024488253722063487,119.15,12.430000000000007,0.7297492344824832,0.8070871780819289,0.7684182062821492,0.07733794359944568,0.10064551089714516,1.8167502551725647,0.4176376073060055,1.1171939312391714,0.0,0.0,0.0,8.109607530604665,0.578450820180326,1.4730823329240603,0.6439665698175169
2025-06-11 13:24:14,978.22,948.61,978.1230642224145,952.9740538493157,65.79,53.36,965.5485590358651,1931.0971180717302,25.149010373098804,0.026046344445032003,119.15,12.430000000000007,0.032311925861904456,-1.4546846164384988,-0.7111863452882972,1.4869965423004032,2.0908647378949254,-0.6974373086205787,-2.2617717945204276,-1.4796045515704463,0.0,0.0,0.0,8.103638698549949,0.3144813246916524,1.1840786487388903,0.8018859041919757
2025-06-11 13:24:15,980.28,946.55,978.6622981668108,951.3680403869869,65.79,53.36,965.0151692768989,1930.0303385537977,27.294257779823965,0.028283760318495537,119.15,12.430000000000007,0.539233944396301,-1.6060134623288604,-0.5333897589662229,2.1452474067251615,4.021905836694501,0.5069220185343966,-0.15132884589036166,0.1777965863220743,0.0,0.0,0.0,8.09916207450891,0.459509865678325,1.4757289677785308,0.57835746187174
2025-06-11 13:24:16,978.22,956.85,978.5517236251083,952.7385302902402,65.79,53.36,965.6451269576742,1931.2902539153483,25.81319333486806,0.02673155239695829,119.15,12.430000000000007,-0.11057454170259007,1.3704899032533149,0.6299576807753056,1.481064444955905,2.35105014051576,-0.6498084860988911,2.9765033655821753,1.1633474397415284,0.0,0.0,0.0,8.104449172079102,0.44538247218359645,1.5198684064983228,0.687685475839705
2025-06-11 13:24:17,982.34,952.73,979.4987927188313,952.7363977176801,65.79,53.36,966.1175952182557,1932.2351904365114,26.762395001151162,0.027700970467683383,119.15,12.430000000000007,0.9470690937230302,-0.0021325725600718215,0.472468260581536,0.949201666283102,2.0090231163711745,1.0576436354256202,-1.3726224758133867,-0.15748942019376955,0.0,0.0,0.0,8.108414495256746,0.49526590065523707,1.4259723102466058,0.6932510001493016
2025-06-11 13:24:18,974.1,987.75,978.1490945391234,961.4897982882601,65.79,53.34,969.8194464136918,1939.6388928273836,16.65929625086335,0.017177729623065668,119.13000000000001,12.450000000000003,-1.3496981797078433,8.75340057057997,3.70185119543612,10.103098750287813,2.7292010099008164,-2.2967672734308735,8.755533143140042,3.229382934854584,0.0,-0.01999999999999602,0.01999999999999602,8.140849813420985,1.9352422467225585,4.370742144601537,1.7733986843389076
2025-06-11 13:24:19,974.1,956.85,977.1368209043426,960.329848716195,65.79,53.31,968.7333348102688,1937.4666696205377,16.806972188147597,0.01734943102178877,119.10000000000001,12.480000000000004,-1.012273634780854,-1.159949572065102,-1.086111603422978,0.147675937284248,0.13596742807222242,0.33742454492698926,-9.913350142645072,-4.787962798859098,0.0,-0.030000000000001137,0.030000000000001137,8.133781080407118,2.090797151844966,5.443223707542148,1.8546804922540305
2025-06-11 13:24:20,982.34,963.03,978.437615678257,961.0048865371461,65.79,53.31,969.7212511077016,1939.4425022154032,17.432729141110826,0.017977051759173645,119.10000000000001,12.480000000000004,1.3007947739143901,0.6750378209511609,0.9879162974327755,0.6257569529632292,0.6334102607468616,2.313068408695244,1.834987393016263,2.0740279008557536,0.0,0.0,0.0,8.142075927503154,1.9937073006302244,5.124823442131545,1.7356519665645314
2025-06-11 13:24:21,980.28,956.85,978.8982117586927,959.9661649028595,65.79,53.31,969.4321883307762,1938.8643766615523,18.932046855833164,0.01952900580792808,119.10000000000001,12.480000000000004,0.460596080435721,-1.0387216342866168,-0.2890627769254479,1.4993177147223378,5.186805938362264,-0.8401986934786692,-1.7137594552377777,-1.2769790743582234,0.0,0.0,0.0,8.139648868103503,1.5395752801149982,4.257234633704775,1.8233030519161828
2025-06-11 13:24:22,978.22,960.97,978.7286588190195,960.2171236771446,65.79,53.31,969.4728912480821,1938.9457824961642,18.5115351418749,0.01909443295412732,119.10000000000001,12.480000000000004,-0.1695529396731672,0.2509587742850954,0.04070291730590725,0.4205117139582626,10.330988803803285,-0.6301490201088882,1.2896804085717122,0.32976569423135516,0.0,0.0,0.0,8.139990622234185,0.425297852112675,1.015328663762092,1.8501980316916251
2025-06-11 13:24:23,974.1,956.85,977.5714941142646,959.3753427578584,65.79,53.31,968.4734184360616,1936.9468368721232,18.196151356406176,0.018788488141472923,119.10000000000001,12.480000000000004,-1.157164704754905,-0.8417809192861796,-0.9994728120204854,0.31538378546872536,0.31554982399304843,-0.9876117650817378,-1.092739693571275,-1.0401757293263927,0.0,0.0,0.0,8.13159874311052,0.5339027876118102,0.853091332383178,0.848147787970882
2025-06-11 13:24:24,976.16,956.85,977.2186205856984,958.7440070683938,65.79,53.31,967.981313827046,1935.962627654092,18.474613517304647,0.019085712951603405,119.10000000000001,12.480000000000004,-0.35287352856619236,-0.6313356894646631,-0.4921046090155414,0.27846216089847076,0.5658585388927695,0.8042911761887126,0.21044522982151648,0.507368203004944,0.0,0.0,0.0,8.127466882448187,0.7490513115796983,0.556152020114532,0.7397969930249614
2025-06-11 13:24:25,974.1,965.09,976.4389654392738,960.3305053012954,65.79,53.31,968.3847353702846,1936.7694707405692,16.108460137978454,0.016634359808640156,119.10000000000001,12.480000000000004,-0.7796551464246022,1.5864982329015902,0.40342154323855084,2.3661533793261924,5.865198707864584,-0.42678161785840985,2.2178339223662533,0.8955261522540923,0.0,0.0,0.0,8.130854132992699,0.6687190691242013,1.1137894039273293,0.5319353680052659
2025-06-11 13:24:26,980.28,958.91,977.3992240794553,959.9753789759715,65.79,53.31,968.6873015277133,1937.3746030554266,17.423845103483814,0.01798706874552568,119.10000000000001,12.480000000000004,0.9602586401814506,-0.35512632532390853,0.3025661574287142,1.315384965505359,4.347414890247195,1.7399137866060528,-1.9416245582254987,-0.10085538580983666,0.0,0.0,0.0,8.13339457090108,0.5510660123095539,1.013019142484467,0.5886623665043805
2025-06-11 13:24:27,978.22,954.79,977.6044180595916,958.6790342319786,65.79,53.31,968.141726145785,1936.28345229157,18.925383827613018,0.019548154259818606,119.10000000000001,12.480000000000004,0.20519398013630052,-1.2963447439929041,-0.5455753819283018,1.5015387241292046,2.7522062425468645,-0.75506466004515,-0.9412184186689956,-0.848141539357016,0.0,0.0,0.0,8.12881375329111,0.2775742547850932,1.1043128612702247,0.5997208644035736
2025-06-11 13:24:28,976.16,963.03,977.2433135446936,959.7667756739838,65.79,53.31,968.5050446093387,1937.0100892186774,17.476537870709763,0.01804485991057933,119.10000000000001,12.480000000000004,-0.36110451489798834,1.0877414420052673,0.36331846355369635,1.4488459569032557,3.9878016518350536,-0.5662984950342889,2.3840861859981715,0.9088938454819981,0.0,0.0,0.0,8.13186428612489,0.2818810111797143,1.090771011282675,0.48112236690426435
2025-06-11 13:24:29,980.28,960.97,978.0024851585201,960.0675817554879,65.79,53.31,969.035033457004,1938.070066914008,17.934903403032195,0.018508003080695598,119.10000000000001,12.480000000000004,0.7591716138265383,0.30080608150410626,0.5299888476653223,0.45836553232243205,0.8648571936643595,1.1202761287245266,-0.7869353605011611,0.16667038411162594,0.0,0.0,0.0,8.136314234430644,0.3354575753415548,1.016899922726604,0.4309208719222713
2025-06-11 13:24:30,978.22,948.61,978.0568638688901,957.203186316616,65.79,53.31,967.630025092753,1935.260050185506,20.85367755227412,0.02155129232241825,119.10000000000001,12.480000000000004,0.054378710369974215,-2.864395438871952,-1.405008364250989,2.9187741492419264,2.077405477505786,-0.7047929034565641,-3.1652015203760584,-1.9349972119163112,0.0,0.0,0.0,8.124517354897025,0.5376826715306474,1.4355358402229461,0.8158152739144848
2025-06-11 13:24:31,978.22,963.03,978.0976479016676,958.659889737462,65.79,53.31,968.3787688195648,1936.7575376391296,19.43775816420566,0.020072474500682662,119.10000000000001,12.480000000000004,0.040784032777537504,1.4567034208459972,0.7487437268117674,1.4159193880684597,1.8910575759212238,-0.01359467759243671,4.321098859717949,2.1537520910627563,0.0,0.0,0.0,8.130804036009746,0.5136081831572209,1.3286318026133337,0.8980768574613096
2025-06-11 13:24:32,980.28,960.97,978.6432359262508,959.2374173030964,65.79,53.31,968.9403266146736,1937.8806532293472,19.405818623154346,0.020027877950882043,119.10000000000001,12.480000000000004,0.5455880245831395,0.5775275656344547,0.5615577951087971,0.031939541051315246,0.05687657522152643,0.504803991805602,-0.8791758552115425,-0.18718593170297027,0.0,0.0,0.0,8.135519046844287,0.5593978417356948,1.3458683169256722,0.8853458042100338
2025-06-11 13:24:33,976.16,956.85,978.022426944688,958.6405629773222,65.79,53.31,968.3314949610051,1936.6629899220102,19.381863967365803,0.020015732265457897,119.10000000000001,12.480000000000004,-0.6208089815627318,-0.5968543257741885,-0.608831653668517,0.023954655788543278,0.03934522178500884,-1.1663970061458713,-1.1743818914086432,-1.170389448777314,0.0,0.0,0.0,8.130407110248512,0.5642026571229884,1.0321622442457228,0.9348199150603066
2025-06-11 13:24:34,978.22,954.79,978.0718202085161,957.6779222329917,65.79,53.31,967.8748712207539,1935.7497424415078,20.393897975524396,0.021070800121849774,119.10000000000001,12.480000000000004,0.049393263828051204,-0.9626407443305425,-0.4566237402511888,1.0120340081585937,2.2163363456869964,0.670202245390783,-0.36578641855635396,0.1522079134173282,0.0,0.0,0.0,8.126573157801685,0.505736494622288,0.6854994814065637,0.888819268621012
2025-06-11 13:24:35,974.1,956.85,977.078865156387,957.4709416747438,65.79,53.31,967.2749034155654,1934.5498068311308,19.607923481643184,0.020271303837341294,119.10000000000001,12.480000000000004,-0.9929550521291048,-0.20698055824789208,-0.5999678051884985,0.7859744938812128,1.310025599804768,-1.042348315957156,0.7556601860826504,-0.14334406493730967,0.0,0.0,0.0,8.121535644786144,0.622670519377468,0.42767373769189165,0.6689328506094426
2025-06-11 13:24:36,972.04,958.91,975.8191488672902,957.8307062560579,65.79,53.31,966.824927561674,1933.649855123348,17.988442611232358,0.018605687627431578,119.10000000000001,12.480000000000004,-1.2597162890967866,0.3597645813140389,-0.44997585389137384,1.6194808704108254,3.5990314977440474,-0.2667612369676817,0.566745139561931,0.14999195129712461,0.0,0.0,0.0,8.117757510024488,0.8370745593232957,0.8680525411167654,0.4934783392713863
2025-06-11 13:24:37,982.34,960.97,977.4493616504677,958.6155296920433,65.79,53.31,968.0324456712556,1936.0648913425111,18.833831958424412,0.019455785829480977,119.10000000000001,12.480000000000004,1.6302127831775124,0.7848234359854587,1.2075181095815424,0.8453893471920537,0.7001043217320327,2.889929072274299,0.4250588546714198,1.6574939634729162,0.0,0.0,0.0,8.127896201035762,0.6085099848027501,0.8969859088323056,0.7802037045702407
2025-06-11 13:24:38,974.1,960.97,976.6120212378507,959.2041472690325,65.79,53.31,967.9080842534416,1935.8161685068833,17.407873968818194,0.017985048615706142,119.10000000000001,12.480000000000004,-0.8373404126169817,0.5886175769892361,-0.12436141781392962,1.4259579896062178,11.466148814666248,-2.467553195794494,-0.19620585899622256,-1.331879527395472,0.0,0.0,0.0,8.12685202457254,0.5153802747371524,1.2021100174451596,0.7430772668876552
2025-06-11 13:24:39,980.28,950.67,977.5290159283879,957.0706104517744,65.79,53.31,967.2998131900812,1934.5996263801624,20.458405476613507,0.021150014893513962,119.10000000000001,12.480000000000004,0.9169946905371944,-2.1335368172581184,-0.608271063360462,3.050531507795313,5.015077448966397,1.754335103154176,-2.7221543942473545,-0.4839096455465324,0.0,0.0,0.0,8.121744794864284,0.4978424238747841,1.2230345640261906,0.7648301645380543
2025-06-11 13:24:40,982.34,948.61,978.731761946291,954.9554578388309,65.79,53.31,966.843609892561,1933.687219785122,23.77630410746019,0.024591675261225156,119.10000000000001,12.480000000000004,1.2027460179031095,-2.115152612943575,-0.4562032975202328,3.3178986308466847,7.27283510673096,0.28575132736591513,0.01838420431454324,0.15206776584022919,0.0,0.0,0.0,8.117914372583094,0.5715750704613667,2.5556165874041814,0.7444723518852092
2025-06-11 13:24:41,976.16,956.85,978.0888214597182,955.4290933791232,65.79,53.31,966.7589574194208,1933.5179148388415,22.659728080595073,0.023438860207348942,119.10000000000001,12.480000000000004,-0.6429404865727975,0.4736355402923209,-0.08465247314018143,1.1165760268651184,13.189961208279438,-1.845686504475907,2.588788153235896,0.3715508243800514,0.0,0.0,0.0,8.117203604552621,0.588163380537597,2.6294841553347226,0.7172824603447365
2025-06-11 13:24:42,976.16,963.03,977.6066160947887,957.3293200343423,65.79,53.31,967.4679680645655,1934.935936129131,20.27729606044636,0.02095913943285612,119.10000000000001,12.480000000000004,-0.48220536492954125,1.9002266552191713,0.7090106451447582,2.3824320201487126,3.3602156416800373,0.1607351216432562,1.4265911149268504,0.7936631182849396,0.0,0.0,0.0,8.123156674571023,0.471481804342833,2.4569397070503665,0.5098323351546258
2025-06-11 13:24:43,980.28,956.85,978.2749620710915,957.2094900257567,65.79,53.31,967.7422260484241,1935.4844520968481,21.065472045334786,0.0217676478886156,119.10000000000001,12.480000000000004,0.6683459763028168,-0.119830008585609,0.27425798385854705,0.7881759848884258,2.8738383472423963,1.150551341232358,-2.0200566638047803,-0.43475266128621115,0.0,0.0,0.0,8.125459428404405,0.41676627238490105,1.5154680596520735,0.5379806976562718
2025-06-11 13:24:44,980.28,958.91,978.7762215533187,957.6346175193175,65.79,53.31,968.2054195363181,1936.4108390726362,21.141604034001148,0.02183586621761545,119.10000000000001,12.480000000000004,0.5012594822271694,0.42512749356080803,0.4631934878940456,0.0761319886663614,0.16436289864437328,-0.16708649407564735,0.544957502146417,0.18893550403549852,0.0,0.0,0.0,8.129348542459862,0.6105076553762511,1.4084820779199674,0.45927243082785635
2025-06-11 13:24:45,980.28,958.91,979.152166164989,957.9534631394881,65.79,53.31,968.5528146522386,1937.1056293044771,21.19870302550089,0.021886987145068957,119.10000000000001,12.480000000000004,0.37594461167032023,0.3188456201705776,0.3473951159204489,0.057098991499742624,0.16436278036228208,-0.1253148705568492,-0.10628187339023043,-0.11579837197359666,0.0,0.0,0.0,8.132265378001454,0.6916617460010347,0.8631621165585186,0.28984261657801563
2025-06-11 13:24:46,976.16,950.67,978.4041246237417,956.1325973546161,65.79,53.31,967.268360989179,1934.536721978358,22.271527269125613,0.023025179096444765,119.10000000000001,12.480000000000004,-0.7480415412472894,-1.8208657848720122,-1.284453663059594,1.0728242436247228,0.8352371434186991,-1.1239861529176096,-2.13971140504259,-1.6318487789800429,0.0,0.0,0.0,8.121480712575131,0.5282291505964216,0.7107479515154718,0.7923174748170806
2025-06-11 13:24:47,974.1,956.85,977.3280934678063,956.311948015962,65.79,53.31,966.8200207418842,1933.6400414837683,21.016145451844295,0.021737391633636503,119.10000000000001,12.480000000000004,-1.076031155935425,0.17935066134589306,-0.4483402472948228,1.255381817281318,2.800058716114061,-0.3279896146881356,2.0002164462179053,0.8361134157647712,0.0,0.0,0.0,8.117716310866228,0.697069209357877,0.5261434305379273,0.7377858867585397
2025-06-11 13:24:48,988.52,960.97,980.1260701008547,957.4764610119714,65.85,53.31,968.801265556413,1937.602531112826,22.649609088883267,0.023379004415829165,119.16,12.539999999999992,2.7979766330483926,1.164512996009421,1.98124481452885,1.6334636370389717,0.8244628834344907,3.8740077889838176,0.9851623346635279,2.4295850618236727,0.05999999999998806,0.0,0.05999999999998806,8.13025560109229,0.8503935735249744,0.7498781990030496,1.2131652652138285
2025-06-11 13:24:49,980.28,958.91,980.164552575641,957.8348457589785,65.85,53.31,968.9996991673097,1937.9993983346194,22.32970681666245,0.02304408021262231,119.16,12.539999999999992,0.03848247478629219,0.35838474700710776,0.19843361089669997,0.3199022722208156,1.6121294101629708,-2.7594941582621004,-0.8061282490023132,-1.78281120363215,0.0,0.0,0.0,8.13192087139467,0.9792311219601385,0.7344002897466163,1.2052016888311752
2025-06-11 13:24:50,982.34,958.91,980.7084144317307,958.1036343192338,65.85,53.31,969.4060243754823,1938.8120487509645,22.604780112496883,0.023318175790934786,119.16,12.539999999999992,0.5438618560897339,0.2687885602553024,0.406325208172575,0.2750732958344315,0.676976503857714,0.5053793813034417,-0.08959618675180536,0.20789159727587503,0.0,0.0,0.0,8.135330784157029,1.1413127350680818,0.6682361522566417,1.20779177751706
2025-06-11 13:24:51,982.34,960.97,981.1163108237981,958.8202257394255,65.85,53.31,969.9682682816118,1939.9365365632236,22.296085084372635,0.022986406659349586,119.16,12.539999999999992,0.4078963920674141,0.7165914201916621,0.5622439061295381,0.308695028124248,0.5490401509358029,-0.1359654640223198,0.4478028599363597,0.15591869795696311,0.0,0.0,0.0,8.140049178764373,1.1929282339266543,0.6692184674173902,0.8928933863576591
2025-06-11 13:24:52,980.28,960.97,980.9072331178486,959.3576693045691,65.85,53.31,970.1324512112088,1940.2649024224177,21.54956381327952,0.022213012011052625,119.16,12.539999999999992,-0.20907770594953945,0.537443565143576,0.1641829295970183,0.7465212710931155,4.546859567348745,-0.6169740980169536,-0.17914785504808606,-0.3980609765325198,0.0,0.0,0.0,8.141427014684306,0.5829315324628276,0.44107328430026665,0.7547254814427514
2025-06-11 13:24:53,978.22,958.91,980.2354248383865,959.2457519784268,65.85,53.31,969.7405884084067,1939.4811768168133,20.989672859959683,0.021644626500335003,119.16,12.539999999999992,-0.6718082794620841,-0.11191732614224748,-0.3918628028021658,0.5598909533198366,1.4287896695640963,-0.46273057351254465,-0.6493608912858235,-0.5560457323991841,0.0,0.0,0.0,8.138138471553107,0.45405771858030386,0.6661809113690125,0.36216063053743
2025-06-11 13:24:54,976.16,960.97,979.2165686287899,959.6768139838202,65.85,53.31,969.4466913063051,1938.8933826126101,19.539754644969662,0.02015557410225905,119.16,12.539999999999992,-1.0188562095966063,0.43106200539341444,-0.2938971021015959,1.4499182149900207,4.9334044848265375,-0.3470479301345222,0.5429793315356619,0.09796570070056987,0.0,0.0,0.0,8.135672064204709,0.3176819451725689,1.215075401252816,0.4207570520876797
2025-06-11 13:24:55,978.22,954.79,978.9674264715925,958.4551104878651,65.85,53.31,968.7112684797288,1937.4225369594576,20.512315983727376,0.021174850164326096,119.16,12.539999999999992,-0.2491421571974115,-1.2217034959551256,-0.7354228265762686,0.9725613387577141,1.3224501350268023,0.7697140523991948,-1.65276550134854,-0.44152572447467264,0.0,0.0,0.0,8.12950033862226,0.5595172215557606,1.0427822977866088,0.5067829392616929
2025-06-11 13:24:56,978.22,954.79,978.7805698536945,957.5388328658988,65.85,53.31,968.1597013597966,1936.3194027195932,21.24173698779566,0.021940323415673015,119.16,12.539999999999992,-0.1868566178980018,-0.9162776219662874,-0.5515671199322014,0.7294210040682856,1.3224495356220838,0.06228553929940972,0.30542587398883825,0.18385570664406714,0.0,0.0,0.0,8.124871544435424,0.7962983256642707,0.7839577279149941,0.33829652552065587
2025-06-11 13:24:57,982.34,958.91,979.6704273902709,957.8816246494241,65.85,53.31,968.7760260198474,1937.552052039695,21.78880274084679,0.022491063086969226,119.16,12.539999999999992,0.8898575365764145,0.3427917835252856,0.6163246600508501,0.5470657530511289,0.8876244954753192,1.0767141544744163,1.259069405491573,1.1678917799830515,0.0,0.0,0.0,8.130043788937595,0.6289164168106804,0.8483474665336356,0.5236609616722467
2025-06-11 13:24:58,982.34,952.73,980.3378205427032,956.593718487068,65.85,53.31,968.4657695148856,1936.931539029771,23.744102055635153,0.024517234143455153,119.16,12.539999999999992,0.6673931524322825,-1.2879061623560801,-0.3102565049618988,1.9552993147883626,6.302182166482913,-0.22246438414413205,-1.6306979458813657,-0.9265811650127489,0.0,0.0,0.0,8.127440092207499,0.4768475552857781,1.5742870748098674,0.5202237671102421
2025-06-11 13:24:59,980.28,956.85,980.3233654070273,956.657788865301,65.85,53.31,968.4905771361641,1936.9811542723282,23.665576541726296,0.02443552583368452,119.16,12.539999999999992,-0.014455135675916608,0.06407037823294104,0.02480762127856906,0.07852551390885765,3.1652510241144256,-0.6818482881081991,1.3519765405890212,0.3350641262404679,0.0,0.0,0.0,8.127648279695501,0.24277174545356547,1.4549350230169218,0.5336133347054982
2025-06-11 13:25:00,974.1,956.85,978.7675240552704,956.7058416489757,65.85,53.31,967.7366828521231,1935.4733657042461,22.06168240629472,0.0227971955330629,119.16,12.539999999999992,-1.5558413517568397,0.0480527836747342,-0.7538942840410527,1.6038941354315739,2.1274760160778974,-1.541386216080923,-0.016017594558206838,-0.7787019053196218,0.0,0.0,0.0,8.12132154020478,0.39499816465441356,1.138805024923718,0.5383655945833097
2025-06-11 13:25:01,982.34,956.85,979.6606430414529,956.7418812367317,65.85,53.31,968.2012621390923,1936.4025242781845,22.918761804721157,0.023671485131525425,119.16,12.539999999999992,0.8931189861824578,0.03603958775602223,0.46457928696918316,0.8570793984264355,1.8448466765945408,2.4489603379392975,-0.012013195918711972,1.218473571010236,0.0,0.0,0.0,8.125220325729037,0.39104785603051084,0.8966445370054646,0.5613768006532374
2025-06-11 13:25:02,982.34,950.67,980.3304822810896,955.2239109275488,65.85,53.31,967.7771966043192,1935.5543932086384,25.106571353540858,0.025942511784417772,119.16,12.539999999999992,0.6698392396367581,-1.5179703091829424,-0.4240655347730353,2.1878095488197005,5.159118603854554,-0.2232797465456997,-1.5540098969389646,-0.8886448217422185,0.0,0.0,0.0,8.121661534765506,0.3629433832853519,1.1263509747252192,0.46404863965225546
2025-06-11 13:25:03,978.22,956.85,979.8028617108173,955.6304331956616,65.85,53.31,967.7166474532394,1935.4332949064787,24.17242851515573,0.02497882882741761,119.16,12.539999999999992,-0.5276205702723473,0.4065222681127807,-0.06054915107984016,0.934142838385128,15.427588894920953,-1.1974598099091054,1.924492577295723,0.36351638369319517,0.0,0.0,0.0,8.121153401578432,0.3461332524666547,1.1652375345257382,0.4626194246607152
2025-06-11 13:25:04,980.28,958.91,979.9221462831129,956.4503248967461,65.85,53.31,968.1862355899295,1936.372471179859,23.47182138636674,0.02424308516204214,119.16,12.539999999999992,0.11928457229555534,0.8198917010845435,0.4695881366901631,0.7006071287889881,1.4919577009960767,0.6469051425679027,0.41336943297176276,0.5301372877700032,0.0,0.0,0.0,8.125094221759277,0.24762625507117939,1.1651098932221167,0.5407579277357839
2025-06-11 13:25:05,974.1,956.85,978.4666097123346,956.5502436725595,65.85,53.31,967.5084266924471,1935.0168533848941,21.916366039775085,0.02265237739793817,119.16,12.539999999999992,-1.4555365707782357,0.09991877581342123,-0.6778088974824641,1.555455346591657,2.29482536677166,-1.574821143073791,-0.7199729252711222,-1.1473970341726272,0.0,0.0,0.0,8.119405996752612,0.305077030692411,1.2122584879439757,0.5169258738203922
2025-06-11 13:25:06,980.28,958.91,978.919957284251,957.1401827544196,65.85,53.31,968.0300700193353,1936.0601400386706,21.779774529831457,0.02249906814041155,119.16,12.539999999999992,0.4533475719164244,0.5899390818600523,0.5216433268882383,0.1365915099436279,0.26184797361534895,1.9088841426946601,0.49002030604663105,1.1994522243707024,0.0,0.0,0.0,8.123783668139911,0.2669445900531434,1.4386903736329906,0.5314334646074641
2025-06-11 13:25:07,978.22,958.91,978.7449679631884,957.5826370658147,65.85,53.31,968.1638025145015,1936.327605029003,21.16233089737375,0.021858213269854775,119.16,12.539999999999992,-0.17498932106263965,0.44245431139506763,0.133732495166214,0.6174436324577073,4.616970727418005,-0.628336892979064,-0.14748477046498465,-0.38791083172202434,0.0,0.0,0.0,8.12490596164481,0.2971430381366912,1.2639387267258044,0.48572302655824623
2025-06-11 13:25:08,978.22,958.91,978.6137259723914,957.914477799361,65.85,53.31,968.2641018858762,1936.5282037717525,20.69924817303047,0.021377688289111522,119.16,12.539999999999992,-0.13124199079697974,0.3318407335463007,0.10029937137471734,0.46308272434328046,4.6169592195548885,0.04374733026565991,-0.11061357784876691,-0.033433123791496655,0.0,0.0,0.0,8.125747681773486,0.3037900987222068,1.0520264739238998,0.4795969018645016
2025-06-11 13:25:09,982.34,958.91,979.5452944792936,958.1633583495206,65.85,53.31,968.8543264144071,1937.7086528288141,21.381936129772953,0.02206929929996306,119.16,12.539999999999992,0.9315685069021811,0.24888055015969712,0.5902245285308254,0.682687956742484,1.1566560979526141,1.0628104976991608,-0.0829601833866036,0.48992515715610807,0.0,0.0,0.0,8.13070089194114,0.48329196189167595,0.48938745490505703,0.5046228617205001
2025-06-11 13:25:10,980.28,956.85,979.7289708594701,957.8350187621405,65.85,53.31,968.7819948108054,1937.5639896216107,21.89395209732959,0.022599462203058206,119.16,12.539999999999992,0.18367638017650734,-0.32833958738012825,-0.07233160360169677,0.5120159675566356,7.078633175933747,-0.7478921267256737,-0.5772201375398254,-0.6625561321325222,0.0,0.0,0.0,8.130093879495734,0.37471987338807794,0.4834029410576408,0.28690495341995415
2025-06-11 13:25:11,974.1,956.85,978.3217281446026,957.5887640716054,65.85,53.31,967.955246108104,1935.910492216208,20.73296407299722,0.02141934158106971,119.16,12.539999999999992,-1.4072427148674933,-0.2462546905351246,-0.8267487027013658,1.1609880243323687,1.4042799417270968,-1.5909190950440006,0.08208489684500364,-0.754417099099669,0.0,0.0,0.0,8.123155740054955,0.3950697001345715,0.4953803017320686,0.5157360984554815
2025-06-11 13:25:12,976.16,958.91,977.7812961084519,957.919073053704,65.85,53.31,967.8501845810779,1935.7003691621558,19.862223054747915,0.020522001597616097,119.16,12.539999999999992,-0.5404320361507189,0.33030898209858606,-0.10506152702612326,0.8707410182493049,8.287836233301334,0.8668106787167744,0.5765636726337107,0.7216871756752425,0.0,0.0,0.0,8.122274055545518,0.4619522288358663,0.76882985931448,0.5095431579129028
2025-06-11 13:25:13,980.28,952.73,978.4059720813389,956.621804790278,65.85,53.31,967.5138884358084,1935.0277768716169,21.78416729106084,0.022515611950298674,119.16,12.539999999999992,0.624675972886962,-1.2972682634259627,-0.3362961452694435,1.9219442363129247,5.715017993307824,1.1651080090376809,-1.6275772455245487,-0.23123461824332026,0.0,0.0,0.0,8.119451832127867,0.5957121442892878,0.8426030913742623,0.512025206906064
2025-06-11 13:25:14,978.22,956.85,978.3594790610041,956.6788535927085,65.85,53.31,967.5191663268563,1935.0383326537126,21.680625468295602,0.022408471274214303,119.16,12.539999999999992,-0.04649302033476488,0.05704880243047228,0.0052778910478537,0.10354182276523716,19.61431327652336,-0.6711689932217269,1.354317065856435,0.3415740363172972,0.0,0.0,0.0,8.119496124600204,0.5183295003830048,0.8748095561406213,0.33777790940870983
2025-06-11 13:25:15,980.28,956.85,978.839609295753,956.7216401945313,65.85,53.31,967.7806247451422,1935.5612494902844,22.11796910122166,0.022854321023622417,119.16,12.539999999999992,0.4801302347489127,0.04278660182285421,0.26145841828588345,0.4373436329260585,1.6727017744981776,0.5266232550836776,-0.01426220060761807,0.25618052723802975,0.0,0.0,0.0,8.121690303990029,0.19919037299861686,0.9241693675122553,0.41093989771847883
2025-06-11 13:25:16,978.22,958.91,978.6847069718149,957.2687301458984,65.85,53.31,967.9767185588566,1935.9534371177133,21.41597682591646,0.02212447509654625,119.16,12.539999999999992,-0.1549023239381313,0.5470899513670702,0.19609381371446943,0.7019922753052015,3.5798615068288413,-0.635032558687044,0.504303349544216,-0.06536460457141402,0.0,0.0,0.0,8.1233359385324,0.20555689938002733,0.8807612696023263,0.2402508860333254
2025-06-11 13:25:17,980.28,956.85,979.083530228861,957.1640476094238,65.85,53.31,968.1237889191425,1936.247577838285,21.91948261943719,0.02264119821006351,119.16,12.539999999999992,0.3988232570461605,-0.10468253647457004,0.14707036028585208,0.5035057935207305,3.4235475387057166,0.5537255809842918,-0.6517724878416402,-0.04902345342861736,0.0,0.0,0.0,8.124570164439177,0.2718909337641025,0.2626869079570086,0.2380094881719277
2025-06-11 13:25:18,976.16,956.85,978.3526476716457,957.0855357070678,65.85,53.31,967.7190916893568,1935.4381833787136,21.267111964577907,0.021976534435706095,119.16,12.539999999999992,-0.7308825572152955,-0.0785119023560128,-0.404697229785711,0.6523706548592827,1.6119928550335274,-1.129705814261456,0.026170634118557246,-0.5517675900715631,0.0,0.0,0.0,8.121173913798112,0.23399092709437708,0.3497691182046107,0.26637802462890187
2025-06-11 13:25:19,974.1,954.79,977.2894857537343,956.5116517803009,65.85,53.31,966.9005687670176,1933.8011375340352,20.777833973433417,0.021489111314144743,119.16,12.539999999999992,-1.0631619179114296,-0.5738839267669391,-0.8185229223391843,0.48927799114449044,0.5977564953095419,-0.33227936069613406,-0.4953720244109263,-0.41382569255347335,0.0,0.0,0.0,8.114304805746164,0.47490136418737383,0.5340111071812091,0.47055021334795766
2025-06-11 13:25:20,980.28,956.85,978.0371143153006,956.5962388352257,65.85,53.31,967.3166765752632,1934.6333531505263,21.440875480074965,0.02216531150255779,119.16,12.539999999999992,0.7476285615663301,0.08458705492478202,0.41610780824555604,0.663041506641548,1.5934329999817523,1.8107904794777596,0.6584709816917211,1.2346307305847404,0.0,0.0,0.0,8.1177968148495,0.49991480405867,0.4093134325784968,0.5059491634686378
2025-06-11 13:25:21,978.22,956.85,978.0828357364755,956.6596791264193,65.85,53.31,967.3712574314475,1934.742514862895,21.423156610056253,0.022145744380283758,119.16,12.539999999999992,0.0457214211749033,0.06344029119361494,0.05458085618431596,0.01771887001871164,0.32462930463334333,-0.7019071403914268,-0.021146763731167084,-0.3615269520612401,0.0,0.0,0.0,8.118254861641429,0.45980214965935096,0.40955276523559847,0.48943780392642483
2025-06-11 13:25:22,974.1,954.79,977.0871268023567,956.1922593448145,65.85,53.31,966.6396930735856,1933.2793861471712,20.894867457542205,0.02161598327241006,119.16,12.539999999999992,-0.9957089341188521,-0.4674197816048036,-0.7315643578618847,0.5282891525140485,0.7221352772335434,-1.0414303552937554,-0.5308600727984185,-0.7861452140462006,0.0,0.0,0.0,8.112115516628652,0.4229201782274493,0.3065773104224503,0.5254908928966812
2025-06-11 13:25:23,974.1,956.85,976.3403451017675,956.3566945086109,65.85,53.31,966.3485198051892,1932.6970396103784,19.983650593156653,0.020679547971476902,119.16,12.539999999999992,-0.7467817005891675,0.16443516379638368,-0.2911732683963919,0.9112168643855512,3.1294553237961966,0.2489272335296846,0.6318549454011873,0.44039108946549277,0.0,0.0,0.0,8.109671967904642,0.43772602812580147,0.5959872351054577,0.5221061616969125
2025-06-11 13:25:24,980.28,952.73,977.3252588263256,955.4500208814582,65.85,53.31,966.3876398538919,1932.7752797077837,21.875237944867422,0.02263609034314496,119.16,12.539999999999992,0.984913724558055,-0.9066736271527134,0.03912004870267083,1.8915873517107684,48.352163718495305,1.7316954251472225,-1.071108790949097,0.33029331709906273,0.0,0.0,0.0,8.110000266397211,0.49800842240322474,0.7258031258912715,0.4315681360148779
2025-06-11 13:25:25,980.28,952.73,978.0639441197441,954.7700156610937,65.85,53.31,966.4169798904188,1932.8339597808376,23.293928458650385,0.02410339317215667,119.16,12.539999999999992,0.7386852934184844,-0.6800052203644782,0.029340036526946278,1.4186905137829626,48.35175173447137,-0.2462284311395706,0.2266684067882352,-0.00978001217572455,0.0,0.0,0.0,8.110246490266636,0.42803736352498545,1.2278251713370532,0.34038498159950953
2025-06-11 13:25:26,976.16,956.85,977.587958089808,955.2900117458203,65.85,53.31,966.4389849178142,1932.8779698356284,22.297946343987746,0.023072275300247417,119.16,12.539999999999992,-0.47598602993605255,0.5199960847265857,0.02200502739538024,0.9959821146626382,45.2595144397451,-1.214671323354537,1.2000013050910638,-0.007335009131566039,0.0,0.0,0.0,8.110431158168707,0.11326519823743657,1.2765367039487154,0.3350437699658098
2025-06-11 13:25:27,978.22,956.85,977.7459685673559,955.6800088093652,65.85,53.31,966.7129886883606,1933.4259773767212,22.065959757990754,0.022825761103204126,119.16,12.539999999999992,0.15801047754791853,0.3899970635449108,0.27400377054641467,0.2319865859969923,0.846651631409079,0.6339965074839711,-0.12999902118167483,0.25199874315103443,0.0,0.0,0.0,8.112730619130833,0.14487428769841054,1.2043559230853234,0.20103539878437346
2025-06-11 13:25:28,978.22,954.79,977.8644764255171,955.4575066070239,65.85,53.31,966.6609915162705,1933.321983032541,22.406969818493167,0.023179760010969948,119.16,12.539999999999992,0.11850785816113785,-0.22250220234127482,-0.05199717209006849,0.34101006050241267,6.558116310545167,-0.03950261938678068,-0.6124992658861856,-0.32600094263648316,0.0,0.0,0.0,8.112294254816854,0.15145724815603392,0.5467656558048141,0.12362189866496698
2025-06-11 13:25:29,974.1,952.73,976.9233573191378,954.775629955268,65.85,53.31,965.8494936372028,1931.6989872744057,22.147727363869876,0.022930826683498048,119.16,12.539999999999992,-0.941119106379233,-0.6818766517559425,-0.8114978790677014,0.25924245462329054,0.31946126028063504,-1.0596269645403709,-0.45937444941466765,-0.7595007069776329,0.0,0.0,0.0,8.105484101474646,0.3426666704132561,0.49390333926043345,0.41223032663090103
2025-06-11 13:25:30,980.28,950.67,977.7625179893535,953.749222466451,65.85,53.31,965.7558702279023,1931.5117404558046,24.013295522902467,0.024864767834515945,119.16,12.539999999999992,0.8391606702156196,-1.0264074888169716,-0.09362340930056234,1.8655681590325912,19.926087363003376,1.7802797765948526,-0.34453083706102916,0.7178744697671391,0.0,0.0,0.0,8.10469840653914,0.4521864939248701,0.8085052968487272,0.40563128168797946
2025-06-11 13:25:31,980.28,948.61,978.3918884920151,952.4644168498382,65.85,53.31,965.4281526709267,1930.8563053418534,25.927471642176897,0.02685593075320079,119.16,12.539999999999992,0.6293705026616863,-1.2848056166127435,-0.32771755697558547,1.9141761192744298,5.840914646212827,-0.20979016755393332,-0.25839812779577187,-0.23409414767502312,0.0,0.0,0.0,8.101948175301935,0.574741858469269,1.6628088886917913,0.4025289907446801
2025-06-11 13:25:32,974.1,952.73,977.3189163690114,952.5308126373787,65.85,53.31,964.9248645031951,1929.8497290063901,24.788103731632646,0.025689154272862467,119.16,12.539999999999992,-1.0729721230037512,0.06639578754050035,-0.5032881677316254,1.1393679105442516,2.263843499115025,-1.7023426256654375,1.3512014041532439,-0.17557061075603997,0.0,0.0,0.0,8.097724541838458,0.636565113105772,1.5970625639300284,0.31273711524995873
2025-06-11 13:25:33,978.22,950.67,977.5441872767585,952.065609478034,65.85,53.31,964.8048983773963,1929.6097967547926,25.478577798724473,0.026408010381338443,119.16,12.539999999999992,0.22527090774713088,-0.46520315934469636,-0.11996612579878274,0.6904740670918272,5.755527295452078,1.298243030750882,-0.5315989468851967,0.3833220419328427,0.0,0.0,0.0,8.096717776776423,0.47385996818493603,1.4869571753680666,0.2972235903881275
2025-06-11 13:25:34,980.28,948.61,978.2281404575688,951.2017071085255,65.85,53.31,964.7149237830472,1929.4298475660944,27.02643334904326,0.02801494270975561,119.16,12.539999999999992,0.6839531808102493,-0.863902369508537,-0.08997459434908706,1.5478555503187863,17.20306002440418,0.4586822730631184,-0.3986992101638407,0.029991531449695685,0.0,0.0,0.0,8.095962702979897,0.44737506776929176,1.1419405009167247,0.1833716634824021
2025-06-11 13:25:35,980.28,956.85,978.7411053431765,952.6137803313941,65.85,53.31,965.6774428372853,1931.3548856745706,26.127325011782432,0.027055954530698176,119.16,12.539999999999992,0.5129648856077438,1.412073222868571,0.9625190542381006,0.8991083372608273,0.9341190693138669,-0.17098829520250547,2.275975592377108,1.0524936485871876,0.0,0.0,0.0,8.1040402377748,0.4203153133252165,0.8262214056999237,0.5719260954326877
2025-06-11 13:25:36,974.1,948.61,977.5808290073824,951.6128352485456,65.85,53.31,964.596832127964,1929.193664255928,25.96799375883677,0.02692108543901039,119.16,12.539999999999992,-1.1602763357941512,-1.0009450828484887,-1.0806107093212631,0.15933125294566253,0.1474454251895338,-1.673241221401895,-2.4130183057170598,-2.0431297635593637,0.0,0.0,0.0,8.094971668621957,0.4273918150850132,0.827129445025278,0.7469487841523549
2025-06-11 13:25:37,980.28,952.73,978.2556217555368,951.8921264364092,65.85,53.31,965.073874095973,1930.147748191946,26.36349531912765,0.027317592983755672,119.16,12.539999999999992,0.6747927481544593,0.27929118786357776,0.4770419680089617,0.39550156029088157,0.8290690499884944,1.8350690839486106,1.2802362707120665,1.5576526773302248,0.0,0.0,0.0,8.098975041935196,0.4309226401363054,0.5676749993279512,0.7648166449111043
2025-06-11 13:25:38,982.34,954.79,979.2767163166527,952.6165948273069,65.9,53.31,965.9466555719798,1931.8933111439596,26.660121489345784,0.027599993548255677,119.21000000000001,12.590000000000003,1.0210945611158877,0.7244683908977549,0.8727814760068213,0.29662617021813276,0.339862655784824,0.34630181296142837,0.4451772030341772,0.3957395079978596,0.05000000000001137,0.0,0.05000000000001137,8.102899483844311,0.5917020873487566,0.42372430255204085,0.8412568734229027
2025-06-11 13:25:39,982.34,946.55,980.0425372374896,951.0999461204801,65.9,53.31,965.5712416789848,1931.1424833579697,28.942591117009442,0.029974578609764723,119.21000000000001,12.590000000000003,0.7658209208368589,-1.5166487068267998,-0.3754138929949704,2.2824696276636587,6.079859031309762,-0.25527364027902877,-2.2411170977245547,-1.2481953690017917,0.0,0.0,0.0,8.099750302652751,0.536884199362341,1.2190947406887405,0.8771770776540078
2025-06-11 13:25:40,978.22,956.85,979.5869029281173,952.5374595903601,65.9,53.31,966.0621812592387,1932.1243625184775,27.049443337757225,0.027999691773980054,119.21000000000001,12.590000000000003,-0.4556343093722717,1.4375134698799457,0.49093958025389384,1.8931477792522173,3.8561647893787083,-1.2214552302091306,2.9541621767067454,0.8663534732488642,0.0,0.0,0.0,8.103868577765038,0.6134937220025178,1.1577719860850273,0.7920524889567186
2025-06-11 13:25:41,980.28,954.79,979.7601771960879,953.1005946927701,65.9,53.31,966.430385944429,1932.860771888858,26.65958250331778,0.02758562113056855,119.21000000000001,12.590000000000003,0.17327426797055523,0.5631351024100013,0.3682046851902214,0.3898608344394461,1.0588126422818194,0.6289085773428269,-0.8743783674699444,-0.12273489506367241,0.0,0.0,0.0,8.10695728409925,0.5161879283312417,1.0394056530610642,0.4567451634218994
2025-06-11 13:25:42,980.28,956.85,979.8901328970658,954.0379460195776,65.9,53.31,966.9640394583216,1933.9280789166432,25.85218687748818,0.02673541703291754,119.21000000000001,12.590000000000003,0.12995570097791642,0.9373513268075158,0.5336535138926592,0.8073956258295993,1.51295567602376,-0.04331856699263881,0.37421622439751445,0.16544882870243782,0.0,0.0,0.0,8.111433867518562,0.5280195070307057,1.1532136648697389,0.46084718482796133
2025-06-11 13:25:43,982.34,952.73,980.5025996727993,953.7109595146832,65.9,53.31,967.1067795937413,1934.2135591874826,26.791640158116138,0.02770287696842307,119.21000000000001,12.590000000000003,0.6124667757335374,-0.32698650489442116,0.1427401354196718,0.9394532806279585,6.5815174992540255,0.48251107475562094,-1.264337831701937,-0.39091337847298746,0.0,0.0,0.0,8.112631251414395,0.635597776050257,1.1440520443606452,0.3719930183099219
2025-06-11 13:25:44,982.34,954.79,980.9619497545996,953.9807196360124,65.9,53.31,967.471334695306,1934.942669390612,26.981230118587177,0.027888402604916665,119.21000000000001,12.590000000000003,0.4593500818002667,0.26976012132922733,0.364555101564747,0.18958996047103938,0.5200570218336265,-0.15311669393327065,0.5967466262236485,0.22181496614507523,0.0,0.0,0.0,8.115689343004922,0.559567438482269,0.4807582341303824,0.1521404850357402
2025-06-11 13:25:45,976.16,954.79,979.7614623159496,954.1830397270093,65.9,53.31,966.9722510214795,1933.944502042959,25.578422588940384,0.026452075057446643,119.21000000000001,12.590000000000003,-1.2004874386499296,0.20232009099686366,-0.4990836738265898,1.4028075296467932,2.8107605847544175,-1.6598375204501963,-0.06744003033236368,-0.8636387753913368,0.0,0.0,0.0,8.11150275069186,0.37398930583967327,0.6184520616274946,0.4053008297775723
2025-06-11 13:25:46,982.34,950.67,980.4060967369622,953.304779795257,65.9,53.31,966.8554382661096,1933.7108765322191,27.10131694170525,0.028030371285159724,119.21000000000001,12.590000000000003,0.6446344210125972,-0.8782599317522681,-0.11681275536989233,1.5228943527648653,13.03694370532477,1.8451218596625267,-1.0805800227491318,0.3822709184566975,0.0,0.0,0.0,8.110522860125716,0.23935473940250426,0.6963412189205831,0.4076325181123274
2025-06-11 13:25:47,982.34,956.85,980.8895725527217,954.1910848464428,65.9,53.31,967.5403286995822,1935.0806573991645,26.69848770627891,0.027594185882224356,119.21000000000001,12.590000000000003,0.48347581575944787,0.8863050511857864,0.684890433472674,0.40282923542633853,0.5881650955741012,-0.1611586052531493,1.7645649829380545,0.8017031888425663,0.0,0.0,0.0,8.116268103207064,0.3033760972015566,0.6087148702217237,0.452398593492912
2025-06-11 13:25:48,980.28,954.79,980.7371794145413,954.3408136348321,65.9,53.31,967.5389965246867,1935.0779930493734,26.396365779709186,0.02728196573703034,119.21000000000001,12.590000000000003,-0.15239313818040046,0.14972878838932502,-0.0013321748955377188,0.3021219265697255,226.61837361396496,-0.6358689539398483,-0.7365762627964614,-0.6862226083682117,0.0,0.0,0.0,8.116256928180771,0.3340387503121126,0.6081771415165782,0.4547924089205863
2025-06-11 13:25:49,982.34,965.09,981.1378845609061,957.0281102261241,65.9,53.25,969.0829973935151,1938.1659947870303,24.109774334781946,0.024878957091136276,119.15,12.650000000000006,0.4007051463647713,2.687296591292011,1.544000868828448,2.2865914449272395,1.4809512158571745,0.5530982845451717,2.537567802902686,1.5453330437239856,0.0,-0.060000000000002274,0.060000000000002274,8.133302469661878,0.8881137823718006,1.1838387042075837,0.8056447365670442
2025-06-11 13:25:50,978.22,958.91,980.4084134206796,957.498582669593,65.58,53.25,968.9534980451363,1937.9069960902725,22.909830751086588,0.02364389083032703,118.83,12.329999999999998,-0.7294711402264511,0.47047244346890693,-0.12949934837888577,1.199943583695358,9.265948692158124,-1.1301762865912224,-2.216824147823104,-1.6735002172073337,-0.3200000000000074,0.0,0.3200000000000074,8.154115037372897,0.9766934190496617,1.8323214624787674,0.7242863230092396
2025-06-11 13:25:51,955.57,981.57,974.1988100655097,963.5164370021948,64.63,53.25,968.8576235338523,1937.7152470677047,10.682373063314913,0.011025740823843479,117.88,11.379999999999995,-6.209603355169861,6.017854332601814,-0.09587451128390967,12.227457687771675,127.53473253001313,-5.48013221494341,5.547381889132907,0.0336248370949761,-0.9500000000000028,0.0,0.9500000000000028,8.219016078340994,0.7846154332963916,6.607655595621671,0.7206296200834272
2025-06-11 13:25:52,887.65,853.87,952.5616075491323,936.1048277516461,63.77,52.31,944.3332176503892,1888.6664353007784,16.456779797486206,0.017426878004996697,116.08000000000001,11.46,-21.637202516377442,-27.411609250548736,-24.524405883463146,5.7744067341712935,0.23545551016220445,-15.427599161207581,-33.42946358315055,-24.428531372179236,-0.8599999999999923,-0.9399999999999977,0.0800000000000054,8.135193052336286,10.873970633946564,6.43392966885449,11.137126938170628
2025-06-11 13:25:53,772.45,787.99,907.5337056618491,899.0761208137346,62.88,51.41,903.3049132377919,1806.6098264755838,8.457584848114493,0.009362934613558476,114.28999999999999,11.470000000000006,-45.02790188728318,-37.028706937911466,-41.02830441259732,7.999194949371713,0.1949677148234263,-23.390699370905736,-9.61709768736273,-16.503898529134176,-0.8900000000000006,-0.9000000000000057,0.010000000000005116,7.903621535866396,28.668105688995837,7.027072313387929,19.1178885893169
2025-06-11 13:25:54,636.8,755.07,839.8502792463869,863.074590610301,61.98,50.57,851.462434928344,1702.924869856688,23.224311363914126,0.02727579090273408,112.55,11.409999999999997,-67.68342641546224,-36.00153020343362,-51.84247830944787,31.68189621202862,0.6111184618104261,-22.655524528179058,1.0271767344778482,-10.814173896850548,-0.9000000000000057,-0.8399999999999963,0.06000000000000938,7.565192602071536,50.19772665202479,6.795422669764906,23.48146834875146
2025-06-11 13:25:55,799.18,693.35,829.6827094347901,820.6434429577257,61.07,49.69,825.1630761962579,1650.3261523925157,9.039266477064416,0.010954521266000012,110.75999999999999,11.380000000000003,-10.167569811596763,-42.431147652575305,-26.299358732086148,32.26357784097854,1.226781874906857,57.51585660386547,-6.429617449141688,25.543119577361722,-0.9099999999999966,-0.8800000000000026,0.02999999999999403,7.450009649207731,60.549000708999074,6.255835845333067,19.550825959025076
2025-06-11 13:25:56,550.54,687.18,759.8970320760926,787.2775822182942,60.09,48.73,773.5873071471934,1547.1746142943869,27.380550142201628,0.0353942597737033,108.82,11.360000000000007,-69.78567735869751,-33.36586073943147,-51.575769049064434,36.419816619266044,0.706141984591206,-59.61810754710075,9.065286913143837,-25.276410316978286,-0.9799999999999969,-0.9600000000000009,0.01999999999999602,7.108870612372017,66.59605504351072,8.412789526915574,13.210107253040944
2025-06-11 13:25:57,478.69,362.58,689.5952740570694,681.1031866637206,59.05,47.64,685.349230360395,1370.69846072079,8.492087393348811,0.012390890665321539,106.69,11.409999999999997,-70.30175801902317,-106.17439555457361,-88.23807678679839,35.87263753555044,0.40654373299275876,-0.516080660325656,-72.80853481514214,-36.662307737733954,-1.0400000000000063,-1.0899999999999963,0.04999999999999005,6.4237437804541315,82.90622547368142,9.23438880015678,22.88065560395871
2025-06-11 13:25:58,369.96,266.16,609.6864555428022,577.3673899977905,58.01,46.63,593.5269227702963,1187.0538455405926,32.319065545011654,0.05445256862099757,104.64,11.379999999999995,-79.9088185142673,-103.73579666593014,-91.82230759009872,23.826978151662843,0.2594900794536561,-9.607060495244127,2.438598888643469,-3.584230803300329,-1.0399999999999991,-1.009999999999998,0.030000000000001137,5.672084452391169,106.15621328101227,10.830008724083944,27.67748394713035
2025-06-11 13:25:59,374.06,303.08,550.7798416571017,508.79554249834285,56.96,45.6,529.7876920777222,1059.5753841554445,41.9842991587588,0.07924740364363186,102.56,11.36,-58.906613885700494,-68.57184749944764,-63.7392306925741,9.665233613747148,0.15163712139431373,21.0022046285668,35.163949166482496,28.08307689752462,-1.0499999999999972,-1.0300000000000011,0.01999999999999602,5.16563657285575,122.36201759040786,14.733174533685869,27.095996386013667
2025-06-11 13:26:00,261.3,333.86,478.4098812428262,465.0616568737571,55.81,44.49,471.7357690582917,943.4715381165834,13.3482243690691,0.028295976723197565,100.30000000000001,11.32,-72.36996041427545,-43.73388562458575,-58.051923019430546,28.6360747896897,0.49328381915653524,-13.46334652857496,24.83796187486189,5.68730767314355,-1.1499999999999986,-1.1099999999999994,0.03999999999999915,4.703247899850885,120.68296134981044,13.743558763177425,18.220162791412367
2025-06-11 13:26:01,173.21,-2.27,402.10991093211965,348.22874265531783,54.86,43.34,375.1693267937187,750.3386535874374,53.881168276801816,0.14361826590053112,98.2,11.519999999999996,-76.29997031070656,-116.83291421843927,-96.56644226457297,40.532943907732715,0.4197415016796307,-3.930009896431102,-73.09902859385352,-38.514519245142424,-0.9500000000000028,-1.1499999999999986,0.19999999999999574,3.8204615374058775,117.82418439853251,19.09963024838161,17.519346588753272
2025-06-11 13:26:02,175.26,-8.41,345.39743319908973,259.06905699148837,54.86,43.34,302.233245095289,604.466490190578,86.32837620760137,0.2856349436169689,98.2,11.519999999999996,-56.712477733029914,-89.15968566382946,-72.93608169842969,32.44720793079955,0.4448718210567969,19.58749257767664,27.673228554609807,23.63036056614328,0.0,0.0,0.0,3.077731588773497,117.01742764043918,27.189189320747477,16.979617330289667
2025-06-11 13:26:03,173.21,108.32,302.3505748993173,221.38179274361624,54.86,43.34,261.86618382146673,523.7323676429335,80.96878215570104,0.3091990751341314,98.2,11.519999999999996,-43.04685829977245,-37.68726424787212,-40.36706127382229,5.359594051900331,0.13277146638872417,13.665619433257461,51.47242141595734,32.5690204246074,0.0,0.0,0.0,2.6666617225540223,112.41174886169236,29.836717877609324,20.659111576735132
2025-06-11 13:26:04,173.21,-20.69,270.06543117448797,160.86384455771218,54.86,43.2,215.46463786610008,430.92927573220015,109.20158661677578,0.5068190641000672,98.06,11.659999999999997,-32.28514372482931,-60.51794818590406,-46.40154595536666,28.23280446107475,0.6084453280885592,10.761714574943142,-22.83068393803194,-6.03448468154437,0.0,-0.14000000000000057,0.14000000000000057,2.19727346184812,100.68529561988662,36.69150995652494,22.56979271370839
2025-06-11 13:26:05,173.21,69.4,245.851573380866,137.99788341828415,54.86,43.2,191.9247283995751,383.8494567991502,107.85368996258185,0.5619582755176762,98.06,11.659999999999997,-24.21385779362197,-22.865961139428038,-23.53990946652499,1.3478966541939315,0.05726005866125585,8.071285931207342,37.65198704647602,22.86163648884167,0.0,0.0,0.0,1.9572172796487641,72.85833597134783,22.690192139528765,28.821157726915843
2025-06-11 13:26:06,175.26,50.97,228.20368003564948,116.24091256371312,54.86,43.2,172.22229629968132,344.44459259936264,111.96276747193636,0.6501061083694157,98.06,11.659999999999997,-17.647893345216517,-21.756970854571023,-19.70243209989377,4.109077509354506,0.20855685632941756,6.5659644484054525,1.1089902848570148,3.8374773666312194,0.0,0.0,0.0,1.7562950697877446,52.97275573104423,14.455469994010702,21.25493382444478
2025-06-11 13:26:07,175.26,57.11,214.9677600267371,101.45818442278485,54.86,43.2,158.21297222476096,316.4259444495219,113.50957560395224,0.7174479645401641,98.06,11.659999999999997,-13.235920008912387,-14.78272814092827,-14.009324074920357,1.546808132015883,0.11041275177381639,4.411973336304129,6.974242713642752,5.693108024973412,0.0,0.0,0.0,1.6134302530219327,40.7723163767664,13.451181675839656,13.899726910730289
2025-06-11 13:26:08,173.21,59.16,204.52832002005283,90.88363831708864,54.86,43.2,147.70597916857074,295.41195833714147,113.64468170296419,0.7693979727379096,98.06,11.659999999999997,-10.439440006684265,-10.574546105696214,-10.506993056190225,0.13510609901194925,0.012858682349054068,2.7964800022281224,4.208182035232056,3.502331018730132,0.0,0.0,0.0,1.5062816404475738,27.093071510472125,2.6018229993889,14.102874124020607
2025-06-11 13:26:09,173.21,59.16,196.69874001503962,82.95272873781647,54.86,43.2,139.82573437642804,279.6514687528561,113.74601127722315,0.8134840912583433,98.06,11.659999999999997,-7.829580005013213,-7.930909579272168,-7.88024479214269,0.10132957425895484,0.012858681941112735,2.609860001671052,2.6436365264240465,2.626748264047535,0.0,0.0,0.0,1.4259201810168047,20.67813478622116,2.506136754981938,6.457955292161083
2025-06-11 13:26:10,64.7,59.16,163.6990550112797,77.00454655336236,54.86,43.2,120.35180078232104,240.70360156464207,86.69450845791735,0.7203424225814312,98.06,11.659999999999997,-32.99968500375991,-5.948182184454112,-19.47393359410701,27.051502819305796,1.389113365282218,-25.170104998746694,1.9827273948180562,-11.59368880196432,0.0,0.0,0.0,1.2273281618906065,19.505045040896547,11.883000914924633,5.282978535843882
