time,force_left_raw,force_right_raw,force_left,force_right,dis_left,dis_right,force_avg,force_sum,force_diff,force_diff_ratio,total_delta_dis,dis_diff,left_force_rate,right_force_rate,force_rate,force_rate_diff,force_rate_ratio,left_force_acc,right_force_acc,force_acc,left_dis_rate,right_dis_rate,dis_rate_diff,stiffness_ratio,force_std_5s,force_diff_std_5s,force_rate_std_5s
2025-06-02 05:04:04,321.54,402.77,321.54,402.77,11.39,0.48,362.155,724.31,81.22999999999996,0.2242962261344003,11.870000000000001,10.91,0.0,0.0,0.0,0.0,0.0,0.0,0.0,0.0,0.0,0.0,0.0,30.510106949443387,0.0,0.0,0.0
2025-06-02 05:04:05,327.7,406.88,323.08000000000004,403.7975,11.89,0.98,363.43875,726.8775,80.71749999999997,0.2220938184987323,12.870000000000001,10.91,1.5400000000000205,1.0275000000000318,1.2837500000000546,0.5124999999999886,0.3992207211522849,1.5400000000000205,1.0275000000000318,1.2837500000000546,0.5,0.5,0.0,28.23921692002977,0.0,0.0,0.0
2025-06-02 05:04:06,333.86,406.88,325.77500000000003,404.568125,12.39,1.48,365.17156250000005,730.3431250000001,78.79312499999997,0.21577015538889288,13.870000000000001,10.91,2.694999999999993,0.7706249999999955,1.7328125000000227,1.9243749999999977,1.1105494041914912,1.1549999999999727,-0.2568750000000364,0.44906249999996817,0.5,0.5,0.0,26.32815689775365,0.0,0.0,0.0
2025-06-02 05:04:07,335.91,417.13,328.30875000000003,407.70859375,12.91,1.98,368.008671875,736.01734375,79.39984374999995,0.21575536013785568,14.89,10.93,2.5337499999999977,3.140468749999968,2.8371093749999545,0.6067187499999704,0.21385095037057913,-0.16124999999999545,2.3698437499999727,1.1042968749999318,0.5199999999999996,0.5,0.019999999999999574,24.715154275342226,0.0,0.0,0.0
2025-06-02 05:04:08,346.17,421.24,332.7740625,411.09144531249996,13.41,2.48,371.93275390625,743.8655078125,78.31738281249994,0.21056866269345048,15.89,10.93,4.465312499999982,3.3828515624999795,3.924082031250009,1.0824609375000023,0.27585067106879907,1.931562499999984,0.24238281250001137,1.0869726562500546,0.5,0.5,0.0,23.406716834457722,3.910331541820031,1.2449896866091714,1.498112840051669
2025-06-02 05:04:09,350.27,427.39,337.148046875,415.16608398437495,13.91,3.0,376.15706542968746,752.3141308593749,78.01803710937497,0.2074081389720705,16.91,10.91,4.373984374999964,4.074638671874993,4.22431152343745,0.29934570312497044,0.0708625844949047,-0.09132812500001819,0.6917871093750136,0.3002294921874409,0.5,0.52,0.020000000000000018,22.24465069101341,5.156908926116052,1.0689485061829263,1.2972570296538017
2025-06-02 05:04:10,352.32,431.49,340.94103515625,419.24706298828124,14.43,3.5,380.09404907226565,760.1880981445313,78.30602783203125,0.20601750492317167,17.93,10.93,3.792988281250018,4.080979003906293,3.936983642578184,0.287990722656275,0.07315007519757066,-0.5809960937499454,0.006340332031300022,-0.28732788085926586,0.5199999999999996,0.5,0.019999999999999574,21.19877456070781,6.020495183543138,0.5423413656265279,1.0386408384880172
2025-06-02 05:04:11,368.74,433.54,347.8907763671875,422.82029724121094,14.93,4.0,385.35553680419923,770.7110736083985,74.92952087402341,0.19444256932437134,18.93,10.93,6.949741210937532,3.5732342529296943,5.261487731933585,3.3765069580078375,0.6417398439941121,3.1567529296875136,-0.5077447509765989,1.3245040893554005,0.5,0.5,0.0,20.356868275083514,6.7866870361185505,1.6859915017690643,0.8655846078575287
2025-06-02 05:04:12,368.74,445.86,353.10308227539065,428.58022293090823,15.43,4.5,390.84165260314944,781.6833052062989,75.47714065551759,0.19311437243113072,19.93,10.93,5.2123059082031205,5.7599256896972975,5.486115798950209,0.547619781494177,0.09981919845362502,-1.7374353027344114,2.186691436767603,0.2246280670166243,0.5,0.5,0.0,19.610719166704982,7.453890309574663,1.664566551863167,0.7507972035316528
2025-06-02 05:04:13,374.9,452.01,358.55231170654304,434.43766719818115,15.95,5.0,396.4949894523621,792.9899789047242,75.88535549163811,0.19139045213423836,20.95,10.95,5.449229431152389,5.857444267272911,5.653336849212678,0.40821483612052134,0.07220775531350422,0.23692352294926877,0.09751857757561311,0.16722105026246936,0.5199999999999996,0.5,0.019999999999999574,18.925774249479133,8.147730172843678,1.537360724300429,0.7786048882264739
2025-06-02 05:04:14,379.0,456.11,363.66423377990725,439.8557503986359,16.45,5.5,401.7599920892716,803.5199841785432,76.19151661872866,0.18964435964085355,21.95,10.95,5.111922073364212,5.41808320045476,5.265002636909458,0.3061611270905473,0.05815022138717136,-0.3373073577881769,-0.4393610668181509,-0.38833421230322074,0.5,0.5,0.0,18.30341566222578,8.613303081482654,1.2905630874079432,0.6817366619208213
2025-06-02 05:04:15,385.16,460.22,369.0381753349305,444.94681279897696,16.95,6.01,406.9924940669537,813.9849881339074,75.90863746404648,0.18651114795509646,22.96,10.94,5.373941555023237,5.091062400341059,5.232501977682148,0.2828791546821776,0.05406191948456093,0.2620194816590242,-0.3270208001137007,-0.032500659227309825,0.5,0.5099999999999998,0.009999999999999787,17.72615315073173,8.569614670889845,0.49001372251064507,0.183710594484742
2025-06-02 05:04:16,393.37,470.48,375.12113150119785,451.33010959923274,17.47,6.52,413.2256205502153,826.4512411004306,76.20897809803489,0.18442461968388366,23.99,10.95,6.0829561662673655,6.383296800255778,6.233126483261572,0.30034063398841226,0.04818458066114425,0.7090146112441289,1.2922343999147188,1.0006245055794238,0.5199999999999996,0.5099999999999998,0.009999999999999787,17.22491051793684,8.742383848953056,0.2973454388815559,0.40637604432814206
2025-06-02 05:04:17,397.48,470.48,380.7108486258984,456.11758219942453,17.97,7.03,418.41421541266146,836.8284308253229,75.40673357352614,0.18022029514206603,25.0,10.939999999999998,5.589717124700542,4.787472600191791,5.188594862446166,0.8022445245087511,0.15461688398497322,-0.49323904156682374,-1.595824200063987,-1.0445316208154054,0.5,0.5100000000000007,0.010000000000000675,16.73656794704374,8.748475032510537,0.3248080551762867,0.44263011358793825
2025-06-02 05:04:18,403.63,476.64,386.4406364694238,461.2481866495684,18.48,7.53,423.8444115594961,847.6888231189922,74.80755018014463,0.1764976674539592,26.01,10.95,5.729787843525401,5.130604450143892,5.430196146834646,0.5991833933815087,0.11034284339580246,0.1400707188248589,0.3431318499521012,0.24160128438848005,0.5100000000000016,0.5,0.010000000000001563,16.295440033220146,8.793140586736403,0.5971890611080837,0.43633828341970093
2025-06-02 05:04:19,411.85,484.85,392.79297735206785,467.14863998717635,18.98,8.03,429.9708086696221,859.9416173392442,74.3556626351085,0.17293188505573523,27.009999999999998,10.950000000000001,6.352340882644057,5.900453337607928,6.126397110125993,0.45188754503612927,0.07376072153868497,0.6225530391186567,0.7698488874640361,0.6962009632913464,0.5,0.4999999999999991,8.881784197001252e-16,15.918948269184519,8.949731373511984,0.7640871658046563,0.5005488655988151
2025-06-02 05:04:20,409.79,491.0,397.0422330140509,473.11147999038224,19.49,8.53,435.0768565022166,870.1537130044331,76.06924697633133,0.17484094054794394,28.019999999999996,10.959999999999999,4.249255661983057,5.9628400032058835,5.10604783259447,1.7135843412228269,0.3355988940576045,-2.1030852206610007,0.06238666559795547,-1.0203492775315226,0.509999999999998,0.5,0.00999999999999801,15.527367629366488,8.740754682290996,0.7967762169009385,0.5288184794188769
2025-06-02 05:04:21,422.11,495.11,403.3091747605382,478.61110999278674,20.0,9.03,440.9601423766625,881.920284753325,75.30193523224852,0.17076812125382176,29.03,10.97,6.266941746487305,5.499630002404501,5.883285874445903,0.7673117440828037,0.1304222895224823,2.0176860845042484,-0.4632100008013822,0.7772380418514331,0.5100000000000016,0.5,0.010000000000001563,15.18980803261641,8.908151725995133,0.6470991319543838,0.44309292239977577
2025-06-02 05:04:22,426.22,505.37,409.0368810704037,485.30083249459005,20.5,9.53,447.16885678249685,894.3377135649937,76.26395142418636,0.17054844069951128,30.03,10.97,5.727706309865482,6.689722501803317,6.208714405834371,0.9620161919378347,0.15494609255786176,-0.5392354366218228,1.1900924993988156,0.32542853138846795,0.5,0.5,0.0,14.890737325732916,9.11774710119418,0.8120075072169114,0.47085119860229757
2025-06-02 05:04:23,432.38,507.42,414.8726608028028,490.8306243709426,21.0,10.03,452.8516425868727,905.7032851737454,75.9579635681398,0.16773255578030916,31.03,10.97,5.835779732399089,5.529791876352533,5.68278580437584,0.3059878560465563,0.053844683353410444,0.1080734225336073,-1.1599306254507837,-0.5259286014585314,0.5,0.5,0.0,14.593993812210082,9.151953642720096,0.7787578421996026,0.4404024854234546
2025-06-02 05:04:24,436.48,509.48,420.2744956021021,495.49296827820694,21.5,10.53,457.8837319401545,915.767463880309,75.21847267610485,0.1642741754399384,32.03,10.97,5.4018347992993085,4.662343907264358,5.032089353281833,0.7394908920349508,0.14695501076459586,-0.4339449330997809,-0.8674479690881753,-0.6506964510940065,0.5,0.5,0.0,14.295464178729015,9.098665929667114,0.47218606136504626,0.505626437924911
2025-06-02 05:04:25,442.64,517.69,425.86587170157657,501.0422262086552,22.02,11.03,463.4540489551159,926.9080979102318,75.17635450707866,0.16220886302398102,33.05,10.99,5.5913760994744734,5.549257930448277,5.570317014961404,0.04211816902619603,0.007561178538293537,0.1895413001751649,0.8869140231839197,0.5382276616795707,0.5199999999999996,0.5,0.019999999999999574,14.02281497525873,8.813089959378294,0.49536046100762265,0.43375867625006204
2025-06-02 05:04:26,452.91,525.9,432.6269037761825,507.25666965649145,22.52,11.53,469.941786716337,939.883573432674,74.62976588030898,0.15880640502937457,34.05,10.99,6.761032074605907,6.214443447836231,6.487737761221069,0.546588626769676,0.0842494815045237,1.169655975131434,0.665185517387954,0.9174207462596655,0.5,0.5,0.0,13.80152049676407,8.886051581908418,0.6560892159929889,0.5692414931968424
2025-06-02 05:04:27,457.02,530.0,438.72517783213686,512.9425022423686,23.02,12.03,475.83384003725274,951.6676800745055,74.21732441023175,0.15597319486240854,35.05,10.99,6.098274055954391,5.685832585877165,5.89205332091575,0.4124414700772263,0.06999960414708535,-0.6627580186515161,-0.5286108619590664,-0.5956844403053196,0.5,0.5,0.0,13.57585810160898,9.18336846759681,0.6592020396429882,0.528012784124912
2025-06-02 05:04:28,463.18,538.22,444.83888337410264,519.2618766817765,23.52,12.54,482.0503800279396,964.1007600558792,74.42299330767383,0.15438841298905703,36.06,10.98,6.113705541965771,6.319374439407852,6.21653999068684,0.20566889744208083,0.03308413758554776,0.015431486011380002,0.6335418535306871,0.3244866697710904,0.5,0.5099999999999998,0.009999999999999787,13.368007949526667,9.6015924949266,0.4485893676955367,0.5677817201190448
2025-06-02 05:04:29,467.28,540.27,450.449162530577,524.5139075113324,24.02,13.04,487.48153502095465,974.9630700419093,74.06474498075539,0.1519334364647027,37.06,10.98,5.610279156474348,5.252030829555906,5.43115499301507,0.3582483269184422,0.06596170822181872,-0.5034263854914229,-1.067343609851946,-0.7853849976717697,0.5,0.5,0.0,13.153845706074176,9.516517986817894,0.4328833682838517,0.4394001064102916
2025-06-02 05:04:30,473.44,542.32,456.19687189793274,528.9654306334993,24.52,13.54,492.581151265716,985.162302531432,72.76855873556656,0.14772907652039552,38.06,10.98,5.747709367355753,4.451523122166918,5.099616244761364,1.296186245188835,0.25417324143696396,0.13743021088140495,-0.8005077073889879,-0.3315387482537062,0.5,0.5,0.0,12.942226440449017,9.007511300707826,0.731652242281507,0.5653131101987388
2025-06-02 05:04:31,481.66,548.48,462.56265392344955,533.8440729751245,25.04,14.04,498.20336344928705,996.4067268985741,71.28141905167496,0.14307695238162288,39.08,11.0,6.365782025516808,4.878642341625209,5.622212183571037,1.4871396838915985,0.26451143621470047,0.6180726581610543,0.4271192194582909,0.5225959388096726,0.5199999999999996,0.5,0.019999999999999574,12.748294541990598,8.743765208169227,1.3258509211890936,0.42752723448902386
2025-06-02 05:04:32,487.82,552.59,468.87699044258716,538.5305547313434,25.54,14.54,503.7037725869653,1007.4075451739305,69.65356428875623,0.13828279227042645,40.08,11.0,6.314336519137612,4.686481756218882,5.5004091376782185,1.62785476291873,0.29595152400869235,-0.05144550637919565,-0.1921605854063273,-0.12180304589281832,0.5,0.5,0.0,12.56745908232301,8.543664401353766,1.9866132068041191,0.40805707677931474
2025-06-02 05:04:33,489.88,564.91,474.1277428319404,545.1254160485075,26.04,15.04,509.62657944022396,1019.2531588804479,70.99767321656714,0.13931312836005955,41.08,11.0,5.250752389353238,6.5948613171641455,5.922806853258692,1.3441089278109075,0.22693779050613422,-1.063584129784374,1.9083795609452636,0.42239771558047323,0.5,0.5,0.0,12.405710005708714,8.764189285077599,1.7011805947083365,0.29899295005426274
2025-06-02 05:04:34,487.82,564.91,477.5508071239553,550.0715620363807,26.54,15.54,513.811184580168,1027.622369160336,72.52075491242539,0.14114281072051565,42.08,11.0,3.4230642920148853,4.9461459878731375,4.184605139943983,1.5230816958582523,0.36397253287943626,-1.8276880973383527,-1.648715329291008,-1.7382017133147087,0.5,0.5,0.0,12.210341548712606,8.531358901685392,1.2594796949059823,0.6727422201036974
2025-06-02 05:04:35,502.2,573.12,483.71310534296646,555.8336715272854,27.04,16.04,519.773388435126,1039.546776870252,72.12056618431899,0.1387538639919551,43.08,11.0,6.162298219011177,5.762109490904777,5.962203854958034,0.40018872810640005,0.06712092889153451,2.7392339269962918,0.8159635030316394,1.7775987150140509,0.5,0.5,0.0,12.06530585816667,8.429421457293317,1.1141110994071615,0.7277798550713415
2025-06-02 05:04:36,506.31,579.28,489.36232900722484,561.6952536454642,27.55,16.54,525.5287913263445,1051.057582652689,72.33292463823932,0.13763836671639829,44.09,11.010000000000002,5.649223664258386,5.861582118178717,5.755402891218523,0.2123584539203307,0.03689722874954838,-0.5130745547527908,0.0994726272739399,-0.20680096373951073,0.5100000000000016,0.5,0.010000000000001563,11.919455191809691,8.518002276462479,1.2020102181073924,0.7385454277796755
2025-06-02 05:04:37,514.53,583.39,495.6542467554186,567.1189402340981,28.05,17.03,531.3865934947584,1062.7731869895167,71.46469347867946,0.13448719673974463,45.08,11.02,6.291917748193782,5.423686588633927,5.857802168413855,0.8682311595598549,0.14821787871628844,0.6426940839353961,-0.4378955295447895,0.1023992771953317,0.5,0.490000000000002,0.00999999999999801,11.787634909208595,8.748992596588616,0.6372385032632698,0.7598075427800036
2025-06-02 05:04:38,518.63,581.34,501.398185066564,570.6742051755735,28.55,17.53,536.0361951210688,1072.0723902421375,69.27602010900955,0.12923757874993,46.08,11.02,5.743938311145371,3.555264941475457,4.649601626310414,2.188673369669914,0.4707226714999268,-0.5479794370484115,-1.8684216471584705,-1.208200542103441,0.5,0.5,0.0,11.632729676396249,8.872723725718604,1.328429339224004,0.8097127378345785
2025-06-02 05:04:39,524.8,593.66,507.24863879992296,576.4206538816801,29.05,18.03,541.8346463408016,1083.669292681603,69.17201508175714,0.12766259120053933,47.08,11.02,5.850453733358961,5.746448706106548,5.798451219732783,0.10400502725241267,0.01793668781101134,0.10651542221359023,2.1911837646310914,1.1488495934223693,0.5,0.5,0.0,11.508807027017728,8.643413979697998,1.5396100702119724,0.5395214346222149
2025-06-02 05:04:40,530.96,599.82,513.1764790999423,582.2704904112601,29.55,18.53,547.7234847556012,1095.4469695112025,69.09401131131779,0.12614761482429496,48.08,11.02,5.927840300019341,5.849836529579989,5.888838414799693,0.07800377043935214,0.01324603456554018,0.07738656666037969,0.10338782347344022,0.09038719506690995,0.5,0.5,0.0,11.391919163138148,8.676901860602966,1.5214668503885935,0.528247462459872
2025-06-02 05:04:41,535.07,603.93,518.6498593249568,587.685367808445,30.05,19.03,553.1676135667009,1106.3352271334018,69.03550848348823,0.12480034381181933,49.08,11.02,5.473380225014466,5.41487739718491,5.444128811099631,0.058502827829556736,0.010746038367836063,-0.4544600750048744,-0.434959132395079,-0.44470960370006196,0.5,0.5,0.0,11.27073354311262,8.742256090502819,1.0415774176917856,0.5221914150828931
2025-06-02 05:04:42,539.18,605.98,523.7823944937176,592.2590258563338,30.55,19.51,558.0207101750257,1116.0414203500513,68.47663136261622,0.12271342262265642,50.06,11.04,5.132535168760796,4.5736580478887845,4.85309660832479,0.5588771208720118,0.11515884615906725,-0.34084505625367,-0.8412193492961251,-0.5910322027748407,0.5,0.4800000000000004,0.019999999999999574,11.147037535517143,8.750275249013526,0.31193058783838934,0.5556754089820746
2025-06-02 05:04:43,547.4,616.25,529.6867958702882,598.2567693922504,31.05,20.01,563.9717826312692,1127.9435652625384,68.5699735219622,0.12158404996870195,51.06,11.04,5.904401376570604,5.997743535916584,5.951072456243537,0.09334215934597978,0.01568492811125535,0.7718662078098077,1.4240854880277993,1.0979758479187467,0.5,0.5,0.0,11.045275589228234,8.632880407367695,0.3215358905386287,0.45480575421464425
2025-06-02 05:04:44,553.56,618.31,535.6550969027161,603.2700770441877,31.55,20.51,569.4625869734518,1138.9251739469037,67.61498014147162,0.11873471860915964,52.06,11.04,5.968301032427917,5.013307651937339,5.490804342182628,0.9549933804905777,0.1739259217867232,0.06389965585731261,-0.9844358839792449,-0.4602681140609093,0.5,0.5,0.0,10.938581944580674,8.586491290132255,0.5940060831960849,0.4396242886095028
2025-06-02 05:04:45,559.73,624.47,541.673822677037,608.5700577831408,32.05,21.02,575.121940230089,1150.243880460178,66.89623510610375,0.1163166109834446,53.06999999999999,11.029999999999998,6.018725774320956,5.2999807389530815,5.659353256637132,0.7187450353678742,0.12700124480190475,0.05042474189303903,0.28667308701574257,0.16854891445450448,0.49999999999999645,0.509999999999998,0.010000000000001563,10.837044081270868,8.755250815842784,0.8544668738716138,0.4026436734517429
2025-06-02 05:04:46,561.78,624.47,546.7003670077777,612.5450433373555,32.55,21.52,579.6227051725666,1159.2454103451332,65.84467632957785,0.11359920104643799,54.06999999999999,11.029999999999998,5.0265443307406485,3.9749855542147543,4.500764942477645,1.0515587765258942,0.23363996039016804,-0.9921814435803071,-1.3249951847383272,-1.1585883141594877,0.5,0.5,0.0,10.719857489415743,8.603399196498467,1.141774901419537,0.5973969302777825
2025-06-02 05:04:47,570.0,632.69,552.5252752558333,617.5812825030166,33.06,22.0,585.053278879425,1170.10655775885,65.05600724718329,0.11119672256275674,55.06,11.060000000000002,5.824908248055635,5.0362391656610725,5.430573706858354,0.7886690823945628,0.14522755416632807,0.7983639173149868,1.0612536114463182,0.9298087643807094,0.5100000000000051,0.4800000000000004,0.03000000000000469,10.62574043323074,8.2781678700295,1.3928700953309443,0.5451001486985744
2025-06-02 05:04:48,580.28,638.85,559.463956441875,622.8984618772624,33.56,22.5,591.1812091595687,1182.3624183191373,63.43450543538745,0.10730128824335525,56.06,11.060000000000002,6.938681186041663,5.317179374245825,6.127930280143687,1.621501811795838,0.2646083543805369,1.1137729379860275,0.2809402085847523,0.6973565732853331,0.5,0.5,0.0,10.545508359151984,8.448238486746465,1.631123210964302,0.5929120042457293
2025-06-02 05:04:49,586.44,647.07,566.2079673314063,628.9413464079469,34.06,23.0,597.5746568696766,1195.1493137393531,62.73337907654059,0.10497998576476103,57.06,11.060000000000002,6.744010889531296,6.042884530684432,6.393447710107921,0.7011263588468637,0.10966324915352746,-0.19467029651036682,0.7257051564386074,0.265517429964234,0.5,0.5,0.0,10.47274178753829,8.948430868970373,1.7092644359856666,0.7325133969094788
2025-06-02 05:04:50,586.44,645.01,571.2659754985548,632.9585098059601,34.56,23.5,602.1122426522575,1204.224485304515,61.69253430740537,0.10246018903916382,58.06,11.060000000000002,5.0580081671485,4.017163398013281,4.537585782580891,1.0408447691352194,0.22938288985036384,-1.6860027223827956,-2.0257211326711513,-1.8558619275270303,0.5,0.5,0.0,10.370517262861526,9.103406076459589,1.692595580851402,0.8760877181396397
2025-06-02 05:04:51,594.66,657.34,577.114481623916,639.0538823544701,35.06,23.99,608.0841819891931,1216.1683639783862,61.9394007305541,0.10185991095192636,59.05,11.070000000000004,5.8485061253612685,6.095372548509999,5.971939336935634,0.24686642314873097,0.04133772429404492,0.790497958212768,2.0782091504967184,1.4343535543547432,0.5,0.48999999999999844,0.010000000000001563,10.297784448626736,9.023705444776535,1.3525187296164034,0.7350927811258664
2025-06-02 05:04:52,598.77,653.23,582.528361217937,642.5979117658526,35.56,24.49,612.5631364918947,1225.1262729837895,60.06955054791558,0.09806262713402406,60.05,11.070000000000004,5.413879594020955,3.5440294113824393,4.47895450270164,1.8698501826385154,0.4174746057447209,-0.4346265313403137,-2.55134313712756,-1.4929848342339938,0.5,0.5,0.0,10.200884700932724,8.437717621044024,1.2665978436770793,0.9197863317239267
2025-06-02 05:04:53,609.05,659.4,589.1587709134528,646.7984338243895,36.06,24.99,617.9786023689212,1235.9572047378424,57.639662910936636,0.0932712922368396,61.05,11.070000000000004,6.630409695515823,4.200522058536876,5.415465877026463,2.429887636978947,0.44869402623198296,1.2165301014948682,0.6564926471544368,0.936511374324823,0.5,0.5,0.0,10.122499463495853,8.111503520298152,2.0219410361712145,0.8511999382316331
2025-06-02 05:04:54,609.05,671.73,594.1315781850897,653.0313253682921,36.56,25.49,623.5814517766909,1247.1629035533817,58.89974718320241,0.0944539753723157,62.05,11.070000000000004,4.972807271636839,6.2328915439026105,5.602849407769668,1.2600842722657717,0.224900573914729,-1.6576024238789842,2.0323694853657344,0.18738353074320457,0.5,0.5,0.0,10.049660624126194,8.360029830684871,1.8303637714458256,0.6639453102238015
2025-06-02 05:04:55,617.27,673.78,599.9161836388173,658.2184940262191,37.06,25.97,629.0673388325182,1258.1346776650364,58.3023103874018,0.09268055531689837,63.03,11.090000000000003,5.784605453727636,5.187168657927032,5.485887055827334,0.5974367958006042,0.10890429949003105,0.8117981820907971,-1.0457228859755787,-0.11696235194233395,0.5,0.4800000000000004,0.019999999999999574,9.980443104110346,8.384464866586331,1.6916232038604373,0.5531274275801884
2025-06-02 05:04:56,619.33,677.89,604.769637729113,663.1363705196643,36.56,26.47,633.9530041243886,1267.9060082487772,58.36673279055128,0.09206791720957153,63.03,10.090000000000003,4.853454090295713,4.917876493445192,4.885665291870396,0.06442240314947867,0.013186001519726315,-0.9311513634319226,-0.2692921644818398,-0.600221763956938,-0.5,0.5,1.0,10.057956434498369,8.519721134345362,0.9081918826734583,0.4758455604655257
2025-06-02 05:04:57,631.67,686.11,611.4947282968348,668.8797778897482,36.06,26.97,640.1872530932915,1280.374506186583,57.38504959291345,0.089637913323015,63.03,9.090000000000003,6.725090567721736,5.743407370083901,6.234248968902875,0.9816831976378353,0.15746612704568777,1.8716364774260228,0.8255308766387088,1.3485836770324795,-0.5,0.5,1.0,10.156865666133998,8.667648029484967,0.6068334191640343,0.4825377937576131
2025-06-02 05:04:58,629.61,692.28,616.0235462226261,674.729833417311,35.56,27.46,645.3766898199685,1290.753379639937,58.70628719468493,0.09096437480581614,63.02,8.100000000000001,4.5288179257913725,5.8500555275628585,5.189436726677059,1.321237601771486,0.2546013019829628,-2.1962726419303635,0.10664815747895773,-1.0448122422258166,-0.5,0.490000000000002,0.990000000000002,10.240823224042293,8.655238154955368,0.5833589542953996,0.5053904854243061
2025-06-02 05:04:59,639.89,692.28,621.9901596669696,679.1173750629832,35.08,27.96,650.5537673649765,1301.107534729953,57.12721539601364,0.08781321110411873,63.04,7.119999999999997,5.966613444343466,4.387541645672172,5.177077545007933,1.5790717986712934,0.3050121385919351,1.4377955185520932,-1.4625138818906862,-0.012359181669125974,-0.480000000000004,0.5,0.980000000000004,10.319697922672566,8.606197063926206,0.6822968780082336,0.5152101872398114
2025-06-02 05:05:00,646.06,698.44,628.0076197502271,683.9480312972374,34.58,28.46,655.9778255237322,1311.9556510474645,55.940411547010285,0.08527790008308528,63.04,6.119999999999997,6.017460083257561,4.8306562342542065,5.42405815875577,1.1868038490033541,0.2188036329005667,0.05084663891409491,0.44311458858203423,0.2469806137478372,-0.5,0.5,1.0,10.405739453013846,8.609263090742528,1.0943857368175318,0.5132053964123888
2025-06-02 05:05:01,654.28,706.66,634.5757148126704,689.6260234729281,34.08,28.94,662.1008691427992,1324.2017382855984,55.050308660257656,0.08314489701302558,63.019999999999996,5.139999999999997,6.568095062443263,5.677992175690633,6.123043619066948,0.8901028867526293,0.14536932884351028,0.5506349791857019,0.8473359414364268,0.698985460311178,-0.5,0.4800000000000004,0.9800000000000004,10.506202136410618,8.611259000307706,1.4031069913183474,0.5123120887471009
2025-06-02 05:05:02,658.39,712.83,640.5292861095028,695.4270176046961,33.57,29.44,667.9781518570994,1335.9563037141988,54.897731495193284,0.08218492066002876,63.010000000000005,4.129999999999999,5.953571296832365,5.800994131767993,5.877282714300236,0.1525771650643719,0.025960489995255933,-0.6145237656108975,0.12300195607735986,-0.24576090476671197,-0.509999999999998,0.5,1.009999999999998,10.601144917567918,8.97807763118728,1.5907576726817563,0.42429258818046733
2025-06-02 05:05:03,664.56,719.0,646.5369645821271,701.320263203522,33.07,29.94,673.9286138928246,1347.8572277856492,54.78329862139492,0.08128946806941437,63.010000000000005,3.129999999999999,6.00767847262432,5.893245598825956,5.950462035725195,0.1144328737983642,0.019230919192562975,0.05410717579195534,0.09225146705796305,0.0731793214249592,-0.5,0.5,1.0,10.695581704447594,9.290653599883592,0.9877406914838743,0.3943915781232906
2025-06-02 05:05:04,674.85,725.16,653.6152234365953,707.2801974026415,32.57,30.43,680.4477104196185,1360.895420839237,53.664973966046205,0.07886715329541624,63.0,2.1400000000000006,7.078258854468231,5.959934199119516,6.519096526793874,1.1183246553487152,0.17154593112809483,1.0705803818439108,0.06668860029355983,0.5686344910686785,-0.5,0.48999999999999844,0.9899999999999984,10.800757136807324,9.609751965265163,0.8121931345790517,0.3973581092039714
2025-06-02 05:05:05,676.9,727.22,659.4364175774465,712.2651480519812,32.09,30.93,685.8507828147139,1371.7015656294277,52.82873047453472,0.07702656572133725,63.02,1.1600000000000037,5.821194140851162,4.98495064933968,5.403072395095364,0.8362434915114818,0.1547718178825002,-1.2570647136170692,-0.9749835497798358,-1.1160241316985093,-0.4799999999999969,0.5,0.9799999999999969,10.883065248042662,9.484887272391264,0.9626260199780932,0.40472492941218713
2025-06-02 05:05:06,674.85,731.33,663.2898131830849,717.0313610389859,31.59,31.43,690.1605871110354,1380.3211742220708,53.74154785590099,0.07786817848146216,63.019999999999996,0.16000000000000014,3.8533956056384113,4.766212987004678,4.309804296321545,0.912817381366267,0.21180014376643982,-1.9677985352127507,-0.21873766233500191,-1.0932680987738195,-0.5000000000000036,0.5,1.0000000000000036,10.951453128523998,8.92359379457258,0.8615377380551967,0.8287219008685422
2025-06-02 05:05:07,687.18,739.55,669.2623598873137,722.6610207792394,31.09,31.91,695.9616903332765,1391.923380666553,53.398660891925715,0.07672643703941256,63.0,0.8200000000000003,5.972546704228762,5.629659740253487,5.801103222241068,0.34288696397527474,0.05910718905215799,2.1191510985903506,0.8634467532488088,1.4912989259195228,-0.5,0.4800000000000004,0.9800000000000004,11.047010782321678,8.521280841288059,0.7115184498095081,0.8233067182185889
2025-06-02 05:05:08,687.18,743.67,673.7417699154852,727.9132655844296,30.59,32.41,700.8275177499575,1401.655035499915,54.17149566894443,0.07729647341127288,63.0,1.8199999999999967,4.479410028171515,5.25224480519023,4.865827416680986,0.7728347770187156,0.1588290237216937,-1.4931366760572473,-0.37741493506325696,-0.9352758055600816,-0.5,0.49999999999999645,0.9999999999999964,11.124246136916053,8.049140395264686,0.4946427211111039,0.849278106078045
2025-06-02 05:05:09,699.53,749.83,680.1888274366138,733.3924491883222,30.1,32.89,706.790638312468,1413.581276624936,53.2036217517084,0.0752749382808215,62.99,2.789999999999999,6.447057521128613,5.479183603892579,5.9631205625105395,0.9678739172360338,0.16230994238335605,1.9676474929570986,0.22693879870234923,1.0972931458295534,-0.48999999999999844,0.480000000000004,0.9700000000000024,11.220679903028863,8.318897192384888,0.5131034473408889,0.6829195180831347
2025-06-02 05:05:10,699.53,753.95,685.0241205774603,738.5318368912417,29.6,33.4,711.777978734351,1423.555957468702,53.50771631378143,0.07517472840864159,63.0,3.799999999999997,4.835293140846488,5.139387702919521,4.987340421883005,0.30409456207303265,0.06097327941872078,-1.6117643802821249,-0.33979590097305845,-0.9757801406275348,-0.5,0.509999999999998,1.009999999999998,11.298062975179175,8.552042937441193,0.3717211101215652,0.6877430102054979
2025-06-02 05:05:11,703.64,751.89,689.6780904330952,741.8713776684313,29.1,33.88,715.7747340507633,1431.5494681015266,52.193287235336015,0.07291859390878672,62.980000000000004,4.780000000000001,4.653969855634955,3.3395407771895407,3.9967553164123046,1.3144290784454142,0.3288739603782784,-0.1813232852115334,-1.7998469257299803,-0.9905851054707,-0.5,0.480000000000004,0.980000000000004,11.365111506599742,8.01282204487375,0.7152551046504263,0.7935040548226233
2025-06-02 05:05:12,709.81,768.34,694.7110678248214,748.4885332513235,28.6,34.38,721.5998005380725,1443.199601076145,53.77746542650209,0.07452533289487709,62.980000000000004,5.780000000000001,5.032977391726149,6.617155582892224,5.825066487309186,1.5841781911660746,0.27195877036917643,0.3790075360911942,3.277614805702683,1.8283111708968818,-0.5,0.5,1.0,11.45760224008368,8.00515731486171,0.7482849129504964,0.7986803869349027
2025-06-02 05:05:13,720.09,770.39,701.0558008686161,753.9638999384925,28.12,34.88,727.5098504035543,1455.0197008071086,52.90809906987647,0.0727249245736028,63.0,6.760000000000002,6.34473304379469,5.475366687169071,5.910049865481824,0.8693663566256191,0.14709964032682535,1.3117556520685412,-1.1417888957231526,0.08498337817263746,-0.4800000000000004,0.5,0.9800000000000004,11.547775219933001,8.12616651270815,0.6109944002901645,0.8481064515537312
2025-06-02 05:05:14,726.27,774.51,707.359350651462,759.1004249538694,27.62,35.36,733.2298878026656,1466.4597756053313,51.741074302407355,0.07056596449839,62.980000000000004,7.739999999999998,6.303549782845948,5.136525015376833,5.720037399111334,1.1670247674691154,0.20402393935859323,-0.04118326094874192,-0.33884167179223823,-0.19001246637049007,-0.5,0.4799999999999969,0.9799999999999969,11.64226542013973,8.658382124952702,0.8593823287316119,0.8092823461749075
2025-06-02 05:05:15,730.38,778.62,713.1145129885965,763.9803187154021,27.12,35.86,738.5474158519993,1477.0948317039986,50.86580572680555,0.06887276912241745,62.980000000000004,8.739999999999998,5.755162337134493,4.879893761532685,5.317528049333646,0.8752685756018082,0.16460061947597454,-0.5483874457114553,-0.256631253844148,-0.40250934977768793,-0.5,0.5,1.0,11.726697429744393,9.041996051128717,1.1105569111491462,0.7919156736770527
2025-06-02 05:05:16,738.61,780.68,719.4883847414475,768.1552390365515,26.61,36.35,743.8218118889995,1487.643623777999,48.66685429510403,0.06542810852249985,62.96,9.740000000000002,6.37387175285096,4.174920321149443,5.274396037000201,2.1989514317015164,0.4169104859334146,0.6187094157164665,-0.7049734403832417,-0.043132012333444436,-0.5100000000000016,0.490000000000002,1.0000000000000036,11.814196316308818,8.775357693119256,1.975755201104762,0.2943466914389539
2025-06-02 05:05:17,744.78,795.07,725.8112885560856,774.8839292774137,26.13,36.85,750.3476089167497,1500.6952178334993,49.07264072132807,0.0653998761011215,62.980000000000004,10.720000000000002,6.322903814638153,6.728690240862193,6.525797027750173,0.40578642622404004,0.06218188557146298,-0.050967938212806985,2.5537699197127495,1.2514009907499712,-0.4800000000000004,0.5,0.9800000000000004,11.914061559267832,8.903148750860666,1.7858437663885713,0.5102952337255938
2025-06-02 05:05:18,750.95,795.07,732.0959664170641,779.9304469580603,25.63,37.33,756.0132066875622,1512.0264133751243,47.834480540996196,0.06327201701582542,62.959999999999994,11.7,6.284677860978491,5.046517680646616,5.6655977708124965,1.2381601803318745,0.21854003970604355,-0.03822595365966208,-1.6821725602155766,-0.8601992569376762,-0.5,0.4799999999999969,0.9799999999999969,12.007833460605603,9.077427354352766,1.6160019518314772,0.502729304699961
2025-06-02 05:05:19,748.9,801.24,736.2969748127981,785.2578352185453,25.13,37.83,760.7774050156718,1521.5548100313435,48.96086040574721,0.06435635445874248,62.959999999999994,12.7,4.201008395733993,5.327388260485009,4.7641983281096145,1.1263798647510157,0.23642584769809613,-2.0836694652444976,0.2808705798383926,-0.901399442702882,-0.5,0.5,1.0,12.083503699685009,8.968209354111458,1.1096574369682892,0.6528452818223215
2025-06-02 05:05:20,761.24,807.41,742.5327311095987,790.7958764139089,24.65,38.32,766.6643037617538,1533.3286075235076,48.26314530431023,0.06295212259726678,62.97,13.670000000000002,6.2357562968005595,5.538041195363576,5.886898746082011,0.6977151014369838,0.1185199564340031,2.0347479010665666,0.21065293487856707,1.1227004179723963,-0.4800000000000004,0.490000000000002,0.9700000000000024,12.175072123021783,8.883695498177223,0.5122030347277764,0.6605989542446751
2025-06-02 05:05:21,769.47,811.53,749.267048332199,795.9794073104317,24.15,38.82,772.6232278213154,1545.2464556426307,46.712358978232714,0.060459428652559814,62.97,14.670000000000002,6.734317222600339,5.183530896522825,5.958924059561582,1.5507863260775139,0.26024598574018826,0.4985609257997794,-0.3545102988407507,0.0720253134795712,-0.5,0.5,1.0,12.269703280158998,8.734533474680669,0.9599711805622217,0.6408298351713648
2025-06-02 05:05:22,773.59,817.7,755.3477862491493,801.4095554828239,23.65,39.3,778.3786708659866,1556.7573417319732,46.06176923367457,0.05917655621684997,62.949999999999996,15.649999999999999,6.080737916950284,5.430148172392137,5.75544304467121,0.6505897445581468,0.11303901827705334,-0.6535793056500552,0.24661727586931192,-0.20348101489037163,-0.5,0.4799999999999969,0.9799999999999969,12.365030317727662,8.952357779203446,1.1720858280287165,0.4842454038255041
2025-06-02 05:05:23,777.7,821.81,760.935839686862,806.5096666121179,23.16,39.78,783.72275314949,1567.44550629898,45.57382692525596,0.0581504450189321,62.94,16.62,5.588053437712688,5.100111129294078,5.34408228350344,0.4879423084186101,0.09130514674515476,-0.49268447923759595,-0.33003704309805926,-0.41136076116777076,-0.48999999999999844,0.480000000000004,0.9700000000000024,12.45190245785808,9.110110663497908,1.446726107102785,0.49560205103694366
2025-06-02 05:05:24,785.94,821.81,767.1868797651465,810.3347499590884,22.66,40.28,788.7608148621175,1577.521629724235,43.14787019394191,0.054703364221739624,62.94,17.62,6.251040078284518,3.825083346970473,5.038061712627496,2.425956731314045,0.481525711308353,0.6629866405718303,-1.2750277823236047,-0.30602057087594403,-0.5,0.5,1.0,12.53194792389847,8.747737332600222,1.8666645594380635,0.3925918303292924
2025-06-02 05:05:25,787.99,832.09,772.3876598238598,815.7735624693164,22.18,40.77,794.0806111465881,1588.1612222931763,43.385902645456554,0.05463664769269983,62.95,18.590000000000003,5.200780058713349,5.43881251022799,5.319796284470613,0.23803245151464125,0.044744646982977754,-1.0502600195711693,1.613729163257517,0.281734571843117,-0.4800000000000004,0.490000000000002,0.9700000000000024,12.614465425450717,8.429211648844186,1.6141330451820273,0.368996018100963
2025-06-02 05:05:26,800.34,838.27,779.3757448678949,821.3976718519873,21.68,41.27,800.3867083599412,1600.7734167198823,42.021926984092374,0.05250202994711989,62.95,19.590000000000003,6.988085044035074,5.624109382670895,6.306097213353041,1.3639756613641794,0.2162947063647038,1.7873049853217253,0.18529687244290471,0.9863009288824287,-0.5,0.5,1.0,12.7146417100127,8.604754377319912,1.7129301179928396,0.49278041822607627
2025-06-02 05:05:27,794.17,842.38,783.0743086509212,826.6432538889906,21.18,41.75,804.8587812699559,1609.7175625399118,43.56894523806932,0.05413240955784956,62.93,20.57,3.698563783026316,5.24558203700326,4.472072910014731,1.547018253976944,0.34592859713533847,-3.2895212610087583,-0.378527345667635,-1.8340243033383103,-0.5,0.4799999999999969,0.9799999999999969,12.789746837441747,8.531200912116113,1.2864045614471515,0.6649365678076998
2025-06-02 05:05:28,802.4,848.55,787.905731488191,832.119940416743,20.69,42.25,810.012835952467,1620.025671904934,44.21420892855201,0.054584578060392616,62.94,21.56,4.83142283726977,5.476686527752463,5.15405468251106,0.6452636904826932,0.1251953277633819,1.132859054243454,0.23110449074920325,0.6819817724963286,-0.48999999999999844,0.5,0.9899999999999984,12.869603163057894,8.435793394139514,0.8010788468074664,0.6669305470014202
2025-06-02 05:05:29,816.81,852.67,795.1317986161432,837.2574553125573,20.19,42.73,816.1946269643503,1632.3892539287006,42.125656696414126,0.05161226900191518,62.92,22.539999999999996,7.226067127952206,5.13751489581432,6.18179101188332,2.0885522321378858,0.33785546781953213,2.394644290682436,-0.33917163193814304,1.0277363293722601,-0.5,0.4799999999999969,0.9799999999999969,12.971942371144436,8.528286969439542,0.9549834624926297,0.7619942876765795
2025-06-02 05:05:30,822.98,854.72,802.0938489621075,841.623091484418,19.71,43.22,821.8584702232627,1643.7169404465253,39.52924252231048,0.04809738404651929,62.93,23.509999999999998,6.962050345964258,4.365636171860615,5.6638432589123795,2.596414174103643,0.45841906228583845,-0.264016781987948,-0.771878723953705,-0.5179477529709402,-0.4800000000000004,0.490000000000002,0.9700000000000024,13.059883317390424,8.59725662726151,1.8068560204856914,0.758674410809978
2025-06-02 05:05:31,827.1,856.78,808.3453867215806,845.4123186133133,19.21,43.72,826.878852667447,1653.757705334894,37.06693189173279,0.044827524282825985,62.93,24.509999999999998,6.251537759473081,3.7892271288953907,5.020382444184293,2.46231063057769,0.4904626624546134,-0.710512586491177,-0.5764090429652242,-0.6434608147280869,-0.5,0.5,1.0,13.139660567738542,8.841297406439253,2.9739232436453014,0.6509366794977157
2025-06-02 05:05:32,829.16,867.07,813.5490400411854,850.826738959985,18.73,44.2,832.1878895005852,1664.3757790011705,37.277698918799615,0.04479481057622215,62.93000000000001,25.470000000000002,5.203653319604882,5.4144203466717045,5.309036833138293,0.21076702706682227,0.03969966568165009,-1.0478844398681986,1.6251932177763138,0.28865438895400075,-0.4800000000000004,0.480000000000004,0.9600000000000044,13.224024730280636,8.708709352028633,3.102590076183435,0.4669102942871333
2025-06-02 05:05:33,837.4,871.18,819.5117800308891,855.9150542199887,18.22,44.7,837.7134171254389,1675.4268342508778,36.40327418909965,0.04345552237966974,62.92,26.480000000000004,5.962739989703664,5.0883152600036965,5.52552762485368,0.8744247296999674,0.1582517780772736,0.7590866700987817,-0.32610508666800797,0.21649079171538688,-0.5100000000000016,0.5,1.0100000000000016,13.313944752248794,8.43937253080324,2.3530193639306605,0.4332402989568552
2025-06-02 05:05:34,839.45,877.36,824.4963350231669,861.2762906649916,17.74,45.18,842.8863128440793,1685.7726256881585,36.7799556418247,0.04363572529026544,62.92,27.44,4.984554992277822,5.3612364450028736,5.172895718640348,0.3766814527250517,0.0728182821372972,-0.9781849974258421,0.27292118499917706,-0.3526319062133325,-0.4800000000000004,0.4799999999999969,0.9599999999999973,13.396158605338854,8.363640526506071,1.2284981514015658,0.25996108917687
2025-06-02 05:05:35,851.81,881.47,831.3247512673752,866.3247179987438,17.24,45.67,848.8247346330595,1697.649469266119,34.99996673136866,0.041233443444912615,62.91,28.430000000000003,6.828416244208256,5.048427333752215,5.938421788980236,1.7799889104560407,0.2997410210938696,1.8438612519304343,-0.31280911125065813,0.7655260703398881,-0.5,0.490000000000002,0.990000000000002,13.492683534261262,8.63334115332132,0.9033138098860086,0.35685701984888035
2025-06-02 05:05:36,853.87,885.59,836.9610634505314,871.1410384990579,16.76,46.17,854.0510509747946,1708.1021019495893,34.17997504852656,0.04002099753813698,62.93000000000001,29.41,5.636312183156178,4.816320500314077,5.226316341735128,0.819991682842101,0.15689665001663777,-1.1921040610520777,-0.23210683343813798,-0.7121054472451078,-0.4799999999999969,0.5,0.9799999999999969,13.571445056465112,8.672194887172264,1.293274716463454,0.3121463685216694
2025-06-02 05:05:37,862.1,893.82,843.2457975878984,876.8107788742935,16.26,46.65,860.028288231096,1720.056576462192,33.564981286395096,0.03902776421041185,62.91,30.389999999999997,6.2847341373670815,5.6697403752356195,5.9772372563013505,0.6149937621314621,0.10288928360570546,0.6484219542109031,0.853419874921542,0.7509209145662226,-0.5,0.4799999999999969,0.9799999999999969,13.67077212780677,8.824445849786983,1.3871595624770414,0.38057404667939854
2025-06-02 05:05:38,862.1,897.94,847.9593481909238,882.0930841557201,15.77,47.13,865.0262161733219,1730.0524323466439,34.1337359647963,0.03945977045220244,62.900000000000006,31.360000000000003,4.713550603025396,5.282305281426602,4.997927942225942,0.5687546784012056,0.11379807215664368,-1.5711835343416851,-0.3874350938090174,-0.9793093140754081,-0.490000000000002,0.480000000000004,0.970000000000006,13.75240385406865,8.77616593498001,1.2540446739406899,0.4601457734899076
2025-06-02 05:05:39,872.4,906.17,854.0695111431929,888.1123131167901,15.27,47.62,871.0909121299915,1742.181824259983,34.04280197359719,0.03908065330549148,62.89,32.349999999999994,6.110162952269093,6.0192289610699845,6.064695956669539,0.09093399119910828,0.014993987638426895,1.3966123492436964,0.7369236796433825,1.0667680144435963,-0.5,0.4899999999999949,0.9899999999999949,13.85102398281074,8.780047303363716,0.5175579686674777,0.4915632341293232
2025-06-02 05:05:40,880.63,906.17,860.7096333573948,892.6267348375926,14.79,48.12,876.6681840974936,1753.3363681949872,31.917101480197857,0.03640727703224268,62.91,33.33,6.640122214201824,4.514421720802488,5.577271967502156,2.1257004933993358,0.38113617636888847,0.5299592619327314,-1.5048072402674961,-0.4874239891673824,-0.4800000000000004,0.5,0.9800000000000004,13.935275316519128,8.904330906124365,0.9546572941321627,0.4626001157363998
2025-06-02 05:05:41,888.87,920.58,867.7497250180461,899.6150511281944,14.29,48.6,883.6823880731203,1767.3647761462405,31.865326110148317,0.03605970482626832,62.89,34.31,7.040091660651342,6.9883162906018015,7.014203975626629,0.05177537004954047,0.007381502284215042,0.3999694464495178,2.473894569799313,1.4369320081244723,-0.5,0.480000000000004,0.980000000000004,14.051238257622547,9.335369557798218,1.1288541796307674,0.7397598165796401
2025-06-02 05:05:42,888.87,922.63,873.0297937635346,905.3687883461458,13.81,49.08,889.1992910548402,1778.3985821096803,32.338994582611235,0.036368668836745735,62.89,35.269999999999996,5.2800687454885065,5.753737217951425,5.516902981719909,0.47366847246291854,0.08585766111435043,-1.7600229151628355,-1.2345790726503765,-1.4973009939067197,-0.47999999999999865,0.4799999999999969,0.9599999999999955,14.138961312066765,9.640888929937548,1.1370249992070525,0.7601937474815819
2025-06-02 05:05:43,897.11,918.52,879.049845322651,908.6565912596094,13.3,49.59,893.8532182911301,1787.7064365822603,29.60674593695842,0.03312260368703268,62.89,36.290000000000006,6.020051559116382,3.2878029134635653,4.653927236289974,2.7322486456528168,0.5870843955752346,0.7399828136278757,-2.4659343044878597,-0.8629757454299352,-0.5099999999999998,0.5100000000000051,1.020000000000005,14.212962379999487,9.199949298407743,1.5835198547311242,0.8633660967969378
2025-06-02 05:05:44,905.35,934.98,885.6248839919882,915.2374434447071,12.82,50.07,900.4311637183476,1800.8623274366953,29.61255945271887,0.03288708855604925,62.89,37.25,6.575038669337232,6.580852185097683,6.577945427217514,0.005813515760451082,0.0008837888579324006,0.5549871102208499,3.2930492716341178,1.9240181909275407,-0.4800000000000004,0.4799999999999969,0.9599999999999973,14.317556835757527,9.142535642337776,1.3440331093569797,0.9353569681434122
2025-06-02 05:05:45,905.35,937.04,890.5561629939912,920.6880825835303,12.32,50.55,905.6221227887607,1811.2442455775215,30.131919589539166,0.03327206656953042,62.87,38.23,4.931279002002952,5.450639138823249,5.190959070413101,0.5193601368202962,0.10005088264509905,-1.6437596673342796,-1.1302130462744344,-1.3869863568044138,-0.5,0.4799999999999969,0.9799999999999969,14.404678040147651,8.723535379767426,1.2984719734628793,0.9802580793741007
2025-06-02 05:05:46,911.53,945.28,895.7996222454933,926.8360619376476,11.84,51.03,911.3178420915705,1822.635684183141,31.036439692154318,0.03405665753988286,62.870000000000005,39.19,5.243459251502145,6.147979354117297,5.695719302809721,0.9045201026151517,0.15880697339877248,0.31218024949919254,0.697340215294048,0.5047602323966203,-0.4800000000000004,0.480000000000004,0.9600000000000044,14.495273224054353,8.864113910692833,1.1597769687942785,0.7085608583197863
2025-06-02 05:05:47,919.77,947.34,901.79221668412,931.9620464532358,11.35,51.54,916.8771315686779,1833.7542631373558,30.169829769115722,0.03290498660883101,62.89,40.19,5.992594438626725,5.125984515588129,5.559289477107427,0.8666099230385953,0.15588498687147284,0.7491351871245797,-1.0219948385291673,-0.13642982570229378,-0.4900000000000002,0.509999999999998,0.9999999999999982,14.579060534101087,9.007907546517716,0.5837488949896054,0.7086620491508252
2025-06-02 05:05:48,921.83,949.4,906.80166251309,936.3215348399268,10.85,52.02,921.5615986765084,1843.1231973530168,29.519872326836776,0.032032446162252204,62.870000000000005,41.17,5.0094458289700015,4.359488386691055,4.684467107830528,0.6499574422789465,0.13874732996740474,-0.9831486096567232,-0.7664961288970744,-0.8748223692768988,-0.5,0.480000000000004,0.980000000000004,14.658208748501664,8.465809988608571,0.6034873923879385,0.6992323199436832
2025-06-02 05:05:49,925.94,957.63,911.5862468848176,941.6486511299452,10.37,52.5,926.6174490073813,1853.2348980147626,30.062404245127595,0.03244316653532493,62.87,42.13,4.784584371727533,5.327116290018353,5.055850330872886,0.5425319182908197,0.10730772777631345,-0.22486145724246853,0.9676279033272976,0.3713832230423577,-0.4800000000000004,0.4799999999999969,0.9599999999999973,14.738626280718229,8.265243233917037,0.5443844330687337,0.40451240468682925
2025-06-02 05:05:50,936.24,965.87,917.7496851636131,947.7039883474588,9.87,52.98,932.7268367555359,1865.4536735110719,29.954303183845695,0.03211476497870066,62.849999999999994,43.11,6.163438278795525,6.055337217513625,6.1093877481546315,0.1081010612819,0.017694251542685415,1.3788539070679917,0.728220927495272,1.0535374172817455,-0.5,0.4799999999999969,0.9799999999999969,14.840522226173649,8.318182571187645,0.5543440866129578,0.5577381402532184
2025-06-02 05:05:51,942.42,969.98,923.9172638727098,953.272991260594,9.39,53.47,938.5951275666519,1877.1902551333037,29.355727387884258,0.03127624094183613,62.86,44.08,6.167578709096688,5.56900291313525,5.868290811115912,0.5985757959614375,0.10200170939481834,0.004140430301163178,-0.4863343043783743,-0.24109693703871926,-0.47999999999999865,0.490000000000002,0.9700000000000006,14.931516268455864,8.646658401726391,0.3551467958820729,0.5837270907973915
2025-06-02 05:05:52,948.61,974.1,930.0904479045324,958.4797434454455,8.9,53.97,944.285095674989,1888.570191349978,28.389295540913054,0.030064326590430446,62.87,45.07,6.173184031822643,5.206752184851439,5.689968108337098,0.9664318469712043,0.16984834690142026,0.005605322725955375,-0.36225072828381144,-0.17832270277881435,-0.4900000000000002,0.5,0.9900000000000002,15.019644992132083,9.08312625335571,0.6648353803276975,0.5923993874467562
2025-06-02 05:05:53,956.85,980.28,936.7803359283993,963.9298075840841,8.4,54.45,950.3550717562416,1900.7101435124832,27.149471655684806,0.028567713725087283,62.85,46.050000000000004,6.689888023866843,5.450064138638595,6.069976081252662,1.2398238852282475,0.2042551180394877,0.5167039920441994,0.2433119537871562,0.3800079729155641,-0.5,0.480000000000004,0.980000000000004,15.1210032877524,9.334643443763065,1.2208375602679393,0.42737763498033504
2025-06-02 05:05:54,956.85,980.28,941.7977519462994,968.0173556880629,7.92,54.93,954.9075538171812,1909.8151076343624,26.219603741763535,0.027457740395386572,62.85,47.01,5.017416017900132,4.087548103978861,4.55248206093961,0.9298679139212709,0.2042551068228139,-1.6724720059667106,-1.362516034659734,-1.5174940203130518,-0.4800000000000004,0.4799999999999969,0.9599999999999973,15.193437368715097,8.882405808744126,1.5389738177034356,0.6404860043916186
2025-06-02 05:05:55,967.15,992.63,948.1358139597246,974.1705167660473,7.44,55.42,961.1531653628859,1922.3063307257719,26.034702806322684,0.027086944846512855,62.86,47.980000000000004,6.338062013425201,6.15316107798435,6.245611545704719,0.18490093544085084,0.029604932116388222,1.3206459955250693,2.0656129740054894,1.6931294847651088,-0.47999999999999954,0.490000000000002,0.9700000000000015,15.290377824888772,8.820932284776553,1.4247177906885466,0.6668411769507344
2025-06-02 05:05:56,967.15,996.75,952.8893604697935,979.8153875745354,6.94,55.9,966.3523740221644,1932.7047480443289,26.926027104741934,0.027863570060687598,62.839999999999996,48.96,4.7535465100688725,5.644870808488122,5.199208659278497,0.8913242984192493,0.17143457502787834,-1.5845155033563287,-0.5082902694962286,-1.0464028864262218,-0.5,0.4799999999999969,0.9799999999999969,15.377981518844415,8.69321205679191,0.9331387879797878,0.6877368174296448
2025-06-02 05:05:57,967.15,996.75,956.4545203523452,984.0490406809015,6.45,56.38,970.2517805166233,1940.5035610332466,27.594520328556314,0.028440576821639713,62.830000000000005,49.93,3.5651598825517112,4.233653106366091,3.8994064944588445,0.6684932238143801,0.17143456403679935,-1.1883866275171613,-1.4112177021220305,-1.2998021648196527,-0.4900000000000002,0.480000000000004,0.9700000000000042,15.442491884038379,8.122731754940038,0.6501288547551076,0.9950833483669027
2025-06-02 05:05:58,981.57,1007.05,962.7333902642589,989.7992805106762,5.97,56.88,976.2663353874675,1952.532670774935,27.065890246417325,0.027723879475933525,62.85,50.910000000000004,6.278869911913716,5.750239829774728,6.014554870844222,0.5286300821389887,0.08789179009900668,2.713710029362005,1.5165867234086363,2.1151483763853776,-0.4800000000000004,0.5,0.9800000000000004,15.533274778905215,8.214395182010529,0.6393962264900469,0.9831139160569591
2025-06-02 05:05:59,987.75,1009.11,968.9875426981941,994.6269603830073,5.49,57.37,981.8072515406006,1963.6145030812013,25.63941768481311,0.026114512414189817,62.86,51.879999999999995,6.254152433935246,4.827679872331032,5.540916153133139,1.4264725616042142,0.2574434019100264,-0.024717477978470015,-0.9225599574436956,-0.4736387177110828,-0.47999999999999954,0.4899999999999949,0.9699999999999944,15.618950619179925,8.116546449069002,0.7970444259897461,0.9223177136655386
2025-06-02 05:06:00,991.88,1011.17,974.7106570236456,998.7627202872554,4.99,57.85,986.7366886554505,1973.473377310901,24.052063263609853,0.024375361244556915,62.84,52.86,5.723114325451434,4.135759904248175,4.929437114849861,1.5873544212032584,0.3220152853570422,-0.5310381084838127,-0.6919199680828569,-0.611479038283278,-0.5,0.480000000000004,0.980000000000004,15.70236589677092,8.288398216818017,1.4260088731569522,0.7921144581455111
2025-06-02 05:06:01,987.75,1019.41,977.9704927677342,1003.9245402154415,4.5,58.33,990.9475164915879,1981.8950329831757,25.954047447707353,0.026191142305301427,62.83,53.83,3.2598357440886048,5.161819928186105,4.210827836137355,1.9019841840975005,0.45168879052377103,-2.463278581362829,1.02606002393793,-0.7186092787125062,-0.4900000000000002,0.4799999999999969,0.9699999999999971,15.771884461558228,8.21952388361987,1.377178831602457,0.8843370166510198
2025-06-02 05:06:02,1004.24,1025.59,984.5378695758006,1009.3409051615811,4.02,58.82,996.9393873686909,1993.8787747373817,24.803035585780435,0.024879181096822817,62.84,54.8,6.567376808066456,5.416364946139538,5.991870877102997,1.1510118619269178,0.19209553968023416,3.307541063977851,0.25454501795343276,1.781043040965642,-0.4800000000000004,0.490000000000002,0.9700000000000024,15.864725835518222,7.993110105821771,1.1467178207581417,0.7687470577287485
2025-06-02 05:06:03,1010.42,1027.65,991.0084021818504,1013.9181788711859,3.54,59.3,1002.4632905265182,2004.9265810530364,22.909776689335445,0.02285348190101723,62.839999999999996,55.76,6.470532606049801,4.57727370960481,5.5239031578273625,1.8932588964449906,0.3427392732298308,-0.09684420201665489,-0.8390912365347276,-0.4679677192756344,-0.47999999999999954,0.4799999999999969,0.9599999999999964,15.952630085516999,8.159897327149956,1.2335380986126017,0.6877688827548247
2025-06-02 05:06:04,1014.55,1033.83,996.8938016363879,1018.8961341533894,3.04,59.78,1007.8949678948886,2015.7899357897772,22.00233251700149,0.021829985460812506,62.82,56.74,5.885399454537492,4.9779552822035384,5.431677368370401,0.9074441723339532,0.16706515201970665,-0.5851331515123093,0.40068157259872805,-0.09222578945696114,-0.5,0.480000000000004,0.980000000000004,16.044173063526195,8.522317660070485,1.551579896768381,0.6774537175130487
2025-06-02 05:06:05,1018.67,1044.12,1002.3378512272909,1025.2021006150421,2.55,60.27,1013.7699759211665,2027.539951842333,22.864249387751215,0.022553685656770246,62.82,57.720000000000006,5.444049590902978,6.305966461652702,5.8750080262778965,0.8619168707497238,0.14670902919374576,-0.4413498636345139,1.3280111794491631,0.44333065790749515,-0.4900000000000002,0.490000000000002,0.9800000000000022,16.13769436140516,8.950595696541866,1.6203549442141243,0.7082033668501502
2025-06-02 05:06:06,1026.91,1048.24,1008.4808884204681,1030.9615754612817,2.07,60.77,1019.7212319408749,2039.4424638817497,22.480687040813564,0.022045914427004022,62.84,58.7,6.143037193177179,5.759474846239527,5.951256019708353,0.38356234693765145,0.06445064390051301,0.698987602274201,-0.5464916154131743,0.07624799343045652,-0.48,0.5,0.98,16.227263139936532,8.993869823984898,1.065576159140092,0.2583452673431287
2025-06-02 05:06:07,1024.85,1052.36,1012.573166315351,1036.3111815959612,1.59,61.25,1024.442173955656,2048.884347911312,23.73801528061017,0.02317164976308955,62.84,59.66,4.092277894882955,5.349606134679561,4.720942014781144,1.2573282397966068,0.26632989126535656,-2.050759298294224,-0.40986871155996596,-1.2303140049272088,-0.47999999999999976,0.4799999999999969,0.9599999999999966,16.302389523444724,8.826207945438107,0.6391949766002425,0.4889867455674696
2025-06-02 05:06:08,1033.1,1054.42,1017.7048747365133,1040.838386196971,1.1,61.73,1029.2716304667422,2058.5432609334844,23.133511460457726,0.022475613582676707,62.83,60.629999999999995,5.131708421162216,4.527204601009771,4.829456511086164,0.6045038201524449,0.1251701291014132,1.0394305262792614,-0.8224015336697903,0.10851449630501975,-0.49,0.4799999999999969,0.9699999999999969,16.38184965915793,8.46044792011149,0.6564850366901547,0.5722351318052712
2025-06-02 05:06:09,1041.34,1062.67,1023.6136560523848,1046.2962896477284,0.6,62.22,1034.9549728500565,2069.909945700113,22.682633595343532,0.02191654146166727,62.82,61.62,5.908781315871579,5.457903450757385,5.6833423833143115,0.4508778651141938,0.07933320841354105,0.777072894709363,0.9306988497476141,0.8538858722281475,-0.5000000000000001,0.490000000000002,0.9900000000000021,16.474927672319783,8.216221414558818,0.48715787611432526,0.5907025968238746
2025-06-02 05:06:10,1051.65,1066.79,1030.6227420392888,1051.4197172357963,0.12,62.7,1041.0212296375425,2082.042459275085,20.796975196507447,0.019977474603251805,62.82,62.580000000000005,7.009085986903983,5.123427588067898,6.066256787486054,1.8856583988360853,0.31084376313943785,1.1003046710324043,-0.33447586268948726,0.3829144041717427,-0.48,0.480000000000004,0.960000000000004,16.571493363038034,8.411643062748173,1.1006837492362267,0.6328661284882999
2025-06-02 05:06:11,1051.65,1072.97,1035.8795565294668,1056.8072879268473,0.28,63.18,1046.3434222281571,2092.6868444563142,20.927731397380512,0.0200008247128029,63.46,62.9,5.256814490177931,5.387570691050996,5.322192590614577,0.1307562008730656,0.02456810310388702,-1.7522714967260526,0.2641431029830983,-0.7440641968714772,0.16000000000000003,0.4799999999999969,0.31999999999999684,16.488235199179357,8.78918049044874,1.3267877073053014,0.5675223762626966
2025-06-02 05:06:12,1061.96,1077.09,1042.3996673971,1061.8779659451354,0.76,63.67,1052.1388166711176,2104.2776333422353,19.478298548035355,0.018513050009075865,64.43,62.910000000000004,6.520110867633321,5.070678018288163,5.795394442960514,1.4494328493451576,0.2501007676888966,1.26329637745539,-0.31689267276283317,0.47320185234593737,0.48,0.490000000000002,0.010000000000002007,16.32995189106264,9.033276126248829,1.4941344145164581,0.4782858532492939
2025-06-02 05:06:13,1068.14,1081.21,1048.834750547825,1066.7109744588515,1.25,64.15,1057.7728625033383,2115.5457250066765,17.8762239110265,0.01689987002674708,65.4,62.900000000000006,6.4350831507249495,4.833008513716095,5.634045832220636,1.6020746370088546,0.28435593184045355,-0.08502771690837108,-0.23766950457206804,-0.1613486107398785,0.49,0.480000000000004,0.009999999999996012,16.173896732866076,8.974802729400983,1.7926337676167146,0.26954113673619257
2025-06-02 05:06:14,1072.27,1089.45,1054.6935629108689,1072.3957308441386,1.73,64.63,1063.5446468775037,2127.0892937550075,17.70216793326972,0.016644499098930735,66.36,62.9,5.858812363043853,5.6847563852870735,5.771784374165463,0.1740559777567796,0.030156349634179905,-0.5762707876810964,0.8517478715709785,0.13773854194482738,0.48,0.47999999999998977,1.021405182655144e-14,16.026893171347357,8.930559233467617,1.5400165117178213,0.27105222517807726
2025-06-02 05:06:15,1084.64,1087.39,1062.1801721831516,1076.144298133104,2.21,65.11,1069.1622351581277,2138.3244703162554,13.964125949952404,0.013060811051585932,67.32,62.9,7.486609272282749,3.7485672889654325,5.617588280623977,3.7380419833173164,0.6654174587327807,1.6277969092388958,-1.936189096321641,-0.15419609354148633,0.48,0.480000000000004,3.9968028886505635e-15,15.881791730189187,9.019478558292965,2.605223218524033,0.18865164404035328
2025-06-02 05:06:16,1082.58,1097.69,1067.2801291373637,1081.530723599828,2.7,65.6,1074.4054263685957,2148.8108527371915,14.250594462464278,0.013263702974180279,68.3,62.89999999999999,5.099956954212075,5.386425466723949,5.243191210468012,0.286468512511874,0.05463627900955848,-2.3866523180706736,1.6378581777585168,-0.3743970701559647,0.4900000000000002,0.4899999999999949,5.329070518200751e-15,15.73067951153611,8.843394393336137,2.4280099762135507,0.2211904922544974
2025-06-02 05:06:17,1090.83,1103.88,1073.1675968530228,1087.118042699871,3.18,66.08,1080.142819776447,2160.285639552894,13.950445846848197,0.012915371540237702,69.26,62.9,5.887467715659113,5.5873191000430324,5.737393407851187,0.30014861561608086,0.05231444699101571,0.787510761447038,0.20089363331908316,0.4942021973831743,0.48,0.480000000000004,3.9968028886505635e-15,15.595477969693459,8.792279630568087,2.0497049141334394,0.21045462299039114
2025-06-02 05:06:18,1094.95,1097.69,1078.6131976397671,1089.7610320249032,3.66,66.56,1084.1871148323353,2168.3742296646706,11.147834385136093,0.01028220518612034,70.22,62.900000000000006,5.445600786744308,2.642989325032204,4.0442950558883695,2.802611461712104,0.6929788084212056,-0.4418669289148056,-2.9443297750108286,-1.693098351962817,0.48,0.480000000000004,3.9968028886505635e-15,15.439861854065416,8.276144611983698,2.3292339297887827,0.7234133357814984
2025-06-02 05:06:19,1103.2,1105.94,1084.7598982298252,1093.8057740186773,4.16,67.05,1089.2828361242514,2178.565672248503,9.045875788852072,0.00830443249499233,71.21,62.89,6.146700590058117,4.044741993774096,5.095721291916107,2.101958596284021,0.41249473104501483,0.7010998033138094,1.4017526687418922,1.051426236027737,0.5,0.4899999999999949,0.010000000000005116,15.296767600442127,7.919750359935086,2.2949608748205224,0.6704207858274703
2025-06-02 05:06:20,1103.2,1112.12,1089.369923672369,1098.384330514008,4.65,67.53,1093.8771270931884,2187.754254186377,9.01440684163913,0.00824078556003155,72.18,62.88,4.6100254425437015,4.5785564953307585,4.594290968937003,0.03146894721294302,0.006849574956426659,-1.5366751475144156,0.5338145015566624,-0.501430322979104,0.4900000000000002,0.480000000000004,0.009999999999996234,15.154850539461593,7.611114254442109,2.544293805749034,0.6468709308788291
2025-06-02 05:06:21,1111.45,1120.36,1094.8899427542767,1103.878247885506,5.13,68.01,1099.3840953198915,2198.768190639783,8.988305131229254,0.00817576419498604,73.14,62.88,5.520019081907776,5.493917371497901,5.506968226703066,0.026101710409875523,0.004739759627366249,0.9099936393640746,0.9153608761671421,0.9126772577660631,0.47999999999999954,0.480000000000004,4.440892098500626e-15,15.031228880074687,7.625728418600241,2.174109652232373,0.6869878350292401
2025-06-02 05:06:22,1119.7,1124.49,1101.0924570657075,1109.0311859141295,5.61,68.5,1105.0618214899187,2210.1236429798373,7.938728848421988,0.007183968070251935,74.11,62.89,6.202514311430832,5.152938028623566,5.677726170027199,1.0495762828072657,0.18485852725505963,0.682495229523056,-0.3409793428743342,0.17075794332413352,0.4800000000000004,0.4899999999999949,0.009999999999994458,14.91110250409953,8.204706866666548,1.170921043643336,0.6712212235458704
2025-06-02 05:06:23,1121.76,1132.73,1106.2593427992806,1114.9558894355973,6.1,68.98,1110.607616117439,2221.215232234878,8.696546636316725,0.007830440294375476,75.08,62.88,5.166885733573054,5.924703521467791,5.5457946275203085,0.7578177878947372,0.13664726196078383,-1.0356285778577785,0.7717654928442244,-0.13193154250689076,0.4899999999999993,0.480000000000004,0.009999999999995346,14.792322873270061,8.51809471117491,0.4675430796614444,0.4428371380293603
2025-06-02 05:06:24,1127.95,1132.73,1111.6820070994604,1119.399417076698,6.58,69.46,1115.540712088079,2231.081424176158,7.717409977237594,0.006918089036727299,76.03999999999999,62.879999999999995,5.422664300179804,4.4435276411006726,4.9330959706401245,0.9791366590791313,0.19848315670796093,0.25577856660675025,-1.4811758803671182,-0.612698656880184,0.4800000000000004,0.47999999999998977,1.0658141036401503e-14,14.670445784029898,8.627812430295174,0.605181243331936,0.4655230657045328
2025-06-02 05:06:25,1134.14,1136.85,1117.2965053245953,1123.7620628075233,7.06,69.94,1120.5292840660593,2241.0585681321186,6.465557482928034,0.005770092374289767,77.0,62.879999999999995,5.6144982251348665,4.362645730825307,4.9885719779802,1.25185249430956,0.2509440074015749,0.19183392495506268,-0.08088191027536595,0.05547600734007574,0.47999999999999954,0.480000000000004,4.440892098500626e-15,14.552328175503002,8.348129826329757,0.9864791727150415,0.3438399104550339
2025-06-02 05:06:26,1140.33,1145.1,1123.0548789934464,1129.0965471056425,7.54,70.43,1126.0757130495444,2252.151426099089,6.041668112196021,0.005365241463621693,77.97000000000001,62.89000000000001,5.7583736688511635,5.3344842981191505,5.546428983485157,0.42388937073201305,0.07642562368842123,0.143875443716297,0.9718385672938439,0.5578570055049568,0.4800000000000004,0.4900000000000091,0.010000000000008669,14.442422708825466,8.216023815669235,1.093884637277119,0.3493142607806733
2025-06-02 05:06:27,1140.33,1149.22,1127.3736592450848,1134.127410329232,8.03,70.91,1130.7505347871584,2261.5010695743167,6.753751084147098,0.005972803788631906,78.94,62.879999999999995,4.318780251638373,5.030863223589449,4.674821737613911,0.7120829719510766,0.15232298889573143,-1.4395934172127909,-0.3036210745297012,-0.871607245871246,0.4899999999999993,0.47999999999998977,0.010000000000009557,14.324176849037011,8.037648061480512,1.0684694561023587,0.3911389968489474
2025-06-02 05:06:28,1146.51,1155.4,1132.1577444338136,1139.445557746924,8.51,71.39,1135.8016510903688,2271.6033021807375,7.287813313110291,0.006416448945727052,79.9,62.88,4.784085188728795,5.318147417691989,5.051116303210392,0.5340622289631938,0.10573150392364758,0.46530493709042275,0.2872841941025399,0.37629456559648133,0.4800000000000004,0.480000000000004,3.552713678800501e-15,14.21528957290462,8.025459774033205,0.6622855165138555,0.3178109687624278
2025-06-02 05:06:29,1154.77,1161.59,1137.81080832536,1144.9816683101928,8.99,71.86,1141.3962383177764,2282.7924766355527,7.170859984832759,0.006282533390086209,80.85,62.87,5.653063891546481,5.536110563268949,5.594587227407601,0.11695332827753191,0.020904724981292377,0.8689787028176852,0.2179631455769595,0.5434709241972087,0.4800000000000004,0.46999999999999886,0.010000000000001563,14.117454844778251,8.140093133397432,0.512063897687835,0.3918602931908554
2025-06-02 05:06:30,1156.83,1159.53,1142.56560624402,1148.6187512326446,9.48,72.34,1145.5921787383322,2291.1843574766644,6.053144988624581,0.0052838567648106636,81.82000000000001,62.86,4.7547979186599605,3.637082922451782,4.195940420555871,1.1177149962081785,0.2663800287421805,-0.8982659728865201,-1.8990276408171667,-1.3986468068517297,0.4900000000000002,0.480000000000004,0.009999999999996234,14.00137087187682,7.861099430614881,0.594666628896104,0.5929150535926321
2025-06-02 05:06:31,1165.08,1165.71,1148.194204683015,1152.8915634244836,9.94,72.82,1150.5428840537493,2301.0857681074986,4.6973587414686335,0.00408273242352821,82.75999999999999,62.879999999999995,5.6285984389949135,4.272812191838966,4.9507053154170535,1.3557862471559474,0.27385713487666946,0.873800520334953,0.6357292693871841,0.7547648948611823,0.4599999999999991,0.47999999999998977,0.019999999999990692,13.902161311643162,7.813739753609075,1.0637901830129508,0.5133342418080472
2025-06-02 05:06:32,1167.14,1165.71,1152.9306535122612,1156.0961725683628,10.42,73.31,1154.5134130403121,2309.0268260806242,3.1655190561016298,0.002741864249999177,83.73,62.89,4.736448829246228,3.2046091438792246,3.97052898656284,1.5318396853670038,0.38580232123950486,-0.8921496097486852,-1.0682030479597415,-0.9801763288542134,0.4800000000000004,0.4900000000000091,0.010000000000008669,13.788527400594585,7.374883539368695,1.7489307111279275,0.6630997558583297
2025-06-02 05:06:33,1167.14,1180.14,1156.482990134196,1162.1071294262722,10.85,73.74,1159.2950597802342,2318.5901195604683,5.624139292076279,0.004851344133469433,84.58999999999999,62.88999999999999,3.552336621934728,6.0109568579093775,4.781646739922053,2.4586202359746494,0.5141784526383217,-1.1841122073115002,2.806347714030153,0.8111177533592127,0.4299999999999997,0.4299999999999926,7.105427357601002e-15,13.70487109676514,7.073866715059851,1.5068750828741655,0.6434285086083086
2025-06-02 05:06:34,1179.52,1188.39,1162.242242600647,1168.6778470697043,11.34,74.08,1165.4600448351757,2330.9200896703514,6.435604469057353,0.005521943452334789,85.42,62.739999999999995,5.7592524664510165,6.57071764343209,6.164985054941553,0.8114651769810735,0.1316248195453163,2.2069158445162884,0.5597607855227125,1.3833383150195004,0.4900000000000002,0.3400000000000034,0.1499999999999968,13.64387767725706,7.688258114719481,1.3063414952153654,0.8570777411913101
2025-06-02 05:06:35,1193.97,1149.22,1170.1741819504853,1163.8133853022782,11.57,74.36,1166.9937836263816,2333.9875672527633,6.360796648207042,0.0054505831410605835,85.93,62.79,7.931939349838331,-4.864461767426064,1.5337387912059057,12.796401117264395,8.34326734602302,2.172686883387314,-11.435179410858154,-4.6312462637356475,0.23000000000000043,0.28000000000000114,0.05000000000000071,13.580749098634149,7.012851596686221,1.3628790455689268,1.7242669564997766
2025-06-02 05:06:36,1136.2,1184.27,1161.680636462864,1168.9275389767085,11.87,74.63,1165.3040877197864,2330.6081754395727,7.246902513844589,0.00621889392133353,86.5,62.76,-8.493545487621304,5.114153674430327,-1.6896959065952615,13.607699162051631,8.053337322769407,-16.425484837459635,9.978615441856391,-3.223434697801167,0.29999999999999893,0.269999999999996,0.030000000000002913,13.471723401711712,5.260745000139973,1.5634776380391053,3.092939011222368
2025-06-02 05:06:37,1185.71,1186.33,1167.687977347148,1173.2781542325315,12.09,74.85,1170.4830657898397,2340.9661315796793,5.590176885383471,0.004775957076179716,86.94,62.75999999999999,6.007340884284076,4.350615255822959,5.17897807005329,1.6567256284611176,0.3198942505948514,14.50088637190538,-0.7635384186073679,6.868673976648552,0.22000000000000064,0.21999999999999886,1.7763568394002505e-15,13.463113093245072,4.0497943020399525,0.6833000977464712,3.236296698058941
2025-06-02 05:06:38,1150.64,1155.4,1163.425983010361,1168.8086156743987,12.34,75.1,1166.1172993423797,2332.2345986847595,5.382632664037601,0.00461585868116117,87.44,62.75999999999999,-4.261994336786984,-4.469538558132854,-4.365766447459919,0.20754422134587003,0.04753900060953154,-10.26933522107106,-8.820153813955812,-9.544744517513209,0.25,0.25,0.0,13.336199519741312,2.1258037414680158,0.7445286373816085,4.466195463122559
2025-06-02 05:06:39,1187.78,1194.58,1169.5144872577707,1175.251461755799,12.55,75.29,1172.3829745067849,2344.7659490135698,5.736974498028303,0.004893430404470336,87.84,62.74000000000001,6.0885042474096736,6.442846081400376,6.265675164405138,0.35434183399070207,0.056552848358760205,10.350498584196657,10.91238463953323,10.631441611865057,0.21000000000000085,0.19000000000001194,0.019999999999988916,13.346800559653737,3.0361471105022915,0.7554900413335018,4.493396590512246
2025-06-02 05:06:40,1163.02,1169.84,1167.890865443328,1173.8985963168493,12.77,75.45,1170.8947308800887,2341.7894617601773,6.007730873521268,0.005130888977418782,88.22,62.68000000000001,-1.6236218144426857,-1.3528654389497206,-1.4882436266962031,0.27075637549296516,0.18193002053299867,-7.712126061852359,-7.795711520350096,-7.753918791101341,0.21999999999999886,0.1599999999999966,0.060000000000002274,13.272440689272818,3.1303793739416883,0.7370298923955447,4.668160216927778
2025-06-02 05:06:41,1181.59,1173.96,1171.315649082496,1173.9139472376369,12.96,75.65,1172.6147981600666,2345.229596320133,2.59829815514081,0.002215815591788495,88.61000000000001,62.690000000000005,3.4247836391680266,0.015350920787568612,1.7200672799779113,3.409432718380458,1.982149637934281,5.048405453610712,1.3682163597372892,3.2083109066741144,0.19000000000000128,0.20000000000000284,0.010000000000001563,13.233436236616976,2.6163962988413334,1.3965666478571979,4.461631397298277
2025-06-02 05:06:42,1163.02,1192.52,1169.2417368118722,1178.5654604282277,13.13,75.81,1173.90359862005,2347.8071972401,9.323723616355437,0.007942495124278678,88.94,62.68,-2.0739122706238504,4.6515131905907765,1.2888004599833494,6.725425461214627,5.21835648859485,-5.498695909791877,4.636162269803208,-0.43126681999456196,0.16999999999999993,0.1599999999999966,0.01000000000000334,13.198826011032427,3.0263865982228095,2.392088803356862,3.962735801715989
2025-06-02 05:06:43,1158.89,1167.77,1166.6538026089042,1175.8665953211707,13.32,75.96,1171.2601989650375,2342.520397930075,9.212792712266491,0.007865709696736469,89.28,62.63999999999999,-2.587934202967972,-2.6988651070569176,-2.643399655012445,0.11093090408894568,0.04196522531633534,-0.5140219323441215,-7.350378297647694,-3.932200114995794,0.1899999999999995,0.14999999999999147,0.04000000000000803,13.118953694512587,1.193116186735244,2.799627939249713,3.4565470798877587
2025-06-02 05:06:44,1163.02,1171.9,1165.7453519566782,1174.874946490878,13.43,76.08,1170.3101492237781,2340.6202984475563,9.129594534199896,0.007801004317064327,89.50999999999999,62.65,-0.9084506522260654,-0.9916488302926609,-0.9500497412593631,0.08319817806659557,0.0875723521422763,1.6794835507419066,1.7072162767642567,1.6933499137530816,0.10999999999999943,0.12000000000000455,0.010000000000005116,13.074630054174374,1.450820566063186,2.9524237959037762,1.8618097702180965
2025-06-02 05:06:45,1173.33,1171.9,1167.6415139675087,1174.1312098681587,13.56,76.19,1170.8863619178337,2341.7727238356674,6.4896959006500765,0.005542549735123601,89.75,62.629999999999995,1.8961620108304942,-0.7437366227193252,0.5762126940555845,2.6398986335498194,4.5814576445924615,2.8046126630565595,0.24791220757333576,1.5262624353149477,0.13000000000000078,0.10999999999999943,0.02000000000000135,13.046087452609987,1.452125537054476,2.9090947262218267,1.7917729614250606
2025-06-02 05:06:46,1165.08,1171.9,1167.0011354756316,1173.573407401119,13.61,76.24,1170.2872714383752,2340.5745428767505,6.572271925487485,0.005615947537217675,89.85,62.629999999999995,-0.6403784918770725,-0.5578024670396644,-0.5990904794584822,0.08257602483740811,0.13783541857755754,-2.5365405027075667,0.18593415567966076,-1.1753031735140667,0.049999999999998934,0.04999999999999716,1.7763568394002505e-15,13.024899926694218,1.4960342641828563,1.4758472481030953,1.5131603695553302
2025-06-02 05:06:47,1171.27,1176.02,1168.0683516067238,1174.1850555508395,13.66,76.3,1171.1267035787816,2342.2534071575633,6.11670394411567,0.005222922438879626,89.96,62.64,1.0672161310922093,0.6116481497203949,0.8394321404064158,0.4555679813718143,0.5427090728765471,1.7075946229692818,1.1694506167600593,1.438522619864898,0.05000000000000071,0.060000000000002274,0.010000000000001563,13.018304697204059,0.45427871155995897,1.5316698613190411,1.3913575944611325
2025-06-02 05:06:48,1163.02,1167.77,1166.806263705043,1172.5812916631296,13.73,76.3,1169.6937776840864,2339.387555368173,5.775027958086639,0.00493721353684858,90.03,62.56999999999999,-1.262087901680843,-1.6037638877098743,-1.432925894695245,0.34167598602903126,0.2384462091499085,-2.3293040327730523,-2.2154120374302693,-2.272358035101661,0.07000000000000028,0.0,0.07000000000000028,12.992266629921357,0.5625081244793194,1.331468456595984,0.9824348317302941
2025-06-02 05:06:49,1167.14,1173.96,1166.8896977787822,1172.9259687473473,13.73,76.35,1169.9078332630647,2339.8156665261295,6.036270968565077,0.005159612400037801,90.08,62.61999999999999,0.08343407373922673,0.34467708421766474,0.21405557897833205,0.261243010478438,1.220439062070979,1.3455219754200698,1.948440971927539,1.646981473673577,0.0,0.04999999999999716,0.04999999999999716,12.987431397376037,0.6157127879598763,0.3304680956836963,0.9303630439036733
2025-06-02 05:06:50,1169.21,1171.9,1167.4697733340868,1172.6694765605105,13.86,76.35,1170.0696249472985,2340.139249894597,5.199703226423708,0.0044439263366177735,90.21,62.489999999999995,0.5800755553045747,-0.25649218683679464,0.16179168423377632,0.8365677421413693,5.170615384145564,0.49664148156534793,-0.6011692710544594,-0.05226389474455573,0.129999999999999,0.0,0.129999999999999,12.970508945535856,0.5530740767909209,0.5038638850208826,0.8739875320598665
2025-06-02 05:06:51,1167.14,1173.96,1167.387330000565,1172.9921074203828,13.86,76.4,1170.189718710474,2340.379437420948,5.604777419817765,0.004789631395159143,90.26,62.540000000000006,-0.08244333352172362,0.32263085987233353,0.12009376317541864,0.40507419339405715,3.3729546791509804,-0.6625188888262983,0.5791230467091282,-0.04169792105835768,0.0,0.05000000000001137,0.05000000000001137,12.964654395588516,0.5516962149671342,0.3677308867033296,0.8429766430666734
2025-06-02 05:06:52,1167.14,1171.9,1167.3254975004238,1172.7190805652872,13.91,76.4,1170.0222890328555,2340.044578065711,5.393583064863378,0.004609812232476289,90.31,62.49000000000001,-0.06183250014123587,-0.2730268550956225,-0.1674296776184292,0.21119435495438665,1.261383863211101,0.020610833380487747,-0.595657714967956,-0.28752344079384784,0.05000000000000071,0.0,0.05000000000000071,12.955622589715789,0.1876686101395455,0.3255064876964009,0.6935023198803106
2025-06-02 05:06:53,1169.21,1171.9,1167.7966231253179,1172.5143104239655,13.91,76.4,1170.1554667746418,2340.3109335492836,4.717687298647661,0.00403167564359596,90.31,62.49000000000001,0.4711256248940572,-0.20477014132166005,0.13317774178631225,0.6758957662157172,5.075102506225839,0.532958125035293,0.06825671377396247,0.30060741940474145,0.0,0.0,0.0,12.95709726295587,0.11203407114511872,0.48785877977053876,0.14962995732781842
2025-06-02 05:06:54,1169.21,1173.96,1168.1499673439885,1172.875732817974,13.98,76.46,1170.5128500809813,2341.0257001619625,4.725765473985575,0.004037346082634872,90.44,62.47999999999999,0.35334421867059973,0.36142239400851395,0.35738330633944315,0.008078175337914217,0.02260360960070132,-0.11778140622345745,0.566192535330174,0.2242055645531309,0.07000000000000028,0.05999999999998806,0.010000000000012221,12.942424116967683,0.19238108007615,0.39785081750257095,0.18767113959881532
2025-06-02 05:06:55,1163.02,1173.96,1166.8674755079915,1173.1467996134807,13.98,76.46,1170.007137560736,2340.014275121472,6.279324105489195,0.0053669109345893355,90.44,62.47999999999999,-1.282491835997007,0.27106679550661283,-0.5057125202451971,1.5535586315036198,3.072013243289147,-1.6358360546676067,-0.09035559850190111,-0.8630958265846402,0.0,0.0,0.0,12.93683242618204,0.2038432255930481,0.655701112482918,0.33274561075065456
2025-06-02 05:06:56,1210.48,1161.59,1177.7706066309936,1170.2575997101105,13.98,76.46,1174.014103170552,2348.028206341104,7.513006920883072,0.006399417940716356,90.44,62.47999999999999,10.90313112300214,-2.8891999033701268,4.006965609816007,13.792331026372267,3.4420878358668396,12.185622958999147,-3.1602666988767396,4.512678130061204,0.0,0.0,0.0,12.981137662421656,1.729194712904406,1.1860887245847003,1.8411835247462627
2025-06-02 05:06:57,1160.96,1169.84,1173.5679549732452,1170.153199782583,14.04,76.46,1171.860577377914,2343.721154755828,3.414755190662163,0.002913960289874122,90.5,62.419999999999995,-4.202651657748447,-0.10439992752753824,-2.1535257926379927,4.098251730220909,1.9030419051349243,-15.105782780750587,2.7847999758425885,-6.160491402453999,0.05999999999999872,0.0,0.05999999999999872,12.948735518554459,1.679371526860688,1.5870510626757173,2.259357774987162
2025-06-02 05:06:58,1163.02,1173.96,1170.9309662299338,1171.1048998369372,14.04,76.51,1171.0179330334354,2342.0358660668708,0.17393360700339144,0.00014853197542782055,90.55000000000001,62.470000000000006,-2.636988743311349,0.9517000543542053,-0.8426443444786855,3.5886887976655544,4.25883655701646,1.5656629144370982,1.0560999818817436,1.3108814481593072,0.0,0.05000000000001137,0.05000000000001137,12.932279625633965,1.5719967298684832,2.835350868912129,2.3258436426573548
2025-06-02 05:06:59,1167.14,1173.96,1169.9832246724504,1171.818674877703,14.04,76.51,1170.9009497750767,2341.8018995501534,1.8354502052525277,0.0015675537747557153,90.55000000000001,62.470000000000006,-0.9477415574833685,0.7137750407657677,-0.11698325835868673,1.6615165982491362,14.202907481404393,1.6892471858279805,-0.23792501358843765,0.7256610861199988,0.0,0.0,0.0,12.930987706726548,1.5208989599140434,3.0446807511407683,2.3260912595191057
2025-06-02 05:07:00,1169.21,1165.71,1169.789918504338,1170.2915061582771,14.11,76.51,1170.0407123313075,2340.081424662615,0.5015876539391684,0.00042869247900875334,90.62,62.400000000000006,-0.19330616811248547,-1.5271687194258448,-0.8602374437691651,1.3338625513133593,1.55057305445336,0.7544353893708831,-2.2409437601916125,-0.7432541854104784,0.07000000000000028,0.0,0.07000000000000028,12.91150628359966,1.5123783408699767,2.984821372414983,2.3535592364779183
2025-06-02 05:07:01,1160.96,1171.9,1167.5824388782535,1170.6936296187077,14.11,76.51,1169.1380342484806,2338.276068496961,3.1111907404542762,0.0026610978743780624,90.62,62.400000000000006,-2.207479626084478,0.4021234604306301,-0.9026780828269239,2.609603086515108,2.8909533145961497,-2.0141734579719923,1.9292921798564748,-0.042440639057758744,0.0,0.0,0.0,12.901545148388164,1.0373152045506226,1.4711905176321856,0.7350228683339705
2025-06-02 05:07:02,1171.27,1163.65,1168.50432915869,1168.932722214031,14.16,76.51,1168.7185256863604,2337.437051372721,0.42839305534084815,0.00036654938341352443,90.67,62.35000000000001,0.921890280436628,-1.7609074046768,-0.4195085621201997,2.682797685113428,6.3950811312966955,3.129369906521106,-2.16303086510743,0.48316952070672414,0.05000000000000071,0.0,0.05000000000000071,12.889803824821403,1.0280998534556474,1.244176953640489,0.3464319637785394
2025-06-02 05:07:03,1163.02,1176.02,1167.1332468690175,1170.7045416605233,14.16,76.56,1168.9188942647704,2337.837788529541,3.5712947915058066,0.003055211790974494,90.72,62.400000000000006,-1.3710822896725858,1.7718194464923727,0.2003685784100071,3.1429017361649585,15.685523526599344,-2.292972570109214,3.5327268511691727,0.6198771405302068,0.0,0.04999999999999716,0.04999999999999716,12.884908304451743,0.9117301388204735,1.4478447357857438,0.4752534886903223
2025-06-02 05:07:04,1163.02,1173.96,1166.1049351517631,1171.5184062453925,14.16,76.56,1168.811670698578,2337.623341397156,5.413471093629369,0.0046316025282004845,90.72,62.400000000000006,-1.0283117172543825,0.8138645848691795,-0.10722356619248785,1.842176302123562,17.180543298412754,0.3427705724182033,-0.9579548616231932,-0.30759214460249495,0.0,0.0,0.0,12.88372638684801,0.5349237210243247,2.1353820318013894,0.47682561357185604
2025-06-02 05:07:05,1171.27,1173.96,1167.3962013638225,1172.1288046840443,14.22,76.56,1169.7625030239333,2339.5250060478666,4.73260332022187,0.004045781347873534,90.78,62.34,1.2912662120593268,0.6103984386518277,0.9508323253553499,0.680867773407499,0.7160747896094638,2.3195779293137093,-0.2034661462173517,1.0580558915478377,0.0600000000000005,0.0,0.0600000000000005,12.885685064312053,0.41751953091829536,1.9209303092867451,0.6948132199498005
2025-06-02 05:07:06,1167.14,1173.96,1167.3321510228668,1172.5866035130332,14.22,76.56,1169.95937726795,2339.9187545359,5.254452490166386,0.0044911409641805395,90.78,62.34,-0.06405034095564588,0.4577988289888708,0.19687424401672615,0.5218491699445167,2.650659165152229,-1.3553165530149727,-0.15259960966295694,-0.7539580813386237,0.0,0.0,0.0,12.887853760520999,0.5807010571010986,2.0601259100682214,0.5088105251036031
2025-06-02 05:07:07,1169.21,1169.84,1167.80161326715,1171.899952634775,14.22,76.56,1169.8507829509626,2339.7015659019253,4.098339367624931,0.0035033009541469203,90.78,62.34,0.4694622442832497,-0.6866508782582059,-0.10859431698736444,1.1561131225414556,10.646067939338256,0.5335125852388956,-1.1444497072470767,-0.3054685610040906,0.0,0.0,0.0,12.886657524391993,0.5492543278235805,0.7772612501126309,0.43297732685786433
2025-06-02 05:07:08,1171.27,1163.65,1168.6687099503624,1169.837464476081,14.22,76.56,1169.2530872132218,2338.5061744264435,1.1687545257186684,0.0009995736060057663,90.78,62.34,0.8670966832123668,-2.0624881586938955,-0.597695737740878,2.9295848419062622,4.901456971271504,0.3976344389291171,-1.3758372804356895,-0.4891014207535136,0.0,0.0,0.0,12.880073522065965,0.48321067566546305,1.7352764382423187,0.5703144762500505
2025-06-02 05:07:09,1169.21,1167.77,1168.8040324627718,1169.3205983570608,14.22,76.56,1169.0623154099162,2338.1246308198324,0.5165658942889877,0.0004418634379348694,90.78,62.34,0.1353225124094024,-0.5168661190202783,-0.19077180330555166,0.6521886314296808,3.418666707880271,-0.7317741708029644,1.545622039673617,0.4069239344353264,0.0,0.0,0.0,12.877972048159773,0.3954107652142667,2.1617657192691984,0.5778632680326388
2025-06-02 05:07:10,1171.27,1171.9,1169.4205243470788,1169.9654487677958,14.29,76.56,1169.6929865574373,2339.3859731148746,0.5449244207170523,0.0004658696140899057,90.85,62.27,0.6164918843069245,0.644850410734989,0.6306711475210705,0.02835852642806458,0.04496556021941199,0.48116937189752207,1.1617165297552674,0.8214429508266221,0.06999999999999851,0.0,0.06999999999999851,12.874991454952625,0.3884452812341392,2.2080579023571043,0.4585209531695034
2025-06-02 05:07:11,1171.27,1178.08,1169.8828932603092,1171.9940865758467,14.29,76.62,1170.938489918078,2341.876979836156,2.111193315537548,0.0018029924986770742,90.91,62.330000000000005,0.46236891323042073,2.0286378080509166,1.2455033606406687,1.566268894820496,1.2575378652346354,-0.15412297107650375,1.3837873973159276,0.6148322131195982,0.0,0.060000000000002274,0.060000000000002274,12.880194445472265,0.732341126309029,1.494767870447866,0.7353093231570347
2025-06-02 05:07:12,1167.14,1176.02,1169.197169945232,1173.000564931885,14.29,76.62,1171.0988674385585,2342.197734877117,3.8033949866530747,0.003247714679909298,90.91,62.330000000000005,-0.6857233150772117,1.0064783560383148,0.16037752048055154,1.6922016711155266,10.551298677934449,-1.1480922283076325,-1.0221594520126018,-1.0851258401601171,0.0,0.0,0.0,12.881958580536795,0.9512153779753539,1.3770493222577664,0.7170838104735026
2025-06-02 05:07:13,1169.21,1171.9,1169.2003774589239,1172.7254236989138,14.29,76.62,1170.9629005789188,2341.9258011578377,3.5250462399899334,0.003010382511040088,90.91,62.330000000000005,0.003207513691904751,-0.2751412329712366,-0.13596685963966593,0.27834874666314136,2.0471657596199937,0.6889308287691165,-1.2816195890095514,-0.29634438012021747,0.0,0.0,0.0,12.880462960053414,0.9182268278600711,1.5698694156157897,0.6010270762435888
2025-06-02 05:07:14,1171.27,1173.96,1169.7177830941928,1173.0340677741854,14.29,76.62,1171.375925434189,2342.751850868378,3.3162846799925774,0.0028311019589481847,90.91,62.330000000000005,0.5174056352689149,0.3086440752715589,0.4130248552701232,0.20876155999735602,0.5054442895852701,0.5141981215770102,0.5837853082427955,0.5489917149097892,0.0,0.0,0.0,12.885006187979132,0.6502402969013311,1.3473214180992774,0.5227963073383175
2025-06-02 05:07:15,1158.89,1167.77,1167.0108373206447,1171.7180508306392,14.29,76.62,1169.364444075642,2338.728888151284,4.707213509994517,0.004025446070142849,90.91,62.330000000000005,-2.7069457735481137,-1.316016943546174,-2.0114813585469165,1.3909288300019398,0.6914944215601965,-3.2243514088170286,-1.6246610188177328,-2.4245062138170397,0.0,0.0,0.0,12.862880114539237,0.7927947237699823,0.9370570656740307,1.2031775961746838
2025-06-02 05:07:16,1167.14,1171.9,1167.0431279904835,1171.7635381229793,14.29,76.62,1169.4033330567313,2338.8066661134626,4.720410132495772,0.0040365971218162865,90.91,62.330000000000005,0.032290669838857866,0.04548729234011262,0.03888898108925787,0.013196622501254751,0.33933219126454917,2.7392364433869716,1.3615042358862866,2.0503703396361743,0.0,0.0,0.0,12.863307889048768,0.9765987723509354,0.6613992857039918,0.9735278318967849
2025-06-02 05:07:17,1171.27,1163.65,1168.0998459928628,1169.7351535922344,14.34,76.62,1168.9174997925486,2337.834999585097,1.635307599371572,0.0013989931695460131,90.96000000000001,62.28,1.0567180023792844,-2.0283845307449155,-0.4858332641827019,3.0851025331242,6.350113115867066,1.0244273325404265,-2.073871823085028,-0.5247222452719598,0.05000000000000071,0.0,0.05000000000000071,12.850895854679559,1.089952018362224,1.2674320645533723,0.9382173423303539
2025-06-02 05:07:18,1171.27,1171.9,1168.892384494647,1170.276365194176,14.34,76.62,1169.5843748444115,2339.168749688823,1.38398069952882,0.0011833098390439931,90.96000000000001,62.28,0.7925385017842927,0.5412116019415407,0.6668750518629167,0.251326899842752,0.3768719826430577,-0.2641795005949916,2.5695961326864563,1.1527083160456186,0.0,0.0,0.0,12.858227374518295,0.9527292798067866,1.6071585875984684,1.062879202325762
2025-06-02 05:07:19,1165.08,1169.84,1167.9392883709852,1170.167273895632,14.34,76.62,1169.0532811333087,2338.1065622666174,2.2279855246467832,0.0019058032330067252,90.96000000000001,62.28,-0.9530961236619078,-0.1090912985439445,-0.5310937111028124,0.8440048251179633,1.589179495622158,-1.7456346254462005,-0.6503029004854852,-1.1979687629657292,0.0,0.0,0.0,12.852388613466578,0.27230767026270725,1.6525102676824246,0.9913943620358812
2025-06-02 05:07:20,1171.27,1171.9,1168.7719662782388,1170.6004554217238,14.34,76.62,1169.6862108499813,2339.3724216999626,1.8284891434850579,0.0015632304843476873,90.96000000000001,62.28,0.8326779072535828,0.43318152609185745,0.6329297166726064,0.39949638116172537,0.6311850106784614,1.7857740309154906,0.542272824635802,1.164023427775419,0.0,0.0,0.0,12.859346943608557,0.3330520240830336,1.355475693925221,0.5797030345444579
2025-06-02 05:07:21,1171.27,1171.9,1169.396474708679,1170.925341566293,14.34,76.62,1170.1609081374859,2340.3218162749718,1.5288668576138207,0.001306544121988089,90.96000000000001,62.28,0.6245084304403008,0.3248861445690636,0.4746972875045685,0.2996222858712372,0.6311846782644094,-0.20816947681328202,-0.10829538152279383,-0.15823242916803792,0.0,0.0,0.0,12.864565691215041,0.5038718475895774,0.3265074852118812,0.6070359062221782
2025-06-02 05:07:22,1167.14,1171.9,1168.8323560315093,1171.1690061747197,14.34,76.62,1170.0006811031144,2340.001362206229,2.3366501432103632,0.001997135710220406,90.96000000000001,62.28,-0.5641186771697448,0.2436646084267977,-0.16022703437147356,0.8077832855965426,5.041460370934672,-1.1886271076100456,-0.0812215361422659,-0.6349243218760421,0.0,0.0,0.0,12.862804180302442,0.4285463051389085,0.4182816150744317,0.5347281454190607
2025-06-02 05:07:23,1163.02,1202.83,1167.379267023632,1179.0842546310398,14.34,76.65,1173.231760827336,2346.463521654672,11.704987607407702,0.009976705360564827,90.99000000000001,62.31,-1.4530890078772245,7.915248456320114,3.2310797242216722,9.368337464197339,2.8994439519780353,-0.8889703307074797,7.6715838478933165,3.391306758593146,0.0,0.030000000000001137,0.030000000000001137,12.894073501849242,1.624431218831074,4.360840847605386,1.4758778791042773
2025-06-02 05:07:24,1158.89,1176.02,1165.256950267724,1178.3181909732798,14.34,76.67,1171.7875706205018,2343.5751412410036,13.061240705555747,0.011146423653813759,91.01,62.33,-2.1223167559080593,-0.7660636577600144,-1.4441902068342642,1.356253098148045,0.9391090956169276,-0.6692277480308348,-8.681312114080129,-4.6752699310559365,0.0,0.01999999999999602,0.01999999999999602,12.875371472861557,1.502185774981351,5.770145304226807,1.708940020991986
2025-06-02 05:07:25,1171.27,1176.02,1166.760212700793,1177.7436432299598,14.4,76.67,1172.2519279653766,2344.503855930753,10.983430529166753,0.009369513717806949,91.07000000000001,62.27,1.5032624330690396,-0.574547743319954,0.4643573448747702,2.0778101763889936,4.47458347485786,3.625579188977099,0.19151591444006044,1.9085475517090345,0.0600000000000005,0.0,0.0600000000000005,12.871987647890512,1.3862999676435754,5.526378248761048,1.708480219053819
2025-06-02 05:07:26,1171.27,1176.02,1167.8876595255947,1177.3127324224697,14.4,76.67,1172.6001959740322,2345.2003919480644,9.425072896875008,0.00803775482998979,91.07000000000001,62.27,1.1274468248016092,-0.430910807490136,0.3482680086556229,1.5583576322917452,4.474580262847011,-0.37581560826743043,0.14363693582981796,-0.1160893362191473,0.0,0.0,0.0,12.875811827146375,1.2227090947010608,4.214977496342933,1.7101262789647564
2025-06-02 05:07:27,1171.27,1171.9,1168.733244644196,1175.9595493168522,14.4,76.67,1172.346396980524,2344.692793961048,7.22630467265617,0.00616396713898226,91.07000000000001,62.27,0.8455851186013206,-1.3531831056175179,-0.25379899350809865,2.1987682242188384,8.663389599923992,-0.2818617062002886,-0.9222722981273819,-0.6020670021637216,0.0,0.0,0.0,12.873024970983849,0.5296888067786923,2.2425568430526246,1.719477916475216
2025-06-02 05:07:28,1167.14,1176.02,1168.334933483147,1175.9746619876391,14.4,76.67,1172.154797735393,2344.309595470786,7.639728504492041,0.006517678819157966,91.07000000000001,62.27,-0.39831116104892317,0.015112670786948001,-0.19159924513110127,0.41342383183587117,2.1577416644377907,-1.2438962796502437,1.3682957764044659,0.06219974837699738,0.0,0.0,0.0,12.870921103156602,0.2968403141145804,2.417602702326726,0.7569276720181215
2025-06-02 05:07:29,1169.21,1176.02,1168.5537001123603,1175.9859964907293,14.4,76.67,1172.2698483015447,2344.5396966030894,7.432296378369074,0.006340090025174104,91.07000000000001,62.27,0.21876662921317802,0.011334503090211001,0.11505056615169451,0.20743212612296702,1.8029491736728689,0.6170777902621012,-0.0037781676967370004,0.3066498112827958,0.0,0.0,0.0,12.872184423293733,0.16847850521043428,1.6214953698528933,0.31810408276145086
2025-06-02 05:07:30,1171.27,1173.96,1169.23277508427,1175.479497368047,14.4,76.67,1172.3561362261585,2344.712272452317,6.24672228377699,0.005328348686395743,91.07000000000001,62.27,0.679074971909813,-0.5064991226822713,0.08628792461377088,1.1855740945920843,13.739585930624497,0.460308342696635,-0.5178336257724823,-0.028762641537923628,0.0,0.0,0.0,12.873131913396579,0.16361120390941003,1.1544938508201834,0.24542064505477404
2025-06-02 05:07:31,1171.27,1163.65,1169.7420813132026,1172.5221230260354,14.4,76.67,1171.132102169619,2342.264204339238,2.7800417128328263,0.002373807109640972,91.07000000000001,62.27,0.5093062289324735,-2.95737434201169,-1.2240340565394945,3.4666805709441633,2.8321742522186564,-0.16976874297733957,-2.4508752193294185,-1.3103219811532654,0.0,0.0,0.0,12.859691328757304,0.5204338572708803,2.0200144990913613,0.545207741692036
2025-06-02 05:07:32,1171.27,1171.9,1170.124060984902,1172.3665922695266,14.4,76.67,1171.2453266272141,2342.4906532544283,2.242531284624647,0.001914655479708691,91.07000000000001,62.27,0.3819796716993551,-0.1555307565088242,0.11322445759515176,0.5375104282081793,4.747257724760965,-0.12732655723311836,2.8018435855028656,1.3372585141346462,0.0,0.0,0.0,12.860934597192044,0.5925939328443349,2.57927166362186,0.5757604697744065
2025-06-02 05:07:33,1167.14,1173.96,1169.3780457386765,1172.764944202145,14.4,76.67,1171.0714949704106,2342.1429899408213,3.3868984634684693,0.0028921363683793782,91.07000000000001,62.27,-0.7460152462253973,0.39835193261842505,-0.1738316568034861,1.1443671788438223,6.583154166121407,-1.1279949179247524,0.5538826891272493,-0.2870561143986379,0.0,0.0,0.0,12.85902582751054,0.6409671671422305,2.2863152261125066,0.5760359921167174
2025-06-02 05:07:34,1167.14,1171.9,1168.8185343040075,1172.548708151609,14.4,76.67,1170.683621227808,2341.367242455616,3.7301738476014634,0.0031863210322383697,91.07000000000001,62.27,-0.559511434669048,-0.21623605053605388,-0.3878737426025509,0.3432753841329941,0.8850160797521764,0.18650381155634932,-0.6145879831544789,-0.2140420857990648,0.0,0.0,0.0,12.854766754947198,0.6282344914051174,1.545371578744833,0.5468009177289607
2025-06-02 05:07:35,1167.14,1171.9,1168.3989007280056,1172.3865311137067,14.4,76.67,1170.392715920856,2340.785431841712,3.9876303857010953,0.0034070874912755845,91.07000000000001,62.27,-0.4196335760018428,-0.16217703790221094,-0.2909053069520269,0.25745653809963187,0.8850153191834677,0.13987785866720515,0.05405901263384294,0.09696843565052404,0.0,0.0,0.0,12.85157245052469,0.3558657435500407,0.7117317704440241,0.5013393743343618
2025-06-02 05:07:36,1169.21,1165.71,1168.6016755460041,1170.71739833528,14.45,76.67,1169.659536940642,2339.319073881284,2.1157227892758783,0.0018088364354305355,91.12,62.22,0.2027748179984883,-1.6691327784267287,-0.7331789802140065,1.871907596425217,2.553135174093037,0.6224083940003311,-1.5069557405245178,-0.44227367326197964,0.049999999999998934,0.0,0.049999999999998934,12.836474145129147,0.6270224402021005,0.8618435608345097,0.3090189746712115
2025-06-02 05:07:37,1169.21,1171.9,1168.753756659503,1171.01304875146,14.45,76.67,1169.8834027054816,2339.766805410963,2.2592920919569224,0.0019312113367886527,91.12,62.22,0.1520811134989799,0.29565041618002397,0.22386576483950194,0.14356930268104406,0.6413158415183872,-0.050693704499508385,1.9647831946067527,0.9570447450535084,0.0,0.0,0.0,12.838930968684707,0.5760714889904954,0.8577334444694558,0.347127255735462
2025-06-02 05:07:38,1171.27,1167.77,1169.3828174946275,1170.202286563595,14.45,76.67,1169.7925520291112,2339.5851040582224,0.8194690689674644,0.0007005251203262457,91.12,62.22,0.6290608351243918,-0.8107621878650662,-0.09085067637033717,1.439823022989458,15.848062253912977,0.4769797216254119,-1.1064126040450901,-0.3147164412098391,0.0,0.0,0.0,12.837933924398346,0.4359437656053253,1.2963573034065494,0.3549133948885262
2025-06-02 05:07:39,1165.08,1173.96,1168.3071131209706,1171.1417149226963,14.45,76.72,1169.7244140218336,2339.448828043667,2.8346018017257393,0.002423307375073324,91.17,62.269999999999996,-1.0757043736568903,0.9394283591013846,-0.06813800727763919,2.015132732758275,29.573849301141347,-1.7047652087812821,1.7501905469664507,0.02271266909269798,0.0,0.04999999999999716,0.04999999999999716,12.830145894391661,0.2927428448050401,1.1519639050012334,0.35396826691869254
2025-06-02 05:07:40,1171.27,1178.08,1169.0478348407278,1172.8762861920222,14.45,76.72,1170.962060516375,2341.92412103275,3.8284513512944613,0.0032694922210687893,91.17,62.269999999999996,0.7407217197571754,1.7345712693258974,1.2376464945414227,0.9938495495687221,0.8030150377648254,1.8164260934140657,0.7951429102245129,1.305784501819062,0.0,0.0,0.0,12.843721045000043,0.5417463085104738,1.0981783923361454,0.7189405613277199
2025-06-02 05:07:41,1163.02,1176.02,1167.5408761305457,1173.6622146440168,14.45,76.72,1170.6015453872812,2341.2030907745625,6.121338513471073,0.005229224694229041,91.17,62.269999999999996,-1.5069587101820616,0.7859284519945504,-0.3605151290937556,2.292887162176612,6.360012707171626,-2.247680429939237,-0.948642817331347,-1.5981616236351783,0.0,0.0,0.0,12.839766727514693,0.5554604133424741,1.9755251900874153,0.6219478545561743
2025-06-02 05:07:42,1171.27,1167.77,1168.4731570979093,1172.1891609830127,14.45,76.72,1170.331159040461,2340.662318080922,3.7160038851034187,0.0031751729869133345,91.17,62.269999999999996,0.9322809673635675,-1.4730536610040872,-0.27038634682025986,2.4053346283676547,8.895884576901457,2.439239677545629,-2.2589821129986376,0.09012878227349574,0.0,0.0,0.0,12.83680098940068,0.5285520345068847,1.9136003144774756,0.653385082978028
2025-06-02 05:07:43,1167.14,1165.71,1168.139867823432,1170.5693707372595,14.45,76.72,1169.3546192803458,2338.7092385606916,2.4295029138274913,0.0020776442592282504,91.17,62.269999999999996,-0.333289274477238,-1.6197902457531654,-0.9765397601152017,1.2865009712759274,1.3174063222145074,-1.2655702418408055,-0.14673658474907825,-0.7061534132949419,0.0,0.0,0.0,12.826089793290073,0.6518993214036543,1.432284051808202,0.8146723962637251
2025-06-02 05:07:44,1163.02,1171.9,1166.8599008675742,1170.9020280529448,14.45,76.72,1168.8809644602595,2337.761928920519,4.042127185370646,0.0034581170408391534,91.17,62.269999999999996,-1.2799669558578444,0.3326573156853101,-0.47365482008626714,1.6126242715431545,3.4046330756570176,-0.9466776813806064,1.9524475614384755,0.5028849400289346,0.0,0.0,0.0,12.820894500815674,0.8749917510756879,1.3299077557734469,0.8322478806515312
2025-06-02 05:07:45,1171.27,1169.84,1167.9624256506806,1170.6365210397087,14.45,76.72,1169.2994733451947,2338.5989466903893,2.6740953890280252,0.0022869208852809185,91.17,62.269999999999996,1.1025247831064462,-0.2655070132361743,0.41850888493513594,1.3680317963426205,3.2688159720639556,2.3824917389642906,-0.5981643289214844,0.8921637050214031,0.0,0.0,0.0,12.82548492398497,0.7350963567401212,1.4663014298121677,0.5008415899623455
2025-06-02 05:07:46,1171.27,1169.84,1168.7893192380106,1170.4373907797815,14.45,76.72,1169.6133550088962,2339.2267100177924,1.6480715417708325,0.0014090738048636792,91.17,62.269999999999996,0.8268935873300052,-0.19913025992718758,0.3138816637015225,1.0260238472571928,3.268813368529522,-0.275631195776441,0.06637675330898674,-0.10462722123361345,0.0,0.0,0.0,12.828927741361944,0.5357571124785044,0.9759639981032041,0.5765099541670373
2025-06-02 05:07:47,1163.02,1173.96,1167.346989428508,1171.318043084836,14.45,76.72,1169.332516256672,2338.665032513344,3.9710536563279675,0.003396000365785012,91.17,62.269999999999996,-1.442329809502553,0.880652305054582,-0.28083875222409915,2.322982114557135,8.271557342435932,-2.269223396832558,1.0797825649817696,-0.5947204159256216,0.0,0.0,0.0,12.825847355827847,0.26351008079272453,1.0340825077069513,0.5768585398697271
2025-06-02 05:07:48,1167.14,1173.96,1167.2952420713812,1171.978532313627,14.45,76.72,1169.6368871925042,2339.2737743850084,4.683290242245903,0.004004054839175955,91.17,62.269999999999996,-0.051747357126942006,0.6604892287909934,0.30437093583213937,0.7122365859179354,2.3400205540327237,1.390582452375611,-0.22016307626358866,0.5852096880562385,0.0,0.0,0.0,12.829185854593819,0.30597314274918364,1.2228434894051023,0.40422682699565055
2025-06-02 05:07:49,1163.02,1163.65,1166.2264315535358,1169.8963992352203,14.45,76.72,1168.061415394378,2336.122830788756,3.6699676816845113,0.003141930407232459,91.17,62.269999999999996,-1.0688105178453498,-2.0821330784067413,-1.575471798126273,1.0133225605613916,0.6431863258867734,-1.0170631607184077,-2.7426223071977347,-1.8798427339584123,0.0,0.0,0.0,12.811905260310109,0.6490238948878573,1.1850120264973831,0.8356079686853083
2025-06-02 05:07:50,1167.14,1173.96,1166.454823665152,1170.9122994264153,14.45,76.72,1168.6835615457835,2337.367123091567,4.4574757612633675,0.003814099816338218,91.17,62.269999999999996,0.22839211161613093,1.0159001911949872,0.6221461514055591,0.7875080795788563,1.2657907020866568,1.2972026294614807,3.0980332696017285,2.197617949531832,0.0,0.0,0.0,12.818729282955514,0.6804390097281021,1.2066925557702697,0.8751202091152023
2025-06-02 05:07:51,1169.21,1165.71,1167.143617748864,1169.6117245698115,14.45,76.72,1168.3776711593378,2336.7553423186755,2.468106820947469,0.002112422104392012,91.17,62.269999999999996,0.6887940837120823,-1.3005748566038164,-0.3058903864457534,1.9893689403158987,6.503514085280373,0.46040197209595135,-2.3164750477988036,-0.9280365378513125,0.0,0.0,0.0,12.815374118064755,0.6556839602693113,0.8689208548222961,0.8409630350137437
2025-06-02 05:07:52,1163.02,1171.9,1166.112713311648,1170.1837934273585,14.45,76.72,1168.1482533695032,2336.2965067390064,4.071080115710629,0.003485071437193522,91.17,62.269999999999996,-1.0309044372161225,0.5720688575470376,-0.22941778983454242,1.60297329476316,6.987105528362475,-1.7196985209282047,1.872643714150854,0.07647259661121097,0.0,0.0,0.0,12.812857744396682,0.6371804112054853,0.8735444198406216,0.8407622465071031
2025-06-02 05:07:53,1181.59,1169.84,1169.982034983736,1170.0978450705188,14.5,76.72,1170.0399400271274,2340.0798800542548,0.11581008678285798,9.89796012272823e-05,91.22,62.22,3.8693216720880628,-0.08594835683970814,1.8916866576241773,3.955270028927771,2.09086844383988,4.900226109304185,-0.6580172143867458,2.1211044474587197,0.05000000000000071,0.0,0.05000000000000071,12.826572321865326,0.8069485480015121,1.7544443766297937,1.280758248494445
2025-06-02 05:07:54,1173.33,1163.65,1170.819026237802,1168.485883802889,14.5,76.72,1169.6524550203455,2339.304910040691,2.333142434913043,0.0019947313605029175,91.22,62.22,0.8369912540661062,-1.6119612676297947,-0.3874850067818443,2.448952521695901,6.320105704035574,-3.0323304180219566,-1.5260129107900866,-2.2791716644060216,0.0,0.0,0.0,12.822324514339192,0.8243400626489058,1.720057166302886,0.9689696728168872
2025-06-02 05:07:55,1177.46,1171.9,1172.4792696783516,1169.3394128521668,14.5,76.72,1170.9093412652592,2341.8186825305183,3.1398568261847686,0.0026815541672170393,91.22,62.22,1.6602434405494932,0.8535290492777676,1.2568862449136304,0.8067143912717256,0.6418351324164807,0.823252186483387,2.4654903169075624,1.6443712516954747,0.0,0.0,0.0,12.83610313998198,1.1575981879475281,1.463151760697807,1.056381613416026
2025-06-02 05:07:56,1169.21,1163.65,1171.6619522587637,1167.917059639125,14.5,76.72,1169.7895059489442,2339.5790118978884,3.7448926196386765,0.0032013388711325847,91.22,62.22,-0.8173174195878801,-1.422353213041788,-1.1198353163149477,0.6050357934539079,0.540289491097148,-2.4775608601373733,-2.2758822623195556,-2.376721561228578,0.0,0.0,0.0,12.823826936254301,0.9994927442436927,1.5792358902432595,1.246634894134732
2025-06-02 05:07:57,1173.33,1163.65,1172.0789641940728,1166.8502947293437,14.5,76.72,1169.4646294617082,2338.9292589234165,5.228669464729137,0.004470994101518779,91.22,62.22,0.4170119353091195,-1.066764909781341,-0.32487648723599705,1.4837768450904605,4.567188873917316,1.2343293548969996,0.355588303260447,0.7949588290789507,0.0,0.0,0.0,12.820265475130922,0.5648139125288231,1.88854039171852,1.2571190017423104
2025-06-02 05:07:58,1173.33,1167.77,1172.3917231455546,1167.0802210470079,14.5,76.72,1169.7359720962813,2339.4719441925627,5.311502098546725,0.0045407700718028046,91.22,62.22,0.3127589514817828,0.22992631766419436,0.27134263457310226,0.08283263381758843,0.3052683876218686,-0.10425298382733672,1.2966912274455353,0.5962191218090993,0.0,0.0,0.0,12.823240070960768,0.5718765384929729,1.3039651017094602,0.886655380559338
2025-06-02 05:07:59,1173.33,1173.96,1172.626292359166,1168.800165785256,14.5,76.78,1170.713229072211,2341.426458144422,3.82612657390996,0.003268201362748723,91.28,62.28,0.23456921361139393,1.7199447382481594,0.9772569759297767,1.4853755246367655,1.519942084098683,-0.07818973787038885,1.490018420583965,0.7059143413566744,0.0,0.060000000000002274,0.060000000000002274,12.825517268259135,0.644430467875408,0.9684782419279252,0.9673350770023142
2025-06-02 05:08:00,1173.33,1165.71,1172.8022192693745,1168.0276243389421,14.5,76.78,1170.4149218041584,2340.829843608317,4.774594930432386,0.004079403669079245,91.28,62.28,0.17592691020854545,-0.7725414463138804,-0.2983072680526675,0.9484683565224259,3.179490674911398,-0.058642303402848484,-2.49248618456204,-1.2755642439824442,0.0,0.0,0.0,12.822249221975342,0.5193021513836823,0.7515689674901911,0.7791551506977737
2025-06-02 05:08:01,1173.33,1176.02,1172.934164452031,1170.0257182542066,14.5,76.78,1171.4799413531186,2342.9598827062373,2.9084461978243326,0.0024827110500775787,91.28,62.28,0.1319451826564091,1.9980939152644623,1.0650195489602083,1.8661487326080533,1.7522185223843763,-0.04398172755213636,2.770635361578343,1.3633268170128758,0.0,0.0,0.0,12.833916833032447,0.802050485715193,1.026088093280115,0.6681957514460951
2025-06-02 05:08:02,1173.33,1173.96,1173.0331233390232,1171.009288690655,14.5,76.78,1172.0212060148392,2344.0424120296784,2.0238346483681653,0.0017267901265395284,91.28,62.28,0.09895888699224997,0.9835704364484172,0.541264661720561,0.8846115494561673,1.6343389429955475,-0.032986295664159115,-1.014523478816045,-0.5237548872396474,0.0,0.0,0.0,12.839846550996853,0.8965140380598872,1.339771644297628,0.5562514242239227
2025-06-02 05:08:03,1169.21,1176.02,1172.0773425042673,1172.2619665179914,14.5,76.78,1172.1696545111295,2344.339309022259,0.18462401372403292,0.000157506221779412,91.28,62.28,-0.9557808347558421,1.2526778273363561,0.14844849629025703,2.208458662092198,14.876834999655992,-1.054739721748092,0.2691073908879389,-0.39281616543030395,0.0,0.0,0.0,12.841472849141725,0.7775932356660236,1.759999907062667,0.5719981279807529
2025-06-02 05:08:04,1171.27,1176.02,1171.8755068782007,1173.2014748884935,14.5,76.78,1172.538490883347,2345.076981766694,1.3259680102928542,0.0011308524363776462,91.28,62.28,-0.20183562606666783,0.9395083705021534,0.3688363722176291,1.1413439965688212,3.094436959320331,0.7539452086891743,-0.3131694568342027,0.22038787592737208,0.0,0.0,0.0,12.845513563078807,0.8251638552535324,1.7304394772988723,0.5019916307945577
2025-06-02 05:08:05,1171.27,1165.71,1171.7241301586505,1171.3286061663703,14.5,76.78,1171.5263681625104,2343.0527363250208,0.39552399228023205,0.00033761424641511094,91.28,62.28,-0.1513767195501714,-1.8728687221232576,-1.0121227208367145,1.7214920025730862,1.7008711159836694,0.05045890651649643,-2.812377092625411,-1.3809590930543436,0.0,0.0,0.0,12.834425452761666,0.4472185889070052,1.1347850081669488,0.7685442569806104
2025-06-02 05:08:06,1171.27,1169.84,1171.6105976189879,1170.9564546247777,14.5,76.78,1171.283526121883,2342.567052243766,0.6541429942101331,0.0005584839016881891,91.28,62.28,-0.11353253966262855,-0.3721515415925296,-0.2428420406274654,0.25861900192990106,1.0649636129644615,0.03784417988754285,1.500717180530728,0.7692806802092491,0.0,0.0,0.0,12.831765044808478,0.5035890710814375,0.7532833506374836,0.6177972016905511
2025-06-02 05:08:07,1167.14,1167.77,1170.4929482142409,1170.1598409685835,14.5,76.78,1170.3263945914123,2340.6527891828246,0.333107245657402,0.0002846276448281504,91.28,62.28,-1.1176494047469987,-0.7966136561942676,-0.9571315304706332,0.3210357485527311,0.33541410236560876,-1.0041168650843701,-0.424462114601738,-0.7142894898431678,0.0,0.0,0.0,12.821279379602684,0.8555815802369067,0.45090638018620005,0.6290996540050078
2025-06-02 05:08:08,1171.27,1171.9,1170.6872111606808,1170.5948807264376,14.5,76.78,1170.6410459435592,2341.2820918871184,0.09233043424319476,7.887168699941062e-05,91.28,62.28,0.1942629464399488,0.43503975785415605,0.31465135214693873,0.24077681141420726,0.7652153552049962,1.3119123511869475,1.2316534140484237,1.2717828826175719,0.0,0.0,0.0,12.824726480267667,0.8603367812371051,0.4724450147540937,0.6646770527218068
2025-06-02 05:08:09,1169.21,1171.9,1170.3179083705106,1170.9211605448281,14.5,76.78,1170.6195344576695,2341.239068915339,0.6032521743175039,0.0005153272741870434,91.28,62.28,-0.3693027901701953,0.32627981839050335,-0.021511485889732285,0.6955826085606986,32.333901908225954,-0.5635657366101441,-0.1087599394636527,-0.336162838036671,0.0,0.0,0.0,12.82449081543798,0.503001854255917,0.22573623208947544,0.5836212149275996
2025-06-02 05:08:10,1171.27,1171.9,1170.5559312778828,1171.1658704086212,14.5,76.78,1170.860900843252,2341.721801686504,0.6099391307384394,0.0005209321874000832,91.28,62.28,0.23802290737216936,0.2447098637931049,0.24136638558252344,0.00668695642093553,0.027704473845117993,0.6073256975423647,-0.08156995459739846,0.2628778714722557,0.0,0.0,0.0,12.827135057144138,0.35539194197808704,0.24081458760944935,0.5109377707312351
2025-06-02 05:08:11,1171.27,1163.65,1170.734448458412,1169.286902806466,14.5,76.78,1170.010675632439,2340.021351264878,1.4475456519460295,0.001237207216016524,91.28,62.28,0.17851718052929755,-1.8789676021551713,-0.8502252108130506,2.057484782684469,2.419926316688057,-0.05950572684287181,-2.123677465948276,-1.091591596395574,0.0,0.0,0.0,12.817820582982234,0.32926639779718664,0.5113506409045288,0.6067701277151513
2025-06-02 05:08:12,1169.21,1173.96,1170.3533363438091,1170.4551771048496,14.5,76.78,1170.4042567243293,2340.8085134486587,0.10184076104042106,8.701332071231073e-05,91.28,62.28,-0.38111211460295635,1.1682742983834942,0.3935810918903826,1.5493864129864505,3.936628329669973,-0.5596292951322539,3.0472419005386655,1.2438063027034332,0.0,0.0,0.0,12.822132382802334,0.3212365895656218,0.552296044166652,0.5085033018991802
2025-06-02 05:08:13,1171.27,1167.77,1170.582502257857,1169.7838828286372,14.5,76.78,1170.183192543247,2340.366385086494,0.7986194292197979,0.0006824738499291075,91.28,62.28,0.22916591404782594,-0.671294276212393,-0.22106418108228354,0.900460190260219,4.073279138088486,0.6102780286507823,-1.8395685745958872,-0.6146452729726661,0.0,0.0,0.0,12.81971055788274,0.3383739357524703,0.48555814598047486,0.48565751462119816
2025-06-02 05:08:14,1171.27,1169.84,1170.7543766933927,1169.7979121214778,14.5,76.78,1170.2761444074354,2340.5522888148707,0.9564645719149212,0.0008172981869863928,91.28,62.28,0.17187443553575577,0.014029292840632479,0.09295186418830781,0.15784514269512329,1.6981202685196872,-0.05729147851207017,0.6853235690530255,0.31401604527059135,0.0,0.0,0.0,12.820728873649282,0.321068482768774,0.4913966705670781,0.49243598390516147
2025-06-02 05:08:15,1169.21,1167.77,1170.3682825200444,1169.2909340911083,14.5,76.78,1169.8296083055764,2339.6592166111527,1.0773484289361477,0.0009209447430345633,91.28,62.28,-0.3860941733482832,-0.5069780303695097,-0.44653610185901016,0.1208838570212265,0.2707140269374401,-0.557968608884039,-0.5210073232101422,-0.539487966047318,0.0,0.0,0.0,12.815836935689521,0.22544251023195896,0.49471956394658784,0.480098957721142
2025-06-02 05:08:16,1171.27,1171.9,1170.5937118900333,1169.9432005683311,14.5,76.78,1170.2684562291822,2340.5369124583644,0.6505113217021972,0.0005558650390718022,91.28,62.28,0.22542936998888763,0.6522664772228381,0.4388479236058629,0.4268371072339505,0.9726288120448933,0.6115235433371708,1.1592445075923479,0.885384025464873,0.0,0.0,0.0,12.820644647332795,0.21759108200831265,0.379703050756074,0.3844175204814497
2025-06-02 05:08:17,1163.02,1171.9,1168.700283917525,1170.4324004262485,14.5,76.78,1169.5663421718868,2339.1326843437737,1.732116508723493,0.0014809903848856997,91.28,62.28,-1.8934279725083343,0.489199857917356,-0.7021140572953755,2.3826278304256903,3.393500546197991,-2.118857342497222,-0.16306661930548216,-1.1409619809012383,0.0,0.0,0.0,12.81295277562373,0.31460846004751736,0.4175281375956519,0.44778214612215494
2025-06-02 05:08:18,1169.21,1171.9,1168.8277129381438,1170.7993003196864,14.5,76.78,1169.813506628915,2339.62701325783,1.9715873815425766,0.0016853860625517737,91.28,62.28,0.12742902061881978,0.3668998934379033,0.24716445702824785,0.23947087281908352,0.9688686910311867,2.020856993127154,-0.12229996447945268,0.9492785143236233,0.0,0.0,0.0,12.815660536955024,0.311488034232731,0.5533246351902749,0.4814932301163302
2025-06-02 05:08:19,1167.14,1171.9,1168.4057847036079,1171.074475239765,14.5,76.78,1169.7401299716864,2339.480259943373,2.6686905361571007,0.00228143881320055,91.28,62.28,-0.4219282345359261,0.275174920078598,-0.07337665722866404,0.6971031546145241,9.500210022271052,-0.5493572551547459,-0.0917249733593053,-0.3205411142569119,0.0,0.0,0.0,12.814856673497259,0.2594138318527652,0.7858617325958904,0.47274682636328785
2025-06-02 05:08:20,1167.14,1165.71,1168.0893385277059,1169.7333564298237,14.5,76.78,1168.9113474787648,2337.8226949575296,1.6440179021178665,0.0014064521695827583,91.28,62.28,-0.3164461759020014,-1.3411188099412357,-0.8287824929216185,1.0246726340392343,1.2363574356760767,0.10548205863392468,-1.6162937300198337,-0.7554058356929545,0.0,0.0,0.0,12.805777110790839,0.49230489998330085,0.7266602216577365,0.5635303637584892
2025-06-02 05:08:21,1167.14,1161.59,1167.8520038957795,1167.6975173223677,14.5,76.78,1167.7747606090736,2335.549521218147,0.1544865734117593,0.00013229141311368357,91.28,62.28,-0.23733463192638737,-2.035839107456013,-1.1365868696912003,1.7985044755296258,1.5823716964516452,0.07911154397561404,-0.6947202975147775,-0.3078043767695817,0.0,0.0,0.0,12.793325458104166,0.8528546910632993,0.9196788530926016,0.5688684197320848
2025-06-02 05:08:22,1167.14,1169.84,1167.6740029218347,1168.2331379917757,14.5,76.83,1167.9535704568052,2335.9071409136104,0.5591350699410214,0.0004787305622462408,91.33,62.33,-0.17800097394479053,0.5356206694079901,0.1788098477315998,0.7136216433527807,3.9909303736647295,0.05933365798159684,2.5714597768640033,1.3153967174228,0.0,0.04999999999999716,0.04999999999999716,12.788279400728412,0.9596253101845794,1.0312842972316456,0.6238892081580356
2025-06-02 05:08:23,1160.96,1169.84,1165.995502191376,1168.6348534938318,14.5,76.83,1167.315177842604,2334.630355685208,2.6393513024556796,0.0022610442751824773,91.33,62.33,-1.6785007304586088,0.40171550205604944,-0.638392614201166,2.0802162325146583,3.258516667836147,-1.5004997565138183,-0.1339051673519407,-0.8172024619327658,0.0,0.0,0.0,12.781289445541603,0.9754333226830175,1.1591854089612907,0.5420523529522212
2025-06-02 05:08:24,1171.27,1173.96,1167.314126643532,1169.966140120374,14.56,76.83,1168.640133381953,2337.280266763906,2.65201347684183,0.0022693157618143703,91.39,62.269999999999996,1.318624452155973,1.3312866265421235,1.3249555393490482,0.012662174386150582,0.0095566714908034,2.9971251826145817,0.929571124486074,1.9633481535502142,0.0600000000000005,0.0,0.0600000000000005,12.787396001691182,0.6502676915383576,1.1551179958518836,0.9914303942041172
2025-06-02 05:08:25,1169.21,1176.02,1167.788094982649,1171.4796050902805,14.56,76.83,1169.6338500364648,2339.2677000729295,3.6915101076315295,0.0031561245464641068,91.39,62.269999999999996,0.4739683391169365,1.5134649699066358,0.9937166545116725,1.0394966307896993,1.0460683938442488,-0.8446561130390364,0.18217834336451233,-0.33123888483737574,0.0,0.0,0.0,12.798269364680987,0.9019353297274424,1.5131661168999284,1.045218372565731
2025-06-02 05:08:26,1169.21,1165.71,1168.1435712369866,1170.0372038177104,14.56,76.83,1169.0903875273484,2338.180775054697,1.8936325807237608,0.0016197486518635107,91.39,62.269999999999996,0.3554762543376455,-1.4424012725701232,-0.5434625091163525,1.7978775269077687,3.3081844443080226,-0.11849208477929096,-2.955866242476759,-1.537179163628025,0.0,0.0,0.0,12.792322734818095,0.9155128818100786,1.1586943062752142,0.8848269214110696
2025-06-02 05:08:27,1167.14,1178.08,1167.89267842774,1172.0479028632828,14.56,76.83,1169.9702906455113,2339.9405812910227,4.155224435542777,0.003551564056980146,91.39,62.269999999999996,-0.2508928092465794,2.010699045572437,0.8799031181629289,2.2615918548190166,2.570270792164022,-0.6063690635842249,3.4531003181425604,1.4233656272792814,0.0,0.0,0.0,12.801950736881066,1.0362199226077211,0.9066062144734588,0.9228588777317314
2025-06-02 05:08:28,1169.21,1176.02,1168.222008820805,1173.0409271474623,14.63,76.83,1170.6314679841337,2341.2629359682674,4.81891832665724,0.0041165118607644005,91.46,62.199999999999996,0.3293303930649927,0.9930242841794552,0.6611773386223376,0.6636938911144625,1.0038046504931883,0.5802232023115721,-1.017674761392982,-0.21872577954059125,0.07000000000000028,0.0,0.07000000000000028,12.799381753605424,0.7718494908378185,1.171363361853526,0.7159190560775447
2025-06-02 05:08:29,1171.27,1176.02,1168.984006615604,1173.7856953605967,14.63,76.83,1171.3848509881004,2342.769701976201,4.801688744992816,0.004099155573715404,91.46,62.199999999999996,0.7619977947988446,0.7447682131344209,0.7533830039667464,0.017229581664423677,0.022869587851223044,0.4326674017338519,-0.24825607104503433,0.09220566534440877,0.0,0.0,0.0,12.807619048551077,0.8913257855701618,1.2028825397684704,0.6235182960219334
2025-06-02 05:08:30,1160.96,1176.02,1166.978004961703,1174.3442715204474,14.63,76.83,1170.6611382410752,2341.3222764821503,7.366266558744428,0.006292398638533338,91.46,62.199999999999996,-2.0060016539009666,0.5585761598506451,-0.7237127470252744,2.5645778137516118,3.543635621532623,-2.767999448699811,-0.18619205328377575,-1.4770957509920208,0.0,0.0,0.0,12.799706160522295,0.8628039205230358,1.9533835281814504,0.7724989237989404
2025-06-02 05:08:31,1167.14,1173.96,1167.0185037212773,1174.2482036403355,14.63,76.83,1170.6333536808065,2341.266707361613,7.229699919058248,0.006175887514352904,91.46,62.199999999999996,0.04049875957434779,-0.09606788011183198,-0.02778456026862841,0.13656663968617977,4.915021988610818,2.0465004134753144,-0.6546440399624771,0.695928186756646,0.0,0.0,0.0,12.799402371325217,0.5006400695933209,1.506879101517357,0.675898315758226
2025-06-02 05:08:32,1165.08,1173.96,1166.5338777909578,1174.1761527302517,14.63,76.83,1170.355015260605,2340.71003052121,7.642274939293884,0.006529877544090575,91.46,62.199999999999996,-0.4846259303194529,-0.07205091008381714,-0.278338420201635,0.41257502023563575,1.4822730461131148,-0.5251246898938007,0.02401697002801484,-0.2505538599330066,0.0,0.0,0.0,12.796359091015153,0.3850922908828935,1.4331567795327695,0.6279218136118564
2025-06-02 05:08:33,1165.08,1176.02,1166.1704083432182,1174.6371145476887,14.63,76.83,1170.4037614454535,2340.807522890907,8.466706204470483,0.007234004602633933,91.46,62.199999999999996,-0.36346944773958967,0.4609618174370098,0.048746184848596386,0.8244312651765995,16.912387202198364,0.12115648257986322,0.533012727520827,0.3270846050502314,0.0,0.0,0.0,12.796892069194856,0.4126071861725597,1.3722147905001094,0.5388869282623723
2025-06-02 05:08:34,1167.14,1169.84,1166.4128062574136,1173.4378359107666,14.63,76.83,1169.9253210840902,2339.8506421681805,7.025029653352931,0.006004682111537368,91.46,62.199999999999996,0.2423979141954078,-1.1992786369221449,-0.47844036136325485,1.4416765511175527,3.013277420266692,0.6058673619349975,-1.6602404543591547,-0.5271865462118512,0.0,0.0,0.0,12.791660926005132,0.2957673455157655,0.5614108860702964,0.31907689509552606
2025-06-02 05:08:35,1169.21,1171.9,1167.1121046930602,1173.053376933075,14.63,76.83,1170.0827408130676,2340.1654816261353,5.941272240014769,0.005077651372593226,91.46,62.199999999999996,0.6992984356465968,-0.38445897769156545,0.15741972897740197,1.0837574133381622,6.884464456353379,0.456900521451189,0.8148196592305794,0.6358600903406568,0.0,0.0,0.0,12.7933821126141,0.27861771403302515,0.9216074395896988,0.25855264550692303
2025-06-02 05:08:36,1171.27,1173.96,1168.1515785197953,1173.2800326998063,14.63,76.83,1170.7158056098008,2341.4316112196016,5.128454180010976,0.00438061410895453,91.46,62.199999999999996,1.0394738267350476,0.22665576673125543,0.6330647967331515,0.8128180600037922,1.283939306464237,0.34017539108845085,0.6111147444228209,0.47564506775574955,0.0,0.0,0.0,12.800303879395331,0.3058647668054404,1.3286414126513086,0.42806132443090067
2025-06-02 05:08:37,1169.21,1167.77,1168.4161838898465,1171.9025245248547,14.63,76.83,1170.1593542073506,2340.318708414701,3.4863406350082187,0.002979372526907195,91.46,62.199999999999996,0.2646053700511857,-1.377508174951572,-0.5564514024501932,1.6421135450027577,2.9510404443796783,-0.774868456683862,-1.6041639416828275,-1.1895161991833447,0.0,0.0,0.0,12.794219783655487,0.3090115662098183,1.8852315995050701,0.489595468624213
2025-06-02 05:08:38,1165.08,1171.9,1167.582137917385,1171.9018933936409,14.63,76.83,1169.742015655513,2339.484031311026,4.3197554762559776,0.0036929129797413597,91.46,62.199999999999996,-0.8340459724615812,-0.0006311312138223002,-0.41733855183770174,0.8334148412477589,1.996970662325012,-1.0986513425127669,1.3768770437377498,0.13911285061249146,0.0,0.0,0.0,12.789656711850604,0.36693527574690493,1.3779358980695249,0.5125147118262663
2025-06-02 05:08:39,1169.21,1165.71,1167.9891034380387,1170.3539200452306,14.63,76.83,1169.1715117416347,2338.3430234832695,2.3648166071918695,0.0020226430266390267,91.46,62.199999999999996,0.40696552065378455,-1.5479733484103235,-0.5705039138781558,1.954938869064108,3.4266819119486662,1.2410114931153657,-1.5473422171965012,-0.15316536204045406,0.0,0.0,0.0,12.783418969584691,0.5688277514794257,1.394096830193313,0.5294314518586232
2025-06-02 05:08:40,1171.27,1173.96,1168.809327578529,1171.255440033923,14.68,76.83,1170.0323838062259,2340.0647676124518,2.446112455393859,0.0020906365389185104,91.50999999999999,62.15,0.8202241404903816,0.901519988692371,0.860872064591149,0.08129584820198943,0.09443418727544803,0.41325861983659706,2.4494933371026946,1.4313759784693048,0.049999999999998934,0.0,0.049999999999998934,12.785841667800069,0.5668698586671608,1.1949180834751352,0.6983281694013304
2025-06-02 05:08:41,1171.27,1173.96,1169.4244956838968,1171.9315800254421,14.68,76.83,1170.6780378546696,2341.356075709339,2.507084341545351,0.002141566048337382,91.50999999999999,62.15,0.6151681053677294,0.6761399915192214,0.6456540484437028,0.06097188615149207,0.09443415071013489,-0.20505603512265225,-0.2253799971731496,-0.21521801614744618,0.0,0.0,0.0,12.792897225022102,0.5544670930238519,0.8556308048656593,0.7012433470430738
2025-06-02 05:08:42,1163.02,1161.59,1167.8233717629228,1169.3461850190815,14.68,76.83,1168.5847783910021,2337.1695567820043,1.52281325615877,0.0013031260401597654,91.50999999999999,62.15,-1.6011239209740324,-2.5853950063606135,-2.0932594636674366,0.984271085386581,0.47020956181540696,-2.216292026341762,-3.261534997879835,-2.7389135121111394,0.0,0.0,0.0,12.77002257262572,0.8023175014850509,1.024738842211009,1.1772312247826302
2025-06-02 05:08:43,1171.27,1171.9,1168.6850288221922,1169.984638764311,14.68,76.83,1169.3348337932516,2338.6696675865032,1.2996099421188774,0.0011114095838500007,91.50999999999999,62.15,0.8616570592694188,0.6384537452295262,0.7500554022494725,0.22320331403989258,0.29758203965793767,2.4627809802434513,3.2238487515901397,2.843314865916909,0.0,0.0,0.0,12.778219003551882,0.8102213836846689,0.5708657773536602,1.2643776584254243
2025-06-02 05:08:44,1167.14,1171.9,1168.2987716166442,1170.4634790732334,14.68,76.83,1169.381125344939,2338.762250689878,2.1647074565892126,0.0018511564859570655,91.50999999999999,62.15,-0.38625720554796317,0.47884030892237206,0.04629155168731813,0.8650975144703352,18.687617833504067,-1.247914264817382,-0.1596134363071542,-0.7037638505621544,0.0,0.0,0.0,12.778724866858422,0.7902516394653984,0.5479098141220722,1.2344678494964578
2025-06-02 05:08:45,1169.21,1169.84,1168.5265787124831,1170.307609304925,14.68,76.83,1169.4170940087042,2338.8341880174085,1.7810305924419936,0.0015230071460762568,91.50999999999999,62.15,0.22780709583889802,-0.155869768308321,0.03596866376528851,0.383676864147219,10.666679195302217,0.6140643013868612,-0.6347100772306931,-0.010322887922029622,0.0,0.0,0.0,12.779117924047497,0.7535780662635667,0.48616106064257786,1.149881274794539
2025-06-02 05:08:46,1169.21,1171.9,1168.6974340343622,1170.7057069786938,14.68,76.83,1169.701570506528,2339.403141013056,2.0082729443315657,0.0017169105293626233,91.50999999999999,62.15,0.17085532187911667,0.39809767376868876,0.28447649782378903,0.2272423518895721,0.798806069471022,-0.05695177395978135,0.5539674420770098,0.24850783405850052,0.0,0.0,0.0,12.782226617028757,0.41623531152610344,0.3514169011038205,1.0997708991676771
2025-06-02 05:08:47,1156.83,1167.77,1165.7305755257717,1169.9717802340203,14.68,76.83,1167.851177879896,2335.702355759792,4.241204708248688,0.00363163114012223,91.50999999999999,62.15,-2.966858508590576,-0.7339267446734539,-1.8503926266319013,2.2329317639171222,1.2067333846050472,-3.1377138304696928,-1.1320244184421426,-2.1348691244556903,0.0,0.0,0.0,12.762005956921541,0.7330188096887261,1.1337756199696636,0.9953976049176362
2025-06-02 05:08:48,1169.21,1167.77,1166.6004316443286,1169.4213351755152,14.68,76.83,1168.010883409922,2336.021766819844,2.820903531186559,0.0024151346266021115,91.50999999999999,62.15,0.8698561185569815,-0.5504450585051472,0.15970553002580345,1.4203011770621288,8.893194140732088,3.8367146271475576,0.18348168616830662,2.0100981566577047,0.0,0.0,0.0,12.763751181796207,0.8700750281961486,0.9940612023193154,0.8920837034515742
2025-06-02 05:08:49,1169.21,1171.9,1167.2528237332465,1170.0410013816363,14.68,76.83,1168.6469125574413,2337.2938251148826,2.7881776483898193,0.0023858169786307956,91.50999999999999,62.15,0.6523920889178498,0.61966620612111,0.6360291475193662,0.032725882796739825,0.0514533515814883,-0.2174640296391317,1.1701112646262573,0.4763236174935628,0.0,0.0,0.0,12.770701560340289,0.8234542990405743,0.9639500718854779,0.9783147173367647
2025-06-02 05:08:50,1167.14,1178.08,1167.224617799935,1172.0507510362272,14.74,76.89,1169.637684418081,2339.275368836162,4.826133236292208,0.004126177957892259,91.63,62.15,-0.028205933311483022,2.0097496545909053,0.9907718606398248,2.0379555879023883,2.0569352157933656,-0.6805980222293329,1.3900834484697953,0.3547427131204586,0.0600000000000005,0.060000000000002274,1.7763568394002505e-15,12.764789606605824,0.8741198195657262,1.1584667731655667,1.1075666500731114
2025-06-02 05:08:51,1163.02,1173.96,1166.1734633499514,1172.5280632771705,14.74,76.89,1169.350763313561,2338.701526627122,6.354599927219169,0.005434297493232908,91.63,62.15,-1.0511544499836418,0.4773122409433199,-0.28692110452016095,1.5284666909269617,5.3271137596147184,-1.0229485166721588,-1.5324374136475853,-1.2776929651599858,0.0,0.0,0.0,12.761658305706677,0.790718434782731,1.4942388104358266,1.1060437681479884
2025-06-02 05:08:52,1171.27,1169.84,1167.4475975124635,1171.8560474578778,14.74,76.89,1169.6518224851707,2339.3036449703413,4.408449945414304,0.0037690275489663237,91.63,62.15,1.274134162512155,-0.6720158192927101,0.3010591716097224,1.946149981804865,6.464322302744667,2.3252886124957968,-1.14932806023603,0.5879802761298834,0.0,0.0,0.0,12.764943901781368,0.7141082819211606,1.4970873999955858,0.4837778309253233
2025-06-02 05:08:53,1167.14,1176.02,1167.3706981343478,1172.8970355934084,14.74,76.89,1170.1338668638782,2340.2677337277564,5.526337459060642,0.004722824978264385,91.63,62.15,-0.07689937811574055,1.040988135530597,0.4820443787075419,1.1178875136463375,2.3190503695805837,-1.3510335406278955,1.7130039548233071,0.1809852070978195,0.0,0.0,0.0,12.770204671981595,0.5460259630810689,1.3364052339370753,0.47171954995749127
2025-06-02 05:08:54,1169.21,1167.77,1167.830523600761,1171.6152766950563,14.74,76.89,1169.7229001479086,2339.445800295817,3.784753094295411,0.0032355980126414895,91.63,62.15,0.45982546641312183,-1.281758898352109,-0.4109667159696073,1.741584364765231,4.237764420634024,0.5367248445288624,-2.322747033882706,-0.8930110946771492,0.0,0.0,0.0,12.765719604738504,0.2814843182152808,0.9958625878589136,0.575391125795213
2025-06-02 05:08:55,1171.27,1173.96,1168.6903927005706,1172.2014575212922,14.74,76.89,1170.4459251109315,2340.891850221863,3.5110648207216855,0.002999766791779936,91.63,62.15,0.8598690998096572,0.5861808262359318,0.7230249630229082,0.2736882735737254,0.37853173685417696,0.40004363339653537,1.867939724588041,1.1339916789925155,0.0,0.0,0.0,12.77361030598408,0.4300470830094064,1.1995132056233102,0.4915117657152731
2025-06-02 05:08:56,1171.27,1176.02,1169.3352945254278,1173.156093140969,14.74,76.89,1171.2456938331984,2342.491387666397,3.8207986155412073,0.0032621666251548883,91.63,62.15,0.6449018248572429,0.9546356196767647,0.7997687222668901,0.3097337948195218,0.387278720606731,-0.2149672749524143,0.3684547934408329,0.07674375924398191,0.0,0.0,0.0,12.782338546882679,0.6477720506359557,0.8051318721300915,0.48377159406808173
2025-06-02 05:08:57,1169.21,1173.96,1169.303970894071,1173.3570698557269,14.74,76.89,1171.330520374899,2342.661040749798,4.053098961655905,0.0034602521557266417,91.63,62.15,-0.03132363135682681,0.20097671475787138,0.08482654170052228,0.2323003461146982,2.738501451979103,-0.6762254562140697,-0.7536589049188933,-0.7149421805663678,0.0,0.0,0.0,12.783264297627793,0.699637608447335,0.7989257744972028,0.5018081685590385
2025-06-02 05:08:58,1171.27,1176.02,1169.7954781705532,1174.0228023917953,14.74,76.89,1171.9091402811741,2343.8182805623483,4.227324221242043,0.0036072115766761373,91.63,62.15,0.49150727648225256,0.6657325360683899,0.5786199062752075,0.17422525958613733,0.3011043287524615,0.5228309078390794,0.4647558213105185,0.49379336457468526,0.0,0.0,0.0,12.789579040615466,0.8529668685455591,0.2735349868030539,0.5106285697032648
2025-06-02 05:08:59,1160.96,1176.02,1167.586608627915,1174.5221017938466,14.74,76.89,1171.0543552108807,2342.1087104217613,6.935493165931575,0.00592243488028377,91.63,62.15,-2.20886954263824,0.4992994020512924,-0.8547850702934738,2.7081689446895325,3.16824178447332,-2.7003768191204927,-0.16643313401709747,-1.4334049765686814,0.0,0.0,0.0,12.780250381213907,0.5272104668063978,1.3824389957247207,0.6856556431327804
2025-06-02 05:09:00,1171.27,1173.96,1168.5074564709362,1174.381576345385,14.74,76.89,1171.4445164081606,2342.889032816321,5.874119874448752,0.005014424317291043,91.63,62.15,0.9208478430211926,-0.14052544846163073,0.3901611972798946,1.0613732914828233,2.720338615279571,3.1297173856594327,-0.6398248505129231,1.2449462675733685,0.0,0.0,0.0,12.784508388340633,0.3198686863578235,1.3594847006956126,0.6451885204555289
2025-06-02 05:09:01,1160.96,1173.96,1166.620592353202,1174.2761822590387,14.74,76.89,1170.4483873061204,2340.8967746122407,7.655589905836678,0.006540732579345844,91.63,62.15,-1.8868641177341487,-0.10539408634622305,-0.9961291020401859,1.7814700313879257,1.7883909217674234,-2.8077119607553414,0.03513136211540768,-1.3862902993200805,0.0,0.0,0.0,12.773637177043362,0.53824948716796,1.600787580688459,0.7228439428191642
2025-06-02 05:09:02,1171.27,1171.9,1167.7829442649015,1173.682136694279,14.74,76.89,1170.7325404795902,2341.4650809591803,5.8991924293775355,0.0050388899431479395,91.63,62.15,1.1623519116994885,-0.5940455647596536,0.28415317346980373,1.7563974764591421,6.181142634689438,3.0492160294336372,-0.4886514784134306,1.2802822755099896,0.0,0.0,0.0,12.776738270248304,0.5773920995116273,1.295616298569023,0.7448463759533008
2025-06-02 05:09:03,1169.21,1165.71,1168.139708198676,1171.6891025207092,14.74,76.89,1169.9144053596926,2339.8288107193853,3.549394322033095,0.003033892311042989,91.63,62.15,0.35676393377457316,-1.9930341735698676,-0.8181351198975335,2.3497981073444407,2.8721358832546575,-0.8055879779249153,-1.398988608810214,-1.1022882933673372,0.0,0.0,0.0,12.767809588474115,0.5830146139671636,1.5529097782685561,0.6762860125712388
2025-06-02 05:09:04,1171.27,1171.9,1168.9222811490072,1171.741826890532,14.74,76.89,1170.3320540197697,2340.6641080395393,2.8195457415247347,0.00240918441004088,91.63,62.15,0.7825729503310868,0.05272436982272666,0.4176486600770204,0.7298485805083601,1.74751388609718,0.4258090165565136,2.045758543392594,1.235783779974554,0.0,0.0,0.0,12.77236757882137,0.5684000951306413,1.959344117020944,0.700834083311631
2025-06-02 05:09:05,1165.08,1173.96,1167.9617108617554,1172.2963701678989,14.79,76.89,1170.129040514827,2340.258081029654,4.3346593061435215,0.0037044284453721043,91.68,62.1,-0.9605702872518123,0.5545432773669745,-0.20301350494264625,1.5151135646187868,7.463080359932028,-1.743143237582899,0.5018189075442478,-0.6206621650196666,0.049999999999998934,0.0,0.049999999999998934,12.763187475475998,0.31121177511965287,1.939846712957003,0.6348052476151588
2025-06-02 05:09:06,1171.27,1173.96,1168.7887831463165,1172.7122776259241,14.79,76.89,1170.7505303861203,2341.5010607722406,3.923494479607598,0.003351264316713435,91.68,62.1,0.8270722845611544,0.4159074580252309,0.6214898712933064,0.41116482653592357,0.6615782234746268,1.7876425718129667,-0.13863581934174363,0.8245033762359526,0.0,0.0,0.0,12.76996637888475,0.36854176517764625,1.1473778925882716,0.5774349657792034
2025-06-02 05:09:07,1169.21,1167.77,1168.8940873597373,1171.476708219443,14.79,76.89,1170.1853977895903,2340.3707955791806,2.582620859705685,0.0022070185308901316,91.68,62.1,0.10530421342082263,-1.2355694064810905,-0.5651325965300202,1.3408736199019131,2.372666619247233,-0.7217680711403318,-1.6514768645063214,-1.1866224678233266,0.0,0.0,0.0,12.76380219268966,0.31142304599076504,0.7358996034695805,0.6186156819867715
2025-06-02 05:09:08,1171.27,1167.77,1169.488065519803,1170.5500311645824,14.79,76.89,1170.0190483421927,2340.0380966843854,1.0619656447793204,0.0009076481663921437,91.68,62.1,0.593978160065717,-0.9266770548606473,-0.16634944739757884,1.5206552149263644,9.141275173681901,0.4886739466448944,0.30889235162044315,0.3987831491324414,0.0,0.0,0.0,12.76198773538618,0.28455707801712127,1.282719645508751,0.4865057826291273
2025-06-02 05:09:09,1160.96,1165.71,1167.3560491398523,1169.340023373437,14.79,76.89,1168.3480362566447,2336.6960725132894,1.983974233584604,0.0016981020811599095,91.68,62.1,-2.1320163799507554,-1.2100077911454719,-1.671012085548,0.9220085888052836,0.5517662289897124,-2.7259945400164725,-0.2833307362848245,-1.5046626381504211,0.0,0.0,0.0,12.743761163971243,0.9054217265781169,1.3554305103777213,0.8335957093801393
2025-06-02 05:09:10,1167.14,1167.77,1167.3020368548894,1168.9475175300777,14.79,76.89,1168.1247771924836,2336.2495543849673,1.6454806751883098,0.0014086514607921168,91.68,62.1,-0.054012284962936974,-0.3925058433592312,-0.2232590641610841,0.33849355839629425,1.5161402003005255,2.0780040949878185,0.8175019477862406,1.4477530213869159,0.0,0.0,0.0,12.741325964781387,1.1747577343525188,1.090677411605891,0.832467470407969
2025-06-02 05:09:11,1169.21,1173.96,1167.779027641167,1170.2006381475583,14.79,76.89,1168.9898328943627,2337.9796657887255,2.421610506391289,0.002071541117106174,91.68,62.1,0.4769907862776108,1.2531206174805902,0.8650557018791005,0.7761298312029794,0.897201107762125,0.5310030712405478,1.6456264608398214,1.0883147660401846,0.0,0.0,0.0,12.750761563520955,0.941514740416019,0.6132956389266085,0.9106979776447619
2025-06-02 05:09:12,1169.21,1171.9,1168.1367707308752,1170.6254786106688,14.79,76.89,1169.381124670772,2338.762249341544,2.4887078797935374,0.0021282264825045662,91.68,62.1,0.35774308970826496,0.42484046311051316,0.3912917764091617,0.0670973734022482,0.1714761361505093,-0.11924769656934586,-0.8282801543700771,-0.47376392546993884,0.0,0.0,0.0,12.75502958023279,0.7699231924532074,0.589643465344098,0.9541825965368506
2025-06-02 05:09:13,1160.96,1171.9,1166.3425780481564,1170.9441089580016,14.79,76.89,1168.643343503079,2337.286687006158,4.6015309098452235,0.003937498066873301,91.68,62.1,-1.7941926827188581,0.318630347332828,-0.7377811676929014,2.112823030051686,2.863749115350182,-2.151935772427123,-0.10621011577768513,-1.129072944102063,0.0,0.0,0.0,12.746982229015016,0.5014654602376671,1.1550904987488495,0.9886056989450646
2025-06-02 05:09:14,1169.21,1171.9,1167.0594335361172,1171.1830817185014,14.79,76.89,1169.1212576273092,2338.2425152546184,4.123648182384159,0.003527134719306895,91.68,62.1,0.7168554879608564,0.23897276049979155,0.4779141242302103,0.47788272746106486,0.9999322122956507,2.5110481706797145,-0.07965758683303648,1.2156952919231117,0.0,0.0,0.0,12.752195079353339,0.4857625494491597,1.2492371060181944,0.6333292854628665
2025-06-02 05:09:15,1160.96,1171.9,1165.5345751520879,1171.362311288876,14.79,76.89,1168.448443220482,2336.896886440964,5.8277361367881895,0.004987585173838031,91.68,62.1,-1.5248583840293577,0.17922957037467313,-0.6728144068272286,1.7040879544040308,2.5327718971834146,-2.241713871990214,-0.05974319012511842,-1.1507285310574389,0.0,0.0,0.0,12.744856353355427,0.3731188331354604,1.4521915619165047,0.7255826744207412
2025-06-02 05:09:16,1165.08,1169.84,1165.4209313640658,1170.981733466657,14.79,76.89,1168.2013324153613,2336.4026648307226,5.560802102591197,0.004760140177492862,91.68,62.1,-0.11364378802204556,-0.38057782221903835,-0.24711080512065564,0.2669340341969928,1.080215629790162,1.4112145960073121,-0.5598073925937115,0.42570360170657295,0.0,0.0,0.0,12.742160991199828,0.4845319181443242,1.3307264345185545,0.5734170800540848
2025-06-02 05:09:17,1167.14,1171.9,1165.8506985230495,1171.211300099993,14.79,76.89,1168.530999311521,2337.061998623042,5.360601576943509,0.0045874705724661255,91.68,62.1,0.4297671589836227,0.22956663333593497,0.32966689615977884,0.20020052564768775,0.6072794105212398,0.5434109470056683,0.6101444555549733,0.5767777012804345,0.0,0.0,0.0,12.745756834268807,0.3389903447014379,0.7091286988922778,0.5591519414966803
2025-06-02 05:09:18,1167.14,1178.08,1166.1730238922871,1172.9284750749948,14.79,76.94,1169.550749483641,2339.101498967282,6.755451182707702,0.005776107774642647,91.72999999999999,62.15,0.3223253692376602,1.7171749750018535,1.0197501721199842,1.3948496057641933,1.3678332949246907,-0.10744178974596252,1.4876083416659185,0.6900832759602054,0.0,0.04999999999999716,0.04999999999999716,12.749926269854083,0.5515553107729634,0.9483871482534072,0.656893910656575
2025-06-02 05:09:19,1167.14,1173.96,1166.4147679192154,1173.1863563062461,14.79,76.94,1169.8005621127309,2339.6011242254617,6.771588387030761,0.005788669112119583,91.72999999999999,62.15,0.24174402692824515,0.2578812312513037,0.24981262908977442,0.01613720432305854,0.06459697327906551,-0.08058134230941505,-1.4592937437505498,-0.7699375430302098,0.0,0.0,0.0,12.752649616920106,0.7180672893540888,0.6674953357285434,0.6388327411916878
2025-06-02 05:09:20,1163.02,1169.84,1165.5660759394113,1172.3497672296846,14.84,76.94,1168.9579215845479,2337.9158431690958,6.783691290273282,0.005803195443745866,91.78,62.099999999999994,-0.8486919798040162,-0.836589076561495,-0.842640528182983,0.012102903242521279,0.014363050998233123,-1.0904360067322614,-1.0944703078127986,-1.0924531572727574,0.05000000000000071,0.0,0.05000000000000071,12.736521124951262,0.6714687841542619,0.7208191865348966,0.6946528259981217
2025-06-02 05:09:21,1171.27,1173.96,1166.9920569545584,1172.7523254222635,14.84,76.94,1169.8721911884109,2339.7443823768217,5.760268467705146,0.00492384425082346,91.78,62.099999999999994,1.4259810151470447,0.40255819257890835,0.9142696038629765,1.0234228225681363,1.1193872123241957,2.274672994951061,1.2391472691404033,1.7569101320459595,0.0,0.0,0.0,12.746482658988104,0.5788340493023703,0.6776120733611546,0.7413762853645961
2025-06-02 05:09:22,1169.21,1176.02,1167.5465427159188,1173.5692440666976,14.84,76.94,1170.5578933913082,2341.1157867826164,6.022701350778789,0.005145154613570482,91.78,62.099999999999994,0.5544857613604108,0.8169186444340539,0.6857022028973461,0.2624328830736431,0.38272080685166476,-0.8714952537866338,0.4143604518551456,-0.22856740096563044,0.0,0.0,0.0,12.753953809515737,0.5781965731821387,0.49027982305961654,0.7577526510014331
2025-06-02 05:09:23,1167.14,1171.9,1167.4449070369392,1173.1519330500232,14.84,76.94,1170.2984200434812,2340.5968400869624,5.7070260130840325,0.004876556193244657,91.78,62.099999999999994,-0.10163567897961912,-0.4173110166743754,-0.25947334782699727,0.3156753376947563,1.2165955530418393,-0.65612144034003,-1.2342296611084294,-0.9451755507243433,0.0,0.0,0.0,12.751126686558667,0.6102666118026073,0.5326398444281136,0.713100622986946
2025-06-02 05:09:24,1169.21,1178.08,1167.8861802777044,1174.3839497875174,14.84,76.94,1171.1350650326108,2342.2701300652216,6.497769509812997,0.0055482665477903665,91.78,62.099999999999994,0.4412732407652129,1.2320167374941775,0.8366449891295815,0.7907434967289646,0.9451351073249363,0.542908919744832,1.649327754168553,1.0961183369565788,0.0,0.0,0.0,12.76024245230299,0.8148566027788913,0.4708337743761693,0.7789802832512984
2025-06-02 05:09:25,1167.14,1176.02,1167.6996352082783,1174.792962340638,14.84,76.94,1171.2462987744582,2342.4925975489164,7.093327132359718,0.0060562215938062295,91.78,62.099999999999994,-0.1865450694260744,0.40901255312064677,0.11123374184739987,0.5955576225467212,5.354061264094554,-0.6278183101912873,-0.8230041843735307,-0.7254112472821816,0.0,0.0,0.0,12.761454412867769,0.5753285114860606,0.5816370930025571,0.5095136377809772
2025-06-02 05:09:26,1160.96,1176.02,1166.0147264062089,1175.0997217554786,14.84,76.94,1170.5572240808438,2341.1144481616875,9.084995349269775,0.0077612569079160785,91.78,62.099999999999994,-1.684908802069458,0.30675941484059877,-0.6890746936144296,1.9916682169100568,2.890347512423634,-1.4983637326433836,-0.102253138280048,-0.8003084354618295,0.0,0.0,0.0,12.75394651696336,0.4099317898673433,1.3383231372042197,0.6385200923010641
2025-06-02 05:09:27,1171.27,1176.02,1167.3285448046568,1175.3297913166089,14.84,76.94,1171.3291680606328,2342.6583361212656,8.001246511952104,0.006830912029936758,91.78,62.099999999999994,1.3138183984478928,0.2300695611302217,0.7719439797890573,1.0837488373176711,1.4039197944053186,2.998727200517351,-0.07668985371037706,1.461018673403487,0.0,0.0,0.0,12.76235732510651,0.45767935241107016,1.3133101605333064,0.6579176847443706
2025-06-02 05:09:28,1169.21,1173.96,1167.7989086034927,1174.9873434874567,14.84,76.94,1171.3931260454747,2342.7862520909493,7.188434883963964,0.006136654482594468,91.78,62.099999999999994,0.47036379883593327,-0.3424478291522064,0.06395798484186344,0.8128116279881397,12.708325968552982,-0.8434545996119596,-0.5725173902824281,-0.7079859949471938,0.0,0.0,0.0,12.76305418699521,0.33559755016629667,1.0004526334429407,0.6219894697939639
2025-06-02 05:09:29,1171.27,1176.02,1168.6666814526195,1175.2455076155925,14.84,76.94,1171.956094534106,2343.912189068212,6.578826162972973,0.005613543193335025,91.78,62.099999999999994,0.8677728491268226,0.25816412813583156,0.5629684886312134,0.6096087209909911,1.0828450445390474,0.39740905029088935,0.600611957288038,0.49901050378934997,0.0,0.0,0.0,12.769188077630396,0.49862754730347947,0.9790995591323006,0.5633162169664182
2025-06-02 05:09:30,1169.21,1176.02,1168.8025110894646,1175.4391307116944,14.84,76.94,1172.1208209005795,2344.241641801159,6.636619622229773,0.005662061024962065,91.78,62.099999999999994,0.13582963684507376,0.19362309610187367,0.1647263664735874,0.057793459256799906,0.3508430960441936,-0.7319432122817489,-0.06454103203395789,-0.398242122157626,0.0,0.0,0.0,12.770982873497458,0.6161879952717433,1.0552841496910852,0.5625661228525858
2025-06-02 05:09:31,1171.27,1176.02,1169.4193833170984,1175.5843480337708,14.84,76.94,1172.5018656754346,2345.003731350869,6.16496471667233,0.00525795727230077,91.78,62.099999999999994,0.6168722276338485,0.14521732207640525,0.3810447748551269,0.47165490555744327,1.2377906715715872,0.48104259078877476,-0.04840577402546842,0.21631840838153948,0.0,0.0,0.0,12.775134592507083,0.49724411862758205,0.7084763073461634,0.28849842327242886
2025-06-02 05:09:32,1169.21,1173.96,1169.3670374878238,1175.178261025328,14.84,76.94,1172.272649256576,2344.545298513152,5.811223537504247,0.004957228624443589,91.78,62.099999999999994,-0.052345829274599964,-0.4060870084426824,-0.2292164188586412,0.35374117916808245,1.5432560968947797,-0.6692180569084485,-0.5513043305190877,-0.6102611937137681,0.0,0.0,0.0,12.77263713754564,0.41805100861100475,0.5202417799335773,0.3032584922666743
2025-06-02 05:09:33,1163.02,1169.84,1167.780278115868,1173.843695768996,14.84,76.94,1170.811986942432,2341.623973884864,6.063417653127999,0.005178814118382714,91.78,62.099999999999994,-1.58675937195585,-1.3345652563320982,-1.460662314143974,0.2521941156237517,0.17265725316826405,-1.53441354268125,-0.9284782478894158,-1.2314458952853329,0.0,0.0,0.0,12.756722316253102,0.6579227913786001,0.3507723725792471,0.8074331933146908
2025-06-02 05:09:34,1165.08,1171.9,1167.105208586901,1173.357771826747,14.84,76.94,1170.231490206824,2340.462980413648,6.25256323984604,0.0053430139992199,91.78,62.099999999999994,-0.6750695289670148,-0.4859239422489736,-0.5804967356079942,0.18914558671804116,0.3258334617273507,0.9116898429888352,0.8486413140831246,0.8801655785359799,0.0,0.0,0.0,12.75039744450236,1.0037564437007989,0.301419444954492,0.7246600757952698
2025-06-02 05:09:35,1169.21,1173.96,1167.6314064401759,1173.5083288700603,14.84,76.94,1170.569867655118,2341.139735310236,5.8769224298844165,0.005020565271030326,91.78,62.099999999999994,0.5261978532748799,0.15055704331325614,0.338377448294068,0.37564080996162375,1.1101203751462707,1.2012673822418947,0.6364809855622298,0.9188741839020622,0.0,0.0,0.0,12.754084276542098,1.0369396986926225,0.18714272319869737,0.7585601898866146
2025-06-02 05:09:36,1169.21,1169.84,1168.026054830132,1172.5912466525451,14.84,76.94,1170.3086507413386,2340.6173014826772,4.565191822413226,0.003900844290624131,91.78,62.099999999999994,0.39464838995604623,-0.9170822175151443,-0.26121691377943534,1.3117306074711905,5.0215951444232765,-0.13154946331883366,-1.0676392608284004,-0.5995943620735034,0.0,0.0,0.0,12.75123815635324,0.8334942375296545,0.6648118775454651,0.6602549217568282
2025-06-02 05:09:37,1167.14,1173.96,1167.804541122599,1172.9334349894089,14.84,76.94,1170.368988056004,2340.737976112008,5.128893866809904,0.004382287906437752,91.78,62.099999999999994,-0.2215137075329494,0.3421883368637282,0.0603373146652757,0.5637020443966776,9.342356469911222,-0.6161620974889956,1.2592705543788725,0.32155422844471104,0.0,0.0,0.0,12.751895568796124,0.23417725596450467,0.7084305526777375,0.6949999690285479
2025-06-02 05:09:38,1169.21,1173.96,1168.1559058419493,1173.1900762420566,14.84,76.94,1170.672991042003,2341.345982084006,5.034170400107314,0.004300236218251023,91.78,62.099999999999994,0.3513647193503857,0.25664125264779614,0.3040029859992046,0.09472346670258958,0.31158626552625995,0.5728784268833351,-0.08554708421593205,0.2436656713339289,0.0,0.0,0.0,12.755207869762424,0.18470317820000764,0.6809012640670896,0.3911216142647378
2025-06-02 05:09:39,1204.29,1171.9,1177.189429381462,1172.8675571815425,14.9,76.94,1175.0284932815023,2350.0569865630046,4.321872199919653,0.0036780999107280028,91.84,62.04,9.033523539512771,-0.3225190605141961,4.355502239499174,9.356042600026967,2.1480968066282027,8.682158820162385,-0.5791603131619922,4.051499253499969,0.0600000000000005,0.0,0.0600000000000005,12.79429965687285,2.0394321314287573,0.598879232027817,1.9135663066107493
2025-06-02 05:09:40,1171.27,1171.9,1175.7095720360967,1172.6256678861569,14.9,76.94,1174.1676199611268,2348.3352399222535,3.0839041499398263,0.0026264598809286406,91.84,62.04,-1.4798573453654171,-0.24188929538559023,-0.8608733203755037,1.237968049979827,1.4380357511882096,-10.513380884878188,0.08062976512860587,-5.2163755598746775,0.0,0.0,0.0,12.784926036326228,2.2963219125541836,0.8208784935045342,2.0788837740492094
2025-06-02 05:09:41,1163.02,1165.71,1172.5371790270724,1170.8967509146178,14.9,76.94,1171.716964970845,2343.43392994169,1.6404281124546287,0.0014000207900851083,91.84,62.04,-3.1723930090242902,-1.7289169715390926,-2.4506549902816914,1.4434760374851976,0.5890161830993165,-1.692535663658873,-1.4870276761535024,-1.5897816699061877,0.0,0.0,0.0,12.75824207548566,2.098044303545751,1.4772670207644891,2.520743993677292
2025-06-02 05:09:42,1167.14,1169.84,1171.1878842703043,1170.6325631859634,14.9,76.94,1170.9102237281338,2341.8204474562676,0.5553210843409033,0.0004742644419813139,91.84,62.04,-1.3492947567681313,-0.2641877286544059,-0.8067412427112686,1.0851070281137254,1.3450479851742225,1.823098252256159,1.4647292428846868,1.6439137475704229,0.0,0.0,0.0,12.749457872154572,1.9781763095119862,1.8500393553528085,2.5691377226143293
2025-06-02 05:09:43,1160.96,1171.9,1168.6309132027282,1170.9494223894726,14.9,76.94,1169.7901677961004,2339.5803355922008,2.31850918674445,0.001981987238899916,91.84,62.04,-2.5569710675761144,0.3168592035092388,-1.1200559320334378,2.873830271085353,2.5657894602446505,-1.207676310807983,0.5810469321636447,-0.3133146893221692,0.0,0.0,0.0,12.737262141320103,2.2079838345168588,1.4271010175565673,2.620433831462005
2025-06-02 05:09:44,1171.27,1167.77,1169.290684902046,1170.1545667921046,14.9,76.94,1169.7226258470753,2339.4452516941506,0.8638818900585647,0.0007385356752370535,91.84,62.04,0.6597716993178437,-0.7948555973680413,-0.0675419490250988,1.454627296685885,21.536330848470193,3.216742766893958,-1.1117148008772801,1.052513983008339,0.0,0.0,0.0,12.736526710698481,1.8240976330099563,1.0380737339755148,0.8698111213414397
2025-06-02 05:09:45,1165.08,1171.9,1168.2380136765346,1170.5909250940786,14.9,76.94,1169.4144693853066,2338.828938770613,2.3529114175439645,0.0020120423315513713,91.84,62.04,-1.0526712255114035,0.4363583019739963,-0.3081564617687036,1.4890295274853997,4.832041122544791,-1.7124429248292472,1.2312138993420376,-0.2406145127436048,0.0,0.0,0.0,12.73317134856419,0.9691522052859992,0.8221196318717928,0.9343581815196842
2025-06-02 05:09:46,1169.21,1169.84,1168.481010257401,1170.403193820559,14.9,76.94,1169.44210203898,2338.88420407796,1.922183563157887,0.001643675696439173,91.84,62.04,0.2429965808664747,-0.18773127351960284,0.027632653673435925,0.4307278543860775,15.5870757980923,1.2956678063778782,-0.6240895754935991,0.3357891154421395,0.0,0.0,0.0,12.733472226758577,0.6123256865754338,0.8396613017341447,0.49260591124569153
2025-06-02 05:09:47,1171.27,1171.9,1169.178257693051,1170.7773953654191,14.9,76.94,1169.977826529235,2339.95565305847,1.5991376723682151,0.0013668102375455112,91.84,62.04,0.6972474356498424,0.37420154486017054,0.5357244902550065,0.32304589078967183,0.6030063841761595,0.4542508547833677,0.5619328183797734,0.5080918365815705,0.0,0.0,0.0,12.739305463740521,0.2393735315302768,0.6134967759850118,0.6057926618068973
2025-06-02 05:09:48,1169.21,1171.9,1169.1861932697882,1171.0580465240644,14.9,76.94,1170.1221198969263,2340.2442397938526,1.871853254276175,0.0015997076038878361,91.84,62.04,0.007935576737281735,0.2806511586452416,0.14429336769126166,0.27271558190795986,1.8899946426978609,-0.6893118589125606,-0.09355038621492895,-0.3914311225637448,0.0,0.0,0.0,12.740876602308903,0.3152401128774731,0.5504635581790174,0.3106721540977944
2025-06-02 05:09:49,1169.21,1171.9,1169.192144952341,1171.2685348930481,14.9,76.94,1170.2303399226946,2340.460679845389,2.076389940707031,0.0017743429375364293,91.84,62.04,0.005951682552904458,0.21048836898376067,0.10822002576833256,0.2045366864308562,1.8899902766464753,-0.0019838941843772773,-0.07016278966148093,-0.0360733419229291,0.0,0.0,0.0,12.742054956235188,0.3841606410353576,0.2771491109412653,0.3015386092022013
2025-06-02 05:09:50,1171.27,1169.84,1169.7116087142558,1170.9114011697861,14.9,76.94,1170.311504942021,2340.623009884042,1.1997924555303143,0.0010251906859315744,91.84,62.04,0.5194637619147215,-0.35713372326199533,0.08116501932636311,0.8765974851767169,10.800055151799144,0.5135120793618171,-0.567622092245756,-0.027055006441969454,0.0,0.0,0.0,12.742938721679902,0.3447242589024802,0.34467844070029535,0.20368458784677979
2025-06-02 05:09:51,1169.21,1209.01,1169.5862065356919,1180.4360508773395,14.9,76.96,1175.0111287065156,2350.022257413031,10.849844341647668,0.00923382261439315,91.86,62.059999999999995,-0.1254021785639452,9.524649707553408,4.699623764494618,9.650051886117353,2.0533664642809177,-0.6448659404786667,9.881783430815403,4.618458745168255,0.0,0.01999999999999602,0.01999999999999602,12.79132501540595,2.172890169557099,4.110963668162127,2.013068091422659
2025-06-02 05:09:52,1163.02,1171.9,1167.944654901769,1178.3020381580045,14.9,76.99,1173.1233465298867,2346.2466930597734,10.357383256235607,0.008828895339986181,91.89,62.089999999999996,-1.6415516339229725,-2.1340127193350327,-1.887782176628889,0.49246108541206013,0.26086739807241693,-1.5161494553590273,-11.65866242688844,-6.587405941123507,0.0,0.030000000000001137,0.030000000000001137,12.766605003409312,2.2107238779598366,4.881835251825156,2.4346686514595532
2025-06-02 05:09:53,1169.21,1167.77,1168.2609911763266,1175.6690286185035,14.9,76.99,1171.965009897415,2343.93001979483,7.408037442176919,0.0063210397693565295,91.89,62.089999999999996,0.31633627455767055,-2.6330095395010176,-1.1583366324716735,2.949345814058688,2.5461883749432728,1.957887908480643,-0.4989968201659849,0.7294455441572154,0.0,0.0,0.0,12.753999315958382,2.0143534532413554,4.533529036662138,2.5656860413876306
2025-06-02 05:09:54,1167.14,1171.9,1167.980743382245,1174.7267714638776,14.9,76.99,1171.3537574230613,2342.7075148461226,6.74602808163263,0.005759172268089609,91.89,62.089999999999996,-0.28024779408156064,-0.9422571546258496,-0.6112524743537051,0.6620093605442889,1.0830357426503783,-0.5965840686392312,1.690752384875168,0.5470841581179684,0.0,0.0,0.0,12.747347313915704,1.801097311627682,3.856142178290383,2.6038304860371477
2025-06-02 05:09:55,1167.14,1165.71,1167.7705575366838,1172.4725785979083,14.9,76.99,1170.121568067296,2340.243136134592,4.702021061224514,0.004018403886847838,91.89,62.089999999999996,-0.21018584556122732,-2.254192865969344,-1.2321893557652857,2.0440070204081167,1.6588403008061445,0.07006194852033332,-1.3119357113434944,-0.6209368814115805,0.0,0.0,0.0,12.733937918526044,1.856081767821932,2.5728193277895235,2.686849168678566
2025-06-02 05:09:56,1167.14,1176.02,1167.612918152513,1173.3594339484312,14.9,76.99,1170.486176050472,2340.972352100944,5.746515795918185,0.004909511883684887,91.89,62.089999999999996,-0.1576393841708068,0.8868553505228647,0.36460798317602894,1.0444947346936715,2.8646983011644607,0.05254646139042052,3.1410482164922087,1.5967973389413146,0.0,0.0,0.0,12.737905792932487,1.200027403550668,2.142115090389389,0.8419152525487519
2025-06-02 05:09:57,1163.02,1178.08,1166.4646886143846,1174.5395754613232,14.9,76.99,1170.502132037854,2341.004264075708,8.074886846938625,0.006898651970826852,91.89,62.089999999999996,-1.148229538128362,1.180141512892078,0.015955987381857994,2.32837105102044,145.91545354404673,-0.9905901539575552,0.29328616236921334,-0.34865199579417094,0.0,0.0,0.0,12.7380794351918,0.7540936581853719,1.3378617846119212,0.7058159183298216
2025-06-02 05:09:58,1163.02,1178.08,1165.6035164607883,1175.4246815959923,14.9,76.99,1170.5140990283903,2341.0281980567806,9.821165135203955,0.008390471447516734,91.89,62.089999999999996,-0.8611721535962715,0.8851061346690585,0.011966990536393496,1.74627828826533,145.91240550826538,0.2870573845320905,-0.2950353782230195,-0.003988996845464499,0.0,0.0,0.0,12.738209666886284,0.4546595449197169,2.0018206561036624,0.6332907131968464
2025-06-02 05:09:59,1171.27,1178.08,1167.0201373455911,1176.0885111969942,14.97,76.99,1171.5543242712927,2343.1086485425853,9.068373851403067,0.007740463805895757,91.96,62.019999999999996,1.4166208848027964,0.6638296010019076,1.040225242902352,0.7527912838008888,0.723680342557513,2.277793038399068,-0.22127653366715094,1.0282582523659585,0.07000000000000028,0.0,0.07000000000000028,12.739825049276508,0.539255690120631,2.184031645066205,0.8254772159336271
2025-06-02 05:10:00,1171.27,1171.9,1168.0826030091935,1175.0413833977457,14.97,76.99,1171.5619932034697,2343.1239864069394,6.9587803885522135,0.005939745760772481,91.96,62.019999999999996,1.0624656636023246,-1.0471277992485284,0.007668932177011811,2.109593462850853,275.0472121740125,-0.3541552212004717,-1.710957400250436,-1.0325563107253402,0.0,0.0,0.0,12.739908443492403,0.5792289886439944,1.6282034427657135,0.4473531149157544
2025-06-02 05:10:01,1171.27,1176.02,1168.879452256895,1175.2860375483092,14.97,76.99,1172.0827449026021,2344.1654898052043,6.406585291414103,0.00546598379151166,91.96,62.019999999999996,0.7968492477016298,0.24465415056351958,0.520751699132461,0.5521950971381102,1.060378751868267,-0.26561641590069485,1.291781949812048,0.5130827669554492,0.0,0.0,0.0,12.745571250076457,0.7042785164190782,1.4199497702584292,0.4593204445479073
2025-06-02 05:10:02,1169.21,1169.84,1168.9620891926713,1173.9245281612318,14.97,76.99,1171.4433086769516,2342.886617353903,4.962438968560491,0.004236175090648629,91.96,62.019999999999996,0.08263693577623599,-1.3615093870773762,-0.6394362256505701,1.4441463228536122,2.2584645762284525,-0.7142123119253938,-1.6061635376408958,-1.1601879247830311,0.0,0.0,0.0,12.738617833170224,0.5696485709148158,1.9849002229075843,0.6295174546788649
2025-06-02 05:10:03,1169.21,1171.9,1169.0240668945034,1173.4183961209237,14.97,76.99,1171.2212315077136,2342.442463015427,4.394329226420268,0.003751920734062791,91.96,62.019999999999996,0.06197770183212015,-0.5061320403081027,-0.22207716923799126,0.5681097421402228,2.5581521321503913,-0.02065923394411584,0.8553773467692736,0.41735905641257887,0.0,0.0,0.0,12.736202900951618,0.3165716032922958,1.8380028201911087,0.6541214313393088
2025-06-02 05:10:04,1167.14,1176.02,1168.5530501708777,1174.068797090693,14.97,76.99,1171.3109236307853,2342.6218472615706,5.5157469198152285,0.004709037373278042,91.96,62.019999999999996,-0.4710167236257803,0.6504009697691799,0.08969212307169983,1.1214176933949602,12.502828031737836,-0.5329944254579004,1.1565330100772826,0.3117692923096911,0.0,0.0,0.0,12.737178239382418,0.3380904949948484,1.0431647984315318,0.4259207681665357
2025-06-02 05:10:05,1167.14,1176.02,1168.1997876281582,1174.5565978180198,14.97,76.99,1171.378192723089,2342.756385446178,6.356810189861562,0.005426778664589258,91.96,62.019999999999996,-0.3532625427194489,0.48780072732688495,0.06726909230360434,0.8410632700463339,12.502781566738976,0.11775418090633138,-0.16260024244229498,-0.022423030768095487,0.0,0.0,0.0,12.737909743205517,0.3428904094988755,0.8752219635046559,0.42871685653912117
2025-06-02 05:10:06,1169.21,1176.02,1168.4523407211186,1174.9224483635148,14.97,76.99,1171.6873945423167,2343.3747890846334,6.470107642396215,0.00552204254053746,91.96,62.019999999999996,0.2525530929603974,0.36585054549505003,0.3092018192278374,0.11329745253465262,0.36641791565027393,0.6058156356798463,-0.12195018183183493,0.24193272692423307,0.0,0.0,0.0,12.741272094400225,0.1764246000049207,0.8914882958824708,0.3657568000152836
2025-06-02 05:10:07,1167.14,1176.02,1168.124255540839,1175.1968362726361,14.97,76.99,1171.6605459067375,2343.321091813475,7.0725807317971885,0.00603637354732928,91.96,62.019999999999996,-0.32808518027968603,0.2743879091212875,-0.026848635579199254,0.6024730894009735,22.438780877447623,-0.5806382732400834,-0.09146263637376251,-0.33605045480703666,0.0,0.0,0.0,12.740980134468872,0.21065703995535168,1.0373248591775095,0.19285764715357148
2025-06-02 05:10:08,1171.27,1167.77,1168.9106916556293,1173.340127204477,14.97,76.99,1171.1254094300532,2342.2508188601064,4.429435548847778,0.0037822042877724157,91.96,62.019999999999996,0.7864361147903765,-1.8567090681590344,-0.535136476684329,2.643145182949411,4.939189083384959,1.1145212950700625,-2.131096977280322,-0.5082878411051297,0.0,0.0,0.0,12.73516090359822,0.23927540414310242,1.02409631844839,0.31362043003102813
2025-06-02 05:10:09,1163.02,1169.84,1167.4380187417219,1172.4650954033577,14.97,76.99,1169.9515570725398,2339.9031141450796,5.027076661635874,0.00429682462230986,91.96,62.019999999999996,-1.472672913907445,-0.8750318011193485,-1.1738523575133968,0.5976411127880965,0.5091275745499376,-2.2591090286978215,0.9816772670396858,-0.6387158808290678,0.0,0.0,0.0,12.722396089062025,0.713762595040747,1.098755230513239,0.5906726383980037
2025-06-02 05:10:10,1163.02,1171.9,1166.3335140562913,1172.3238215525184,14.97,76.99,1169.3286678044049,2338.6573356088097,5.99030749622716,0.0051228603694049735,91.96,62.019999999999996,-1.1045046854305838,-0.14127385083929767,-0.6228892681349407,0.9632308345912861,1.5463892821369545,0.36816822847686126,0.7337579502800509,0.5509630893784561,0.0,0.0,0.0,12.715622608620947,1.0614174932979255,1.0701119450963599,0.5719500813140177
2025-06-02 05:10:11,1160.96,1165.71,1164.9901355422185,1170.6703661643887,14.97,76.99,1167.8302508533036,2335.660501706607,5.6802306221702565,0.0048639180335977245,91.96,62.019999999999996,-1.3433785140728105,-1.6534553881297143,-1.4984169511012624,0.31007687405690376,0.20693617146605375,-0.23887382864222673,-1.5121815372904166,-0.8755276829663217,0.0,0.0,0.0,12.69932838357955,1.515145107204665,1.0022178754999664,0.5750552511100213
2025-06-02 05:10:12,1163.02,1171.9,1164.4976016566638,1170.9777746232917,14.97,76.99,1167.7376881399778,2335.4753762799555,6.480172966627833,0.005549339570773286,91.96,62.019999999999996,-0.4925338855546215,0.3074084589029553,-0.0925627133258331,0.7999423444575768,8.642072748763908,0.850844628518189,1.9608638470326696,1.4058542377754293,0.0,0.0,0.0,12.69832182950909,1.4407484112684794,0.8063945875885016,0.5541547730273325
2025-06-02 05:10:13,1167.14,1171.9,1165.1582012424979,1171.2083309674688,14.97,76.99,1168.1832661049834,2336.366532209967,6.05012972497093,0.005179092951711668,91.96,62.019999999999996,0.6605995858340066,0.2305563441771028,0.4455779650056684,0.4300432416569038,0.9651336248591382,1.153133471388628,-0.07685211472585252,0.5381406783315015,0.0,0.0,0.0,12.703167174878386,0.9832634888350085,0.5391620820911537,0.7885175753734562
2025-06-02 05:10:14,1169.21,1173.96,1166.1711509318734,1171.8962482256015,14.97,76.99,1169.0336995787375,2338.067399157475,5.72509729372814,0.004897290207197529,91.96,62.019999999999996,1.0129496893755459,0.6879172581327566,0.8504334737540375,0.32503243124278924,0.3821957379126602,0.3523501035415393,0.4573609139556538,0.4048555087483692,0.0,0.0,0.0,12.712415037693807,0.7196638065259332,0.3201171394457251,0.9212893948154446
2025-06-02 05:10:15,1169.21,1173.96,1166.9308631989052,1172.412186169201,15.02,76.99,1169.671524684053,2339.343049368106,5.481322970295878,0.004686207067484406,92.00999999999999,61.97,0.7597122670317731,0.5159379435995106,0.6378251053156418,0.24377432343226246,0.3821955881088083,-0.2532374223437728,-0.171979314533246,-0.2126083684383957,0.049999999999998934,0.0,0.049999999999998934,12.712438995452823,0.834704932639623,0.3911330512713368,0.9432535089269813
2025-06-02 05:10:16,1169.21,1173.96,1167.500647399179,1172.7991396269008,15.02,76.99,1170.1498935130398,2340.2997870260797,5.298492227721908,0.004528045725224704,92.00999999999999,61.97,0.5697842002737161,0.38695345769974665,0.4783688289867314,0.18283074257396947,0.3821953883697809,-0.18992806675805696,-0.12898448589976397,-0.15945627632891046,0.0,0.0,0.0,12.717638091461819,1.0030943243921817,0.4700073489734536,0.3499478031869766
2025-06-02 05:10:17,1171.27,1173.96,1168.442985549384,1173.0893547201756,15.02,76.99,1170.7661701347797,2341.5323402695594,4.646369170791559,0.003968656838015747,92.00999999999999,61.97,0.9423381502051598,0.29021509327481,0.6162766217398712,0.6521230569303498,1.058164427728659,0.37255394993144364,-0.09673836442493666,0.1379077927531398,0.0,0.0,0.0,12.72433602228501,0.9984541439450477,0.5256235060278093,0.16038286506993252
2025-06-02 05:10:18,1171.27,1169.84,1169.149739162038,1172.2770160401317,15.02,76.99,1170.7133776010849,2341.4267552021697,3.127276878093653,0.0026712574873198384,92.00999999999999,61.97,0.7067536126539835,-0.8123386800439221,-0.05279253369485559,1.5190922926979056,28.774211278945547,-0.23558453755117625,-1.102553773318732,-0.6690691554347268,0.0,0.0,0.0,12.723762252769511,0.7310308953486337,1.0457756207669768,0.3395533037589573
2025-06-02 05:10:19,1165.08,1171.9,1168.1323043715286,1172.1827620300987,15.02,76.99,1170.1575332008138,2340.3150664016275,4.050457658570167,0.0034614635552780684,92.00999999999999,61.97,-1.0174347905094692,-0.0942540100329552,-0.5558444002710985,0.923180780476514,1.6608589007415688,-1.7241884031634527,0.7180846700109669,-0.5030518665762429,0.0,0.0,0.0,12.7177211225203,0.45432948983760174,0.9625884118235514,0.5183155706046668
2025-06-02 05:10:20,1165.08,1169.84,1167.3692282786465,1171.597071522574,15.02,76.99,1169.4831499006102,2338.9662998012204,4.227843243927509,0.0036151382263794724,92.00999999999999,61.97,-0.7630760928821019,-0.5856905075247596,-0.6743833002035444,0.17738558535734228,0.26303338512448066,0.2543586976273673,-0.4914364974918044,-0.11853889993244593,0.0,0.0,0.0,12.71039166601694,0.5214642617141226,0.7992562389104445,0.5848246497373957
2025-06-02 05:10:21,1171.27,1165.71,1168.3444212089848,1170.1253036419305,15.02,76.99,1169.2348624254578,2338.4697248509156,1.7808824329456456,0.0015231178000699277,92.00999999999999,61.97,0.9751929303383804,-1.4717678806434833,-0.24828747515243776,2.4469608109818637,9.855313701046905,1.7382690232204823,-0.8860773731187237,0.42609582505110666,0.0,0.0,0.0,12.707693182455872,0.6978703811803518,1.142262486527347,0.5100318742717003
2025-06-02 05:10:22,1171.27,1171.9,1169.0758159067386,1170.5689777314478,15.02,76.99,1169.8223968190932,2339.6447936381865,1.4931618247092047,0.0012764004412062163,92.00999999999999,61.97,0.7313946977537853,0.44367408951734433,0.5875343936354511,0.28772060823644097,0.4897077033200205,-0.2437982325845951,1.9154419701608276,0.8358218687878889,0.0,0.0,0.0,12.714078731714103,0.5806306688116986,1.261302922473328,0.49880973433310066
2025-06-02 05:10:23,1171.27,1169.84,1169.624361930054,1170.3867332985858,15.02,76.99,1170.0055476143198,2340.0110952286395,0.7623713685318307,0.0006515963701494706,92.00999999999999,61.97,0.548546023315339,-0.18224443286203496,0.18315079522653832,0.7307904561773739,3.990080770289299,-0.18284867443844632,-0.6259185223793793,-0.4043835984089128,0.0,0.0,0.0,12.716069284841328,0.3784085929549436,1.575809449222787,0.5253424413388907
2025-06-02 05:10:24,1171.27,1165.71,1170.0357714475404,1169.2175499739394,15.02,76.99,1169.62666071074,2339.25332142148,0.8182214736009428,0.0006995578165123059,92.00999999999999,61.97,0.41140951748639054,-1.169183324646383,-0.37888690357976884,1.5805928421327735,4.171663511025774,-0.13713650582894843,-0.986938891784348,-0.5620376988063072,0.0,0.0,0.0,12.711951396574163,0.29818620148248387,1.416698593086,0.49557303926073853
2025-06-02 05:10:25,1167.14,1171.9,1169.3118285856553,1169.8881624804544,15.02,76.99,1169.5999955330549,2339.1999910661098,0.5763338947990633,0.0004927615394215461,92.00999999999999,61.97,-0.723942861885007,0.670612506514999,-0.02666517768511767,1.394555368400006,52.29678527111533,-1.1353523793713975,1.839795831161382,0.35222172589465117,0.0,0.0,0.0,12.711661589190234,0.2877532267216434,0.5207788704585463,0.38141948195366265
2025-06-02 05:10:26,1165.08,1163.65,1168.2538714392415,1168.3286218603407,15.02,76.99,1168.291246649791,2336.582493299582,0.0747504210992247,6.398269374147704e-05,92.00999999999999,61.97,-1.0579571464138553,-1.5595406201136939,-1.3087488832638883,0.5015834736998386,0.38325388228416934,-0.3340142845288483,-2.230153126628693,-1.2820837055787706,0.0,0.0,0.0,12.697437604090355,0.6785816448552296,0.5106593807237313,0.7172427566606958
2025-06-02 05:10:27,1169.21,1169.84,1168.4929035794312,1168.7064663952556,15.02,76.99,1168.5996849873434,2337.1993699746868,0.21356281582438896,0.00018275104673158533,92.00999999999999,61.97,0.23903214018969265,0.3778445349148569,0.3084383375523885,0.13881239472516427,0.4500476360334128,1.296989286603548,1.9373851550285508,1.6171872208162767,0.0,0.0,0.0,12.700789830307071,0.7372450482067404,0.330988760208993,0.6493773044258769
2025-06-02 05:10:28,1169.21,1171.9,1168.6721776845734,1169.5048497964417,15.02,76.99,1169.0885137405076,2338.177027481015,0.8326721118683054,0.0007122404346373433,92.00999999999999,61.97,0.17927410514221265,0.798383401186129,0.48882875316417085,0.6191092960439164,1.266513120440097,-0.05975803504748001,0.4205388662712721,0.18039041561178237,0.0,0.0,0.0,12.706102608786058,0.5946891655482779,0.3466257585072468,0.7111588236283796
2025-06-02 05:10:29,1163.02,1171.9,1167.2591332634302,1170.1036373473312,15.02,76.99,1168.6813853053807,2337.3627706107613,2.844504083901029,0.002433943174960219,92.00999999999999,61.97,-1.4130444211432405,0.5987875508894831,-0.4071284351268787,2.0118319720327236,4.941504589089099,-1.5923185262854531,-0.19959585029664595,-0.8959571882910495,0.0,0.0,0.0,12.70167778071626,0.5056314099293545,1.1227501905645252,0.7132087480939502
2025-06-02 05:10:30,1158.89,1165.71,1165.1668499475727,1169.0052280104983,15.02,76.99,1167.0860389790355,2334.172077958071,3.8383780629255853,0.0032888561180926595,92.00999999999999,61.97,-2.0922833158574576,-1.0984093368329013,-1.5953463263451795,0.9938739790245563,0.6229828217416747,-0.6792388947142172,-1.6971968877223844,-1.1882178912183008,0.0,0.0,0.0,12.684338944622288,0.7613489374714683,1.6873662618931091,0.9345853826709842
2025-06-02 05:10:31,1171.27,1171.9,1166.6926374606796,1169.7289210078739,15.02,76.99,1168.2107792342767,2336.4215584685535,3.0362835471942162,0.0025990887933642504,92.00999999999999,61.97,1.525787513106934,0.723692997375565,1.1247402552412495,0.802094515731369,0.7131369210417423,3.6180708289643917,1.8221023342084663,2.720086581586429,0.0,0.0,0.0,12.696563053338918,0.7637315507968294,1.549479689221873,1.03787244669471
2025-06-02 05:10:32,1167.14,1178.08,1166.8044780955097,1171.8166907559053,15.02,77.05,1169.3105844257075,2338.621168851415,5.012212660395562,0.00428646821714248,92.07,62.03,0.11184063483005957,2.0877697480314055,1.0998051914307325,1.975929113201346,1.7966157388429225,-1.4139468782768745,1.3640767506558404,-0.024935063810517022,0.0,0.060000000000002274,0.060000000000002274,12.700234297007421,0.8826408681954945,1.5338719496553115,1.153621852271878
2025-06-02 05:10:33,1169.21,1171.9,1167.4058585716323,1171.837518066929,15.02,77.05,1169.6216883192806,2339.243376638561,4.431659495296799,0.003788968292710118,92.07,62.03,0.6013804761225856,0.020827311023822404,0.3111038935730903,0.5805531650987632,1.866101038884396,0.48953984129252603,-2.066942437007583,-0.7887012978576422,0.0,0.0,0.0,12.703613290058296,0.9996710326872197,0.9166303952018693,1.142959554275261
2025-06-02 05:10:34,1163.02,1173.96,1166.3093939287241,1172.3681385501968,15.02,77.05,1169.3387662394605,2338.677532478921,6.05874462147267,0.005181342474239497,92.07,62.03,-1.0964646429081313,0.5306204832677395,-0.2829220798200822,1.6270851261758708,5.750980539341557,-1.6978451190307169,0.5097931722439171,-0.5940259733931725,0.0,0.0,0.0,12.700540388171177,1.0575480158689272,1.1482502288291807,1.130281225977511
2025-06-02 05:10:35,1169.21,1171.9,1167.0345454465432,1172.2511039126475,15.02,77.05,1169.6428246795954,2339.2856493591908,5.2165584661042885,0.004459958503206584,92.07,62.03,0.7251515178190857,-0.11703463754929544,0.30405844013489514,0.8421861553683812,2.769807623781546,1.821616160727217,-0.6476551208170349,0.5869805199549774,0.0,0.0,0.0,12.703842858431114,0.5875479286513431,1.1222080426204042,0.5992627862640764
2025-06-02 05:10:36,1167.14,1171.9,1167.0609090849075,1172.1633279344856,15.02,77.05,1169.6121185096965,2339.224237019393,5.102418849578044,0.004362488011595661,92.07,62.03,0.026363638364273356,-0.08777597816197158,-0.03070616989884911,0.11413961652624494,3.717034715417484,-0.6987878794548124,0.02925865938732386,-0.33476461003374425,0.0,0.0,0.0,12.703509349475262,0.16546681544312797,0.5844835479256232,0.5213075018317721
2025-06-02 05:10:37,1163.02,1178.08,1166.0506818136805,1173.642495950864,15.02,77.05,1169.8465888822723,2339.6931777645445,7.591814137183519,0.006489580944068506,92.07,62.03,-1.010227271226995,1.4791680163784804,0.23447037257574266,2.4893952876054755,10.617054270884653,-1.0365909095912684,1.566943994540452,0.26517654247459177,0.0,0.0,0.0,12.706056002782843,0.1807843202020165,1.215032155326777,0.25871854391282784
2025-06-02 05:10:38,1169.21,1165.71,1166.8405113602603,1171.659371963148,15.02,77.05,1169.2499416617043,2338.4998833234085,4.818860602887753,0.004121326353814481,92.07,62.03,0.7898295465797673,-1.9831239877159987,-0.596647220568002,2.772953534295766,4.647551838260654,1.8000568178067624,-3.462292004094479,-0.8311175931437447,0.0,0.0,0.0,12.699575637690113,0.24206432632117605,1.1245276218916975,0.3730832524652894
2025-06-02 05:10:39,1171.27,1178.08,1167.9478835201953,1173.264528972361,15.08,77.05,1170.6062062462781,2341.2124124925563,5.316645452165631,0.004541788194231817,92.13,61.97,1.1073721599350392,1.6051570092129168,1.3562645845738643,0.4977848492778776,0.3670260861439469,0.3175426133552719,3.5882809969289156,1.9529118051418664,0.0600000000000005,0.0,0.0600000000000005,12.706026197115511,0.5035743616801619,1.1238302623085836,0.7110786620528272
2025-06-02 05:10:40,1173.33,1176.02,1169.2934126401465,1173.9533967292707,15.08,77.05,1171.6234046847085,2343.246809369417,4.659984089124237,0.003977373673583189,92.13,61.97,1.345529119951152,0.6888677569097581,1.0171984384303414,0.656661363041394,0.6455581258034313,0.23815696001611286,-0.9162892523031587,-0.33906614614352293,0.0,0.0,0.0,12.717067100484549,0.9438533992413581,1.1975947281879047,0.790808760934153
2025-06-02 05:10:41,1167.14,1169.84,1168.7550594801098,1172.925047546953,15.08,77.05,1170.8400535135315,2341.680107027063,4.169988066843189,0.0035615351992512446,92.13,61.97,-0.5383531600366496,-1.0283491823176973,-0.7833511711769461,0.48999602228104777,0.625511794452365,-1.8838822799878017,-1.7172169392274554,-1.8005496096072875,0.0,0.0,0.0,12.708564428578825,0.9160050526936034,1.3388497939051338,0.9483122811866069
2025-06-02 05:10:42,1163.02,1176.02,1167.3212946100825,1173.6987856602148,15.08,77.05,1170.5100401351488,2341.0200802702975,6.377491050132221,0.005448471884912149,92.13,61.97,-1.4337648700272894,0.7737381132617429,-0.3300133783827732,2.2075029832890323,6.689111529342578,-0.8954117099906398,1.8020872955794403,0.45333779279417286,0.0,0.0,0.0,12.704982388257532,0.8558574019711654,0.8383857201171392,0.9829354717672424
2025-06-02 05:10:43,1171.27,1178.08,1168.308470957562,1174.794089245161,15.08,77.05,1171.5512801013615,2343.102560202723,6.485618287599209,0.005535923516298967,92.13,61.97,0.9871763474793624,1.0953035849463504,1.0412399662127427,0.10812723746698794,0.10384458638836898,2.420941217506652,0.3215654716846075,1.371253344595516,0.0,0.0,0.0,12.716284243841065,0.5267420675575316,1.0248826495605101,0.9515307559769467
2025-06-02 05:10:44,1171.27,1169.84,1169.0488532181714,1173.5555669338708,15.08,77.05,1171.302210076021,2342.604420152042,4.506713715699334,0.0038476096715972428,92.13,61.97,0.7403822606095218,-1.2385223112903532,-0.24907002534041567,1.978904571899875,7.945141628558457,-0.2467940868698406,-2.3338258962367036,-1.2903099915531584,0.0,0.0,0.0,12.713580781096715,0.47768599269301065,1.1027809809602376,0.837641455068847
2025-06-02 05:10:45,1171.27,1163.65,1169.6041399136284,1171.079175200403,15.08,77.05,1170.3416575570157,2340.6833151140313,1.4750352867745278,0.0012603458793333795,92.13,61.97,0.5552866954569708,-2.4763917334678354,-0.9605525190054323,3.031678428924806,3.15617856677454,-0.185095565152551,-1.2378694221774822,-0.7114824936650166,0.0,0.0,0.0,12.703154725429947,0.513063816994426,2.0416907043602377,0.7846735681089918
2025-06-02 05:10:46,1171.27,1171.9,1170.0206049352214,1171.2843814003022,15.08,77.05,1170.6524931677618,2341.3049863355236,1.2637764650808094,0.0010795487741896035,92.13,61.97,0.41646502159301235,0.205206199899294,0.3108356107461532,0.21125882169371835,0.6796458795075601,-0.1388216738639585,2.6815979333671294,1.2713881297515854,0.0,0.0,0.0,12.706528605896377,0.5260614011502164,2.5469357317517582,0.7528893538707956
2025-06-02 05:10:47,1167.14,1171.9,1169.300453701416,1171.4382860502267,15.08,77.05,1170.3693698758213,2340.7387397516427,2.1378323488106616,0.0018266304655690532,92.13,61.97,-0.7201512338053817,0.1539046499244705,-0.2831232919404556,0.8740558837298522,3.087180819912396,-1.136616255398394,-0.0513015499748235,-0.5939589026866088,0.0,0.0,0.0,12.703455521245695,0.5532848229176737,2.255660644502713,0.7486149940898741
2025-06-02 05:10:48,1171.27,1173.96,1169.7928402760622,1172.06871453767,15.08,77.05,1170.9307774068661,2341.8615548137323,2.275874261607896,0.0019436454345357489,92.13,61.97,0.49238657464616153,0.6304284874433961,0.5614075310447788,0.13804191279723454,0.2458849575020514,1.2125378084515432,0.4765238375189256,0.8445308229852344,0.0,0.0,0.0,12.70954916636619,0.4043621244449974,1.288964782574889,0.5915336617168236
2025-06-02 05:10:49,1171.27,1169.84,1170.1621302070466,1171.5115359032525,15.08,77.05,1170.8368330551496,2341.673666110299,1.3494056962058494,0.0011525138746551328,92.13,61.97,0.3692899309844506,-0.5571786344175962,-0.09394435171657278,0.9264685654020468,9.861781860130176,-0.12309664366171091,-1.1876071218609923,-0.6553518827613516,0.0,0.0,0.0,12.70852947299056,0.2668103837489635,0.4709416234870361,0.5873941436414262
2025-06-02 05:10:50,1167.14,1171.9,1169.406597655285,1171.6086519274395,15.08,77.05,1170.507624791362,2341.015249582724,2.2020542721545553,0.001881281440320203,92.13,61.97,-0.7555325517616893,0.09711602418701659,-0.32920826378745005,0.8526485759487059,2.589989619791526,-1.12482248274614,0.6542946586046128,-0.23526391207087727,0.0,0.0,0.0,12.70495617156633,0.23039589641194355,0.49556093699067527,0.38847477036835143
2025-06-02 05:10:51,1165.08,1173.96,1168.3249482414637,1172.1964889455796,15.08,77.05,1170.2607185935217,2340.5214371870434,3.871540704115887,0.003308271942563899,92.13,61.97,-1.0816494138211965,0.5878370181401351,-0.246906197840417,1.6694864319613316,6.761594828192766,-0.3261168620595072,0.4907209939531185,0.08230206594703304,0.0,0.0,0.0,12.702276195498161,0.29178167204684513,0.9202131709816631,0.3683768599023857
2025-06-02 05:10:52,1169.21,1165.71,1168.5462111810978,1170.5748667091848,15.08,77.05,1169.5605389451412,2339.1210778902823,2.028655528087029,0.0017345451208384509,92.13,61.97,0.22126293963401622,-1.6216222363948418,-0.7001796483805265,1.842885176028858,2.6320138671231983,1.3029123534552127,-2.209459254534977,-0.4532734505401095,0.0,0.0,0.0,12.694676286231031,0.5491727577658243,0.9282805249715325,0.4617236061033847
2025-06-02 05:10:53,1163.02,1165.71,1167.1646583858233,1169.3586500318886,15.08,77.05,1168.2616542088558,2336.5233084177116,2.193991646065342,0.0018779967965935776,92.13,61.97,-1.3815527952745015,-1.2162166772961882,-1.2988847362853448,0.16533611797831327,0.1272907334028892,-1.6028157349085177,0.4054055590986536,-0.5987050879048184,0.0,0.0,0.0,12.680577895672181,1.021682150792573,0.9305356005030553,0.4823576633648902
2025-06-02 05:10:54,1169.21,1173.96,1167.6759937893676,1170.5089875239164,15.08,77.05,1169.092490656642,2338.184981313284,2.832993734548836,0.0024232417492771607,92.13,61.97,0.5113354035443081,1.150337492027802,0.8308364477861687,0.6390020884834939,0.7691060269203861,1.8928881988188095,2.36655416932399,2.1297211840715136,0.0,0.0,0.0,12.689595983578053,0.9069908814473497,0.7611503713370846,0.7791721523455148
2025-06-02 05:10:55,1171.27,1173.96,1168.5744953420258,1171.3717406429373,15.08,77.05,1169.9731179924815,2339.946235984963,2.797245300911527,0.0023908628800979334,92.13,61.97,0.8985015526582174,0.8627531190209083,0.8806273358395629,0.03574843363730906,0.040594235027910666,0.38716614911390934,-0.28758437300689366,0.049790888053394156,0.0,0.0,0.0,12.699154513115458,0.7875682445511737,0.7239347293944294,0.9548520792092915
2025-06-02 05:10:56,1167.14,1173.96,1168.2158715065193,1172.0188054822029,15.08,77.05,1170.117338494361,2340.234676988722,3.8029339756835725,0.0032500449718375437,92.13,61.97,-0.3586238355064779,0.6470648392655676,0.14422050187954483,1.0056886747720455,6.973222866670785,-1.2571253881646953,-0.21568827975534077,-0.736406833960018,0.0,0.0,0.0,12.700719915268005,0.7515316617867864,0.6974057651221355,0.9565347338641775
2025-06-02 05:10:57,1171.27,1165.71,1168.9794036298895,1170.4416041116522,15.08,77.05,1169.710503870771,2339.421007741542,1.462200481762693,0.0012500533043637461,92.13,61.97,0.7635321233701688,-1.5772013705507106,-0.4068346235901572,2.3407334939208795,5.753511635153452,1.1221559588766468,-2.224266209816278,-0.551055125469702,0.0,0.0,0.0,12.696304039666417,0.762402946940331,0.8657475441047534,0.913059600201864
2025-06-02 05:10:58,1169.21,1173.96,1169.0370527224172,1171.3212030837392,15.08,77.05,1170.179127903078,2340.358255806156,2.284150361321963,0.001951966416853732,92.13,61.97,0.057649092527753965,0.8795989720870239,0.46862403230716154,0.8219498795592699,1.7539606783542896,-0.7058830308424149,2.4568003426377345,0.8754586558973187,0.0,0.0,0.0,12.701390591573729,0.4421360128642404,0.8555911573361482,0.5330044750658444
2025-06-02 05:10:59,1169.21,1165.71,1169.0802895418128,1169.9184023128043,15.08,77.05,1169.4993459273087,2338.9986918546174,0.838112770991529,0.0007166423591373093,92.13,61.97,0.0432368193955881,-1.4028007709348458,-0.6797819757694015,1.4460375903304339,2.1272047725139913,-0.014412273132165865,-2.2823997430218697,-1.148406008076563,0.0,0.0,0.0,12.69401208328771,0.2858507161512945,1.1538464929769499,0.6345124594373441
2025-06-02 05:11:00,1167.14,1167.77,1168.5952171563597,1169.3813017346033,15.08,77.05,1168.9882594454816,2337.9765188909632,0.7860845782436172,0.0006724486505485125,92.13,61.97,-0.4850723854531225,-0.5371005782010343,-0.5110864818270784,0.05202819274791182,0.10179899644952575,-0.5283092048487106,0.8657001927338115,0.16869549394232308,0.0,0.0,0.0,12.68846463428869,0.4875130992639074,1.2557355323808543,0.4835406143069827
2025-06-02 05:11:01,1163.02,1163.65,1167.20141286727,1167.9484763009525,15.08,77.05,1167.574944584111,2335.149889168222,0.7470634336825697,0.0006398419531937034,92.13,61.97,-1.3938042890897577,-1.4328254336508053,-1.4133148613705089,0.03902114456104755,0.02760964171392536,-0.9087319036366353,-0.895724855449771,-0.9022283795434305,0.0,0.0,0.0,12.673124193107425,0.9992616633852158,0.6612118563077738,0.67326468782537
2025-06-02 05:11:02,1169.21,1163.65,1167.7035596504525,1166.8738572257143,15.08,77.05,1167.2887084380834,2334.577416876167,0.829702424738116,0.0007107945258354491,92.13,61.97,0.5021467831825248,-1.0746190752381608,-0.2862361460277043,1.5767658584206856,5.508599705881898,1.8959510722722825,0.3582063584126445,1.1270787153428046,0.0,0.0,0.0,12.670017320829981,1.2416899442130869,0.6646278223261851,0.6799435298702061
2025-06-02 05:11:03,1169.21,1167.77,1168.0801697378392,1167.0978929192856,15.08,77.05,1167.5890313285624,2335.178062657125,0.9822768185536006,0.0008412864384265519,92.13,61.97,0.3766100873867799,0.22403569357129527,0.3003228904790376,0.15257439381548465,0.508032822737205,-0.1255366957957449,1.298654768809456,0.5865590365067419,0.0,0.0,0.0,12.673277093837896,0.9878472846338736,0.0892191032255794,0.6227312302737383
2025-06-02 05:11:04,1169.21,1165.71,1168.3626273033794,1166.7509196894644,15.08,77.05,1167.556773496422,2335.113546992844,1.6117076139150868,0.0013804104854860107,92.13,61.97,0.28245756554019863,-0.34697322982128753,-0.032257832140430764,0.6294307953614862,19.511890344368837,-0.0941525218465813,-0.5710089233925828,-0.33258072261946836,0.0,0.0,0.0,12.672926959985837,0.6759614231824884,0.3580731939072784,0.6475176246639488
2025-06-02 05:11:05,1171.27,1171.9,1169.0894704775346,1168.0381897670982,15.13,77.05,1168.5638301223164,2337.127660244633,1.0512807104364583,0.0008996348187730432,92.17999999999999,61.919999999999995,0.7268431741551922,1.2872700776338206,1.0070566258943927,0.5604269034786284,0.5564993393311525,0.44438560861499354,1.6342433074551082,1.0393144580348235,0.05000000000000071,0.0,0.05000000000000071,12.67697784167215,0.49060058582811544,0.3392081385271013,0.8872372051245502
2025-06-02 05:11:06,1171.27,1165.71,1169.634602858151,1167.4561423253235,15.13,77.05,1168.5453725917373,2337.0907451834746,2.1784605328275575,0.0018642498460557518,92.17999999999999,61.919999999999995,0.545132380616451,-0.5820474417746482,-0.018457530579098602,1.1271798223910992,61.06552293319891,-0.1817107935387412,-1.8693175194084688,-1.0255141564734913,0.0,0.0,0.0,12.676777608103274,0.6010360467960657,0.5585999512729162,0.4998307619006299
2025-06-02 05:11:07,1171.27,1171.9,1170.0434521436132,1168.5671067439926,15.13,77.05,1169.3052794438029,2338.6105588876057,1.4763453996206408,0.0012625833683572374,92.17999999999999,61.919999999999995,0.40884928546211086,1.1109644186690275,0.7599068520655692,0.7021151332069167,0.9239477277388813,-0.13628309515434012,1.6930118604436757,0.7783643826446678,0.0,0.0,0.0,12.685021336068363,0.7412044229997953,0.48340945486149417,0.4663380839228792
2025-06-02 05:11:08,1173.33,1204.89,1170.86508910771,1177.6478300579945,15.13,77.1,1174.2564595828521,2348.5129191657043,6.782740950284506,0.005776200666520357,92.22999999999999,61.96999999999999,0.8216369640967969,9.080723314001943,4.9511801390492565,8.259086349905147,1.6681042599647415,0.412787678634686,7.969758895332916,4.191273286983687,0.0,0.04999999999999716,0.04999999999999716,12.731827462333566,2.6514037196721394,2.361612206376587,2.0746245192708472
2025-06-02 05:11:09,1173.33,1176.02,1171.4813168307824,1177.2408725434957,15.13,77.1,1174.361094687139,2348.722189374278,5.759555712713336,0.0049044163110183074,92.22999999999999,61.96999999999999,0.6162277230723703,-0.40695751449879936,0.10463510428689915,1.0231852375711696,9.778510434273464,-0.2054092410244266,-9.487680828500743,-4.846545034762357,0.0,0.0,0.0,12.732961964156752,3.030407497147857,2.6318809166357577,2.0528844373883945
2025-06-02 05:11:10,1167.14,1167.77,1170.3959876230867,1174.8731544076218,15.13,77.1,1172.6345710153541,2345.2691420307083,4.477166784535029,0.0038180409237298235,92.22999999999999,61.96999999999999,-1.0853292076956222,-2.367718135873929,-1.7265236717848893,1.2823889281783067,0.7427573721564993,-1.7015569307679925,-1.9607606213751296,-1.8311587760717885,0.0,0.0,0.0,12.714242202115495,2.743356796151978,2.2728441640342583,2.4884548460942506
2025-06-02 05:11:11,1171.27,1173.96,1170.6144907173152,1174.6448658057163,15.13,77.1,1172.629678261516,2345.259356523032,4.030375088401115,0.003437039979185342,92.22999999999999,61.96999999999999,0.21850309422848113,-0.2282886019054331,-0.004892753838248609,0.44679169613391423,91.2983592762429,1.3038323019241034,2.139429533968496,1.7216309179466407,0.0,0.0,0.0,12.71418915263284,2.043010789031037,2.0100252346408443,2.487327333988116
2025-06-02 05:11:12,1163.02,1176.02,1168.7158680379864,1174.9886493542872,15.13,77.1,1171.8522586961367,2343.7045173922734,6.2727813163007795,0.0053528772628106906,92.22999999999999,61.96999999999999,-1.8986226793288097,0.3437835485708547,-0.7774195653792049,2.2424062278996644,2.8844184573453866,-2.117125773557291,0.5720721504762878,-0.7725268115409563,0.0,0.0,0.0,12.705760012906612,1.108093699764141,1.1736350476685695,2.58906362035144
2025-06-02 05:11:13,1171.27,1176.02,1169.35440102849,1175.2464870157155,15.13,77.1,1172.3004440221027,2344.6008880442055,5.892085987225528,0.005026088672272437,92.22999999999999,61.96999999999999,0.6385329905035633,0.25783766142831155,0.4481853259660511,0.3806953290752517,0.8494130833971235,2.537155669832373,-0.08594588714254314,1.225604891345256,0.0,0.0,0.0,12.710619443906358,0.9527998170999799,0.9741838789570824,0.8706187922377009
2025-06-02 05:11:14,1173.33,1176.02,1170.3483007713676,1175.4398652617865,15.13,77.1,1172.894083016577,2345.788166033154,5.091564490418932,0.00434102666200077,92.22999999999999,61.96999999999999,0.993899742877602,0.1933782460710063,0.5936389944743041,0.8005214968065957,1.3484965707465426,0.3553667523740387,-0.06445941535730526,0.14545366850825303,0.0,0.0,0.0,12.717055950336347,0.4007733356769106,0.9382123468728337,0.9628268020218904
2025-06-02 05:11:15,1171.27,1171.9,1170.5787255785258,1174.55489894634,15.13,77.1,1172.566812262433,2345.133624524866,3.9761733678142264,0.0033909994064656476,92.22999999999999,61.96999999999999,0.23042480715821512,-0.8849663154464906,-0.32727075414413775,1.1153911226047057,3.4081496752495872,-0.7634749357193868,-1.078344561517497,-0.9209097486184419,0.0,0.0,0.0,12.713507530618298,0.3945857714411548,1.0486581262762307,0.5621099444603397
2025-06-02 05:11:16,1171.27,1165.71,1170.7515441838943,1172.3436742097551,15.13,77.1,1171.5476091968249,2343.0952183936497,1.592130025860797,0.001358997288717368,92.22999999999999,61.96999999999999,0.17281860536854765,-2.2112247365848816,-1.0192030656080533,2.3840433419534293,2.3391226766065913,-0.057606201789667466,-1.326258421138391,-0.6919323114639155,0.0,0.0,0.0,12.702456863215527,0.540308174789976,1.8801341093301438,0.7192643578888044
2025-06-02 05:11:17,1171.27,1176.02,1170.881158137921,1173.2627556573163,15.13,77.1,1172.0719568976187,2344.1439137952375,2.3815975193954273,0.0020319550376986847,92.22999999999999,61.96999999999999,0.12961395402658127,0.9190814475612115,0.5243477007938964,0.7894674935346302,1.5056154279381784,-0.04320465134196638,3.130306184146093,1.5435507664019497,0.0,0.0,0.0,12.708142081638044,0.5097505479266772,1.8001161075438104,0.7007933770048786
2025-06-02 05:11:18,1171.27,1171.9,1170.9783686034407,1172.9220667429872,15.13,77.1,1171.950217673214,2343.900435346428,1.943698139546541,0.001658515957910769,92.22999999999999,61.96999999999999,0.09721046551976542,-0.34068891432912096,-0.12173922440479146,0.4378993798488864,3.596998296905156,-0.03240348850681585,-1.2597703618903324,-0.6460869251986878,0.0,0.0,0.0,12.706822129094569,0.5292717253302118,1.4838973642097075,0.6639874890046291
2025-06-02 05:11:19,1165.08,1165.71,1169.5037764525805,1171.1190500572404,15.13,77.1,1170.3114132549103,2340.6228265098207,1.615273604659933,0.001380208365897475,92.22999999999999,61.96999999999999,-1.4745921508601896,-1.8030166857467975,-1.6388044183036072,0.32842453488660794,0.20040483831605418,-1.571802616379955,-1.4623277714176766,-1.5170651938988158,0.0,0.0,0.0,12.689053459458496,0.8519360034141428,0.9890754169770914,0.8347582415638892
2025-06-02 05:11:20,1165.08,1173.96,1168.3978323394354,1171.8292875429304,15.13,77.1,1170.1135599411828,2340.2271198823655,3.431455203495034,0.0029325830569256347,92.22999999999999,61.96999999999999,-1.1059441131451422,0.7102374856899587,-0.19785331372759174,1.8161815988351009,9.179388432923641,0.3686480377150474,2.5132541714367562,1.4409511045760155,0.0,0.0,0.0,12.686908243025856,0.9238371677845297,0.762611320356889,0.8440486218062194
2025-06-02 05:11:21,1171.27,1169.84,1169.1158742545765,1171.3319656571978,15.13,77.1,1170.2239199558871,2340.4478399117743,2.2160914026212595,0.0018937327830481064,92.22999999999999,61.96999999999999,0.718041915141157,-0.4973218857326174,0.1103600147043835,1.2153638008737744,11.012618940930238,1.8239860282862992,-1.207559371422576,0.30821332843197524,0.0,0.0,0.0,12.688104816955248,0.986482874602136,0.687047679632999,0.8179754728629716
2025-06-02 05:11:22,1163.02,1171.9,1167.5919056909324,1171.4739742428983,15.13,77.1,1169.5329399669154,2339.0658799338307,3.882068551965858,0.003319332372764417,92.22999999999999,61.96999999999999,-1.5239685636440754,0.14200858570052333,-0.690979988971776,1.6659771493445987,2.4110318169877285,-2.2420104787852324,0.6393304714331407,-0.8013400036761595,0.0,0.0,0.0,12.680612894788059,0.9044860632755913,0.9850446711163394,0.6964117993486977
2025-06-02 05:11:23,1169.21,1173.96,1167.9964292681993,1172.0954806821737,15.13,77.1,1170.0459549751865,2340.091909950373,4.099051413974394,0.0035033251412402836,92.22999999999999,61.96999999999999,0.40452357726690025,0.6215064392754357,0.513015008271168,0.21698286200853545,0.4229553435179424,1.9284921409109756,0.47949785357491237,1.203994997242944,0.0,0.0,0.0,12.68617523895708,0.30409442379420265,1.0830732951418376,0.8295178791474447
2025-06-02 05:11:24,1167.14,1163.65,1167.7823219511495,1169.9841105116302,15.13,77.1,1168.8832162313897,2337.7664324627794,2.201788560480736,0.001883668554755949,92.22999999999999,61.96999999999999,-0.21410731704986574,-2.1113701705435233,-1.1627387437968082,1.8972628534936575,1.631717556414077,-0.618630894316766,-2.732876609818959,-1.6757537520679762,0.0,0.0,0.0,12.673568291855378,0.55729314736781,0.9063436957574751,0.6587820294294912
2025-06-02 05:11:25,1171.27,1169.84,1168.6542414633623,1169.9480828837227,15.13,77.1,1169.3011621735425,2338.602324347085,1.2938414203604225,0.0011065082812787693,92.22999999999999,61.96999999999999,0.8719195122127985,-0.036027627907515125,0.4179459421527554,0.9079471401203136,2.172398093029876,1.0860268292626643,2.075342542636008,1.5806846859495636,0.0,0.0,0.0,12.678099853577391,0.5467401611990441,1.2048711013504088,0.7327105920878949
2025-06-02 05:11:26,1171.27,1169.84,1169.3081810975218,1169.921062162792,15.13,77.1,1169.6146216301568,2339.2292432603135,0.6128810652701304,0.0005240025675225584,92.22999999999999,61.96999999999999,0.653939634159542,-0.02702072093075003,0.3134594566142823,0.6809603550902921,2.1723963604386114,-0.21797987805325647,0.009006906976765094,-0.10448648553847306,0.0,0.0,0.0,12.681498524868898,0.4269855871696279,1.5442121633168546,0.7568497013529761
2025-06-02 05:11:27,1169.21,1173.96,1169.2836358231414,1170.930796622094,15.13,77.1,1170.1072162226178,2340.2144324452356,1.6471607989526547,0.0014077007428963454,92.22999999999999,61.96999999999999,-0.024545274380443516,1.0097344593020807,0.492594592461046,1.0342797336825242,2.0996528379703565,-0.6784849085399856,1.0367551802328308,0.17913513584676366,0.0,0.0,0.0,12.686839461517712,0.5145346025149111,1.3219085422082413,0.7184657638832955
2025-06-02 05:11:28,1169.21,1173.96,1169.265226867356,1171.6880974665705,15.13,77.1,1170.4766621669633,2340.9533243339265,2.422870599214548,0.0020699862504383274,92.22999999999999,61.96999999999999,-0.01840895578538948,0.7573008444765037,0.3694459443454434,0.7757098002618932,2.099651417164199,0.0061363185950540355,-0.252433614825577,-0.12314864811560255,0.0,0.0,0.0,12.690845164004317,0.6324125402791633,0.7251294749661281,0.7012373045436447
2025-06-02 05:11:29,1163.02,1171.9,1167.703920150517,1171.741073099928,15.13,77.1,1169.7224966252224,2339.444993250445,4.037152949410938,0.0034513766791757785,92.22999999999999,61.96999999999999,-1.561306716838999,0.052975633357391416,-0.7541655417408037,1.6142823501963903,2.1404852388044495,-1.5428977610536094,-0.7043252111191123,-1.1236114860862472,0.0,0.0,0.0,12.682668155074861,0.4559587916536383,1.3111090137235288,0.5196062760092495
2025-06-02 05:11:30,1171.27,1171.9,1168.595440112888,1171.7808048249458,15.13,77.1,1170.1881224689168,2340.3762449378337,3.18536471205789,0.002722096258006075,92.22999999999999,61.96999999999999,0.8915199623709213,0.03973172501787303,0.4656258436943972,0.8517882373530483,1.8293366219927363,2.4528266792099203,-0.013243908339518384,1.219791385435201,0.0,0.0,0.0,12.687716684172182,0.3525746087332098,1.3281907649396367,0.5257446972645687
2025-06-02 05:11:31,1171.27,1171.9,1169.264080084666,1171.8106036187094,15.13,77.1,1170.5373418516876,2341.0746837033753,2.5465235340434447,0.002175516697177341,92.22999999999999,61.96999999999999,0.6686399717780205,0.029798793763575304,0.3492193827707979,0.6388411780144452,1.82933531240567,-0.22287999059290087,-0.009932931254297728,-0.1164064609235993,0.0,0.0,0.0,12.691503080995172,0.3266872012759699,0.8957383801552604,0.528295486645226
2025-06-02 05:11:32,1171.27,1176.02,1169.7655600634994,1172.862952714032,15.13,77.1,1171.3142563887657,2342.6285127775313,3.0973926505325835,0.00264437372890659,92.22999999999999,61.96999999999999,0.5014799788334585,1.0523490953225973,0.7769145370780279,0.5508691164891388,0.7090463379854036,-0.16715999294456196,1.022550301559022,0.42769515430723004,0.0,0.0,0.0,12.699926744972776,0.5816130253983766,0.6406074233412781,0.5822852778376152
2025-06-02 05:11:33,1167.14,1173.96,1169.1091700476245,1173.137214535524,15.13,77.1,1171.1231922915742,2342.2463845831485,4.0280444878994786,0.0034394711939554398,92.22999999999999,61.96999999999999,-0.6563900158748766,0.2742618214920185,-0.19106409719142903,0.930651837366895,4.870862606761038,-1.157869994708335,-0.7780872738305789,-0.967978634269457,0.0,0.0,0.0,12.697855140341746,0.6566672464104106,0.6450268188342498,0.6049852714572781
2025-06-02 05:11:34,1165.08,1171.9,1168.1018775357184,1172.827910901643,15.13,77.1,1170.4648942186807,2340.9297884373614,4.72603336592465,0.004037740375837306,92.22999999999999,61.96999999999999,-1.0072925119061438,-0.3093036338809725,-0.6582980728935581,0.6979888780251713,1.0602914492301445,-0.3509024960312672,-0.583565455372991,-0.4672339757021291,0.0,0.0,0.0,12.690717570508113,0.47352051148448127,0.8588952894151787,0.5705236205010497
2025-06-02 05:11:35,1163.02,1167.77,1166.8314081517888,1171.5634331762321,15.13,77.1,1169.1974206640105,2338.394841328021,4.732025024443374,0.004047242096812632,92.22999999999999,61.96999999999999,-1.2704693839295942,-1.2644777254108703,-1.2674735546702323,0.0059916585187238525,0.004727241660707536,-0.2631768720234504,-0.9551740915298979,-0.6091754817766741,0.0,0.0,0.0,12.676975040518656,0.8286981171265149,0.9797566121700161,0.8070940799832967
2025-06-02 05:11:36,1175.4,1171.9,1168.9735561138416,1171.647574882174,14.75,77.1,1170.3105654980077,2340.6211309960154,2.6740187683324166,0.002284879625016159,91.85,62.349999999999994,2.1421479620528316,0.08414170594187453,1.1131448339972394,2.058006256110957,1.848819977810797,3.412617345982426,1.3486194313527449,2.3806183886674717,-0.3800000000000008,0.0,0.3800000000000008,12.741541129629468,0.834206913400936,0.9389410029947555,0.9885283468696717
2025-06-02 05:11:37,1163.02,965.87,1167.4851670853814,1120.2031811616305,13.79,76.62,1143.844174123506,2287.688348247012,47.28198592375088,0.04133603768069687,90.41,62.830000000000005,-1.488389028460233,-51.44439372054353,-26.466391374501654,49.9560046920833,1.8875260362349984,-3.6305369905130647,-51.528535426485405,-27.579536208498894,-0.9600000000000009,-0.47999999999998977,0.4800000000000111,12.651743849925476,11.84005123752314,19.35658131797736,11.75653255568498
2025-06-02 05:11:38,1090.83,889.7,1148.321375314036,1062.5773858712228,12.91,75.63,1105.4493805926295,2210.898761185259,85.74398944281324,0.07756482645933657,88.53999999999999,62.72,-19.16379177134536,-57.62579529040772,-38.39479353087654,38.462003519062364,1.0017504713596468,-17.675402742885126,-6.181401569864192,-11.928402156374887,-0.879999999999999,-0.9900000000000091,0.11000000000001009,12.485310233875303,28.307907218230767,36.828398364776696,18.13352607078435
2025-06-02 05:11:39,855.92,873.24,1075.221031485527,1015.243039403417,11.93,74.72,1045.2320354444719,2090.4640708889438,59.97799208210995,0.05738246627622984,86.65,62.79,-73.10034382850904,-47.334346467805744,-60.21734514815762,25.765997360703295,0.42788330952528403,-53.93655205716368,10.291448822601978,-21.82255161728108,-0.9800000000000004,-0.9099999999999966,0.07000000000000384,12.062689248491433,52.65547461045003,35.99196218848882,25.821263024106383
2025-06-02 05:11:40,650.17,941.16,968.9582736141452,996.7222795525627,10.93,73.83,982.8402765833539,1965.6805531667078,27.764005938417426,0.028248746588494165,84.75999999999999,62.9,-106.26275787138172,-18.520759850854347,-62.39175886111798,87.74199802052738,1.40630747098396,-33.16241404287268,28.813586616951397,-2.1744137129603587,-1.0,-0.8900000000000006,0.10999999999999943,11.59556707158786,75.95058024482181,31.53451713246004,26.215130814974525
2025-06-02 05:11:41,588.5,969.98,873.843705210609,990.036709664422,9.87,72.9,931.9402074375155,1863.880414875031,116.19300445381305,0.12467860427293016,82.77000000000001,63.03000000000001,-95.11456840353628,-6.685569888140662,-50.900069145838415,88.42899851539562,1.7373060245699008,11.148189467845441,11.835189962713685,11.491689715279563,-1.0600000000000005,-0.9299999999999926,0.1300000000000079,11.259395870220123,86.6334812018781,34.4531988533622,15.16757884285466
2025-06-02 05:11:42,718.04,690.22,834.8927789079567,915.0825322483165,8.81,71.84,874.9876555781366,1749.9753111562732,80.18975334035986,0.09164672522805914,80.65,63.03,-38.950926302652306,-74.9541774161055,-56.9525518593789,36.00325111345319,0.6321622000395405,56.163642100883976,-68.26860752796483,-6.052482713540485,-1.0599999999999987,-1.0600000000000023,3.552713678800501e-15,10.84919584288829,90.84455892108559,32.75234482688788,9.62633224849853
2025-06-02 05:11:43,617.27,593.66,780.4870841809675,834.7268991862373,7.69,70.8,807.6069916836025,1615.213983367205,54.23981500526986,0.06716115077834582,78.49,63.11,-54.40569472698917,-80.35563306207916,-67.38066389453411,25.949938335089996,0.38512440290857153,-15.454768424336862,-5.40145564597367,-10.428112035155209,-1.12,-1.0400000000000063,0.07999999999999385,10.289297762699768,92.2899736614826,32.951674309931036,6.1523689235034045
2025-06-02 05:11:44,182.1,649.12,630.8903131357256,788.325174389678,6.67,69.78,709.6077437627018,1419.2154875254037,157.43486125395236,0.22186181367933036,76.45,63.11,-149.5967710452419,-46.40172479655939,-97.99924792090064,103.1950462486825,1.05301874641892,-95.19107631825273,33.95390826551977,-30.618584026366534,-1.0200000000000005,-1.019999999999996,4.440892098500626e-15,9.281984754489432,107.0547322223113,51.09226558171443,18.319492369349497
2025-06-02 05:11:45,305.13,612.15,549.4502348517942,744.2813807922585,5.59,68.73,646.8658078220263,1293.7316156440527,194.83114594046424,0.30119252445149497,74.32000000000001,63.14,-81.44007828393137,-44.043793597419494,-62.74193594067549,37.396284686511876,0.5960333153544696,68.15669276131052,2.357931199139898,35.257311980225154,-1.08,-1.0499999999999972,0.030000000000002913,8.703791699653317,116.77111313448196,56.84001967302776,18.29753027029378
2025-06-02 05:11:46,147.25,318.7,448.90017613884567,637.8860355941938,4.43,67.62,543.3931058665197,1086.7862117330394,188.98585945534813,0.3477884740664755,72.05000000000001,63.190000000000005,-100.55005871294856,-106.39534519806466,-103.47270195550664,5.845286485116105,0.05649109686087532,-19.109980429017185,-62.351551600645166,-40.73076601483115,-1.1600000000000001,-1.1099999999999994,0.05000000000000071,7.541888942742966,130.65339769566148,64.2725442815765,21.430003330250297
2025-06-02 05:11:47,155.45,236.71,375.5376321041343,537.5920266956454,4.43,66.56,456.56482939988985,913.1296587997797,162.05439459151108,0.35494278972292514,70.99000000000001,62.13,-73.36254403471139,-100.29400889854844,-86.82827646662986,26.93146486383705,0.31016928643076497,27.187514678237164,6.10133629951622,16.644425488876777,0.0,-1.0600000000000023,1.0600000000000023,6.431396294809036,137.57469659424797,56.7647312411543,18.102308804780307
2025-06-02 05:11:48,161.6,255.16,322.0532240781007,466.984020021734,4.43,65.45,394.5186220499173,789.0372440998347,144.9307959436333,0.3673611015449976,69.88,61.02,-53.48440802603358,-70.60800667391135,-62.04620734997252,17.12359864787777,0.27598138715087744,19.878136008677814,29.686002224637093,24.78206911665734,0.0,-1.1099999999999994,1.1099999999999994,5.645658506071249,130.19761623880206,21.365318997943678,19.413168108124164
2025-06-02 05:11:49,163.65,175.26,282.4524180585755,394.0530150163005,4.43,65.31,338.252716537438,676.505433074876,111.60059695772497,0.32993259528025215,69.74000000000001,60.88,-39.60080601952518,-72.93100500543352,-56.26590551247932,33.33019898590834,0.5923693592054003,13.883602006508397,-2.3229983315221716,5.780301837493198,0.0,-0.14000000000000057,0.14000000000000057,4.8501966115176565,122.19674414591748,34.0074909249291,20.105800719457736
2025-06-02 05:11:50,163.65,259.25,252.75181354393163,360.3522612622254,4.43,65.31,306.55203740307854,613.1040748061571,107.60044771829376,0.3510022255236558,69.74000000000001,60.88,-29.700604514643885,-33.700753754075095,-31.70067913435946,4.0001492394312095,0.12618496582650798,9.900201504881295,39.230251251358425,24.56522637811986,0.0,0.0,0.0,4.395641425400589,94.90502184424105,34.35310060938316,27.854865840734185
2025-06-02 05:11:51,163.65,148.63,230.47636015794873,307.42169594666905,4.43,65.17,268.9490280523089,537.8980561046178,76.94533578872031,0.286096350895377,69.6,60.74,-22.2754533859829,-52.93056531555635,-37.60300935076964,30.65511192957345,0.8152302606524167,7.4251511286609855,-19.229811561481256,-5.902330216410178,0.0,-0.14000000000000057,0.14000000000000057,3.864210117645098,73.97453286645197,33.41466116114122,21.850300708318102
2025-06-02 05:11:52,163.65,249.01,213.76977011846154,292.81877196000175,4.43,65.17,253.29427103923166,506.5885420784633,79.04900184154022,0.31208365355098383,69.6,60.74,-16.706590039487196,-14.602923986667292,-15.654757013077244,2.1036660528199036,0.13437870141861027,5.568863346495704,38.32764132888906,21.948252337692395,0.0,0.0,0.0,3.6392854511486528,56.6292025181324,27.84136461707514,18.81349766362211
2025-06-02 05:11:53,163.65,228.52,201.23982758884614,276.74407897000134,4.43,65.06,238.99195327942374,477.9839065588475,75.5042513811552,0.3159280052284832,69.49000000000001,60.63,-12.529942529615397,-16.074692990000415,-14.30231775980792,3.5447504603850177,0.2478444593436417,4.176647509871799,-1.4717690033331223,1.3524392532693241,0.0,-0.10999999999999943,0.10999999999999943,3.4392279441674454,40.64502790976983,17.86574234192173,17.296605618043785
2025-06-02 05:11:54,163.65,251.06,191.8423706916346,270.323059227501,4.43,64.97,231.0827149595678,462.1654299191356,78.48068853586639,0.33962162946707813,69.4,60.54,-9.397456897211526,-6.421019742500334,-7.909238319855945,2.976437154711192,0.3763240729407343,3.1324856324038706,9.65367324750008,6.3930794399519755,0.0,-0.09000000000000341,0.09000000000000341,3.3297220695943186,29.87237902148102,13.53450036090726,12.589889628336962
2025-06-02 05:11:55,163.65,238.76,184.79427801872595,262.43229442062574,4.43,64.97,223.61328621967584,447.2265724393517,77.63801640189979,0.34719768832712006,69.4,60.54,-7.048092672908666,-7.890764806875268,-7.469428739891953,0.8426721339666017,0.11281612697501471,2.3493642243028603,-1.4697450643749335,0.43980957996399184,0.0,0.0,0.0,3.222093414950755,18.118232660072714,1.3845683984057535,12.310515318247253
