time,force_left_raw,force_right_raw,force_left,force_right,dis_left,dis_right,force_avg,force_sum,force_diff,force_diff_ratio,total_delta_dis,dis_diff,left_force_rate,right_force_rate,force_rate,force_rate_diff,force_rate_ratio,left_force_acc,right_force_acc,force_acc,left_dis_rate,right_dis_rate,dis_rate_diff,stiffness_ratio,force_std_5s,force_diff_std_5s,force_rate_std_5s
2025-05-08 03:48:37,624.47,274.36,624.47,274.36,1.96,0.48,449.415,898.83,350.11,0.7790349659467642,2.44,1.48,0.0,0.0,0.0,0.0,0.0,0.0,0.0,0.0,0.0,0.0,0.0,184.1863999236066,0.0,0.0,0.0
2025-05-08 03:48:38,638.85,309.24,628.065,283.08000000000004,2.46,0.98,455.57250000000005,911.1450000000001,344.985,0.7572559784507273,3.44,1.48,3.5950000000000273,8.720000000000027,6.157500000000027,5.125,0.8323181758313928,3.5950000000000273,8.720000000000027,6.157500000000027,0.5,0.5,0.0,132.43382778086402,0.0,0.0,0.0
2025-05-08 03:48:39,622.42,362.58,626.6537500000001,302.95500000000004,2.96,1.5,464.80437500000005,929.6087500000001,323.69875,0.6964193254497242,4.46,1.46,-1.4112499999999955,19.875,9.231875000000002,21.286249999999995,2.3057339591649617,-5.006250000000023,11.154999999999973,3.074374999999975,0.5,0.52,0.020000000000000018,104.21620421161342,0.0,0.0,0.0
2025-05-08 03:48:40,624.47,413.9,626.1078125000001,330.69125,3.47,2.0,478.3995312500001,956.7990625000002,295.4165625000001,0.6175101407616396,5.470000000000001,1.4700000000000002,-0.5459374999999227,27.736249999999984,13.59515625000006,28.282187499999907,2.0803133777654383,0.8653125000000728,7.861249999999984,4.363281250000057,0.5100000000000002,0.5,0.010000000000000231,87.45876486128614,0.0,0.0,0.0
2025-05-08 03:48:41,630.63,450.86,627.2383593750001,360.73343750000004,3.95,2.5,493.98589843750005,987.9717968750001,266.50492187500004,0.5394990467915546,6.45,1.4500000000000002,1.1305468749999363,30.04218750000001,15.586367187499945,28.911640625000075,1.854931198673134,1.676484374999859,2.3059375000000273,1.9912109374998863,0.48,0.5,0.020000000000000018,76.58694912411642,17.97585906899846,35.129159620024055,6.196620859910816
2025-05-08 03:48:42,640.91,496.04,630.65626953125,394.560078125,4.45,3.0,512.608173828125,1025.21634765625,236.09619140625,0.46057827986339056,7.45,1.4500000000000002,3.4179101562499454,33.82664062499998,18.622275390624964,30.408730468750036,1.6329223039595062,2.287363281250009,3.7844531249999704,3.035908203125018,0.5,0.5,0.0,68.80645704988831,22.821597354382707,43.56072450690265,4.975417943777883
2025-05-08 03:48:43,645.01,547.4,634.2447021484375,432.77005859375004,4.95,3.5,533.5073803710937,1067.0147607421875,201.47464355468742,0.37764171704036265,8.45,1.4500000000000002,3.5884326171874363,38.20998046875002,20.899206542968727,34.62154785156258,1.6565962025297252,0.1705224609374909,4.383339843750036,2.2769311523437636,0.5,0.5,0.0,63.13696061942405,27.23715323412823,48.07083817770251,4.521821832506273
2025-05-08 03:48:44,659.4,553.56,640.533526611328,462.9675439453125,5.45,4.0,551.7505352783203,1103.5010705566406,177.56598266601554,0.3218229453182546,9.45,1.4500000000000002,6.288824462890602,30.197485351562477,18.24315490722654,23.908660888671875,1.3105550931130887,2.700391845703166,-8.012495117187541,-2.6560516357421875,0.5,0.5,0.0,58.3862938510081,29.47678309717094,47.60696197181892,2.837905651877241
2025-05-08 03:48:45,661.45,590.55,645.7626449584961,494.86315795898435,5.95,4.5,570.3129014587403,1140.6258029174805,150.8994869995118,0.2645906945975656,10.45,1.4500000000000002,5.229118347168082,31.895614013671832,18.562366180419986,26.66649566650375,1.436589170298936,-1.0597061157225198,1.6981286621093545,0.3192112731934458,0.5,0.5,0.0,54.57539204625343,30.333198595905575,45.90853261502314,1.888215527475395
2025-05-08 03:48:46,675.84,607.0,653.2819837188721,522.8973684692382,6.45,5.0,588.0896760940552,1176.1793521881104,130.38461524963384,0.22170872968542343,11.45,1.4500000000000002,7.519338760375945,28.0342105102539,17.77677463531495,20.514871749877955,1.1540265890020889,2.2902204132078623,-3.8614035034179324,-0.785591545105035,0.5,0.5,0.0,51.361539277949,29.70184208852712,41.59276302549952,1.2093011021773252
2025-05-08 03:48:47,688.17,613.16,662.003987789154,545.4630263519286,6.94,5.5,603.7335070705414,1207.4670141410827,116.5409614372254,0.19303378043348315,12.440000000000001,1.4400000000000004,8.722004070281969,22.565657882690402,15.643830976486129,13.843653812408434,0.8849272884812686,1.202665309906024,-5.468552627563497,-2.1329436588288218,0.4900000000000002,0.5,0.009999999999999787,48.53162849991261,27.967301402178162,34.53349434933065,1.8794191694569407
2025-05-08 03:48:48,686.11,629.61,668.0304908418656,566.4997697639465,7.38,6.01,617.2651303029061,1234.5302606058121,101.53072107791911,0.1644847828413876,13.39,1.37,6.026503052711519,21.036743412017813,13.531623232364723,15.010240359306295,1.1092711489434537,-2.69550101757045,-1.5289144706725892,-2.112207744121406,0.4399999999999995,0.5099999999999998,0.07000000000000028,46.09896073218412,26.05378082311019,29.77477305446637,2.1301405948539247
2025-05-08 03:48:49,665.56,617.27,667.4128681313991,579.1923273229598,7.65,6.35,623.3025977271795,1246.605195454359,88.2205408084393,0.141537258128862,14.0,1.3000000000000007,-0.6176227104664349,12.69255755901338,6.037467424273473,13.310180269479815,2.204596253616269,-6.644125763177954,-8.344185853004433,-7.49415580809125,0.27000000000000046,0.33999999999999986,0.0699999999999994,44.521610943254906,21.660750073732395,24.46815395391233,5.022970095879245
2025-05-08 03:48:50,661.45,650.17,665.9221510985494,596.9367454922199,7.96,6.65,631.4294482953846,1262.8588965907693,68.98540560632955,0.10925275291374312,14.61,1.3099999999999996,-1.490717032849716,17.74441816926003,8.1268505682051,19.235135202109745,2.3668618825725676,-0.873094322383281,5.051860610246649,2.0893831439316273,0.3099999999999996,0.3000000000000007,0.009999999999998899,43.21898734266922,17.10331282869832,23.9448317940126,4.982425236977132
2025-05-08 03:48:51,696.39,654.28,673.539113323912,611.272559119165,8.24,6.83,642.4058362215385,1284.811672443077,62.26655420474708,0.09692713016752055,15.07,1.4100000000000001,7.616962225362613,14.335813626945082,10.976387926153848,6.718851401582469,0.6121185616494705,9.107679258212329,-3.408604542314947,2.8495373579487477,0.28000000000000025,0.17999999999999972,0.10000000000000053,42.62812167175958,14.576115502658777,22.47373108795931,3.897532222034023
2025-05-08 03:48:52,692.28,623.44,678.224334992934,614.3144193393737,8.47,7.13,646.2693771661538,1292.5387543323077,63.90991565356035,0.09889052121719019,15.600000000000001,1.3400000000000007,4.685221669021985,3.0418602202087186,3.8635409446153517,1.6433614488132662,0.4253510049512033,-2.9317405563406282,-11.293953406736364,-7.112846981538496,0.23000000000000043,0.2999999999999998,0.0699999999999994,41.4275215217072,12.297284772738355,17.177847363000584,3.8454366441843333
2025-05-08 03:48:53,671.73,660.45,676.6007512447005,625.8483145045302,8.72,7.33,651.2245328746153,1302.4490657492306,50.75243674017031,0.07793385245823989,16.05,1.3900000000000006,-1.6235837482335,11.533895165156537,4.9551557084614615,13.157478913390037,2.6553103539434444,-6.308805417255485,8.492034944947818,1.0916147638461098,0.25,0.20000000000000018,0.04999999999999982,40.574734722733986,11.375163126268642,13.693437607202908,2.8200229202459544
2025-05-08 03:48:54,710.77,637.83,685.1430634335254,628.8437358783976,8.94,7.54,656.9933996559615,1313.986799311923,56.299327555127775,0.0856923790998766,16.48,1.3999999999999995,8.542312188824894,2.99542137386743,5.768866781346219,5.5468908149574645,0.9615215715107005,10.165895937058394,-8.538473791289107,0.8137110728847574,0.21999999999999886,0.20999999999999996,0.009999999999998899,39.86610192899633,9.655042672355481,7.060357372023084,2.8404711673068004
2025-05-08 03:48:55,708.72,633.72,691.0372975751441,630.0628019087983,9.08,7.54,660.5500497419712,1321.1000994839424,60.974495666345774,0.0923086685071864,16.62,1.54,5.894234141618654,1.2190660304006542,3.556650086009654,4.6751681112179995,1.3144860145568154,-2.6480780472062406,-1.7763553434667756,-2.212216695336565,0.14000000000000057,0.0,0.14000000000000057,39.74428459673204,7.453511034441272,5.335379196117369,3.0120303237300883
2025-05-08 03:48:56,675.84,635.78,687.237973181358,631.4921014315987,9.3,7.6,659.3650373064784,1318.7300746129567,55.74587174975932,0.08454477946379707,16.9,1.700000000000001,-3.799324393786037,1.4292995228004202,-1.1850124354928084,5.228623916586457,4.412290831463901,-9.69355853540469,0.21023349239976596,-4.741662521502462,0.22000000000000064,0.05999999999999961,0.16000000000000103,39.01568037223657,6.004930186215183,5.079387284805707,2.7060790216398574
2025-05-08 03:48:57,706.66,633.72,692.0934798860185,632.0490760736991,9.49,7.6,662.0712779798588,1324.1425559597176,60.04440381231939,0.09069175135468462,17.09,1.8900000000000006,4.855506704660456,0.5569746421003856,2.706240673380421,4.298532062560071,1.5883770118692642,8.654831098446493,-0.8723248807000346,3.8912531088732294,0.1899999999999995,0.0,0.1899999999999995,38.740271459308794,4.238314418641121,4.058346922380765,2.7051400638242336
2025-05-08 03:48:58,675.84,631.67,688.0301099145139,631.9543070552743,9.62,7.67,659.992208484894,1319.984416969788,56.075802859239616,0.08496434056851256,17.29,1.9499999999999993,-4.063369971504585,-0.09476901842481311,-2.079069494964756,3.968600953079772,1.9088342423651425,-8.918876676165041,-0.6517436605251987,-4.785310168345177,0.129999999999999,0.07000000000000028,0.05999999999999872,38.171901117003635,1.8590497111451498,2.477658831938395,3.3017298372686863
2025-05-08 03:48:59,675.84,635.78,684.9825824358854,632.9107302914557,9.62,7.67,658.9466563636706,1317.8933127273413,52.07185214442973,0.07902286408547853,17.29,1.9499999999999993,-3.047527478628467,0.956423236181422,-1.045552121223409,4.003950714809889,3.8295048176269026,1.0158424928761178,1.051192254606235,1.033517373741347,0.0,0.0,0.0,38.111429627081606,1.2180217844348347,3.5978151651634813,2.5510007712018283
2025-05-08 03:49:00,682.0,635.78,684.2369368269141,633.6280477185917,9.67,7.67,658.9324922727528,1317.8649845455056,50.60888910832239,0.07680436103091638,17.34,2.0,-0.7456456089713583,0.7173174271359812,-0.014164090917802241,1.4629630361073396,103.27946672539416,2.301881869657109,-0.23910580904544076,1.0313880303056067,0.05000000000000071,0.0,0.05000000000000071,38.00071823944836,1.308307385948342,3.7072400962955427,1.8453051540223397
2025-05-08 03:49:01,673.78,627.55,681.6227026201855,632.1085357889438,9.8,7.67,656.8656192045646,1313.7312384091292,49.51416683124171,0.07537944643201412,17.47,2.130000000000001,-2.614234206728611,-1.5195119296479334,-2.0668730681882153,1.0947222770806775,0.5296511741715795,-1.8685885977572525,-2.2368293567839146,-2.052708977270413,0.13000000000000078,0.0,0.13000000000000078,37.59963260474711,1.8925018888232008,4.347875738506157,1.985081517040597
2025-05-08 03:49:02,684.06,654.28,682.2320269651391,637.6514018417079,9.92,7.69,659.9417144034235,1319.883428806847,44.58062512343122,0.06755236725137008,17.61,2.2299999999999995,0.6093243449536203,5.542866052764111,3.076095198858866,4.933541707810491,1.603832061442252,3.223558551682231,7.062377982412045,5.142968267047081,0.11999999999999922,0.020000000000000462,0.09999999999999876,37.475393351960825,1.2662582657386736,4.170081896276513,2.1356045731705393
2025-05-08 03:49:03,682.0,637.83,682.1740202238543,637.6960513812809,9.92,7.74,659.9350358025677,1319.8700716051353,44.47796884257343,0.0673974957566617,17.66,2.1799999999999997,-0.058006741284771124,0.04464953957301532,-0.00667860085582106,0.10265628085778644,15.368625023204007,-0.6673310862383914,-5.498216513191096,-3.082773799714687,0.0,0.04999999999999982,0.04999999999999982,37.36891270858748,1.2545370130578009,3.5164455776037133,1.9252984621026414
2025-05-08 03:49:04,675.84,635.78,680.5905151678908,637.2170385359607,9.92,7.74,658.9037768519257,1317.8075537038515,43.37347663193009,0.06582672324831826,17.66,2.1799999999999997,-1.583505055963542,-0.4790128453201987,-1.0312589506419272,1.1044922106433432,1.0710124154010163,-1.5254983146787708,-0.523662384893214,-1.0245803497861061,0.0,0.0,0.0,37.31051752782606,1.2544925707403594,3.2983072133116447,1.9233888368189418
2025-05-08 03:49:05,675.84,627.55,679.4028863759181,634.8002789019705,9.98,7.74,657.1015826389444,1314.2031652778887,44.602607473947614,0.06787779634762724,17.72,2.24,-1.1876287919726565,-2.416759633990182,-1.8021942129813624,1.2291308420175255,0.682018703170441,0.3958762639908855,-1.9377467886699833,-0.7709352623394352,0.0600000000000005,0.0,0.0600000000000005,37.08247999754314,1.4929334965256842,2.4057124192521817,2.084185904814026
2025-05-08 03:49:06,684.06,635.78,680.5671647819386,635.0452091764778,9.98,7.74,657.8061869792082,1315.6123739584164,45.52195560546079,0.069202686805524,17.72,2.24,1.1642784060204576,0.24493027450728277,0.7046043402638134,0.9193481315131748,1.3047703146401912,2.351907197993114,2.661689908497465,2.5067985532451758,0.0,0.0,0.0,37.122243219919014,1.2703780684480108,0.7632694085010219,1.877054808024636
2025-05-08 03:49:07,682.0,637.83,680.9253735864539,635.7414068823583,9.98,7.74,658.3333902344061,1316.6667804688122,45.18396670409561,0.06863386743815857,17.72,2.24,0.35820880451535686,0.696197705880536,0.5272032551979464,0.3379889013651791,0.6410966869724455,-0.8060696015051008,0.4512674313732532,-0.17740108506586694,0.0,0.0,0.0,37.15199509494419,1.0783998932715828,0.8223683493487794,1.0687039850179376
2025-05-08 03:49:08,677.89,627.55,680.1665301898404,633.6935551617687,9.98,7.74,656.9300426758045,1313.860085351609,46.47297502807169,0.07074265437463556,17.72,2.24,-0.7588433966135426,-2.0478517205896196,-1.4033475586015811,1.289008323976077,0.9185232820993221,-1.1170522011288995,-2.7440494264701556,-1.9305508137995275,0.0,0.0,0.0,37.07279941326214,0.8286065010387577,1.1483283581693626,1.145556326097376
2025-05-08 03:49:09,675.84,631.67,679.0848976423803,633.1876663713265,9.98,7.74,656.1362820068534,1312.2725640137069,45.89723127105378,0.06995075940736291,17.72,2.24,-1.0816325474601172,-0.5058887904422136,-0.7937606689511085,0.5757437570179036,0.725335802343167,-0.32278915084657456,1.541962930147406,0.6095868896504726,0.0,0.0,0.0,37.02800479564608,0.8436802759343299,0.7077704799355784,1.1280458053886662
2025-05-08 03:49:10,684.06,631.67,680.3286732317852,632.8082497784949,10.03,7.74,656.56846150514,1313.13692301028,47.52042345329028,0.07237695102194809,17.77,2.289999999999999,1.2437755894048905,-0.37941659283160334,0.43217949828658675,1.6231921822364939,3.755820053592806,2.3254081368650077,0.12647219761061024,1.2259401672376953,0.049999999999998934,0.0,0.049999999999998934,36.948138692009074,0.9007035442489502,0.9177712374019876,0.9359201900394831
2025-05-08 03:49:11,686.11,631.67,681.7740049238389,632.5236873338712,10.03,7.79,657.148846128855,1314.29769225771,49.25031758996772,0.07494545232050089,17.82,2.2399999999999993,1.4453316920537418,-0.2845624446237025,0.5803846237149628,1.7298941366774443,2.9805943944728455,0.20155610264885127,0.09485414820790083,0.14820512542837605,0.0,0.04999999999999982,0.04999999999999982,36.87703755621871,0.8268122675551872,1.5839391355063792,0.9103007296456317
2025-05-08 03:49:12,686.11,637.83,682.8580036928792,633.8502655004033,10.03,7.79,658.3541345966412,1316.7082691932824,49.00773819247581,0.07443978178714102,17.82,2.2399999999999993,1.0839987690402495,1.3265781665321583,1.205288467786204,0.24257939749190882,0.2012623556210631,-0.3613329230134923,1.6111406111558608,0.6249038440712411,0.0,0.0,0.0,36.94467439124393,0.8350401192070903,1.4896973305917818,1.0695442983879029
2025-05-08 03:49:13,682.0,637.83,682.6435027696593,634.8451991253025,10.03,7.79,658.7443509474809,1317.4887018949619,47.79830364435679,0.07255971683559506,17.82,2.2399999999999993,-0.2145009232198163,0.994933624899204,0.3902163508397507,1.2094345481190203,3.099386907107816,-1.2984996922600658,-0.3316445416329543,-0.8150721169464532,0.0,0.0,0.0,36.96657205280072,1.1256898598675709,1.3431129447299588,0.7246253549014465
2025-05-08 03:49:14,684.06,631.67,682.9976270772445,634.0513993439769,10.03,7.79,658.5245132106106,1317.0490264212212,48.94622773326762,0.07432711566089632,17.82,2.2399999999999993,0.35412430758515256,-0.7937997813256743,-0.2198377368703177,1.1479240889108269,5.221664322007018,0.5686252308049689,-1.7887334062248783,-0.6100540877100684,0.0,0.0,0.0,36.95423548015573,0.9541108420966289,0.7860877553732323,0.508972861569632
2025-05-08 03:49:15,684.06,631.67,683.2632203079334,633.4560495079827,10.03,7.79,658.359634907958,1316.719269815916,49.807170799950654,0.07565343937172045,17.82,2.2399999999999993,0.2655932306888644,-0.5953498359941705,-0.16487830265259618,0.8609430666830349,5.221656404606819,-0.08853107689628814,0.19844994533150384,0.05495943421772154,0.0,0.0,0.0,36.94498305067199,0.6229636083265431,0.7338205940252451,0.5864487309073252
2025-05-08 03:49:16,675.84,633.72,681.40741523095,633.522037130987,10.03,7.79,657.4647261809685,1314.929452361937,47.88537809996308,0.07283337967845464,17.82,2.2399999999999993,-1.8558050769833017,0.06598762300427552,-0.8949087269895699,1.9217926999875772,2.147471015263616,-2.121398307672166,0.661337458998446,-0.7300304243369737,0.0,0.0,0.0,36.89476370854123,0.4877163567331466,0.8451648107869701,0.7844437781728634
2025-05-08 03:49:17,684.06,635.78,682.0705614232126,634.0865278482402,10.03,7.79,658.0785446357263,1316.1570892714526,47.984033574972386,0.07291535925794113,17.82,2.2399999999999993,0.6631461922625022,0.564490717253193,0.6138184547578476,0.09865547500930916,0.16072392988623804,2.518951269245804,0.4985030942489175,1.5087271817474175,0.0,0.0,0.0,36.92920918667323,0.4941123600835848,0.8721997037133001,0.5895394485173555
2025-05-08 03:49:18,682.0,635.78,682.0529210674094,634.5098958861802,10.03,7.79,658.2814084767948,1316.5628169535896,47.54302518122927,0.07222294978528512,17.82,2.2399999999999993,-0.017640355803109742,0.42336803794000843,0.2028638410685062,0.4410083937431182,2.1739025423049645,-0.6807865480656119,-0.14112267931318456,-0.4109546136893414,0.0,0.0,0.0,36.94059323996642,0.41104810148873017,0.9280710813730795,0.5593386277697495
2025-05-08 03:49:19,675.84,633.72,680.4996908005571,634.3124219146351,10.03,7.79,657.4060563575961,1314.8121127151921,46.18726888592198,0.07025683497893055,17.82,2.2399999999999993,-1.5532302668523243,-0.19747397154503687,-0.8753521191987375,1.3557562953072875,1.5488107205790178,-1.5355899110492146,-0.6208420094850453,-1.0782159602672436,0.0,0.0,0.0,36.89147135051205,0.4528866065127077,1.294577189333407,0.6637065435711774
2025-05-08 03:49:20,682.0,635.78,680.8747681004179,634.6793164359763,10.03,7.79,657.7770422681971,1315.5540845363942,46.195451664441634,0.07022965020931302,17.82,2.2399999999999993,0.3750772998607772,0.36689452134112344,0.37098591060100716,0.008182778519653766,0.022056784985749176,1.9283075667131016,0.5643684928861603,1.2463380297997446,0.0,0.0,0.0,36.91228986284552,0.37995273418881687,0.8983968543806672,0.716724756222005
2025-05-08 03:49:21,719.0,676.9,690.4060760753134,645.2344873269822,10.16,8.22,667.8202817011478,1335.6405634022956,45.17158874833126,0.06764033665707893,18.380000000000003,1.9399999999999995,9.531307974895526,10.5551708910059,10.043239432950713,1.0238629161103745,0.10194547496355842,9.156230675034749,10.188276369664777,9.672253522349706,0.13000000000000078,0.4300000000000006,0.2999999999999998,36.334072109198885,4.455091729168109,1.1377484683857106,4.492798431744335
2025-05-08 03:49:22,714.89,687.18,696.527057056485,655.7208654952366,10.66,8.72,676.1239612758608,1352.2479225517216,40.8061915612484,0.06035312137717039,19.380000000000003,1.9399999999999995,6.120980981171556,10.486378168254419,8.303679574712987,4.365397187082863,0.5257183423428774,-3.41032699372397,-0.06879272275148196,-1.739559858237726,0.5,0.5,0.0,34.88771549990429,8.293817859780527,2.586498077515386,5.138953348210525
2025-05-08 03:49:23,725.16,705.7,703.6852927923637,668.2156491214275,11.16,9.21,685.9504709568956,1371.9009419137913,35.46964367093619,0.05170875321325687,20.37,1.9499999999999993,7.158235735878748,12.494783626190952,9.82650968103485,5.336547890312204,0.5430765877669815,1.0372547547071918,2.008405457936533,1.5228301063218623,0.5,0.4900000000000002,0.009999999999999787,33.67454282191226,12.24575562857632,4.645716885684359,5.342436557214767
2025-05-08 03:49:24,737.5,722.15,712.1389695942728,681.6992368410706,11.64,9.71,696.9191032176717,1393.8382064353434,30.43973275320218,0.04367756970498373,21.35,1.9299999999999997,8.453676801909069,13.483587719643083,10.968632260776076,5.029910917734014,0.4585722576504602,1.295441066030321,0.9888040934521314,1.1421225797412262,0.4800000000000004,0.5,0.019999999999999574,32.64257941803711,15.259463457102981,6.651436997545536,4.317707582828215
2025-05-08 03:49:25,743.67,722.15,720.0217271957047,691.811927630803,12.14,10.21,705.9168274132538,1411.8336548265077,28.209799564901687,0.03996193096616088,22.35,1.9299999999999997,7.8827576014318765,10.112690789732369,8.997724195582123,2.2299331883004925,0.24783299554373903,-0.5709192004771921,-3.370896929910714,-1.970908065193953,0.5,0.5,0.0,31.584644108662623,15.349725541291637,7.055152547921659,1.0198280379566294
2025-05-08 03:49:26,751.89,740.67,727.9887953967785,704.0264457231023,12.64,10.71,716.0076205599404,1432.0152411198808,23.962349673676272,0.03346661257804819,23.35,1.9299999999999997,7.967068201073857,12.214518092299272,10.090793146686565,4.247449891225415,0.4209232523705894,0.08431059964198084,2.101827302566903,1.093068951104442,0.5,0.5,0.0,30.664136612239986,15.77477819002446,6.533450053567054,1.0248783383498339
2025-05-08 03:49:27,756.0,753.01,734.9915965475839,716.2723342923266,13.13,11.19,725.6319654199552,1451.2639308399105,18.719262255257263,0.025797185242006828,24.32,1.9400000000000013,7.00280115080534,12.245888569224348,9.624344860014844,5.243087418419009,0.5447733793734344,-0.9642670502685178,0.03137047692507622,-0.4664482866717208,0.4900000000000002,0.47999999999999865,0.010000000000001563,29.836839456542588,15.572278745748177,6.367487926774168,0.7200438060891227
2025-05-08 03:49:28,751.89,742.72,739.2161974106879,722.8842507192451,13.63,11.69,731.0502240649664,1462.1004481299328,16.331946691442795,0.022340389389787028,25.32,1.9400000000000013,4.224600863104001,6.611916426918469,5.4182586450111785,2.387315563814468,0.44060560405453636,-2.7782002877013383,-5.633972142305879,-4.2060862150036655,0.5,0.5,0.0,28.87244056842519,13.973468184935408,6.016373320690616,2.1378748412888133
2025-05-08 03:49:29,770.39,763.3,747.0096480580158,732.9881880394339,14.13,12.2,739.9989180487248,1479.9978360974496,14.021460018581934,0.018947946622147292,26.33,1.9300000000000015,7.7934506473279725,10.103937320188834,8.948693983758403,2.3104866728608613,0.258192583058683,3.5688497842239713,3.4920208932703645,3.5304353387472247,0.5,0.5099999999999998,0.009999999999999787,28.104781236002417,13.21764648164388,5.779899521507188,1.8488998483626806
2025-05-08 03:49:30,776.56,771.53,754.3972360435118,742.6236410295753,14.61,12.68,748.5104385365436,1497.0208770730871,11.773595013936529,0.01572936647513748,27.29,1.9299999999999997,7.387587985495998,9.635452990141403,8.511520487818757,2.247865004645405,0.264096731455408,-0.40586266183197495,-0.4684843300474313,-0.4371734959396463,0.47999999999999865,0.4800000000000004,1.7763568394002505e-15,27.42801066722363,12.584711055402927,4.691912047781697,1.8365463772428265
2025-05-08 03:49:31,778.62,773.59,760.4529270326339,750.3652307721816,15.11,13.18,755.4090789024077,1510.8181578048154,10.087696260452276,0.01335395155927371,28.29,1.9299999999999997,6.055690989122013,7.741589742606266,6.898640365864139,1.6858987534842527,0.24438127220620826,-1.3318969963739846,-1.893863247535137,-1.6128801219546176,0.5,0.5,0.0,26.702334825029087,12.209975786057889,3.456819907973273,1.7034450940034316
2025-05-08 03:49:32,786.85,787.99,767.0521952744754,759.7714230791362,15.61,13.68,763.4118091768057,1526.8236183536114,7.280772195339182,0.00953714901745227,29.29,1.9299999999999997,6.599268241841514,9.406192306954608,8.002730274398004,2.806924065113094,0.3507457602747309,0.5435772527195013,1.6646025643483426,1.1040899085338651,0.5,0.5,0.0,26.063905193339043,12.683320741385005,3.492149358154565,1.4189999698414657
2025-05-08 03:49:33,786.85,794.17,772.0016464558565,768.3710673093522,16.1,14.16,770.1863568826043,1540.3727137652086,3.630579146504374,0.004713896980057605,30.26,1.9400000000000013,4.949451181381164,8.599644230215972,6.774547705798568,3.650193048834808,0.5388097727765221,-1.6498170604603501,-0.8065480767386362,-1.2281825685994363,0.490000000000002,0.4800000000000004,0.010000000000001563,25.45229119069111,11.910410630709977,4.038367147375385,0.965291925532253
2025-05-08 03:49:34,793.02,800.34,777.2562348418924,776.3633004820142,16.6,14.66,776.8097676619533,1553.6195353239066,0.8929343598781543,0.0011494890974610482,31.26,1.9400000000000013,5.2545883860358344,7.992233172662054,6.623410779349001,2.7376447866262197,0.413328489580229,0.3051372046546703,-0.607411057553918,-0.151136926449567,0.5,0.5,0.0,24.849959782853276,11.291611986824476,4.491464717633477,0.8422067557090197
2025-05-08 03:49:35,801.24,806.52,783.2521761314192,783.9024753615107,17.08,15.17,783.577325746465,1567.15465149293,0.6502992300914912,0.0008299107285194618,32.25,1.9099999999999984,5.995941289526854,7.5391748794965,6.767558084511734,1.5432335899696454,0.22803400320530584,0.7413529034910198,-0.45305829316555446,0.14414730516273266,0.4799999999999969,0.5099999999999998,0.030000000000002913,24.296970587581225,11.033781202741952,4.109187788727347,0.5615880209289046
2025-05-08 03:49:36,807.41,810.63,789.2916320985644,790.584356521133,17.58,15.65,789.9379943098487,1579.8759886196974,1.2927244225686536,0.0016364884715560362,33.23,1.929999999999998,6.039455967145159,6.681881159622321,6.360668563383683,0.6424251924771625,0.10099961742634712,0.04351467761830463,-0.8572937198741784,-0.40688952112805055,0.5,0.4800000000000004,0.019999999999999574,23.771831794704095,10.506211079313143,2.7966231018357215,0.6357094408057073
2025-05-08 03:49:37,815.64,822.98,795.8787240739233,798.6832673908498,18.08,16.15,797.2809957323866,1594.5619914647732,2.8045433169264697,0.0035176347215357447,34.23,1.9299999999999997,6.5870919753589305,8.098910869716747,7.3430014225378955,1.5118188943578161,0.20588565921176694,0.5476360082137717,1.4170297100944254,0.9823328591542122,0.5,0.4999999999999982,1.7763568394002505e-15,23.291877664052265,10.646182307584,1.2987820072681295,0.3596262902793099
2025-05-08 03:49:38,815.64,833.28,800.8190430554424,807.3324505431374,18.56,16.63,804.0757467992898,1608.1514935985797,6.513407487694963,0.008100489917177323,35.19,1.9299999999999997,4.940318981519113,8.649183152287605,6.794751066903245,3.708864170768493,0.5458424581573927,-1.646772993839818,0.5502722825708588,-0.5482503556346501,0.4800000000000004,0.4800000000000004,0.0,22.84955168939296,10.791323535818838,2.430935915576273,0.35974974635180956
2025-05-08 03:49:39,825.92,829.16,807.0942822915819,812.789337907353,19.07,17.13,809.9418100994674,1619.8836201989348,5.695055615771139,0.007031437984464961,36.2,1.9400000000000013,6.275239236139441,5.456887364215618,5.8660633001775295,0.8183518719238236,0.13950612029586126,1.3349202546203287,-3.1922957880719878,-0.9286877667257158,0.5100000000000016,0.5,0.010000000000001563,22.37408253385041,10.579092350346698,2.6132466941403925,0.5501159828792456
2025-05-08 03:49:40,832.09,841.51,813.3432117186865,819.9695034305148,19.55,17.63,816.6563575746006,1633.3127151492013,6.626291711828344,0.008113929001170006,37.18,1.9200000000000017,6.248929427104599,7.180165523161804,6.714547475133259,0.931236096057205,0.13868931016075858,-0.026309809034842147,1.7232781589461865,0.848484174955729,0.4800000000000004,0.5,0.019999999999999574,21.964936406930185,10.458146154955122,2.404524140880479,0.5472187921526904
2025-05-08 03:49:41,838.27,853.87,819.5749087890148,828.444627572886,20.05,18.12,824.0097681809505,1648.019536361901,8.869718783871235,0.010764094208115471,38.17,1.9299999999999997,6.231697070328323,8.475124142371214,7.353410606349826,2.2434270720428913,0.30508656282828567,-0.017232356776275992,1.2949586192094102,0.6388631312165671,0.5,0.490000000000002,0.00999999999999801,21.587889614699,10.4484680697968,2.18764881219293,0.6082045278860111
2025-05-08 03:49:42,838.27,845.63,824.248681591761,832.7409706796645,20.53,18.62,828.4948261357129,1656.9896522714257,8.492289087903487,0.010250262053250447,39.150000000000006,1.9100000000000001,4.673772802746271,4.296343106778522,4.4850579547623965,0.37742969596774856,0.0841526721888416,-1.5579242675820524,-4.178781035592692,-2.868352651587429,0.4800000000000004,0.5,0.019999999999999574,21.162063984001247,9.969663577318656,1.370733094957116,1.1171659693532137
2025-05-08 03:49:43,854.72,864.16,831.8665111938208,840.5957280097484,21.03,19.1,836.2311196017846,1672.4622392035692,8.729216815927657,0.010438761008614187,40.13,1.9299999999999997,7.6178296020597145,7.854757330083885,7.736293466071743,0.2369277280241704,0.030625479557847692,2.9440567993134437,3.5584142233053626,3.2512355113093463,0.5,0.4800000000000004,0.019999999999999574,20.83805379426192,10.210424810868302,1.4340828103535663,1.2981597956688748
2025-05-08 03:49:44,858.84,874.46,838.6098833953656,849.0617960073114,21.52,19.6,843.8358397013385,1687.671679402677,10.451912611945772,0.012386191848948794,41.120000000000005,1.9199999999999982,6.743372201544844,8.46606799756296,7.6047200995539015,1.7226957960181153,0.2265297797862922,-0.8744574005148706,0.6113106674790743,-0.13157336651784135,0.48999999999999844,0.5,0.010000000000001563,20.521299104572943,10.56337193196938,1.3620215067684758,1.3411278885898863
2025-05-08 03:49:45,862.95,870.34,844.6949125465242,854.3813470054836,22.02,20.09,849.5381297760039,1699.0762595520077,9.686434458959411,0.011402000814385358,42.11,1.9299999999999997,6.085029151158551,5.31955099817219,5.70229007466537,0.7654781529863612,0.13424045580333377,-0.6583430503862928,-3.1465169993907693,-1.902430024888531,0.5,0.48999999999999844,0.010000000000001563,20.1742604987353,10.534916930482822,0.8100833684879526,1.4269127744479801
2025-05-08 03:49:46,871.18,884.75,851.316184409893,861.9735102541126,22.5,20.59,856.6448473320029,1713.2896946640058,10.6573258442196,0.0124407750364352,43.09,1.9100000000000001,6.621271863368861,7.592163248629049,7.106717555999012,0.9708913852601881,0.13661598916712794,0.53624271221031,2.2726122504568593,1.4044274813336415,0.4800000000000004,0.5,0.019999999999999574,19.8803626700311,11.020803159645988,0.9793354572166644,1.3972846453569698
2025-05-08 03:49:47,875.3,890.93,857.3121383074197,869.2126326905844,23.0,21.07,863.262385499002,1726.524770998004,11.900494383164755,0.013785489289563194,44.07,1.9299999999999997,5.995953897526647,7.239122436471803,6.617538166999111,1.2431685389451559,0.1878596420168831,-0.6253179658422141,-0.35304081215724636,-0.48917938899990077,0.5,0.4800000000000004,0.019999999999999574,19.588435804641847,10.580519397900662,1.1784577261849147,0.8274547537234872
2025-05-08 03:49:48,881.47,897.11,863.3516037305649,876.1869745179383,23.48,21.57,869.7692891242516,1739.5385782485032,12.83537078737345,0.014757213128943472,45.05,1.9100000000000001,6.039465423145202,6.974341827353896,6.506903625249606,0.9348764042086941,0.14367452084374635,0.043511525618555424,-0.26478060911790635,-0.11063454174950493,0.4800000000000004,0.5,0.019999999999999574,19.306754047003277,10.375606695175879,1.251623875868236,0.7111887065611465
2025-05-08 03:49:49,887.65,907.41,869.4262027979237,883.9927308884537,23.99,22.05,876.7094668431887,1753.4189336863774,14.566528090530028,0.01661500032201711,46.04,1.9399999999999977,6.074599067358804,7.8057563705153825,6.940177718937093,1.7311573031565786,0.2494398737071298,0.035133644213601656,0.8314145431614861,0.43327409368748704,0.509999999999998,0.4800000000000004,0.029999999999997584,19.04234248047016,10.668654072273782,1.8990214651865946,0.5440926333128373
2025-05-08 03:49:50,897.94,913.59,876.5546520984427,891.3920481663404,24.47,22.55,883.9733501323915,1767.946700264783,14.837396067897657,0.016784890685777563,47.019999999999996,1.9199999999999982,7.128449300519037,7.3993172778866665,7.263883289202795,0.27086797736762946,0.03728968780109202,1.053850233160233,-0.406439092628716,0.3237055702657017,0.4800000000000004,0.5,0.019999999999999574,18.79994324399082,10.77096112014068,1.7710124009620798,0.3202450669866422
2025-05-08 03:49:51,902.05,911.53,882.928489073832,896.4265361247553,24.95,23.04,889.6775125992937,1779.3550251985873,13.498047050923333,0.015171842431214673,47.989999999999995,1.9100000000000001,6.373836975389281,5.034487958414957,5.704162466902176,1.3393490169743245,0.23480200466654927,-0.7546123251297558,-2.36482931947171,-1.5597208223006191,0.4800000000000004,0.48999999999999844,0.00999999999999801,18.538810045019456,10.605652374277552,1.216805721900035,0.5847537742945195
2025-05-08 03:49:52,910.28,919.77,889.766366805374,902.2624020935665,25.45,23.54,896.0143844494703,1792.0287688989406,12.496035288192502,0.013946244045986024,48.989999999999995,1.9100000000000001,6.837877731541994,5.835865968811163,6.336871850176635,1.002011762730831,0.15812401265127177,0.4640407561527127,0.8013780103962063,0.6327093832744595,0.5,0.5,0.0,18.289740072662386,10.359434789433868,1.032983894934912,0.5967807893100684
2025-05-08 03:49:53,916.46,930.06,896.4397751040306,909.2118015701749,25.94,24.02,902.8257883371027,1805.6515766742054,12.772026466144325,0.01414672311866739,49.96,1.9200000000000017,6.673408298656568,6.9493994766083915,6.811403887632423,0.2759911779518234,0.04051897993216421,-0.1644694328854257,1.1135335077972286,0.47453203745578776,0.490000000000002,0.4800000000000004,0.010000000000001563,18.070972183069067,10.168684843944037,1.0457313228571323,0.6066869832491535
2025-05-08 03:49:54,920.58,930.06,902.4748313280229,914.4238511776311,26.42,24.52,908.449341252827,1816.898682505654,11.949019849608248,0.013153204360274348,50.94,1.9000000000000021,6.035056223992342,5.212049607456265,5.623552915724304,0.8230066165360768,0.14634991126071117,-0.6383520746642262,-1.7373498691521263,-1.1878509719081194,0.4800000000000004,0.5,0.019999999999999574,17.83371267018285,9.82363200705672,1.1150706368697019,0.7058788036941595
2025-05-08 03:49:55,922.63,944.48,907.5136234960172,921.9378883832234,26.92,25.0,914.7257559396203,1829.4515118792406,14.424264887206164,0.01576895017744459,51.92,1.9200000000000017,5.038792167994302,7.514037205592217,6.2764146867932595,2.475245037597915,0.394372387221944,-0.99626405599804,2.301987598135952,0.6528617710689559,0.5,0.4800000000000004,0.019999999999999574,17.617984174145533,9.890892021141559,0.9595841366677765,0.49098710392439915
2025-05-08 03:49:56,937.04,948.61,914.8952176220129,928.6059162874176,27.4,25.51,921.7505669547152,1843.5011339094303,13.71069866540472,0.014874630016043902,52.91,1.889999999999997,7.381594125995662,6.6680279041942185,7.024811015094883,0.7135662218014431,0.10157798105744828,2.3428019580013597,-0.8460093013979986,0.7483963283016237,0.4799999999999969,0.5100000000000016,0.03000000000000469,17.421102807288083,10.026302072449512,0.989867105084806,0.5433008244045335
2025-05-08 03:49:57,941.16,950.67,921.4614132165096,934.1219372155632,27.9,25.99,927.7916752160364,1855.5833504320728,12.660523999053567,0.01364586935150037,53.89,1.9100000000000001,6.566195594496776,5.516020928145622,6.041108261321256,1.050174666351154,0.1738380520734812,-0.8153985314988859,-1.1520069760485967,-0.9837027537736276,0.5,0.4799999999999969,0.020000000000003126,17.21639743922136,10.004197630773644,0.9685087478438699,0.56935682292043
2025-05-08 03:49:58,947.34,965.09,927.9310599123822,941.8639529116724,28.39,26.47,934.8975064120273,1869.7950128240545,13.932892999290175,0.014903123485545546,54.86,1.9200000000000017,6.469646695872598,7.742015696109206,7.105831195990845,1.2723690002366084,0.17905981525351625,-0.09654889862417804,2.2259947679635843,1.0647229346695894,0.490000000000002,0.4800000000000004,0.010000000000001563,17.041514571099395,10.432504221151408,1.0075938195848542,0.6392387014598191
2025-05-08 03:49:59,951.45,971.27,933.8107949342866,949.2154646837542,28.87,26.97,941.5131298090205,1883.026259618041,15.404669749467644,0.01636160903696666,55.84,1.9000000000000021,5.8797350219043665,7.351511772081835,6.6156233969932146,1.4717767501774688,0.22246981718708028,-0.5899116739682313,-0.3905039240273709,-0.49020779899763056,0.4800000000000004,0.5,0.019999999999999574,16.8609081831682,10.55216246801723,1.0039860422309426,0.46174325182490483
2025-05-08 03:50:00,949.4,981.57,937.708096200715,957.3040985128157,29.35,27.46,947.5060973567654,1895.0121947135308,19.596002312100723,0.020681663522889773,56.81,1.8900000000000006,3.8973012664283715,8.08863382906145,5.992967547744911,4.191332562633079,0.699375030795086,-1.982433755475995,0.7371220569796151,-0.6226558492483036,0.4800000000000004,0.490000000000002,0.010000000000001563,16.678508725193744,10.31826423151403,2.7176542729370774,0.5262537607863146
2025-05-08 03:50:01,965.87,987.75,944.7485721505362,964.9155738846118,29.85,27.94,954.832073017574,1909.664146035148,20.167001734075598,0.021120993191211565,57.790000000000006,1.9100000000000001,7.040475949821257,7.611475371796132,7.325975660808581,0.5709994219748751,0.07794174734810756,3.1431746833928855,-0.47715845726531825,1.33300811306367,0.5,0.4800000000000004,0.019999999999999574,16.52244430688925,10.549223949272664,3.3709901121182146,0.6047044061885287
2025-05-08 03:50:02,963.81,983.63,949.5139291129021,969.5941804134588,30.34,28.44,959.5540547631805,1919.108109526361,20.08025130055671,0.020926649395052475,58.78,1.8999999999999986,4.7653569623659,4.678606528847013,4.721981745606513,0.0867504335188869,0.018371611713236844,-2.2751189874553575,-2.9328688429491194,-2.603993915202068,0.48999999999999844,0.5,0.010000000000001563,16.32449878255668,9.919628397686353,2.9459061439236107,1.0454962977359339
2025-05-08 03:50:03,974.1,991.88,955.6604468346766,975.1656353100941,30.82,28.92,965.4130410723853,1930.8260821447707,19.505188475417526,0.020203982777720807,59.74,1.8999999999999986,6.146517721774444,5.5714548966352595,5.858986309204852,0.5750628251391845,0.09815054970945632,1.3811607594085444,0.8928483677882468,1.1370045635983388,0.4800000000000004,0.4800000000000004,0.0,16.160244809376305,9.481703927187581,2.003339655433455,0.966606615655452
2025-05-08 03:50:04,976.16,1000.12,960.7853351260073,981.4042264825705,31.32,29.41,971.0947808042889,1942.1895616085778,20.618891356563154,0.02123262501550401,60.730000000000004,1.9100000000000001,5.1248882913307625,6.23859117247639,5.681739731903576,1.1137028811456275,0.19601437898988736,-1.0216294304436815,0.6671362758411306,-0.17724657730127547,0.5,0.48999999999999844,0.010000000000001563,15.990363326427229,9.149960990949888,0.4542013706102718,0.9324380473110551
2025-05-08 03:50:05,982.34,1008.36,966.1740013445055,988.143169861928,31.8,29.91,977.1585856032168,1954.3171712064336,21.969168517422418,0.022482705283071086,61.71,1.8900000000000006,5.3886662184982015,6.738943379357465,6.06380479892789,1.3502771608592639,0.22267816708411065,0.263777927167439,0.5003522068810753,0.382065067024314,0.4800000000000004,0.5,0.019999999999999574,15.834687567145183,8.89282891139422,0.9279318550966087,0.9344296040172873
2025-05-08 03:50:06,992.63,1016.61,972.7880010083792,995.259877396446,32.29,30.39,984.0239392024125,1968.047878404825,22.47187638806679,0.022836717146784407,62.68,1.8999999999999986,6.613999663873642,7.116707534518014,6.865353599195714,0.5027078706443717,0.07322387553051733,1.2253334453754405,0.3777641551605484,0.8015488002678239,0.48999999999999844,0.4800000000000004,0.00999999999999801,15.69916916884562,9.601776622511622,1.2556073279801572,0.7708432021444509
2025-05-08 03:50:07,1000.87,1022.79,979.8085007562844,1002.1424080473345,32.77,30.87,990.9754544018094,1981.9509088036189,22.33390729105008,0.02253729612505325,63.64,1.9000000000000021,7.020499747905205,6.882530650888498,6.951515199396908,0.13796909701670756,0.01984733877606116,0.40650008403156335,-0.23417688362951594,0.08616160020119423,0.480000000000004,0.4800000000000004,3.552713678800501e-15,15.571581376967757,10.137995468429857,1.2790091028908797,0.586384718293415
2025-05-08 03:50:08,1009.11,1033.1,987.1338755672133,1009.8818060355009,33.27,31.37,998.5078408013571,1997.0156816027143,22.747930468287564,0.022781924704015525,64.64,1.9000000000000021,7.325374810928906,7.739397988166388,7.532386399547704,0.41402317723748183,0.05496573068750322,0.30487506302370093,0.8568673372778903,0.5808712001507956,0.5,0.5,0.0,15.447212644711394,10.861223139082508,0.8363541535609912,0.7403090033846367
2025-05-08 03:50:09,1009.11,1039.28,992.62790667541,1017.2313545266256,33.75,31.86,1004.9296306010178,2009.8592612020357,24.603447851215606,0.024482756879223747,65.61,1.8900000000000006,5.494031108196737,7.349548491124779,6.421789799660701,1.855517382928042,0.2889408018439466,-1.8313437027321697,-0.38984949704160954,-1.1105965998870033,0.4799999999999969,0.48999999999999844,0.010000000000001563,15.316714148518576,11.074544563264613,1.0328518745252722,0.5574919727253559
2025-05-08 03:50:10,1017.35,1037.22,998.8084300065575,1022.2285158949692,34.24,32.34,1010.5184729507633,2021.0369459015267,23.420085888411677,0.023176306512089358,66.58000000000001,1.8999999999999986,6.180523331147469,4.997161368343541,5.588842349745505,1.1833619628039287,0.211736470097666,0.6864922229507329,-2.352387122781238,-0.8329474499151956,0.490000000000002,0.480000000000004,0.00999999999999801,15.1775076265133,10.600071934746007,0.9309950638744213,0.7231207981145187
2025-05-08 03:50:11,1025.59,1051.65,1005.5038225049182,1029.583886921227,34.72,32.82,1017.5438547130726,2035.0877094261452,24.080064416308915,0.023664890983430026,67.53999999999999,1.8999999999999986,6.695392498360661,7.355371026257899,7.02538176230928,0.6599785278972377,0.093942002909504,0.5148691672131918,2.358209657914358,1.436539412563775,0.4799999999999969,0.4799999999999969,0.0,15.065795671413637,10.312224880078148,0.9308663741902172,0.7372233750197711
2025-05-08 03:50:12,1029.71,1057.84,1011.5553668786886,1036.6479151909202,35.2,33.32,1024.1016410348043,2048.2032820696086,25.092548312231656,0.024502009646596073,68.52000000000001,1.8800000000000026,6.051544373770412,7.064028269693154,6.557786321731669,1.0124838959227418,0.15439413421772608,-0.6438481245902494,-0.2913427565647453,-0.46759544057761104,0.480000000000004,0.5,0.01999999999999602,14.946024899135717,10.093784977090376,0.9310712171653467,0.7251017329147229
2025-05-08 03:50:13,1033.83,1066.08,1017.1240251590164,1044.00593639319,35.7,33.81,1030.5649807761033,2061.1299615522066,26.881911234173685,0.026084634845485122,69.51,1.8900000000000006,5.5686582803277815,7.358021202269811,6.4633397412990234,1.789362921942029,0.2768479944912199,-0.4828860934426302,0.29399293257665704,-0.09444658043264553,0.5,0.490000000000002,0.00999999999999801,14.826139633865107,10.259485702339441,1.3114708582571095,0.5190879810724316
2025-05-08 03:50:14,1044.12,1070.21,1023.8730188692623,1050.5569522948927,36.19,34.29,1037.2149855820776,2074.429971164155,26.683933425630357,0.025726521281341688,70.47999999999999,1.8999999999999986,6.748993710245941,6.551015901702613,6.650004805974277,0.19797780854332814,0.02977107303657803,1.1803354299181592,-0.807005300567198,0.18666506467525323,0.4899999999999949,0.4799999999999969,0.00999999999999801,14.7164439680141,10.502117671147642,1.5378355275109108,0.5301425370398207
2025-05-08 03:50:15,1048.24,1072.27,1029.9647641519466,1055.9852142211694,36.67,34.77,1042.974989186558,2085.949978373116,26.02045006922276,0.02494829724015573,71.44,1.8999999999999986,6.091745282684315,5.428261926276718,5.7600036044805165,0.6634833564075961,0.11518799062964194,-0.6572484275616262,-1.1227539754258942,-0.8900012014937602,0.480000000000004,0.480000000000004,0.0,14.599313754020779,10.118291916471824,1.1669950334504493,0.46109304087187386
2025-05-08 03:50:16,1048.24,1074.33,1034.5335731139598,1060.571410665877,37.15,35.26,1047.5524918899184,2095.104983779837,26.037837551917164,0.024855878563264835,72.41,1.8900000000000006,4.568808962013236,4.586196444707639,4.577502703360324,0.017387482694402934,0.0037984639273232843,-1.5229363206710786,-0.8420654815690796,-1.1825009011201928,0.4799999999999969,0.4899999999999949,0.00999999999999801,14.4669586717713,9.401281449378736,0.7014493197040842,0.8702582164237911
2025-05-08 03:50:17,1052.36,1086.7,1038.99017983547,1067.1035579994077,37.64,35.76,1053.0468689174388,2106.0937378348776,28.113378163937796,0.026697176514224808,73.4,1.8800000000000026,4.45660672151007,6.532147333530702,5.494377027520386,2.0755406120206317,0.3777571549727028,-0.11220224050316574,1.945950888823063,0.9168743241600623,0.490000000000002,0.5,0.00999999999999801,14.34668739197209,8.762181179003024,0.8543934456729352,0.8293721328286676
2025-05-08 03:50:18,1064.73,1092.89,1045.4251348766024,1073.5501684995559,38.12,36.24,1059.487651688079,2118.975303376158,28.125033622953424,0.026545881447127762,74.36,1.8799999999999955,6.434955041132525,6.446610500148154,6.440782770640226,0.011655459015628367,0.0018096336456377873,1.9783483196224552,-0.08553683338254814,0.9464057431198398,0.4799999999999969,0.480000000000004,7.105427357601002e-15,14.248085495427564,8.648543460692498,1.0595292933806604,0.824836275422433
2025-05-08 03:50:19,1070.91,1099.08,1051.796351157452,1079.9326263746668,38.6,36.72,1065.8644887660594,2131.7289775321187,28.136275217214916,0.026397610097124435,75.32,1.8800000000000026,6.371216280849467,6.382457875110958,6.376837077980326,0.011241594261491628,0.0017628790513451562,-0.06373876028305858,-0.06415262503719532,-0.06394569265989958,0.480000000000004,0.4799999999999969,7.105427357601002e-15,14.151148096321181,9.147125413271127,1.1479355759423566,0.7596510256900322
2025-05-08 03:50:20,1077.09,1101.14,1058.119763368089,1085.2344697810001,39.08,37.21,1071.6771165745445,2143.354233149089,27.11470641291112,0.025301190039662344,76.28999999999999,1.8699999999999974,6.323412210637116,5.301843406333319,5.812627808485104,1.0215688043037972,0.17574987806077366,-0.04780407021235078,-1.0806144687776396,-0.5642092694952225,0.4799999999999969,0.490000000000002,0.010000000000005116,14.047412538040792,9.658824722806616,0.9297805952999353,0.7605363992325539
2025-05-08 03:50:21,1083.27,1111.45,1064.4073225260668,1091.78835233575,39.59,37.69,1078.0978374309084,2156.1956748618168,27.38102980968324,0.025397537063551023,77.28,1.9000000000000057,6.287559157977739,6.553882554749862,6.420720856363914,0.2663233967721226,0.041478731321799196,-0.03585305265937677,1.252039148416543,0.6080930478788105,0.5100000000000051,0.4799999999999969,0.030000000000008242,13.950541194104131,9.850546810052073,0.4895761034464775,0.4314464769384396
2025-05-08 03:50:22,1087.39,1111.45,1070.15299189455,1096.7037642518126,40.07,38.17,1083.4283780731812,2166.8567561463624,26.55077235726253,0.02450625520809727,78.24000000000001,1.8999999999999986,5.745669368483277,4.915411916062567,5.330540642272808,0.8302574524207103,0.15575480094490163,-0.5418897894944621,-1.638470638687295,-1.0901802140911059,0.4799999999999969,0.480000000000004,7.105427357601002e-15,13.847499542761778,9.508965859697014,0.6803977743297543,0.4918017882826939
2025-05-08 03:50:23,1089.45,1119.7,1074.9772439209125,1102.4528231888594,40.55,38.65,1088.7150335548858,2177.4300671097717,27.47557926794684,0.025236704184194585,79.19999999999999,1.8999999999999986,4.824252026362501,5.7490589370468115,5.286655481704656,0.9248069106843104,0.17493228733222155,-0.9214173421207761,0.8336470209842446,-0.04388516056815206,0.4799999999999969,0.4799999999999969,0.0,13.74640176525864,9.090587791071622,0.5760664350418887,0.5458408737801317
2025-05-08 03:50:24,1095.63,1127.95,1080.1404329406844,1108.8271173916446,41.03,39.16,1094.4837751661644,2188.9675503323288,28.68668445096023,0.026210241828751438,80.19,1.8700000000000045,5.163189019771835,6.374294202785222,5.768741611278529,1.2111051830133874,0.20994266248688978,0.3389369934093338,0.6252352657384108,0.4820861295738723,0.480000000000004,0.509999999999998,0.02999999999999403,13.648631519111273,8.89617748712463,0.7835004492193776,0.45862758419286176
2025-05-08 03:50:25,1112.12,1136.2,1088.1353247055133,1115.6703380437334,41.52,39.64,1101.9028313746235,2203.805662749247,27.535013338220097,0.02498860383077659,81.16,1.8800000000000026,7.994891764828935,6.843220652088803,7.4190562084590965,1.1516711127401322,0.1552314641039584,2.8317027450571004,0.46892644930358074,1.650314597180568,0.490000000000002,0.480000000000004,0.00999999999999801,13.576919884151105,9.300620815800615,0.7618886117545883,0.8931760469436567
2025-05-08 03:50:26,1114.18,1132.07,1094.6464935291351,1119.7702535328,42.0,40.12,1107.2083735309675,2214.416747061935,25.123760003664984,0.02269108560013181,82.12,1.8800000000000026,6.5111688236218015,4.099915489066689,5.305542156344018,2.411253334555113,0.45447813041948315,-1.4837229412071338,-2.7433051630221144,-2.113514052115079,0.4799999999999969,0.4799999999999969,0.0,13.482810034682872,9.620994570598565,1.327756839512131,0.9149152541774906
2025-05-08 03:50:27,1112.12,1148.58,1099.0148701468513,1126.9726901496,42.48,40.6,1112.9937801482256,2225.987560296451,27.957820002748804,0.025119475487011236,83.08,1.8799999999999955,4.368376617716194,7.202436616800014,5.785406617258104,2.83405999908382,0.48986349563852766,-2.1427922059056073,3.1025211277333256,0.4798644609140865,0.4799999999999969,0.480000000000004,7.105427357601002e-15,13.39665102012006,9.702743132047027,1.338109537773355,0.8755867050382882
2025-05-08 03:50:28,1124.49,1152.7,1105.3836526101384,1133.4045176122002,42.97,41.09,1119.3940851111693,2238.7881702223385,28.020865002061782,0.025032171734449354,84.06,1.8799999999999955,6.3687824632870615,6.43182746260004,6.400304962943665,0.06304499931297869,0.009850310231728778,2.0004058455708673,-0.770609154199974,0.6148983456855603,0.490000000000002,0.490000000000002,0.0,13.316608039430898,9.643987515986925,1.3721039314112256,0.8160185110938807
2025-05-08 03:50:29,1128.61,1163.02,1111.1902394576036,1140.80838820915,43.45,41.57,1125.9993138333768,2251.9986276667537,29.618148751546414,0.02630387812973869,85.02000000000001,1.8800000000000026,5.806586847465269,7.403870596949901,6.605228722207585,1.5972837494846317,0.24182107461219246,-0.5621956158217927,0.9720431343498603,0.20492375926392015,0.480000000000004,0.4799999999999969,7.105427357601002e-15,13.243934375316895,9.556519075610957,1.6202629166005644,0.8076535331559918
2025-05-08 03:50:30,1134.79,1160.96,1117.0901795932027,1145.8462911568627,43.93,42.05,1131.4682353750327,2262.9364707500654,28.756111563659942,0.025414864190786292,85.97999999999999,1.8800000000000026,5.899940135599081,5.03790294771261,5.468921541655845,0.8620371878864717,0.15762468407999605,0.09335328813381238,-2.365967649237291,-1.1363071805517393,0.4799999999999969,0.4799999999999969,0.0,13.159667622881662,9.732264357438307,1.6889577875274884,0.5698985608025978
2025-05-08 03:50:31,1143.04,1163.02,1123.577634694902,1150.139718367647,44.42,42.54,1136.8586765312743,2273.7173530625487,26.562083672745075,0.02336445522888166,86.96000000000001,1.8800000000000026,6.487455101699197,4.29342721078433,5.39044115624165,2.1940278909148674,0.40702187822837116,0.587514966100116,-0.7444757369282797,-0.07848038541419555,0.490000000000002,0.490000000000002,0.0,13.073351695698282,9.466425953824523,1.1283253444819812,0.5481206308973813
2025-05-08 03:50:32,1149.22,1181.59,1129.9882260211764,1158.0022887757352,44.9,43.02,1143.9952573984558,2287.9905147969116,28.014062754558836,0.024487918589607895,87.92,1.8799999999999955,6.410591326274471,7.8625704080882315,7.136580867181465,1.4519790818137608,0.20345581523990955,-0.07686377542472655,3.5691431973039016,1.746139710939815,0.4799999999999969,0.480000000000004,7.105427357601002e-15,13.011774845162432,9.508539718024664,1.1257966947963343,0.753554396437457
2025-05-08 03:50:33,1155.4,1183.65,1136.3411695158825,1164.4142165818016,45.38,43.5,1150.377693048842,2300.755386097684,28.073047065919127,0.024403330498450376,88.88,1.8800000000000026,6.352943494706096,6.411927806066387,6.382435650386242,0.05898431136029103,0.009241660292346422,-0.057647831568374386,-1.4506426020218441,-0.754145216795223,0.480000000000004,0.4799999999999969,7.105427357601002e-15,12.943043205510788,9.705604113248954,1.1240279732227347,0.7524101771017337
2025-05-08 03:50:34,1161.59,1187.78,1142.6533771369118,1170.2556624363513,45.86,43.99,1156.4545197866314,2312.909039573263,27.602285299439473,0.023868024901371937,89.85,1.8699999999999974,6.312207621029302,5.841445854549647,6.076826737789361,0.4707617664796544,0.07746834150854323,-0.040735873676794654,-0.5704819515167401,-0.30560891259688105,0.4799999999999969,0.490000000000002,0.010000000000005116,12.870946098115587,10.04602739669492,0.8071622046844965,0.7169622135988553
2025-05-08 03:50:35,1165.71,1196.03,1148.417532852684,1176.6992468272633,46.33,44.47,1162.5583898399736,2325.1167796799473,28.28171397457936,0.024327134187337642,90.8,1.8599999999999994,5.764155715772176,6.443584390912065,6.103870053342234,0.6794286751398886,0.11131111211267491,-0.5480519052571253,0.6021385363624177,0.027043315552873537,0.46999999999999886,0.4799999999999969,0.00999999999999801,12.803506355027174,10.102672785926732,0.6856332937540512,0.630206129466371
2025-05-08 03:50:36,1165.71,1206.35,1152.7406496395129,1184.1119351204475,46.81,44.95,1168.4262923799802,2336.8525847599603,31.371285480934603,0.026849177957288955,91.76,1.8599999999999994,4.323116786828905,7.4126882931841465,5.867902540006526,3.0895715063552416,0.5265205000884874,-1.4410389289432715,0.9691039022720815,-0.23596751333570865,0.480000000000004,0.480000000000004,0.0,12.73350348350563,9.652709579715296,1.5308754746737012,0.49515913579980736
2025-05-08 03:50:37,1180.14,1212.54,1159.5904872296346,1191.2189513403355,47.3,45.44,1175.404719284985,2350.80943856997,31.62846411070086,0.026908573332113484,92.74,1.8599999999999994,6.849837590121751,7.10701621988801,6.978426905004881,0.2571786297662584,0.036853376328759034,2.5267208032928465,-0.30567207329613666,1.110524364998355,0.4899999999999949,0.4899999999999949,0.0,12.67419351532016,9.811347281944501,1.9426007882650065,0.4302327125421574
2025-05-08 03:50:38,1186.33,1218.73,1166.275365422226,1198.0967135052515,47.78,45.92,1182.1860394637388,2364.3720789274776,31.82134808302544,0.026917377632494126,93.7,1.8599999999999994,6.684878192591441,6.877762164916021,6.781320178753731,0.1928839723245801,0.028443420867440502,-0.16495939753031053,-0.2292540549719888,-0.19710672625114967,0.480000000000004,0.480000000000004,0.0,12.61671320007498,10.174778154834131,2.0280371285222327,0.4868003064575572
2025-05-08 03:50:39,1180.14,1220.8,1169.7415240666696,1203.7725351289387,48.26,46.4,1186.7570295978041,2373.5140591956083,34.031011062269044,0.028675634679094026,94.66,1.8599999999999994,3.466158644443567,5.67582162368717,4.570990134065369,2.2096629792436033,0.483410033936855,-3.218719548147874,-1.2019405412288506,-2.2103300446883622,0.4799999999999969,0.4799999999999969,0.0,12.537048563920935,9.849059520453235,2.0538317739695815,0.9512867492048157
2025-05-08 03:50:40,1190.45,1233.18,1174.9186430500022,1211.124401346704,48.74,46.88,1193.021522198353,2386.043044396706,36.20575829670179,0.030347950638508453,95.62,1.8599999999999994,5.177118983332548,7.351866217765291,6.26449260054892,2.1747472344327434,0.34715451449135226,1.710960338888981,1.676044594078121,1.693502466483551,0.480000000000004,0.480000000000004,0.0,12.476694307902727,9.596168091428046,2.077392739128637,0.9558186786088159
2025-05-08 03:50:41,1202.83,1233.18,1181.8964822875016,1216.638301010028,49.23,47.37,1199.2673916487647,2398.5347832975294,34.74181872252643,0.02896920147707329,96.6,1.8599999999999994,6.977839237499438,5.513899663324082,6.2458694504116465,1.463939574175356,0.23438519671487457,1.8007202541668903,-1.8379665544412092,-0.018623150137273115,0.4899999999999949,0.4899999999999949,0.0,12.414776182546467,9.272211901109644,1.9553355132273476,0.9485209741361346
2025-05-08 03:50:42,1209.01,1237.31,1188.6748617156263,1221.8062257575211,49.71,47.85,1205.2405437365737,2410.4810874731475,33.13136404189481,0.027489420420332977,97.56,1.8599999999999994,6.778379428124708,5.167924747493089,5.973152087809012,1.6104546806316193,0.26961550406576695,-0.19945980937472996,-0.34597491583099327,-0.27271736260263424,0.480000000000004,0.480000000000004,0.0,12.353838985062882,9.28162603250818,1.652024140054212,0.8334069578103755
2025-05-08 03:50:43,1213.14,1247.63,1194.7911462867198,1228.2621693181409,50.18,48.33,1211.5266578024302,2423.0533156048605,33.471023031421055,0.027627145294934315,98.50999999999999,1.8500000000000014,6.116284571093502,6.455943560619744,6.286114065856509,0.3396589895262423,0.05403321224123382,-0.6620948570312066,1.288018813126655,0.3129619780474968,0.46999999999999886,0.4799999999999969,0.00999999999999801,12.298514318383068,9.765158988234411,1.2197412573511002,0.736223905029134
2025-05-08 03:50:44,1217.26,1255.89,1200.40835971504,1235.1691269886057,50.66,48.82,1217.7887433518229,2435.5774867036457,34.76076727356576,0.02854416862923744,99.47999999999999,1.8399999999999963,5.617213428320156,6.9069576704648625,6.262085549392623,1.2897442421447067,0.20596078191697983,-0.49907114277334585,0.4510141098451186,-0.024028516463886262,0.4799999999999969,0.490000000000002,0.010000000000005116,12.241543336452349,9.770786919162063,1.2207457451129895,0.13114150050140203
2025-05-08 03:50:45,1213.14,1264.14,1203.59126978628,1242.4118452414543,51.14,49.28,1223.0015575138673,2446.0031150277346,38.82057545517432,0.03174204904722053,100.42,1.8599999999999994,3.1829100712400304,7.24271825284859,5.212814162044424,4.05980818160856,0.7788129936332397,-2.4343033570801254,0.3357605823837275,-1.049271387348199,0.480000000000004,0.46000000000000085,0.020000000000003126,12.178864223610866,9.494224231197565,2.2665584587689187,0.45587951167734037
2025-05-08 03:50:46,1231.7,1274.47,1210.61845233971,1250.4263839310909,51.63,49.76,1230.5224181354006,2461.044836270801,39.80793159138079,0.032350431794124446,101.39,1.8700000000000045,7.027182553430066,8.014538689636538,7.520860621533302,0.987356136206472,0.13128231656058267,3.8442724821900356,0.771820436787948,2.308046459488878,0.490000000000002,0.4799999999999969,0.010000000000005116,12.136526343809786,9.821426897509328,3.107107558265407,0.832005285657403
2025-05-08 03:50:47,1229.64,1276.53,1215.3738392547825,1256.9522879483181,52.11,50.25,1236.1630636015502,2472.3261272031004,41.57844869353562,0.033635084143965675,102.36,1.8599999999999994,4.7553869150724495,6.525904017227276,5.6406454661496355,1.7705171021548267,0.3138854939376125,-2.2717956383576166,-1.4886346724092618,-1.8802151553836666,0.4799999999999969,0.490000000000002,0.010000000000005116,12.076622230606956,9.816362508647343,3.437441418577354,0.8720888383979998
2025-05-08 03:50:48,1231.7,1278.6,1219.455379441087,1262.3642159612386,52.57,50.73,1240.909797701163,2481.819595402326,42.90883652015168,0.03457852985371181,103.3,1.8400000000000034,4.081540186304437,5.411928012920498,4.746734099612695,1.330387826616061,0.280274293529591,-0.6738467287680123,-1.1139760043067781,-0.8939113665369405,0.46000000000000085,0.4799999999999969,0.01999999999999602,12.01267943551291,9.41875357350509,3.1196362924501138,1.0752994036516403
2025-05-08 03:50:49,1244.07,1288.92,1225.6090345808152,1269.0031619709289,53.06,51.21,1247.306098275872,2494.612196551744,43.39412739011368,0.034790279158665456,104.27000000000001,1.8500000000000014,6.153655139728244,6.638946009690244,6.39630057470913,0.4852908699620002,0.07587054242108161,2.0721149534238066,1.2270179967697459,1.6495664750964352,0.490000000000002,0.480000000000004,0.00999999999999801,11.96227185493047,9.354737241704163,1.9637370419140423,1.0889162689720269
2025-05-08 03:50:50,1252.33,1299.25,1232.2892759356114,1276.5648714781967,53.54,51.7,1254.4270737069041,2508.8541474138083,44.27559554258528,0.035295471881400704,105.24000000000001,1.8399999999999963,6.6802413547961805,7.5617095072677785,7.120975431032093,0.8814681524715979,0.12378473107006767,0.5265862150679368,0.9227634975775345,0.724674856322963,0.4799999999999969,0.490000000000002,0.010000000000005116,11.919679416450252,9.34732444823008,1.7434579039309994,1.120273282214373
2025-05-08 03:50:51,1256.45,1305.44,1238.3294569517086,1283.7836536086475,54.02,52.16,1261.0565552801781,2522.1131105603563,45.45419665693885,0.036044534585362366,106.18,1.8600000000000065,6.040181016097222,7.218782130450791,6.629481573274006,1.1786011143535688,0.1777817652172378,-0.6400603386989587,-0.3429273768169878,-0.49149385775808696,0.480000000000004,0.45999999999999375,0.020000000000010232,11.876592045616746,10.032978961656898,1.4552493266480293,0.9290637375565451
2025-05-08 03:50:52,1264.7,1307.51,1244.9220927137815,1289.7152402064855,54.49,52.64,1267.3186664601335,2534.637332920267,44.793147492704065,0.035344817876371365,107.13,1.8500000000000014,6.5926357620728595,5.931586597838077,6.262111179955355,0.6610491642347824,0.10556329002708721,0.5524547459756377,-1.2871955326127136,-0.3673703933186516,0.46999999999999886,0.480000000000004,0.010000000000005116,11.829727010458383,10.527566366584141,1.0296868179682677,0.891933462759692
2025-05-08 03:50:53,1256.45,1315.77,1247.804069535336,1296.228930154864,54.97,53.13,1272.0164998451,2544.0329996902,48.42486061952786,0.03806936512801165,108.1,1.8399999999999963,2.8819768215546446,6.513689948378442,4.697833384966543,3.631713126823797,0.7730611233221797,-3.710658940518215,0.5821033505403648,-1.5642777949888114,0.4799999999999969,0.490000000000002,0.010000000000005116,11.767035042350278,9.878829260813015,1.918475142649615,0.9123142756844033
2025-05-08 03:50:54,1266.77,1324.03,1252.545552151502,1303.179197616148,55.45,53.61,1277.862374883825,2555.72474976765,50.63364546464595,0.03962370785791821,109.06,1.8400000000000034,4.741482616165968,6.9502674612840565,5.845875038724898,2.208784845118089,0.37783641501913695,1.859505794611323,0.43657751290561464,1.148041653758355,0.480000000000004,0.4799999999999969,7.105427357601002e-15,11.717058162174645,9.15949812332182,2.7163041776807617,0.9191081142623246
2025-05-08 03:50:55,1283.27,1319.9,1260.2266641136266,1307.359398212111,55.94,54.08,1283.7930311628688,2567.5860623257377,47.132734098484434,0.03671365470731494,110.02,1.8599999999999994,7.6811119621245325,4.180200595963015,5.9306562790438875,3.5009113661615174,0.5903074821962934,2.939629345958565,-2.7700668653210414,0.08478124031898915,0.4899999999999949,0.46999999999999886,0.01999999999999602,11.668724045574848,8.863958134927055,2.3503737190546987,0.7260764906074978
2025-05-08 03:50:56,1279.14,1326.09,1264.95499808522,1312.0420486590833,56.4,54.56,1288.4985233721518,2576.9970467443036,47.08705057386328,0.03654412456297335,110.96000000000001,1.8399999999999963,4.728333971593429,4.682650446972275,4.705492209282966,0.04568352462115399,0.009708551811535895,-2.9527779905311036,0.5024498510092599,-1.2251640697609218,0.46000000000000085,0.480000000000004,0.020000000000003126,11.612279305694596,8.567935856731633,2.1355476286160275,0.7348381098957011
2025-05-08 03:50:57,1291.52,1344.68,1271.5962485639152,1320.2015364943124,56.88,55.04,1295.8988925291137,2591.7977850582274,48.60528793039725,0.03750700627425552,111.92,1.8400000000000034,6.641250478695156,8.159487835229129,7.400369156961915,1.518237356533973,0.2051569481434233,1.912916507101727,3.476837388256854,2.6948769476789494,0.480000000000004,0.4799999999999969,7.105427357601002e-15,11.57879629155037,9.251924210813392,1.4455986236531415,1.113309653868645
2025-05-08 03:50:58,1295.65,1350.88,1277.6096864229364,1327.8711523707343,57.37,55.53,1302.7404193968355,2605.480838793671,50.26146594779789,0.03858133605195688,112.9,1.8399999999999963,6.013437859021224,7.669615876421858,6.841526867721768,1.6561780174006344,0.24207721570710233,-0.6278126196739322,-0.48987195880727086,-0.5588422892401468,0.4899999999999949,0.490000000000002,7.105427357601002e-15,11.5388875806727,9.809775785628133,1.6758850738076292,1.0330419663477037
2025-05-08 03:50:59,1299.78,1350.88,1283.1522648172022,1333.6233642780508,57.83,55.99,1308.3878145476265,2616.775629095253,50.47109946084856,0.038575030171558,113.82,1.8399999999999963,5.5425783942657745,5.75221190731645,5.647395150790999,0.2096335130506759,0.03712038388192649,-0.47085946475544915,-1.9174039691054077,-1.1941317169307695,0.46000000000000085,0.46000000000000085,0.0,11.495236364895362,10.051005252062021,1.6310428728082638,1.0510557821016882
2025-05-08 03:51:00,1312.16,1352.94,1290.4041986129016,1338.452523208538,58.32,56.47,1314.4283609107197,2628.8567218214394,48.04832459563636,0.036554540352272125,114.78999999999999,1.8500000000000014,7.251933795699415,4.8291589304872105,6.040546363093199,2.4227748652122045,0.40108531885950943,1.7093554014336405,-0.9230529768292399,0.3931512123022003,0.490000000000002,0.4799999999999969,0.010000000000005116,11.45072174806166,10.189817356154041,1.4509300052429075,1.0476398563724012
2025-05-08 03:51:01,1310.1,1369.47,1295.3281489596761,1346.2068924064035,58.8,56.96,1320.76752068304,2641.53504136608,50.87874344672741,0.03852210370973778,115.75999999999999,1.8399999999999963,4.923950346774518,7.7543691978655716,6.339159772320272,2.8304188510910535,0.44649740758271667,-2.327983448924897,2.925210267378361,0.29861340922707313,0.4799999999999969,0.490000000000002,0.010000000000005116,11.409532733876187,9.71590764781808,1.2464598135929728,0.6856630046733039
2025-05-08 03:51:02,1322.48,1373.6,1302.116111719757,1353.0551693048028,59.26,57.42,1327.58564051228,2655.17128102456,50.9390575850457,0.03836969608003592,116.68,1.8399999999999963,6.787962760080973,6.848276898399263,6.818119829240004,0.060314138318290134,0.00884615274924853,1.8640124133064546,-0.9060922994663088,0.47896005691973187,0.46000000000000085,0.46000000000000085,0.0,11.37800504914531,9.82051424099879,1.1918125932538375,0.5122175589425889
2025-05-08 03:51:03,1326.6,1375.67,1308.237083789818,1358.7088769786021,59.75,57.9,1333.4729803842101,2666.9459607684203,50.471793188784204,0.03784988064504465,117.65,1.8500000000000014,6.120972070060816,5.6537076737993175,5.88733987193018,0.4672643962614984,0.07936764770820966,-0.6669906900201568,-1.1945692245999453,-0.9307799573098237,0.490000000000002,0.4799999999999969,0.010000000000005116,11.334236881002747,10.015338511998376,1.2017359815795776,0.4515768976082389
2025-05-08 03:51:04,1334.86,1386.0,1314.8928128423634,1365.5316577339515,60.21,58.32,1340.2122352881574,2680.424470576315,50.63884489158818,0.037784198293724855,118.53,1.8900000000000006,6.655729052545439,6.822780755349413,6.739254903947312,0.16705170280397397,0.024787855689843822,0.5347569824846232,1.1690730815500956,0.851915032017132,0.46000000000000085,0.4200000000000017,0.03999999999999915,11.306945279517524,10.164463279723885,1.2147998001253486,0.41215328564962556
2025-05-08 03:51:05,1328.67,1394.26,1318.3371096317726,1372.7137433004636,60.7,58.71,1345.525426466118,2691.050852932236,54.376633668691056,0.04041293650696194,119.41,1.990000000000002,3.4442967894092362,7.182085566512114,5.313191177960562,3.737788777102878,0.703492110187064,-3.211432263136203,0.3593048111627013,-1.4260637259867508,0.490000000000002,0.39000000000000057,0.10000000000000142,11.26811335062394,9.833114687745669,1.6406428164719726,0.627402445621203
2025-05-08 03:51:06,1345.18,1371.54,1325.0478322238296,1372.4203074753477,61.18,59.0,1348.7340698495886,2697.4681396991773,47.37247525151815,0.035123658751852756,120.18,2.1799999999999997,6.710722592056982,-0.29343582511592103,3.208643383470644,7.004158417172903,2.182902677920582,3.2664258026477455,-7.475521391628035,-2.1045477944899176,0.4799999999999969,0.28999999999999915,0.18999999999999773,11.222616563712531,8.654220276677977,2.484208428976419,1.4718104355455628
2025-05-08 03:51:07,1351.37,1402.53,1331.6283741678722,1379.9477306065107,61.64,59.21,1355.7880523871913,2711.5761047743827,48.31935643863858,0.03563931421133369,120.85,2.4299999999999997,6.580541944042579,7.527423131163005,7.053982537602678,0.9468811871204252,0.13423354081745223,-0.13018064801440232,7.820858956278926,3.8453391541320343,0.46000000000000085,0.21000000000000085,0.25,11.218767407268713,8.456877672274848,2.703517430061448,1.5237439755598539
2025-05-08 03:51:08,1349.31,1367.4,1336.048780625904,1376.8107979548831,62.13,59.48,1356.4297892903937,2712.8595785807875,40.76201732897903,0.030050959969149905,121.61,2.6500000000000057,4.420406458031948,-3.1369326516276033,0.6417369032023998,7.5573391096595515,11.776363951617826,-2.160135486010631,-10.664355782790608,-6.4122456344002785,0.490000000000002,0.269999999999996,0.22000000000000597,11.153932884931017,6.893414996479402,5.001933216024968,2.6791057453446605
2025-05-08 03:51:09,1361.69,1427.33,1342.459085469428,1389.4405984661623,62.59,59.66,1365.9498419677952,2731.8996839355905,46.98151299673441,0.034394757053932384,122.25,2.930000000000007,6.410304843523818,12.6298005112792,9.520052677401509,6.219495667755382,0.6533046848799899,1.9898983854918697,15.766733162906803,8.878315774199109,0.46000000000000085,0.17999999999999972,0.28000000000000114,11.173413748829297,7.909960600540558,4.838012741159994,3.4220758397110274
2025-05-08 03:51:10,1359.63,1377.73,1346.751814102071,1386.5129488496218,63.02,59.89,1366.6323814758464,2733.264762951693,39.76113474755084,0.029094243087901928,122.91,3.1300000000000026,4.292728632643048,-2.9276496165405206,0.6825395080511498,7.220378249183568,10.57868091931984,-2.1175762108807703,-15.55745012781972,-8.837513169350359,0.4299999999999997,0.23000000000000398,0.19999999999999574,11.118968109648348,7.557044904034399,4.041312942917433,3.9516591914041648
2025-05-08 03:51:11,1334.86,1379.8,1343.7788605765531,1384.8347116372163,63.43,60.03,1364.3067861068848,2728.6135722137697,41.055851060663144,0.03009282915591526,123.46000000000001,3.3999999999999986,-2.9729535255178234,-1.67823721240552,-2.325595368961558,1.2947163131123034,0.5567244300826069,-7.265682158160871,1.2494124041350005,-3.008134877012708,0.4099999999999966,0.14000000000000057,0.269999999999996,11.050597562419304,5.287661803666965,3.959789897970947,4.954146105747434
2025-05-08 03:51:12,1361.69,1375.67,1348.2566454324149,1382.5435337279123,63.74,60.21,1365.4000895801637,2730.8001791603274,34.28688829549742,0.02511123921262433,123.95,3.530000000000001,4.477784855861728,-2.291177909303997,1.0933034732788656,6.768962765165725,6.191287907992661,7.450738381379551,-0.6129406968984767,3.4188988422404236,0.3100000000000023,0.17999999999999972,0.13000000000000256,11.015732783900209,4.176287983801748,4.514204668476233,4.461909454440007
2025-05-08 03:51:13,1365.82,1386.0,1352.647484074311,1383.4076502959342,63.97,60.34,1368.0275671851227,2736.0551343702455,30.760166221623194,0.022485048501201473,124.31,3.6299999999999955,4.390838641896153,0.8641165680219274,2.62747760495904,3.5267220738742253,1.3422457816470796,-0.08694621396557523,3.155294477325924,1.5341741316801745,0.22999999999999687,0.13000000000000256,0.09999999999999432,11.004967872095204,1.3892678952062667,6.278740995243586,4.407462921308523
2025-05-08 03:51:14,1332.8,1377.73,1347.6856130557333,1381.9882377219506,64.24,60.41,1364.8369253888418,2729.6738507776836,34.3026246662173,0.025133130561595374,124.64999999999999,3.8299999999999983,-4.961871018577767,-1.4194125739836636,-3.190641796280943,3.5424584445941036,1.1102648183379356,-9.35270966047392,-2.283529142005591,-5.818119401239983,0.269999999999996,0.06999999999999318,0.20000000000000284,10.949353505330834,1.4969753234716263,4.27123816515303,2.444671933985424
2025-05-08 03:51:15,1367.89,1386.0,1352.7367097918,1382.9911782914628,64.49,60.46,1367.8639440416314,2735.7278880832628,30.254468499662835,0.022118039304517254,124.94999999999999,4.029999999999994,5.051096736066711,1.0029405695122477,3.027018652789593,4.048156166554463,1.3373405629606094,10.012967754644478,2.4223531434959114,6.217660449070536,0.25,0.05000000000000426,0.19999999999999574,10.947290380907091,1.7411939202610986,4.3126943502925705,2.8525003328309557
2025-05-08 03:51:16,1332.8,1373.6,1347.75253234385,1380.6433837185973,64.7,60.46,1364.1979580312236,2728.395916062447,32.8908513747474,0.024110028282189062,125.16,4.240000000000002,-4.98417744795006,-2.347794572865496,-3.665986010407778,2.636382875084564,0.7191468130137515,-10.035274184016771,-3.3507351423777436,-6.693004663197371,0.21000000000000796,0.0,0.21000000000000796,10.899632048031252,1.7694623485174201,1.9147205121445314,3.196837216853992
2025-05-08 03:51:17,1347.24,1379.8,1347.6243992578875,1380.432537788948,64.95,60.53,1364.0284685234178,2728.0569370468356,32.80813853106042,0.024052385462690055,125.48,4.420000000000002,-0.12813308596241768,-0.21084592964939475,-0.16948950780579253,0.08271284368697707,0.4880087077310076,4.856044361987642,2.136948643216101,3.4964965026019854,0.25,0.07000000000000028,0.17999999999999972,10.870484998827964,1.9908470593013823,1.6678054369598452,3.1360240280557643
2025-05-08 03:51:18,1376.14,1377.73,1354.7532994434157,1379.7569033417108,65.17,60.53,1367.2551013925631,2734.5102027851262,25.00360389829507,0.01828744603296137,125.7,4.640000000000001,7.1289001855282095,-0.6756344472371438,3.2266328691453054,7.804534632765353,2.4187853190894186,7.257033271490627,-0.4647885175877491,3.396122376951098,0.21999999999999886,0.0,0.21999999999999886,10.87712880282764,1.794147792796937,3.6827676249283208,3.2826451266618344
2025-05-08 03:51:19,1343.12,1373.6,1351.8449745825617,1378.217677506283,65.36,60.59,1365.0313260444223,2730.0626520888445,26.372702923721363,0.019320218079407574,125.95,4.769999999999996,-2.908324860854009,-1.5392258354277146,-2.2237753481408618,1.3690990254262942,0.6156639927261114,-10.037225046382218,-0.8635913881905708,-5.450408217286167,0.18999999999999773,0.060000000000002274,0.12999999999999545,10.837882613787531,1.7744880123752669,3.640145781232311,3.0813876822938
2025-05-08 03:51:20,1351.37,1381.87,1351.7262309369212,1379.1307581297121,65.58,60.59,1365.4284945333166,2730.856989066633,27.404527192790965,0.020070276314313445,126.17,4.989999999999995,-0.11874364564050666,0.9130806234290958,0.39716848889429457,1.0318242690696025,2.5979444492127626,2.789581215213502,2.4523064588568104,2.6209438370351563,0.21999999999999886,0.0,0.21999999999999886,10.822132707546832,1.292283685780534,3.7082992081518853,2.6360944852219403
2025-05-08 03:51:21,1369.95,1383.93,1356.282173202691,1380.3305685972841,65.76,60.59,1368.3063708999875,2736.612741799975,24.04839539459317,0.01757530030441963,126.35000000000001,5.170000000000002,4.555942265769772,1.1998104675719787,2.8778763666709892,3.3561317981977936,1.1661830476397363,4.674685911410279,0.28672984414288294,2.4807078777766947,0.18000000000000682,0.0,0.18000000000000682,10.829492363043096,1.7353684831438154,3.424468448930567,2.2610377647704802
2025-05-08 03:51:22,1351.37,1388.06,1355.0541299020183,1382.2629264479629,65.96,60.64,1368.6585281749906,2737.317056349981,27.20879654594455,0.019879901353002678,126.6,5.319999999999993,-1.2280433006726525,1.9323578506787271,0.3521572750030373,3.1604011513513797,8.974377078954406,-5.783985566442425,0.7325473831067484,-2.525719091667952,0.19999999999998863,0.04999999999999716,0.14999999999999147,10.81088876274962,1.6467544610017195,1.4468992472554345,2.2154444211362576
2025-05-08 03:51:23,1376.14,1383.93,1360.3255974265137,1382.6796948359722,66.15,60.64,1371.502646131243,2743.005292262486,22.354097409458518,0.016298982328773727,126.79,5.510000000000005,5.271467524495392,0.4167683880093591,2.8441179562523757,4.854699136486033,1.706925487702859,6.499510825168045,-1.515589462669368,2.4919606812493384,0.19000000000001194,0.0,0.19000000000001194,10.817119925184343,2.6453548436095753,2.1971682522256257,2.120718417388932
2025-05-08 03:51:24,1351.37,1381.87,1358.0866980698852,1382.477271126979,66.29,60.64,1370.2819845984322,2740.5639691968645,24.39057305709389,0.017799674310424497,126.93,5.650000000000006,-2.238899356628508,-0.20242370899313755,-1.220661532810709,2.0364756476353705,1.6683363279334564,-7.5103668811239,-0.6191920970024967,-4.064779489063085,0.14000000000000057,0.0,0.14000000000000057,10.795572156329158,2.2980953530013193,2.174008724873213,1.7768700299510474
2025-05-08 03:51:25,1351.37,1383.93,1356.4075235524137,1382.8404533452344,66.47,60.64,1369.623988448824,2739.247976897648,26.432929792820687,0.019299406257813907,127.11,5.829999999999998,-1.6791745174714379,0.36318221825536057,-0.6579961496081523,2.0423567357267984,3.103899062394197,0.5597248391570702,0.5656059272484981,0.5626653832025568,0.1799999999999926,0.0,0.1799999999999926,10.775107998377123,1.2862428822104333,1.9458886815221066,1.9298791250249983
2025-05-08 03:51:26,1390.6,1381.87,1364.9556426643103,1382.597840008926,66.65,60.64,1373.7767413366182,2747.5534826732364,17.642197344615624,0.012842113860952768,127.29,6.010000000000005,8.54811911189654,-0.24261333630852278,4.152752887794122,8.790732448205063,2.116844071603425,10.227293629367978,-0.6057955545638833,4.8107490374022746,0.18000000000000682,0.0,0.18000000000000682,10.792495329909048,1.974023247420531,3.831495520689048,2.312810044636589
2025-05-08 03:51:27,1357.57,1388.06,1363.1092319982326,1383.9633800066945,66.78,60.7,1373.5363060024636,2747.072612004927,20.854148008461834,0.015182815264616394,127.48,6.079999999999998,-1.8464106660776451,1.3655399977685647,-0.2404353341546539,3.21195066384621,13.35884060593027,-10.394529777974185,1.6081533340770875,-4.393188221948776,0.12999999999999545,0.060000000000002274,0.06999999999999318,10.774523809444146,1.873138228668816,3.362814782733707,2.374689603391108
2025-05-08 03:51:28,1357.57,1379.8,1361.7244239986744,1382.9225350050208,66.96,60.7,1372.3234795018475,2744.646959003695,21.19811100634638,0.015446876270450756,127.66,6.259999999999991,-1.3848079995582339,-1.0408450016736879,-1.2128265006160746,0.343962997884546,0.2836042204763865,0.4616026665194113,-2.4063849994422526,-0.9723911664614207,0.1799999999999926,0.0,0.1799999999999926,10.749831339119662,1.8826066663102177,3.4006799492464674,2.267285482890968
2025-05-08 03:51:29,1347.24,1386.0,1358.1033179990059,1383.6919012537655,67.06,60.7,1370.8976096263857,2741.7952192527714,25.58858325475967,0.018665568497903955,127.76,6.359999999999999,-3.6211059996685435,0.7693662487447455,-1.4258698754617853,4.390472248413289,3.079151362139564,-2.2362980001103097,1.8102112504184333,-0.2130433748457108,0.10000000000000853,0.0,0.10000000000000853,10.730256722731129,1.7661667268832153,3.636149503637704,2.300237966886752
2025-05-08 03:51:30,1359.63,1377.73,1358.4849884992545,1382.201425940324,67.17,60.7,1370.3432072197893,2740.6864144395786,23.716437441069502,0.017306932525231754,127.87,6.469999999999999,0.3816705002486742,-1.4904753134414932,-0.5544024065964095,1.8721458136901674,3.376865638657661,4.002776499917218,-2.2598415621862387,0.8714674688653758,0.10999999999999943,0.0,0.10999999999999943,10.716690361328684,1.535249602067608,3.023670152348334,2.291894719423033
2025-05-08 03:51:31,1351.37,1381.87,1356.7062413744409,1382.118569455243,67.28,60.7,1369.412405414842,2738.824810829684,25.412328080802126,0.018557103734244875,127.98,6.579999999999998,-1.7787471248136626,-0.08285648508103804,-0.9308018049473503,1.6958906397326245,1.8219655449239331,-2.160417625062337,1.4076188283604552,-0.37639939835094083,0.10999999999999943,0.0,0.10999999999999943,10.700206240933237,1.634696052987817,2.250475228211443,0.48117839549587416
2025-05-08 03:51:32,1357.57,1381.87,1356.9221810308306,1382.0564270914322,67.33,60.7,1369.4893040611314,2738.978608122263,25.134246060601527,0.018353006458476564,128.03,6.6299999999999955,0.21593965638976442,-0.06214236381083538,0.07689864628946452,0.2780820202005998,3.6161677409262394,1.994686781203427,0.020714121270202668,1.0077004512368148,0.04999999999999716,0.0,0.04999999999999716,10.696628082203416,1.1949782453022897,1.838164483738834,0.5933117877750138
2025-05-08 03:51:33,1349.31,1379.8,1355.0191357731228,1381.4923203185742,67.39,60.7,1368.2557280458486,2736.5114560916973,26.47318454545143,0.019348126219001817,128.09,6.689999999999998,-1.903045257707845,-0.5641067728579401,-1.2335760152827788,1.3389384848499049,1.0854113429982915,-2.1189849140976094,-0.5019644090471047,-1.3104746615722433,0.060000000000002274,0.0,0.060000000000002274,10.681987019781884,1.0073404107333452,1.000158008004358,0.5969006902342541
2025-05-08 03:51:34,1359.63,1379.8,1356.1718518298421,1381.0692402389307,67.44,60.7,1368.6205460343863,2737.2410920687726,24.897388409088535,0.018191593325876755,128.14,6.739999999999995,1.1527160567193278,-0.42308007964356875,0.3648179885376521,1.5757961363628965,4.3193917692698784,3.0557613144271727,0.14102669321437133,1.598394003820431,0.04999999999999716,0.0,0.04999999999999716,10.680665954063684,0.8155082202130323,0.9919784856733962,0.6703479805619754
2025-05-08 03:51:35,1384.4,1390.13,1363.2288888723815,1383.334430179198,67.49,60.75,1373.2816595257898,2746.5633190515796,20.105541306816576,0.014640508123525617,128.24,6.739999999999995,7.057037042539378,2.265189940267419,4.661113491403512,4.791847102271959,1.028047500465727,5.90432098582005,2.6882700199109877,4.29629550286586,0.04999999999999716,0.04999999999999716,0.0,10.708684098698578,2.00897303671712,2.4774829628295616,2.3730879640750757
2025-05-08 03:51:36,1351.37,1386.0,1360.264166654286,1384.0008226343984,67.49,60.75,1372.1324946443424,2744.264989288685,23.736655980112346,0.01729909907057904,128.24,6.739999999999995,-2.964722218095403,0.6663924552003664,-1.1491648814474047,3.6311146732957695,3.1597828754907735,-10.02175926063478,-1.5987974850670525,-5.810278372850917,0.0,0.0,0.0,10.699723050098404,2.2298834872698983,2.4197384363595487,2.40974569058904
2025-05-08 03:51:37,1351.37,1388.06,1358.0406249907146,1385.0156169757988,67.55,60.75,1371.5281209832567,2743.0562419665134,26.974991985084216,0.019667837321540184,128.3,6.799999999999997,-2.2235416635714955,1.0147943414003748,-0.604373661085674,3.2383360049718704,5.358159786438854,0.7411805545239076,0.34840188620000845,0.5447912203617307,0.060000000000002274,0.0,0.060000000000002274,10.69000865388346,2.2181687624527826,2.7409589078323564,2.4614667115646065
2025-05-08 03:51:38,1349.31,1386.0,1355.857968743036,1385.261712731849,67.55,60.75,1370.5598407374425,2741.119681474885,29.40374398881295,0.021453819886870586,128.3,6.799999999999997,-2.182656247678551,0.24609575605018108,-0.968280245814185,2.4287520037287322,2.5083125530191404,0.040885415892944366,-0.7686985853501938,-0.363906584728511,0.0,0.0,0.0,10.682461652805774,1.7586140477636494,3.4947477593925615,2.419746792889281
2025-05-08 03:51:39,1359.63,1386.0,1356.800976557277,1385.4462845488868,67.6,60.75,1371.123630553082,2742.247261106164,28.645307991609798,0.02089184908815483,128.35,6.849999999999994,0.9430078142409002,0.1845718170377495,0.5637898156394385,0.7584359972031507,1.345243619023751,3.1256640619194513,-0.06152393901243158,1.5320700614536236,0.04999999999999716,0.0,0.04999999999999716,10.682692792133924,1.0425021966049035,3.8452576162504672,2.4194093078588392
2025-05-08 03:51:40,1361.69,1383.93,1358.0232324179578,1385.067213411665,67.65,60.75,1371.5452229148113,2743.0904458296227,27.043980993707237,0.019717892288316535,128.4,6.900000000000006,1.2222558606808889,-0.37907113722167196,0.4215923617293811,1.6013269979025608,3.798273747323483,0.2792480464399887,-0.5636429542594215,-0.14219745391005745,0.05000000000001137,0.0,0.05000000000001137,10.681816294649494,0.5817753606541904,2.1798793079528713,0.7930905900806995
2025-05-08 03:51:41,1359.63,1386.0,1358.4249243134684,1385.3004100587489,67.65,60.75,1371.8626671861086,2743.7253343722173,26.875485745280457,0.019590507394457717,128.4,6.900000000000006,0.4016918955105666,0.23319664708378696,0.31744427129729047,0.16849524842677965,0.5307851893279024,-0.8205639651703223,0.6122677843054589,-0.10414809043209061,0.0,0.0,0.0,10.684288602039096,0.5012121636974031,1.161123566204989,0.6864114520955221
2025-05-08 03:51:42,1353.44,1386.0,1357.1786932351015,1385.4753075440617,67.65,60.75,1371.3270003895816,2742.654000779163,28.296614308960216,0.02063447615359934,128.4,6.900000000000006,-1.2462310783669182,0.17489748531284022,-0.535666796527039,1.4211285636797584,2.6530035460289683,-1.6479229738774848,-0.05829916177094674,-0.8531110678243294,0.0,0.0,0.0,10.680116742285552,0.48863754921255487,1.0769569609995484,0.673198632233144
2025-05-08 03:51:43,1353.44,1386.0,1356.244019926326,1385.6064806580462,67.73,60.75,1370.925250292186,2741.850500584372,29.362460731720148,0.02141798810988719,128.48000000000002,6.980000000000004,-0.9346733087754728,0.13117311398445963,-0.4017500973955066,1.0658464227599325,2.6530018951277508,0.3115577695914453,-0.043724371328380585,0.13391669913153237,0.0799999999999983,0.0,0.0799999999999983,10.670339660817607,0.36499861407872247,1.0640940516771558,0.5044817068502317
2025-05-08 03:51:44,1359.63,1377.73,1357.0905149447444,1383.6373604935347,67.73,60.75,1370.3639377191396,2740.727875438279,26.546845548790316,0.019372113347935357,128.48000000000002,6.980000000000004,0.846495018418409,-1.9691201645114234,-0.5613125730465072,2.8156151829298324,5.01611811673855,1.7811683271938819,-2.100293278495883,-0.15956247565100057,0.0,0.0,0.0,10.665970789641724,0.5806908266618777,1.175968459255318,0.4812738842848027
2025-05-08 03:51:45,1390.6,1381.87,1365.4678862085584,1383.1955203701511,67.74,60.75,1374.3317032893547,2748.6634065787093,17.727634161592732,0.012899094233411004,128.49,6.989999999999995,8.377371263813984,-0.44184012338359935,3.9677655702150787,8.819211387197583,2.2227142729113534,7.530876245395575,1.527280041127824,4.529078143261586,0.009999999999990905,0.0,0.009999999999990905,10.696020644356246,1.5376493172747965,4.631264796400222,1.940003464709511
2025-05-08 03:51:46,1359.63,1383.93,1364.0084146564188,1383.3791402776135,67.78,60.75,1373.6937774670162,2747.3875549340323,19.37072562119465,0.014101196296318352,128.53,7.030000000000001,-1.4594715521395756,0.1836199074623437,-0.6379258223385023,1.6430914596019193,2.575673889332165,-9.83684281595356,0.625460030845943,-4.605691392553581,0.04000000000000625,0.0,0.04000000000000625,10.687728676412414,1.7683388867450978,5.341718517851033,2.015126166344206
2025-05-08 03:51:47,1359.63,1379.8,1362.9138109923142,1382.4843552082102,67.78,60.75,1372.6990831002622,2745.3981662005244,19.570544215896007,0.014256980603089386,128.53,7.030000000000001,-1.0946036641046248,-0.8947850694032695,-0.9946943667539472,0.19981859470135532,0.20088421176971608,0.36486788803495074,-1.0784049768656132,-0.3567685444154449,0.0,0.0,0.0,10.67998967105168,1.7186613194058955,5.114162879814749,2.0760227967600806
2025-05-08 03:51:48,1349.31,1375.67,1359.5128582442358,1380.7807664061577,67.78,60.75,1370.1468123251966,2740.293624650393,21.267908161921923,0.015522357133617697,128.53,7.030000000000001,-3.4009527480784527,-1.7035888020525363,-2.552270775065608,1.6973639460259164,0.6650404406804539,-2.306349083973828,-0.8088037326492667,-1.557576408311661,0.0,0.0,0.0,10.660132277795569,1.9105132672426377,3.398242394006283,2.441694833433658
2025-05-08 03:51:49,1353.44,1388.06,1357.994643683177,1382.6005748046182,67.83,60.82,1370.2976092438976,2740.595218487795,24.605931121441245,0.017956632878504155,128.65,7.009999999999998,-1.5182145610588123,1.8198083984605091,0.15079691870096212,3.3380229595193214,22.135736277227704,1.8827381870196405,3.5233972005130454,2.7030676937665703,0.04999999999999716,0.07000000000000028,0.020000000000003126,10.6513610461915,1.9270166695258746,2.611185025077585,2.4328725708953938
2025-05-08 03:51:50,1351.37,1386.0,1356.3384827623827,1383.4504311034636,67.83,60.82,1369.8944569329233,2739.7889138658466,27.11194834108096,0.019791267994463624,128.65,7.009999999999998,-1.6561609207942638,0.8498562988454523,-0.40315231097429205,2.506017219639716,6.216040279028039,-0.13794635973545155,-0.9699520996150568,-0.5539492296752542,0.0,0.0,0.0,10.64822733217797,1.7311155246780952,3.3738509297585013,1.0195455848456747
2025-05-08 03:51:51,1359.63,1388.06,1357.1613620717872,1384.602823327598,67.83,60.82,1370.8820926996925,2741.764185399385,27.441461255810736,0.020017375222804612,128.65,7.009999999999998,0.8228793094044704,1.1523922241342461,0.9876357667692446,0.32951291472977573,0.33363775612331414,2.479040230198734,0.3025359252887938,1.3907880777435366,0.0,0.0,0.0,10.655904252186462,1.1303800718644152,3.499265421402717,1.3307032586833194
2025-05-08 03:51:52,1359.63,1386.0,1357.7785215538404,1384.9521174956985,67.89,60.82,1371.3653195247693,2742.7306390495387,27.17359594185814,0.019814994250736802,128.71,7.07,0.6171594820532391,0.3492941681006414,0.48322682507682657,0.2678653139525977,0.5543251030919232,-0.2057198273512313,-0.8030980560336047,-0.504408941692418,0.060000000000002274,0.0,0.060000000000002274,10.654691235102774,0.5970070040992631,2.639909997928965,1.3740910744016452
2025-05-08 03:51:53,1353.44,1381.87,1356.6938911653801,1384.1815881217738,67.89,60.82,1370.437739643577,2740.875479287154,27.48769695639362,0.020057603597143352,128.71,7.07,-1.0846303884602548,-0.7705293739247736,-0.9275798811922868,0.3141010145354812,0.3386238557782093,-1.701789870513494,-1.119823542025415,-1.4108067062691134,0.0,0.0,0.0,10.647484492239084,0.5652067757346037,1.2174552482329297,0.7479439758240694
2025-05-08 03:51:54,1359.63,1386.0,1357.427918374035,1384.6361910913304,67.89,60.82,1371.0320547326828,2742.0641094653656,27.20827271729536,0.019845103258913366,128.71,7.07,0.7340272086548794,0.4546029695566176,0.5943150891057485,0.27942423909826175,0.47016098709140436,1.8186575971151342,1.2251323434813912,1.5218949702980353,0.0,0.0,0.0,10.652101966285299,0.5703627236300783,0.1686788201794122,0.7869557141370382
2025-05-08 03:51:55,1349.31,1388.06,1355.3984387805262,1385.4921433184977,67.89,60.82,1370.445291049512,2740.890582099024,30.093704537971462,0.021959070320104558,128.71,7.07,-2.0294795935087677,0.8559522271673359,-0.5867636831708296,2.8854318206761036,4.917528105276309,-2.763506802163647,0.40134925761071827,-1.181078772276578,0.0,0.0,0.0,10.647543162162759,0.39747474265891203,1.244681229078292,0.8225198186815647
2025-05-08 03:51:56,1353.44,1386.0,1354.9088290853947,1385.6191074888734,67.94,60.82,1370.263968287134,2740.527936574268,30.710278403478696,0.02241194331297743,128.76,7.119999999999997,-0.4896096951315485,0.12696417037568608,-0.1813227623779312,0.6165738655072346,3.4004029997023566,1.5398698983772192,-0.7289880567916498,0.4054409207928984,0.04999999999999716,0.0,0.04999999999999716,10.642000292366681,0.4680537944559142,1.7227786788619368,0.6610365027307049
2025-05-08 03:51:57,1359.63,1386.0,1356.089121814046,1385.714330616655,67.94,60.82,1370.9017262153504,2741.803452430701,29.625208802608995,0.021610016396131703,128.76,7.119999999999997,1.1802927286512386,0.09522312778153719,0.6377579282163879,1.0850696008697014,1.7013789268372947,1.669902423782787,-0.031741042594148894,0.8190806905943191,0.0,0.0,0.0,10.646953367259997,0.3315062280982235,1.581640126250206,0.6990235777267012
2025-05-08 03:51:58,1355.5,1386.0,1355.9418413605345,1385.7857479624913,67.94,60.82,1370.8637946615129,2741.7275893230258,29.84390660195686,0.021770147184867205,128.76,7.119999999999997,-0.14728045351148467,0.07141734583638026,-0.0379315538375522,0.21869779934786493,5.765438316767378,-1.3275731821627232,-0.023805781945156923,-0.6756894820539401,0.0,0.0,0.0,10.64665877613276,0.3289275999646463,1.34193446359304,0.5249403278709689
2025-05-08 03:51:59,1349.31,1386.0,1354.2838810204007,1385.8393109718686,67.94,60.82,1370.0615959961347,2740.1231919922693,31.555429951467886,0.02303212499398077,128.76,7.119999999999997,-1.6579603401337408,0.0535630093772852,-0.8021986653782278,1.711523349511026,2.1335378502109728,-1.5106798866222562,-0.017854336459095066,-0.7642671115406756,0.0,0.0,0.0,10.640428590833382,0.3689064827827559,0.7792253731183768,0.5568905208140303
2025-05-08 03:52:00,1355.5,1375.67,1354.5879107653004,1383.2969832289014,67.99,60.82,1368.942446997101,2737.884893994202,28.709072463600933,0.020971716163528394,128.81,7.169999999999995,0.304029744899708,-2.5423277429672453,-1.1191489990337686,2.8463574878669533,2.543320815194022,1.9619900850334488,-2.5958907523445305,-0.3169503336555408,0.04999999999999716,0.0,0.04999999999999716,10.627609939985179,0.7964774508237009,1.085791930781847,0.6865422517105603
2025-05-08 03:52:01,1359.63,1386.0,1355.8484330739752,1383.972737421676,67.99,60.82,1369.9105852478256,2739.821170495651,28.124304347700672,0.020530029207769626,128.81,7.169999999999995,1.2605223086748083,0.6757541927745478,0.9681382507246781,0.5847681159002605,0.604012403652208,0.9564925637751003,3.218081935741793,2.0872872497584467,0.0,0.0,0.0,10.635125957710578,0.8057509291741617,1.3087421939166017,0.8967311353709093
2025-05-08 03:52:02,1359.63,1386.0,1356.7938248054816,1384.4795530662568,67.99,60.82,1370.6366889358692,2741.2733778717384,27.68572826077525,0.020199173467383712,128.81,7.169999999999995,0.9453917315063336,0.5068156445809109,0.7261036880436222,0.4385760869254227,0.6040121956891625,-0.3151305771684747,-0.16893854819363696,-0.24203456268105583,0.0,0.0,0.0,10.640762971004628,0.7495428389870782,1.5534224712899474,0.9148668304667771
2025-05-08 03:52:03,1351.37,1383.93,1355.4378686041111,1384.3421647996927,67.99,60.82,1369.890016701902,2739.780033403804,28.904296195581537,0.021099720285626112,128.81,7.169999999999995,-1.355956201370418,-0.1373882665641304,-0.7466722339672742,1.2185679348062877,1.631996272762733,-2.3013479328767517,-0.6442039111450413,-1.4727759220108965,0.0,0.0,0.0,10.634966276429902,0.609355187719572,1.509808244697168,0.9654540565366898
2025-05-08 03:52:04,1351.37,1371.54,1354.4209014530834,1381.1416235997694,67.99,60.82,1367.7812625264264,2735.562525052853,26.720722146686057,0.019535815308505133,128.81,7.169999999999995,-1.0169671510277567,-3.2005411999232365,-2.1087541754754966,2.18357404889548,1.0354801137135858,0.33898905034266136,-3.063152933359106,-1.3620819415082224,0.0,0.0,0.0,10.6185952325738,1.1016685890830273,0.8756642020780315,1.2924194531279143
2025-05-08 03:52:05,1361.69,1383.93,1356.2381760898124,1381.8387176998272,68.05,60.82,1369.0384468948198,2738.0768937896396,25.600541610014716,0.01869965131321246,128.87,7.229999999999997,1.8172746367290529,0.6970941000577113,1.257184368393382,1.1201805366713415,0.8910225690129328,2.8342417877568096,3.897635299980948,3.3659385438688787,0.060000000000002274,0.0,0.060000000000002274,10.623406815173531,1.0917915337756252,1.2814425469352608,1.418410305229954
2025-05-08 03:52:06,1359.63,1383.93,1357.0861320673594,1382.3615382748703,68.05,60.82,1369.7238351711148,2739.4476703422297,25.27540620751097,0.01845292134081939,128.87,7.229999999999997,0.847955977546917,0.5228205750431698,0.6853882762950434,0.3251354025037472,0.4743806384910293,-0.9693186591821359,-0.17427352501454152,-0.5717960920983387,0.0,0.0,0.0,10.628725262220762,1.0752243659147214,1.497913357707388,1.3761254185700782
2025-05-08 03:52:07,1349.31,1386.0,1355.1420990505194,1383.2711537061527,68.05,60.82,1369.206626378336,2738.413252756672,28.129054655633354,0.02054405382881688,128.87,7.229999999999997,-1.9440330168399669,0.9096154312824183,-0.5172087927787743,2.853648448122385,5.5173905984857745,-2.791988994386884,0.3867948562392485,-1.2025970690738177,0.0,0.0,0.0,10.62471184723849,0.8312028464062601,1.571976077289165,1.314640861092344
2025-05-08 03:52:08,1353.44,1381.87,1354.7165742878897,1382.9208652796144,68.05,60.82,1368.818719783752,2737.637439567504,28.204290991724747,0.02060484019065407,128.87,7.229999999999997,-0.4255247626297205,-0.35028842653832726,-0.38790659458413757,0.07523633609139324,0.19395427452780745,1.5185082542102464,-1.2599038578207455,0.12930219819463673,0.0,0.0,0.0,10.621701786001786,0.7157378167915716,1.369928058661063,1.2928219949090791
2025-05-08 03:52:09,1359.63,1383.93,1355.9449307159173,1383.173148959711,68.05,60.82,1369.559039837814,2739.118079675628,27.228218243793663,0.019881010918037584,128.87,7.229999999999997,1.2283564280276096,0.25228368009652513,0.7403200540620674,0.9760727479310845,1.3184452104603417,1.65388119065733,0.6025721066348524,1.128226648646205,0.0,0.0,0.0,10.627446490341953,0.37107784248261705,1.3826237461614357,0.7720462155102057
2025-05-08 03:52:10,1357.57,1373.6,1356.3511980369378,1380.7798617197832,68.05,60.82,1368.5655298783604,2737.131059756721,24.428663682845354,0.01784983117846521,128.87,7.229999999999997,0.4062673210205503,-2.3932872399277585,-0.9935099594536041,2.799554560948309,2.81783963660347,-0.8220891070070593,-2.6455709200242836,-1.7338300135156715,0.0,0.0,0.0,10.619737093649595,0.48685110153233707,1.7147560864465534,0.771060839334497
2025-05-08 03:52:11,1361.69,1394.26,1357.6858985277036,1384.1498962898374,68.1,60.87,1370.9178974087704,2741.835794817541,26.463997762133886,0.019303853128513928,128.97,7.229999999999997,1.3347004907657265,3.3700345700542584,2.3523675304099925,2.035334079288532,0.8652275580875055,0.9284331697451762,5.763321809982017,3.3458774898635966,0.04999999999999716,0.04999999999999716,0.0,10.629742473280825,0.9219553835641253,1.5505369741764186,1.341788764679241
2025-05-08 03:52:12,1359.63,1388.06,1358.1719238957776,1385.127422217378,68.1,60.87,1371.6496730565777,2743.2993461131555,26.955498321600317,0.01965188256989915,128.97,7.229999999999997,0.4860253680740243,0.9775259275404551,0.7317756478073534,0.4915005594664308,0.6716537907285375,-0.8486751226917022,-2.3925086425138034,-1.620591882602639,0.0,0.0,0.0,10.635416472211842,1.338252460898825,1.3975183181089836,1.2807264081898433
2025-05-08 03:52:13,1355.5,1392.2,1357.5039429218332,1386.8955666630334,68.1,60.87,1372.1997547924334,2744.399509584867,29.391623741200192,0.021419347742287553,128.97,7.229999999999997,-0.6679809739443954,1.76814444565548,0.550081735855656,2.4361254195998754,4.4286527476825315,-1.1540063420184197,0.7906185181150249,-0.18169391195169737,0.0,0.0,0.0,10.639681663586506,1.4985340403692322,1.775978076534673,1.1853875725861915
2025-05-08 03:52:14,1355.5,1383.93,1357.002957191375,1386.154174997275,68.1,60.87,1371.578566094325,2743.15713218865,29.15121780590016,0.021253771752686914,128.97,7.229999999999997,-0.5009857304582965,-0.7413916657583286,-0.6211886981084263,0.24040593530003207,0.3870088896066498,0.16699524348609884,-2.5095361114138086,-1.1712704339640823,0.0,0.0,0.0,10.634865127234704,1.425486034442542,2.0531484658496257,1.316145764250374
2025-05-08 03:52:15,1351.37,1390.13,1355.5947178935312,1387.1481312479564,68.1,60.87,1371.3714245707438,2742.7428491414876,31.553413354425174,0.02300865598194386,128.97,7.229999999999997,-1.4082392978436928,0.9939562506813218,-0.20714152358118554,2.4021955485250146,11.596824770668201,-0.9072535673853963,1.7353479164396504,0.4140471745272407,0.0,0.0,0.0,10.633259005485654,0.46480136911630954,2.0534636090008327,1.1430105552304872
2025-05-08 03:52:16,1359.63,1390.13,1356.6035384201484,1387.8935984359673,68.1,60.87,1372.2485684280578,2744.4971368561155,31.29006001581888,0.022802035077989058,128.97,7.229999999999997,1.008820526617228,0.7454671880109345,0.8771438573139676,0.2633533386062936,0.3002392779372224,2.417059824460921,-0.24848906267038728,1.0842853808951531,0.0,0.0,0.0,10.640060151880263,0.39238534731783103,1.8632615612352552,0.6484814566362801
2025-05-08 03:52:17,1351.37,1390.13,1355.2951538151112,1388.4526988269756,68.1,60.87,1371.8739263210434,2743.747852642087,33.157545011864386,0.02416952779080327,128.97,7.229999999999997,-1.3083846050371903,0.5591003910083145,-0.3746421070143242,1.8674849960455049,4.984704005174992,-2.3172051316544184,-0.18636679700261993,-1.2517859643282918,0.0,0.0,0.0,10.637155273969825,0.3822203413897616,1.6589649386087237,0.63856344144851
2025-05-08 03:52:18,1384.4,1386.0,1362.5713653613334,1387.8395241202318,68.12,60.87,1375.2054447407827,2750.4108894815654,25.26815875889838,0.018374097366439066,128.99,7.250000000000007,7.276211546222157,-0.6131747067438482,3.331518419739268,7.8893862529660055,2.3681045369933473,8.584596151259348,-1.1722750977521628,3.7061605267535924,0.020000000000010232,0.0,0.020000000000010232,10.661333700902775,1.572217961337813,3.0464259697975637,1.6302378378753066
2025-05-08 03:52:19,1353.44,1386.0,1360.288524021,1387.3796430901739,68.16,60.87,1373.8340835555869,2747.6681671111737,27.09111906917383,0.019719352848883032,129.03,7.289999999999999,-2.2828413403333343,-0.45988103005788616,-1.3713611851958376,1.8229603102754481,1.3293062401418922,-9.559052886555492,0.15329367668596205,-4.702879604935106,0.03999999999999204,0.0,0.03999999999999204,10.64740039454535,1.5812255471796806,3.330226061888997,1.796859784685192
2025-05-08 03:52:20,1361.69,1386.0,1360.63889301575,1387.0347323176304,68.16,60.87,1373.83681266669,2747.67362533338,26.395839301880414,0.019213227538597877,129.03,7.289999999999999,0.35036899474994243,-0.34491077254347147,0.002729111103235482,0.6952797672934139,254.67086906076125,2.6332103350832767,0.1149702575144147,1.374090296299073,0.0,0.0,0.0,10.647421545526377,1.3503295726503468,3.3998394179620153,1.7800115372811658
2025-05-08 03:52:21,1353.44,1386.0,1358.8391697618126,1386.7760492382229,68.16,60.87,1372.8076095000179,2745.6152190000357,27.93687947641024,0.02035017817699509,129.03,7.289999999999999,-1.7997232539373726,-0.25868307940754676,-1.0292031666722323,1.541040174529826,1.497312413252789,-2.150092248687315,0.08622769313592471,-1.0319322777754678,0.0,0.0,0.0,10.639445081458364,1.2506444967057857,3.060313703829833,1.8786141442550046
2025-05-08 03:52:22,1351.37,1381.87,1356.9718773213594,1385.549536928667,68.16,60.87,1371.2607071250131,2742.5214142500263,28.577659607307623,0.020840427672126002,129.03,7.289999999999999,-1.867292440453184,-1.226512309555801,-1.54690237500472,0.6407801308973831,0.41423410230482427,-0.06756918651581145,-0.9678292301482543,-0.5176992083324876,0.0,0.0,0.0,10.627456378342686,1.4633653426833413,1.2966106791803753,2.022165453726439
2025-05-08 03:52:23,1351.37,1377.73,1355.5714079910194,1383.5946526965004,68.16,60.87,1369.58303034376,2739.16606068752,28.02324470548092,0.02046115063063102,129.03,7.289999999999999,-1.4004693303400018,-1.9548842321667053,-1.6776767812532398,0.5544149018267035,0.33046566392060744,0.46682311011318234,-0.7283719226109042,-0.13077440624851988,0.0,0.0,0.0,10.614454155849847,1.8322532050406934,0.8598375608050018,0.6754805171836907
2025-05-08 03:52:24,1359.63,1375.67,1356.5860559932646,1381.6134895223754,68.16,60.87,1369.0997727578201,2738.1995455156402,25.027433529110795,0.018280211573198236,129.03,7.289999999999999,1.014648002245167,-1.9811631741249585,-0.4832575859397821,2.9958111763701254,6.19918872324687,2.4151173325851687,-0.0262789419582532,1.1944191953134577,0.0,0.0,0.0,10.610708844044883,2.0308426291599293,1.456458494341144,0.710206148749307
2025-05-08 03:52:25,1351.37,1386.0,1355.2820419949485,1382.7101171417817,68.16,60.87,1368.996079568365,2737.99215913673,27.42807514683318,0.020035174341365453,129.03,7.289999999999999,-1.3040139983161225,1.096627619406263,-0.10369318945504347,2.4006416177223855,23.15116816418322,-2.3186620005612895,3.0777907935312214,0.3795643964847386,0.0,0.0,0.0,10.6099052077692,1.6472432652684936,1.3868495376446728,0.6753732828043167
2025-05-08 03:52:26,1359.63,1386.0,1356.3690314962114,1383.5325878563362,68.16,60.87,1369.9508096762738,2739.9016193525476,27.163556360124858,0.0198281253227739,129.03,7.289999999999999,1.0869895012629058,0.8224707145545835,0.9547301079087447,0.2645187867083223,0.27706103270032506,2.3910034995790284,-0.27415690485167943,1.0584232973637882,0.0,0.0,0.0,10.617304495535684,0.9134670891477905,1.3545656146684306,1.0875482798958722
2025-05-08 03:52:27,1361.69,1386.0,1357.6992736221587,1384.1494408922522,68.21,60.87,1370.9243572572054,2741.848714514411,26.450167270093516,0.01929367372516338,129.07999999999998,7.339999999999996,1.3302421259472794,0.6168530359159377,0.9735475809316085,0.7133890900313418,0.7327719479069911,0.2432526246843736,-0.20561767863864588,0.01881747302286385,0.04999999999999716,0.0,0.04999999999999716,10.620734014847162,0.7795560487434963,1.1495263872206056,1.1062964994559967
2025-05-08 03:52:28,1351.37,1386.0,1356.1169552166189,1384.6120806691893,68.21,60.87,1370.364517942904,2740.729035885808,28.49512545257039,0.020793828983949075,129.07999999999998,7.339999999999996,-1.5823184055398087,0.4626397769370669,-0.5598393143013709,2.0449581824768757,3.652752633630529,-2.912560531487088,-0.15421325897887073,-1.5333868952329794,0.0,0.0,0.0,10.616396864940404,0.8245745140743426,1.2845988492228624,0.7574414379189988
2025-05-08 03:52:29,1357.57,1379.8,1356.4802164124642,1383.409060501892,68.21,60.87,1369.9446384571781,2739.8892769143563,26.928844089427912,0.019656884894340036,129.07999999999998,7.339999999999996,0.36326119584532535,-1.2030201672971543,-0.4198794857259145,1.5662813631424797,3.7303028275643695,1.945579601385134,-1.6656599442342213,0.1399598285754564,0.0,0.0,0.0,10.613144002510337,0.7060703665953085,0.7620831606001077,0.744482367018385
2025-05-08 03:52:30,1359.63,1386.0,1357.2676623093482,1384.0567953764191,68.21,60.87,1370.6622288428837,2741.3244576857674,26.789133067070907,0.01954466423879039,129.07999999999998,7.339999999999996,0.7874458968840372,0.6477348745270319,0.7175903857055346,0.13971102235700528,0.19469439731309154,0.42418470103871186,1.8507550418241863,1.137469871431449,0.0,0.0,0.0,10.618703271027119,0.43283666404628135,0.7869667295665779,0.7597283383416437
2025-05-08 03:52:31,1349.31,1381.87,1355.2782467320112,1383.5100965323143,68.21,60.87,1369.3941716321629,2738.7883432643257,28.231849800303053,0.020616306367097777,129.07999999999998,7.339999999999996,-1.989415577337013,-0.546698844104867,-1.2680572107208263,1.442716733232146,1.1377369911212794,-2.7768614742210502,-1.194433718631899,-1.985647596426361,0.0,0.0,0.0,10.608879462529313,0.6048086326693024,0.9201090135743949,0.9352071430432529
2025-05-08 03:52:32,1359.63,1381.87,1356.3661850490084,1383.1000723992356,68.21,60.87,1369.733128724122,2739.466257448244,26.733887350227178,0.01951758833168593,129.07999999999998,7.339999999999996,1.0879383169972243,-0.41002413307865027,0.33895709195917334,1.4979624500758746,4.419314616204237,3.0773538943342373,0.13667471102621676,1.6070143026799997,0.0,0.0,0.0,10.611505408371682,0.5026892160674437,0.8549458285811872,0.781618627956124
2025-05-08 03:52:33,1359.63,1386.0,1357.1821387867562,1383.8250542994267,68.21,60.87,1370.5035965430916,2741.007193086183,26.64291551267047,0.019440237559706777,129.07999999999998,7.339999999999996,0.8159537377478046,0.7249819001910964,0.7704678189695642,0.09097183755670812,0.11807335393322618,-0.27198457924941977,1.1350060332697467,0.43151072701039084,0.0,0.0,0.0,10.617474325423128,0.5296610581093544,0.6602972480595445,0.8665806126239392
2025-05-08 03:52:34,1359.63,1386.0,1357.7941040900673,1384.36879072457,68.21,60.87,1371.0814474073186,2742.162894814637,26.57468663450277,0.01938228153066513,129.07999999999998,7.339999999999996,0.6119653033110808,0.5437364251433792,0.5778508642270026,0.06822887816770162,0.11807330285067433,-0.20398843443672376,-0.18124547504771726,-0.19261695474256157,0.0,0.0,0.0,10.621951013211712,0.693188833306561,0.6965960041739492,0.8524761470327632
2025-05-08 03:52:35,1357.57,1386.0,1357.7380780675505,1384.7765930434275,68.21,60.87,1371.2573355554891,2742.5146711109783,27.03851497587698,0.019718045807358083,129.07999999999998,7.339999999999996,-0.05602602251678945,0.4078023188574207,0.175888148170543,0.46382834137421014,2.6370492221866915,-0.6679913258278702,-0.13593410628595848,-0.4019627160564596,0.0,0.0,0.0,10.623313642176756,0.8164482852644811,0.6870789988217079,0.8078520164602266
2025-05-08 03:52:36,1359.63,1386.0,1358.211058550663,1385.0824447825707,68.21,60.87,1371.6467516666169,2743.2935033332337,26.871386231907763,0.019590602448966637,129.07999999999998,7.339999999999996,0.4729804831124511,0.30585173914323605,0.3894161111277299,0.16712874396921507,0.4291766827739534,0.5290065056292406,-0.10195057971418464,0.2135279629571869,0.0,0.0,0.0,10.626330500776934,0.7452426241210699,0.18571174694743325,0.22922825823490156
2025-05-08 03:52:37,1361.69,1383.93,1359.0807939129973,1384.7943335869281,68.26,60.87,1371.9375637499627,2743.8751274999254,25.71353967393088,0.018742499902768682,129.13,7.390000000000008,0.8697353623342678,-0.2881111956426139,0.290812083345827,1.1578465579768817,3.9814115123562113,0.39675487922181674,-0.5939629347858499,-0.09860402778190291,0.05000000000001137,0.0,0.05000000000001137,10.624468002210909,0.549884870709922,0.5121491053940589,0.2359972143997085
2025-05-08 03:52:38,1355.5,1369.47,1358.185595434748,1380.9632501901963,68.26,60.87,1369.5744228124722,2739.1488456249444,22.77765475544834,0.01663119167488714,129.13,7.390000000000008,-0.8951984782493128,-3.831083396731856,-2.3631409374904706,2.935884918482543,1.2423650361011724,-1.7649338405835806,-3.542972201089242,-2.6539530208362976,0.0,0.0,0.0,10.606167522700417,0.9155508755395232,1.7623745381352298,1.2260533393259565
2025-05-08 03:52:39,1357.57,1386.0,1358.031696576061,1382.2224376426473,68.26,60.87,1370.1270671093541,2740.2541342187083,24.19074106658627,0.017655837644290323,129.13,7.390000000000008,-0.15389885868694364,1.2591874524509876,0.5526442968819083,1.4130863111379313,2.5569498539311475,0.7412996195623691,5.0902708491828434,2.915785234372379,0.0,0.0,0.0,10.610447274056432,1.0144053914631812,1.8202814474111175,1.2221738496203798
2025-05-08 03:52:40,1357.57,1377.73,1357.9162724320456,1381.0993282319855,68.26,60.87,1369.5078003320154,2739.015600664031,23.183055799939893,0.01692802025471597,129.13,7.390000000000008,-0.11542414401537826,-1.1231094106617547,-0.6192667773386802,1.0076852666463765,1.6272205716514603,0.03847471467156538,-2.3822968631127424,-1.1719110742205885,0.0,0.0,0.0,10.605651589300425,1.1559217442126515,1.7234726999126928,1.214226505499045
2025-05-08 03:52:41,1359.63,1383.93,1358.3447043240342,1381.8069961739893,68.26,60.87,1370.0758502490116,2740.1517004980233,23.462291849955136,0.01712481234419689,129.13,7.390000000000008,0.42843189198856635,0.707667942003809,0.5680499169961877,0.27923605001524265,0.49156869861565006,0.5438560360039446,1.8307773526655637,1.1873166943348679,0.0,0.0,0.0,10.61005064383924,0.9874750521064543,1.1546370157963324,1.2436888953921938
2025-05-08 03:52:42,1359.63,1383.93,1358.6660282430257,1382.337747130492,68.26,60.87,1370.501887686759,2741.003775373518,23.67171888746634,0.017272299354617476,129.13,7.390000000000008,0.32132391899153845,0.5307509565027431,0.42603743774725444,0.20942703751120462,0.49156841016172903,-0.1071079729970279,-0.17691698550106594,-0.14201247924893323,0.0,0.0,0.0,10.613349934743352,0.4147576456931145,0.5294014309616502,1.2614770713042387
2025-05-08 03:52:43,1359.63,1379.8,1358.9070211822693,1381.703310347869,68.26,60.87,1370.3051657650692,2740.6103315301384,22.796289165599774,0.016635921485588373,129.13,7.390000000000008,0.240992939243597,-0.63443678262297,-0.1967219216896865,0.875429721866567,4.450064661236997,-0.08033097974794146,-1.165187739125713,-0.6227593594369409,0.0,0.0,0.0,10.611826493868525,0.3726794291127674,0.5234547380742846,0.5303296448607371
2025-05-08 03:52:44,1353.44,1383.93,1357.540265886702,1382.259982760902,68.26,60.87,1369.900124323802,2739.800248647604,24.719716874200003,0.018044904454882816,129.13,7.390000000000008,-1.3667552955673727,0.5566724130328566,-0.40504144126725805,1.9234277086002294,4.748706586357699,-1.6077482348109697,1.1911091956558266,-0.20831951957757155,0.0,0.0,0.0,10.608689798769552,0.38278260556244237,0.723203572688585,0.5196483008033932
2025-05-08 03:52:45,1359.63,1379.8,1358.0626994150266,1381.6449870706765,68.26,60.87,1369.8538432428516,2739.707686485703,23.582287655649907,0.017215185221956548,129.13,7.390000000000008,0.5224335283246546,-0.6149956902254416,-0.046281080950393516,1.1374292185500963,24.57601722293399,1.8891888238920274,-1.1716681032582983,0.35876036031686453,0.0,0.0,0.0,10.608331391888177,0.27431122895233445,0.6916185318456872,0.41386576610199644
2025-05-08 03:52:46,1357.57,1383.93,1357.93952456127,1382.2162403030075,68.26,60.87,1370.0778824321387,2740.1557648642774,24.276715741737462,0.017719223144397184,129.13,7.390000000000008,-0.12317485375660908,0.571253232330946,0.22403918928716848,0.6944280860875551,3.099569270571614,-0.6456083820812637,1.1862489225563877,0.270320270237562,0.0,0.0,0.0,10.610066381337198,0.2742172918995327,0.7321185811868086,0.3303788177290495
2025-05-08 03:52:47,1359.63,1377.73,1358.3621434209526,1381.0946802272556,68.26,60.87,1369.7284118241041,2739.4568236482082,22.73253680630296,0.01659638260655851,129.13,7.390000000000008,0.42261885968264323,-1.1215600757518587,-0.3494706080346077,1.544178935434502,4.418610553569159,0.5457937134392523,-1.6928133080828047,-0.5735097973217762,0.0,0.0,0.0,10.607360034203857,0.22397932767180934,0.8814978813792259,0.2537569231891775
2025-05-08 03:52:48,1349.31,1394.26,1356.0991075657143,1384.3860101704418,68.26,60.93,1370.242558868078,2740.485117736156,28.286902604727402,0.02064371917294027,129.19,7.330000000000005,-2.263035855238286,3.291329943186156,0.5141470439739351,5.554365798424442,10.803047611528056,-2.685654714920929,4.412890018938015,0.8636176520085428,0.0,0.060000000000002274,0.060000000000002274,10.606413408635843,0.20138373075096355,2.1309442656280706,0.3879713359036152
2025-05-08 03:52:49,1361.69,1394.26,1357.4968306742858,1386.8545076278315,68.32,60.93,1372.1756691510586,2744.3513383021173,29.357676953545706,0.02139498432464832,129.25,7.3899999999999935,1.3977231085714266,2.4684974573897307,1.9331102829805786,1.0707743488183041,0.5539124199654583,3.6607589638097124,-0.8228324857964253,1.4189632390066436,0.05999999999998806,0.0,0.05999999999998806,10.616446100848066,1.0036979155517243,2.9737611154076085,0.8860173389234524
2025-05-08 03:52:50,1359.63,1388.06,1358.0301230057144,1387.1558807208735,68.32,60.93,1372.593001863294,2745.186003726588,29.125757715159125,0.02121951492860696,129.25,7.3899999999999935,0.5332923314285836,0.30137309304200244,0.417332712235293,0.23191923838658113,0.5557165203462522,-0.864430777142843,-2.1671243643477283,-1.5157775707452856,0.0,0.0,0.0,10.61967498060827,1.3185359085231194,3.0439794617821496,0.8436756509941918
2025-05-08 03:52:51,1359.63,1390.13,1358.4300922542857,1387.8994105406553,68.32,60.93,1373.1647513974704,2746.3295027949407,29.46931828636957,0.02146087585988335,129.25,7.3899999999999935,0.399969248571324,0.7435298197817701,0.5717495341764334,0.34356057121044614,0.600892435903573,-0.13332308285725958,0.4421567267397677,0.15441682194114037,0.0,0.0,0.0,10.624098574648912,1.5091019845950693,2.8673470868211526,0.824424704806273
2025-05-08 03:52:52,1359.63,1386.0,1358.7300691907144,1387.4245579054914,68.32,60.93,1373.077313548103,2746.154627096206,28.69448871477698,0.020897941005034153,129.25,7.3899999999999935,0.29997693642872036,-0.4748526351638702,-0.08743784936746124,0.7748295715925906,8.861388012282434,-0.09999231214260362,-1.2183824549456403,-0.6591873835438946,0.0,0.0,0.0,10.623422072918228,1.1910301116081383,0.49116827696656934,0.7528186198591742
2025-05-08 03:52:53,1359.63,1379.8,1358.955051893036,1385.5184184291186,68.32,60.93,1372.2367351610774,2744.4734703221548,26.56336653608264,0.01935771418741886,129.25,7.3899999999999935,0.22498270232154027,-1.9061394763728003,-0.8405783870255163,2.1311221786943406,2.5353014975010906,-0.07499423410718009,-1.4312868412089301,-0.7531405376580551,0.0,0.0,0.0,10.61691856513856,0.46005188842795286,1.1993897035899839,1.0194176123432268
2025-05-08 03:52:54,1355.5,1390.13,1358.091288919777,1386.671313821839,68.32,60.93,1372.3813013708082,2744.7626027416163,28.58002490206195,0.020825134277689117,129.25,7.3899999999999935,-0.8637629732588721,1.1528953927204384,0.14456620973078316,2.0166583659793105,13.949625020326424,-1.0887456755804124,3.0590348690932387,0.9851445967562995,0.0,0.0,0.0,10.618037065785463,0.4139901100563847,1.1319265326910828,0.5540135358917724
2025-05-08 03:52:55,1355.5,1383.93,1357.4434666898328,1385.9859853663793,68.32,60.93,1371.714726028106,2743.429452056212,28.54251867654648,0.020807911524275448,129.25,7.3899999999999935,-0.6478222299442677,-0.6853284554597394,-0.6665753427021173,0.03750622551547167,0.05626696165578235,0.21594074331460433,-1.8382238481801778,-0.8111415524329004,0.0,0.0,0.0,10.612879809788984,0.6070664036509159,1.0783773957864498,0.581391288210192
2025-05-08 03:52:56,1359.63,1386.0,1357.9901000173745,1385.9894890247845,68.32,60.93,1371.9897945210796,2743.979589042159,27.999389007409945,0.020407869722366134,129.25,7.3899999999999935,0.5466333275417128,0.0035036584051795217,0.27506849297355984,0.5431296691365333,1.974518014575829,1.1944555574859805,0.6888321138649189,0.9416438356756771,0.0,0.0,0.0,10.615007999273281,0.5127369180808701,0.8871496913065319,0.49472149293365386
2025-05-08 03:52:57,1357.57,1379.8,1357.885075013031,1384.4421167685884,68.32,60.93,1371.1635958908096,2742.327191781619,26.55704175555752,0.01936825176498056,129.25,7.3899999999999935,-0.10502500434358808,-1.547372256196013,-0.8261986302700279,1.442347251852425,1.7457611925837109,-0.6516583318853009,-1.5508759146011926,-1.1012671232435878,0.0,0.0,0.0,10.608615746864169,0.482100545430088,1.0196723568788155,0.5471740809259
2025-05-08 03:52:58,1359.63,1386.0,1358.3213062597733,1384.8315875764413,68.32,60.93,1371.5764469181072,2743.1528938362144,26.510281316667943,0.019328329351898283,129.25,7.3899999999999935,0.436231246742409,0.38947080785283106,0.41285102729762,0.04676043888957793,0.11326198201242911,0.5412562510859971,1.936843064048844,1.239049657567648,0.0,0.0,0.0,10.61180995207967,0.4555563760401352,1.0339713500844991,0.571563379460452
2025-05-08 03:52:59,1357.57,1383.93,1358.13347969483,1384.606190682331,68.32,60.93,1371.3698351885805,2742.739670377161,26.47271098750116,0.019303845169204106,129.25,7.3899999999999935,-0.187826564943407,-0.22539689411019026,-0.20661172952668494,0.03757032916678327,0.18183937288302895,-0.624057811685816,-0.6148677019630213,-0.619462756824305,0.0,0.0,0.0,10.610211408730128,0.31709280407616486,0.9821014161139057,0.5502524761293647
2025-05-08 03:53:00,1359.63,1390.13,1358.5076097711226,1385.9871430117485,68.32,60.93,1372.2473763914354,2744.494752782871,27.47953324062587,0.020025203686570642,129.25,7.3899999999999935,0.3741300762926585,1.3809523294173687,0.8775412028548999,1.0068222531247102,1.147320607315779,0.5619566412360655,1.606349223527559,1.0841529323815848,0.0,0.0,0.0,10.617000895740306,0.4446702449450488,0.6969090232100309,0.6489870011800357
2025-05-08 03:53:01,1355.5,1388.06,1357.755707328342,1386.5053572588113,68.32,60.93,1372.1305322935766,2744.261064587153,28.74964993046933,0.02095256189763554,129.25,7.3899999999999935,-0.7519024427806471,0.518214247062815,-0.11684409785880234,1.2701166898434622,10.870089658175418,-1.1260325190733056,-0.8627380823545536,-0.9943853007137022,0.0,0.0,0.0,10.616096879516284,0.4735379268030328,0.9857684916180705,0.6472071221737699
2025-05-08 03:53:02,1357.57,1377.73,1357.7092804962565,1384.3115179441083,68.37,60.93,1371.0103992201825,2742.020798440365,26.60223744785185,0.019403381216932827,129.3,7.440000000000005,-0.0464268320854444,-2.1938393147029274,-1.1201330733940722,2.147412482617483,1.9171030804470548,0.7054756106952027,-2.7120535617657424,-1.0032889755352699,0.05000000000001137,0.0,0.05000000000001137,10.603328604925396,0.5194541076560166,0.9791126678797785,0.7494781086803392
2025-05-08 03:53:03,1361.69,1388.06,1358.7044603721924,1385.2486384580811,68.37,60.93,1371.9765494151368,2743.9530988302736,26.54417808588869,0.019347399252455787,129.3,7.440000000000005,0.9951798759359463,0.9371205139727863,0.9661501949542526,0.05805936196315997,0.060093453557141324,1.0416067080213907,3.1309598286757137,2.086283268348325,0.0,0.0,0.0,10.610800764147996,0.5326820047873023,0.9735660621184647,0.8635026653673474
2025-05-08 03:53:04,1359.63,1388.06,1358.9358452791444,1385.9514788435608,68.37,60.93,1372.4436620613526,2744.887324122705,27.015633564416476,0.019684329704401708,129.3,7.440000000000005,0.2313849069519165,0.7028403854797034,0.46711264621580995,0.4714554785277869,1.0092950234855076,-0.7637949689840298,-0.23428012849308288,-0.49903754873844264,0.0,0.0,0.0,10.614413390927604,0.5584792860961519,0.9042060932512239,0.8601524284903153
2025-05-08 03:53:05,1359.63,1375.67,1359.1093839593582,1383.3811091326706,68.37,60.93,1371.2452465460144,2742.490493092029,24.27172517331246,0.017700499029440014,129.3,7.440000000000005,0.17353868021382368,-2.5703697108901906,-1.1984155153381835,2.7439083911040143,2.289611630001365,-0.05784622673809281,-3.273210096369894,-1.6655281615539934,0.0,0.0,0.0,10.605144902868286,0.6079568090878666,1.597732921731905,0.9559469089294657
2025-05-08 03:53:06,1351.37,1379.8,1357.1745379695185,1382.485831849503,68.37,60.93,1369.8301849095108,2739.6603698190215,25.311293879984532,0.018477687336973726,129.3,7.440000000000005,-1.9348459898396868,-0.8952772831676157,-1.4150616365036512,1.0395687066720711,0.7346450113619326,-2.1083846700535105,1.675092427722575,-0.21664612116546778,0.0,0.0,0.0,10.594200884109124,1.0016109116685425,1.1334221650358398,1.0939170547404569
2025-05-08 03:53:07,1351.37,1379.8,1355.7234034771388,1381.8143738871274,68.37,60.93,1368.7688886821331,2737.5377773642663,26.090970409988586,0.01906163312642768,129.3,7.440000000000005,-1.4511344923796514,-0.6714579623755981,-1.0612962273776247,0.7796765300040533,0.7346448383084613,0.4837114974600354,0.2238193207920176,0.3537654091260265,0.0,0.0,0.0,10.585992870039753,1.5277513775108558,1.081637045344947,1.0853243051942225
2025-05-08 03:53:08,1355.5,1375.67,1355.667552607854,1380.2782804153455,68.37,60.93,1367.9729165115998,2735.9458330231996,24.610727807491457,0.017990654268404235,129.3,7.440000000000005,-0.05585086928476812,-1.5360934717818964,-0.7959721705333322,1.4802426024971282,1.8596639400613333,1.3952836230948833,-0.8646355094062983,0.2653240568442925,0.0,0.0,0.0,10.579836859487726,1.8139769371866175,1.1150665060059395,0.7434546892742013
2025-05-08 03:53:09,1359.63,1386.0,1356.6581644558905,1381.708710311509,68.37,60.93,1369.1834373836998,2738.3668747673996,25.050545855618566,0.01829597492443405,129.3,7.440000000000005,0.9906118480364512,1.4304298961635595,1.2105208721000054,0.43981804812710834,0.3633292865366529,1.0464627173212193,2.966523367945456,2.0064930426333376,0.0,0.0,0.0,10.589198969795056,1.2320472725249647,0.6980530046125079,1.065137121812465
2025-05-08 03:53:10,1357.57,1386.0,1356.886123341918,1382.7815327336318,68.37,60.93,1369.8338280377748,2739.6676560755495,25.895409391713883,0.018904051603035557,129.3,7.440000000000005,0.22795888602740888,1.0728224221227265,0.650390654074954,0.8448635360953176,1.2990073455000881,-0.7626529620090423,-0.35760747404083304,-0.5601302180250514,0.0,0.0,0.0,10.59422905988821,0.7837400675097176,0.6073448520864068,1.145891482343713
2025-05-08 03:53:11,1359.63,1381.87,1357.5720925064384,1382.5536495502238,68.37,60.93,1370.062871028331,2740.125742056662,24.981557043785415,0.018233876381746682,129.3,7.440000000000005,0.6859691645204293,-0.22788318340803926,0.22904299055630872,0.9138523479284686,3.9898551614861293,0.45801027849302045,-1.3007056055307658,-0.4213476635186453,0.0,0.0,0.0,10.596000467380746,0.8413989265165268,0.6355188636094632,0.9604585218467309
2025-05-08 03:53:12,1357.57,1383.93,1357.5715693798288,1382.897737162668,68.37,60.93,1370.2346532712484,2740.4693065424967,25.326167782839093,0.01848308806370736,129.3,7.440000000000005,-0.0005231266095506726,0.34408761244412744,0.17178224291728839,0.3446107390536781,2.006078900370999,-0.68649229112998,0.5719707958521667,-0.05726074763902034,0.0,0.0,0.0,10.59732902300015,0.9207554676494013,0.4777894594558725,0.7372613419482356
2025-05-08 03:53:13,1347.24,1386.0,1354.9886770348717,1383.673302872001,68.37,60.93,1369.3309899534363,2738.6619799068726,28.68462583712926,0.020947912540237448,129.3,7.440000000000005,-2.582892344957145,0.7755657093330228,-0.903663317812061,3.3584580542901676,3.716488510270736,-2.582369218347594,0.4314780968888954,-1.0754455607293494,0.0,0.0,0.0,10.590340134285352,0.45667123194871684,1.5500107203545934,0.7775077672405127
2025-05-08 03:53:14,1351.37,1375.67,1354.0840077761536,1381.6724771540007,68.37,60.93,1367.8782424650772,2735.7564849301543,27.588469377847105,0.020168804869621026,129.3,7.440000000000005,-0.9046692587180587,-2.0008257180002147,-1.4527474883591367,1.096156459282156,0.7545397348995025,1.6782230862390861,-2.7763914273332375,-0.5490841705470757,0.0,0.0,0.0,10.57910465495725,0.9515197891897814,1.5816386688945385,0.8791122987403232
2025-05-08 03:53:15,1349.31,1383.93,1352.8905058321152,1382.2368578655005,68.37,60.93,1367.5636818488078,2735.1273636976157,29.3463520333853,0.02145885592124905,129.3,7.440000000000005,-1.1935019440384167,0.5643807114997799,-0.3145606162693184,1.7578826555381966,5.588357144099708,-0.288832685320358,2.5652064294999946,1.1381868720898183,0.0,0.0,0.0,10.576671858253178,1.2332857893933635,1.9617291436226458,0.7206400149952015
2025-05-08 03:53:16,1359.63,1386.0,1354.5753793740864,1383.1776433991254,68.37,60.93,1368.876511386606,2737.753022773212,28.60226402503895,0.020894699972002245,129.3,7.440000000000005,1.6848735419712284,0.9407855336248758,1.3128295377980521,0.7440880083463526,0.5667814595434197,2.878375486009645,0.37640482212509596,1.6273901540673705,0.0,0.0,0.0,10.586825218869146,1.0864467678334133,1.5749564914217002,1.0603739591052954
2025-05-08 03:53:17,1363.76,1383.93,1356.8715345305648,1383.365732549344,68.42,60.93,1370.1186335399543,2740.2372670799086,26.494198018779343,0.019337156178213223,129.35,7.490000000000002,2.296155156478335,0.18808915021872963,1.2421221533484186,2.1080660062596053,1.6971473404845934,0.6112816145071065,-0.7526963834061462,-0.07070738444963354,0.04999999999999716,0.0,0.04999999999999716,10.59233570117989,1.0480886118239539,1.115615315334683,1.2539664829795814
2025-05-08 03:53:18,1361.69,1386.0,1358.0761508979235,1384.024299412008,68.42,60.93,1371.0502251549658,2742.1004503099316,25.94814851408455,0.018925746131747988,129.35,7.490000000000002,1.204616367358767,0.6585668626639745,0.9315916150114845,0.5460495046947926,0.5861462359145698,-1.0915387891195678,0.47047771244524483,-0.3105305383369341,0.0,0.0,0.0,10.59953780096968,1.4785019660215248,1.4147206703163375,1.1992207351984454
2025-05-08 03:53:19,1361.69,1383.93,1358.9796131734427,1384.0007245590061,68.42,60.93,1371.4901688662244,2742.980337732449,25.021111385563472,0.018243740958058807,129.35,7.490000000000002,0.9034622755191322,-0.023574853001946394,0.4399437112585929,0.9270371285210786,2.1071673435259917,-0.30115409183963493,-0.6821417156659209,-0.4916479037528916,0.0,0.0,0.0,10.602938989279362,1.610375903869478,1.82461531692474,0.6740823690834387
2025-05-08 03:53:20,1359.63,1386.0,1359.142209880082,1384.5005434192547,68.42,60.93,1371.8213766496683,2743.6427532993366,25.35833353917269,0.018485156998077214,129.35,7.490000000000002,0.16259670663930592,0.4998188602485243,0.3312077834439151,0.33722215360921837,1.0181558293918904,-0.7408655688798262,0.5233937132504707,-0.10873592781467778,0.0,0.0,0.0,10.60549954421468,1.1899068390236835,1.4127163796468862,0.4505296432391255
2025-05-08 03:53:21,1359.63,1386.0,1359.2641574100614,1384.875407564441,68.42,60.93,1372.0697824872514,2744.1395649745027,25.611250154379604,0.01866614254071398,129.35,7.490000000000002,0.12194752997947944,0.3748641451863932,0.24840583758305002,0.2529166152069138,1.0181548047056312,-0.04064917665982648,-0.12495471506213107,-0.08280194586086509,0.0,0.0,0.0,10.60741996041617,0.7678009722694717,0.5650074666139191,0.4290363742127038
2025-05-08 03:53:22,1351.37,1386.0,1357.290618057546,1385.1565556733308,68.42,60.93,1371.2235868654384,2742.447173730877,27.865937615784787,0.02032195030947742,129.35,7.490000000000002,-1.973539352515445,0.28114810888973807,-0.8461956218129671,2.254687461405183,2.664495937805258,-2.0954868824949244,-0.09371603629665515,-1.0946014593960172,0.0,0.0,0.0,10.600878053842756,0.418903220451322,1.1177963696753361,0.6528169962306981
2025-05-08 03:53:23,1355.5,1379.8,1356.8429635431594,1383.817416754998,68.42,60.93,1370.3301901490786,2740.660380298157,26.974453211838636,0.01968463760491144,129.35,7.490000000000002,-0.4476545143866133,-1.3391389183327647,-0.8933967163598027,0.8914844039461514,0.9978583867200297,1.5258848381288317,-1.6202870272225027,-0.04720109454683552,0.0,0.0,0.0,10.593971237380034,0.6725083132703414,1.205635382288666,0.6662336613892532
2025-05-08 03:53:24,1359.63,1379.8,1357.5397226573696,1382.8130625662486,68.42,60.93,1370.1763926118092,2740.3527852236184,25.273339908879052,0.01844531844710744,129.35,7.490000000000002,0.696759114210181,-1.004354188749403,-0.1537975372693836,1.701113302959584,11.060659829163548,1.1444136285967943,0.3347847295833617,0.7395991790904191,0.0,0.0,0.0,10.592782234395262,0.8542320729174823,1.1497244664117248,0.5839650786378888
2025-05-08 03:53:25,1359.63,1375.67,1358.0622919930272,1381.0272969246864,68.42,60.93,1369.5447944588568,2739.0895889177136,22.965004931659223,0.016768348876069403,129.35,7.490000000000002,0.5225693356576357,-1.7857656415621932,-0.6315981529523924,2.308334977219829,3.654746790633873,-0.17418977855254525,-0.7814114528127902,-0.4778006156830088,0.0,0.0,0.0,10.587899372794414,0.9862872817373286,1.8693856754566205,0.490386275884198
2025-05-08 03:53:26,1359.63,1386.0,1358.4542189947704,1382.2704726935149,68.42,60.93,1370.3623458441425,2740.724691688285,23.816253698744504,0.0173795301320062,129.35,7.490000000000002,0.39192700174316997,1.2431757688284506,0.8175513852856966,0.8512487670852806,1.0412161745302824,-0.13064233391446578,3.028941410390644,1.449149538238089,0.0,0.0,0.0,10.59421983185097,0.5999280249596901,2.0622222178326424,0.7110022717961889
2025-05-08 03:53:27,1351.37,1381.87,1356.6831642460777,1382.170354520136,68.42,60.93,1369.4267593831069,2738.8535187662137,25.48719027405832,0.018611576034141538,129.35,7.490000000000002,-1.771054748692677,-0.10011817337885986,-0.9355864610356548,1.6709365753138172,1.785975811886323,-2.162981750435847,-1.3432939422073105,-1.7531378463213514,0.0,0.0,0.0,10.586986848056592,0.4478175183873314,1.55773797804335,0.7277915387473495
2025-05-08 03:53:28,1353.44,1386.0,1355.8723731845585,1383.127765890102,68.42,60.93,1369.50006953733,2739.00013907466,27.2553927055435,0.019901709603307803,129.35,7.490000000000002,-0.8107910615192395,0.9574113699659392,0.07331015422323617,1.7682024314851787,24.11914599108497,0.9602636871734376,1.057529543344799,1.008896615258891,0.0,0.0,0.0,10.587553606105732,0.43367023259889564,1.6532618131906163,0.6770961038953653
2025-05-08 03:53:29,1359.63,1379.8,1356.8117798884189,1382.2958244175766,68.42,60.93,1369.5538021529978,2739.1076043059957,25.4840445291577,0.018607552671890747,129.35,7.490000000000002,0.9394067038604135,-0.8319414725253864,0.0537326156677409,1.7713481763857999,32.965363569405824,1.750197765379653,-1.7893528424913256,-0.019577538555495266,0.0,0.0,0.0,10.587969010939535,0.38609524739236467,1.6659004713110106,0.6843548635917721
2025-05-08 03:53:30,1357.57,1379.8,1357.0013349163141,1381.6718683131824,68.42,60.93,1369.3366016147484,2738.6732032294967,24.670533396868223,0.01801641272844079,129.35,7.490000000000002,0.1895550278952669,-0.6239561043942103,-0.21720053824947172,0.8135111322894772,3.7454206763264297,-0.7498516759651466,0.20798536813117607,-0.2709331539172126,0.0,0.0,0.0,10.586289841735281,0.4141958643075223,1.272899775375872,0.6305713853527681
2025-05-08 03:53:31,1359.63,1379.8,1357.6585011872357,1381.2039012348869,68.42,60.93,1369.4312012110613,2738.8624024221226,23.54540004765113,0.017193561830368045,129.35,7.490000000000002,0.6571662709216071,-0.4679670782954872,0.09459959631294623,1.1251333492170943,11.893512230039908,0.46761124302634016,0.15598902609872312,0.31180013456241795,0.0,0.0,0.0,10.587021187661694,0.08221020343626396,1.3570798215981361,0.43769358307703554
2025-05-08 03:53:32,1359.63,1381.87,1358.1513758904268,1381.3704259261651,68.42,60.93,1369.760900908296,2739.521801816592,23.21905003573829,0.016951170093547303,129.35,7.490000000000002,0.4928747031910916,0.16652469127825498,0.3296996972346733,0.32635001191283664,0.9898371906703864,-0.16429156773051545,0.6344917695737422,0.23510010092172706,0.0,0.0,0.0,10.589570083639165,0.15892807071830997,1.6264202386244868,0.1941381651831454
2025-05-08 03:53:33,1351.37,1383.93,1356.4560319178202,1382.010319444624,68.42,60.93,1369.233175681222,2738.466351362444,25.55428752680382,0.01866321088475439,129.35,7.490000000000002,-1.695343972606679,0.6398935184588481,-0.5277252270739154,2.335237491065527,4.4250927303987195,-2.1882186757977706,0.47336882718059314,-0.8574249243085887,0.0,0.0,0.0,10.585490259727344,0.20420383333678077,1.0794557577613346,0.32861896285295
2025-05-08 03:53:34,1357.57,1377.73,1356.734523938365,1380.9402395834682,68.48,60.93,1368.8373817609167,2737.6747635218335,24.205715645103055,0.017683412178794114,129.41,7.550000000000004,0.27849202054494526,-1.0700798611558184,-0.3957939203053229,1.3485718817007637,3.4072490891506457,1.9738359931516243,-1.7099733796146666,0.13193130676859255,0.060000000000002274,0.0,0.060000000000002274,10.577523925379746,0.3344748317970871,0.927185124792247,0.3526053582966625
2025-05-08 03:53:35,1359.63,1381.87,1357.458392953774,1381.1726796876012,68.48,60.93,1369.3155363206874,2738.631072641375,23.714286733827294,0.017318350728882086,129.41,7.550000000000004,0.723869015408809,0.2324401041330475,0.47815455977070087,0.4914289112757615,1.0277594837785131,0.44537699486386373,1.302519965288866,0.8739484800760238,0.0,0.0,0.0,10.581218806425072,0.33434375592526666,0.9144541158506077,0.44196740556484304
2025-05-08 03:53:36,1351.37,1379.8,1355.9362947153304,1380.829509765701,68.48,60.93,1368.3829022405157,2736.7658044810314,24.8932150503706,0.018191702769319976,129.41,7.550000000000004,-1.5220982384435047,-0.34316992190019846,-0.9326340801717379,1.1789283165433062,1.2640831785206013,-2.2459672538523137,-0.575610026033246,-1.4107886399424387,0.0,0.0,0.0,10.57401199031376,0.5205767114363155,0.9279069642979143,0.5963431472724964
2025-05-08 03:53:37,1359.63,1381.87,1356.8597210364978,1381.0896323242757,68.48,60.93,1368.974676680387,2737.949353360774,24.229911287777895,0.01769931298424997,129.41,7.550000000000004,0.9234263211674261,0.26012255857472155,0.5917744398711875,0.6633037625927045,1.1208707186920204,2.4455245596109307,0.60329248047492,1.5244085200429254,0.0,0.0,0.0,10.578584855125586,0.37036770141601566,0.7143421467981727,0.6633536261947381
2025-05-08 03:53:38,1359.63,1379.8,1357.5522907773734,1380.7672242432068,68.48,60.93,1369.15975751029,2738.31951502058,23.214933465833383,0.016955606036137313,129.41,7.550000000000004,0.6925697408755696,-0.3224080810689429,0.18508082990319963,1.0149778219445125,5.483940927509524,-0.23085658029185652,-0.5825306396436645,-0.40669360996798787,0.0,0.0,0.0,10.580015044666371,0.3575034342969991,0.6280234009586477,0.64001265487409
2025-05-08 03:53:39,1359.63,1383.93,1358.0717180830302,1381.557918182405,68.48,60.98,1369.8148181327176,2739.6296362654352,23.486200099374855,0.017145529287122815,129.46,7.500000000000007,0.5194273056567908,0.7906939391982633,0.655060622427527,0.2712666335414724,0.41410857277245555,-0.1731424352187787,1.1131020202672062,0.4699797925243274,0.0,0.04999999999999716,0.04999999999999716,10.580988780717819,0.5211920089391721,0.6652173247683779,0.6559188323796539
2025-05-08 03:53:40,1355.5,1386.0,1357.4287885622725,1382.6684386368038,68.48,60.98,1370.0486135995382,2740.0972271990763,25.239650074531255,0.01842244852158676,129.46,7.500000000000007,-0.6429295207576615,1.1105204543987384,0.23379546682053842,1.7534499751563999,7.499899374024089,-1.1623568264144524,0.3198265152004751,-0.42126515560698863,0.0,0.0,0.0,10.582794708919693,0.6688027183616617,0.8719752786786877,0.6384634893218041
2025-05-08 03:53:41,1351.37,1386.0,1355.9140914217044,1383.501328977603,68.48,60.98,1369.7077101996538,2739.4154203993075,27.587237555898582,0.020140966813814894,129.46,7.500000000000007,-1.5146971405681597,0.8328903407991675,-0.34090339988438245,2.347587481367327,6.886351370541156,-0.8717676198104982,-0.2776301135995709,-0.5746988667049209,0.0,0.0,0.0,10.580161436887781,0.45456245431807735,1.7687406028707968,0.39793483856567513
2025-05-08 03:53:42,1359.63,1381.87,1356.8430685662784,1383.093496733202,68.48,60.98,1369.96828264974,2739.93656529948,26.25042816692371,0.019161340069121745,129.46,7.500000000000007,0.9289771445739916,-0.40783224440087906,0.2605724500863289,1.3368093889748707,5.130259389557843,2.4436742851421513,-1.2407225852000465,0.6014758499707114,0.0,0.0,0.0,10.582174201047163,0.3502416736809385,1.8487601871291524,0.355204947279927
2025-05-08 03:53:43,1359.63,1394.26,1357.539801424709,1385.8851225499016,68.48,60.98,1371.7124619873052,2743.4249239746105,28.34532112519264,0.020664185745941543,129.46,7.500000000000007,0.6967328584305506,2.7916258166994794,1.7441793375651287,2.094892958268929,1.2010758940175843,-0.23224428614344106,3.1994580611003585,1.4836068874787998,0.0,0.0,0.0,10.595646928716656,0.8279759939249319,1.9244930182390372,0.7756899189354365
2025-05-08 03:53:44,1357.57,1388.06,1357.5473510685317,1386.428841912426,68.48,60.98,1371.9880964904787,2743.9761929809574,28.8814908438942,0.021050831925380188,129.46,7.500000000000007,0.007549643822812868,0.5437193625243708,0.27563450317347815,0.5361697187015579,1.9452128355326783,-0.6891832146077377,-2.2479064541751086,-1.4685448343916505,0.0,0.0,0.0,10.597776038102136,1.075581860995838,1.5012731779582948,0.7765760791720419
2025-05-08 03:53:45,1351.37,1394.26,1356.0030133013988,1388.3866314343195,68.48,60.98,1372.1948223678592,2744.3896447357183,32.383618132920674,0.02359986904296843,129.46,7.500000000000007,-1.5443377671329017,1.9577895218935737,0.20672587738044967,3.5021272890264754,16.940841623517283,-1.5518874109557146,1.4140701593692029,-0.06890862579302848,0.0,0.0,0.0,10.59937287014125,1.1811749752153098,2.2894258119439543,0.7784186283197376
2025-05-08 03:53:46,1357.57,1392.2,1356.394759976049,1389.3399735757396,68.48,60.98,1372.8673667758944,2745.734733551789,32.94521359969053,0.023997375400555427,129.46,7.500000000000007,0.3917466746502214,0.9533421414200802,0.6725444080352645,0.5615954667698588,0.8350298136901589,1.9360844417831231,-1.0044473804734935,0.4658185306548148,0.0,0.0,0.0,10.604567867845871,1.0815404799144832,2.8336875055861297,0.6489221016183172
2025-05-08 03:53:47,1355.5,1383.93,1356.171069982037,1387.9874801818048,68.48,60.98,1372.079275081921,2744.158550163842,31.816410199767915,0.023188463490697232,129.46,7.500000000000007,-0.2236899940121475,-1.3524933939347648,-0.7880916939734561,1.1288033999226172,1.4323231373093235,-0.6154366686623689,-2.305835535354845,-1.4606361020087206,0.0,0.0,0.0,10.598480337428091,0.4294137788592949,2.110765170074343,0.9141961248074828
2025-05-08 03:53:48,1355.5,1377.73,1356.0033024865277,1385.4231101363534,68.48,60.98,1370.7132063114404,2741.426412622881,29.41980764982577,0.021463138673282863,129.46,7.500000000000007,-0.16776749550922432,-2.564370045451369,-1.366068770480524,2.396602549942145,1.7543778522374622,0.05592249850292319,-1.2118766515166044,-0.577977076507068,0.0,0.0,0.0,10.58792828459379,0.7822404788768617,1.8241429452006488,0.8453632312711045
2025-05-08 03:53:49,1355.5,1392.2,1355.8774768648957,1387.1173326022652,68.48,60.98,1371.4974047335804,2742.994809467161,31.239855737369453,0.022777918213166444,129.46,7.500000000000007,-0.12582562163197508,1.6942224659117073,0.7841984221399798,1.8200480875436824,2.320899552025943,0.041941873877249236,4.2585925113630765,2.150267192620504,0.0,0.0,0.0,10.593985741847634,0.8094819525498518,1.355158714728543,0.9419521561867737
2025-05-08 03:53:50,1357.57,1386.0,1356.3006076486718,1386.8379994516988,68.48,60.98,1371.5693035501854,2743.138607100371,30.53739180302705,0.022264563446935677,129.46,7.500000000000007,0.4231307837760596,-0.27933315056634456,0.07189881660497122,0.7024639343424042,9.770037915421264,0.5489564054080347,-1.9735556164780519,-0.7122996055350086,0.0,0.0,0.0,10.594541116604699,0.7950184589650787,1.326189415570309,0.9329295567505239
2025-05-08 03:53:51,1361.69,1388.06,1357.6479557365037,1387.143499588774,68.55,60.98,1372.3957276626388,2744.7914553252776,29.495543852270202,0.021492010821844206,129.53,7.57,1.3473480878319606,0.30550013707511425,0.8264241124534237,1.0418479507568463,1.2606683110873684,0.924217304055901,0.5848332876414588,0.7545252958484525,0.06999999999999318,0.0,0.06999999999999318,10.595195839322496,0.6418258437245551,1.055633921623191,0.9677108467825153
2025-05-08 03:53:52,1363.76,1386.0,1359.1759668023778,1386.8576246915804,68.55,60.98,1373.0167957469791,2746.0335914939583,27.681657889202597,0.02016119391604486,129.53,7.57,1.528011065874125,-0.28587489719348014,0.6210680843403225,1.8138859630676052,2.9205864674366304,0.18066297804216447,-0.5913750342685944,-0.20535602811310127,0.0,0.0,0.0,10.59999062106839,0.8879727093429363,1.3475193324701653,0.9191291898240721
2025-05-08 03:53:53,1361.69,1390.13,1359.8044751017833,1387.6757185186855,68.55,60.98,1373.7400968102343,2747.4801936204685,27.87124341690219,0.020288585491046986,129.53,7.57,0.6285082994054392,0.8180938271050309,0.7233010632551213,0.1895855276995917,0.26211113908121336,-0.8995027664686859,1.103968724298511,0.10223297891479888,0.0,0.0,0.0,10.605574663820425,0.958048604721773,1.5788902406996803,0.30805445700192563
2025-05-08 03:53:54,1349.31,1390.13,1357.1808563263376,1388.2892888890142,68.55,60.98,1372.7350726076759,2745.4701452153517,31.108432562676626,0.022661643284833364,129.53,7.57,-2.6236187754457205,0.6135703703287163,-1.0050242025583884,3.237189145774437,3.2210029534919724,-3.2521270748511597,-0.20452345677631456,-1.7283252658135098,0.0,0.0,0.0,10.59781565668077,0.7990740364719743,1.5405058128631162,0.7584104333044811
2025-05-08 03:53:55,1353.44,1379.8,1356.245642244753,1386.1669666667606,68.55,60.98,1371.2063044557567,2742.4126089115134,29.9213244220075,0.021821168924731828,129.53,7.57,-0.9352140815844905,-2.122322222253615,-1.5287681519191665,1.1871081406691246,0.7765123590954646,1.68840469386123,-2.7358925925823314,-0.5237439493607781,0.0,0.0,0.0,10.586013231450194,0.9319510986947573,1.442177489442425,1.1082326976628025
2025-05-08 03:53:56,1357.57,1386.0,1356.5767316835647,1386.1252250000705,68.55,60.98,1371.3509783418176,2742.701956683635,29.548493316505756,0.021546995453117047,129.53,7.57,0.3310894388116594,-0.041741666690086277,0.14467388606090026,0.3728311055017457,2.5770271237317863,1.26630352039615,2.080580555563529,1.6734420379800667,0.0,0.0,0.0,10.587130145562321,1.0969777261536184,1.4449384098871572,1.0073140036973771
2025-05-08 03:53:57,1351.37,1383.93,1355.2750487626736,1385.5764187500529,68.55,60.98,1370.4257337563631,2740.8514675127262,30.301369987379303,0.02211091722731428,129.53,7.57,-1.3016829208911531,-0.5488062500176056,-0.9252445854544931,0.7528766708735475,0.8137046884733034,-1.6327723597028125,-0.5070645833275194,-1.0699184715153933,0.0,0.0,0.0,10.579987054553973,1.3265605994075167,1.1988568555869394,0.9225857367386399
2025-05-08 03:53:58,1353.44,1388.06,1354.816286572005,1386.1973140625396,68.55,60.98,1370.5068003172723,2741.0136006345447,31.381027490534507,0.02289738909750204,129.53,7.57,-0.45876219066849444,0.6208953124867094,0.08106656090922115,1.0796575031552038,13.317996632021483,0.8429207302226587,1.169701562504315,1.0063111463637142,0.0,0.0,0.0,10.580612906173545,0.9285985513139801,0.7769533448845687,0.731427428267667
2025-05-08 03:53:59,1359.63,1386.0,1356.0197149290038,1386.1479855469047,68.55,60.98,1371.0838502379543,2742.1677004759085,30.128270617900853,0.02197405402353618,129.53,7.57,1.2034283569987565,-0.049328515634897485,0.5770499206819295,1.252756872633654,2.1709641692507993,1.662190547667251,-0.6702238281216069,0.49598335977270835,0.0,0.0,0.0,10.585067858047452,0.421145428220473,0.6885915857339739,0.8672357629194728
2025-05-08 03:54:00,1359.63,1386.0,1356.9222861967528,1386.1109891601786,68.55,60.98,1371.5166376784657,2743.0332753569314,29.18870296342584,0.021282062601552406,129.53,7.57,0.9025712677489537,-0.03699638672605943,0.43278744051144713,0.9395676544750131,2.170962915194039,-0.3008570892498028,0.012332128908838058,-0.14426248017048238,0.0,0.0,0.0,10.588409071952881,0.4917996572156531,0.8391281550360226,0.5883472829287572
2025-05-08 03:54:01,1353.44,1383.93,1356.0517146475645,1385.565741870134,68.55,60.98,1370.8087282588492,2741.6174565176984,29.51402722256944,0.021530375896079017,129.53,7.57,-0.8705715491882984,-0.5452472900446992,-0.7079094196164988,0.3253242591435992,0.45955568689021326,-1.773142816937252,-0.5082509033186398,-1.140696860127946,0.0,0.0,0.0,10.582943856063501,0.44634609092210115,0.8450105048384792,0.6755126989405815
2025-05-08 03:54:02,1355.5,1388.06,1355.9137859856733,1386.1893064026003,68.55,60.98,1371.0515461941368,2742.1030923882736,30.275520416927066,0.022081970936020642,129.53,7.57,-0.13792866189123743,0.6235645324663892,0.2428179352875759,0.7614931943576266,3.1360535925905992,0.732642887297061,1.1688118225110884,0.9507273549040747,0.0,0.0,0.0,10.584818463748308,0.3729017076183538,0.8435688255803373,0.5021532190342456
2025-05-08 03:54:03,1359.63,1386.0,1356.8428394892549,1386.1419798019501,68.55,60.98,1371.4924096456025,2742.984819291205,29.299140312695272,0.021362962044320238,129.53,7.57,0.9290535035815992,-0.04732660065019445,0.4408634514657024,0.9763801042317937,2.214694564249194,1.0669821654728366,-0.6708911331165837,0.1980455161781265,0.0,0.0,0.0,10.588222026228522,0.3057560809033953,0.4923308201021113,0.5197266851246397
2025-05-08 03:54:04,1351.37,1383.93,1355.474629616941,1385.5889848514626,68.55,60.98,1370.5318072342018,2741.0636144684036,30.114355234521554,0.021972751784083727,129.53,7.57,-1.3682098723138552,-0.5529949504875731,-0.9606024114007141,0.8152149218262821,0.8486487890331013,-2.2972633758954544,-0.5056683498373786,-1.4014658628664165,0.0,0.0,0.0,10.580805965053623,0.4288493934015844,0.489200688357443,0.6714850230593943
2025-05-08 03:54:05,1355.5,1386.0,1355.4809722127056,1385.691738638597,68.55,60.98,1370.5863554256512,2741.1727108513023,30.21076642589128,0.022042220312682714,129.53,7.57,0.006342595764635917,0.10275378713436112,0.05454819144938483,0.0964111913697252,1.7674174228445407,1.374552468078491,0.6557487376219342,1.015150602850099,0.0,0.0,0.0,10.581227089048284,0.3924330573760043,0.44498907676200117,0.6138208946664169
2025-05-08 03:54:06,1359.63,1388.06,1356.5182291595293,1386.2838039789476,68.55,60.98,1371.4010165692384,2742.802033138477,29.76557481941836,0.02170450104534473,129.53,7.57,1.037256946823618,0.5920653403507004,0.8146611435872728,0.44519160647291756,0.5464739094326472,1.030914351058982,0.48931155321633923,0.760112952137888,0.0,0.0,0.0,10.58751645164612,0.44593935999012563,0.40533116498708405,0.6656886135538665
2025-05-08 03:54:07,1351.37,1386.0,1355.231171869647,1386.2128529842107,68.55,60.98,1370.7220124269288,2741.4440248538576,30.9816811145638,0.022602453897349176,129.53,7.57,-1.2870572898823411,-0.07095099473690425,-0.6790041423096227,1.2161062951454369,1.7910119075223423,-2.324314236705959,-0.6630163350876046,-1.4936652858968955,0.0,0.0,0.0,10.582274390833431,0.4627826935748629,0.6204336733652261,0.7455021770954241
2025-05-08 03:54:08,1359.63,1386.0,1356.3308789022353,1386.1596397381581,68.55,60.98,1371.2452593201967,2742.4905186403935,29.82876083592282,0.021753045716240118,129.53,7.57,1.0997070325884124,-0.0532132460525645,0.523246893267924,1.152920278640977,2.2033921081659003,2.3867643224707535,0.01773774868433975,1.2022510355775466,0.0,0.0,0.0,10.586313971542367,0.3986863724421977,0.48555775638574483,0.7602668210517892
2025-05-08 03:54:09,1405.05,1386.0,1368.5106591766764,1386.1197298036186,68.55,60.98,1377.3151944901474,2754.630388980295,17.609070626942184,0.01278506959380174,129.53,7.57,12.1797802744411,-0.03990993453953706,6.069935169950668,12.219690208980637,2.0131497048477116,11.080073241852688,0.013303311513027438,5.546688276682744,0.0,0.0,0.0,10.63317520155155,2.8499496708360383,5.65013909875365,2.6945652086759972
2025-05-08 03:54:10,1361.69,1386.0,1366.8054943825073,1386.089797352714,68.6,60.98,1376.4476458676106,2752.8952917352212,19.28430297020668,0.014010197201536923,129.57999999999998,7.619999999999997,-1.70516479416915,-0.029932450904652796,-0.8675486225367877,1.675232343264497,1.9309931094961204,-13.88494506861025,0.009977483634884265,-6.9374837924874555,0.04999999999999716,0.0,0.04999999999999716,10.622377182012915,3.1789901651341,6.478495105024532,2.8339158053093083
2025-05-08 03:54:11,1357.57,1381.87,1364.4966207868804,1385.0348480145356,68.6,60.98,1374.765734400708,2749.531468801416,20.53822722765517,0.014939437824778792,129.57999999999998,7.619999999999997,-2.308873595626892,-1.0549493381784032,-1.6819114669026476,1.2539242574484888,0.7455347897846746,-0.6037088014577421,-1.0250168872737504,-0.8143628443658599,0.0,0.0,0.0,10.609397467134672,2.9938461869558246,6.268291011165851,3.118338839906375
2025-05-08 03:54:12,1361.69,1383.93,1363.7949655901602,1384.7586360109017,68.6,60.98,1374.276800800531,2748.553601601062,20.963670420741437,0.015254328962895643,129.57999999999998,7.619999999999997,-0.7016551967201394,-0.2762120036338729,-0.48893360017700616,0.42544319308626655,0.8701433544123198,1.6072183989067526,0.7787373345445303,1.1929778667256414,0.0,0.0,0.0,10.605624249073212,2.3426224773252824,4.7572238114313725,3.098835227260615
2025-05-08 03:54:13,1357.57,1375.67,1362.23872419262,1382.4864770081763,68.6,60.98,1372.3626006003983,2744.7252012007966,20.24775281555617,0.014753938056854645,129.57999999999998,7.619999999999997,-1.5562413975401341,-2.2721590027254024,-1.9142002001326546,0.7159176051852683,0.37400332062045255,-0.8545862008199947,-1.9959469990915295,-1.4252665999556484,0.0,0.0,0.0,10.59085190623203,1.935454335164249,1.336059453364525,3.319604943613383
2025-05-08 03:54:14,1359.63,1379.8,1361.5865431444652,1381.8148577561321,68.6,60.98,1371.7007004502987,2743.4014009005973,20.228314611666974,0.014746886540394404,129.57999999999998,7.619999999999997,-0.6521810481549437,-0.6716192520441382,-0.6619001500996546,0.019438203889194483,0.029367230871660974,0.9040603493851904,1.6005397506812642,1.252300050033,0.0,0.0,0.0,10.585743863748688,1.909313863609237,0.6175387361323291,0.6360598263010759
2025-05-08 03:54:15,1361.69,1386.0,1361.6124073583487,1382.861143317099,68.6,60.98,1372.2367753377239,2744.4735506754478,21.24873595875033,0.01548474456096399,129.57999999999998,7.619999999999997,0.0258642138835512,1.0462855609669077,0.5360748874252295,1.0204213470833565,1.9035016702288858,0.6780452620384949,1.717904813011046,1.197975037524884,0.0,0.0,0.0,10.589880882449785,1.3602877377663019,0.4496887338978501,0.9888435952926059
2025-05-08 03:54:16,1351.37,1386.0,1359.0518055187615,1383.6458574878243,68.6,60.98,1371.3488315032928,2742.6976630065856,24.594051969062775,0.017934205642023412,129.57999999999998,7.619999999999997,-2.560601839587207,0.7847141707252376,-0.8879438344310984,3.3453160103124446,3.7674818080965258,-2.586466053470758,-0.2615713902416701,-1.4240187218563278,0.0,0.0,0.0,10.583028406546262,1.1339415196595073,1.8096814881013124,0.8777963511303852
2025-05-08 03:54:17,1359.63,1377.73,1359.1963541390712,1382.1668931158683,68.6,60.98,1370.68162362747,2741.36324725494,22.970538976797116,0.016758478821104903,129.57999999999998,7.619999999999997,0.14454862030970617,-1.4789643719559535,-0.6672078758228963,1.6235129922656597,2.433290459847846,2.705150459896913,-2.263678542681191,0.22073595860820205,0.0,0.0,0.0,10.577879403068303,0.6858997095362868,1.893653638530474,0.8715218473082444
2025-05-08 03:54:18,1359.63,1377.73,1359.3047656043034,1381.0576698369014,68.6,60.98,1370.1812177206025,2740.362435441205,21.752904232597984,0.015875932274790346,129.57999999999998,7.619999999999997,0.10841146523216594,-1.1092232789669652,-0.5004059068673996,1.217634744199131,2.4332892441906004,-0.03613715507754023,0.3697410929889884,0.1668019689554967,0.0,0.0,0.0,10.574017650459831,0.8139313840846067,1.6814513096927892,0.5607625420507361
2025-05-08 03:54:19,1353.44,1386.0,1357.8385742032274,1382.293252377676,68.6,60.98,1370.0659132904516,2740.131826580903,24.454678174448645,0.017849271279122045,129.57999999999998,7.619999999999997,-1.4661914010760029,1.235582540774658,-0.11530443015089986,2.7017739418506608,23.431454514456583,-1.5746028663081688,2.344805819741623,0.38510147671649975,0.0,0.0,0.0,10.573127818469857,0.9011678001999225,1.523158263164617,0.5590577472927968
2025-05-08 03:54:20,1359.63,1379.8,1358.2864306524207,1381.669939283257,68.6,60.98,1369.9781849678388,2739.9563699356777,23.38350863083633,0.017068526251253224,129.57999999999998,7.619999999999997,0.4478564491932957,-0.6233130944190179,-0.08772832261274743,1.0711695436123136,12.209937472567105,1.9140478502692986,-1.8588956351936758,0.027576107538152428,0.0,0.0,0.0,10.572450797927058,0.5709458937606556,1.1652137125002473,0.3481242424428155
2025-05-08 03:54:21,1359.63,1386.0,1358.6223229893155,1382.7524544624428,68.6,60.98,1370.6873887258791,2741.3747774517583,24.13013147312722,0.017604401743239902,129.57999999999998,7.619999999999997,0.3358923368948581,1.082515179185748,0.709203758040303,0.7466228422908898,1.0527606221283423,-0.11196411229843761,1.7058282736047659,0.7969320806530504,0.0,0.0,0.0,10.577923893717822,0.3414666104588891,1.0634929508881756,0.5319850684579362
2025-05-08 03:54:22,1359.63,1386.0,1358.8742422419866,1383.564340846832,68.6,60.98,1371.2192915444093,2742.4385830888186,24.69009860484539,0.018005944591860938,129.57999999999998,7.619999999999997,0.2519192526710867,0.8118863843892541,0.5319028185301704,0.5599671317181674,1.05276012732066,-0.08397308422377137,-0.2706287947964938,-0.1773009395101326,0.0,0.0,0.0,10.582028715560895,0.5214771926625485,1.18581442517333,0.4998676481895875
2025-05-08 03:54:23,1357.57,1381.87,1358.54818168149,1383.140755635124,68.6,60.98,1370.844468658307,2741.688937316614,24.592573953633973,0.01793972583903982,129.57999999999998,7.619999999999997,-0.3260605604966713,-0.4235852117080867,-0.37482288610226533,0.0975246512114154,0.26018793045864536,-0.577979813167758,-1.2354715960973408,-0.9067257046324357,0.0,0.0,0.0,10.579136117295656,0.5278355654502914,0.5287041731993847,0.4635174709902003
2025-05-08 03:54:24,1351.37,1386.0,1356.7536362611174,1383.8555667263429,68.6,60.98,1370.3046014937302,2740.6092029874603,27.10193046522545,0.019778033596256166,129.57999999999998,7.619999999999997,-1.7945454203725149,0.7148110912189622,-0.53986716457689,2.509356511591477,4.648091286431255,-1.4684848598758435,1.138396302927049,-0.16504427847462466,0.0,0.0,0.0,10.574969832680665,0.4807825968047873,1.3970583826492442,0.5509403726867357
2025-05-08 03:54:25,1351.37,1383.93,1355.407727195838,1383.8741750447573,68.6,60.98,1369.6409511202978,2739.2819022405956,28.466447848919188,0.020783876098952193,129.57999999999998,7.619999999999997,-1.3459090652793293,0.01860831841440813,-0.6636503734323469,1.3645173836937374,2.056075581726853,0.44863635509318556,-0.6962027728045541,-0.1237832088554569,0.0,0.0,0.0,10.569848283303363,0.599908487248208,1.8896504906952667,0.6394383892691792
2025-05-08 03:54:26,1355.5,1381.87,1355.4307953968787,1383.373131283568,68.6,60.98,1369.4019633402233,2738.8039266804467,27.942335886689307,0.02040477275067434,129.57999999999998,7.619999999999997,0.023068201040587155,-0.501043761189294,-0.23898778007446708,0.5241119622298811,2.1930400333713234,1.3689772663199165,-0.5196520796037021,0.4246625933578798,0.0,0.0,0.0,10.568003957186445,0.7714928907666323,1.8170286363986847,0.46956167125812004
2025-05-08 03:54:27,1349.31,1386.0,1353.900596547659,1384.029848462676,68.6,60.98,1368.9652225051675,2737.930445010335,30.129251915016994,0.02200877816156099,129.57999999999998,7.619999999999997,-1.530198849219687,0.656717179108,-0.4367408350558435,2.186916028327687,5.007342674301077,-1.5532670502602741,1.157760940297294,-0.1977530549813764,0.0,0.0,0.0,10.564633523233015,0.7451808212308463,2.0338947055404057,0.16130161095582757
2025-05-08 03:54:28,1359.63,1383.93,1355.3329474107443,1384.004886347007,68.6,60.98,1369.6689168788757,2739.3378337577515,28.671938936262677,0.020933481487383967,129.57999999999998,7.619999999999997,1.4323508630852757,-0.02496211566904094,0.7036943737082311,1.4573129787543166,2.070942957994425,2.9625497123049627,-0.6816792947770409,1.1404352087640746,0.0,0.0,0.0,10.570064101781231,0.4860513031942936,1.1117173980727724,0.5473909626444439
2025-05-08 03:54:29,1355.5,1386.0,1355.3747105580583,1384.503664760255,68.66,60.98,1369.9391876591567,2739.8783753183134,29.128954202196837,0.021262954183175916,129.64,7.68,0.04176314731398634,0.49877841324814653,0.27027078028095275,0.4570152659341602,1.6909470365684647,-1.3905877157712894,0.5237405289171875,-0.4334235934272783,0.060000000000002274,0.0,0.060000000000002274,10.567256842732952,0.36543866418812454,0.8239222324840451,0.5544853799582812
2025-05-08 03:54:30,1359.63,1383.93,1356.4385329185438,1384.3602485701913,68.66,60.98,1370.3993907443676,2740.798781488735,27.921715651647446,0.020374874521876557,129.64,7.68,1.0638223604855739,-0.14341619006381734,0.46020308521087827,1.2072385505493912,2.6232677834578566,1.0220592131715875,-0.6421946033119639,0.18993230492992552,0.0,0.0,0.0,10.570806696803155,0.5415041930238531,0.9206005208621026,0.47771082499205536
2025-05-08 03:54:31,1359.63,1375.67,1357.236399688908,1382.1876864276435,68.66,60.98,1369.7120430582759,2739.4240861165517,24.95128673873546,0.018216446914497513,129.64,7.68,0.7978667703641804,-2.172562142547804,-0.687347686091698,2.9704289129119843,4.321575021554205,-0.26595559012139347,-2.0291459524839865,-1.1475507713025763,0.0,0.0,0.0,10.56550472456627,0.5197451295698529,1.9641489930528866,0.5966528425666295
2025-05-08 03:54:32,1359.63,1379.8,1357.834799766681,1381.5907648207326,68.66,60.98,1369.7127822937068,2739.4255645874136,23.755965054051558,0.01734375654794307,129.64,7.68,0.5984000777730216,-0.5969216069108825,0.0007392354309558868,1.195321684683904,1614.785829881652,-0.1994666925911588,1.5756405356369214,0.6880869215226539,0.0,0.0,0.0,10.565510426783373,0.3056911758369194,2.3892133909817983,0.5340171360678465
2025-05-08 03:54:33,1359.63,1381.87,1358.2835998250107,1381.6605736155495,68.66,60.98,1369.97208672028,2739.94417344056,23.37697379053884,0.01706383217590922,129.64,7.68,0.44880005832965253,0.06980879481693592,0.25930442657318054,0.3789912635127166,1.4615631786855747,-0.1496000194433691,0.6667304017278184,0.25856519114222465,0.0,0.0,0.0,10.567510615186436,0.28080705688208096,2.566584457155103,0.44892565014961505
2025-05-08 03:54:34,1359.63,1377.73,1358.620199868758,1380.677930211662,68.66,60.98,1369.64906504021,2739.29813008042,22.05773034290405,0.01610465840470736,129.64,7.68,0.3366000437472394,-0.9826434038875504,-0.32302168007004184,1.3192434476347898,4.084058269062516,-0.11220001458241313,-1.0524521987044864,-0.5823261066432224,0.0,0.0,0.0,10.565018933008263,0.3111821463459589,2.2165952589964735,0.45797975728003854
2025-05-08 03:54:35,1355.5,1375.67,1357.8401499015686,1379.4259476587465,68.66,60.98,1368.6330487801574,2737.266097560315,21.585797757177943,0.015771793440648867,129.64,7.68,-0.7800499671893704,-1.2519825529154787,-1.0160162600525382,0.4719325857261083,0.4644926855885349,-1.1166500109366098,-0.2693391490279282,-0.6929945799824964,0.0,0.0,0.0,10.55718172032533,0.5197401237613516,1.3512056971492252,0.5129145721427741
2025-05-08 03:54:36,1355.5,1383.93,1357.2551124261763,1380.55196074406,68.66,60.98,1368.9035365851182,2737.8070731702364,23.296848317883587,0.017018619411986867,129.64,7.68,-0.5850374753922551,1.1260130853133887,0.27048780496079416,1.7110505607056439,6.325772192138049,0.19501249179711522,2.3779956382288674,1.2865040650133324,0.0,0.0,0.0,10.559268173602671,0.5741268208143,0.9377902877669413,0.5353266497665005
2025-05-08 03:54:37,1355.5,1379.8,1356.8163343196322,1380.363970558045,68.66,60.98,1368.5901524388387,2737.1803048776774,23.54763623841268,0.017205761841296928,129.64,7.68,-0.4387781065440777,-0.18799018601498574,-0.3133841462795317,0.25078792052909193,0.800254649929692,0.14625936884817747,-1.3140032713283745,-0.5838719512403259,0.0,0.0,0.0,10.556850832165905,0.6257602716369731,0.8888648026248982,0.5299020073774358
2025-05-08 03:54:38,1355.5,1383.93,1356.4872507397242,1381.2554779185339,68.66,60.98,1368.871364329129,2737.742728658258,24.76822717880964,0.018093904077578837,129.64,7.68,-0.3290835799080014,0.8915073604889585,0.2812118902902512,1.22059094039696,4.340451602830648,0.10969452663607626,1.0794975465039442,0.5945960365697829,0.0,0.0,0.0,10.5590200074831,0.42569583442376535,1.2638591742178351,0.5349690395300228
2025-05-08 03:54:39,1357.57,1381.87,1356.7579380547932,1381.4091084389004,68.66,60.98,1369.0835232468467,2738.1670464936933,24.651170384107218,0.0180056000583808,129.64,7.68,0.2706873150689262,0.15363052036650515,0.21215891771771567,0.11705679470242103,0.5517384997206125,0.5997708949769276,-0.7378768401224534,-0.06905297257253551,0.0,0.0,0.0,10.560656531056697,0.20419004158053988,1.2861617579773044,0.562091261732187
2025-05-08 03:54:40,1359.63,1379.8,1357.475953541095,1381.0068313291754,68.66,60.98,1369.2413924351351,2738.4827848702703,23.53087778808049,0.01718533919650685,129.64,7.68,0.7180154863017378,-0.40227710972499153,0.15786918828848684,1.1202925960267294,7.096289731279367,0.44732817123281166,-0.5559076300914967,-0.05428972942922883,0.0,0.0,0.0,10.561874281651196,0.24487239073393677,0.6937042018884714,0.2481789120172359
2025-05-08 03:54:41,1351.37,1375.67,1355.9494651558211,1379.6726234968814,68.66,60.98,1367.8110443263513,2735.6220886527026,23.723158341060298,0.017343885635460778,129.64,7.68,-1.5264883852737512,-1.3342078322939415,-1.4303481087838463,0.19228055297980973,0.13442910671178465,-2.244503871575489,-0.9319307225689499,-1.5882172970723332,0.0,0.0,0.0,10.550841050412762,0.5634647095660295,0.6135493890534409,0.7166609523628397
2025-05-08 03:54:42,1359.63,1383.93,1356.869598866866,1380.7369676226613,68.66,60.98,1368.8032832447636,2737.6065664895273,23.86736875579527,0.01743666824189721,129.64,7.68,0.9201337110448549,1.0643441257798258,0.9922389184123404,0.14421041473497098,0.14533825142382767,2.446622096318606,2.3985519580737673,2.4225870271961867,0.0,0.0,0.0,10.558494852563012,0.5592798467711908,0.5634736929715848,0.8902756665277163
2025-05-08 03:54:43,1359.63,1381.87,1357.5596991501495,1381.020225716996,68.66,60.98,1369.2899624335728,2738.5799248671456,23.46052656684651,0.017133351732176505,129.64,7.68,0.6901002832835275,0.28325809433476934,0.4866791888091484,0.4068421889487581,0.8359538734137816,-0.2300334277613274,-0.7810860314450565,-0.505559729603192,0.0,0.0,0.0,10.562248934521167,0.6088540373275126,0.4774243123779973,0.9085950182428418
2025-05-08 03:54:44,1359.63,1383.93,1358.0772743626121,1381.7476692877472,68.66,60.98,1369.9124718251796,2739.8249436503593,23.670394925135042,0.017278764442752628,129.64,7.68,0.5175752124625888,0.7274435707511202,0.6225093916068545,0.20986835828853145,0.3371322970959712,-0.1725250708209387,0.44418547641635087,0.13583020279770608,0.0,0.0,0.0,10.567050765644316,0.7788757996382023,0.16055098309913107,0.9410499309918636
2025-05-08 03:54:45,1355.5,1394.26,1357.432955771959,1384.8757519658104,68.66,61.05,1371.1543538688848,2742.3087077377695,27.442796193851336,0.020014374090271934,129.70999999999998,7.609999999999999,-0.6443185906530289,3.128082678063265,1.2418820437051181,3.772401268716294,3.0376461679204962,-1.1618938031156176,2.400639107312145,0.6193726520982636,0.0,0.07000000000000028,0.07000000000000028,10.570922390702048,1.2483165958422997,1.6889314653103857,1.0565504105397527
2025-05-08 03:54:46,1359.63,1392.2,1357.9822168289693,1386.7068139743578,68.66,61.05,1372.3445154016636,2744.689030803327,28.724597145388543,0.020931039401611385,129.70999999999998,7.609999999999999,0.5492610570101988,1.8310620085474056,1.1901615327788022,1.2818009515372069,1.0769965582301155,1.1935796476632277,-1.2970206695158595,-0.05172051092631591,0.0,0.0,0.0,10.580097947895812,1.4422616415886993,2.4658934335338545,0.3380814003741678
2025-05-08 03:54:47,1357.57,1388.06,1357.879162621727,1387.0451104807685,68.66,61.05,1372.4621365512476,2744.924273102495,29.16594785904158,0.02125082146971251,129.70999999999998,7.609999999999999,-0.10305420724239411,0.3382965064106429,0.11762114958401071,0.441350713653037,3.752275529855078,-0.6523152642525929,-1.4927655021367627,-1.0725403831947915,0.0,0.0,0.0,10.581004748826174,1.4204747054219402,2.7472615141741548,0.4794588854109675
2025-05-08 03:54:48,1363.76,1390.13,1359.3493719662952,1387.8163328605763,68.71,61.05,1373.5828524134358,2747.1657048268717,28.4669608942811,0.020724604142763572,129.76,7.659999999999997,1.470209344568275,0.7712223798077957,1.1207158621882627,0.6989869647604792,0.6236963039849939,1.573263551810669,0.4329258733971528,1.003094712604252,0.04999999999999716,0.0,0.04999999999999716,10.585564440720342,1.401022722557876,2.2292941360746226,0.4822684236943495
2025-05-08 03:54:49,1355.5,1394.26,1358.3870289747215,1389.4272496454323,68.71,61.05,1373.907139310077,2747.814278620154,31.040220670710823,0.02259266274990416,129.76,7.659999999999997,-0.9623429915736779,1.6109167848560446,0.3242868966410697,2.5732597764297225,7.935108905029144,-2.4325523361419528,0.8396944050482489,-0.796428965547193,0.0,0.0,0.0,10.588063569066072,1.0963694328285067,1.3200202265278582,0.5343881060445481
2025-05-08 03:54:50,1359.63,1379.8,1358.697771731041,1387.0204372340743,68.71,61.05,1372.8591044825575,2745.718208965115,28.32266550303325,0.02063042404710415,129.76,7.659999999999997,0.3107427563195415,-2.4068124113580325,-1.0480348275193592,2.717555167677574,2.5929983463541237,1.2730857478932194,-4.017729196214077,-1.3723217241604289,0.0,0.0,0.0,10.579986851900207,0.6885811247812209,1.1073623583614591,0.9094816260869958
2025-05-08 03:54:51,1349.31,1386.0,1356.3508287982809,1386.7653279255558,68.71,61.05,1371.5580783619184,2743.116156723837,30.414499127274894,0.022175144884440067,129.76,7.659999999999997,-2.3469429327601574,-0.255109308518513,-1.3010261206391078,2.0918336242416444,1.6078324510361215,-2.657685689079699,2.1517031028395195,-0.25299129311974866,0.0,0.0,0.0,10.569960448458371,0.9315781795255889,1.2012343736266644,1.0052798233209963
2025-05-08 03:54:52,1355.5,1383.93,1356.1381215987108,1386.056495944167,68.71,61.05,1371.0973087714387,2742.1946175428775,29.918374345456186,0.021820751986190944,129.76,7.659999999999997,-0.21270719957010442,-0.708831981388812,-0.4607695904796856,0.49612478181870756,1.0767284025272024,2.134235733190053,-0.453722672870299,0.8402565301594223,0.0,0.0,0.0,10.56640951144443,1.2334326881058622,1.198861133523726,0.9989957010887943
2025-05-08 03:54:53,1359.63,1386.0,1357.0110911990332,1386.0423719581252,68.71,61.05,1371.526731578579,2743.053463157158,29.031280759091942,0.021167127165294713,129.76,7.659999999999997,0.872969600322449,-0.014123986041795433,0.42942280714032677,0.8870935863642444,2.06577644651723,1.0856767998925534,0.6947079953470165,0.8901923976200123,0.0,0.0,0.0,10.569718873372844,1.1650634918011256,1.0826257518641047,0.7822074441777944
2025-05-08 03:54:54,1359.63,1388.06,1357.665818399275,1386.546778968594,68.71,61.05,1372.1062986839345,2744.212597367869,28.880960569319086,0.021048632001742014,129.76,7.659999999999997,0.654727200241723,0.5044070104688672,0.5795671053554088,0.15032018977285588,0.2593658767344952,-0.21824240008072593,0.5185309965106626,0.15014429821508202,0.0,0.0,0.0,10.574185327602876,0.6778910901355113,0.8406192800210446,0.8477987919516912
2025-05-08 03:54:55,1351.37,1388.06,1356.0918637994562,1386.9250842264455,68.71,61.05,1371.508474012951,2743.016948025902,30.833220426989328,0.022481246735787157,129.76,7.659999999999997,-1.5739545998187623,0.37830525785147984,-0.5978246709835275,1.9522598576702421,3.2656005796111667,-2.2286818000604853,-0.12610175261738732,-1.1773917763389363,0.0,0.0,0.0,10.569578170802812,0.35926623170763017,0.8505147821687867,0.7774691896064242
2025-05-08 03:54:56,1359.63,1392.2,1356.976397849592,1388.243813169834,68.71,61.05,1372.610105509713,2745.220211019426,31.26741532024198,0.02277953161786713,129.76,7.659999999999997,0.884534050135926,1.318728943388578,1.1016314967621383,0.43419489325265204,0.394137695219427,2.4584886499546883,0.9404236855370982,1.6994561677456659,0.0,0.0,0.0,10.578067932580497,0.5913887669721649,1.0603043859127643,0.7214992481577461
2025-05-08 03:54:57,1359.63,1390.13,1357.639798387194,1388.7153598773755,68.71,61.05,1373.1775791322848,2746.3551582645696,31.07556149018137,0.022630402607642132,129.76,7.659999999999997,0.6634005376020014,0.4715467075413926,0.567473622571697,0.19185383006060874,0.33808354141223146,-0.22113351253392466,-0.8471822358471854,-0.5341578741904414,0.0,0.0,0.0,10.582441187961187,0.7181787978052833,1.1630946764913972,0.6220549867714847
2025-05-08 03:54:58,1359.63,1386.0,1358.1373487903957,1388.0365199080316,68.71,61.05,1373.0869343492136,2746.173868698427,29.899171117635888,0.02177514791518405,129.76,7.659999999999997,0.49755040320155786,-0.678839969343926,-0.09064478307118407,1.1763903725454838,12.977883059619721,-0.1658501344004435,-1.1503866768853186,-0.658118405642881,0.0,0.0,0.0,10.581742630760413,0.6988974597121168,0.9942838543387342,0.6614908490331901
2025-05-08 03:54:59,1351.37,1392.2,1356.4455115927967,1389.0773899310236,68.71,61.05,1372.76145076191,2745.52290152382,32.6318783382269,0.023770975136535612,129.76,7.659999999999997,-1.691837197598943,1.0408700229920669,-0.32548358730355176,2.73270722059101,8.395811436817581,-2.189387600800501,1.7197099923359929,-0.2348388042323677,0.0,0.0,0.0,10.57923428007611,0.6678550713627123,0.9848664224511179,0.6930591240032368
2025-05-08 03:55:00,1359.63,1390.13,1357.2416336945976,1389.3405424482678,68.71,61.05,1373.2910880714326,2746.582176142865,32.09890875367023,0.02337371079526504,129.76,7.659999999999997,0.7961221018008473,0.26315251724417976,0.5296373095225135,0.5329695845566675,1.0062897169148457,2.4879592993997903,-0.7777175057478871,0.8551208968260653,0.0,0.0,0.0,10.583315948582896,0.28796113078263824,1.0465631325488447,0.5689348408680261
2025-05-08 03:55:01,1359.63,1386.0,1357.838725270948,1388.5054068362008,68.71,61.05,1373.1720660535743,2746.3441321071487,30.666681565252702,0.022332730399224062,129.76,7.659999999999997,0.5970915763505218,-0.8351356120670062,-0.11902201785824218,1.432227188417528,12.033195042351618,-0.1990305254503255,-1.098288129311186,-0.6486593273807557,0.0,0.0,0.0,10.582398701226694,0.2015498111159384,1.0980294899685854,0.40856588955107886
2025-05-08 03:55:02,1359.63,1386.0,1358.286543953211,1387.8790551271507,68.71,61.05,1373.082799540181,2746.165599080362,29.592511173939556,0.021551876669271247,129.76,7.659999999999997,0.44781868226300503,-0.6263517090501409,-0.08926651339334057,1.074170391313146,12.033161342581767,-0.14927289408751676,0.20878390301686522,0.029755504464901605,0.0,0.0,0.0,10.581710765709543,0.19656898448020868,1.3390407069924244,0.32210628636868666
2025-05-08 03:55:03,1355.5,1383.93,1357.5899079649084,1386.8917913453631,68.71,61.05,1372.2408496551357,2744.4816993102713,29.301883380454683,0.021353309345415104,129.76,7.659999999999997,-0.6966359883026598,-0.9872637817875329,-0.8419498850453238,0.2906277934848731,0.3451837852385274,-1.1444546705656649,-0.360912072737392,-0.7526833716519832,0.0,0.0,0.0,10.575222249382811,0.42237272252406144,1.4786870735098818,0.49353260870179483
2025-05-08 03:55:04,1355.5,1388.06,1357.0674309736814,1387.1838435090222,68.71,61.05,1372.1256372413518,2744.2512744827036,30.116412535340714,0.02194872808727691,129.76,7.659999999999997,-0.5224769912269949,0.2920521636590365,-0.11521241378386549,0.8145291548860314,7.0697423861951245,0.17415899707566496,1.2793159454465695,0.7267374712614583,0.0,0.0,0.0,10.574334360874056,0.5535018360658149,1.105184436105717,0.48578600572154407
2025-05-08 03:55:05,1359.63,1388.06,1357.708073230261,1387.4028826317667,68.71,61.05,1372.555477931014,2745.110955862028,29.69480940150561,0.02163468789227579,129.76,7.659999999999997,0.6406422565796674,0.2190391227445616,0.42984068966211453,0.42160313383510584,0.9808335114411896,1.1631192478066623,-0.07301304091447491,0.54505310344598,0.0,0.0,0.0,10.577646943228785,0.4769938098143633,0.5305114280432767,0.45299746774074506
2025-05-08 03:55:06,1359.63,1379.8,1358.1885549226959,1385.5021619738252,68.71,61.05,1371.8453584482604,2743.690716896521,27.31360705112934,0.019910120964446415,129.76,7.659999999999997,0.4804816924347506,-1.9007206579415197,-0.7101194827534982,2.3812023503762703,3.3532371030098127,-0.16016056414491686,-2.1197597806860813,-1.1399601724156128,0.0,0.0,0.0,10.572174382522242,0.472791437173339,1.0963003662642428,0.5165084955513687
2025-05-08 03:55:07,1392.66,1388.06,1366.806416192022,1386.141621480369,68.73,61.05,1376.4740188361955,2752.948037672391,19.33520528834697,0.01404690899334803,129.78,7.680000000000007,8.617861269326113,0.6394595065437443,4.628660387935042,7.978401762782369,1.7236952747458865,8.137379576891362,2.540180164485264,5.3387798706885405,0.020000000000010232,0.0,0.020000000000010232,10.606210573508898,1.9318885924512277,4.500111541652877,2.26581163888351
2025-05-08 03:55:08,1351.37,1386.0,1362.9473121440165,1386.1062161102768,68.76,61.05,1374.5267641271466,2749.0535282542933,23.158903966260368,0.016848638057708625,129.81,7.710000000000008,-3.85910404800552,-0.0354053700921213,-1.9472547090488206,3.8236986779133986,1.9636345961882775,-12.476965317331633,-0.6748648766358656,-6.575915096983863,0.030000000000001137,0.0,0.030000000000001137,10.58875859747622,1.963270079686306,4.603919682406002,2.4936681561831366
2025-05-08 03:55:09,1361.69,1388.06,1362.6329841080124,1386.5946620827076,68.76,61.05,1374.61382309536,2749.22764619072,23.96167797469525,0.017431570638004126,129.81,7.710000000000008,-0.314328036004099,0.4884459724307817,0.08705896821334136,0.8027740084348807,9.220931559125711,3.544776012001421,0.523851342522903,2.034313677262162,0.0,0.0,0.0,10.589429262043993,1.8373965937627474,3.983714510236253,2.48368154571778
2025-05-08 03:55:10,1361.69,1386.0,1362.3972380810092,1386.4459965620308,68.76,61.05,1374.42161732152,2748.84323464304,24.04875848102165,0.017497366281527663,129.81,7.710000000000008,-0.23574602700318792,-0.1486655206767864,-0.19220577383998716,0.08708050632640152,0.45305638602985115,0.07858200900091106,-0.6371114931075681,-0.2792647420533285,0.0,0.0,0.0,10.587948592046617,1.6497878490448779,2.8504165670030575,2.503427382960312
2025-05-08 03:55:11,1361.69,1386.0,1362.2204285607568,1386.334497421523,68.76,61.05,1374.27746299114,2748.55492598228,24.114068860766338,0.017546725091987538,129.81,7.710000000000008,-0.17680952025239094,-0.11149914050770349,-0.14415433037993353,0.06531037974468745,0.4530556003205462,0.05893650675079698,0.03716638016908291,0.04805144346005363,0.0,0.0,0.0,10.586838089548586,0.909422522229618,2.0428379821378018,2.4545149307787772
2025-05-08 03:55:12,1351.37,1377.73,1359.5078214205676,1384.1833730661424,68.76,61.05,1371.8455972433549,2743.6911944867097,24.675551645574842,0.017987120181142707,129.81,7.710000000000008,-2.7126071401892204,-2.1511243553807162,-2.4318657477851957,0.5614827848085042,0.23088550609110076,-2.5357976199368295,-2.0396252148730127,-2.287711417405262,0.0,0.0,0.0,10.568104049574384,1.1758662447227382,0.5432157478495016,1.1711764836437115
2025-05-08 03:55:13,1359.63,1383.93,1359.5383660654256,1384.120029799607,68.76,61.05,1371.8291979325163,2743.6583958650326,24.581663734181348,0.017918895262842835,129.81,7.710000000000008,0.030544644858082393,-0.06334326653541211,-0.016399310838551173,0.0938879113934945,5.724764141225795,2.743151785047303,2.087781088845304,2.4154664369466445,0.0,0.0,0.0,10.567977716389636,1.429210145507584,0.3277689663213945,1.0635048274661845
2025-05-08 03:55:14,1359.63,1377.73,1359.5612745490694,1382.522522349705,68.76,61.05,1371.0418984493872,2742.0837968987744,22.961247800635647,0.016747298393912632,129.81,7.710000000000008,0.022908483643732325,-1.5975074499019684,-0.787299483129118,1.6204159335457007,2.0581924795795543,-0.007636161214350068,-1.5341641833665562,-0.7709001722905668,0.0,0.0,0.0,10.561912702314725,1.556320817538057,0.6819130185032561,1.0049968686450503
2025-05-08 03:55:15,1351.37,1390.13,1357.5134559118019,1384.4243917622787,68.76,61.05,1370.9689238370402,2741.9378476740803,26.91093585047679,0.019629136272126334,129.81,7.710000000000008,-2.0478186372674827,1.9018694125736602,-0.07297461234702496,3.949688049841143,54.123397157107405,-2.070727120911215,3.4993768624756285,0.7143248707820931,0.0,0.0,0.0,10.561350537521683,1.3435638483859424,1.4366846639906485,1.0217592346344213
2025-05-08 03:55:16,1355.5,1386.0,1357.0100919338515,1384.818293821709,68.76,61.05,1370.9141928777804,2741.8283857555607,27.80820188785742,0.020284421893101045,129.81,7.710000000000008,-0.5033639779503574,0.3939020594302747,-0.05473095925981397,0.897266037380632,16.393822722868148,1.5444546593171253,-1.5079673531433855,0.018243653087210987,0.0,0.0,0.0,10.560928913926904,0.4745548849468093,1.950871388635058,1.0344181975447904
2025-05-08 03:55:17,1351.37,1388.06,1355.6000689503885,1385.6287203662819,68.76,61.05,1370.6143946583352,2741.2287893166704,30.028651415893364,0.02190889830941106,129.81,7.710000000000008,-1.4100229834630227,0.8104265445729197,-0.29979821944516516,2.2204495280359424,7.406455334157648,-0.9066590055126653,0.41652448514264506,-0.2450672601853512,0.0,0.0,0.0,10.558619398349247,0.45254017122410295,2.7625016373053533,0.32215570644906666
2025-05-08 03:55:18,1357.57,1379.8,1356.0925517127914,1384.1715402747116,68.76,61.05,1370.1320459937515,2740.264091987503,28.07898856192014,0.020493636816633187,129.81,7.710000000000008,0.4924827624029149,-1.457180091570308,-0.4823486645836965,1.9496628539732228,4.042011422680114,1.9025057458659376,-2.2676066361432277,-0.18255044513853136,0.0,0.0,0.0,10.5549035932428,0.3738695553822517,2.606980576974445,0.30603738090373583
2025-05-08 03:55:19,1351.37,1383.93,1354.9119137845935,1384.1111552060338,68.76,61.05,1369.5115344953138,2739.0230689906275,29.19924142144032,0.021320916739032632,129.81,7.710000000000008,-1.180637928197939,-0.0603850686777605,-0.620511498437736,1.1202528595201784,1.8053671156352826,-1.6731206906008538,1.3967950228925474,-0.1381628338540395,0.0,0.0,0.0,10.550123441531394,0.610578135439533,1.2208339644957737,0.24874270434774623
2025-05-08 03:55:20,1359.63,1383.93,1356.091435338445,1384.0658664045254,68.76,61.05,1370.0786508714853,2740.1573017429705,27.974431066080342,0.02041812054210766,129.81,7.710000000000008,1.1795215538516004,-0.04528880150837722,0.5671163761714979,1.2248103553599776,2.159712269139839,2.3601594820495393,0.015096267169383282,1.187627874609234,0.0,0.0,0.0,10.554492260357392,0.5391058536017953,0.9602429699729804,0.4673523824924517
2025-05-08 03:55:21,1355.5,1388.06,1355.9435765038338,1385.0643998033938,68.76,61.05,1370.5039881536138,2741.0079763072276,29.120823299560016,0.02124825869171256,129.81,7.710000000000008,-0.14785883461127014,0.9985333988684033,0.4253372821285666,1.1463922334796735,2.6952481863204465,-1.3273803884628705,1.0438222003767805,-0.14177909404293132,0.0,0.0,0.0,10.557768874476888,0.4336989369942572,0.8574649450193977,0.5423220747043171
2025-05-08 03:55:22,1359.63,1383.93,1356.8651823778755,1384.7807998525454,68.76,61.05,1370.8229911152105,2741.645982230421,27.915617474669943,0.020364129895133667,129.81,7.710000000000008,0.9216058740416884,-0.28359995084838374,0.3190029615966523,1.205205824890072,3.778027767611021,1.0694647086529585,-1.282133349716787,-0.10633432053191427,0.0,0.0,0.0,10.560226335066513,0.49329770417244967,0.6442904620217959,0.5507467509556566
2025-05-08 03:55:23,1351.37,1379.8,1355.4913867834066,1383.535599889409,68.76,61.05,1369.513493336408,2739.026986672816,28.044213106002417,0.02047750038387984,129.81,7.710000000000008,-1.373795594468902,-1.2451999631364288,-1.3094977788025517,0.1285956313324732,0.09820217736290311,-2.2954014685105903,-0.961600012288045,-1.628500740399204,0.0,0.0,0.0,10.550138531594403,0.5864508547620834,0.6495683876610776,0.8104926205090973
2025-05-08 03:55:24,1357.57,1388.06,1356.0110400875549,1384.6666999170566,68.76,61.05,1370.3388700023056,2740.677740004611,28.6556598295017,0.020911367571834344,129.81,7.710000000000008,0.519653304148278,1.1311000276475625,0.8253766658976929,0.6114467234992844,0.740808418694327,1.89344889861718,2.3762999907839912,2.1348744447002446,0.0,0.0,0.0,10.556496875786216,0.4930812530711819,0.5269094141767942,0.8460836161794569
2025-05-08 03:55:25,1359.63,1386.0,1356.9157800656662,1385.0000249377924,68.76,61.05,1370.9579025017292,2741.9158050034584,28.08424487212619,0.020485125619388332,129.81,7.710000000000008,0.9047399781113654,0.333325020735856,0.6190324994236107,0.5714149573755094,0.9230759852375687,0.3850866739630874,-0.7977750069117064,-0.20634416647408216,0.0,0.0,0.0,10.561265633930079,0.5671979193788746,0.5097598401915716,0.8525389017309616
2025-05-08 03:55:26,1359.63,1386.0,1357.5943350492498,1385.2500187033443,68.76,61.05,1371.422176876297,2742.844353752594,27.655683654094446,0.020165696676220004,129.81,7.710000000000008,0.6785549835835809,0.24999376555183517,0.4642743745678217,0.42856121803174574,0.923075488185603,-0.2261849945277845,-0.08333125518402085,-0.154758124855789,0.0,0.0,0.0,10.564842202537978,0.7248905225298513,0.3672027511597616,0.8555600193638035
2025-05-08 03:55:27,1355.5,1379.8,1357.0707512869374,1383.8875140275084,68.76,61.05,1370.4791326572229,2740.9582653144457,26.816762740570994,0.019567436002479306,129.81,7.710000000000008,-0.5235837623124553,-1.3625046758359076,-0.9430442190741815,0.8389209135234523,0.8895871550539736,-1.2021387458960362,-1.6124984413877428,-1.4073185936420032,0.0,0.0,0.0,10.557577398502778,0.7160177694487267,0.6795231067383187,0.9824036434714059
2025-05-08 03:55:28,1398.86,1386.0,1367.5180634652029,1384.4156355206312,68.82,61.05,1375.966849492917,2751.933698985834,16.897572055428327,0.012280508101903077,129.87,7.769999999999996,10.44731217826552,0.5281214931228533,5.487716835694073,9.919190685142667,1.8075256385495468,10.970895940577975,1.890626168958761,6.430761054768254,0.05999999999998806,0.0,0.05999999999998806,10.594955254469559,2.3499289421258527,4.923025287907274,2.4472027859461445
2025-05-08 03:55:29,1351.37,1386.0,1363.4810475989023,1384.8117266404734,68.82,61.05,1374.146387119688,2748.292774239376,21.330679041571102,0.015522857845414066,129.87,7.769999999999996,-4.037015866300635,0.39609111984213996,-1.8204623732290202,4.433106986142775,2.4351530776912127,-14.484328044566155,-0.13203037328071332,-7.308179208923093,0.0,0.0,0.0,10.580937680286057,2.3616025600967543,4.884305520620146,2.8292121840992785
2025-05-08 03:55:30,1361.69,1381.87,1363.0332856991768,1384.076294980355,68.82,61.05,1373.554790339766,2747.109580679532,21.04300928117823,0.015320109116763275,129.87,7.769999999999996,-0.4477618997254922,-0.7354316601183655,-0.5915967799219288,0.2876697603928733,0.48625902624387146,3.589253966575143,-1.1315227799605054,1.2288655933070913,0.0,0.0,0.0,10.576382380560434,2.191099086438299,4.46608009122127,2.895480265709723
2025-05-08 03:55:31,1361.69,1386.0,1362.6974642743826,1384.5572212352663,68.82,61.05,1373.6273427548244,2747.254685509649,21.859756960883715,0.015913891828281346,129.87,7.769999999999996,-0.335821424794176,0.48092625491131,0.07255241505845333,0.816747679705486,11.257191395435564,0.1119404749313162,1.2163579150296755,0.6641491949803822,0.0,0.0,0.0,10.576941034710737,1.9769262809665726,3.527645914754527,2.902634622752777
2025-05-08 03:55:32,1361.69,1381.87,1362.445598205787,1383.8854159264497,68.82,61.05,1373.1655070661184,2746.3310141322368,21.43981772066263,0.015613425763116601,129.87,7.769999999999996,-0.2518660685955183,-0.6718053088166016,-0.46183568870605995,0.4199392402210833,0.909280813955336,0.08395535619865768,-1.1527315637279116,-0.5343881037645133,0.0,0.0,0.0,10.573384896378943,1.1046388728825314,2.0428880699278182,2.8528205619376297
2025-05-08 03:55:33,1353.44,1383.93,1360.1941986543402,1383.8965619448372,68.82,61.05,1372.0453802995887,2744.0907605991774,23.702363290497033,0.01727520358550121,129.87,7.769999999999996,-2.251399551446866,0.01114601838753515,-1.1201267665296655,2.2625455698344012,2.0198995484632336,-1.9995334828513478,0.6829513272041368,-0.6582910778236055,0.0,0.0,0.0,10.564759911718093,0.787446967090325,1.0627048444316087,0.7179355655109063
2025-05-08 03:55:34,1359.63,1377.73,1360.0531489907553,1382.3549214586278,68.82,61.05,1371.2040352246916,2742.408070449383,22.301772467872524,0.016264371952459784,129.87,7.769999999999996,-0.14104966358490856,-1.5416404862094168,-0.8413450748971627,1.4005908226245083,1.6647023911007153,2.1103498878619575,-1.552786504596952,0.27878169163250277,0.0,0.0,0.0,10.558281548212905,1.0573411865542623,1.0264462984295655,0.44710216384503637
2025-05-08 03:55:35,1357.57,1386.0,1359.4323617430664,1383.266191093971,68.82,61.05,1371.3492764185187,2742.6985528370374,23.83382935090458,0.01737983877876124,129.87,7.769999999999996,-0.6207872476888951,0.9112696353431602,0.14524119382713252,1.5320568830320553,10.548290704390707,-0.4797375841039866,2.452910121552577,0.9865862687242952,0.0,0.0,0.0,10.559399906515122,1.0814843898703823,1.0858957813448018,0.5543776324547643
2025-05-08 03:55:36,1349.31,1386.0,1356.9017713073,1383.9496433204781,68.82,61.05,1370.425707313889,2740.851414627778,27.04787201317822,0.019736839325976103,129.87,7.769999999999996,-2.5305904357664986,0.6834522265071428,-0.9235691046296779,3.2140426622736413,3.4800202455257794,-1.9098031880776034,-0.22781740883601742,-1.0688102984568104,0.0,0.0,0.0,10.552288417352742,1.0296330455548455,2.1379632724649666,0.49995467484378375
2025-05-08 03:55:37,1351.37,1377.73,1355.518828480475,1382.3947324903584,68.82,61.05,1368.9567804854166,2737.9135609708333,26.87590400988347,0.01963239773042446,129.87,7.769999999999996,-1.3829428268250012,-1.554910830119752,-1.4689268284723767,0.17196800329475082,0.1170704237209464,1.1476476089414973,-2.238363056626895,-0.5453577238426988,0.0,0.0,0.0,10.54097766954985,1.1782830189971225,2.1053732127465157,0.6024306069468924
2025-05-08 03:55:38,1353.44,1386.0,1354.9991213603562,1383.2960493677688,68.82,61.05,1369.1475853640625,2738.295170728125,28.29692800741259,0.020667551321153412,129.87,7.769999999999996,-0.51970712011871,0.9013168774104088,0.19080487864584939,1.4210239975291188,7.447485410901046,0.8632357067062912,2.456227707530161,1.659731707118226,0.0,0.0,0.0,10.54244686857331,1.121566709228768,2.4984974449626702,0.7239899622773177
2025-05-08 03:55:39,1359.63,1377.73,1356.1568410202672,1381.9045370258264,68.82,61.05,1369.0306890230468,2738.0613780460935,25.74769600555919,0.018807245296397077,129.87,7.769999999999996,1.1577196599109811,-1.3915123419424162,-0.11689634101571755,2.5492320018533974,21.80744215140563,1.6774267800296911,-2.292829219352825,-0.30770121966156694,0.0,0.0,0.0,10.541546765854315,1.0628560391721882,1.6768622704158902,0.7309592048524205
2025-05-08 03:55:40,1359.63,1379.8,1357.0251307652004,1381.3784027693698,68.82,61.05,1369.201766767285,2738.40353353457,24.353272004169412,0.017786474263673743,129.87,7.769999999999996,0.8682897449332359,-0.5261342564565439,0.17107774423834599,1.3944240013897797,8.150772953109099,-0.2894299149777453,0.8653780854858724,0.28797408525406354,0.0,0.0,0.0,10.542864065792108,0.607585527657604,1.486477383548411,0.7361564420752862
2025-05-08 03:55:41,1359.63,1381.87,1357.6763480739003,1381.5013020770273,68.82,61.05,1369.5888250754638,2739.1776501509275,23.824954003127004,0.017395698292455446,129.87,7.769999999999996,0.65121730869987,0.12289930765746249,0.38705830817866627,0.5283180010424076,1.364953612738171,-0.2170724362333658,0.6490335641140064,0.21598056394032028,0.0,0.0,0.0,10.545844417722487,0.24528127349995918,1.8294010449142448,0.7494705858086409
2025-05-08 03:55:42,1359.63,1383.93,1358.1647610554253,1382.1084765577705,68.82,61.05,1370.1366188065979,2740.2732376131958,23.943715502345185,0.0174754219077255,129.87,7.769999999999996,0.4884129815250162,0.6071744807431969,0.5477937311341066,0.11876149921818069,0.21679927255289075,-0.16280432717485382,0.4842751730857344,0.1607354229554403,0.0,0.0,0.0,10.550062433637756,0.45150772920955606,1.8755889551317821,0.2504132902853144
2025-05-08 03:55:43,1355.5,1386.0,1357.498570791569,1383.0813574183278,68.82,61.05,1370.2899641049485,2740.579928209897,25.58278662675889,0.01866961539399403,129.87,7.769999999999996,-0.6661902638563788,0.9728808605573249,0.15334529835058675,1.6390711244137037,10.688690513196416,-1.154603245381395,0.365706379814128,-0.3944484327835198,0.0,0.0,0.0,10.551243193606725,0.5555520891486779,0.9130195092588537,0.25265262610803646
2025-05-08 03:55:44,1359.63,1377.73,1358.0314280936768,1381.7435180637458,68.82,61.05,1369.8874730787113,2739.7749461574226,23.712089970068973,0.017309516598081193,129.87,7.769999999999996,0.5328573021079137,-1.3378393545820018,-0.4024910262371577,1.8706966566899155,4.647785632373391,1.1990475659642925,-2.3107202151393267,-0.5558363245877445,0.0,0.0,0.0,10.548144009629377,0.4362671775890746,0.7657090074678828,0.3598116602797841
2025-05-08 03:55:45,1351.37,1386.0,1356.3660710702575,1382.8076385478093,68.82,61.05,1369.5868548090334,2739.173709618067,26.44156747755187,0.019306236304328782,129.87,7.769999999999996,-1.6653570234193467,1.064120484063551,-0.30061826967789784,2.7294775074828976,9.079516128182433,-2.1982143255272604,2.4019598386455527,0.10187275655925987,0.0,0.0,0.0,10.545829246655918,0.3174452949173687,1.2375381047477196,0.4171686399444237
2025-05-08 03:55:46,1359.63,1386.0,1357.182053302693,1383.6057289108571,68.82,61.05,1370.393891106775,2740.78778221355,26.423675608164103,0.019281810697172375,129.87,7.769999999999996,0.8159822324355446,0.7980903630477769,0.8070362977416607,0.017891869387767656,0.022169817228812873,2.4813392558548912,-0.26603012101577406,1.1076545674195586,0.0,0.0,0.0,10.552043432314866,0.3255240809947258,1.320546103329339,0.5238426399167979
2025-05-08 03:55:47,1357.57,1383.93,1357.2790399770197,1383.6867966831428,68.82,61.05,1370.4829183300812,2740.9658366601625,26.40775670612311,0.01926894259946832,129.87,7.769999999999996,0.09698667432667207,0.08106777228567807,0.08902722330617507,0.015918902040994,0.17880736523571453,-0.7189955581088725,-0.7170225907620988,-0.7180090744354857,0.0,0.0,0.0,10.552728942614555,0.37867814454119264,1.17677016509599,0.4772666736639708
2025-05-08 03:55:48,1357.57,1383.93,1357.3517799827648,1383.747597512357,68.82,61.05,1370.549688747561,2741.099377495122,26.39581752959225,0.019259292623278797,129.87,7.769999999999996,0.07274000574511774,0.060800829214258556,0.06677041747980184,0.011939176530859186,0.1788066957612627,-0.02424666858155433,-0.02026694307141952,-0.022256805826373238,0.0,0.0,0.0,10.553243075339324,0.42177356833568297,1.209886054040364,0.47501860839397547
2025-05-08 03:55:49,1355.5,1383.93,1356.8888349870736,1383.7931981342679,68.82,61.05,1370.3410165606706,2740.682033121341,26.904363147194317,0.01963333418646877,129.87,7.769999999999996,-0.46294499569125946,0.045600621910807604,-0.2086721868904533,0.5085456176020671,2.4370434226848565,-0.5356850014363772,-0.015200207303450952,-0.27544260437025514,0.0,0.0,0.0,10.551636297905862,0.3907159783830652,0.2185412223756174,0.43487550191201163
2025-05-08 03:55:50,1359.63,1386.0,1357.5741262403053,1384.3448986007008,68.82,61.05,1370.959512420503,2741.919024841006,26.77077236039554,0.019527033510714886,129.87,7.769999999999996,0.6852912532317532,0.5517004664329761,0.6184958598323647,0.13359078679877712,0.21599266782855633,1.1482362489230127,0.5060998445221685,0.827168046722818,0.0,0.0,0.0,10.556398720752323,0.2450198893918284,0.2396000088514494,0.422177435315719
2025-05-08 03:55:51,1394.73,1383.93,1366.863094680229,1384.2411739505258,68.85,61.05,1375.5521343153773,2751.1042686307546,17.378079270296666,0.012633530074316184,129.89999999999998,7.799999999999997,9.288968439923792,-0.10372465017508148,4.592621894874355,9.392693090098874,2.0451696786561087,8.603677186692039,-0.6554251166080576,3.9741260350419907,0.030000000000001137,0.0,0.030000000000001137,10.589315810054362,2.2339998821811116,4.1389796027011885,2.013029223261091
2025-05-08 03:55:52,1363.76,1383.93,1366.0873210101718,1384.1633804628943,68.87,61.05,1375.1253507365332,2750.2507014730663,18.076059452722575,0.013145026691490924,129.92000000000002,7.820000000000007,-0.7757736700573332,-0.0777934876314248,-0.42678357884415163,0.6979801824259084,1.6354390880669307,-10.064742109981125,0.025931162543656683,-5.019405473718507,0.020000000000010232,0.0,0.020000000000010232,10.584400709299048,2.60028182780686,4.919105391386414,2.0853311404676993
2025-05-08 03:55:53,1361.69,1373.6,1364.9879907576287,1381.5225353471706,68.87,61.05,1373.2552630523996,2746.5105261047993,16.534544589541838,0.012040401389578015,129.92000000000002,7.820000000000007,-1.0993302525430408,-2.640845115723778,-1.870087684133523,1.541514863180737,0.8243004068520816,-0.3235565824857076,-2.563051628092353,-1.4433041052893714,0.0,0.0,0.0,10.570006561594774,2.3621263406425927,5.236487774342107,2.4358572815955957
2025-05-08 03:55:54,1359.63,1381.87,1363.6484930682216,1381.609401510378,68.87,61.05,1372.6289472892997,2745.2578945785995,17.960908442156324,0.013085042730987794,129.92000000000002,7.820000000000007,-1.3394976894071533,0.08686616320733265,-0.6263157630999103,1.426363852614486,2.277384123577979,-0.24016743686411246,2.7277112789311104,1.2437719210336127,0.0,0.0,0.0,10.565185781435606,1.8792043829409881,4.1962914333457455,2.4748450051838797
2025-05-08 03:55:55,1361.69,1386.0,1363.158869801166,1382.7070511327834,68.87,61.05,1372.9329604669747,2745.8659209339494,19.548181331617343,0.01423826354254775,129.92000000000002,7.820000000000007,-0.48962326705554915,1.09764962240547,0.3040131776749604,1.587272889461019,5.221048905022012,0.8498744223516042,1.0107834591981373,0.9303289407748707,0.0,0.0,0.0,10.567525784324575,1.3414034344428418,1.1054498185525627,2.4737291710937717
2025-05-08 03:55:56,1359.63,1381.87,1362.2766523508744,1382.4977883495874,68.87,61.05,1372.387220350231,2744.774440700462,20.221135998712953,0.014734278842102792,129.92000000000002,7.820000000000007,-0.8822174502915914,-0.20926278319598168,-0.5457401167436728,0.6729546670956097,1.233102374823789,-0.3925941832360422,-1.3069124056014516,-0.8497532944186332,0.0,0.0,0.0,10.563325198482957,1.0893008756191964,1.4482132496918207,0.7839904034001632
2025-05-08 03:55:57,1359.63,1375.67,1361.6149892631558,1380.7908412621905,68.87,61.05,1371.2029152626733,2742.4058305253466,19.17585199903465,0.013984693127185008,129.92000000000002,7.820000000000007,-0.6616630877185798,-1.706947087396884,-1.184305087557732,1.045283999678304,0.8826130429118049,0.22055436257301153,-1.4976843042009023,-0.638564970814059,0.0,0.0,0.0,10.554209549788052,0.7854829873589567,1.457261965781464,0.8070368950325392
2025-05-08 03:55:58,1355.5,1375.67,1360.086241947367,1379.5106309466428,68.87,61.05,1369.7984364470049,2739.5968728940097,19.424388999275834,0.014180472446353867,129.92000000000002,7.820000000000007,-1.5287473157889053,-1.2802103155477198,-1.4044788156684263,0.24853700024118552,0.1769601794689379,-0.8670842280703255,0.42673677184916414,-0.22017372811069436,0.0,0.0,0.0,10.543399214159525,1.292077509197724,0.8258917525811185,0.6647813494778528
2025-05-08 03:55:59,1351.37,1379.8,1357.9071814605252,1379.5829732099821,68.87,61.05,1368.7450773352537,2737.4901546705073,21.67579174945695,0.015836251828441488,129.92000000000002,7.820000000000007,-2.179060486841763,0.07234226333935112,-1.053359111751206,2.2514027501811142,2.1373533372534568,-0.6503131710528578,1.352552578887071,0.35111970391722025,0.0,0.0,0.0,10.535291462438131,1.748530446734325,1.0088924437635387,0.6815555416877104
2025-05-08 03:56:00,1353.44,1381.87,1356.7903860953938,1380.1547299074866,68.87,61.05,1368.4725580014401,2736.9451160028802,23.364343812092784,0.017073300928402608,129.92000000000002,7.820000000000007,-1.1167953651313383,0.5717566975044974,-0.2725193338135341,1.6885520626358357,6.1960589839552656,1.0622651217104249,0.4994144341651463,0.7808397779376719,0.0,0.0,0.0,10.533193869059776,1.6598845191931968,1.746731269193508,0.4684457636167866
2025-05-08 03:56:01,1359.63,1383.93,1357.5002895715454,1381.098547430615,68.87,61.05,1369.2994185010803,2738.5988370021605,23.59825785906969,0.017233818639657335,129.92000000000002,7.820000000000007,0.7099034761515668,0.9438175231284731,0.8268604996401336,0.23391404697690632,0.28289386684312945,1.826698841282905,0.3720608256239757,1.0993798334536677,0.0,0.0,0.0,10.53955825093536,1.0787371297551367,2.0979471630241093,0.9132039371943969
2025-05-08 03:56:02,1353.44,1373.6,1356.4852171786592,1379.2239105729614,68.87,61.05,1367.8545638758103,2735.7091277516206,22.738693394302118,0.016623619190368092,129.92000000000002,7.820000000000007,-1.015072392886168,-1.8746368576537407,-1.4448546252699543,0.8595644647675726,0.5949137406770127,-1.7249758690377348,-2.8184543807822138,-2.271715124910088,0.0,0.0,0.0,10.528437140912661,0.749098578549144,1.700877749362628,0.9598703976736342
2025-05-08 03:56:03,1349.31,1381.87,1354.6914128839944,1379.885432929721,68.87,61.05,1367.2884229068577,2734.5768458137154,25.194020045726575,0.01842626588890278,129.92000000000002,7.820000000000007,-1.7938042946648238,0.6615223567596331,-0.5661409689525954,2.455326651424457,4.336945123441375,-0.7787319017786558,2.5361592144133738,0.878713656317359,0.0,0.0,0.0,10.524079528808329,0.7815507653450668,1.2876835907838964,0.8682766526319258
2025-05-08 03:56:04,1357.57,1379.8,1355.4110596629957,1379.8640746972908,68.87,61.05,1367.6375671801434,2735.2751343602868,24.45301503429505,0.01787974797068029,129.92000000000002,7.820000000000007,0.719646779001323,-0.021358232430202406,0.349144273285674,0.7410050114315254,2.122340092014444,2.513451073666147,-0.6828805891898355,0.9152852422382693,0.0,0.0,0.0,10.526766907738427,0.7920847015822899,0.9620708993706942,0.8721627618873146
2025-05-08 03:56:05,1359.63,1379.8,1356.465794747247,1379.8480560229682,68.87,61.05,1368.1569253851076,2736.313850770215,23.38226127572125,0.017090335782972626,129.92000000000002,7.820000000000007,1.054735084251206,-0.01601867432259496,0.5193582049641918,1.070753758573801,2.061682450872563,0.335088305249883,0.005339558107607445,0.17021393167851784,0.0,0.0,0.0,10.530764430837,0.7682351649299601,0.9597487047631768,0.9305278944890611
2025-05-08 03:56:06,1359.63,1379.8,1357.2568460604352,1379.8360420172262,68.87,61.05,1368.5464440388307,2737.0928880776614,22.579195956790954,0.016498669839553965,129.92000000000002,7.820000000000007,0.7910513131882908,-0.012014005742003064,0.38951865372314387,0.8030653189302939,2.0616811276513483,-0.2636837710629152,0.004004668580591897,-0.12983955124104796,0.0,0.0,0.0,10.53376257316093,0.4818741602288747,1.1264687176783277,0.8423309662716801
2025-05-08 03:56:07,1359.63,1375.67,1357.8501345453265,1378.7945315129195,68.87,61.05,1368.322333029123,2736.644666058246,20.944396967593093,0.015306625088783589,129.92000000000002,7.820000000000007,0.5932884848912181,-1.0415105043066433,-0.22411100970771258,1.6347989891978614,7.294562175984991,-0.1977628282970727,-1.0294964985646402,-0.6136296634308565,0.0,0.0,0.0,10.532037580796532,0.5158386454702548,1.6576630523294968,0.4664598577237863
2025-05-08 03:56:08,1359.63,1383.93,1358.2951009089948,1380.0783986346896,68.87,61.05,1369.1867497718422,2738.3734995436844,21.783297725694865,0.015909661493156514,129.92000000000002,7.820000000000007,0.4449663636682999,1.2838671217700721,0.864416742719186,0.8389007581017722,0.970480725514558,-0.1483221212229182,2.3253776260767154,1.0885277524268986,0.0,0.0,0.0,10.538691034737923,0.5662030237594368,1.3647355005565205,0.39372341901748015
2025-05-08 03:56:09,1357.57,1383.93,1358.113825681746,1381.0412989760173,68.87,61.05,1369.5775623288816,2739.1551246577633,22.927473294271294,0.016740543878759232,129.92000000000002,7.820000000000007,-0.18127522724876144,0.9629003413276678,0.39081255703945317,1.1441755685764292,2.9276762486029195,-0.6262415909170613,-0.32096678044240434,-0.47360418567973284,0.0,0.0,0.0,10.541699136292968,0.6023622467605532,0.9675850246379619,0.39335670699174435
2025-05-08 03:56:10,1357.57,1383.93,1357.9778692613095,1381.763474232013,68.87,61.05,1369.8706717466612,2739.7413434933223,23.785604970703616,0.017363394548050477,129.92000000000002,7.820000000000007,-0.13595642043651424,0.7221752559958077,0.29310941777953303,0.8581316764323219,2.9276737515272395,0.0453188068122472,-0.2407250853318601,-0.09770313925992014,0.0,0.0,0.0,10.54395521245925,0.659680516139906,1.0873433833815984,0.3874368008291614
2025-05-08 03:56:11,1355.5,1379.8,1357.3584019459822,1381.2726056740098,68.87,61.05,1369.315503809996,2738.631007619992,23.914203728027587,0.017464348898427087,129.92000000000002,7.820000000000007,-0.6194673153272561,-0.4908685580032852,-0.555167936665157,0.12859875732397086,0.2316389639817574,-0.48351089489074184,-1.213043813999093,-0.84827735444469,0.0,0.0,0.0,10.539682060270273,0.5833703132823291,1.2867450854785574,0.5536267891983677
2025-05-08 03:56:12,1359.63,1381.87,1357.9263014594867,1381.4219542555072,68.87,61.05,1369.6741278574968,2739.3482557149937,23.495652796020522,0.017154191862862475,129.92000000000002,7.820000000000007,0.5678995135044715,0.14934858149740649,0.3586240475008253,0.41855093200706506,1.1670989935696052,1.1873668288317276,0.6402171395006917,0.9137919841659823,0.0,0.0,0.0,10.542442405442229,0.2751330197954261,0.8689056901871544,0.5141052140290333
2025-05-08 03:56:13,1357.57,1443.86,1357.837226094615,1397.0314656916303,68.87,61.11,1377.4343458931226,2754.868691786245,39.19423959701521,0.028454524664220788,129.98000000000002,7.760000000000005,-0.0890753648716327,15.609511436123057,7.760218035625712,15.69858680099469,2.0229566625536495,-0.6569748783761042,15.46016285462565,7.401593988124887,0.0,0.060000000000002274,0.060000000000002274,10.597279083673206,3.5050974319484927,7.015224445294554,3.438454806863708
2025-05-08 03:56:14,1361.69,1158.89,1358.8004195709614,1337.4960992687227,68.87,62.07,1348.148259419842,2696.296518839684,21.304320302238693,0.015802653853222402,130.94,6.800000000000004,0.963193476346305,-59.5353664229076,-29.286086473280648,60.498559899253905,2.0657781601741836,1.0522688412179377,-75.14487785903066,-37.04630450890636,0.0,0.9600000000000009,0.9600000000000009,10.295923698823264,11.010845800297298,7.264455778356571,14.375113704103219
2025-05-08 03:56:15,1293.59,1206.35,1342.497814678221,1304.7095744515418,68.85,62.95,1323.6036945648814,2647.2073891297628,37.788240226679136,0.02854951248119026,131.8,5.8999999999999915,-16.30260489274042,-32.78652481718086,-24.544564854960527,16.483919924440443,0.6715914236107376,-17.265798369086724,26.74884160572674,4.741521618320121,-0.020000000000010232,0.8800000000000026,0.9000000000000128,10.04251657452477,21.91755496685518,8.60879301961236,16.527565579492993
2025-05-08 03:56:16,1349.31,1282.73,1344.2008610086657,1299.2146808386565,67.91,63.86,1321.707770923661,2643.415541847322,44.98618017000922,0.03403640435928943,131.76999999999998,4.049999999999997,1.7030463304447494,-5.494893612885335,-1.8959236412204064,7.197939943330084,3.796532724368608,18.00565122318517,27.291631204295527,22.64864121374012,-0.9399999999999977,0.9099999999999966,1.8499999999999943,10.030414820469352,25.605502221876364,10.385811120047217,16.36119953079346
2025-05-08 03:56:17,1221.39,1132.07,1313.4981457564993,1257.4285106289924,66.97,64.81,1285.4633281927458,2570.9266563854917,56.0696351275069,0.04361822998305046,131.78,2.1599999999999966,-30.7027152521664,-41.78617020966408,-36.244442730915125,11.083454957497679,0.3057973531000537,-32.40576158261115,-36.291276596778744,-34.34851908969472,-0.9399999999999977,0.9500000000000028,1.8900000000000006,9.75461616662718,34.148506950614916,12.630105951712197,18.83675866552447
2025-05-08 03:56:18,1066.79,843.57,1251.8211093173745,1153.9638829717442,66.1,65.81,1202.8924961445593,2405.7849922891187,97.85722634563035,0.08135159756829892,131.91,0.28999999999999204,-61.67703643912478,-103.46462765724823,-82.5708320481865,41.78759121812345,0.5060817443096056,-30.974321186958377,-61.67845744758415,-46.32638931727138,-0.8700000000000045,1.0,1.8700000000000045,9.11903939826791,56.83674841853053,28.775180929995578,29.590266653781526
2025-05-08 03:56:19,978.22,798.28,1183.4208319880308,1065.042912228808,65.13,66.83,1124.2318721084193,2248.4637442168387,118.37791975922278,0.1052967119958238,131.95999999999998,1.7000000000000028,-68.40027732934368,-88.9209707429361,-78.66062403614,20.520693413592426,0.26087630760834096,-6.723240890218904,14.543656914312123,3.910208012046496,-0.9699999999999989,1.019999999999996,1.9899999999999949,8.519489721043724,86.37334003026695,35.244262787459284,34.99077091467219
2025-05-08 03:56:20,881.47,851.81,1107.9331239910232,1011.7346841716061,64.15,67.89,1059.8339040813146,2119.667808162629,96.1984398194171,0.09076746776848621,132.04000000000002,3.739999999999995,-75.48770799700765,-53.30822805720197,-64.39796802710475,22.179479939805674,0.3444127241104522,-7.087430667663966,35.61274268573413,14.262656009035254,-0.9799999999999898,1.0600000000000023,2.039999999999992,8.026612360305226,108.97887329237263,30.888395326323387,33.74495534848052
2025-05-08 03:56:21,747.78,504.25,1017.8948429932673,884.8635131287045,63.13,68.94,951.3791780609859,1902.7583561219717,133.03132986456274,0.1398299781963539,132.07,5.809999999999995,-90.03828099775592,-126.87117104290155,-108.45472602032874,36.83289004514563,0.33961534971400265,-14.550573000748273,-73.56294298569958,-44.05675799322398,-1.0200000000000031,1.0499999999999972,2.0700000000000003,7.203597871260604,128.65344234846697,29.057124834392397,26.457363113102154
2025-05-08 03:56:22,858.84,572.06,978.1311322449505,806.6626348465284,62.02,70.03,892.3968835457395,1784.793767091479,171.4684973984222,0.19214376514291118,132.05,8.009999999999998,-39.763710748316726,-78.20087828217618,-58.982294515246394,38.43716753385945,0.6516729672537718,50.27457024943919,48.670292760725374,49.47243150508234,-1.1099999999999994,1.0900000000000034,2.200000000000003,6.758022542883126,125.9700039114414,30.906801526939226,19.323735701495476
2025-05-08 03:56:23,710.77,178.0,911.2908491837129,649.4969761348963,60.8,71.16,780.3939126593045,1560.787825318609,261.79387304881664,0.3354637555042589,131.95999999999998,10.36,-66.84028306123764,-157.1656587116321,-112.00297088643492,90.32537565039445,0.806455169260862,-27.076572312920916,-78.96478042945591,-53.02067637118853,-1.220000000000006,1.1299999999999955,2.3500000000000014,5.913867132050906,135.85672346106082,65.09737689618802,24.59464169377667
2025-05-08 03:56:24,285.9,323.6,754.9431368877847,568.0227321011722,59.46,72.31,661.4829344944785,1322.965868988957,186.9204047866125,0.2825778183482297,131.77,12.850000000000001,-156.3477122959282,-81.47424403372406,-118.91097816482602,74.87346826220414,0.6296598412365255,-89.50742923469056,75.69141467790803,-6.908007278391096,-1.3399999999999963,1.1500000000000057,2.490000000000002,5.019981251229394,153.83891402784616,62.30540816821303,28.48511590017224
2025-05-08 03:56:25,308.44,204.65,643.3173526658385,477.1795490758792,58.12,72.93,560.2484508708588,1120.4969017417177,166.13780358995928,0.2965430837607298,131.05,14.81000000000001,-111.62578422194622,-90.843183025293,-101.23448362361967,20.782601196653218,0.20529171728310747,44.721928073981985,-9.368938991568939,17.676494541206353,-1.3400000000000034,0.6200000000000045,1.960000000000008,4.275073991574092,161.0556913412097,47.78659173084709,23.754581350619404
2025-05-08 03:56:26,316.65,180.05,561.6505144993789,402.8971618069094,58.12,73.33,482.2738381531442,964.5476763062884,158.7533526924695,0.3291767867219063,131.45,15.21,-81.66683816645957,-74.28238726896979,-77.97461271771465,7.384450897489785,0.09470327001840792,29.95894605548665,16.560795756323216,23.259870905905018,0.0,0.3999999999999915,0.3999999999999915,3.668876641188799,164.97169394421718,41.9766746480456,24.89926805548086
2025-05-08 03:56:27,48.33,-65.72,433.32038587453417,285.74287135518205,56.8,74.83,359.5316286148581,719.0632572297162,147.57751451935212,0.4104715756926363,131.63,18.03,-128.33012862484475,-117.15429045172738,-122.74220953828609,11.17583817311737,0.0910513027597085,-46.66329045838518,-42.87190318275759,-44.76759682057144,-1.3200000000000003,1.5,2.8200000000000003,2.7313805810489824,161.79869143546475,45.67051643020668,17.95495153399
2025-05-08 03:56:28,40.14,-69.81,335.02528940590065,196.85465351638652,56.8,74.83,265.9399714611436,531.8799429222872,138.17063588951413,0.519555727598273,131.63,18.03,-98.29509646863352,-88.88821783879553,-93.5916571537145,9.40687862983799,0.10050979772564964,30.03503215621123,28.26607261293185,29.150552384571597,0.0,0.0,0.0,2.0203598681211257,157.09922052640457,18.665363897230925,18.444229445744263
2025-05-08 03:56:29,38.09,-73.91,260.7914670544255,129.1634901372899,56.8,74.83,194.9774785958577,389.9549571917154,131.62797691713558,0.6750932322541523,131.63,18.03,-74.23382235147517,-67.69116337909662,-70.96249286528592,6.542658972378547,0.09219883090353374,24.061274117158348,21.197054459698904,22.62916428842857,0.0,0.0,0.0,1.4812540994803889,150.28073384006706,14.216402769583285,20.39434058236019
2025-05-08 03:56:30,34.0,-75.95,204.0936002908191,77.88511760296743,56.8,74.83,140.98935894689328,281.97871789378655,126.20848268785167,0.8951631721385986,131.63,18.03,-56.697866763606385,-51.27837253432247,-53.988119648964414,5.419494229283913,0.10038308731881869,17.535955587868784,16.41279084477415,16.97437321632151,0.0,0.0,0.0,1.071103531685708,135.65425243529842,12.958173510336325,25.9800103170763
2025-05-08 03:56:31,29.91,-78.0,160.54770021811433,38.91383820222557,56.8,74.83,99.73076921016995,199.4615384203399,121.63386201588875,1.2196222064620659,131.63,18.03,-43.54590007270477,-38.97127940074186,-41.25858973672332,4.5746206719629114,0.110876803843209,13.151966690901617,12.307093133580615,12.729529912241091,0.0,0.0,0.0,0.7576598682102111,103.21274886601194,10.203260587592252,32.44176342235052
2025-05-08 03:56:32,27.86,-80.04,127.37577516358576,9.175378651669174,56.8,74.83,68.27557690762747,136.55115381525493,118.20039651191658,1.7312251339979023,131.63,18.03,-33.17192505452857,-29.738459550556396,-31.455192302542486,3.433465503972176,0.1091541695817413,10.373975018176196,9.23281985018546,9.803397434180837,0.0,0.0,0.0,0.5186931276223835,78.53790861747504,7.951645415743926,24.675258683047616
2025-05-08 03:56:33,25.82,-82.09,101.98683137268931,-13.640966011248121,56.8,74.83,44.17293268072059,88.34586536144118,115.62779738393743,2.6176164395076964,131.63,18.03,-25.388943790896448,-22.816344662917295,-24.102644226906875,2.572599127979153,0.10673513648648174,7.782981263632124,6.9221148876391005,7.35254807563561,0.0,0.0,0.0,0.3355840792003078,59.91746872735245,6.3915810837032145,18.620595906019954
2025-05-08 03:56:34,23.77,-82.09,82.43262352951697,-30.75322450843609,56.8,74.83,25.83969951054044,51.67939902108088,113.18584803795306,4.380308045435073,131.63,18.03,-19.554207843172335,-17.11225849718797,-18.33323317018015,2.4419493459843657,0.13319795750802707,5.834735947724113,5.704086165729326,5.7694110567267245,0.0,0.0,0.0,0.19630554823546983,45.758207395145135,5.116414908896188,14.159313608914804
2025-05-08 03:56:35,19.68,-82.09,66.74446764713772,-43.58741838132707,56.8,74.83,11.578524632905328,23.157049265810656,110.3318860284648,9.529009955715743,131.63,18.03,-15.688155882379249,-12.834193872890978,-14.261174877635113,2.8539620094882707,0.2001210863659536,3.8660519607930866,4.2780646242969915,4.072058292545037,0.0,0.0,0.0,0.08796265703063642,35.00356524490955,4.374913781241065,10.755156302632487
2025-05-08 03:56:36,19.68,-84.14,54.978350735353295,-53.725563785995305,56.8,74.83,0.626393474678995,1.25278694935799,108.7039145213486,173.53906989210833,131.63,18.03,-11.76611691178443,-10.138145404668236,-10.952131158226333,1.627971507116193,0.14864425333777553,3.9220389705948193,2.6960484682227417,3.3090437194087805,0.0,0.0,0.0,0.0047587439787301605,26.85754451102736,3.8515818575702254,8.14660738903282
