time,force_left_raw,force_right_raw,force_left,force_right,dis_left,dis_right,force_avg,force_sum,force_diff,force_diff_ratio,total_delta_dis,dis_diff,left_force_rate,right_force_rate,force_rate,force_rate_diff,force_rate_ratio,left_force_acc,right_force_acc,force_acc,left_dis_rate,right_dis_rate,dis_rate_diff,stiffness_ratio,force_std_5s,force_diff_std_5s,force_rate_std_5s
2023-12-20 15:25:52,297.12,191.78,297.12,191.78,0.93,0.45,244.45,488.9,105.34,0.4309265680878439,1.3800000000000001,0.48000000000000004,0.0,0.0,0.0,0.0,0.0,0.0,0.0,0.0,0.0,0.0,0.0,177.13755279887476,0.0,0.0,0.0
2023-12-20 15:25:53,260.21,199.55,287.8925,193.72250000000003,0.93,1.16,240.8075,481.615,94.16999999999996,0.391059246945966,2.09,0.22999999999999987,-9.22750000000002,1.9425000000000239,-3.642499999999984,11.170000000000044,3.0665743125396787,-9.22750000000002,1.9425000000000239,-3.642499999999984,0.0,0.71,0.71,115.21884439289742,0.0,0.0,0.0
2023-12-20 15:25:54,299.07,203.43,290.686875,196.14937500000002,1.26,1.87,243.418125,486.83625,94.53749999999997,0.38837493967067993,3.13,0.6100000000000001,2.7943750000000023,2.4268749999999955,2.610624999999999,0.3675000000000068,0.1407708342750003,12.021875000000023,0.4843749999999716,6.253124999999983,0.32999999999999996,0.7100000000000002,0.3800000000000002,77.76934416314883,0.0,0.0,0.0
2023-12-20 15:25:55,265.07,207.32,284.28265625,198.94203125,1.3,2.54,241.61234375,483.2246875,85.34062499999999,0.35321301603319666,3.84,1.24,-6.404218749999984,2.792656249999993,-1.8057812499999955,9.196874999999977,5.093014398607584,-9.198593749999986,0.3657812499999977,-4.416406249999994,0.040000000000000036,0.6699999999999999,0.6299999999999999,62.91986479951438,0.0,0.0,0.0
2023-12-20 15:25:56,264.1,216.07,279.23699218750005,203.22402343750002,1.3,3.25,241.23050781250004,482.4610156250001,76.01296875000003,0.3151051213388694,4.55,1.95,-5.045664062499952,4.281992187500009,-0.3818359374999716,9.327656249999961,24.42837592159521,1.3585546875000318,1.489335937500016,1.4239453125000239,0.0,0.71,0.71,53.0176823724874,1.5585952125423774,11.00915371508912,2.3139137709500037
2023-12-20 15:25:57,263.13,218.98,275.21024414062504,207.16301757812502,1.3,3.92,241.18663085937504,482.3732617187501,68.04722656250001,0.28213515002015227,5.22,2.62,-4.026748046875014,3.938994140624999,-0.04387695312499318,7.9657421875000125,181.5431582418705,1.0189160156249386,-0.34299804687501023,0.3379589843749784,0.0,0.6699999999999999,0.6699999999999999,46.20432656226983,1.0281256851054676,11.552413598132688,2.3109426271578988
2023-12-20 15:25:58,286.43,222.87,278.0151831054688,211.08976318359376,1.4,4.63,244.5524731445313,489.1049462890626,66.92541992187503,0.27366486540766666,6.029999999999999,3.23,2.804938964843757,3.9267456054687386,3.3658422851562477,1.1218066406249818,0.3332914059226337,6.8316870117187705,-0.012248535156260232,3.409719238281241,0.09999999999999987,0.71,0.6100000000000001,40.555958969912496,1.5108026152068637,11.756666070740586,2.1649400800918417
2023-12-20 15:25:59,292.26,225.78,281.5763873291016,214.76232238769532,1.63,5.3,248.16935485839844,496.33870971679687,66.81406494140626,0.2692277002142413,6.93,3.67,3.561204223632785,3.6725592041015602,3.6168817138671443,0.11135498046877501,0.03078755637882299,0.7562652587890284,-0.2541864013671784,0.2510394287108966,0.22999999999999998,0.6699999999999999,0.43999999999999995,35.81086854942711,3.035785935540036,8.068047990517174,2.4137346778497926
2023-12-20 15:26:00,280.61,228.7,281.33479049682614,218.24674179077147,1.63,5.98,249.7907661437988,499.5815322875976,63.08804870605468,0.2525635732154037,7.61,4.3500000000000005,-0.24159683227543383,3.4844194030761457,1.6214112854003702,3.7260162353515796,2.29800666301941,-3.802801055908219,-0.1881398010254145,-1.9954704284667741,0.0,0.6800000000000006,0.6800000000000006,32.82401226278404,3.9353017294842374,4.762896068694664,1.858097647930547
2023-12-20 15:26:01,277.69,211.21,280.4235928726196,216.4875563430786,1.63,6.48,248.45557460784912,496.91114921569823,63.93603652954101,0.25733387698432947,8.11,4.8500000000000005,-0.9111976242065225,-1.7591854476928575,-1.33519153594969,0.847987823486335,0.6351052755722468,-0.6696007919310887,-5.243604850769003,-2.95660282135006,0.0,0.5,0.5,30.635702092743163,3.5157175412463086,2.1311267552878554,2.1438310195950674
2023-12-20 15:26:02,290.32,231.62,282.8976946544647,220.27066725730896,1.73,6.65,251.58418095588684,503.1683619117737,62.62702739715576,0.2489307034737855,8.38,4.92,2.4741017818450928,3.783110914230349,3.128606348037721,1.3090091323852562,0.4183999418163719,3.3852994060516153,5.542296361923206,4.463797883987411,0.10000000000000009,0.16999999999999993,0.06999999999999984,30.02197505177945,2.5919090169205057,2.055396141500207,2.060874007177245
2023-12-20 15:26:03,282.55,213.15,282.81077099084854,218.4905004429817,1.73,7.16,250.65063571691513,501.30127143383027,64.32027054786684,0.25661323422254123,8.89,5.43,-0.08692366361617587,-1.7801668143272593,-0.9335452389717034,1.6932431507110834,1.8137753439788717,-2.5610254454612686,-5.563277728557608,-4.062151587009424,0.0,0.5099999999999998,0.5099999999999998,28.19466901262611,1.444733794712996,1.6293364618799266,2.275725783598825
2023-12-20 15:26:04,282.55,209.26,282.7455782431364,216.18287533223628,1.73,7.16,249.46422678768633,498.92845357537266,66.5627029109001,0.26682263626009817,8.89,5.43,-0.06519274771216033,-2.3076251107454198,-1.1864089292288043,2.2424323630332594,1.8900991198639883,0.021730915904015546,-0.5274582964181604,-0.25286369025710087,0.0,0.0,0.0,28.06121470488995,1.1883224618972985,1.527560972512825,2.008956375396584
2023-12-20 15:26:05,282.55,211.21,282.6966836823523,214.9396564991772,1.73,7.16,248.81817009076474,497.6363401815295,67.75702718317507,0.2723154297218045,8.89,5.43,-0.048894560784106034,-1.2432188330590748,-0.6460566969215904,1.1943242722749687,1.8486340739624674,0.016298186928054292,1.064406277686345,0.5403522323072139,0.0,0.0,0.0,27.988542418697673,1.302972367821117,2.0772603111497085,1.8760455497119426
2023-12-20 15:26:06,291.29,207.32,284.8450127617642,213.03474237438292,1.8,7.16,248.93987756807357,497.87975513614714,71.81027038738131,0.2884643103404765,8.96,5.36,2.148329079411951,-1.9049141247942885,0.12170747730883136,4.05324320420624,33.30288319951013,2.197223640196057,-0.6616952917352137,0.7677641742304218,0.07000000000000006,0.0,0.07000000000000006,27.78346537774645,1.1918096079752016,3.5166569051305676,1.7644080194045382
2023-12-20 15:26:07,287.41,219.95,285.48625957132316,214.7635567807872,1.8,7.22,250.1249081760552,500.2498163521104,70.72270279053595,0.2827495391143008,9.02,5.42,0.6412468095589361,1.7288144064042967,1.1850306079816164,1.0875675968453606,0.9177540831149141,-1.507082269853015,3.633728531198585,1.063323130672785,0.0,0.05999999999999961,0.05999999999999961,27.730031091576954,0.7817955372584903,3.054560727300994,0.9604265925739003
2023-12-20 15:26:08,285.46,226.76,285.47969467849236,217.7626675855904,1.8,7.49,251.6211811320414,503.2423622640828,67.71702709290196,0.2691229192992448,9.290000000000001,5.69,-0.006564892830795088,2.9991108048031947,1.4962729559861998,3.00567569763399,2.0087736511145367,-0.6478117023897312,1.270296398398898,0.3112423480045834,0.0,0.27000000000000046,0.27000000000000046,27.085161899556457,1.1444005075635906,2.2338149076849003,1.1504897580083444
2023-12-20 15:26:09,286.43,216.07,285.71727100886926,217.3395006891928,1.8,7.83,251.52838584903103,503.05677169806205,68.37777031967647,0.2718491188062891,9.63,6.03,0.2375763303768963,-0.4231668963976176,-0.09279528301036066,0.6607432267745139,7.120363072093547,0.24414122320769138,-3.4222777012008123,-1.5890682389965605,0.0,0.33999999999999986,0.33999999999999986,26.11924815470227,1.3497364975052066,1.8748308096137656,0.8988593750945925
2023-12-20 15:26:10,310.73,212.18,291.9704532566519,216.0496255168946,1.94,7.83,254.01003938677326,508.0200787735465,75.92082773975733,0.29888908180225876,9.77,5.890000000000001,6.253182247782661,-1.2898751722981956,2.4816535377422326,7.5430574200808564,3.03952758345785,6.015605917405765,-0.866708275900578,2.5744488207525933,0.1399999999999999,0.0,0.1399999999999999,25.998977828842932,1.899701137039502,3.2619482061732534,1.052860021473908
2023-12-20 15:26:11,315.59,223.84,297.87533994248895,217.99721913767095,2.17,7.9,257.93627954007997,515.8725590801599,79.878120804818,0.3096816029042722,10.07,5.73,5.9048866858370275,1.9475936207763596,3.9262401533067077,3.957293065060668,1.007908814191866,-0.3482955619456334,3.237468793074555,1.444586615564475,0.22999999999999998,0.07000000000000028,0.1599999999999997,25.614325116758177,3.0704327028624223,5.224088669604399,1.5032180147653431
2023-12-20 15:26:12,302.95,230.64,299.1440049568667,221.1579143532532,2.51,8.2,260.15095965506,520.30191931012,77.98609060361349,0.29977244907051104,10.709999999999999,5.6899999999999995,1.2686650143777456,3.160695215582251,2.2146801149800126,1.8920302012045056,0.8543126991993973,-4.636221671459282,1.2131015948058916,-1.7115600383266951,0.33999999999999986,0.29999999999999893,0.040000000000000924,24.29047015542389,3.8597435190235867,5.594933622959354,1.4681515679544224
2023-12-20 15:26:13,299.07,241.34,299.12550371765,226.2034357649399,2.51,8.67,262.66446974129497,525.3289394825899,72.92206795271011,0.2776244070882847,11.18,6.16,-0.018501239216675458,5.045521411686707,2.5135100862349873,5.064022650903382,2.014720634667592,-1.287166253594421,1.8848261961044557,0.2988299712549747,0.0,0.47000000000000064,0.47000000000000064,23.494136515846016,4.512120350353368,4.520260227644568,1.4503683403892882
2023-12-20 15:26:14,299.07,251.06,299.1116277882375,232.4175768237049,2.51,9.38,265.7646023059712,531.5292046119424,66.69405096453261,0.25095159451218807,11.89,6.870000000000001,-0.013875929412506594,6.214141058764994,3.100132564676244,6.228016988177501,2.0089511816978476,0.0046253098041688645,1.1686196470782875,0.5866224784412566,0.0,0.7100000000000009,0.7100000000000009,22.351941123131212,4.484305655658297,5.15645360864138,0.6843531809151085
2023-12-20 15:26:15,298.09,255.93,298.85622084117813,238.2956826177787,2.51,10.15,268.57595172947845,537.1519034589569,60.56053822339942,0.22548756732662015,12.66,7.640000000000001,-0.2554069470593845,5.878105794073804,2.811349423507238,6.133512741133188,2.181696273025068,-0.2415310176468779,-0.3360352646911906,-0.28878314116900583,0.0,0.7699999999999996,0.7699999999999996,21.214528476694312,4.2603825369993595,8.015532096128613,0.6556008181960039
2023-12-20 15:26:16,298.09,263.71,298.6646656308836,244.64926196333403,2.51,11.0,271.6569637971088,543.3139275942176,54.01540366754955,0.19883680769197942,13.51,8.49,-0.19155521029455258,6.353579345555318,3.081012067630354,6.54513455584987,2.124344951540181,0.06385173676483191,0.4754735514815138,0.269662644123116,0.0,0.8499999999999996,0.8499999999999996,20.107841871892447,4.575680140590114,9.543748273053792,0.38021327225044305
2023-12-20 15:26:17,298.09,270.52,298.5209992231627,251.1169464725005,2.51,11.87,274.81897284783156,549.6379456956631,47.404052750662174,0.17249192108878916,14.379999999999999,9.36,-0.14366640772090022,6.4676845091664745,3.1620090507227587,6.611350916887375,2.0908696717697595,0.047888802573652356,0.11410516361115697,0.08099698309240466,0.0,0.8699999999999992,0.8699999999999992,19.111192888500604,4.776111499119314,10.075566066753222,0.2706727019380924
2023-12-20 15:26:18,297.12,273.44,298.170749417372,256.6977098543754,2.51,12.78,277.4342296358737,554.8684592717474,41.47303956299663,0.1494878244401971,15.29,10.27,-0.3502498057906678,5.580763381874874,2.6152567880421316,5.931013187665542,2.267850310888738,-0.20658339806976755,-0.8869211272916004,-0.5467522626806272,0.0,0.9100000000000001,0.9100000000000001,18.14481435520336,4.679407776842355,10.057419649700229,0.23229867415479433
2023-12-20 15:26:19,298.09,252.04,298.150562063029,255.53328239078152,2.51,13.42,276.84192222690524,553.6838444538105,42.61727967224746,0.15394084528634588,15.93,10.91,-0.020187354343022434,-1.164427463593853,-0.5923074089684519,1.1442401092508305,1.9318316132698634,0.33006245144764534,-6.745190845468727,-3.2075641970105835,0.0,0.6400000000000006,0.6400000000000006,17.37865064960795,3.720248108850424,8.039162012133708,1.5845831460328905
2023-12-20 15:26:20,331.15,247.17,306.4004215472718,253.44246179308612,2.54,13.42,279.921441670179,559.842883340358,52.95795975418565,0.18918864967620236,15.96,10.879999999999999,8.24985948424279,-2.090820597695398,3.079519443273739,10.340680081938189,3.3578864866847074,8.270046838585813,-0.926393134101545,3.671826852242191,0.03000000000000025,0.0,0.03000000000000025,17.538936349075353,3.0947379723842947,5.749498305254349,1.6140588848032686
2023-12-20 15:26:21,366.17,245.23,321.3428161604538,251.3893463448146,3.05,13.42,286.3660812526342,572.7321625052684,69.95346981563921,0.24427987164319884,16.47,10.370000000000001,14.942394613182046,-2.0531154482715124,6.444639582455238,16.995510061453558,2.637154057546948,6.692535128939255,0.03770514942388559,3.3651201391814993,0.5099999999999998,0.0,0.5099999999999998,17.387131989405113,4.462870390364051,11.58620755440151,2.496692284610447
2023-12-20 15:26:22,335.04,274.41,324.76711212034036,257.144509758611,3.49,13.66,290.95581093947567,581.9116218789513,67.62260236172938,0.23241536888699843,17.15,10.17,3.4242959598865355,5.755163413796367,4.589729686841451,2.330867453909832,0.5078440572978111,-11.51809865329551,7.80827886206788,-1.8549098956137868,0.4400000000000004,0.2400000000000002,0.20000000000000018,16.965352418316225,6.135549644819886,13.447941080751956,2.607360991618521
2023-12-20 15:26:23,331.15,284.14,326.36283409025526,263.89338231895823,3.52,14.57,295.12810820460675,590.2562164092135,62.46945177129703,0.21166893231436704,18.09,11.05,1.595721969914905,6.748872560347252,4.172297265131078,5.153150590432347,1.2350868185763448,-1.8285739899716305,0.9937091465508843,-0.4174324217103731,0.029999999999999805,0.9100000000000001,0.8800000000000003,16.314432940308116,7.561612553989435,11.304728814967186,2.6089587349097996
2023-12-20 15:26:24,329.2,289.01,327.07212556769144,270.1725367392187,3.52,15.48,298.6223311534551,597.2446623069102,56.89958882847276,0.19054030024530577,19.0,11.96,0.7092914774361816,6.279154420260454,3.4942229488483463,5.5698629428242725,1.5940200240056255,-0.8864304924787234,-0.4697181400867976,-0.6780743162827321,0.0,0.9100000000000001,0.9100000000000001,15.716963970341638,7.350864732420652,7.121490913613353,1.3060296542245653
2023-12-20 15:26:25,328.23,295.82,327.3615941757686,276.584402554414,3.52,16.39,301.97299836509126,603.9459967301825,50.777191621354575,0.16815142985669376,19.91,12.870000000000001,0.2894686080771294,6.411865815195313,3.350667211636164,6.122397207118183,1.8272167879399066,-0.4198228693590522,0.13271139493485862,-0.14355573721218207,0.0,0.9100000000000001,0.9100000000000001,15.166900210858413,6.162310280290367,7.842508638244995,1.24392490330494
2023-12-20 15:26:26,327.26,276.36,327.3361956318264,276.5283019158105,3.52,17.03,301.93224877381846,603.8644975476369,50.80789371601588,0.1682758094045163,20.55,13.510000000000002,-0.025398543942174,-0.05610063860348191,-0.040749591272799535,0.03070209466130791,0.7534147039923109,-0.3148671520193034,-6.467966453798795,-3.3914168029089637,0.0,0.6400000000000006,0.6400000000000006,14.692566135340744,4.720099750636444,7.370067728692112,1.8337662143769016
2023-12-20 15:26:27,327.26,271.49,327.31714672386977,275.2687264368579,3.52,17.03,301.29293658036386,602.5858731607277,52.04842028701188,0.17275021679898822,20.55,13.510000000000002,-0.0190489079566305,-1.2595754789526268,-0.6393121934546002,1.2405265709959963,1.9404050842321467,0.0063496359855435,-1.2034748403491449,-0.5985626021818007,0.0,0.0,0.0,14.661456054448067,2.9457688004778175,5.06756528484729,2.2295614229484344
2023-12-20 15:26:28,326.28,268.57,327.05786004290235,273.5940448276434,3.52,17.03,300.3259524352729,600.6519048705458,53.46381521525893,0.17801929737911115,20.55,13.510000000000002,-0.2592866809674206,-1.674681609214474,-0.9669841450909757,1.4153949282470535,1.4637194122706927,-0.24023777301079008,-0.4151061302618473,-0.3276719516363755,0.0,0.0,0.0,14.614400867195718,1.402102981858926,2.5432454925201426,2.2010501355537206
2023-12-20 15:26:29,327.26,266.63,327.10839503217676,271.85303362073256,3.52,17.03,299.48071432645463,598.9614286529093,55.2553614114442,0.18450390487151083,20.55,13.510000000000002,0.05053498927441069,-1.741011206910855,-0.8452381088182506,1.7915461961852657,2.1195732396837035,0.30982167024183127,-0.06632959769638092,0.12174603627272518,0.0,0.0,0.0,14.573270060982216,1.0798367708581464,1.9073432043040321,1.8124205386816632
2023-12-20 15:26:30,362.28,264.68,335.90129627413256,270.05977521554945,3.55,17.03,302.980535744841,605.961071489682,65.84152105858311,0.2173127084860649,20.580000000000002,13.48,8.792901241955803,-1.79325840518311,3.499821418386375,10.586159647138913,3.024770511647776,8.742366252681393,-0.05224719827225499,4.345059527204626,0.029999999999999805,0.0,0.029999999999999805,14.722085569618823,1.3633602508348535,6.022475421391839,1.8778704730107203
2023-12-20 15:26:31,384.67,264.68,348.0934722055994,268.7148314116621,4.02,17.03,308.4041518086308,616.8083036172616,79.37864079393734,0.2573851229662038,21.05,13.010000000000002,12.192175931466863,-1.344943803887361,5.42361606378978,13.537119735354224,2.495957877581994,3.39927468951106,0.44831460129574907,1.9237946454034045,0.46999999999999975,0.0,0.46999999999999975,14.65102789347282,3.549276148647297,11.52112584665765,2.972602448518287
2023-12-20 15:26:32,392.46,290.96,359.18510415419956,274.2761235587466,4.56,17.19,316.73061385647304,633.4612277129461,84.90898059545299,0.2680794865186292,21.75,12.630000000000003,11.091631948600138,5.561292147084487,8.326462047842256,5.530339801515652,0.6641883558167956,-1.100543982866725,6.906235950971848,2.902845984052476,0.54,0.16000000000000014,0.3799999999999999,14.56232640432858,7.139247898903984,14.084631069837192,4.030491324371893
2023-12-20 15:26:33,396.35,299.72,368.4763281156497,280.63709266905994,5.03,17.83,324.55671039235483,649.1134207847097,87.83923544658978,0.27064371915083096,22.86,12.799999999999997,9.291223961450157,6.360969110313363,7.826096535881788,2.9302548511367945,0.3744209470559115,-1.8004079871499812,0.799676963228876,-0.5003655119604673,0.47000000000000064,0.639999999999997,0.16999999999999638,14.19758076092625,10.231655722996997,13.741395740597314,3.7259434918136356
2023-12-20 15:26:34,408.04,308.48,378.3672460867373,287.59781950179496,5.54,18.51,332.98253279426615,665.9650655885323,90.76942658494232,0.2725951585227121,24.05,12.970000000000002,9.89091797108756,6.96072683273502,8.425822401911319,2.9301911383525407,0.34776317976090676,0.5996940096374033,0.599757722421657,0.5997258660295302,0.5099999999999998,0.6800000000000033,0.17000000000000348,13.845426983319715,12.072345399434495,9.837568546332484,2.1657696905259907
2023-12-20 15:26:35,415.84,291.93,387.7354345650529,288.68086462634625,6.05,19.01,338.2081495956996,676.4162991913992,99.05456993870666,0.29288049316445475,25.060000000000002,12.96,9.36818847831563,1.0830451245512904,5.225616801433432,8.28514335376434,1.5854859020672452,-0.5227294927719299,-5.877681708183729,-3.2002056004778865,0.5099999999999998,0.5,0.009999999999999787,13.495935199511745,12.02898740336692,7.297605003250622,1.58886492577487
2023-12-20 15:26:36,415.84,289.98,394.7615759237897,289.0056484697597,6.52,19.01,341.8836121967747,683.7672243935494,105.75592745402997,0.3093331279178948,25.53,12.490000000000002,7.026141358736766,0.32478384341345645,3.6754626010751394,6.701357515323309,1.8232686383734125,-2.342047119578865,-0.758261281137834,-1.5501542003582927,0.46999999999999975,0.0,0.46999999999999975,13.391445311607104,10.239515700253198,8.576563162150865,2.133862875322278
2023-12-20 15:26:37,418.76,288.04,400.76118194284226,288.76423635231976,7.02,19.01,344.762709147581,689.525418295162,111.9969455905225,0.32485226010255136,26.03,11.990000000000002,5.999606019052578,-0.24141211743994972,2.879096950806286,6.241018136492528,2.167699134635118,-1.0265353396841874,-0.5661959608534062,-0.7963656502688536,0.5,0.0,0.5,13.244821202564724,7.987269568540978,10.085094246039356,2.4590593930915707
2023-12-20 15:26:38,420.71,321.14,405.7483864571317,296.85817726423977,7.49,19.25,351.30328186068573,702.6065637213715,108.89020919289192,0.30996069352438665,26.740000000000002,11.76,4.987204514289431,8.093940911920015,6.540572713104723,3.106736397630584,0.4749944781458411,-1.0124015047631474,8.335353029359965,3.661475762298437,0.47000000000000064,0.23999999999999844,0.2300000000000022,13.137743781710617,6.8873468015203,8.48465689993063,2.2250310695202464
2023-12-20 15:26:39,426.56,334.78,410.9512898428487,306.3386329481798,7.97,20.09,358.64496139551426,717.2899227910285,104.61265689466893,0.29168862764982023,28.06,12.120000000000001,5.202903385717036,9.480455683940022,7.341679534828529,4.277552298222986,0.5826393940638677,0.21569887142760535,1.386514772020007,0.8011068217238062,0.47999999999999954,0.8399999999999999,0.3600000000000003,12.781359537211502,8.10239323256909,4.8610877971503,1.8756730128254078
2023-12-20 15:26:40,430.45,343.56,415.8259673821365,315.64397471113483,8.4,20.97,365.7349710466357,731.4699420932714,100.1819926710017,0.27391964216708065,29.369999999999997,12.569999999999999,4.874677539287802,9.305341762955038,7.09000965112142,4.430664223667236,0.6249164411292446,-0.328225846429234,-0.1751139209849839,-0.25166988370710897,0.4300000000000006,0.879999999999999,0.4499999999999984,12.452671385562285,9.835200704190706,4.464771904216499,2.073682196373515
2023-12-20 15:26:41,440.2,353.3,421.9194755366024,325.0579810333511,8.87,21.81,373.4887282849768,746.9774565699536,96.86149450325132,0.259342483208763,30.68,12.94,6.093508154465894,9.414006322216267,7.753757238341109,3.3204981677503724,0.4282437065591024,1.218830615178092,0.10866455926122853,0.6637475872196887,0.46999999999999886,0.8399999999999999,0.370000000000001,12.17368696581779,11.37015899485342,6.174188207358862,1.9736301980138253
2023-12-20 15:26:42,440.2,365.0,426.4896066524518,335.0434857750133,9.35,22.72,380.76654621373257,761.5330924274651,91.44612087743849,0.24016322218061817,32.07,13.37,4.570131115849392,9.985504741662226,7.2778179287557805,5.415373625812833,0.7440929320755508,-1.523377038616502,0.5714984194459589,-0.4759393095853284,0.4800000000000004,0.9100000000000001,0.4299999999999997,11.872982049914267,11.665028278673454,6.755934772683646,0.44150738345281265
2023-12-20 15:26:43,442.15,373.78,430.4047049893388,344.72761433126,9.78,23.69,387.5661596602994,775.1323193205988,85.67709065807884,0.2210644255218519,33.47,13.910000000000002,3.915098336887013,9.684128556246662,6.799613446566809,5.769030219359649,0.8484349024042809,-0.6550327789623793,-0.3013761854155632,-0.47820448218897127,0.4299999999999997,0.9700000000000024,0.5400000000000027,11.579508457746966,11.524866868681034,7.406270519989874,0.3504861342303098
2023-12-20 15:26:44,447.03,350.38,434.5610287420041,346.14071074844503,10.26,24.37,390.3508697452246,780.7017394904492,88.42031799355908,0.2265149756800966,34.63,14.110000000000001,4.156323752665287,1.413096417185045,2.784710084925223,2.743227335480242,0.9851030328892826,0.24122541577827405,-8.271032139061617,-4.014903361641586,0.4800000000000004,0.6799999999999997,0.1999999999999993,11.27204327095528,10.124063911621844,5.965330872730704,2.0181706067631584
2023-12-20 15:26:45,452.88,346.48,439.14077155650307,346.22553306133375,10.73,24.37,392.6831523089184,785.3663046178368,92.91523849516932,0.2366163093889444,35.1,13.64,4.579742814498957,0.08482231288871844,2.332282563693809,4.494920501610238,1.9272615781295914,0.42341906183366973,-1.3282741042963266,-0.4524275212314137,0.47000000000000064,0.0,0.47000000000000064,11.187553878101554,7.821047575465542,4.277612933683971,2.6112920979375116
2023-12-20 15:26:46,455.8,344.53,443.3055786673773,345.8016497960003,11.16,24.37,394.5536142316888,789.1072284633776,97.50392887137701,0.24712466216821,35.53,13.21,4.1648071108742215,-0.42388326533347254,1.870461922770403,4.588690376207694,2.4532378163429387,-0.4149357036247352,-0.508705578222191,-0.46182064092340624,0.4299999999999997,0.0,0.4299999999999997,11.104801664139801,5.3830601070794355,4.49919490433297,2.605200225308145
2023-12-20 15:26:47,458.73,374.76,447.161684000533,353.0412373470002,11.64,24.6,400.1014606737666,800.2029213475332,94.12044665353278,0.23524144665653932,36.24,12.96,3.8561053331557105,7.239587550999943,5.547846442077798,3.3834822178442323,0.6098729738280328,-0.30870177771851104,7.663470816333415,3.6773845193073953,0.4800000000000004,0.23000000000000043,0.25,11.040326976640166,4.729596549838152,4.69172017784022,2.1759101400775434
2023-12-20 15:26:48,466.53,386.46,452.0037630003997,361.39592801025015,12.11,25.45,406.6998455053249,813.3996910106498,90.60783499014957,0.22278797439615766,37.56,13.34,4.842078999866715,8.354690663249926,6.598384831558292,3.512611663383211,0.5323440843036703,0.9859736667110042,1.115103112249983,1.0505383894804936,0.46999999999999886,0.8499999999999979,0.379999999999999,10.828004118139532,6.566244994975301,3.458093511529505,2.108937869255289
2023-12-20 15:26:49,476.29,368.9,458.0753222502998,363.2719460076876,12.55,26.05,410.6736341289937,821.3472682579874,94.80337624261222,0.23084846002552423,38.6,13.5,6.071559249900076,1.8760179974374296,3.9737886236687814,4.195541252462647,1.0558035653103182,1.2294802500333617,-6.478672665812496,-2.6245962078895104,0.4400000000000013,0.6000000000000014,0.16000000000000014,10.639213043776701,7.706880551968447,2.5308321588206883,2.0275291537742883
2023-12-20 15:26:50,478.24,365.0,463.1164916877248,363.7039595057657,13.02,26.05,413.41022559674525,826.8204511934905,99.41253218195914,0.24046945572763875,39.07,13.030000000000001,5.041169437425026,0.4320134980781063,2.736591467751566,4.60915593934692,1.6842682984996613,-1.0303898124750503,-1.4440044993593233,-1.2371971559172152,0.46999999999999886,0.0,0.46999999999999886,10.58126990057526,7.728124790483108,3.369869389979819,1.9476605072450945
2023-12-20 15:26:51,483.12,362.08,468.1173687657936,363.29796962932426,13.49,26.05,415.7076691975589,831.4153383951178,104.81939913646931,0.25214689708913823,39.54,12.56,5.000877078068754,-0.40598987644142426,2.297443600813665,5.406866954510178,2.3534264776592555,-0.040292359356271845,-0.8380033745195306,-0.4391478669379012,0.47000000000000064,0.0,0.47000000000000064,10.513597842285309,6.148399287272592,5.491683006449547,1.8287051577750897
2023-12-20 15:26:52,488.0,400.12,473.0880265743452,372.5034772219932,13.93,26.32,422.7957518981692,845.5915037963384,100.58454935235198,0.23790340527989617,40.25,12.39,4.970657808551607,9.205507592668937,7.0880827006103,4.23484978411733,0.5974604650552728,-0.03021926951714704,9.611497469110361,4.7906390997966355,0.4399999999999995,0.2699999999999996,0.16999999999999993,10.504242022209372,6.018399853121674,5.477944079690551,2.19838599353707
2023-12-20 15:26:53,496.79,415.74,479.0135199307589,383.31260791649487,14.4,27.3,431.16306392362685,862.3261278472537,95.70091201426402,0.22195990287622572,41.7,12.9,5.92549335641371,10.809130694501675,8.367312025457636,4.883637338087965,0.5836565840466884,0.9548355478621033,1.6036231018327385,1.2792293248473356,0.47000000000000064,0.9800000000000004,0.5099999999999998,10.33964157275744,8.268145460761165,4.031793636784074,2.6982027264291677
2023-12-20 15:26:54,501.67,426.48,484.6776399480692,394.10445593737114,14.87,28.34,439.3910479427202,878.7820958854404,90.57318401069807,0.206133429956388,43.21,13.47,5.664120017310324,10.791848020876273,8.227984019093356,5.127728003565949,0.6232058021091262,-0.2613733391033861,-0.017282673625402367,-0.13932800636428055,0.46999999999999886,1.0399999999999991,0.5700000000000003,10.16873496352662,10.83203767335312,5.370867641767687,2.990892703317972
2023-12-20 15:26:55,503.62,403.05,489.4132299610519,396.34084195302836,15.31,29.02,442.8770359570401,885.7540719140802,93.07238800802355,0.21015401621974758,44.33,13.709999999999999,4.735590012982698,2.2363860156572173,3.4859880143199007,2.4992039973254805,0.716928248212814,-0.9285300043276266,-8.555462005219056,-4.741996004773455,0.4400000000000013,0.6799999999999997,0.23999999999999844,9.990458514924017,11.300287090272278,5.75320061887701,2.816217538361525
2023-12-20 15:26:56,506.55,397.19,493.6974224707889,396.5531314647713,15.78,29.02,445.1252769677801,890.2505539355602,97.14429100601762,0.21824033775284563,44.8,13.24,4.284192509737011,0.21228951174293798,2.248241010740003,4.071902997994073,1.8111497688159544,-0.45139750324568695,-2.0240965039142793,-1.2377470035798979,0.46999999999999886,0.0,0.46999999999999886,9.935831853391702,9.212029521563508,3.831691746734461,2.831965687219486
2023-12-20 15:26:57,507.53,393.29,497.15556685309167,395.7373485985785,16.22,29.02,446.4464577258351,892.8929154516702,101.41821825451319,0.22716770683759552,45.239999999999995,12.8,3.4581443823027485,-0.8157828661928193,1.321180758054993,4.273927248495568,3.234927535472125,-0.8260481274342624,-1.0280723779357572,-0.9270602526850098,0.4399999999999995,0.0,0.4399999999999995,9.868400704187323,6.114718150405927,4.120155535025633,3.346366424731299
2023-12-20 15:26:58,513.39,434.29,501.21417513981874,405.3755114489338,16.69,29.35,453.2948432943763,906.5896865887526,95.83866369088491,0.21142676758230652,46.040000000000006,12.66,4.058608286727065,9.638162850355343,6.848385568541175,5.579554563628278,0.814725411275494,0.6004639044243163,10.453945716548162,5.527204810486182,0.4700000000000024,0.33000000000000185,0.14000000000000057,9.845674054055216,5.147045822192273,4.1216114287864345,2.982833927851275
2023-12-20 15:26:59,520.22,447.97,505.96563135486406,416.0241335867004,17.16,30.4,460.9948824707822,921.9897649415644,89.94149776816369,0.195103028239714,47.56,13.239999999999998,4.751456215045323,10.648622137766552,7.700039176405937,5.8971659227212285,0.7658617082013439,0.6928479283182583,1.0104592874112086,0.8516536078647619,0.46999999999999886,1.0499999999999972,0.5799999999999983,9.692911538643202,7.39175822647319,4.3195051035107825,2.8194890327957647
2023-12-20 15:27:00,526.08,459.69,510.99422351614805,426.9406001900253,17.63,31.44,468.9674118530867,937.9348237061733,84.05362332612276,0.17923126644292922,49.07,13.810000000000002,5.028592161283996,10.91646660332492,7.972529382304458,5.887874442040925,0.7385201635743451,0.27713594623867266,0.26784446555836894,0.2724902058985208,0.46999999999999886,1.0400000000000027,0.5700000000000038,9.557110297452137,10.05736238489855,6.767286880966463,3.178473545734005
2023-12-20 15:27:01,529.99,436.25,515.7431676371111,429.267950142519,18.1,32.12,472.50555888981506,945.0111177796301,86.47521749459213,0.18301417980088433,50.22,14.019999999999996,4.748944120963074,2.327349952493705,3.5381470367283896,2.421594168469369,0.6844242081822383,-0.2796480403209216,-8.589116650831215,-4.4343823455760685,0.4700000000000024,0.6799999999999962,0.20999999999999375,9.408712653944692,10.787432870692118,7.076556792238113,2.9189145408969654
2023-12-20 15:27:02,531.95,430.39,519.7948757278334,429.5484626068892,18.58,32.12,474.6716691673613,949.3433383347226,90.24641312094423,0.19012386622762814,50.699999999999996,13.54,4.051708090722286,0.2805124643701902,2.166110277546238,3.771195626352096,1.7409981035803896,-0.6972360302407878,-2.046837488123515,-1.3720367591821514,0.4799999999999969,0.0,0.4799999999999969,9.362360153944797,8.842513067709332,4.459949278811729,2.6282227345454463
2023-12-20 15:27:03,534.88,428.43,523.566156795875,429.2688469551669,19.01,32.12,476.417501875521,952.835003751042,94.29730984070812,0.1979299863492762,51.129999999999995,13.109999999999996,3.771281068041617,-0.2796156517222812,1.7458327081596963,4.050896719763898,2.3203222052769252,-0.2804270226806693,-0.5601281160924714,-0.4202775693865419,0.43000000000000327,0.0,0.43000000000000327,9.317768287849653,6.101527353162641,3.9160753509744755,3.0074411935538548
2023-12-20 15:27:04,536.83,467.51,526.8821175969063,438.82913521637516,19.48,32.42,482.8556264066407,965.7112528132814,88.05298238053109,0.18235881986806912,51.900000000000006,12.940000000000001,3.315960801031224,9.560288261208257,6.4381245311196835,6.244327460177033,0.9698983702622918,-0.45532026701039285,9.839903912930538,4.692291822959987,0.46999999999999886,0.30000000000000426,0.1699999999999946,9.303576437438617,5.15769883507278,3.893916185863608,2.7244585323032506
2023-12-20 15:27:05,546.6,481.2,531.8115881976797,449.4218514122814,19.92,33.46,490.61671980498056,981.2334396099611,82.38973678539833,0.16793095973210445,53.38,13.54,4.92947060077347,10.592716195906235,7.761093398339881,5.663245595132764,0.7296967804365513,1.6135097997422463,1.032427934697978,1.3229688672201974,0.4400000000000013,1.0399999999999991,0.5999999999999979,9.191021180478819,7.35766578051286,4.418088261006552,2.655370091421074
2023-12-20 15:27:06,550.51,456.76,536.4861911482599,451.2563885592111,20.39,34.1,493.87128985373545,987.7425797074709,85.2298025890488,0.17257492826059087,54.49,13.71,4.674602950580152,1.8345371469296765,3.2545700487548856,2.840065803650475,0.8726390547648393,-0.2548676501933187,-8.758179048976558,-4.506523349584995,0.46999999999999886,0.6400000000000006,0.1700000000000017,9.063521394571739,8.463949292351113,4.57834536021866,2.6794270876933135
2023-12-20 15:27:07,555.4,450.9,541.2146433611949,451.16729141940834,20.83,34.1,496.19096739030164,992.3819347806033,90.04735194178659,0.1814772087325776,54.93,13.270000000000003,4.7284522129350535,-0.08909713980273182,2.3196775365661892,4.817549352737785,2.0768176610665994,0.05384926235490184,-1.9236342867324083,-0.9348925121886964,0.4399999999999977,0.0,0.4399999999999977,9.033150525344094,8.201060869864644,4.555204614340392,2.649954760706948
2023-12-20 15:27:08,561.27,447.97,546.2284825208963,450.3679685645563,21.3,34.1,498.2982255427263,996.5964510854526,95.86051395633996,0.19237578793212995,55.400000000000006,12.8,5.01383915970132,-0.7993228548520506,2.107258152424663,5.81316201455337,2.758636500814153,0.2853869467662662,-0.7102257150493188,-0.21241938414152628,0.4700000000000024,0.0,0.4700000000000024,8.994552645273892,6.033132653429576,5.1144808820139,2.566343292152407
2023-12-20 15:27:09,566.15,489.02,551.2088618906722,460.0309764234172,21.74,34.44,505.6199191570447,1011.2398383140894,91.17788546725501,0.18032890286232256,56.17999999999999,12.7,4.98037936977596,9.663007858860908,7.321693614318406,4.682628489084948,0.6395552854563936,-0.03345978992535947,10.462330713712959,5.214435461893743,0.4399999999999977,0.3399999999999963,0.10000000000000142,8.999998400801823,5.637942014767599,5.263064233833755,2.766443123911492
2023-12-20 15:27:10,570.07,503.69,555.9241464180042,470.94573231756294,22.21,35.45,513.4349393677835,1026.869878735567,84.97841410044123,0.16550960485776353,57.660000000000004,13.240000000000002,4.71528452733196,10.914755894145742,7.815020210738794,6.199471366813782,0.7932763328006008,-0.2650948424440003,1.2517480352848338,0.49332659642038834,0.4700000000000024,1.0100000000000051,0.5400000000000027,8.904525328880649,8.000773143517748,4.534365080176777,2.7821384073142617
2023-12-20 15:27:11,573.98,479.24,560.4381098135032,473.0192992381722,22.65,36.09,516.7287045258377,1033.4574090516753,87.41881057533095,0.16917738387762127,58.74,13.440000000000005,4.51396339549899,2.0735669206092666,3.293765158054157,2.4403964748897238,0.7409137011509722,-0.2013211318329695,-8.841188973536475,-4.521255052684637,0.4399999999999977,0.6400000000000006,0.20000000000000284,8.796879396134802,9.02839211897402,4.10976523814594,2.7775792917908557
2023-12-20 15:27:12,575.93,476.31,564.3110823601273,473.84197442862916,23.12,36.09,519.0765283943782,1038.1530567887564,90.46910793149817,0.17428857366571965,59.21000000000001,12.970000000000002,3.872972546624169,0.8226751904569483,2.3478238685405586,3.0502973561672206,1.2992014000019212,-0.6409908488748215,-1.2508917301523184,-0.9459412895135983,0.4700000000000024,0.0,0.4700000000000024,8.766703591077091,8.567077698240638,4.117953036804517,2.771897388838785
2023-12-20 15:27:13,576.91,474.36,567.4608117700955,473.9714808214719,23.56,36.09,520.7161462957837,1041.4322925915674,93.48933094862355,0.17953991139729064,59.650000000000006,12.530000000000005,3.149729409968131,0.12950639284275667,1.6396179014054724,3.0202230171253746,1.8420274458512622,-0.7232431366560377,-0.6931687976141916,-0.7082059671350862,0.4399999999999977,0.0,0.4399999999999977,8.729524519132593,5.9718036006400785,3.333357714183381,2.8817796929520854
2023-12-20 15:27:14,581.8,512.5,571.0456088275716,483.60361061610394,24.0,36.39,527.3246097218378,1054.6492194436755,87.4419982114677,0.16582195564847838,60.39,12.39,3.5847970574761803,9.632129794632021,6.608463426054072,6.047332737155841,0.915088944613827,0.43506764750804905,9.502623401789265,4.9688455246486,0.4400000000000013,0.29999999999999716,0.14000000000000412,8.731985444442,5.180209887360963,3.283440640274294,2.7192427227895806
2023-12-20 15:27:15,585.71,491.96,574.7117066206788,485.692707962078,24.47,37.03,530.2022072913784,1060.4044145827568,89.01899865860082,0.1678963181716502,61.5,12.560000000000002,3.6660977931071557,2.0890973459740394,2.877597569540626,1.5770004471331163,0.5480265606974031,0.0813007356309754,-7.543032448657982,-3.7308658565134465,0.46999999999999886,0.6400000000000006,0.1700000000000017,8.621173962117146,5.708143681113417,2.5312611757078844,1.9218230016124789
2023-12-20 15:27:16,588.65,489.02,578.1962799655091,486.5245309715585,24.91,37.03,532.3604054685338,1064.7208109370677,91.67174899395064,0.1721986606818948,61.94,12.120000000000001,3.4845733448303235,0.8318230094805017,2.158198177155441,2.652750335349822,1.229149915090882,-0.18152444827683212,-1.2572743364935377,-0.7193993923851849,0.4400000000000013,0.0,0.4400000000000013,8.594775538807852,5.824537978159207,2.335667114248897,1.99629562599818
2023-12-20 15:27:17,591.58,487.07,581.5422099741319,486.6608982286688,25.38,37.03,534.1015541014003,1068.2031082028006,94.88131174546305,0.17764657458720493,62.41,11.650000000000002,3.3459300086227586,0.1363672571103507,1.7411486328664978,3.209562751512408,1.8433583713471113,-0.13864333620756497,-0.695455752370151,-0.41704954428894325,0.46999999999999886,0.0,0.46999999999999886,8.55794817406589,5.248219512586262,3.0758862039508887,2.0724286430782484
2023-12-20 15:27:18,598.43,526.2,585.7641574805989,496.5456736715016,25.82,37.34,541.1549155760503,1082.3098311521005,89.21848380909728,0.16486680814727314,63.160000000000004,11.520000000000003,4.221947506467018,9.88477544283279,7.0533614746499325,5.6628279363657725,0.8028550860271542,0.8760174978442592,9.74840818572244,5.312212841783435,0.4400000000000013,0.3100000000000023,0.129999999999999,8.568000427613201,5.199969231104906,2.904376230649537,2.541801758252035
2023-12-20 15:27:19,608.22,538.92,591.3781181104491,507.1392552536262,26.25,38.31,549.2586866820377,1098.5173733640754,84.23886285682295,0.15336828482827436,64.56,12.060000000000002,5.613960629850226,10.593581582124557,8.103771105987448,4.979620952274331,0.6144818594534702,1.392013123383208,0.7088061392917666,1.0504096313375157,0.4299999999999997,0.9699999999999989,0.5399999999999991,8.507724259205599,7.791214755453076,3.9114374246687444,2.9652256877409062
2023-12-20 15:27:20,614.09,549.7,597.0560885828369,517.7794414402197,26.69,39.29,557.4177650115282,1114.8355300230564,79.27664714261721,0.14222124226477856,65.98,12.599999999999998,5.677970472387756,10.640186186593496,8.159078329490512,4.96221571420574,0.6081832905178534,0.06400984253752995,0.046604604468939215,0.05530722350306405,0.4400000000000013,0.9799999999999969,0.5399999999999956,8.448283670252266,10.520585502431654,6.173740240861687,3.222719152630395
2023-12-20 15:27:21,622.9,560.47,603.5170664371277,528.4520810801648,27.16,40.27,565.9845737586463,1131.9691475172926,75.0649853569629,0.13262726354154258,67.43,13.110000000000003,6.460977854290832,10.672639639945146,8.566808747118102,4.211661785654314,0.4916254603495927,0.7830073819030758,0.03245345335164984,0.4077304176275902,0.46999999999999886,0.980000000000004,0.5100000000000051,8.393661061322634,12.661043762239688,7.848572020522165,2.8414980841162545
2023-12-20 15:27:22,629.76,533.05,610.0777998278459,529.6015608101236,27.6,40.84,569.8396803189847,1139.6793606379695,80.47623901772226,0.14122610561526214,68.44,13.240000000000002,6.5607333907181555,1.1494797299587844,3.855106560338413,5.411253660759371,1.4036582834758453,0.09975553642732393,-9.523159909986362,-4.711702186779689,0.4400000000000013,0.5700000000000003,0.129999999999999,8.326120280433438,11.793935363348027,5.346890857003614,1.9235968268805226
2023-12-20 15:27:23,627.8,530.11,614.5083498708843,529.7286706075927,28.04,40.84,572.1185102392385,1144.237020478477,84.77967926329165,0.14818552030357215,68.88,12.800000000000004,4.4305500430384654,0.1271097974690747,2.27882992025377,4.303440245569391,1.888442098674947,-2.13018334767969,-1.0223699324897098,-1.576276640084643,0.4399999999999977,0.0,0.4399999999999977,8.306017740029338,9.470905134265182,3.9678108178409435,2.9128144009901353
2023-12-20 15:27:24,633.67,528.16,619.2987624031632,529.3365029556945,28.51,40.84,574.3176326794289,1148.6352653588579,89.96225944746868,0.15664199420643868,69.35000000000001,12.330000000000002,4.790412532278879,-0.3921676518981485,2.199122440190422,5.182580184177027,2.3566572432733777,0.3598624892404132,-0.5192774493672232,-0.07970748006334816,0.4700000000000024,0.0,0.4700000000000024,8.281436545032333,6.638598445558604,5.677111178332382,3.1329566028108404
2023-12-20 15:27:25,631.72,563.41,622.4040718023724,537.8548772167709,28.95,41.18,580.1294745095717,1160.2589490191433,84.54919458560153,0.14574193892033424,70.13,12.23,3.1053093992092045,8.51837426107636,5.8118418301427255,5.413064861867156,0.9313852800341855,-1.6851031330696742,8.910541912974509,3.6127193899523036,0.4399999999999977,0.3399999999999963,0.10000000000000142,8.27220114412335,5.272187841431648,5.553569231784851,2.6876764968811746
2023-12-20 15:27:26,641.51,576.14,627.1805538517792,547.4261579125781,29.39,42.12,587.3033558821787,1174.6067117643574,79.75439593920112,0.13579761635042206,71.50999999999999,12.729999999999997,4.776482049406809,9.571280695807218,7.17388137260707,4.794798646400409,0.6683687294217405,1.6711726501976045,1.0529064347308577,1.3620395424643448,0.4400000000000013,0.9399999999999977,0.49999999999999645,8.212884179405602,7.034085809682604,4.088225664820205,2.1928883387363594
2023-12-20 15:27:27,645.43,552.63,631.7429153888344,548.7271184344336,29.83,42.69,590.2350169116339,1180.4700338232678,83.0157969544008,0.14064871523232694,72.52,12.86,4.562361537055153,1.3009605218554725,2.9316610294551992,3.261401015199681,1.1124751019836205,-0.21412051235165563,-8.270320173951745,-4.242220343151871,0.4399999999999977,0.5700000000000003,0.13000000000000256,8.1389273134681,7.8922426159762145,3.694659947449473,2.2733219176660637
2023-12-20 15:27:28,646.41,547.74,635.4096865416258,548.4803388258251,30.3,42.69,591.9450126837255,1183.890025367451,86.92934771580065,0.14685375449795873,72.99,12.389999999999997,3.666771152791398,-0.24677960860844905,1.7099957720915882,3.913550761399847,2.2886304964265953,-0.8955903842637554,-1.5477401304639216,-1.221665257363611,0.4700000000000024,0.0,0.4700000000000024,8.109946630686107,7.391722946968729,3.8690614091827285,2.396815648403736
2023-12-20 15:27:29,651.31,545.78,639.3847649062193,547.8052541193688,30.73,42.69,593.595009512794,1187.190019025588,91.5795107868505,0.1542794483864292,73.42,11.959999999999997,3.9750783645935144,-0.6750847064563459,1.6499968290685274,4.65016307104986,2.8182843571830727,0.3083072118021164,-0.42830509784789683,-0.05999894302306075,0.4299999999999997,0.0,0.4299999999999997,8.084922383926337,5.29705003503232,4.430908364318423,2.5079792343566503
2023-12-20 15:27:30,655.22,583.98,643.3435736796645,556.8489405895266,31.17,43.03,600.0962571345956,1200.1925142691912,86.49463309013788,0.14413459827096273,74.2,11.86,3.9588087734451847,9.043686470157809,6.501247621801554,5.084877696712624,0.7821386309794071,-0.01626959114832971,9.718771176614155,4.851250792733026,0.4400000000000013,0.3400000000000034,0.09999999999999787,8.0875505262405,4.776358617940783,4.44862426598703,2.6569495844558797
2023-12-20 15:27:31,662.08,595.75,648.0276802597483,566.574205442145,31.64,43.94,607.3009428509466,1214.6018857018933,81.45347481760336,0.13412374151948456,75.58,12.299999999999997,4.684106580083835,9.725264852618352,7.204685716351037,5.041158272534517,0.6997054099651007,0.7252978066386504,0.6815783824605433,0.7034380945494831,0.46999999999999886,0.9099999999999966,0.4399999999999977,8.035206864458054,7.034556543360673,3.9293782284523204,2.666187890266711
2023-12-20 15:27:32,668.94,574.18,653.2557601948113,568.4756540816087,32.08,44.51,610.8657071382099,1221.7314142764199,84.78010611320258,0.1387868151440265,76.59,12.43,5.228079935062965,1.9014486394637515,3.5647642872633014,3.3266312955992134,0.9331978482524707,0.5439733549791299,-7.8238162131546005,-3.6399214290877353,0.4399999999999977,0.5700000000000003,0.13000000000000256,7.975789256592514,8.282374253273774,3.677371763052954,2.617382307126739
2023-12-20 15:27:33,675.8,568.31,658.8918201461084,568.4342405612065,32.52,44.51,613.6630303536574,1227.3260607073148,90.45757958490196,0.14740594587450512,77.03,11.989999999999995,5.63605995129717,-0.04141352040221591,2.797323215447477,5.677473471699386,2.0296086668635165,0.4079800162342053,-1.9428621598659674,-0.7674410718158242,0.44000000000000483,0.0,0.44000000000000483,7.966545792381042,8.197792051711572,4.149187432750672,2.402826967368001
2023-12-20 15:27:34,675.8,567.33,663.1188651095813,568.1581804209048,32.96,44.51,615.6385227652431,1231.2770455304862,94.96068468867645,0.1542474699404729,77.47,11.549999999999997,4.227044963472849,-0.27606014030163806,1.9754924115857193,4.503105103774487,2.279483736754083,-1.409014987824321,-0.23464661989942215,-0.8218308038617579,0.4399999999999977,0.0,0.4399999999999977,7.946798952090412,6.126639385719956,5.227201888871085,2.314387255455279
2023-12-20 15:27:35,680.71,605.55,667.516648832186,577.5061353156786,33.4,44.85,622.5113920739323,1245.0227841478645,90.01051351650733,0.1445925560848607,78.25,11.450000000000003,4.397783722604686,9.347954894773807,6.872869308689133,4.950171172169121,0.7202480113600849,0.17073875913183656,9.624015035075445,4.897376897103413,0.4399999999999977,0.3400000000000034,0.09999999999999432,7.955417049437894,5.6996310316745085,5.2726894146623895,2.4026706911081983
2023-12-20 15:27:36,686.59,620.26,672.2849866241395,588.194601486759,33.87,45.76,630.2397940554492,1260.4795881108985,84.09038513738051,0.13342601625145256,79.63,11.89,4.768337791953513,10.688466171080336,7.728401981516981,5.920128379126822,0.7660222161402848,0.3705540693488274,1.340511276306529,0.8555326728278487,0.46999999999999886,0.9099999999999966,0.4399999999999977,7.914602362688019,7.806179702377434,4.4857846445969605,2.5574148406856305
2023-12-20 15:27:37,687.57,630.07,676.1062399681047,598.6634511150693,34.31,46.67,637.384845541587,1274.769691083174,77.44278885303538,0.12150083151997641,80.98,12.36,3.821253343965168,10.468849628310295,7.1450514861377314,6.647596284345127,0.9303775300800478,-0.9470844479883453,-0.21961654277004072,-0.5833504953792499,0.44000000000000483,0.9100000000000037,0.46999999999999886,7.870892043352617,9.962543029099557,6.771758293275408,2.6968007699038683
2023-12-20 15:27:38,688.55,602.61,679.2171799760786,599.650088336302,34.74,47.21,639.4336341561902,1278.8672683123805,79.56709163977655,0.12443369767425703,81.95,12.469999999999999,3.110940007973909,0.9866372212327406,2.048788614603268,2.1243027867411683,1.0368574555433419,-0.710313335991259,-9.482212407077554,-5.096262871534464,0.4299999999999997,0.5399999999999991,0.10999999999999943,7.802728814563288,10.016559838288282,7.272314125932151,2.8849433030794738
2023-12-20 15:27:39,697.38,600.65,683.757884982059,599.9000662522266,35.18,47.21,641.8289756171428,1283.6579512342855,83.85781872983239,0.13065446058826727,82.39,12.030000000000001,4.540705005980385,0.24997791592454632,2.3953414609525225,4.290727090055839,1.7912791845010774,1.4297649980064762,-0.7366593053081942,0.34655284634925465,0.4399999999999977,0.0,0.4399999999999977,7.790131907112645,7.8741736065346375,4.840954214025828,2.773243671504823
2023-12-20 15:27:40,704.24,597.71,688.8784137365442,599.3525496891699,35.62,47.21,644.115481712857,1288.230963425714,89.52586404737428,0.13899039294989965,82.83,11.590000000000003,5.120528754485235,-0.5475165630566607,2.2865060957142305,5.668045317541896,2.4789100056439506,0.5798237485048503,-0.7974944789812071,-0.10883536523829207,0.4399999999999977,0.0,0.4399999999999977,7.776354870656792,5.3129890426226964,4.667062458824728,2.854642084822546
2023-12-20 15:27:41,710.13,635.96,694.1913103024082,608.5044122668775,36.06,47.54,651.3478612846428,1302.6957225692856,85.6868980355307,0.1315532037442767,83.6,11.479999999999997,5.31289656586398,9.151862577707561,7.2323795717858275,3.8389660118435813,0.5308025447139405,0.1923678113787446,9.699379140764222,4.945873476071597,0.44000000000000483,0.3299999999999983,0.11000000000000654,7.791242266667472,5.394283422743294,4.821207105240614,2.7116544860627623
2023-12-20 15:27:42,717.0,645.77,699.8934827268062,617.8208092001581,36.49,48.42,658.8571459634821,1317.7142919269643,82.07267352664803,0.12456823744707288,84.91,11.93,5.702172424397986,9.316396933280657,7.509284678839322,3.614224508882671,0.4813007073452167,0.38927585853400615,0.16453435557309604,0.27690510705349425,0.4299999999999997,0.8800000000000026,0.45000000000000284,7.759476365610715,7.933121049148904,3.7638198531855154,2.812829500886806
2023-12-20 15:27:43,723.86,657.55,705.8851120451046,627.7531069001186,36.93,49.33,666.8191094726117,1333.6382189452233,78.13200514498601,0.1171712146786098,86.25999999999999,12.399999999999999,5.991629318298465,9.932297699960486,7.961963509129532,3.9406683816620216,0.49493669271490487,0.28945689390047846,0.6159007666798288,0.4526788302902105,0.4399999999999977,0.9099999999999966,0.46999999999999886,7.730339690960724,10.379121114854538,4.226225122857542,2.8749979459982713
2023-12-20 15:27:44,729.75,633.01,711.8513340338285,629.067330175089,37.4,49.83,670.4593321044588,1340.9186642089176,82.78400385873954,0.12347356472080259,87.22999999999999,12.43,5.966221988723873,1.3142232749703453,3.6402226318471094,4.651998713753528,1.2779431112568838,-0.02540732957459113,-8.61807442499014,-4.321740877282423,0.46999999999999886,0.5,0.030000000000001137,7.686109416695511,10.842806709548405,4.25324686931762,2.580184198654074
2023-12-20 15:27:45,732.7,628.11,717.0635005253714,628.8279976313167,37.84,49.83,672.9457490783441,1345.8914981566882,88.23550289405466,0.13111830022521476,87.67,11.989999999999995,5.2121664915429164,-0.23933254377220692,2.486416973885298,5.451499035315123,2.192511111394744,-0.754055497180957,-1.5535558187425522,-1.1538056579618114,0.44000000000000483,0.0,0.44000000000000483,7.67589530514941,8.890802769883521,3.824376623662843,2.514267312920854
2023-12-20 15:27:46,732.7,625.17,720.9726253940285,627.9134982234875,38.28,49.83,674.443061808758,1348.886123617516,93.05912717054093,0.13797921915452832,88.11,11.549999999999997,3.9091248686570452,-0.9144994078292257,1.4973127304139098,4.823624276486271,3.221518762906724,-1.3030416228858712,-0.6751668640570188,-0.9891042434713881,0.4399999999999977,0.0,0.4399999999999977,7.654557418615374,6.215380103667138,5.830191121851296,2.9487284314107174
2023-12-20 15:27:47,732.7,624.18,723.9044690455214,626.9801236676157,38.72,49.83,675.4422963565685,1350.884592713137,96.92434537790575,0.14349759521610037,88.55,11.11,2.9318436514929545,-0.9333745558718647,0.999234547810488,3.865218207364819,3.8681752423982863,-0.9772812171640908,-0.01887514804263901,-0.49807818260342174,0.4399999999999977,0.0,0.4399999999999977,7.6278067614767,3.4614043594610555,7.578397877974294,2.786275537347583
2023-12-20 15:27:48,736.62,661.48,727.0833517841411,635.6050927507117,39.16,50.1,681.3442222674264,1362.6884445348528,91.47825903342937,0.13426144364259812,89.25999999999999,10.940000000000005,3.178882738619677,8.624969083096062,5.901925910857926,5.4460863444763845,0.9227641119135311,0.24703908712672273,9.558343638967926,4.902691363047438,0.4399999999999977,0.2700000000000031,0.1699999999999946,7.633253580934046,4.0486380349918365,5.325476723751538,1.956454343223502
2023-12-20 15:27:49,741.53,675.22,730.6950138381058,645.5088195630337,39.59,50.94,688.1019167005697,1376.2038334011395,85.18619427507201,0.12379880375822629,90.53,11.349999999999994,3.6116620539646647,9.90372681232202,6.757694433143342,6.2920647583573555,0.9310962325259162,0.4327793153449875,1.2787577292259584,0.8557685222854161,0.4300000000000068,0.8399999999999963,0.4099999999999895,7.6008164045040685,6.263674702998218,4.500185219771648,2.6300993196564266
2023-12-20 15:27:50,750.37,688.98,735.6137603785793,656.3766146722753,40.03,51.82,695.9951875254274,1391.9903750508547,79.23714570630398,0.11384726074641412,91.85,11.79,4.918746540473535,10.86779510924157,7.893270824857609,5.949048568768035,0.7536860126916195,1.3070844865088702,0.9640682969195495,1.1355763917142667,0.4399999999999977,0.8800000000000026,0.44000000000000483,7.577519651038735,9.054899001881736,6.984183893354299,3.153885713392387
2023-12-20 15:27:51,754.3,658.53,740.2853202839344,656.9149610042065,40.47,52.33,698.6001406440705,1397.200281288141,83.37035927972795,0.11933916744351919,92.8,11.86,4.671559905355139,0.5383463319311659,2.6049531186431523,4.133213573423973,1.5866742311672068,-0.24718663511839623,-10.329448777310404,-5.288317706214457,0.4399999999999977,0.509999999999998,0.07000000000000028,7.528018675819524,9.72417593230627,6.981892587370438,2.9100793238461256
2023-12-20 15:27:52,761.17,657.55,745.5064902129509,657.0737207531549,40.91,52.33,701.2901054830529,1402.5802109661058,88.43276945979596,0.12610012410310967,93.24,11.420000000000002,5.221169929016469,0.15875974894845513,2.689964838982405,5.062410180068014,1.8819607694286136,0.5496100236613302,-0.37958658298271075,0.08501172033925286,0.4399999999999977,0.0,0.4399999999999977,7.5213438219831525,8.198856001665797,4.695463838081518,2.4084607159447753
2023-12-20 15:27:53,766.08,653.62,750.6498676597132,656.2102905648662,41.34,52.33,703.4300791122897,1406.8601582245794,94.43957709484698,0.13425581271669734,93.67,10.989999999999995,5.143377446762315,-0.863430188288703,2.139973629236806,6.006807635051018,2.8069527334505207,-0.07779248225415358,-1.0221899372371581,-0.549991209745599,0.4300000000000068,0.0,0.4300000000000068,7.509662342293449,5.94407507512484,5.708975250691992,2.693247230159391
2023-12-20 15:27:54,771.98,691.92,755.982400744785,665.1377179236497,41.78,52.66,710.5600593342174,1421.1201186684348,90.84468282113528,0.12784940766077646,94.44,10.879999999999995,5.332533085071759,8.927427358783461,7.129980221927667,3.5948942737117022,0.5041940731422829,0.18915563830944393,9.790857547072164,4.990006592690861,0.4399999999999977,0.3299999999999983,0.10999999999999943,7.523931086512985,5.555119538131893,6.026338896015641,2.777943793892117
2023-12-20 15:27:55,773.94,706.66,760.4718005585887,675.5182884427372,42.22,53.5,717.995044500663,1435.990089001326,84.95351211585148,0.11832047121803299,95.72,11.280000000000001,4.489399813803743,10.380570519087541,7.4349851664455855,5.891170705283798,0.792357991447369,-0.843133271268016,1.45314316030408,0.3050049445179184,0.4399999999999977,0.8400000000000034,0.4000000000000057,7.500992864601652,7.866341352222789,4.461761685535167,2.6418771604344227
2023-12-20 15:27:56,776.89,714.53,764.5763504189415,685.271216332053,42.66,54.38,724.9237833754972,1449.8475667509945,79.30513408688853,0.1093978922973369,97.03999999999999,11.720000000000006,4.10454986035279,9.752927889315743,6.928738874834266,5.648378028962952,0.8152099993648643,-0.38484995345095285,-0.627642629771799,-0.5062462916113191,0.4399999999999977,0.8800000000000026,0.44000000000000483,7.4703604277116336,9.906246520954289,5.783810740360742,2.614938308278835
2023-12-20 15:27:57,780.82,692.91,768.6372628142061,687.1809122490397,43.1,54.85,727.9090875316228,1455.8181750632457,81.45635056516642,0.11190456589776139,97.95,11.75,4.060912395264609,1.9096959169867205,2.9853041561256077,2.151216478277888,0.720601870084793,-0.04363746508818167,-7.843231972329022,-3.9434347187086587,0.44000000000000483,0.46999999999999886,0.02999999999999403,7.431435223074912,10.104375476862439,6.345447719942455,2.5446282520231365
2023-12-20 15:27:58,784.75,687.01,772.6654471106546,687.1381841867799,43.5,54.85,729.9018156487173,1459.8036312974345,85.52726292387467,0.11717639410265603,98.35,11.350000000000001,4.028184296448444,-0.04272806225981185,1.9927281170944298,4.070912358708256,2.0428829607528374,-0.032728098816164675,-1.9524239792465323,-0.992576039031178,0.3999999999999986,0.0,0.3999999999999986,7.421472376484443,7.944868066350324,4.408294820411007,2.591113852593996
2023-12-20 15:27:59,790.65,684.06,777.161585332991,686.368638140085,43.94,54.85,731.765111736538,1463.530223473076,90.79294719290601,0.12407389422183997,98.78999999999999,10.910000000000004,4.496138222336413,-0.7695460466949271,1.863296087820686,5.26568426903134,2.8260035951594222,0.4679539258879686,-0.7268179844351152,-0.12943202927374386,0.4399999999999977,0.0,0.4399999999999977,7.407279120652484,5.387439107567433,4.389457652605367,2.7253649254733103
2023-12-20 15:28:00,797.53,722.39,782.2536889997432,695.3739786050637,44.38,55.19,738.8138338024035,1477.627667604807,86.87971039467948,0.1175935077310992,99.57,10.809999999999995,5.092103666752223,9.005340464978758,7.0487220658654905,3.913236798226535,0.5551696047156367,0.5959654444158105,9.774886511673685,5.185425978044805,0.44000000000000483,0.3399999999999963,0.10000000000000853,7.420044454980005,5.214230157522984,4.5316323708185875,2.615453408279972
2023-12-20 15:28:01,805.39,736.16,788.0377667498074,705.5704839537977,44.81,56.03,746.8041253518026,1493.608250703605,82.46728279600961,0.11042692439163243,100.84,11.219999999999999,5.784077750064171,10.196505348734036,7.990291549399103,4.412427598669865,0.5522235351697723,0.6919740833119477,1.1911648837552775,0.9415694835336126,0.4299999999999997,0.8400000000000034,0.4100000000000037,7.405832189071503,7.75583979649713,3.7228942397330664,2.9212260854961003
2023-12-20 15:28:02,807.36,743.04,792.8683250623556,714.9378629653484,45.25,56.87,753.903094013852,1507.806188027704,77.9304620970072,0.10336933567778406,102.12,11.619999999999997,4.830558312548192,9.36737901155061,7.098968662049401,4.536820699002419,0.6390815730986917,-0.953519437515979,-0.8291263371834248,-0.8913228873497019,0.4399999999999977,0.8399999999999963,0.3999999999999986,7.382521412371039,10.130444061761962,4.831388741144814,3.0095581457620155
2023-12-20 15:28:03,809.32,721.41,796.9812437967668,716.5558972240112,45.69,57.31,756.768570510389,1513.537141020778,80.42534657275553,0.1062746916302819,103.0,11.620000000000005,4.11291873441121,1.618034258662874,2.8654764965370987,2.4948844757483357,0.8706697151743048,-0.717639578136982,-7.749344752887737,-4.233492165512303,0.4399999999999977,0.44000000000000483,7.105427357601002e-15,7.347267603525451,10.399324990611037,5.146624351187169,2.7947684329224303
2023-12-20 15:28:04,814.24,716.49,801.2959328475752,716.5394229180083,46.13,57.31,758.9176778827917,1517.8353557655835,84.75650992956685,0.11168076892652906,103.44,11.18,4.314689050808397,-0.016474306002919548,2.149107372402682,4.331163356811317,2.0153303632469304,0.20177031639718734,-1.6345085646657935,-0.7163691241344168,0.44000000000000483,0.0,0.44000000000000483,7.336791091898692,8.223341770730913,3.5163654176904995,2.7065589895641473
2023-12-20 15:28:05,817.19,714.53,805.2694496356813,716.0370671885062,46.53,57.31,760.6532584120937,1521.3065168241874,89.23238244717515,0.11731019533938836,103.84,10.780000000000001,3.973516788106167,-0.5023557295021419,1.7355805293019557,4.475872517608309,2.5788892322497166,-0.34117226270223,-0.48588142349922236,-0.4135268431007262,0.3999999999999986,0.0,0.3999999999999986,7.3252431730243694,5.430771554403387,4.316644834972075,2.944905748776332
2023-12-20 15:28:06,818.17,750.91,808.494587226761,724.7553003913796,46.97,57.65,766.6249438090704,1533.2498876181407,83.73928683538145,0.10923110107803354,104.62,10.68,3.225137591079715,8.71823320287342,5.971685396976682,5.493095611793706,0.919856678102642,-0.748379197026452,9.220588932375563,4.236104867674726,0.4399999999999977,0.3399999999999963,0.10000000000000142,7.327709199783609,4.77336338471242,4.317653066197693,2.4148121824504485
2023-12-20 15:28:07,824.07,760.75,812.3884404200709,733.7539752935347,47.41,58.49,773.0712078568029,1546.1424157136057,78.63446512653616,0.10171697539068712,105.9,11.080000000000005,3.8938531933098375,8.99867490215513,6.446264047732484,5.104821708845293,0.7919037878594439,0.6687156022301224,0.2804416992817096,0.4745786507558023,0.4399999999999977,0.8400000000000034,0.4000000000000057,7.300011336702469,6.62114399202418,4.108582962150337,2.212119279011749
2023-12-20 15:28:08,831.94,768.62,817.2763303150532,742.4704814701511,47.85,59.3,779.8734058926021,1559.7468117852043,74.80584884490213,0.0959205022042812,107.15,11.449999999999996,4.887889894982322,8.716506176616349,6.802198035799279,3.8286162816340266,0.5628497874708472,0.9940367016724849,-0.2821687255387815,0.3559339880667949,0.44000000000000483,0.8099999999999952,0.36999999999999034,7.278333164855519,8.730709206329022,5.606700948700492,2.467258774214765
2023-12-20 15:28:09,838.83,746.98,822.6647477362899,743.5978611026134,48.28,59.74,783.1313044194517,1566.2626088389034,79.06688663367652,0.10096249005309223,108.02000000000001,11.46,5.3884174212366815,1.1273796324622936,3.2578985268495444,4.261037788774388,1.3079095145990884,0.5005275262543591,-7.589126544154055,-3.5442995089497344,0.4299999999999997,0.44000000000000483,0.010000000000005116,7.249873145432128,9.252482014305636,5.543693283949469,2.227748041484743
2023-12-20 15:28:10,846.7,744.03,828.6735608022175,743.7058958269599,48.72,59.74,786.1897283145887,1572.3794566291774,84.96766497525755,0.10807526708512659,108.46000000000001,11.020000000000003,6.008813065927598,0.10803472434656669,3.0584238951370253,5.900778341581031,1.929352050123389,0.620395644690916,-1.0193449081157269,-0.1994746317125191,0.4399999999999977,0.0,0.4399999999999977,7.248660529835222,7.911231287028823,4.125521797087874,1.8049131065768302
2023-12-20 15:28:11,846.7,740.09,833.1801706016631,742.80192187022,49.16,59.74,787.9910462359416,1575.982092471883,90.37824873144314,0.11469451213749886,108.9,10.580000000000005,4.506609799445641,-0.9039739567399465,1.8013179213528474,5.410583756185588,3.0036789665885864,-1.5022032664819562,-1.0120086810865132,-1.2571059737841779,0.4399999999999977,0.0,0.4399999999999977,7.2359140404042925,5.894040665020094,6.1189470790790645,2.2211909809598955
2023-12-20 15:28:12,848.67,777.48,837.0526279512474,751.4714414026649,49.56,60.04,794.2620346769561,1588.5240693539122,85.58118654858242,0.10774931030870798,109.6,10.479999999999997,3.872457349584238,8.669519532444951,6.270988441014538,4.797062182860714,0.7649609727431835,-0.6341524498614035,9.573493489184898,4.46967051966169,0.4000000000000057,0.29999999999999716,0.10000000000000853,7.246916308668247,5.422337735625023,6.074089737457428,2.1793101929627223
2023-12-20 15:28:13,851.62,789.3,840.6944709634355,760.9285810519987,50.0,60.85,800.811526007717,1601.623052015434,79.76588991143683,0.09960632086489456,110.85,10.850000000000001,3.641843012188133,9.457139649333726,6.5494913307609295,5.815296637145593,0.8879003659311047,-0.23061433739610493,0.7876201168887746,0.2785028897463917,0.4399999999999977,0.8100000000000023,0.37000000000000455,7.224280728763522,7.064857100661255,4.64678241320794,2.106701433250289
2023-12-20 15:28:14,854.58,766.65,844.1658532225766,762.358935788999,50.44,61.29,803.2623945057878,1606.5247890115756,81.80691743357761,0.10184333026329023,111.72999999999999,10.850000000000001,3.471382259141137,1.430354737000357,2.450868498070804,2.04102752214078,0.8327769078473456,-0.1704607530469957,-8.026784912333369,-4.0986228326901255,0.4399999999999977,0.4399999999999977,0.0,7.189316990212753,7.551466482190032,4.049875771833421,2.223422726180411
2023-12-20 15:28:15,854.58,759.77,846.7693899169325,761.7117018417492,50.88,61.29,804.2405458793409,1608.4810917586817,85.05768807518325,0.10576150183577394,112.17,10.409999999999997,2.603536694355853,-0.6472339472497879,0.9781513735530325,3.2507706416056408,3.3233785752597713,-0.8678455647852843,-2.077588684250145,-1.4727171245177715,0.44000000000000483,0.0,0.44000000000000483,7.169836308366805,6.867113759006368,4.052673902030343,2.6106997398237892
2023-12-20 15:28:16,861.47,760.75,850.4445424376993,761.4712763813119,51.28,61.29,805.9579094095056,1611.9158188190113,88.97326605638739,0.11039443239806436,112.57,10.009999999999998,3.675152520766801,-0.24042546043733637,1.7173635301647892,3.9155779812041374,2.2799923443326384,1.071615826410948,0.4068084868124515,0.7392121566117567,0.3999999999999986,0.0,0.3999999999999986,7.159615370435199,4.558994402857083,3.5640114076056366,2.625470065469009
2023-12-20 15:28:17,867.37,798.16,854.6759068282745,770.6434572859839,51.69,61.62,812.6596820571292,1625.3193641142584,84.03244954229058,0.1034042309397834,113.31,9.93,4.231364390575209,9.172180904672018,6.701772647623557,4.940816514096809,0.7372401358032763,0.5562118698084078,9.412606365109355,4.9844091174587675,0.4099999999999966,0.3299999999999983,0.0799999999999983,7.172003131984168,4.471607874602978,3.484392457999723,2.7398805396526544
2023-12-20 15:28:18,875.25,808.99,859.8194301212059,780.230092964488,52.12,62.4,820.0247615428469,1640.0495230856939,79.58933715671787,0.09705723630822584,114.52,10.280000000000001,5.143523292931377,9.58663567850408,7.365079485717729,4.443112385572704,0.6032673226299062,0.9121589023561683,0.41445477383206253,0.6633068380941722,0.4299999999999997,0.7800000000000011,0.3500000000000014,7.160537498972315,7.062278951193108,3.5375943919122927,2.9682209530651185
2023-12-20 15:28:19,879.19,820.82,864.6620725909044,790.377569723366,52.53,63.17,827.5198211571352,1655.0396423142704,74.28450286753832,0.08976764166675474,115.7,10.64,4.8426424696984895,10.147476758878042,7.495059614288266,5.304834289179553,0.7077773699477015,-0.30088082323288745,0.5608410803739616,0.1299801285705371,0.4100000000000037,0.7700000000000031,0.35999999999999943,7.152288798659001,9.75665794557994,5.627973785388298,3.223183175384798
2023-12-20 15:28:20,880.17,791.27,868.5390544431783,790.6006772925246,52.97,63.61,829.5698658678514,1659.1397317357028,77.93837715065376,0.09395034735883093,116.58,10.64,3.876981852273957,0.2231075691585147,2.050044710716179,3.6538742831154423,1.7823379566687656,-0.9656606174245326,-9.924369189719528,-5.445014903572087,0.4399999999999977,0.4399999999999977,0.0,7.115884875209869,9.944195986828143,5.6838256923188,2.9228069414397724
2023-12-20 15:28:21,884.11,791.27,872.4317908323837,790.7680079693934,53.4,63.61,831.5998994008885,1663.199798801777,81.66378286299039,0.09820080885486256,117.00999999999999,10.21,3.8927363892054245,0.16733067686880077,2.0300335330371126,3.7254057123366238,1.8351440094780478,0.015754536931467555,-0.05577689228971394,-0.02001117767906635,0.4299999999999997,0.0,0.4299999999999997,7.107083944054394,7.829411820199821,3.703818915740606,2.835289244092447
2023-12-20 15:28:22,887.07,788.31,876.0913431242878,790.153505977045,53.81,63.61,833.1224245506664,1666.2448491013329,85.93783714724282,0.10315151112447939,117.42,9.799999999999997,3.659552291904106,-0.6145019923483233,1.5225251497779482,4.274054284252429,2.807212398207923,-0.23318409730131862,-0.781832669217124,-0.5075083832591645,0.4100000000000037,0.0,0.4100000000000037,7.095234350667962,5.119161096508222,4.331374096295395,3.054396449145439
2023-12-20 15:28:23,891.99,824.76,880.0660073432159,798.8051294827837,54.25,63.91,839.4355684129998,1678.8711368259997,81.26087786043217,0.09680418702921566,118.16,9.659999999999997,3.974664218928069,8.651623505738712,6.313143862333391,4.676959286810643,0.7408287610688534,0.3151119270239633,9.266125498087035,4.7906187125554425,0.4399999999999977,0.29999999999999716,0.14000000000000057,7.104227837751964,4.538002271996181,4.367421538879965,2.7981074707324334
2023-12-20 15:28:24,893.96,835.6,883.539505507412,808.0038471120878,54.65,64.69,845.7716763097499,1691.5433526194997,75.53565839532416,0.08930975158164403,119.34,10.04,3.4734981641960303,9.198717629304042,6.336107896750036,5.725219465108012,0.9035860270716991,-0.5011660547320389,0.5470941235653299,0.022964034416645518,0.3999999999999986,0.7800000000000011,0.38000000000000256,7.087076162415566,6.637518846920636,3.959313495925102,2.450398319471116
2023-12-20 15:28:25,901.85,844.47,888.117129130559,817.1203853340658,55.09,65.46,852.6187572323124,1705.2375144646248,70.9967437964932,0.08326903802079941,120.55,10.36999999999999,4.577623623147019,9.116538221977976,6.847080922562554,4.5389145988309565,0.6628976621229391,1.104125458950989,-0.08217940732606621,0.5109730258125182,0.44000000000000483,0.769999999999996,0.3299999999999912,7.072739528490858,8.79528006488877,5.838738637831147,2.6016055723683467
2023-12-20 15:28:26,908.74,820.82,893.2728468479193,818.0452890005494,55.49,65.87,855.6590679242343,1711.3181358484685,75.2275578473699,0.08791767723790822,121.36000000000001,10.380000000000003,5.1557177173602895,0.9249036664836012,3.0403106919218317,4.230814050876688,1.3915724700589234,0.5780940942132702,-8.191634555494375,-3.8067702306407227,0.3999999999999986,0.4100000000000108,0.010000000000012221,7.050585537851423,9.270646753019191,5.835895902759426,2.3810407280255763
2023-12-20 15:28:27,914.66,814.9,898.6196351359395,817.258966750412,55.9,65.87,857.9393009431758,1715.8786018863516,81.36066838552745,0.0948326626385467,121.77000000000001,9.970000000000006,5.346788288020207,-0.7863222501373457,2.2802330189415443,6.133110538157553,2.689684693417768,0.1910705706599174,-1.711225916620947,-0.7600776729802874,0.4099999999999966,0.0,0.4099999999999966,7.045571929848106,7.599269836903355,4.42772330265649,2.1302609472646665
2023-12-20 15:28:28,914.66,812.93,902.6297263519546,816.1767250628089,56.3,65.87,859.4032257073818,1718.8064514147636,86.45300128914562,0.10059655188911922,122.17,9.570000000000007,4.010091216015098,-1.082241687603073,1.4639247642060127,5.092332903618171,3.4785458580818767,-1.3366970720051086,-0.29591943746572724,-0.8163082547355316,0.3999999999999986,0.0,0.3999999999999986,7.034486524293159,5.401181357382671,6.031500164838316,2.4430176172892284
2023-12-20 15:28:29,916.63,847.43,906.129794763966,823.9900437971066,56.74,66.2,865.0599192805363,1730.1198385610726,82.13975096685931,0.09495267211110837,122.94,9.46,3.5000684120113874,7.813318734297695,5.6566935731544845,4.313250322286308,0.7625036611939615,-0.5100228040037109,8.895560421900768,4.192768808948472,0.44000000000000483,0.3299999999999983,0.11000000000000654,7.036439826290032,4.6411305186816065,6.102950992633427,2.2945295487316137
2023-12-20 15:28:30,923.53,862.22,910.4798460729744,833.5475328478301,57.14,66.98,872.0136894604022,1744.0273789208045,76.9323132251443,0.08822374472644562,124.12,9.840000000000003,4.35005130900845,9.557489050723461,6.9537701798659555,5.207437741715012,0.7488652713786008,0.8499828969970622,1.744170316425766,1.297076606711471,0.3999999999999986,0.7800000000000011,0.38000000000000256,7.025569468537164,6.577915411634866,4.454348554176118,2.3295090742397764
2023-12-20 15:28:31,931.41,868.14,915.7123845547308,842.1956496358725,57.58,67.72,878.9540170953017,1757.9080341906033,73.51673491885822,0.08364116143205011,125.3,10.14,5.2325384817563645,8.648116788042444,6.940327634899404,3.415578306286079,0.4921349529633024,0.8824871727479149,-0.9093722626810177,-0.013442544966551395,0.4399999999999977,0.7399999999999949,0.29999999999999716,7.014796568878732,8.81866608939939,4.987038458082629,2.6140417237542675
2023-12-20 15:28:32,933.39,844.47,920.131788416048,842.7642372269045,57.98,68.12,881.4480128214763,1762.8960256429525,77.36755118914357,0.08777324354469891,126.1,10.140000000000008,4.419403861317278,0.5685875910319282,2.493995726174603,3.8508162702853497,1.5440342121827455,-0.8131346204390866,-8.079529197010515,-4.446331908724801,0.3999999999999986,0.4000000000000057,7.105427357601002e-15,6.990071418171332,9.253629461979662,5.050109494817551,2.566731050224798
2023-12-20 15:28:33,943.25,837.57,925.911341312036,841.4656779201783,58.39,68.12,883.6885096161072,1767.3770192322145,84.44566339185769,0.09556044055951594,126.51,9.730000000000004,5.77955289598799,-1.2985593067261334,2.2404967946309853,7.078112202714124,3.159169457642739,1.3601490346707124,-1.8671468977580616,-0.2534989315436178,0.4100000000000037,0.0,0.4100000000000037,6.9851276786892695,7.629305840706271,4.371732552873715,2.33484941902887
2023-12-20 15:28:34,939.3,836.58,929.2585059840271,840.2442584401338,58.83,68.12,884.7513822120804,1769.502764424161,89.01424754389336,0.10060933413941449,126.95,9.290000000000006,3.347164671991095,-1.221419480044574,1.0628725959732037,4.568584152035669,4.298332529234124,-2.4323882239968952,0.0771398266815595,-1.1776241986577816,0.4399999999999977,0.0,0.4399999999999977,6.969290076745099,5.074600954963451,6.306106189355939,2.7991902240409448
2023-12-20 15:28:35,947.19,874.06,933.7413794880204,848.6981938301003,59.23,68.43,891.2197866590603,1782.4395733181207,85.04318565792005,0.09542335890151224,127.66,9.20000000000001,4.482873503993233,8.453935389966546,6.468404446979889,3.971061885973313,0.6139166628504108,1.1357088320021376,9.67535487001112,5.405531851006685,0.3999999999999986,0.3100000000000023,0.0899999999999963,6.9811983368154635,4.603279845330655,6.2807687708819895,2.674093705014695
2023-12-20 15:28:36,950.15,885.9,937.8435346160153,857.9986453725752,59.63,69.17,897.9210899942952,1795.8421799885905,79.8448892434401,0.08892194430473331,128.8,9.54,4.1021551279949335,9.300451542474889,6.701303335234911,5.198296414479955,0.7757141228682507,-0.38071837599829905,0.8465161525083431,0.23289888825502203,0.4000000000000057,0.7399999999999949,0.3399999999999892,6.971436979991135,6.72081472929914,4.582917428898621,2.606112542350772
2023-12-20 15:28:37,952.12,859.26,941.4126509620114,858.3139840294314,60.07,69.57,899.8633174957214,1799.7266349914428,83.09866693258004,0.09234587656211386,129.64,9.499999999999993,3.5691163459961217,0.31533865685617,1.9422275014261459,3.2537776891399517,1.6752805793709429,-0.5330387819988118,-8.985112885618719,-4.759075833808765,0.4399999999999977,0.3999999999999915,0.04000000000000625,6.941247381629698,7.379305430628849,3.3199516735064356,2.6853679887867963
2023-12-20 15:28:38,959.03,858.28,945.8169882215086,858.3054880220734,60.48,69.57,902.061238121791,1804.122476243582,87.5115001994352,0.09701281509959649,130.04999999999998,9.089999999999996,4.404337259497197,-0.008496007357962299,2.1979206260696174,4.412833266855159,2.0077300366466235,0.8352209135010753,-0.3238346642141323,0.2556931246434715,0.4099999999999966,0.0,0.4099999999999966,6.936264753445032,7.092891686692204,3.62513388234433,2.6911471918540557
2023-12-20 15:28:39,961.99,856.3,949.8602411661313,857.8041160165551,60.88,69.57,903.8321785913432,1807.6643571826864,92.05612514957625,0.10185090465709941,130.45,8.68999999999999,4.043252944622736,-0.5013720055183057,1.7709404695522153,4.544624950141042,2.5662197358166536,-0.3610843148744607,-0.49287599816034344,-0.42698015651740207,0.4000000000000057,0.0,0.4000000000000057,6.928571649388821,4.877502321840063,4.609329571203887,2.533362255958391
2023-12-20 15:28:40,961.99,893.79,952.8926808745985,866.8005870124164,61.29,69.87,909.8466339435074,1819.6932678870148,86.09209386218208,0.09462264359259576,131.16,8.580000000000005,3.032439708467109,8.996470995861273,6.014455352164191,5.964031287394164,0.9916160228260892,-1.0108132361556272,9.497843001379579,4.243514882611976,0.4099999999999966,0.30000000000001137,0.10999999999998522,6.936921523380496,4.572987280044003,4.606590931060418,2.4201541539166684
2023-12-20 15:28:41,971.86,898.73,957.6345106559489,874.7829402593123,61.69,70.62,916.2087254576306,1832.4174509152613,82.85157039663659,0.09042870691372748,132.31,8.930000000000007,4.741829781350475,7.982353246895968,6.362091514123222,3.2405234655454933,0.509348686513415,1.709390072883366,-1.0141177489653046,0.3476361619590307,0.3999999999999986,0.75,0.3500000000000014,6.924712557878604,6.637584245505639,3.767682194755775,2.318495867032269
2023-12-20 15:28:42,974.82,910.57,961.9308829919618,883.7297051944843,62.13,71.36,922.8302940932231,1845.6605881864461,78.2011777974775,0.08474058362981865,133.49,9.229999999999997,4.296372336012837,8.946764935171927,6.621568635592439,4.65039259915909,0.7023097022437361,-0.4454574453376381,0.964411688275959,0.2594771214692173,0.44000000000000483,0.7399999999999949,0.29999999999999005,6.91310425634968,8.655724957383264,5.185133280865133,2.3961289214209005
2023-12-20 15:28:43,977.78,922.42,965.8931622439713,893.4022788958632,62.53,72.06,929.6477205699173,1859.2954411398346,72.49088334810813,0.07797672351166647,134.59,9.530000000000001,3.96227925200958,9.672573701378951,6.817426476694209,5.710294449369371,0.8376025221962918,-0.334093084003257,0.7258087662070238,0.19585784110176974,0.3999999999999986,0.7000000000000028,0.30000000000000426,6.90725695566283,10.219557038528853,7.464548467716355,2.115761325905518
2023-12-20 15:28:44,983.7,891.82,970.3448716829785,893.0067091718975,62.94,72.43,931.675790427438,1863.351580854876,77.33816251108101,0.08300973710242032,135.37,9.490000000000009,4.451709439007118,-0.39556972396576384,2.028069857520677,4.847279162972882,2.3900935931295297,0.48943018699753793,-10.068143425344715,-4.789356619173532,0.4099999999999966,0.37000000000000455,0.03999999999999204,6.882439119044093,9.138276040407577,5.246941097163883,2.0020039903437286
2023-12-20 15:28:45,983.7,890.83,973.6836537622339,892.4625318789231,63.34,72.43,933.0730928205785,1866.146185641157,81.22112188331084,0.08704690170706919,135.77,9.090000000000003,3.338782079255452,-0.544177292974382,1.397302393140535,3.882959372229834,2.778894971050358,-1.1129273597516658,-0.14860756900861816,-0.630767464380142,0.4000000000000057,0.0,0.4000000000000057,6.8724540469037665,7.05521961906523,3.9955530926726985,2.6912137747806666
2023-12-20 15:28:46,985.68,888.86,976.6827403216754,891.5618989091923,63.74,72.43,934.1223196154339,1868.2446392308677,85.12084141248306,0.09112387054021184,136.17000000000002,8.690000000000005,2.99908655944148,-0.9006329697307365,1.0492267948553717,3.8997195291722164,3.7167520230530724,-0.33969551981397217,-0.3564556767563545,-0.3480755982851633,0.3999999999999986,0.0,0.3999999999999986,6.859971453003322,4.483592255409552,4.6927516584494064,2.885719235424636
2023-12-20 15:28:47,993.57,923.41,980.9045552412566,899.5239241818942,64.15,72.77,940.2142397115754,1880.4284794231507,81.38063105936237,0.08655541209179268,136.92000000000002,8.61999999999999,4.22181491958122,7.962025272701908,6.091920096141507,3.7402103531206876,0.6139623764151603,1.2227283601397403,8.862658242432644,5.0426933012861355,0.4100000000000037,0.3399999999999892,0.0700000000000145,6.8668874733033,3.9847900023314318,4.793057899945396,2.7529474823559843
2023-12-20 15:28:48,998.51,936.25,985.3059164309425,908.7054431364206,64.55,73.48,947.0056797836816,1894.0113595673631,76.60047329452186,0.08088702618038383,138.03,8.930000000000007,4.401361189685872,9.181518954526382,6.791440072106184,4.78015776484051,0.7038502895171366,0.17954627010465174,1.2194936818244742,0.6995199759646766,0.3999999999999915,0.710000000000008,0.3100000000000165,6.860868455573521,6.368981614429134,3.4536401468976967,2.7450772889549144
2023-12-20 15:28:49,1006.41,936.25,990.5819373232068,915.5915823523155,64.96,74.08,953.0867598377612,1906.1735196755224,74.9903549708913,0.0786815619020612,139.04,9.120000000000005,5.2760208922643415,6.8861392158949,6.081080054079621,1.6101183236305587,0.2647750143949121,0.8746597025784695,-2.295379738631482,-0.710360018026563,0.4099999999999966,0.5999999999999943,0.18999999999999773,6.85476663537827,8.539051828642044,4.067534418635169,2.809897327388797
2023-12-20 15:28:50,1006.41,941.19,994.538952992405,921.9911867642367,65.36,74.56,958.2650698783209,1916.5301397566418,72.54776622816837,0.07570740960188914,139.92000000000002,9.200000000000003,3.9570156691981992,6.399604411921132,5.178310040559722,2.4425887427229327,0.4716960266757004,-1.3190052230661422,-0.48653480397376825,-0.9027700135198984,0.4000000000000057,0.480000000000004,0.0799999999999983,6.848663972481824,9.679465481223517,5.0694329796463595,2.302352789134821
2023-12-20 15:28:51,1014.31,939.22,999.4817147443038,926.2983900731774,65.73,75.06,962.8900524087405,1925.780104817481,73.18332467112634,0.07600382246347756,140.79000000000002,9.329999999999998,4.942761751898729,4.307203308940757,4.624982530419629,0.6355584429579721,0.13741853106670573,0.9857460827005298,-2.092401102980375,-0.5533275101400932,0.37000000000000455,0.5,0.12999999999999545,6.839193448182023,8.978382318008414,3.530086564047179,0.8519905522271741
2023-12-20 15:28:52,1016.29,927.36,1003.6837860582278,926.5637925548831,66.14,75.3,965.1237893065554,1930.2475786131108,77.11999350334474,0.07990684125489111,141.44,9.159999999999997,4.20207131392408,0.26540248170567793,2.233736897814879,3.936668832218402,1.7623682868385722,-0.7406904379746493,-4.041800827235079,-2.3912456326047504,0.4099999999999966,0.23999999999999488,0.1700000000000017,6.82355615443297,7.367374637441024,2.0191240474229266,1.7464964560290885
2023-12-20 15:28:53,1017.28,921.44,1007.0828395436708,925.2828444161623,66.54,75.3,966.1828419799166,1932.3656839598332,81.79999512750851,0.08466305909057509,141.84,8.759999999999991,3.3990534854430052,-1.2809481387207597,1.0590526733611796,4.680001624163765,4.419041019243694,-0.8030178284810745,-1.5463506204264377,-1.1746842244536992,0.4000000000000057,0.0,0.4000000000000057,6.811779717767463,5.419382496733726,3.7329470961867597,2.1061431587409536
2023-12-20 15:28:54,1026.17,923.41,1011.8546296577531,924.8146333121217,66.94,75.3,968.3346314849374,1936.6692629698748,87.03999634563138,0.08988627838526192,142.24,8.36,4.7717901140822505,-0.46821110404061983,2.1517895050208153,5.24000121812287,2.435181866402083,1.3727366286392453,0.8127370346801399,1.0927368316596358,0.3999999999999915,0.0,0.3999999999999915,6.807751860778863,3.8344260635574066,6.109238396380323,1.7640302928682292
2023-12-20 15:28:55,1027.16,950.09,1015.6809722433147,931.1334749840913,67.35,75.53,973.4072236137031,1946.8144472274062,84.5474972592234,0.086857273216537,142.88,8.180000000000007,3.8263425855616333,6.318841671969608,5.072592128765677,2.4924990864079746,0.49136586024877543,-0.9454475285206172,6.787052776010228,2.920802623744862,0.4099999999999966,0.23000000000000398,0.1799999999999926,6.81276047593045,3.9917780380695413,5.601748636889008,1.7324882055762585
2023-12-20 15:28:56,1029.13,957.99,1019.0432291824861,937.8476062380685,67.75,76.07,978.4454177102773,1956.8908354205546,81.19562294441766,0.08298431511023314,143.82,8.319999999999993,3.3622569391714023,6.714131253977143,5.038194096574216,3.351874314805741,0.6652926793336943,-0.464085646390231,0.3952895820075355,-0.034398032191461425,0.4000000000000057,0.539999999999992,0.13999999999998636,6.803263877812637,5.558990050643447,3.73539421623693,1.83453562886162
2023-12-20 15:28:57,1031.11,957.99,1022.0599218868645,942.8832046785512,68.12,76.54,982.4715632827078,1964.9431265654157,79.17671720831322,0.0805893219577498,144.66000000000003,8.420000000000002,3.016692704378329,5.035598440482772,4.026145572430551,2.0189057361044433,0.5014486432086468,-0.3455642347930734,-1.6785328134943711,-1.0120485241436654,0.37000000000000455,0.4700000000000131,0.10000000000000853,6.791591016805729,6.797362078395647,3.070911628454124,1.7949357288848624
2023-12-20 15:28:58,1037.04,967.88,1025.8049414151483,949.1324035089135,68.53,76.98,987.4686724620309,1974.9373449240618,76.67253790623477,0.07764553951612815,145.51,8.450000000000003,3.7450195282838195,6.249198830362275,4.997109179323047,2.5041793020784553,0.5011254929779623,0.7283268239054905,1.2136003898795025,0.9709636068924965,0.4099999999999966,0.4399999999999977,0.030000000000001137,6.786259814966471,7.48930445869703,4.1387505519914285,1.2558285304236376
2023-12-20 15:28:59,1042.97,972.82,1030.0962060613613,955.0543026316851,68.93,77.45,992.5752543465233,1985.1505086930465,75.04190342967615,0.07560323816804991,146.38,8.519999999999996,4.291264646212994,5.921899122771606,5.106581884492357,1.6306344765586118,0.3193200841820298,0.5462451179291747,-0.32729970759066873,0.10947270516930985,0.4000000000000057,0.46999999999999886,0.06999999999999318,6.780811911229071,7.493655679744264,3.747537517478725,0.4612911714810339
2023-12-20 15:29:00,1046.92,974.8,1034.302154546021,959.9907269737639,69.34,77.92,997.1464407598925,1994.292881519785,74.31142757225712,0.07452408639307055,147.26,8.579999999999998,4.205948484659757,4.936424342078794,4.571186413369219,0.7304758574190373,0.1598000237930818,-0.08531616155323718,-0.9854747806928117,-0.5353954711231381,0.4099999999999966,0.46999999999999886,0.060000000000002274,6.771332568168953,7.516812310342684,2.87750531197972,0.45474874965260986
2023-12-20 15:29:01,1052.86,982.71,1038.9416159095158,965.6705452303229,69.71,78.36,1002.3060805699193,2004.6121611398387,73.27107067919292,0.07310249037342754,148.07,8.650000000000006,4.639461363494775,5.679818256558974,5.159639810026874,1.0403568930641995,0.20163358872626266,0.43351287883501755,0.7433939144801798,0.5884533966576555,0.36999999999999034,0.4399999999999977,0.07000000000000739,6.769136717773909,7.803548688127525,2.3072806429432493,0.47684081153659186
2023-12-20 15:29:02,1056.81,987.66,1043.4087119321368,971.1679089227421,70.11,78.83,1007.2883104274395,2014.576620854879,72.24080300939477,0.07171809916767675,148.94,8.719999999999999,4.4670960226210354,5.497363692419185,4.98222985752011,1.0302676697981497,0.2067884245554535,-0.17236534087373911,-0.182454564139789,-0.17740995250676406,0.4000000000000057,0.46999999999999886,0.06999999999999318,6.763047560523646,7.807252613231012,1.6939739001464866,0.23148081569626958
2023-12-20 15:29:03,1059.78,989.63,1047.5015339491026,975.7834316920566,70.51,79.27,1011.6424828205796,2023.2849656411593,71.71810225704598,0.07089273473984074,149.78,8.759999999999991,4.092822016965783,4.615522769314566,4.354172393140175,0.5227007523487828,0.12004592035132933,-0.37427400565525204,-0.8818409231046189,-0.6280574643799355,0.4000000000000057,0.4399999999999977,0.03999999999999204,6.754189318109162,7.6360409324740495,1.385727329095918,0.3541245791188017
2023-12-20 15:29:04,1059.78,997.55,1050.5711504618268,981.2250737690424,70.88,79.71,1015.8981121154346,2031.7962242308693,69.34607669278444,0.06826085785327644,150.58999999999997,8.829999999999998,3.069616512724224,5.441642076985772,4.255629294854998,2.3720255642615484,0.5573852519870668,-1.0232055042415595,0.8261193076712061,-0.09854309828517671,0.36999999999999034,0.4399999999999977,0.07000000000000739,6.746119299882565,7.413406920144624,1.8695958932231864,0.39316077207310746
2023-12-20 15:29:05,1068.68,1003.48,1055.0983628463703,986.7888053267818,71.29,80.18,1020.943584086576,2041.887168173152,68.30955751958845,0.06690825871029475,151.47000000000003,8.89,4.527212384543418,5.563731557739402,5.04547197114141,1.036519173195984,0.20543548228769876,1.4575958718191941,0.12208948075362969,0.7898426762864119,0.4100000000000108,0.4700000000000131,0.060000000000002274,6.740236200873702,7.258520972312193,2.0727005951749464,0.42121151344088065
2023-12-20 15:29:06,1069.67,1002.49,1058.7412721347778,990.7141039950864,71.69,80.62,1024.727688064932,2049.455376129864,68.02716813969141,0.06638560552781243,152.31,8.930000000000007,3.642909288407509,3.925298668304549,3.7841039783559154,0.28238937989704027,0.07462514425795087,-0.8843030961359091,-1.6384328894348528,-1.2613679927854946,0.3999999999999915,0.4399999999999977,0.04000000000000625,6.727908090979081,6.99023246015379,1.9445228095089944,0.529704180670322
2023-12-20 15:29:07,1078.57,1013.38,1063.6984541010834,996.3805779963147,72.1,81.06,1030.0395160486992,2060.0790320973983,67.31787610476863,0.0653546538657564,153.16,8.960000000000008,4.957181966305598,5.66647400122838,5.311827983767216,0.7092920349227825,0.13353066092495763,1.3142726778980887,1.7411753329238309,1.5277240054113008,0.4099999999999966,0.4399999999999977,0.030000000000001137,6.725251431989082,7.221366681951291,1.713526009852874,0.6199744631755589
2023-12-20 15:29:08,1082.53,1012.39,1068.4063405758125,1000.382933497236,72.47,81.5,1034.3946370365243,2068.7892740730485,68.0234070785765,0.06576156195830415,153.97,9.030000000000001,4.707886474729094,4.002355500921226,4.355120987825103,0.7055309738078677,0.16200027824253932,-0.249295491576504,-1.6641185003071541,-0.9567069959421133,0.37000000000000455,0.4399999999999977,0.06999999999999318,6.718156980699924,7.294304910756556,0.7356250899089593,0.6198996048378246
2023-12-20 15:29:09,1084.5,1020.31,1072.4297554318593,1005.3647001229269,72.87,81.93,1038.8972277773933,2077.7944555547865,67.06505530893241,0.06455408047228758,154.8,9.060000000000002,4.023414856046884,4.981766625690966,4.502590740868982,0.9583517696440822,0.21284447376059998,-0.6844716186822097,0.9794111247697401,0.14746975304387888,0.4000000000000057,0.4300000000000068,0.030000000000001137,6.711222358308597,7.212698185458047,0.5292799106944917,0.6000593328244301
2023-12-20 15:29:10,1088.46,1026.25,1076.4373165738946,1010.5860250921952,73.28,82.37,1043.511670833045,2087.02334166609,65.85129148169938,0.06310546710610741,155.65,9.090000000000003,4.007561142035229,5.221324969268267,4.614443055651691,1.2137638272330378,0.26303576608463614,-0.01585371401165503,0.23955834357730055,0.11185231478270907,0.4099999999999966,0.4399999999999977,0.030000000000001137,6.704218850811603,7.34469566081308,0.8940223526739158,0.5488028974773951
2023-12-20 15:29:11,1090.44,1007.44,1079.937987430421,1009.7995188191464,73.65,82.57,1044.8687531247838,2089.7375062495676,70.13846861127445,0.06712658248645277,156.22,8.919999999999987,3.5006708565263125,-0.786506273048758,1.357082291738834,4.2871771295750705,3.159111276126538,-0.5068902855089163,-6.007831242317025,-3.257360763912857,0.37000000000000455,0.19999999999998863,0.17000000000001592,6.688444158471,6.20776115505884,1.5823604854384672,1.5377073387719702
2023-12-20 15:29:12,1088.46,1001.5,1082.0684905728158,1007.7246391143599,73.98,82.57,1044.8965648435878,2089.7931296871757,74.3438514584559,0.07114948396680303,156.55,8.58999999999999,2.1305031423949004,-2.0748797047865537,0.027811718804059637,4.205382847181454,151.20358699228004,-1.3701677141314121,-1.2883734317377957,-1.3292705729347745,0.3299999999999983,0.0,0.3299999999999983,6.674522888336409,4.583098549543347,3.3327668659763403,2.1348040291628223
2023-12-20 15:29:13,1095.39,1002.49,1085.398867929612,1006.4159793357699,74.35,82.57,1045.907423632691,2091.814847265382,78.98288859384206,0.07551613721604454,156.92,8.219999999999999,3.3303773567961343,-1.3086597785900267,1.0108587891031675,4.639037135386161,4.589199397773953,1.199874214401234,0.766219926196527,0.9830470702991079,0.36999999999999034,0.0,0.36999999999999034,6.665226975321591,2.772072974300079,5.41436374944573,2.11670961527538
2023-12-20 15:29:14,1096.38,1029.22,1088.144150947209,1012.1169845018273,74.69,82.77,1050.1305677245182,2100.2611354490364,76.02716644538168,0.0723978224324274,157.45999999999998,8.079999999999998,2.745283017597103,5.7010051660574845,4.22314409182718,2.9557221484603815,0.6998864789610064,-0.5850943391990313,7.009664944647511,3.2122853027240126,0.3400000000000034,0.20000000000000284,0.14000000000000057,6.669189388132408,2.533050549879678,5.148626112370832,2.0466269072802112
2023-12-20 15:29:15,1099.35,1037.14,1090.945613210407,1018.3727383763705,75.06,83.18,1054.6591757933888,2109.3183515867777,72.57287483403638,0.06881168478966702,158.24,8.120000000000005,2.801462263197891,6.255753874543188,4.528608068870653,3.4542916113452975,0.7627709874738051,0.05617924560078791,0.5547487084857039,0.3054639770434733,0.37000000000000455,0.4100000000000108,0.04000000000000625,6.66493408195434,4.261926066767067,3.3597572755127687,2.0220129217785634
2023-12-20 15:29:16,1102.32,1042.09,1093.7892099078051,1024.3020537822779,75.4,83.62,1059.0456318450415,2118.091263690083,69.48715612552724,0.06561299529544873,159.02,8.219999999999999,2.8435966973981976,5.929315405907346,4.386456051652658,3.085718708509148,0.7034649313040832,0.042134434200306714,-0.3264384686358426,-0.1421520172179953,0.3400000000000034,0.4399999999999977,0.09999999999999432,6.659826595303829,5.958983026292973,3.5727936761553583,2.1453475643987243
2023-12-20 15:29:17,1109.25,1046.05,1097.6544074308538,1029.7390403367085,75.77,84.05,1063.696723883781,2127.393447767562,67.91536709414527,0.06384843114146625,159.82,8.280000000000001,3.865197523048664,5.436986554430632,4.6510920387395345,1.571789031381968,0.3379397097177676,1.0216008256504665,-0.4923288514767137,0.2646359870868764,0.36999999999999034,0.4299999999999926,0.060000000000002274,6.655592023702847,7.03590083761471,4.56439070613466,1.5451157247822291
2023-12-20 15:29:18,1114.2,1052.98,1101.7908055731402,1035.5492802525314,76.11,84.46,1068.670042912836,2137.340085825672,66.24152532060884,0.06198501183589993,160.57,8.349999999999994,4.136398142286453,5.810239915822876,4.973319029054892,1.6738417735364237,0.33656425964096126,0.2712006192377885,0.3732533613922442,0.3222269903153574,0.3400000000000034,0.4099999999999966,0.06999999999999318,6.6554775877023005,7.293688743843932,3.894678021209229,0.28435267445382273
2023-12-20 15:29:19,1116.18,1056.94,1105.3881041798552,1040.8969601893987,76.48,84.86,1073.1425321846268,2146.2850643692536,64.49114399045652,0.06009559960229557,161.34,8.379999999999995,3.5972986067149577,5.34767993686728,4.4724892717908915,1.7503813301523223,0.39136615705849886,-0.5390995355714949,-0.4625599789555963,-0.5008297572640004,0.37000000000000455,0.4000000000000057,0.030000000000001137,6.651435016320763,7.368181711737287,3.0997585443615576,0.2285310021257883
2023-12-20 15:29:20,1123.11,1056.94,1109.8185781348914,1044.9077201420491,76.81,85.27,1077.3631491384704,2154.7262982769407,64.91085799284224,0.060249747714593196,162.07999999999998,8.459999999999994,4.430473955036177,4.01075995265046,4.220616953843546,0.4197140023857173,0.09944373240499077,0.8331753483212196,-1.33691998421682,-0.25187231794734544,0.3299999999999983,0.4099999999999966,0.0799999999999983,6.6471072463682335,7.289139949261349,2.0913162984400855,0.2873337072063311
2023-12-20 15:29:21,1112.22,1065.86,1110.4189336011686,1050.1457901065369,77.08,85.67,1080.2823618538528,2160.5647237077055,60.27314349463177,0.05579387905158818,162.75,8.590000000000003,0.6003554662772785,5.2380699644877495,2.9192127153824003,4.637714498210471,1.588686184150432,-3.830118488758899,1.2273100118372895,-1.3014042384611457,0.269999999999996,0.4000000000000057,0.13000000000000966,6.6376796019426925,6.6465914125580206,2.8450824450596035,0.7914211361789729
2023-12-20 15:29:22,1119.15,1070.82,1112.6017002008766,1055.3143425799026,77.35,86.08,1083.9580213903896,2167.916042780779,57.287357620974035,0.05285016249489215,163.43,8.730000000000004,2.182766599707975,5.1685524733657076,3.675659536536841,2.9857858736577327,0.8123127378000202,1.5824111334306963,-0.06951749112204197,0.7564468211544408,0.269999999999996,0.4099999999999966,0.14000000000000057,6.632552253306231,5.980935090394361,3.7352142388744736,0.787227809792002
2023-12-20 15:29:23,1120.14,1071.81,1114.4862751506575,1059.4382569349268,77.66,86.51,1086.9622660427922,2173.9245320855844,55.048018215730735,0.05064390907100694,164.17000000000002,8.850000000000009,1.8845749497809265,4.123914355024226,3.0042446524025763,2.2393394052432996,0.745391577234185,-0.2981916499270483,-1.0446381183414815,-0.6714148841342649,0.3100000000000023,0.4300000000000068,0.12000000000000455,6.620955469463584,5.422475878295798,4.342626538583482,0.6988283386871285
2023-12-20 15:29:24,1129.05,1079.73,1118.127206362993,1064.5111927011951,77.96,86.92,1091.319199532094,2182.638399064188,53.61601366179798,0.04912954306646162,164.88,8.960000000000008,3.640931212335545,5.0729357662683014,4.3569334893018095,1.4320045539327566,0.3286725006880314,1.7563562625546183,0.9490214112440754,1.3526888368992331,0.29999999999999716,0.4099999999999966,0.10999999999999943,6.618869437853133,5.482094530178156,4.503074195335731,0.6663316679494772
2023-12-20 15:29:25,1116.18,1079.73,1117.640404772245,1068.3158945258965,78.19,87.32,1092.9781496490707,2185.9562992981414,49.32451024634838,0.04512854188078395,165.51,9.129999999999995,-0.4868015907482004,3.8047018247013966,1.6589501169767118,4.291503415449597,2.5868775586772403,-4.127732803083745,-1.2682339415669048,-2.6979833723250977,0.23000000000000398,0.3999999999999915,0.1699999999999875,6.6036985260429715,5.213575503080139,4.095932902972675,1.003381603538865
2023-12-20 15:29:26,1131.03,1083.7,1120.9878035791837,1072.1619208944223,78.46,87.73,1096.574862236803,2193.149724473606,48.82588268476138,0.04452580879032746,166.19,9.27000000000001,3.347398806938827,3.846026368525827,3.596712587732327,0.49862756158699995,0.1386342141024849,3.8342003976870274,0.04132454382443029,1.9377624707556151,0.269999999999996,0.4100000000000108,0.14000000000001478,6.598320329974624,4.9731579217061785,3.664915010727807,1.0146639312976538
2023-12-20 15:29:27,1121.13,1089.65,1121.0233526843879,1076.5339406708167,78.7,88.13,1098.7786466776024,2197.557293355205,44.489412013571155,0.0404898767441511,166.82999999999998,9.429999999999993,0.03554910520415433,4.3720197763943816,2.2037844407993816,4.336470671190227,1.9677372356254672,-3.3118497017346726,0.5259934078685546,-1.3929281469329453,0.2400000000000091,0.3999999999999915,0.15999999999998238,6.586217347547715,4.607921508854212,4.19581525005191,1.0750920160355384
2023-12-20 15:29:28,1137.96,1093.61,1125.257514513291,1080.8029555031126,78.97,88.53,1103.0302350082018,2206.0604700164035,44.4545590101784,0.040302212540480026,167.5,9.560000000000002,4.234161828903098,4.269014832295852,4.251588330599361,0.034853003392754545,0.008197641089630168,4.198612723698943,-0.10300494409852945,2.0478038897999795,0.269999999999996,0.4000000000000057,0.13000000000000966,6.585255095062369,4.665816347035913,3.8330624702151033,1.221481704661781
2023-12-20 15:29:29,1096.38,1091.63,1118.0381358849681,1083.5097166273345,78.97,88.91,1100.7739262561513,2201.5478525123026,34.528419257633686,0.031367402881444593,167.88,9.939999999999998,-7.219378628322829,2.7067611242218845,-2.2563087520504723,9.926139752544714,4.399280614518512,-11.453540457225927,-1.5622537080739676,-6.5078970826498335,0.0,0.37999999999999545,0.37999999999999545,6.556909219080547,3.8711069180337416,5.942849858265021,2.5413423531190253
2023-12-20 15:29:30,1093.41,1099.56,1111.881101913726,1087.522287470501,78.97,89.31,1099.7016946921135,2199.403389384227,24.35881444322513,0.02215038363462243,168.28,10.340000000000003,-6.157033971242072,4.012570843166486,-1.0722315640377929,10.169604814408558,9.484514046199134,1.0623446570807573,1.3058097189446016,1.1840771880126795,0.0,0.4000000000000057,0.4000000000000057,6.5349517955619305,2.389211954063985,9.877297073236978,2.875256890935298
2023-12-20 15:29:31,1092.42,1098.57,1107.0158264352945,1090.2842156028757,78.97,89.68,1098.6500210190852,2197.3000420381704,16.73161083241871,0.015229245434928918,168.65,10.710000000000008,-4.865275478431613,2.7619281323748055,-1.05167367302829,7.6272036108064185,7.2524363345595635,1.2917584928104588,-1.2506427107916807,0.020557891009502782,0.0,0.37000000000000455,0.37000000000000455,6.514378977199563,1.803451718628784,12.296767093929684,2.7119199668362644
2023-12-20 15:29:32,1091.43,1107.49,1103.1193698264708,1094.5856617021568,78.97,90.05,1098.852515764314,2197.705031528628,8.53370812431399,0.007766017726785013,169.01999999999998,11.079999999999998,-3.896456608823655,4.3014460992810655,0.20249474522870514,8.19790270810472,40.48432078829977,0.9688188696079578,1.53951796690626,1.2541684182569952,0.0,0.36999999999999034,0.36999999999999034,6.501316467063055,1.7892780839499896,14.200215978930334,2.5230211727400778
2023-12-20 15:29:33,1090.44,1108.49,1099.949527369853,1098.0617462766177,78.97,90.45,1099.0056368232354,2198.0112736464707,1.8877810932353896,0.001717717387669144,169.42000000000002,11.480000000000004,-3.1698424566177437,3.476084574460856,0.15312105892144245,6.6459270310786,43.40280608745091,0.7266141522059115,-0.8253615248202095,-0.04937368630726269,0.0,0.4000000000000057,0.4000000000000057,6.48687067841084,0.8655013424808179,12.857978690040342,1.0212246687779791
2023-12-20 15:29:34,1123.11,1102.54,1105.7396455273897,1099.1813097074632,79.14,90.72,1102.4604776174265,2204.920955234853,6.558335819926469,0.005948817165900719,169.86,11.579999999999998,5.790118157536654,1.1195634308455737,3.4548407941911137,4.67055472669108,1.3518867157807446,8.959960614154397,-2.356521143615282,3.301719735269671,0.1700000000000017,0.269999999999996,0.09999999999999432,6.490406635623571,1.574584200044853,8.920026742885748,1.8498095872517153
2023-12-20 15:29:35,1131.03,1107.49,1112.0622341455423,1101.2584822805975,79.34,90.89,1106.66035821307,2213.32071642614,10.803751864944843,0.00976248202531374,170.23000000000002,11.549999999999997,6.322588618152622,2.0771725731342485,4.199880595643435,4.2454160450183736,1.010841841213374,0.5324704606159685,0.9576091422886748,0.7450398014523216,0.20000000000000284,0.1700000000000017,0.030000000000001137,6.500971342960104,3.471494405500204,5.471451547055161,2.294601818745614
2023-12-20 15:29:36,1132.02,1096.59,1117.0516756091567,1100.0913617104482,79.54,91.06,1108.5715186598025,2217.143037319605,16.96031389870859,0.01529925097111764,170.60000000000002,11.519999999999996,4.989441463614412,-1.1671205701493363,1.9111604467325378,6.156562033763748,3.221372032325924,-1.33314715453821,-3.244293143283585,-2.2887201489108975,0.20000000000000284,0.1700000000000017,0.030000000000001137,6.498074514429823,4.410982823847692,5.553598149651019,1.8442263471170757
2023-12-20 15:29:37,1139.94,1095.6,1122.7737567068675,1098.9685212828363,79.78,91.06,1110.871138994852,2221.742277989704,23.805235424031252,0.02142934006201797,170.84,11.280000000000001,5.72208109771077,-1.1228404276118908,2.2996203350494397,6.844921525322661,2.976542885994533,0.7326396340963583,0.0442801425374455,0.3884598883169019,0.23999999999999488,0.0,0.23999999999999488,6.502406535310497,4.7708564678376515,8.620729953353601,1.5531979153151227
2023-12-20 15:29:38,1138.95,1106.5,1126.8178175301507,1100.8513909621272,79.98,91.23,1113.834604246139,2227.669208492278,25.966426568023508,0.02331264125366742,171.21,11.25,4.044060823283189,1.882869679290934,2.9634652512870616,2.161191143992255,0.7292781360522088,-1.6780202744275812,3.005710106902825,0.6638449162376219,0.20000000000000284,0.1700000000000017,0.030000000000001137,6.505663207408888,4.29951896183037,8.27597890286219,0.9107937745554484
2023-12-20 15:29:39,1141.93,1097.58,1130.595863147613,1100.0335432215954,80.22,91.36,1115.3147031846042,2230.6294063692085,30.562319926017608,0.02740241817968447,171.57999999999998,11.14,3.7780456174623396,-0.8178477405317608,1.4800989384652894,4.5958933579941,3.1051236734457044,-0.2660152058208496,-2.700717419822695,-1.4833663128217722,0.23999999999999488,0.12999999999999545,0.10999999999999943,6.500260500549853,3.5841850192874567,7.783566999587139,1.0614119291119626
2023-12-20 15:29:40,1147.87,1096.59,1134.9143973607097,1099.1726574161967,80.42,91.36,1117.0435273884532,2234.0870547769064,35.74173994451303,0.03199672979268521,171.78,10.939999999999998,4.318534213096655,-0.860885805398766,1.7288242038489443,5.179420018495421,2.9959188511159462,0.5404885956343151,-0.04303806486700523,0.24872526538365491,0.20000000000000284,0.0,0.20000000000000284,6.502756554230391,3.4083447171305643,7.078255455163766,0.5788781833529013
2023-12-20 15:29:41,1145.89,1110.47,1137.6582980205324,1101.9969930621476,80.65,91.5,1119.82764554134,2239.65529108268,35.66130495838479,0.031845351441828595,172.15,10.849999999999994,2.743900659822657,2.824335645950896,2.7841181528867764,0.08043498612823896,0.02889064070581826,-1.5746335532739977,3.685221451349662,1.0552939490378321,0.23000000000000398,0.14000000000000057,0.09000000000000341,6.5049528843240605,3.3641937912015636,5.462955369324111,0.6444263710848156
2023-12-20 15:29:42,1155.8,1108.49,1142.1937235153994,1103.6202447966107,80.86,91.7,1122.906984156005,2245.81396831201,38.57347871878869,0.03435144604913976,172.56,10.840000000000003,4.535425494867013,1.6232517344631106,3.079338614664948,2.9121737604039026,0.9457137324298559,1.7915248350443562,-1.2010839114877854,0.29522046177817174,0.20999999999999375,0.20000000000000284,0.009999999999990905,6.507342244139213,3.6285291747393735,5.0155662386086135,0.7454828528202521
2023-12-20 15:29:43,1156.79,1114.44,1145.8427926365496,1106.325183597458,81.09,91.87,1126.0839881170036,2252.1679762340073,39.51760903909167,0.03509294992292592,172.96,10.780000000000001,3.6490691211502053,2.7049388008472306,3.177003960998718,0.9441303203029747,0.2971762184488939,-0.8863563737168079,1.08168706638412,0.09766534633376978,0.23000000000000398,0.1700000000000017,0.060000000000002274,6.510661318260536,4.356343549209136,3.490899091333824,0.7901011507240575
2023-12-20 15:29:44,1158.77,1110.47,1149.0745944774121,1107.3613876980935,81.29,92.11,1128.2179910877528,2256.4359821755056,41.713206779318625,0.03697264808029596,173.4,10.819999999999993,3.231801840862545,1.0362041006355867,2.1340029707491794,2.195597740226958,1.0288630060309378,-0.41726728028766047,-1.668734700211644,-1.0430009902495385,0.20000000000000284,0.23999999999999488,0.03999999999999204,6.5064474312647365,4.531038362732939,2.583486931144139,0.6266634714649636
2023-12-20 15:29:45,1162.73,1111.46,1152.488445858059,1108.3860407735701,81.53,92.24,1130.4372433158146,2260.874486631629,44.102405084488964,0.039013581077808064,173.76999999999998,10.709999999999994,3.4138513806469746,1.0246530754766354,2.219252228061805,2.389198305170339,1.0765775959947375,0.18204953978442973,-0.011551025158951234,0.08524925731262556,0.23999999999999488,0.12999999999999545,0.10999999999999943,6.505364774186856,4.213196196554744,3.1945038584427885,0.4815906517869761
2023-12-20 15:29:46,1160.75,1117.41,1154.5538343935443,1110.6420305801776,81.73,92.41,1132.5979324868608,2265.1958649737217,43.91180381336676,0.03877086697322336,174.14,10.679999999999993,2.0653885354852264,2.255989806607431,2.160689171046215,0.1906012711222047,0.08821314303934413,-1.3484628451617482,1.2313367311307957,-0.05856305701558995,0.20000000000000284,0.1700000000000017,0.030000000000001137,6.503950419104804,3.765854796188059,2.5054380271887244,0.526132483928722
2023-12-20 15:29:47,1163.73,1114.44,1156.8478757951584,1111.591522935133,81.97,92.54,1134.2196993651457,2268.4393987302915,45.256352860025345,0.03990087003907242,174.51,10.570000000000007,2.294041401614095,0.9494923549555097,1.621766878284916,1.3445490466585852,0.829063804174306,0.22865286612886848,-1.3064974516519214,-0.5389222927612991,0.23999999999999488,0.13000000000000966,0.10999999999998522,6.499453858608057,3.2700245938648345,2.284237844798607,0.5647131395403885
2023-12-20 15:29:48,1166.7,1111.46,1159.3109068463689,1111.5586422013498,82.17,92.61,1135.4347745238592,2270.8695490477185,47.75226464501907,0.04205636966067685,174.78,10.439999999999998,2.4630310512104643,-0.03288073378325862,1.2150751587134891,2.495911784993723,2.0541196262433217,0.16898964959636942,-0.9823730887387683,-0.4066917195714268,0.20000000000000284,0.06999999999999318,0.13000000000000966,6.496365533971242,2.901004225616967,2.2027497340330284,0.43781302752929613
2023-12-20 15:29:49,1165.71,1107.49,1160.9106801347766,1110.5414816510124,82.4,92.61,1135.7260808928945,2271.452161785789,50.369198483764194,0.04434977701649216,175.01,10.209999999999994,1.5997732884077323,-1.017160550337394,0.29130636903528284,2.616933838745126,8.983411052770746,-0.863257762802732,-0.9842798165541353,-0.9237687896782063,0.23000000000000398,0.0,0.23000000000000398,6.4894924541649175,2.1933563081911998,2.751691341962478,0.7922705489105678
2023-12-20 15:29:50,1134.0,1107.49,1154.1830101010823,1109.7786112382594,82.4,92.68,1131.980810669671,2263.961621339342,44.40439886282297,0.0392271656949083,175.08,10.280000000000001,-6.727670033694267,-0.7628704127530455,-3.7452702232235424,5.964799620941221,1.5926215393840923,-8.327443322101999,0.2542901375843485,-4.036576592258825,0.0,0.07000000000000739,0.07000000000000739,6.465506078387964,1.667991945746518,2.6947126145870537,2.3669865627590805
2023-12-20 15:29:51,1129.05,1103.53,1147.8997575758117,1108.2164584286945,82.4,92.68,1128.058108002253,2256.116216004506,39.68329914711717,0.03517841752160828,175.08,10.280000000000001,-6.283252525270655,-1.56215280956485,-3.9227026674179797,4.7210997157058046,1.2035320829659684,0.44441750842361216,-0.7992823968118046,-0.17743244419443727,0.0,0.0,0.0,6.443100877079918,3.1730569790546963,3.996100181463302,2.7149603515147884
2023-12-20 15:29:52,1129.05,1123.37,1143.1873181818587,1112.0048438215208,82.4,92.78,1127.5960810016898,2255.1921620033795,31.182474360337892,0.027653939968453313,175.18,10.379999999999995,-4.712439393952991,3.788385392826285,-0.4620270005632392,8.500824786779276,18.398938541422325,1.5708131313176636,5.350538202391135,3.4606756668547405,0.0,0.09999999999999432,0.09999999999999432,6.436785446768491,3.883450307137491,7.566348049642484,2.367219740972696
2023-12-20 15:29:53,1129.05,1108.49,1139.652988636394,1111.1261328661406,82.4,92.85,1125.3895607512673,2250.7791215025345,28.526855770253405,0.025348427548822765,175.25,10.449999999999989,-3.534329545464743,-0.8787109553802566,-2.2065202504225,2.6556185900844866,1.2035318443346033,1.1781098484882477,-4.667096348206542,-1.7444932498592607,0.0,0.06999999999999318,0.06999999999999318,6.421623705162017,4.098943614636522,9.077369119568688,1.897395667746535
2023-12-20 15:29:54,1160.75,1109.48,1144.9272414772954,1110.7145996496056,82.47,92.85,1127.8209205634505,2255.641841126901,34.21264182768982,0.030335172165685913,175.32,10.379999999999995,5.274252840901454,-0.4115332165349628,2.4313598121832456,5.685786057436417,2.3385200703020517,8.808582386366197,0.4671777388452938,4.6378800626057455,0.06999999999999318,0.0,0.06999999999999318,6.432927869783954,2.38311117969116,6.435437384688965,2.6414978892743664
2023-12-20 15:29:55,1134.99,1112.45,1142.4429311079716,1111.1484497372041,82.57,92.88,1126.795690422588,2253.591380845176,31.29448137076747,0.027772986362113217,175.45,10.310000000000002,-2.4843103693237936,0.43385008759855737,-1.0252301408625044,2.918160456922351,2.8463439517330373,-7.7585632102252475,0.8453833041335201,-3.45658995304575,0.09999999999999432,0.030000000000001137,0.06999999999999318,6.422317948134911,1.0836117144377062,4.253122098074272,2.348154049696957
2023-12-20 15:29:56,1134.99,1112.45,1140.5796983309788,1111.4738373029031,82.57,92.88,1126.026767816941,2252.053535633882,29.10586102807565,0.025848285168793717,175.45,10.310000000000002,-1.8632327769928452,0.32538756569897487,-0.7689226056470488,2.18862034269182,2.846343026301159,0.6210775923309484,-0.1084625218995825,0.2563075352154556,0.0,0.0,0.0,6.417935374175011,1.029046167925077,2.2390532007360364,1.7183408659655564
2023-12-20 15:29:57,1133.01,1108.49,1138.687273748234,1110.7278779771773,82.57,92.91,1124.7075758627057,2249.4151517254113,27.959395771056734,0.02485925794956191,175.48,10.340000000000003,-1.8924245827447521,-0.7459593257258348,-1.3191919542352935,1.1464652570189173,0.8690656308754299,-0.02919180575190694,-1.0713468914248097,-0.5502693485882446,0.0,0.030000000000001137,0.030000000000001137,6.409320546235384,1.2127360669293734,2.5648622465411752,1.7673536708567916
2023-12-20 15:29:58,1131.03,1109.48,1136.7729553111756,1110.415908482883,82.57,92.91,1123.5944318970292,2247.1888637940583,26.357046828292596,0.02345779407284413,175.48,10.340000000000003,-1.914318437058455,-0.311969494294317,-1.1131439656764996,1.602348942764138,1.4394791264139895,-0.021893854313702832,0.4339898314315178,0.2060479885587938,0.0,0.0,0.0,6.402977122715137,1.6721444023985546,3.0588995462003665,1.57231586611002
2023-12-20 15:29:59,1161.74,1114.44,1143.0147164833816,1111.4219313621622,82.64,92.98,1127.218323922772,2254.436647845544,31.592785121219322,0.02802721036617623,175.62,10.340000000000003,6.241761172205997,1.0060228792792714,3.6238920257428617,5.235738292926726,1.4447827945620586,8.156079609264452,1.3179923735735883,4.737035991419361,0.07000000000000739,0.07000000000000739,0.0,6.418507672840589,1.5021652658922655,2.220554539550612,2.1024785722820343
2023-12-20 15:30:00,1137.96,1112.45,1141.7510373625362,1111.6789485216216,82.71,92.98,1126.7149929420789,2253.4299858841578,30.072088840914603,0.026690058269039526,175.69,10.27000000000001,-1.2636791208453815,0.25701715945933756,-0.5033309806931356,1.520696280304719,3.021259007247218,-7.505440293051379,-0.7490057198199338,-4.127223006435997,0.06999999999999318,0.0,0.06999999999999318,6.413085471734267,1.4873884928775665,1.9968509187966985,2.0588365614839526
2023-12-20 15:30:01,1132.02,1126.34,1139.3182780219022,1115.3442113912163,82.71,93.08,1127.3312447065591,2254.6624894131182,23.97406663068591,0.021266213211060314,175.79,10.370000000000005,-2.432759340633993,3.6652628695946987,0.6162517644802392,6.098022210228692,9.895326336380647,-1.1690802197886114,3.408245710135361,1.1195827451733749,0.0,0.09999999999999432,0.09999999999999432,6.412942933577656,1.6723700379337958,3.004594077490779,2.0251374420594734
2023-12-20 15:30:02,1133.01,1114.44,1137.7412085164267,1115.1181585434124,82.71,93.18,1126.4296835299197,2252.8593670598393,22.623049973014304,0.020083854574957625,175.89,10.470000000000013,-1.5770695054754924,-0.22605284780388502,-0.9015611766394613,1.3510166576716074,1.4985285459816764,0.8556898351585005,-3.8913157173985837,-1.5178129411197006,0.0,0.10000000000000853,0.10000000000000853,6.404171227049568,1.5335407321015417,3.8480427359246785,1.9509275234899983
2023-12-20 15:30:03,1125.09,1110.47,1134.57840638732,1113.9561189075594,82.71,93.18,1124.2672626474396,2248.534525294879,20.622287479760644,0.0183428693039199,175.89,10.470000000000013,-3.1628021291066943,-1.1620396358530343,-2.1624208824800917,2.00076249325366,0.9252415125206632,-1.585732623631202,-0.9359867880491493,-1.2608597058406303,0.0,0.0,0.0,6.391877060978809,1.2435076089944561,4.796878550070756,2.1888374832352864
2023-12-20 15:30:04,1161.74,1111.46,1141.36880479049,1113.3320891806695,82.77,93.18,1127.3504469855798,2254.7008939711595,28.036715609820476,0.024869565324534378,175.95,10.41000000000001,6.790398403170002,-0.6240297268898303,3.0831843381401995,7.414428130059832,2.4047948199352396,9.953200532276696,0.538009908963204,5.245605220620291,0.060000000000002274,0.0,0.060000000000002274,6.407220463645123,1.2666375871999234,3.898492668826827,1.976393135472285
2023-12-20 15:30:05,1134.0,1115.43,1139.5266035928676,1113.8565668855022,82.84,93.18,1126.6915852391849,2253.3831704783697,25.670036707365398,0.022783552323355962,176.02,10.340000000000003,-1.842201197622444,0.5244777048326341,-0.6588617463949049,2.366678902455078,3.592066656378464,-8.632599600792446,1.1485074317224644,-3.7420460845351045,0.07000000000000739,0.0,0.07000000000000739,6.400929319612859,1.2653113842211188,2.8380516278187224,1.9880051399040128
2023-12-20 15:30:06,1135.98,1124.36,1138.6399526946507,1116.4824251641267,82.84,93.28,1127.5611889293887,2255.1223778587773,22.15752753052402,0.01965084265795951,176.12,10.439999999999998,-0.8866508982168853,2.6258582786244915,0.8696036902038031,3.5125091768413768,4.039202198895885,0.9555502994055587,2.1013805737918574,1.528465436598708,0.0,0.09999999999999432,0.09999999999999432,6.402232469493279,1.31035880525293,2.984341522646304,2.0108851782808594
2023-12-20 15:30:07,1134.99,1117.41,1137.727464520988,1116.714318873095,82.84,93.35,1127.2208916970415,2254.441783394083,21.013145647892998,0.01864155090100926,176.19,10.509999999999991,-0.9124881736627231,0.23189370896830042,-0.3402972323472113,1.1443818826310235,3.362879303655606,-0.025837275445837804,-2.393964569656191,-1.2099009225510144,0.0,0.06999999999999318,0.06999999999999318,6.397757451043101,1.352862044880716,3.22330397528119,1.959783103331636
2023-12-20 15:30:08,1132.02,1114.44,1136.300598390741,1116.145739154821,82.84,93.35,1126.223168772781,2252.446337545562,20.154859235919957,0.017895972820365844,176.19,10.509999999999991,-1.4268661302469354,-0.5685797182738952,-0.9977229242604153,0.8582864119730402,0.8602443933668964,-0.5143779565842124,-0.8004734272421956,-0.657425691913204,0.0,0.0,0.0,6.3920946840381765,0.5442146990080732,3.3325568244451973,1.661510948469786
2023-12-20 15:30:09,1159.76,1116.42,1142.1654487930557,1116.2143043661158,82.91,93.35,1129.1898765795859,2258.3797531591717,25.95114442693989,0.022982090915095756,176.26,10.439999999999998,5.864850402314687,0.06856521129475368,2.966707806804834,5.796285191019933,1.9537762444783289,7.291716532561622,0.6371449295686489,3.9644307310652493,0.06999999999999318,0.0,0.06999999999999318,6.406387553461922,1.134232798520837,2.673478894805913,1.6144827022542054
2023-12-20 15:30:10,1133.01,1108.49,1139.876586594792,1114.283228274587,82.98,93.35,1127.0799074346894,2254.159814869379,25.59335832020497,0.022707669730134328,176.32999999999998,10.36999999999999,-2.288862198263814,-1.9310760915288938,-2.1099691448964677,0.3577861067349204,0.16956927452282802,-8.153712600578501,-1.9996413028236475,-5.076676951701302,0.07000000000000739,0.0,0.07000000000000739,6.391878302290088,1.0878858092542347,2.654409476678274,1.9423330041358482
2023-12-20 15:30:11,1134.0,1115.43,1138.407439946094,1114.5699212059403,82.98,93.35,1126.488680576017,2252.977361152034,23.837518740153655,0.021160903904337242,176.32999999999998,10.36999999999999,-1.4691466486979152,0.2866929313534001,-0.5912268586723712,1.7558395800513154,2.9698187497357313,0.819715549565899,2.217769022882294,1.5187422862240965,0.0,0.0,0.0,6.388525345587772,1.1647358903671599,2.6314491387552703,1.9028973046459308
2023-12-20 15:30:12,1135.98,1112.45,1137.8005799595703,1114.0399409044553,82.98,93.39,1125.9202604320128,2251.8405208640256,23.760639055115007,0.021103305330783195,176.37,10.409999999999997,-0.6068599865236592,-0.5299803014850113,-0.5684201440042216,0.07687968503864795,0.13525127601178216,0.862286662174256,-0.8166732328384114,0.022806714668149652,0.0,0.04000000000000625,0.04000000000000625,6.383853569474169,1.3067872348480167,2.297599885548938,1.9093911567550785
2023-12-20 15:30:13,1134.99,1110.47,1137.0979349696777,1113.1474556783414,82.98,93.39,1125.1226953240096,2250.245390648019,23.95047929133625,0.021286993293786565,176.37,10.409999999999997,-0.702644989892633,-0.8924852261138767,-0.7975651080032549,0.18984023622124369,0.2380244525391354,-0.09578500336897378,-0.3625049246288654,-0.22914496399903328,0.0,0.0,0.0,6.379331456283257,1.5383582098948723,1.0628262590182902,1.8920806933843544
2023-12-20 15:30:14,1166.7,1116.42,1144.4984512272583,1113.965591758756,83.04,93.39,1129.2320214930073,2258.4640429860146,30.532859468502238,0.027038605760660944,176.43,10.349999999999994,7.400516257580648,0.8181360804146607,4.109326168997768,6.582380177165987,1.6018145809430346,8.103161247473281,1.7106213065285374,4.906891277001023,0.060000000000002274,0.0,0.060000000000002274,6.400453523168133,1.5550236987566637,2.894931355950504,2.3794398961157404
2023-12-20 15:30:15,1139.94,1109.48,1143.3588384204436,1112.8441938190672,83.08,93.39,1128.1015161197554,2256.203032239511,30.514644601376403,0.027049555503910444,176.47,10.310000000000002,-1.139612806814739,-1.1213979396889044,-1.1305053732519355,0.018214867125834644,0.01611213130399171,-8.540129064395387,-1.9395340201035651,-5.2398315422497035,0.03999999999999204,0.0,0.03999999999999204,6.392596530442336,1.6690701024377537,3.6562425669308007,2.1945744383086283
2023-12-20 15:30:16,1134.99,1110.47,1141.2666288153328,1112.2506453643005,83.08,93.39,1126.7586370898166,2253.517274179633,29.015983451032298,0.025751729314649693,176.47,10.310000000000002,-2.0922096051108383,-0.5935484547667329,-1.3428790299387856,1.4986611503441054,1.1160052401795126,-0.9525967982960992,0.5278494849221715,-0.21237365668685015,0.0,0.0,0.0,6.384986857283559,1.6537814315485841,3.4333424062047113,2.28651286400034
2023-12-20 15:30:17,1135.98,1112.45,1139.9449716114996,1112.3004840232254,83.08,93.39,1126.1227278173624,2252.2454556347247,27.64448758827416,0.024548379036187284,176.47,10.310000000000002,-1.3216572038331833,0.04983865892495487,-0.6359092724542279,1.3714958627581382,2.1567443115284113,0.770552401277655,0.6433871136916878,0.7069697574845577,0.0,0.0,0.0,6.3813833594150795,1.6220818897648368,2.7269923806385754,2.2912998574543955
2023-12-20 15:30:18,1136.97,1112.45,1139.2012287086247,1112.337863017419,83.08,93.39,1125.769545863022,2251.539091726044,26.863365691205672,0.023862224525490982,176.47,10.310000000000002,-0.7437429028748284,0.03737899419365931,-0.35318195434047084,0.7811218970684877,2.211663636279232,0.5779143009583549,-0.012459664731295561,0.28272731811375706,0.0,0.0,0.0,6.379381988347254,1.444239410747625,1.659060895155266,2.2590574927893927
2023-12-20 15:30:19,1162.73,1112.45,1145.0834215314685,1112.3658972630642,83.15,93.39,1128.7246593972664,2257.4493187945327,32.717524268404304,0.028986275764444652,176.54000000000002,10.239999999999995,5.882192822843763,0.028034245645130795,2.955113534244447,5.854158577198632,1.9810259498775746,6.625935725718591,-0.009344748548528514,3.3082954885849176,0.07000000000000739,0.0,0.07000000000000739,6.393591554342781,1.2731992629015816,2.3398877836106595,1.7529758501403832
2023-12-20 15:30:20,1138.95,1107.49,1143.5500661486014,1111.1469229472982,83.18,93.39,1127.34849454795,2254.6969890959,32.40314320130324,0.028742791895556327,176.57,10.209999999999994,-1.5333553828670574,-1.2189743157659905,-1.3761648493164103,0.31438106710106695,0.22844707798644404,-7.41554820571082,-1.2470085614111213,-4.331278383560857,0.030000000000001137,0.0,0.030000000000001137,6.384711378848268,1.1643185076385953,2.6994334451986246,1.7920351266062158
2023-12-20 15:30:21,1137.96,1109.48,1142.1525496114511,1110.7301922104737,83.18,93.39,1126.4413709109624,2252.882741821925,31.42235740097749,0.027895244425966637,176.57,10.209999999999994,-1.3975165371502953,-0.4167307368245474,-0.9071236369875351,0.9807858003257479,1.0812029133976933,0.13583884571676208,0.802243578941443,0.4690412123288752,0.0,0.0,0.0,6.379573905710985,1.1854546822461314,2.754504515473089,1.7290449325831805
2023-12-20 15:30:22,1134.0,1111.46,1140.1144122085884,1110.9126441578553,83.18,93.39,1125.5135281832218,2251.0270563664435,29.201768050733108,0.02594528390247308,176.57,10.209999999999994,-2.0381374028627306,0.18245194738165083,-0.9278427277406536,2.2205893502443814,2.393279475684584,-0.6406208657124353,0.5991826842061982,-0.020719090753118508,0.0,0.0,0.0,6.374319090496136,1.3079016696256311,2.4646646188508377,1.7578967380790451
2023-12-20 15:30:23,1134.99,1109.48,1138.8333091564414,1110.5544831183915,83.18,93.39,1124.6938961374165,2249.387792274833,28.27882603804983,0.025143575607572344,176.57,10.209999999999994,-1.2811030521470457,-0.35816103946376643,-0.8196320458052924,0.9229420126832792,1.1260429498379796,0.7570343507156849,-0.5406129868454173,0.10821068193536121,0.0,0.0,0.0,6.369677123904057,1.5730364999536863,1.9713477697613992,1.785404949657318
2023-12-20 15:30:24,1163.73,1109.48,1145.057481867331,1110.2858623387938,83.28,93.39,1127.6716721030625,2255.343344206125,34.77161952853726,0.03083487894384604,176.67000000000002,10.11,6.224172710889661,-0.268620779597768,2.9777759656460603,6.492793490487429,2.1804163190841086,7.505275763036707,0.08954025986599845,3.7974080114513526,0.09999999999999432,0.0,0.09999999999999432,6.382926731873751,1.2443079221906057,2.5873945762240735,1.795465472825647
2023-12-20 15:30:25,1139.94,1105.51,1143.7781114004983,1109.0918967540954,83.31,93.39,1126.435004077297,2252.870008154594,34.68621464640296,0.030792912587107285,176.7,10.079999999999998,-1.2793704668326882,-1.1939655846983896,-1.236668025765539,0.08540488213429853,0.06906041984954714,-7.503543177722349,-0.9253448051006217,-4.214443991411599,0.030000000000001137,0.0,0.030000000000001137,6.374844355984452,1.1188095419447215,3.0154240116151927,1.7737789215576627
2023-12-20 15:30:26,1137.96,1107.49,1142.3235835503738,1108.6914225655714,83.31,93.39,1125.5075030579726,2251.015006115945,33.63216098480234,0.02988177410061054,176.7,10.079999999999998,-1.4545278501245775,-0.4004741885239582,-0.9275010193243816,1.0540536616006193,1.1364435221051286,-0.17515738329188935,0.7934913961744314,0.30916700644115735,0.0,0.0,0.0,6.3695953406246595,1.136053087918189,3.129444707001188,1.7758816565962756
2023-12-20 15:30:27,1134.0,1100.55,1140.2426876627803,1106.6560669241785,83.31,93.39,1123.4493772934793,2246.8987545869586,33.58662073860182,0.029895980528842278,176.7,10.079999999999998,-2.0808958875934422,-2.0353556413929255,-2.0581257644932975,0.045540246200516776,0.022127036578200563,-0.6263680374688647,-1.6348814528689672,-1.130624745168916,0.0,0.0,0.0,6.357947769867185,1.6149341463865141,2.6932690862633053,1.9565460780566275
2023-12-20 15:30:28,1136.97,1105.51,1139.4245157470853,1106.3695501931338,83.31,93.39,1122.8970329701096,2245.7940659402193,33.05496555395143,0.029437218688771884,176.7,10.079999999999998,-0.8181719156950749,-0.286516731044685,-0.5523443233696526,0.5316551846503899,0.9625412982714511,1.2627239718983674,1.7488389103482405,1.505781441123645,0.0,0.0,0.0,6.35482188237288,2.006052251883465,0.7501925741894434,1.9462770944808276
2023-12-20 15:30:29,1169.67,1100.55,1146.985886810314,1104.9146626448503,83.38,93.39,1125.9502747275822,2251.9005494551643,42.07122416546372,0.03736508180903242,176.76999999999998,10.010000000000005,7.561371063228762,-1.4548875482835228,3.053241757472506,9.016258611512285,2.9530107258736287,8.379542978923837,-1.1683708172388378,3.6055860808421585,0.06999999999999318,0.0,0.06999999999999318,6.369577803688434,1.5756707694577787,3.772509528315251,1.9786494955865752
2023-12-20 15:30:30,1141.93,1104.52,1145.7219151077356,1104.815996983638,83.41,93.39,1125.2689560456868,2250.5379120913735,40.90591812409775,0.03635212530121982,176.8,9.980000000000004,-1.2639717025783739,-0.09866566121240794,-0.6813186818953909,1.165306041365966,1.7103660327618213,-8.825342765807136,1.356221887071115,-3.734560439367897,0.030000000000001137,0.0,0.030000000000001137,6.364643380548888,1.352522193513445,4.44180222044076,1.9310470494233558
2023-12-20 15:30:31,1137.96,1099.56,1143.7814363308016,1103.5019977377283,83.41,93.39,1123.641717034265,2247.28343406853,40.27943859307334,0.03584722598546757,176.8,9.980000000000004,-1.9404787769340146,-1.3139992459095993,-1.627239011421807,0.6264795310244153,0.38499516151709334,-0.6765070743556407,-1.2153335846971913,-0.945920329526416,0.0,0.0,0.0,6.355439540038605,1.300996403978941,4.305353494247233,2.0173696731724524
2023-12-20 15:30:32,1134.99,1099.56,1141.5835772481012,1102.5164983032962,83.41,93.39,1122.0500377756987,2244.1000755513974,39.06707894480496,0.034817590655254714,176.8,9.980000000000004,-2.197859082700461,-0.9854994344320858,-1.5916792585662733,1.2123596482683752,0.7616854212669723,-0.2573803057664463,0.3284998114775135,0.03555975285553359,0.0,0.0,0.0,6.3464368293510285,1.624323336896126,3.53628221432435,1.928813370486549
2023-12-20 15:30:33,1137.96,1102.54,1140.6776829360758,1102.522373727472,83.41,93.39,1121.600028331774,2243.200056663548,38.15530920860374,0.03401864141474379,176.8,9.980000000000004,-0.9058943120253389,0.005875424175883381,-0.45000944392472775,0.9117697362012223,2.0261079459607654,1.291964770675122,0.9913748586079691,1.1416698146415456,0.0,0.0,0.0,6.343891527080783,1.914483508241636,1.5342821336096255,1.925739749522578
2023-12-20 15:30:34,1165.71,1102.54,1146.9357622020568,1102.526780295604,83.48,93.39,1124.7312712488306,2249.462542497661,44.40898190645271,0.03948408211115149,176.87,9.909999999999997,6.258079265980996,0.004406568132026223,3.1312429170566247,6.25367269784897,1.9971847813527839,7.163973578006335,-0.0014688560438571585,3.5812523609813525,0.07000000000000739,0.0,0.07000000000000739,6.359084439926195,1.610042620276643,2.3991837617244296,1.9593073787527433
2023-12-20 15:30:35,1137.96,1101.54,1144.6918216515426,1102.280085221703,83.48,93.39,1123.4859534366228,2246.9719068732456,42.41173642983949,0.03775012608066564,176.87,9.909999999999997,-2.243940550514253,-0.24669507390103718,-1.2453178122077588,1.997245476613216,1.6038025419951754,-8.502019816495249,-0.2511016420330634,-4.3765607292643836,0.0,0.0,0.0,6.352043574854861,1.2704116199179842,2.5431293025671238,2.0064606375592042
2023-12-20 15:30:36,1141.93,1100.55,1144.001366238657,1101.8475639162773,83.48,93.39,1122.9244650774672,2245.8489301549344,42.15380232237976,0.03753930348461362,176.87,9.909999999999997,-0.6904554128855125,-0.43252130542578016,-0.5614883591556463,0.25793410745973233,0.4593748808483338,1.5534851376287406,-0.18582623152474298,0.6838294530521125,0.0,0.0,0.0,6.348868992642043,1.2341831487539834,2.5732930530920135,1.8910201694027453
2023-12-20 15:30:37,1137.96,1100.55,1142.4910246789927,1101.523172937208,83.48,93.39,1122.0070988081004,2244.014197616201,40.96785174178467,0.03651300579897533,176.87,9.909999999999997,-1.5103415596643117,-0.32439097906922143,-0.9173662693667666,1.1859505805950903,1.2927762088282475,-0.8198861467787992,0.10813032635655873,-0.35587791021112025,0.0,0.0,0.0,6.343682322974038,1.2422068327968052,2.2978027615486076,1.782867665959264
2023-12-20 15:30:38,1138.95,1102.54,1141.6057685092446,1101.777379702906,83.48,93.39,1121.6915741060752,2243.3831482121504,39.82838880633858,0.03550743331790837,176.87,9.909999999999997,-0.8852561697481178,0.2542067656979725,-0.31552470202518634,1.1394629354460903,3.611315744272188,0.6250853899161939,0.5785977447671939,0.6018415673415802,0.0,0.0,0.0,6.341898387313715,1.2177736534899177,1.7151596854338018,1.7755427635295051
2023-12-20 15:30:39,1152.82,1099.56,1144.4093263819334,1101.2230347771797,83.58,93.39,1122.8161805795567,2245.6323611591133,43.186291604753706,0.03846247704054286,176.97,9.810000000000002,2.8035578726887707,-0.5543449257263546,1.1246064734814354,3.3579027984151253,2.985844285757858,3.6888140424368885,-0.8085516914243271,1.4401311755066217,0.09999999999999432,0.0,0.09999999999999432,6.344669572441019,0.726735456254978,1.319097740652528,0.9135682249451211
2023-12-20 15:30:40,1142.92,1098.57,1144.0369947864501,1100.5597760828848,83.58,93.39,1122.2983854346676,2244.596770869335,43.47721870356531,0.03873944686108328,176.97,9.810000000000002,-0.3723315954832742,-0.6632586942948819,-0.5177951448890781,0.2909270988116077,0.5618564403833672,-3.175889468172045,-0.1089137685685273,-1.6424016183705135,0.0,0.0,0.0,6.341743680244809,0.5246604060899486,1.5300714851184727,0.7917028905531284
2023-12-20 15:30:41,1139.94,1100.55,1143.0127460898375,1100.5573320621636,83.58,93.39,1121.7850390760004,2243.570078152001,42.455414027673896,0.037846300771489656,176.97,9.810000000000002,-1.0242486966126307,-0.0024440207212137466,-0.5133463586671496,1.021804675891417,1.9904742055056468,-0.6519171011293565,0.6608146735736682,0.004448786221928458,0.0,0.0,0.0,6.33884292669468,0.45414271285517543,1.547308195727799,0.787056923516357
2023-12-20 15:30:42,1137.96,1101.54,1141.7495595673781,1100.8029990466227,83.58,93.39,1121.2762793070006,2242.552558614001,40.94656052075538,0.03651781567121387,176.97,9.810000000000002,-1.263186522459364,0.2456669844591488,-0.5087597689998802,1.5088535069185127,2.965742641447395,-0.23893782584673318,0.24811100518036255,0.004586589667269436,0.0,0.0,0.0,6.335968090473145,0.5951423206676527,1.5508257606239961,0.7155328307854177
2023-12-20 15:30:43,1137.96,1098.57,1140.8021696755336,1100.244749284967,83.58,93.39,1120.5234594802503,2241.0469189605005,40.557420390566676,0.0361950658071755,176.97,9.810000000000002,-0.9473898918445229,-0.5582497616558157,-0.752819826750283,0.3891401301887072,0.5169093579258643,0.315796630614841,-0.8039167461149646,-0.24406005775040285,0.0,0.0,0.0,6.3317141501301695,0.8898026581323827,1.3143471081518059,0.7663308447582791
2023-12-20 15:30:44,1157.78,1099.56,1145.0466272566503,1100.0735619637253,83.65,93.39,1122.5600946101877,2245.1201892203753,44.97306529292496,0.04006294671331519,177.04000000000002,9.739999999999995,4.244457581116649,-0.17118732124163216,2.0366351299373946,4.415644902358281,2.168106927619916,5.191847472961172,0.3870624404141836,2.7894549566876776,0.07000000000000739,0.0,0.07000000000000739,6.340714461531141,0.8167316568603752,1.8205874342032635,1.1717483878676995
2023-12-20 15:30:45,1139.94,1097.58,1143.7699704424876,1099.450171472794,83.65,93.39,1121.6100709576408,2243.2201419152816,44.31979896969369,0.03951444452735575,177.04000000000002,9.739999999999995,-1.2766568141626067,-0.6233904909313424,-0.9500236525468608,0.6532663232312643,0.6876309172398464,-5.521114395279255,-0.4522031696897102,-2.9866587824842554,0.0,0.0,0.0,6.335348308982673,0.7429412117271559,1.9687127212643218,1.2293057905881872
2023-12-20 15:30:46,1141.93,1093.61,1143.3099778318658,1097.9901286045954,83.65,93.39,1120.6500532182306,2241.300106436461,45.319849227270424,0.04044067910110057,177.04000000000002,9.739999999999995,-0.45999261062183905,-1.4600428681985704,-0.9600177394102047,1.0000502575767314,1.0416986841226874,0.8166642035407676,-0.8366523772672281,-0.00999408686334391,0.0,0.0,0.0,6.329925705424225,0.8226653525858805,2.288556530545714,1.278670918132327
2023-12-20 15:30:47,1139.94,1098.57,1142.4674833738995,1098.1350964534465,83.65,93.39,1120.301289913673,2240.602579827346,44.33238692045302,0.03957184311043442,177.04000000000002,9.739999999999995,-0.8424944579662679,0.14496784885113811,-0.34876330455767857,0.987462306817406,2.8313170066809397,-0.3825018473444288,1.6050107170497085,0.6112544348525262,0.0,0.0,0.0,6.327955736476034,0.9434821640959365,1.9172550527710055,1.2718406271630383
2023-12-20 15:30:48,1139.94,1097.58,1141.8356125304247,1097.9963223400848,83.65,93.39,1119.9159674352547,2239.8319348705095,43.83929019033985,0.03914516037448064,177.04000000000002,9.739999999999995,-0.6318708434748714,-0.13877411336170553,-0.3853224784181748,0.4930967301131659,1.2796955226746642,0.21062361449139644,-0.28374196221284365,-0.03655917386049623,0.0,0.0,0.0,6.325779265191343,1.0713993196789633,0.5867009315680675,1.2418093242230859
2023-12-20 15:30:49,1147.87,1097.58,1143.3442093978185,1097.8922417550637,83.72,93.39,1120.618225576441,2241.236451152882,45.45196764275488,0.040559725484399345,177.11,9.670000000000002,1.5085968673938623,-0.10408058502116546,0.7022581411863484,1.6126774524150278,2.2964136140551776,2.1404677108687338,0.03469352834054007,1.0875806196045232,0.06999999999999318,0.0,0.06999999999999318,6.327244194281502,0.6281681614336048,0.6998171066401047,0.6769940330938649
2023-12-20 15:30:50,1141.93,1096.59,1142.990657048364,1097.5666813162977,83.72,93.39,1120.2786691823308,2240.5573383646615,45.42397573206631,0.04054703257420168,177.11,9.670000000000002,-0.3535523494545032,-0.3255604387659332,-0.3395563941103319,0.027991910688569988,0.082436463390559,-1.8621492168483655,-0.22147985374476775,-1.0418145352966803,0.0,0.0,0.0,6.325326988069582,0.2990742212825337,0.7414966744801749,0.6011826301438153
2023-12-20 15:30:51,1141.93,1096.59,1142.725492786273,1097.3225109872233,83.72,93.39,1120.024001886748,2240.048003773496,45.40298179904971,0.04053750784092853,177.11,9.670000000000002,-0.26516426209104793,-0.2441703290744499,-0.2546672955827489,0.02099393301659802,0.08243638246589867,0.08838808736345527,0.0813901096914833,0.08488909852758297,0.0,0.0,0.0,6.323889083410642,0.2734929828957349,0.7548197496987018,0.46503808288494375
2023-12-20 15:30:52,1137.96,1095.6,1141.5341195897047,1096.8918832404174,83.72,93.39,1119.2130014150612,2238.4260028301223,44.64223634928726,0.03988716736935445,177.11,9.670000000000002,-1.1913731965682928,-0.4306277468058397,-0.8110004716868389,0.7607454497624531,0.9380321446028254,-0.9262089344772448,-0.1864574177313898,-0.5563331761040899,0.0,0.0,0.0,6.319310005622218,0.5211445089587052,0.7089058325229246,0.55736910555116
2023-12-20 15:30:53,1134.0,1095.6,1139.6505896922786,1096.568912430313,83.72,93.39,1118.1097510612958,2236.2195021225916,43.081677261965524,0.038530812545496645,177.11,9.670000000000002,-1.883529897426115,-0.3229708101043798,-1.103250353765361,1.5605590873217352,1.414509107100207,-0.6921567008578222,0.10765693670145993,-0.2922498820785222,0.0,0.0,0.0,6.313080824054062,1.0044761828099338,1.0192540607205516,0.688425751866409
2023-12-20 15:30:54,1147.87,1115.43,1141.705442269209,1101.2841843227347,83.82,93.49,1121.4948132959719,2242.9896265919438,40.42125794647427,0.03604230481604952,177.31,9.670000000000002,2.0548525769304433,4.715271892421697,3.38506223467607,2.6604193154912537,0.7859289859753061,3.9383824743565583,5.038242702526077,4.488312588441431,0.09999999999999432,0.09999999999999432,0.0,6.325051079865325,1.2599911281581277,2.112341115751968,1.8275668394756455
2023-12-20 15:30:55,1142.92,1111.46,1142.0090817019068,1103.828138242051,83.82,93.49,1122.9186099719789,2245.8372199439577,38.180943459855825,0.03400152342902845,177.31,9.670000000000002,0.3036394326977643,2.543953919316209,1.4237966760069867,2.240314486618445,1.5734781172711028,-1.751213144232679,-2.171317973105488,-1.9612655586690835,0.0,0.0,0.0,6.333081065021137,1.8924910707823133,3.0087949380665155,1.8729471677191134
2023-12-20 15:30:56,1136.97,1108.49,1140.74931127643,1104.9936036815382,83.82,93.49,1122.8714574789842,2245.7429149579684,35.755707594891874,0.03184309951499322,177.31,9.670000000000002,-1.259770425476745,1.1654654394872068,-0.047152492994655404,2.425235864963952,51.43279343565999,-1.5634098581745093,-1.3784884798290022,-1.470949169001642,0.0,0.0,0.0,6.3328151325146305,2.1762565364346407,3.594465849238253,1.8534662866533684
2023-12-20 15:30:57,1136.97,1112.45,1139.8044834573225,1106.8577027611536,83.82,93.49,1123.331093109238,2246.662186218476,32.946780696168844,0.02932953682929473,177.31,9.670000000000002,-0.9448278191075588,1.864099079615471,0.45963563025384246,2.80892689872303,6.111190261689436,0.31494260636918625,0.6986336401282642,0.5067881232484979,0.0,0.0,0.0,6.335407403834136,2.1470669700904024,3.9452722409417924,1.6974066307301556
2023-12-20 15:30:58,1140.94,1110.47,1140.0883625929919,1107.7607770708653,83.82,93.49,1123.9245698319287,2247.8491396638574,32.32758552212658,0.028763127313959965,177.31,9.670000000000002,0.2838791356693946,0.9030743097116556,0.5934767226906388,0.619195174042261,1.0433334738076223,1.2287069547769534,-0.9610247699038155,0.13384109243679632,0.0,0.0,0.0,6.338754517473206,0.8959584992560918,3.4331271056896284,1.349918768921657
2023-12-20 15:30:59,1147.87,1112.45,1142.0337719447439,1108.9330828031489,83.89,93.49,1125.4834273739464,2250.9668547478927,33.10068914159501,0.029410196815974062,177.38,9.599999999999994,1.945409351752005,1.1723057322835757,1.5588575420176767,0.7731036194684293,0.4959421260044407,1.6615302160826104,0.2692314225719201,0.9653808193270379,0.07000000000000739,0.0,0.07000000000000739,6.345041273136234,1.079817131528169,2.4601321698020198,0.6784409054738546
2023-12-20 15:31:00,1141.93,1110.47,1142.0078289585579,1109.3173121023617,83.89,93.49,1125.6625705304598,2251.3251410609196,32.690516856196155,0.029041133358240618,177.38,9.599999999999994,-0.025942986186009875,0.38422929921284776,0.17914315651341894,0.41017228539885764,2.289621349542224,-1.971352337938015,-0.7880764330707279,-1.3797143855042577,0.0,0.0,0.0,6.346051213126669,1.26167208972496,1.3685214615097678,0.6168403537588257
2023-12-20 15:31:01,1138.95,1108.49,1141.2433717189183,1109.1104840767712,83.89,93.49,1125.1769278978447,2250.3538557956895,32.132887642147125,0.02855807546073892,177.38,9.599999999999994,-0.7644572396395688,-0.20682802559053926,-0.485642632615054,0.5576292140490295,1.148227170294303,-0.7385142534535589,-0.591057324803387,-0.664785789128473,0.0,0.0,0.0,6.343313347358955,1.029772241530105,0.4073285248248868,0.7413532619423964
2023-12-20 15:31:02,1141.93,1107.49,1141.4150287891887,1108.7053630575783,83.89,93.49,1125.0601959233836,2250.1203918467672,32.70966573161036,0.029073702741470177,177.38,9.599999999999994,0.1716570702703848,-0.4051210191928476,-0.11673197446111772,0.5767780894632324,4.941003963326145,0.9361143099099536,-0.19829299360230834,0.3689106581539363,0.0,0.0,0.0,6.342655257530321,0.6791987908570745,0.3751713773781868,0.7851527780158827
2023-12-20 15:31:03,1140.94,1108.49,1141.2962715918916,1108.6515222931837,83.89,93.49,1124.9738969425375,2249.947793885075,32.64474929870789,0.029018228208149366,177.38,9.599999999999994,-0.11875719729709999,-0.0538407643946357,-0.08629898084609522,0.0649164329024643,0.7522183929360807,-0.2904142675674848,0.3512802547982119,0.030432993615022497,0.0,0.0,0.0,6.342168737176507,0.29155196748622864,0.3448160847330729,0.7903850745663742
2023-12-20 15:31:04,1145.89,1108.49,1142.4447036939187,1108.6111417198877,83.95,93.49,1125.5279227069032,2251.0558454138063,33.833561974031,0.030060171108506,177.44,9.539999999999992,1.1484321020270727,-0.04038057329603362,0.5540257643656332,1.1888126753231063,2.1457675906403364,1.2671892993241727,0.013460191098602081,0.6403247452117284,0.060000000000002274,0.0,0.060000000000002274,6.343146507911163,0.3001925180800545,0.6240017955724604,0.38586379907470314
2023-12-20 15:31:05,1143.91,1109.48,1142.811027770439,1108.8283562899157,83.95,93.49,1125.8196920301775,2251.639384060355,33.98267148052332,0.030184825945847454,177.44,9.539999999999992,0.36632407652041366,0.21721457002809075,0.2917693232743659,0.1491095064923229,0.5110509691971241,-0.782108025506659,0.25759514332412436,-0.26225644109126733,0.0,0.0,0.0,6.344790834565976,0.3536724764239577,0.8069112182279313,0.40126645979327713
2023-12-20 15:31:06,1142.92,1108.49,1142.8382708278293,1108.7437672174367,83.95,93.49,1125.791019022633,2251.582038045266,34.09450361039262,0.03028493122081146,177.44,9.539999999999992,0.027243057390251124,-0.0845890724790479,-0.028673007544512075,0.11183212986929902,3.9001220773097898,-0.33908101913016253,-0.30180364250713865,-0.32044233081887796,0.0,0.0,0.0,6.3446292418733305,0.39889385254736814,0.7146189896675889,0.29092452328501384
2023-12-20 15:31:07,1139.94,1108.49,1142.1137031208718,1108.6803254130775,83.95,93.49,1125.3970142669746,2250.794028533949,33.43337770779431,0.029708073910132953,177.44,9.539999999999992,-0.7245677069574867,-0.06344180435917224,-0.3940047556584432,0.6611259025983145,1.677960012268027,-0.7518107643477379,0.021147268119875662,-0.3653317481139311,0.0,0.0,0.0,6.342408746193451,0.3446182702730095,0.5885925091272366,0.36499793465415814
2023-12-20 15:31:08,1141.93,1108.49,1142.067777340654,1108.6327440598081,83.95,93.49,1125.350260700231,2250.700521400462,33.4350332808458,0.029710779318014826,177.44,9.539999999999992,-0.045925780217885404,-0.04758135326937918,-0.046753566743518604,0.001655573051493775,0.035409868314591544,0.6786419267396013,0.01586045108979306,0.34725118891492457,0.0,0.0,0.0,6.342145256752062,0.21847056542673882,0.30784945477111847,0.36124497740806105
2023-12-20 15:31:09,1148.86,1103.53,1143.7658330054903,1107.357058044856,84.02,93.49,1125.5614455251732,2251.1228910503464,36.40877496063422,0.03234721220510455,177.51,9.469999999999999,1.6980556648363745,-1.2756860149520435,0.2111848249421655,2.973741679788418,14.081161368679904,1.74398144505426,-1.2281046616826643,0.2579383916856841,0.06999999999999318,0.0,0.06999999999999318,6.340833976589146,0.2170909784611765,1.2333711395274083,0.2682123213366679
2023-12-20 15:31:10,1143.91,1102.54,1143.8018747541178,1106.1527935336421,84.02,93.49,1124.97733414388,2249.95466828776,37.64908122047564,0.03346652420838369,177.51,9.469999999999999,0.03604174862744003,-1.204264511213978,-0.584111381293269,1.240306259841418,2.123403474337055,-1.6620139162089345,0.07142150373806544,-0.7952962062354345,0.0,0.0,0.0,6.337543393647325,0.2995420675522715,1.9186936876041325,0.3170644883801143
2023-12-20 15:31:11,1143.91,1107.49,1143.8289060655884,1106.4870951502317,84.02,93.49,1125.15800060791,2250.31600121582,37.341810915356746,0.03318805968761128,177.51,9.469999999999999,0.027031311470636865,0.33430161658952784,0.18066646403008235,0.307270305118891,1.7007506402355235,-0.009010437156803164,1.5385661278035059,0.7647778453233514,0.0,0.0,0.0,6.338561175535738,0.22580012517661383,2.076879626392111,0.3520329132610773
2023-12-20 15:31:12,1142.92,1104.52,1143.6016795491914,1105.9953213626736,84.02,93.49,1124.7985004559325,2249.597000911865,37.60635818651781,0.033433862276523625,177.51,9.469999999999999,-0.22722651639696778,-0.49177378755803147,-0.3595001519774996,0.2645472711610637,0.7358732223968538,-0.25425782786760465,-0.8260754041475593,-0.540166616007582,0.0,0.0,0.0,6.336535936676225,0.300414534774442,1.7786729522374316,0.34576292677959525
2023-12-20 15:31:13,1139.94,1105.51,1142.6862596618935,1105.8739910220052,84.02,93.49,1124.2801253419493,2248.5602506838986,36.812268639888316,0.032742968391395254,177.51,9.469999999999999,-0.9154198872979578,-0.12133034066846449,-0.5183751139832111,0.7940895466294933,1.531879122530734,-0.68819337090099,0.370443446889567,-0.1588749620057115,0.0,0.0,0.0,6.33361567803692,0.47154854277685865,0.5377454102276995,0.38319077765758297
2023-12-20 15:31:14,1146.88,1103.53,1143.7346947464202,1105.287993266504,84.09,93.49,1124.511344006462,2249.022688012924,38.44670147991633,0.034189696396255916,177.57999999999998,9.399999999999991,1.0484350845267727,-0.5859977555012392,0.23121866451265305,1.634432840028012,7.068744968006693,1.9638549718247305,-0.46466741483277474,0.7495937784958642,0.07000000000000739,0.0,0.07000000000000739,6.332421092882313,0.3528861382897492,0.5921149752599569,0.38881198089483954
2023-12-20 15:31:15,1137.96,1103.53,1142.2910210598152,1104.848494949878,84.09,93.49,1123.5697580048466,2247.139516009693,37.44252610993726,0.033324611854185504,177.57999999999998,9.399999999999991,-1.4436736866050524,-0.43949831662598626,-0.9415860016154056,1.004175369979066,1.0664711473886985,-2.492108771131825,0.14649943887525296,-1.1728046661280587,0.0,0.0,0.0,6.327118772821984,0.5977554801289598,0.5925321239884489,0.49355487058581965
2023-12-20 15:31:16,1139.94,1102.54,1141.7032657948614,1104.2713712124084,84.09,93.49,1122.987318503635,2245.97463700727,37.43189458245297,0.033332428543358814,177.57999999999998,9.399999999999991,-0.5877552649537847,-0.577123737469492,-0.5824395012116383,0.010631527484292747,0.018253413803085827,0.8559184216512676,-0.1376254208435057,0.3591465004037673,0.0,0.0,0.0,6.323838901789594,0.7388933178627094,0.5867230733175716,0.42862075321129095
2023-12-20 15:31:17,1141.93,1103.53,1141.7599493461462,1104.0860284093062,84.09,93.49,1122.9229888777263,2245.8459777554526,37.67392093683998,0.033549870540046774,177.57999999999998,9.399999999999991,0.05668355128477742,-0.1853428031022304,-0.0643296259086128,0.2420263543870078,3.7622260155035194,0.6444388162385621,0.3917809343672616,0.5181098753030255,0.0,0.0,0.0,6.323476644634812,0.7268097084191404,0.5891774142273664,0.4606040505136373
2023-12-20 15:31:18,1137.96,1103.53,1140.8099620096095,1103.9470213069797,84.09,93.49,1122.3784916582945,2244.756983316589,36.862940702629885,0.03284359148340587,177.57999999999998,9.399999999999991,-0.9499873365366511,-0.1390071023265591,-0.5444972194318325,0.810980234210092,1.48940842277928,-1.0066708878214286,0.046335700775671285,-0.4801675935232197,0.0,0.0,0.0,6.320410436636356,0.8102196095506661,0.5732904688609874,0.46277841112273926
2023-12-20 15:31:19,1147.87,1099.56,1142.574971507207,1102.8502659802348,84.16,93.49,1122.712618743721,2245.425237487442,39.72470552697223,0.035382790598755445,177.64999999999998,9.329999999999998,1.7650094975974753,-1.0967553267448693,0.33412708542641667,2.8617648243423446,8.56487361931919,2.7149968341341264,-0.9577482244183102,0.8786243048582492,0.06999999999999318,0.0,0.06999999999999318,6.319800801710781,0.43669161898458747,1.1020501421738857,0.4977433798653754
2023-12-20 15:31:20,1140.94,1103.53,1142.1662286304054,1103.0201994851761,84.16,93.49,1122.5932140577906,2245.1864281155813,39.14602914522925,0.034871072281702706,177.64999999999998,9.329999999999998,-0.40874287680162524,0.16993350494135484,-0.11940468593024889,0.5786763817429801,4.846305075296123,-2.1737523743991005,1.2666888316862241,-0.45353177135666556,0.0,0.0,0.0,6.319128667259568,0.24769689522194072,1.2113028245270367,0.37915104755279344
2023-12-20 15:31:21,1141.93,1096.59,1142.107171472804,1101.4126496138822,84.16,93.49,1121.7599105433433,2243.5198210866865,40.69452185892192,0.03627739005482327,177.64999999999998,9.329999999999998,-0.0590571576012735,-1.6075498712939407,-0.8333035144473797,1.5484927136926672,1.85825551985588,0.34968571920035174,-1.7774833762352955,-0.7138988285171308,0.0,0.0,0.0,6.314437963573912,0.44491177818239225,1.547756174979755,0.45265952932890385
2023-12-20 15:31:22,1142.92,1100.55,1142.310378604603,1101.1969872104116,84.16,93.49,1121.7536829075075,2243.507365815015,41.11339139419147,0.036650997437313884,177.64999999999998,9.329999999999998,0.2032071317989903,-0.2156624034705601,-0.006227635835784895,0.4188695352695504,67.24900063398344,0.2622642894002638,1.3918874678233806,0.8270758786115948,0.0,0.0,0.0,6.3144029079262864,0.45669955096765086,1.6702872520332654,0.4591714958616241
2023-12-20 15:31:23,1142.92,1099.56,1142.4627839534523,1100.7877404078085,84.16,93.49,1121.6252621806304,2243.250524361261,41.6750435456438,0.037155942286343016,177.64999999999998,9.329999999999998,0.15240534884924273,-0.4092468026030929,-0.12842072687703876,0.5616521514523356,4.373497889419493,-0.050801782949747576,-0.19358439913253278,-0.12219309104125387,0.0,0.0,0.0,6.313680021767242,0.5193559282738746,1.0277222932976182,0.4252507709467756
2023-12-20 15:31:24,1146.88,1101.54,1143.5670879650893,1100.9758053058563,84.22,93.49,1122.2714466354728,2244.5428932709456,42.591282659233,0.03795096342241361,177.70999999999998,9.269999999999996,1.1043040116369411,0.18806489804774174,0.6461844548423414,0.9162391135891994,1.4179197422708107,0.9518986627876984,0.5973117006508346,0.7746051817193802,0.060000000000002274,0.0,0.060000000000002274,6.315184515898308,0.41362036051217227,1.276865602938187,0.5253119731675742
2023-12-20 15:31:25,1145.89,1100.55,1144.147815973817,1100.8693539793921,84.22,93.49,1122.5085849766047,2245.0171699532093,43.27846199442479,0.038555127804899295,177.70999999999998,9.269999999999996,0.5807280087276467,-0.10645132646413913,0.2371383411318675,0.6871793351917859,2.8977871487365814,-0.5235760029092944,-0.29451622451188086,-0.40904611371047395,0.0,0.0,0.0,6.316518927804208,0.3839822872363429,1.0602152925594335,0.5438938177549577
2023-12-20 15:31:26,1142.92,1097.58,1143.8408619803627,1100.047015484544,84.22,93.49,1121.9439387324533,2243.8878774649065,43.79384649581857,0.03903389906117944,177.70999999999998,9.269999999999996,-0.30695399345427177,-0.8223384948480543,-0.5646462441513904,0.5153845013937826,0.9127548336277723,-0.8876820021819185,-0.7158871683839152,-0.8017845852832579,0.0,0.0,0.0,6.313341581335388,0.36553626521893157,1.1057972953308077,0.4478760194549452
2023-12-20 15:31:27,1142.92,1099.56,1143.610646485272,1099.925261613408,84.22,93.49,1121.76795404934,2243.53590809868,43.68538487186379,0.03894333464886891,177.70999999999998,9.269999999999996,-0.23021549509076067,-0.12175387113597935,-0.17598468311325632,0.10846162395478132,0.6163093612846926,0.0767384983635111,0.700584623712075,0.3886615610381341,0.0,0.0,0.0,6.312351289949856,0.36297797334414805,0.8803308818993653,0.4582674116258912
2023-12-20 15:31:28,1141.93,1096.59,1143.190484863954,1099.0914462100561,84.22,93.49,1121.140965537005,2242.28193107401,44.09903865389788,0.03933407124539527,177.70999999999998,9.269999999999996,-0.42016162131790225,-0.8338154033519913,-0.6269885123349468,0.4136537820340891,0.6597459349736448,-0.18994612622714158,-0.712061532216012,-0.45100382922169047,0.0,0.0,0.0,6.308823134478544,0.524479835160308,0.5817788285095857,0.5407843560593302
2023-12-20 15:31:29,1141.93,1099.56,1142.8753636479655,1099.208584657542,84.26,93.49,1121.0419741527537,2242.0839483055074,43.66677899042361,0.03895195715974288,177.75,9.22999999999999,-0.3151212159884835,0.11713844748578595,-0.09899138425134879,0.4322596634742695,4.366595135002821,0.10504040532941872,0.9509538508377773,0.527997128083598,0.04000000000000625,0.0,0.04000000000000625,6.306846513901025,0.6044802374036586,0.2945080585425779,0.3558876066129599
2023-12-20 15:31:30,1145.89,1098.57,1143.629022735974,1099.0489384931564,84.26,93.49,1121.3389806145651,2242.6779612291302,44.58008424281775,0.039756117439731654,177.75,9.22999999999999,0.7536590880085896,-0.15964616438554913,0.29700646181140655,0.9133052523941387,3.0750246031665975,1.0687803039970731,-0.2767846118713351,0.39599784606275534,0.0,0.0,0.0,6.308517436320943,0.39348778240437465,0.3849379480434914,0.376605843056789
2023-12-20 15:31:31,1145.89,1096.59,1144.1942670519807,1098.4342038698674,84.26,93.49,1121.314235460924,2242.628470921848,45.7600631821133,0.04080931258532894,177.75,9.22999999999999,0.5652443160065559,-0.6147346232889959,-0.0247451536411063,1.1799789392955518,47.68332713070473,-0.18841477200203371,-0.45508845890344674,-0.32175161545251285,0.0,0.0,0.0,6.308378223080426,0.27856985442394466,0.8678076956513322,0.33294309438624897
2023-12-20 15:31:32,1143.91,1097.58,1144.1232002889856,1098.2206529024006,84.26,93.49,1121.171926595693,2242.343853191386,45.902547386584956,0.04094157751971285,177.75,9.22999999999999,-0.07106676299508763,-0.21355096746674462,-0.14230886523091613,0.142484204471657,1.0012250678507635,-0.6363110790016435,0.40118365582225124,-0.11756371158980983,0.0,0.0,0.0,6.307577610622309,0.12409435699250139,0.9951403376487301,0.3320169866759699
2023-12-20 15:31:33,1142.92,1098.57,1143.8224002167392,1098.3079896768004,84.26,93.49,1121.0651949467697,2242.1303898935394,45.51441053993881,0.04059925391002854,177.75,9.22999999999999,-0.30080007224637484,0.08733677439977328,-0.10673164892341447,0.3881368466461481,3.636533437155242,-0.2297333092512872,0.3008877418665179,0.03557721630750166,0.0,0.0,0.0,6.30697715127872,0.1372786381231468,0.9453541592811272,0.1796661325060503
2023-12-20 15:31:34,1145.89,1096.59,1144.3393001625545,1097.8784922576003,84.32,93.49,1121.1088962100775,2242.217792420155,46.46080790495421,0.04144183318906282,177.81,9.170000000000002,0.5168999458153394,-0.4294974192000609,0.04370126330786661,0.9463973650154003,21.65556869099373,0.8177000180617142,-0.5168341935998342,0.15043291223128108,0.05999999999998806,0.0,0.05999999999998806,6.305094707299831,0.12209182195482177,0.6885132283741544,0.17427184730691894
2023-12-20 15:31:35,1145.89,1095.6,1144.726975121916,1097.3088691932003,84.32,93.49,1121.0179221575581,2242.0358443151163,47.418105928715704,0.04229915057482192,177.81,9.170000000000002,0.3876749593614477,-0.569623064400048,-0.09097405251941382,0.9572980237614956,10.52264326593503,-0.1292249864538917,-0.14012564519998705,-0.13467531582728043,0.0,0.0,0.0,6.3045830709913675,0.11483496906221667,0.7588202096031519,0.0738683841661792
2023-12-20 15:31:36,1145.89,1097.58,1145.017731341437,1097.3766518949,84.32,93.49,1121.1971916181685,2242.394383236337,47.64107944653688,0.04249125823735573,177.81,9.170000000000002,0.2907562195209721,0.06778270169979805,0.17926946061038507,0.22297351782117403,1.2437828131973754,-0.09691873984047561,0.637405766099846,0.2702435131297989,0.0,0.0,0.0,6.305591278963934,0.07399246282819717,0.9269125845529772,0.13344214470497304
2023-12-20 15:31:37,1144.9,1096.59,1144.9882985060776,1097.179988921175,84.32,93.49,1121.0841437136264,2242.168287427253,47.808309584902645,0.04264471120240038,177.81,9.170000000000002,-0.029432835359330056,-0.1966629737250969,-0.11304790454209979,0.16723013836576683,1.4792725240737719,-0.32018905488030214,-0.26444567542489494,-0.29231736515248485,0.0,0.0,0.0,6.304955499739446,0.06630022377254968,0.9659084006851514,0.1274302994586733
2023-12-20 15:31:38,1141.93,1095.6,1144.2237238795583,1096.7849916908813,84.32,93.45,1120.5043577852198,2241.0087155704396,47.43873218867702,0.04233694569480042,177.76999999999998,9.13000000000001,-0.7645746265193338,-0.39499723029371125,-0.5797859284066362,0.3695773962256226,0.6374365790572253,-0.7351417911600038,-0.19833425656861436,-0.46673802386453644,0.0,-0.03999999999999204,0.03999999999999204,6.303112738269152,0.27489754581809445,0.5239015370089568,0.28650807375127324
2023-12-20 15:31:39,1147.87,1095.6,1145.1352929096688,1096.488743768161,84.39,93.45,1120.8120183389149,2241.6240366778297,48.646549141507876,0.04340295098744651,177.84,9.060000000000002,0.9115690301105133,-0.2962479227203403,0.3076605536950865,1.2078169528308536,3.9257974820860535,1.676143656629847,0.09874930757337097,0.8874464821017227,0.07000000000000739,0.0,0.07000000000000739,6.302361741096227,0.2728262759389126,0.5044506264068261,0.3414575711057584
2023-12-20 15:31:40,1142.92,1095.6,1144.5814696822517,1096.2665578261208,84.39,93.45,1120.4240137541863,2240.8480275083725,48.31491185613095,0.04312198883628081,177.84,9.060000000000002,-0.5538232274170696,-0.22218594204014153,-0.38800458472860555,0.33163728537692805,0.8547229690234874,-1.4653922575275828,0.07406198068019876,-0.695665138423692,0.0,0.0,0.0,6.300179978936158,0.3418036168325546,0.49831237758977615,0.37273523671584263
2023-12-20 15:31:41,1144.9,1092.62,1144.661102261689,1095.3549183695905,84.39,93.45,1120.0080103156397,2240.0160206312794,49.30618389209849,0.04402306357985779,177.84,9.060000000000002,0.07963257943720237,-0.9116394565303381,-0.41600343854656785,0.9912720359675404,2.3828400471659315,0.6334558068542719,-0.6894535144901965,-0.0279988538179623,0.0,0.0,0.0,6.297840778327704,0.407525759897921,0.7273622314832326,0.34798080133672826
2023-12-20 15:31:42,1141.93,1093.61,1143.9783266962668,1094.9186887771928,84.39,93.45,1119.4485077367299,2238.8970154734598,49.05963791907402,0.04382482761483743,177.84,9.060000000000002,-0.6827755654221619,-0.43622959239769443,-0.5595025789098145,0.24654597302446746,0.44065128860276304,-0.7624081448593643,0.47540986413264363,-0.14349914036324662,0.0,0.0,0.0,6.2946946774743315,0.5270740895144738,0.7298968954229791,0.3648271110246439
2023-12-20 15:31:43,1144.9,1092.62,1144.2087450222002,1094.3440165828945,84.39,93.45,1119.2763808025475,2238.552761605095,49.864728439305736,0.044550862727042166,177.84,9.060000000000002,0.23041832593344225,-0.5746721942982731,-0.17212693418241543,0.8050905202317153,4.677279861957254,0.9131938913556041,-0.13844260190057867,0.38737564472739905,0.0,0.0,0.0,6.293726802231335,0.6455232397978353,0.5983226849435248,0.3388756255014885
2023-12-20 15:31:44,1148.86,1128.33,1145.3715587666502,1102.840512437171,84.46,93.59,1124.1060356019107,2248.2120712038213,42.531046329479295,0.03783543984698053,178.05,9.13000000000001,1.162813744449977,8.496495854276418,4.8296547993631975,7.333682109826441,1.5184688960222394,0.9323954185165348,9.071168048574691,5.001781733545613,0.06999999999999318,0.14000000000000057,0.07000000000000739,6.3134289766272484,1.9835437003967231,3.0060030532910664,2.3356868781559657
2023-12-20 15:31:45,1145.89,1138.25,1145.5011690749877,1111.6928843278781,84.46,93.76,1128.597026701433,2257.194053402866,33.80828474710961,0.029956028517960524,178.22,9.300000000000011,0.12961030833753284,8.852371890707218,4.490991099522262,8.722761582369685,1.942279431597661,-1.0332034361124443,0.3558760364308,-0.3386636998409358,0.0,0.1700000000000017,0.1700000000000017,6.332605882442078,4.044749299085736,6.892073067102798,2.7681522757964445
2023-12-20 15:31:46,1143.91,1137.26,1145.1033768062407,1118.0846632459086,84.46,93.96,1131.5940200260748,2263.1880400521495,27.018713560332117,0.02387668462213405,178.42,9.5,-0.39779226874702545,6.391778918030468,2.996993324641835,6.7895711867774935,2.2654601414999016,-0.5274025770845583,-2.46059297267675,-1.4939977748804267,0.0,0.19999999999998863,0.19999999999998863,6.34230475105801,5.477573293815358,9.894510565702891,2.548140603467874
2023-12-20 15:31:47,1143.91,1143.21,1144.8050326046805,1124.3659974344314,84.46,94.13,1134.585515019556,2269.171030039112,20.4390351702491,0.018014539126107447,178.58999999999997,9.670000000000002,-0.29834420156021224,6.281334188522806,2.991494993481183,6.579678390083018,2.1994608732289467,0.0994480671868132,-0.11044472950766249,-0.005498331160652015,0.0,0.1700000000000017,0.1700000000000017,6.353018134646609,6.066898862842099,11.773502815713593,1.9767022794528266
2023-12-20 15:31:48,1141.93,1145.2,1144.0862744535104,1129.5744980758236,84.46,94.33,1136.8303862646671,2273.6607725293343,14.511776377686829,0.012765120056830712,178.79,9.870000000000005,-0.71875815117005,5.20850064139222,2.2448712451111987,5.92725879256227,2.6403546150434347,-0.4204139496098378,-1.0728335471305854,-0.7466237483699842,0.0,0.20000000000000284,0.20000000000000284,6.358467363421891,5.01002840335299,11.004303412429234,1.0995911939526015
2023-12-20 15:31:49,1146.88,1144.2,1144.7847058401328,1133.2308735568677,84.49,94.5,1139.0077896985003,2278.0155793970007,11.553832283265137,0.010143769320646798,178.99,10.010000000000005,0.6984313866223602,3.6563754810440514,2.177403433833206,2.9579440944216913,1.3584725228167127,1.4171895377924102,-1.5521251603481687,-0.06746781127799295,0.030000000000001137,0.1700000000000017,0.14000000000000057,6.36352747826679,4.133314393971401,9.09438799367312,0.931140420359504
2023-12-20 15:31:50,1143.91,1148.17,1144.5660293800995,1136.9656551676508,84.49,94.7,1140.765842273875,2281.53168454775,7.600374212448742,0.00666251909387161,179.19,10.210000000000008,-0.21867646003329355,3.7347816107831022,1.758052575374677,3.9534580708163958,2.248769961389734,-0.9171078466556537,0.07840612973905081,-0.4193508584585288,0.0,0.20000000000000284,0.20000000000000284,6.366236039442151,3.616399670660366,7.63874102045014,0.5445820129526118
2023-12-20 15:31:51,1144.9,1151.15,1144.6495220350748,1140.511741375738,84.49,94.87,1142.5806317054064,2285.161263410813,4.1377806593368405,0.0036214342698417602,179.36,10.38000000000001,0.08349265497531633,3.5460862080872175,1.8147894315313806,3.462593553111901,1.9079853480327476,0.3021691150086099,-0.1886954026958847,0.05673685615670365,0.0,0.1700000000000017,0.1700000000000017,6.370320168014531,3.155613473742767,6.290450094373047,0.49311692754176295
2023-12-20 15:31:52,1145.89,1135.27,1144.959641526306,1139.2013060318036,84.49,95.04,1142.080473779055,2284.16094755811,5.758335494502489,0.005041970002697478,179.53,10.550000000000011,0.31011949123126215,-1.3104353439343868,-0.5001579263514486,1.620554835165649,3.240079802208563,0.22662683625594582,-4.856521552021604,-2.3149473578828292,0.0,0.1700000000000017,0.1700000000000017,6.361502074402901,2.360369168080616,4.260186156591916,1.1379827271700147
2023-12-20 15:31:53,1145.89,1135.27,1145.1922311447297,1138.2184795238527,84.49,95.04,1141.7053553342912,2283.4107106685824,6.97375162087701,0.006108188581393583,179.53,10.550000000000011,0.23258961842361714,-0.9828265079509038,-0.375118444763757,1.215416126374521,3.2400776428424463,-0.077529872807645,0.327608835983483,0.12503948158769163,0.0,0.0,0.0,6.359412627276102,1.4077567024238615,2.7668940760572838,1.3002982701272852
2023-12-20 15:31:54,1145.89,1129.32,1145.3666733585474,1135.9938596428894,84.56,95.04,1140.6802665007185,2281.360533001437,9.372813715657912,0.008216863202336415,179.60000000000002,10.480000000000004,0.174442213817656,-2.224619880963246,-1.0250888335726813,2.399062094780902,2.3403432715936723,-0.05814740460596113,-1.2417933730123423,-0.6499703888089243,0.07000000000000739,0.0,0.07000000000000739,6.351226392814543,0.82738989131867,1.9658146770809395,1.3478179331235243
2023-12-20 15:31:55,1147.87,1133.29,1145.9925050189104,1135.3178947321671,84.56,95.04,1140.6551998755388,2281.3103997510775,10.674610286743246,0.009358314658583661,179.60000000000002,10.480000000000004,0.6258316603630192,-0.675964910722314,-0.025066625179761104,1.3017965710853332,51.93138806528698,0.45138944654536317,1.548654970240932,1.0000222083929202,0.0,0.0,0.0,6.351086823632805,0.8550410581086725,2.6520050628065794,1.087809678211624
2023-12-20 15:31:56,1146.88,1128.33,1146.2143787641828,1133.5709210491254,84.56,95.04,1139.8926499066542,2279.7852998133085,12.643457715057366,0.011091796850344582,179.60000000000002,10.480000000000004,0.22187374527243264,-1.7469736830416878,-0.7625499688845139,1.9688474283141204,2.581922400799279,-0.40395791509058654,-1.0710087723193737,-0.7374833437047528,0.0,0.0,0.0,6.3468409997762425,0.8820787527094096,2.7747245148770827,0.38037497166238166
2023-12-20 15:31:57,1147.87,1133.29,1146.6282840731371,1133.5006907868442,84.56,95.04,1140.0644874299905,2280.128974859981,13.12759328629295,0.011514781329932717,179.60000000000002,10.480000000000004,0.41390530895432676,-0.07023026228125673,0.17183752333630764,0.4841355712355835,2.817386706053536,0.1920315636818941,1.676743420760431,0.9343874922208215,0.0,0.0,0.0,6.347797778854079,0.710355049398917,2.510828721631797,0.4975740391048804
2023-12-20 15:31:58,1141.93,1131.3,1145.4537130548529,1132.950518090133,84.56,95.04,1139.2021155724929,2278.4042311449857,12.503194964719796,0.01097539653660234,179.60000000000002,10.480000000000004,-1.1745710182842686,-0.5501726967111153,-0.862371857497692,0.6243983215731532,0.7240468158807101,-1.5884763272385953,-0.4799424344298586,-1.0342093808339996,0.0,0.0,0.0,6.342996153839068,0.611433190087072,1.583833715116934,0.5368634373562294
2023-12-20 15:31:59,1149.85,1133.29,1146.5527847911396,1133.0353885675997,84.63,95.04,1139.7940866793697,2279.5881733587394,13.51739622353989,0.011859507229995745,179.67000000000002,10.41000000000001,1.09907173628676,0.08487047746666576,0.5919711068768265,1.0142012588200942,1.7132585252553498,2.2736427545710285,0.6350431741777811,1.4543429643745185,0.06999999999999318,0.0,0.06999999999999318,6.343819671261479,0.5228147691590511,1.0933181786041406,0.6222320712559404
2023-12-20 15:32:00,1147.87,1130.31,1146.8820885933546,1132.3540414257,84.63,95.04,1139.6180650095273,2279.2361300190546,14.528047167654677,0.012748172041994655,179.67000000000002,10.41000000000001,0.32930380221500855,-0.6813471418997779,-0.17602166984238465,1.0106509441147864,5.741595358255559,-0.7697679340717514,-0.7662176193664436,-0.7679927767192112,0.0,0.0,0.0,6.342839976994975,0.3287856053674327,0.8131003458221046,0.6166399848468875
2023-12-20 15:32:01,1147.87,1128.33,1147.129066445016,1131.3480310692748,84.63,95.04,1139.2385487571455,2278.477097514291,15.781035375741112,0.013852265953522373,179.67000000000002,10.41000000000001,0.24697785166131325,-1.0060103564251222,-0.37951625238179076,1.2529882080864354,3.3015316173978335,-0.08232595055369529,-0.3246632145253443,-0.2034945825394061,0.0,0.0,0.0,6.340727680839415,0.3678776390636215,1.2870930614909908,0.5507017563358627
2023-12-20 15:32:02,1146.88,1129.32,1147.066799833762,1130.841023301956,84.63,95.04,1138.953911567859,2277.907823135718,16.225776531805877,0.014246209923651448,179.67000000000002,10.41000000000001,-0.062266611254017334,-0.5070077673187825,-0.2846371892865136,0.44474115606476516,1.5624788689795022,-0.3092444629153306,0.49900258910633966,0.09487906309527716,0.0,0.0,0.0,6.339143458722744,0.3389710356853341,1.5469541443855237,0.525231807507901
2023-12-20 15:32:03,1144.9,1130.31,1146.5250998753213,1130.708267476467,84.63,95.04,1138.6166836758941,2277.2333673517883,15.81683239885433,0.013891270531800235,179.67000000000002,10.41000000000001,-0.5416999584406312,-0.1327558254890846,-0.3372278919648579,0.40894413295154664,1.2126604294455354,-0.4794333471866139,0.3742519418296979,-0.052590702678344314,0.0,0.0,0.0,6.3372665294074,0.47964216706923735,1.1235602209721127,0.403621383534719
2023-12-20 15:32:04,1150.84,1130.31,1147.603824906491,1130.6087006073503,84.66,95.04,1139.1062627569206,2278.2125255138412,16.99512429914057,0.014919700505454547,179.7,10.38000000000001,1.078725031169597,-0.09956686911664292,0.48957908102647707,1.17829190028624,2.40673986943214,1.6204249896102283,0.03318895637244168,0.826806972991335,0.030000000000001137,0.0,0.030000000000001137,6.3389329795102265,0.36821826406145264,0.8949942044018432,0.358756366368622
2023-12-20 15:32:05,1145.89,1128.33,1147.1753686798681,1130.0390254555127,84.66,95.04,1138.6071970676903,2277.2143941353806,17.136343224355414,0.015050267777541888,179.7,10.38000000000001,-0.42845622662275673,-0.5696751518376004,-0.49906568923029226,0.1412189252148437,0.2829660409366228,-1.5071812577923538,-0.4701082827209575,-0.9886447702567693,0.0,0.0,0.0,6.336155763670198,0.28546696455736525,0.6421695180964276,0.39470147138209805
2023-12-20 15:32:06,1144.9,1130.31,1146.606526509901,1130.1067690916345,84.66,95.04,1138.3566478007679,2276.7132956015357,16.499757418266427,0.01449436557132471,179.7,10.38000000000001,-0.5688421699671835,0.06774363612180423,-0.25054926692246227,0.6365858060889877,2.540750859730642,-0.14038594334442678,0.6374187879594047,0.24851642230783,0.0,0.0,0.0,6.33476149953259,0.2995854542636385,0.5445074995677937,0.38429165199527154
2023-12-20 15:32:07,1142.92,1123.37,1145.6848948824259,1128.422576818726,84.66,95.04,1137.0537358505758,2274.1074717011516,17.262318063699922,0.015181620273737706,179.7,10.38000000000001,-0.921631627475108,-1.6841922729086036,-1.3029119501920832,0.7625606454334957,0.585273671062272,-0.35278945750792445,-1.7519359090304079,-1.052362683269621,0.0,0.0,0.0,6.327511015709876,0.7729053728982587,0.5926478522787497,0.6404486364383242
2023-12-20 15:32:08,1144.9,1128.33,1145.4886711618194,1128.3994326140444,84.66,95.04,1136.944051887932,2273.888103775864,17.08923854777504,0.015030852665412127,179.7,10.38000000000001,-0.1962237206064401,-0.023144204681557312,-0.10968396264388502,0.1730795159248828,1.5779694112384515,0.7254079068686679,1.6610480682270463,1.1932279875481981,0.0,0.0,0.0,6.326900643077526,0.9655598788099814,0.2939263844176024,0.6522269305800016
2023-12-20 15:32:09,1149.85,1126.34,1146.5790033713647,1127.8845744605333,84.73,95.04,1137.231788915949,2274.463577831898,18.694428910831448,0.016438538806774934,179.77,10.310000000000002,1.090332209545295,-0.5148581535111134,0.2877370280170908,1.6051903630564084,5.5786521306146755,1.286555930151735,-0.4917139488295561,0.3974209906609758,0.07000000000000739,0.0,0.07000000000000739,6.32603761801141,0.7816219191370387,0.8140658697186374,0.5919277363267382
2023-12-20 15:32:10,1148.86,1126.34,1147.1492525285234,1127.4984308454,84.73,95.04,1137.3238416869617,2274.6476833739234,19.650821683123468,0.01727812338541836,179.77,10.310000000000002,0.5702491571587416,-0.3861436151332782,0.09205277101273168,0.9563927722920198,10.389501285718582,-0.5200830523865534,0.1287145383778352,-0.1956842570043591,0.0,0.0,0.0,6.326549676589042,0.5646768971782299,1.2944816459619857,0.6193244626333146
2023-12-20 15:32:11,1146.88,1125.35,1147.0819393963925,1126.96132313405,84.73,95.04,1137.0216312652212,2274.0432625304425,20.120616262342537,0.017695895743212394,179.77,10.310000000000002,-0.06731313213094836,-0.5371077113500178,-0.30221042174048307,0.4697945792190694,1.5545229115215058,-0.6375622892896899,-0.15096409621673956,-0.39426319275321475,0.0,0.0,0.0,6.3248685817453,0.1572806191382378,1.368442831873448,0.6196276584630852
2023-12-20 15:32:12,1147.87,1126.34,1147.2789545472942,1126.8059923505375,84.73,95.04,1137.0424734489159,2274.0849468978317,20.472962196756725,0.018005450681760363,179.77,10.310000000000002,0.19701515090173416,-0.15533078351245422,0.02084218369463997,0.3523459344141884,16.904612058128027,0.2643282830326825,0.38177692783756356,0.32305260543512304,0.0,0.0,0.0,6.324984519797137,0.1584538042863773,1.3584886568522954,0.2208149954690354
2023-12-20 15:32:13,1145.89,1124.36,1146.9317159104708,1126.1944942629032,84.73,95.04,1136.5631050866868,2273.1262101733737,20.737221647567594,0.01824555234681878,179.77,10.310000000000002,-0.34723863682347655,-0.6114980876343452,-0.47936836222902457,0.26425945081086866,0.5512647900192993,-0.5442537877252107,-0.456167304121891,-0.5002105459236645,0.0,0.0,0.0,6.322317954966729,0.2937100978261499,0.8042372187470691,0.30975868801508066
2023-12-20 15:32:14,1151.83,1124.36,1148.1562869328532,1125.7358706971772,84.76,95.04,1136.9460788150152,2273.8921576300304,22.42041623567593,0.01971985886905367,179.8,10.280000000000001,1.2245710223824062,-0.45862356572592944,0.3829737283283521,1.6831945881083357,4.39505393855965,1.5718096592058828,0.15287452190841577,0.8623420905573767,0.030000000000001137,0.0,0.030000000000001137,6.323393061688666,0.2733192120132082,1.0544317172644455,0.3392551028435513
2023-12-20 15:32:15,1145.89,1124.36,1147.5897151996398,1125.3919030228828,84.76,95.04,1136.4908091112613,2272.9816182225227,22.197812176756997,0.019531888845263825,179.8,10.280000000000001,-0.5665717332133227,-0.34396767429439024,-0.45526970375385645,0.22260405891893242,0.4889487882340965,-1.7911427555957289,0.1146558914315392,-0.8382434320822085,0.0,0.0,0.0,6.3208609721379325,0.26464566481560037,1.0478957884671616,0.3663025688027849
2023-12-20 15:32:16,1147.87,1125.35,1147.65978639973,1125.381427267162,84.76,95.04,1136.520606833446,2273.041213666892,22.278359132567857,0.019602248282182218,179.8,10.280000000000001,0.0700712000900694,-0.010475755720790403,0.029797722184639497,0.0805469558108598,2.7030338855395537,0.6366429333033921,0.33349191857359983,0.48506742593849594,0.0,0.0,0.0,6.321026699179195,0.26063871071408684,0.9358090057029967,0.3656674073093488
2023-12-20 15:32:17,1148.86,1122.37,1147.9598397997975,1124.6285704503716,84.76,95.04,1136.2942051250845,2272.588410250169,23.33126934942584,0.02053277155129444,179.8,10.280000000000001,0.3000534000675543,-0.7528568167904268,-0.22640170836143625,1.0529102168579811,4.650607868069683,0.22998219997748492,-0.7423810610696364,-0.25619943054607575,0.0,0.0,0.0,6.319767512821563,0.23770189844006778,0.9319301482431724,0.3619039746115172
2023-12-20 15:32:18,1148.86,1118.41,1148.1848798498481,1123.0739278377787,84.76,95.04,1135.6294038438134,2271.258807687627,25.110952012069447,0.022111924810121513,179.8,10.280000000000001,0.22504005005066574,-1.554642612592943,-0.6648012812711386,1.7796826626436086,2.6770104627811406,-0.07501335001688858,-0.8017857958025161,-0.43839957290970233,0.0,0.0,0.0,6.316070064114256,0.4804107878584419,1.229134621316212,0.4103919342936859
2023-12-20 15:32:19,1151.83,1123.37,1149.096159887386,1123.147945878334,84.83,95.04,1136.1220528828599,2272.2441057657197,25.94821400905198,0.022839283790302495,179.87,10.210000000000008,0.9112800375378356,0.07401804055530192,0.4926490390464551,0.8372619969825337,1.6995066083889685,0.6862399874871699,1.6286606531482448,1.1574503203175937,0.06999999999999318,0.0,0.06999999999999318,6.316350956615938,0.3630555867806104,1.6905594506133848,0.44952091520659976
2023-12-20 15:32:20,1147.87,1122.37,1148.7896199155393,1122.9534594087504,84.83,95.04,1135.8715396621449,2271.7430793242897,25.83616050678893,0.022745671127324837,179.87,10.210000000000008,-0.3065399718466324,-0.1944864695835804,-0.2505132207149927,0.112053502263052,0.4472939777360346,-1.217820009384468,-0.2685045101388823,-0.7431622597614478,0.0,0.0,0.0,6.3149582106364965,0.3492826129483037,1.6246173121671243,0.42510804528986534
2023-12-20 15:32:21,1149.85,1122.37,1149.0547149366544,1122.807594556563,84.83,95.04,1135.9311547466086,2271.8623094932173,26.247120380091474,0.023106259782830006,179.87,10.210000000000008,0.26509502111503025,-0.14586485218751477,0.05961508446375774,0.410959873302545,6.893439530608201,0.5716349929616626,0.04862161739606563,0.31012830517875045,0.0,0.0,0.0,6.315289644917546,0.25270419158311086,1.1743283031348901,0.42800164494874615
2023-12-20 15:32:22,1148.86,1122.37,1149.0060362024908,1122.6981959174223,84.83,95.04,1135.8521160599566,2271.7042321199133,26.30784028506855,0.023161325220015305,179.87,10.210000000000008,-0.048678734163559056,-0.10939863914063608,-0.07903868665198388,0.06071990497707702,0.7682204668197905,-0.3137737552785893,0.03646621304687869,-0.13865377111574162,0.0,0.0,0.0,6.314850223745519,0.17666781962403358,0.47836408272815945,0.4237137055218635
2023-12-20 15:32:23,1149.85,1118.41,1149.217027151868,1121.6261469380668,84.83,95.04,1135.4215870449675,2270.843174089935,27.590880213801256,0.024300119448414554,179.87,10.210000000000008,0.2109909493772193,-1.0720489793554862,-0.43052901498913343,1.2830399287327054,2.980140487452633,0.25966968354077835,-0.9626503402148501,-0.35149032833714955,0.0,0.0,0.0,6.312456667218051,0.2569404039978225,0.7019816330134115,0.35070596305190654
2023-12-20 15:32:24,1150.84,1120.39,1149.622770363901,1121.31711020355,84.86,95.04,1135.4699402837255,2270.939880567451,28.305660160350953,0.024928586069261762,179.9,10.180000000000007,0.40574321203303043,-0.3090367345166669,0.048353238757954387,0.7147799465496973,14.782156950658527,0.19475226265581114,0.7630122448388192,0.4788822537470878,0.030000000000001137,0.0,0.030000000000001137,6.31167278472514,0.24290403194573176,1.0431727836038567,0.2092851201663634
2023-12-20 15:32:25,1149.85,1116.42,1149.6795777729258,1120.0928326526625,84.86,95.04,1134.8862052127943,2269.7724104255885,29.58674512026323,0.026070230617214526,179.9,10.180000000000007,0.056807409024713706,-1.2242775508875638,-0.5837350709311977,1.2810849599122776,2.194630456652512,-0.3489358030083167,-0.9152408163708969,-0.6320883096891521,0.0,0.0,0.0,6.308428009473965,0.41621270726643433,1.4093316719637776,0.29328492049063887
2023-12-20 15:32:26,1149.85,1119.4,1149.7221833296944,1119.919624489497,84.86,95.04,1134.8209039095957,2269.6418078191914,29.802558840197435,0.026261905038285863,179.9,10.180000000000007,0.04260555676864897,-0.17320816316555465,-0.06530130319856653,0.21581371993420362,3.304840861094483,-0.01420185225606474,1.0510693877220092,0.5184337677326312,0.0,0.0,0.0,6.308065022798948,0.43265730616747633,1.4476898795638644,0.2703793129339049
2023-12-20 15:32:27,1149.85,1116.42,1149.7541374972707,1119.0447183671226,84.86,95.04,1134.3994279321967,2268.7988558643933,30.709419130148035,0.027071081267252245,179.9,10.180000000000007,0.03195416757625935,-0.8749061223743411,-0.42147597739904086,0.9068602899506004,2.1516247353458984,-0.010651389192389615,-0.7016979592087864,-0.35617467420047433,0.0,0.0,0.0,6.305722188029319,0.4484111471771007,1.2429904266087917,0.26846117126032765
2023-12-20 15:32:28,1153.82,1118.41,1150.770603122953,1118.886038775342,84.86,95.04,1134.8283209491474,2269.6566418982948,31.884564347610876,0.028096376985768997,179.9,10.180000000000007,1.0164656256822582,-0.158679591780583,0.4288930169507239,1.1751452174628412,2.7399431351775068,0.9845114581059988,0.7162265305937581,0.8503689943497648,0.0,0.0,0.0,6.3081062514788275,0.38248399354432094,1.334045561346029,0.39954574717936814
2023-12-20 15:32:29,1151.83,1115.43,1151.0354523422147,1118.0220290815066,84.9,95.04,1134.5287407118608,2269.0574814237216,33.01342326070812,0.029098798511613753,179.94,10.14,0.26484921926180505,-0.8640096938354418,-0.299580237286591,1.1288589130972468,3.768122874855934,-0.7516164064204531,-0.7053301020548588,-0.7284732542373149,0.04000000000000625,0.0,0.04000000000000625,6.305039093068921,0.21515384149574082,1.4449841760492932,0.39343967279148007
2023-12-20 15:32:30,1151.83,1118.41,1151.234089256661,1118.1190218111299,84.9,95.04,1134.6765555338955,2269.353111067791,33.11506744553117,0.029184587673766697,179.94,10.14,0.19863691444629694,0.09699272962325267,0.14781482203466112,0.10164418482304427,0.6876407641883551,-0.0662123048155081,0.9610024234586945,0.4473950593212521,0.0,0.0,0.0,6.305860560342531,0.18654674960595646,1.4442098721917,0.34229461810198264
2023-12-20 15:32:31,1144.9,1115.43,1149.650566942496,1117.4467663583475,84.9,95.04,1133.5486666504216,2267.0973333008433,32.20380058414844,0.02840972029096845,179.94,10.14,-1.5835223141650658,-0.6722554527823377,-1.1278888834738154,0.9112668613827282,0.8079395646107714,-1.7821592286113628,-0.7692481824055903,-1.2757037055084766,0.0,0.0,0.0,6.299592421645155,0.5003043762702709,0.9771468893890064,0.5961552994893691
2023-12-20 15:32:32,1144.9,1115.43,1148.4629252068721,1116.9425747687608,84.9,95.04,1132.7027499878163,2265.4054999756327,31.520350438111336,0.027827557062629907,179.94,10.14,-1.1876417356238562,-0.5041915895867533,-0.8459166626053047,0.683450146037103,0.8079393258348274,0.3958805785412096,0.16806386319558442,0.2819722208685107,0.0,0.0,0.0,6.294891317622124,0.907430473009669,0.6985250341628738,0.6533589909694888
2023-12-20 15:32:33,1156.79,1112.45,1150.544693905154,1115.8194310765705,84.9,95.04,1133.1820624908623,2266.3641249817247,34.72526282858348,0.030644027952233373,179.94,10.14,2.0817686982818486,-1.1231436921902969,0.47931250304600326,3.2049123904721455,6.686463807310154,3.269410433905705,-0.6189521026035436,1.325229165651308,0.0,0.0,0.0,6.297555052758182,0.8547351620002791,1.2018335941228178,0.6683960216451252
2023-12-20 15:32:34,1153.82,1114.44,1151.3635204288655,1115.4745733074278,84.93,95.04,1133.4190468681468,2266.8380937362936,35.888947121437695,0.03166432326061697,179.97000000000003,10.11,0.8188265237115502,-0.34485776914266353,0.23698437728444333,1.1636842928542137,4.910363272994239,-1.2629421745702984,0.7782859230476333,-0.24232812576155993,0.030000000000001137,0.0,0.030000000000001137,6.297822084627018,0.7296792908095788,1.799668160432961,0.7157470818047365
2023-12-20 15:32:35,1149.85,1116.42,1150.985140321649,1115.7109299805709,84.93,95.04,1133.3480351511098,2266.6960703022196,35.27421034107806,0.03112389946946088,179.97000000000003,10.11,-0.37838010721657156,0.23635667314306374,-0.07101171703698128,0.6147367803596353,8.656713980391695,-1.1972066309281217,0.5812144422857273,-0.3079960943214246,0.0,0.0,0.0,6.297427509327567,0.32825247217958686,1.9405355887776936,0.6938407213927692
2023-12-20 15:32:36,1149.85,1111.46,1150.7013552412368,1114.6481974854282,84.93,95.04,1132.6747763633325,2265.349552726665,36.05315775580857,0.031830105584,179.97000000000003,10.11,-0.28378508041214445,-1.0627324951426544,-0.6732587877772858,0.77894741473051,1.156978968404074,0.09459502680442711,-1.2990891682857182,-0.6022470707403045,0.0,0.0,0.0,6.2936865592579085,0.3544928442164453,1.8496532340111622,0.5716336858575886
2023-12-20 15:32:37,1145.89,1114.44,1149.4985164309276,1114.5961481140712,84.93,95.04,1132.0473322724993,2264.0946645449985,34.90236831685638,0.03083119167461075,179.97000000000003,10.11,-1.2028388103092311,-0.05204937135704313,-0.6274440908332508,1.150789438952188,1.834087883967556,-0.9190537298970867,1.0106831237856113,0.04581469694403495,0.0,0.0,0.0,6.290200177709057,0.5748057948547911,0.5872700347592883,0.5128337305453516
2023-12-20 15:32:38,1158.77,1114.44,1151.8163873231956,1114.5571110855535,84.93,95.04,1133.1867492043746,2266.373498408749,37.2592762376421,0.03288008462058195,179.97000000000003,10.11,2.317870892268047,-0.03903702851766866,1.139416931875303,2.3569079207857158,2.068519245529703,3.520709702577278,0.013012342839374469,1.7668610227085537,0.0,0.0,0.0,6.296531326931395,0.575314528284877,0.9020967608186484,0.7427035567879242
2023-12-20 15:32:39,1147.87,1114.44,1150.8297904923966,1114.527833314165,84.96,95.04,1132.6788119032808,2265.3576238065616,36.30195717823153,0.032049647936101495,180.0,10.080000000000013,-0.9865968307990443,-0.029277771388478868,-0.5079373010937616,0.9573190594105654,1.8847152446451394,-3.3044677230670914,0.009759257129189791,-1.6473542329690645,0.029999999999986926,0.0,0.029999999999986926,6.292660031170115,0.5113626213990051,0.9223079401135253,0.7580712090961402
2023-12-20 15:32:40,1150.84,1115.43,1150.8323428692975,1114.7533749856239,84.96,95.04,1132.7928589274607,2265.5857178549213,36.07896788367361,0.03184957211505019,180.0,10.080000000000013,0.00255237690089416,0.22554167145881365,0.1140470241798539,0.2229892945579195,1.9552227770843713,0.9891492076999384,0.2548194428472925,0.6219843252736155,0.0,0.0,0.0,6.293293625745372,0.4091922582771916,0.839618000233625,0.7672348605203361
2023-12-20 15:32:41,1150.84,1112.45,1150.8342571519731,1114.1775312392178,84.96,95.04,1132.5058941955954,2265.0117883911907,36.65672591275529,0.03236780141124501,180.0,10.080000000000013,0.00191428267567062,-0.575843746406008,-0.2869647318652824,0.5777580290816786,2.013334572480976,-0.00063809422522354,-0.8013854178648216,-0.4010117560451363,0.0,0.0,0.0,6.291699377243867,0.4162388677984217,0.8705763880750781,0.7140743269000358
2023-12-20 15:32:42,1147.87,1114.44,1150.0931928639798,1114.2431484294134,84.96,95.04,1132.1681706466966,2264.336341293393,35.85004443456637,0.031664946367838454,180.0,10.080000000000013,-0.7410642879933675,0.06561719019555312,-0.3377235488987935,0.8066814781889207,2.3885781499131125,-0.7429785706690382,0.6414609366015611,-0.05075881703351115,0.0,0.0,0.0,6.289823135315964,0.3744675430998441,0.5511508079508685,0.6638455280579919
2023-12-20 15:32:43,1157.78,1112.45,1152.0148946479849,1113.7948613220601,85.0,95.04,1132.9048779850225,2265.809755970045,38.22003332592476,0.03373631276102046,180.04000000000002,10.040000000000006,1.9217017840051085,-0.4482871073532806,0.736707338325914,2.369988891358389,3.2169975118564826,2.662766071998476,-0.5139042975488337,1.0744308872247075,0.04000000000000625,0.0,0.04000000000000625,6.292517616599116,0.2877397307133914,0.9418256274625074,0.4985630361011099
2023-12-20 15:32:44,1152.82,1106.5,1152.2161709859886,1111.9711459915452,85.03,95.04,1132.0936584887668,2264.1873169775336,40.24502499444338,0.03554920094916644,180.07,10.010000000000005,0.2012763380037086,-1.823715330514915,-0.8112194962557169,2.0249916685186236,2.496228433410163,-1.7204254460014,-1.3754282231616344,-1.5479268345816308,0.030000000000001137,0.0,0.030000000000001137,6.286964248357875,0.36218531812290483,1.8348058679774517,0.5791689188580287
2023-12-20 15:32:45,1146.88,1131.3,1150.8821282394915,1116.803359493659,85.03,95.04,1133.8427438665753,2267.6854877331507,34.078768745832576,0.030055992244182664,180.07,10.010000000000005,-1.3340427464970617,4.832213502113746,1.7490853778085693,6.166256248610807,3.5254155122610418,-1.5353190845007703,6.6559288326286605,2.560304874064286,0.0,0.0,0.0,6.2966776118725925,0.7134355243204461,2.344780557591881,1.0290856023737394
2023-12-20 15:32:46,1151.83,1157.11,1151.1190961796187,1126.8800196202442,85.03,95.2,1138.9995578999315,2277.999115799863,24.239076559374553,0.021281023657976773,180.23000000000002,10.170000000000002,0.23696794012721512,10.076660126585239,5.156814033356113,9.839692186458024,1.9080948459100038,1.5710106866242768,5.244446624471493,3.407728655547544,0.0,0.1599999999999966,0.1599999999999966,6.31970011418871,2.8813764686970837,6.207395401748495,2.3734662911767526
2023-12-20 15:32:47,1150.84,1157.11,1151.049322134714,1134.4375147151832,85.03,95.37,1142.7434184249487,2285.4868368498974,16.611807419530805,0.014536778017842533,180.4,10.340000000000003,-0.06977404490476147,7.557495094938986,3.743860525017226,7.627269139843747,2.0372733042813738,-0.3067419850319766,-2.519165031646253,-1.4129535083388873,0.0,0.1700000000000017,0.1700000000000017,6.334497849725337,4.579732710332721,9.991158170384738,2.371822291162848
2023-12-20 15:32:48,1166.7,1160.09,1154.9619916010354,1140.8506360363874,85.03,95.57,1147.9063138187114,2295.812627637423,14.111355564647965,0.012293124780724434,180.6,10.539999999999992,3.912669466321404,6.413121321204244,5.16289539376271,2.50045185488284,0.4843118405210752,3.9824435112261654,-1.144373773734742,1.4190348687454843,0.0,0.19999999999998863,0.19999999999998863,6.356070362473096,6.472284069211241,11.18776306560586,2.5482088203210997
2023-12-20 15:32:49,1153.82,1162.07,1154.6764937007765,1146.1554770272905,85.07,95.74,1150.4159853640335,2300.831970728067,8.521016673485974,0.0074069004381773365,180.81,10.670000000000002,-0.2854979002588607,5.304840990903131,2.509671545322135,5.590338891161991,2.227517251835111,-4.198167366580265,-1.1082803303011133,-2.6532238484405752,0.03999999999999204,0.1700000000000017,0.13000000000000966,6.362568325875036,6.684964114747979,9.911051854839453,1.539555938556296
2023-12-20 15:32:50,1151.83,1157.11,1153.9648702755824,1148.8941077704678,85.07,95.91,1151.429489023025,2302.85897804605,5.070762505114544,0.004403884518376496,180.98,10.840000000000003,-0.7116234251941478,2.738630743177282,1.0135036589915671,3.45025416837143,3.40428052082604,-0.4261255249352871,-2.5662102477258486,-1.4961678863305679,0.0,0.1700000000000017,0.1700000000000017,6.3621918591050575,5.286278443079535,7.433118373339824,1.7840705805085246
2023-12-20 15:32:51,1149.85,1158.1,1152.9361527066867,1151.1955808278508,85.07,96.08,1152.0658667672687,2304.1317335345375,1.7405718788359081,0.0015108267049080953,181.14999999999998,11.010000000000005,-1.0287175688956722,2.301473057382964,0.6363777442436458,3.330190626278636,5.233032461253341,-0.31709414370152444,-0.43715768579431824,-0.37712591474792134,0.0,0.1700000000000017,0.1700000000000017,6.359734255630884,3.795042873702621,6.168678442067267,1.887916348778764
2023-12-20 15:32:52,1151.83,1165.05,1152.659614530015,1154.6591856208881,85.07,96.25,1153.6594000754517,2307.3188001509034,1.9995710908731326,0.00173324214149264,181.32,11.180000000000007,-0.2765381766716928,3.463604793037348,1.5935333081829413,3.7401429697090407,2.347074016858672,0.7521793922239794,1.162131735654384,0.9571555639392955,0.0,0.1700000000000017,0.1700000000000017,6.362560080040215,2.1365505215966736,5.165816628351868,1.809262538851018
2023-12-20 15:32:53,1166.7,1165.05,1156.1697108975113,1157.2568892156662,85.07,96.42,1156.7133000565887,2313.4266001131773,1.0871783181548835,0.0009398857237673422,181.49,11.350000000000009,3.510096367496317,2.597703594778068,3.053899981136965,0.912392772718249,0.2987630503915572,3.7866345441680096,-0.8659011982592801,1.4603666729540237,0.0,0.1700000000000017,0.1700000000000017,6.373427151265422,2.4564775419331233,3.1095633472669113,1.0104045904738408
2023-12-20 15:32:54,1152.82,1167.04,1155.3322831731334,1159.7026669117497,85.1,96.58,1157.5174750424417,2315.0349500848833,4.370383738616283,0.0037756524882532638,181.68,11.480000000000004,-0.8374277243779034,2.4457776960834963,0.8041749858530238,3.2832054204613996,4.082695178939923,-4.34752409187422,-0.15192589869457152,-2.249724995283941,0.030000000000001137,0.1599999999999966,0.12999999999999545,6.371188180709233,2.7301600233207366,1.7539159739213621,0.982126019994246
2023-12-20 15:32:55,1149.85,1166.05,1153.96171237985,1161.2895001838124,85.1,96.75,1157.625606281831,2315.251212563662,7.327787803962337,0.006330015298442117,181.85,11.650000000000006,-1.3705707932833775,1.5868332720626768,0.10813123938942226,2.9574040653460543,27.34988271809854,-0.5331430689054741,-0.8589444240208195,-0.6960437464636016,0.0,0.1700000000000017,0.1700000000000017,6.36582677985155,2.5119838023699215,2.568471197675913,1.1457144155803312
2023-12-20 15:32:56,1150.84,1153.14,1153.1812842848876,1159.2521251378594,85.1,96.79,1156.2167047113735,2312.433409422747,6.070840852971742,0.005250608145500369,181.89,11.690000000000012,-0.7804280949624172,-2.037375045953013,-1.4089015704576013,1.2569469509905957,0.8921461124045991,0.5901426983209603,-3.6242083180156897,-1.5170328098470236,0.0,0.04000000000000625,0.04000000000000625,6.35668095197478,1.6108375563013626,2.6381583509059383,1.663066127629502
2023-12-20 15:32:57,1146.88,1148.17,1151.6059632136657,1156.4815938533945,85.1,96.79,1154.0437785335303,2308.0875570670605,4.875630639728797,0.004224822945364819,181.89,11.690000000000012,-1.5753210712218788,-2.7705312844648233,-2.1729261778432374,1.1952102132429445,0.550046143023193,-0.7948929762594616,-0.7331562385118104,-0.764024607385636,0.0,0.0,0.0,6.344734576880509,1.451866337316033,2.343378899422062,2.04094079515914
2023-12-20 15:32:58,1166.7,1145.2,1155.3794724102493,1153.6611953900458,85.1,96.79,1154.5203339001475,2309.040667800295,1.718277020203459,0.0014883038161056467,181.89,11.690000000000012,3.773509196583518,-2.820398463348738,0.4765553666172764,6.593907659932256,13.83657447856077,5.348830267805397,-0.049867178883914676,2.6494815444605138,0.0,0.0,0.0,6.347354596474754,1.6588658114981027,2.101529925555047,1.2874671342592023
2023-12-20 15:32:59,1152.82,1144.2,1154.739604307687,1151.2958965425344,85.13,96.79,1153.0177504251105,2306.035500850221,3.443707765152567,0.0029866910209285173,181.92000000000002,11.66000000000001,-0.6398681025623318,-2.36529884751144,-1.5025834750369995,1.725430744949108,1.1483086466114467,-4.41337729914585,0.4550996158372982,-1.979138841654276,0.030000000000001137,0.0,0.030000000000001137,6.338048285438996,1.8311162200951905,2.195646183507161,1.1350839137558313
2023-12-20 15:33:00,1149.85,1144.2,1153.517203230765,1149.5219224069008,85.13,96.79,1151.519562818833,2303.039125637666,3.9952808238642774,0.003469572684127535,181.92000000000002,11.66000000000001,-1.2224010769218694,-1.7739741356335799,-1.4981876062774973,0.5515730587117105,0.3681599609025108,-0.5825329743595375,0.59132471187786,0.004395868759502264,0.0,0.0,0.0,6.329812865484939,1.7472004254606117,1.6254769804583538,0.997407473866566
2023-12-20 15:33:01,1151.83,1167.04,1153.0954024230737,1153.9014418051756,85.13,96.89,1153.4984221141247,2306.9968442282493,0.8060393821019716,0.0006987780528783815,182.01999999999998,11.760000000000005,-0.4218008076913975,4.3795193982748515,1.9788592952916133,4.801320205966249,2.4263057970237893,0.8006002692304719,6.153493533908431,3.4770469015691106,0.0,0.09999999999999432,0.09999999999999432,6.337206987017458,1.1542768440162425,1.6700703158492143,1.7240293247017826
2023-12-20 15:33:02,1152.82,1155.12,1153.0265518173053,1154.2060813538817,85.13,96.89,1153.6163165855935,2307.232633171187,1.1795295365764105,0.0010224625974821946,182.01999999999998,11.760000000000005,-0.06885060576837532,0.3046395487060636,0.11789447146884413,0.3734901544744389,3.1679771056612633,0.3529502019230222,-4.074879849568788,-1.8609648238227692,0.0,0.0,0.0,6.337854687659262,1.1019071552480522,1.4126486737141806,1.4682188779340462
2023-12-20 15:33:03,1169.67,1153.14,1157.187413862979,1153.9395610154113,85.13,96.89,1155.5634874391951,2311.1269748783902,3.2478528475676285,0.0028106225924068107,182.01999999999998,11.760000000000005,4.160862045673639,-0.2665203384704,1.9471708536016195,4.427382384144039,2.273750196190879,4.229712651442014,-0.5711598871764636,1.8292763821327753,0.0,0.0,0.0,6.348552252997709,1.4500021517286659,1.4398726266124418,1.7324799343666903
2023-12-20 15:33:04,1154.81,1150.16,1156.5930603972342,1152.9946707615584,85.17,96.89,1154.7938655793964,2309.587731158793,3.598389635675858,0.0031160449841447567,182.06,11.719999999999999,-0.594353465744689,-0.9448902538529182,-0.7696218597986899,0.3505367881082293,0.45546566561175056,-4.755215511418328,-0.6783699153825182,-2.7167927134003094,0.04000000000000625,0.0,0.04000000000000625,6.342930128729354,1.5348229020015993,1.4657212704423521,1.5753749119263067
2023-12-20 15:33:05,1153.82,1150.16,1155.8997952979257,1152.2860030711688,85.17,96.89,1154.0928991845472,2308.1857983690943,3.613792226756914,0.0031312836481179667,182.06,11.719999999999999,-0.693265099308519,-0.708667690389575,-0.7009663948492744,0.015402591081056016,0.02197333455769075,-0.09891163356383004,0.23622256346334325,0.06865546494941555,0.0,0.0,0.0,6.339079934337401,0.8649132644498941,1.3801113926480546,1.367526712138306
2023-12-20 15:33:06,1150.84,1152.15,1154.6348464734442,1152.2520023033767,85.17,96.89,1153.4434243884104,2306.886848776821,2.3828441700675285,0.0020658526613605947,182.06,11.719999999999999,-1.2649488244815075,-0.03400076779212213,-0.6494747961367011,1.2309480566893853,1.8952947346328768,-0.5716837251729885,0.6746669225974529,0.05149159871257325,0.0,0.0,0.0,6.335512567576062,0.878111508025083,1.0368340095688233,1.1521998192757854
2023-12-20 15:33:07,1152.82,1145.2,1154.1811348550832,1150.4890017275325,85.17,96.89,1152.3350682913078,2304.6701365826157,3.6921331275507328,0.003204044748739109,182.06,11.719999999999999,-0.45371161836101237,-1.7630005758442167,-1.1083560971026145,1.3092889574832043,1.1812880171073485,0.8112372061204951,-1.7289998080520945,-0.4588813009659134,0.0,0.0,0.0,6.329424705931468,1.2404288521459672,0.5442699926765875,1.244698491340674
2023-12-20 15:33:08,1170.66,1149.17,1158.3008511413125,1150.1592512956495,85.17,96.89,1154.230051218481,2308.460102436962,8.141599845662995,0.007053706347373715,182.06,11.719999999999999,4.119716286229277,-0.32975043188298514,1.8949829271732597,4.449466718112262,2.3480234604150523,4.5734279045902895,1.4332501439612315,3.003339024275874,0.0,0.0,0.0,6.339833268585345,0.9393457554933666,2.2228923242357075,1.221606760165177
2023-12-20 15:33:09,1155.8,1145.2,1157.6756383559843,1148.919438471737,85.2,96.89,1153.2975384138608,2306.5950768277216,8.75619988424728,0.0075923164534777675,182.09,11.689999999999998,-0.6252127853281308,-1.2398128239124162,-0.9325128046202735,0.6146000385842854,0.6590787563027606,-4.744929071557408,-0.9100623920294311,-2.827495731793533,0.030000000000001137,0.0,0.030000000000001137,6.333667593388946,0.7555992083605403,2.913624853414888,1.240399740336182
2023-12-20 15:33:10,1153.82,1148.17,1156.7117287669882,1148.7320788538027,85.2,96.89,1152.7219038103954,2305.4438076207907,7.97964991318554,0.006922441466485419,182.09,11.689999999999998,-0.9639095889961027,-0.18735961793436218,-0.5756346034654598,0.7765499710617405,1.349030474117184,-0.33869680366797184,1.052453205978054,0.3568782011548137,0.0,0.0,0.0,6.330506329177269,0.7256550262377247,2.9296221540975194,1.2314869779435307
2023-12-20 15:33:11,1153.82,1143.21,1155.9887965752412,1147.351559140352,85.2,96.89,1151.6701778577967,2303.3403557155934,8.63723743488913,0.007499749141247512,182.09,11.689999999999998,-0.722932191747077,-1.380519713450667,-1.0517259525986447,0.65758752170359,0.6252454784759478,0.24097739724902567,-1.1931600955163049,-0.47609134913318485,0.0,0.0,0.0,6.324730471377156,0.9719016267709245,2.121068172736233,1.2745190943502054
2023-12-20 15:33:12,1149.85,1143.21,1154.454097431431,1146.316169355264,85.2,96.89,1150.3851333933476,2300.770266786695,8.137928076166872,0.007074090087628249,182.09,11.689999999999998,-1.5346991438102577,-1.0353897850880003,-1.285044464449129,0.49930935872225746,0.3885538469538123,-0.8117669520631807,0.34512992836266676,-0.23331851185048436,0.0,0.0,0.0,6.317673277366546,1.485936686859424,0.34320957166221555,1.3027771447459806
2023-12-20 15:33:13,1170.66,1143.21,1158.5055730735733,1145.539627016448,85.2,96.89,1152.0226000450107,2304.0452000900214,12.965946057125166,0.011254940697659603,182.09,11.689999999999998,4.05147564214235,-0.7765423388159434,1.6374666516630896,4.828017980958293,2.9484661733956883,5.586174785952608,0.2588474462720569,2.9225111161122186,0.0,0.0,0.0,6.3266658999305,1.109047233914631,2.0777248752856363,1.190076781254682
2023-12-20 15:33:14,1154.81,1145.2,1157.58167980518,1145.454720262336,85.23,96.89,1151.5182000337581,2303.0364000675163,12.126959542844133,0.010531279081787276,182.12,11.659999999999997,-0.923893268393158,-0.08490675411212578,-0.5044000112525282,0.8389865142810322,1.663332339873113,-4.975368910535508,0.6916355847038176,-2.141866662915618,0.030000000000001137,0.0,0.030000000000001137,6.322854127558226,0.8521369121494465,2.3834011026815265,1.160961815066144
2023-12-20 15:33:15,1152.82,1143.21,1156.391259853885,1144.893540196752,85.23,96.89,1150.6424000253185,2301.284800050637,11.497719657133075,0.009992435223043793,182.12,11.659999999999997,-1.1904199512950981,-0.5611800655840398,-0.8758000084396826,0.6292398857110584,0.7184735797828152,-0.26652668290194015,-0.476273311471914,-0.37139999718715444,0.0,0.0,0.0,6.318045210340837,0.7004529064637124,2.157700236444771,1.1827237228104317
2023-12-20 15:33:16,1151.83,1143.21,1155.2509448904138,1144.472655147564,85.23,96.89,1149.861800018989,2299.723600037978,10.778289742849893,0.00937355231150243,182.12,11.659999999999997,-1.1403149634711554,-0.420885049187973,-0.7806000063294505,0.7194299142831824,0.921635904193991,0.05010498782394279,0.14029501639606679,0.09520000211023216,0.0,0.0,0.0,6.313759025396607,0.8733170166070203,1.842005681477187,1.152103687321365
2023-12-20 15:33:17,1146.88,1145.2,1153.1582086678104,1144.6544913606729,85.23,96.89,1148.9063500142415,2297.812700028483,8.50371730713755,0.007401575680759848,182.12,11.659999999999997,-2.0927362226034347,0.18183621310890885,-0.9554500047474903,2.2745724357123436,2.3806269755438425,-0.9524212591322794,0.6027212622968818,-0.17484999841803983,0.0,0.0,0.0,6.308512759201234,1.2531556242867503,1.6963926329091914,1.0940296027110814
2023-12-20 15:33:18,1170.66,1145.2,1157.533656500858,1144.7908685205045,85.23,96.89,1151.162262510681,2302.324525021362,12.742787980353341,0.01106949765838559,182.12,11.659999999999997,4.375447833047474,0.13637715983168164,2.255912496439578,4.239070673215792,1.8790927399947541,6.468184055650909,-0.04545905327722721,3.211362501187068,0.0,0.0,0.0,6.320899715516041,1.0499007169520609,1.639458140545097,1.367915491229721
2023-12-20 15:33:19,1153.82,1143.21,1156.6052423756435,1144.3956513903784,85.27,96.89,1150.500446883011,2301.000893766022,12.209590985265095,0.010612417411685032,182.16,11.620000000000005,-0.9284141252144309,-0.3952171301261842,-0.6618156276701939,0.5331969950882467,0.8056566921947407,-5.303861958261905,-0.5315942899578658,-2.9177281241097717,0.03999999999999204,0.0,0.03999999999999204,6.315878571404987,0.8658480485698727,1.6523870710871285,1.3792410555887256
2023-12-20 15:33:20,1153.82,1141.23,1155.9089317817325,1143.6042385427836,85.27,96.89,1149.756585162258,2299.513170324516,12.304693238948857,0.010701998481278863,182.16,11.620000000000005,-0.6963105939109937,-0.7914128475947564,-0.743861720752875,0.09510225368376268,0.12784919990009475,0.2321035313034372,-0.3961957174685722,-0.08204609308268118,0.0,0.0,0.0,6.311795009060513,0.8468610333341641,1.732734433943715,1.3643458930337202
2023-12-20 15:33:21,1153.82,1141.23,1155.3866988362993,1143.0106789070878,85.27,96.89,1149.1986888716935,2298.397377743387,12.376019929211452,0.010769260388378285,182.16,11.620000000000005,-0.5222329454331884,-0.5935596356957831,-0.5578962905644858,0.07132669026259464,0.12784914260907346,0.17407764847780527,0.1978532118989733,0.1859654301883893,0.0,0.0,0.0,6.308732337302159,0.9291757218927207,1.7578102982400017,1.343192193999638
2023-12-20 15:33:22,1153.82,1142.22,1154.9950241272245,1142.813009180316,85.27,96.89,1148.9040166537702,2297.8080333075404,12.182014946908566,0.010603161586801671,182.16,11.620000000000005,-0.39167470907477764,-0.19766972677189187,-0.29467221792333476,0.19400498230288576,0.6583733115282983,0.1305582363584108,0.3958899089238912,0.263224072641151,0.0,0.0,0.0,6.307114681305751,0.9298029687722908,0.22588604422511732,1.272649821666334
2023-12-20 15:33:23,1174.63,1139.24,1159.9037680954184,1141.919756885237,85.27,96.89,1150.9117624903276,2301.8235249806553,17.984011210181507,0.015625881827501752,182.16,11.620000000000005,4.908743968193903,-0.8932522950790371,2.007745836557433,5.80199626327294,2.8898047092537253,5.300418677268681,-0.6955825683071453,2.3024180544807678,0.0,0.0,0.0,6.318136562210096,0.8482548688650116,2.5574067652788353,1.1627449703014918
2023-12-20 15:33:24,1153.82,1139.24,1158.3828260715638,1141.2498176639276,85.3,96.89,1149.8163218677457,2299.6326437354915,17.133008407636225,0.014900648100824447,182.19,11.590000000000003,-1.520942023854559,-0.6699392213092779,-1.0954406225819184,0.8510028025452812,0.7768581958201448,-6.429685992048462,0.22331307376975928,-3.1031864591393514,0.030000000000001137,0.0,0.030000000000001137,6.311083569661684,0.7694927621049191,2.9034743293869227,1.2337785803332924
2023-12-20 15:33:25,1153.82,1139.24,1157.2421195536729,1140.7473632479457,85.3,96.89,1148.9947414008093,2297.9894828016186,16.49475630572715,0.014355815302741572,182.19,11.590000000000003,-1.140706517890976,-0.5024544159819015,-0.8215804669364388,0.6382521019090746,0.7768579594291805,0.3802355059635829,0.1674848053273763,0.2738601556454796,0.0,0.0,0.0,6.306574098985868,0.8326478134424541,2.749589237185112,1.243787237546845
2023-12-20 15:33:26,1153.82,1138.25,1156.3865896652546,1140.1230224359592,85.3,96.89,1148.254806050607,2296.509612101214,16.263567229295404,0.01416372666539912,182.19,11.590000000000003,-0.8555298884182321,-0.6243408119864853,-0.7399353502023587,0.2311890764317468,0.31244454522138415,0.285176629472744,-0.12188639600458373,0.08164511673408015,0.0,0.0,0.0,6.302512760020277,1.0219652023564818,2.242242844542839,1.2611682132029722
2023-12-20 15:33:27,1152.82,1137.26,1155.494942248941,1139.4072668269694,85.3,96.89,1147.4511045379552,2294.9022090759104,16.087675421971653,0.014020358117507174,182.19,11.590000000000003,-0.8916474163136172,-0.7157556089898662,-0.8037015126517417,0.17589180732375098,0.2188518818280315,-0.03611752789538514,-0.09141479700338095,-0.06376616244938305,0.0,0.0,0.0,6.298101422909347,1.3452576951684712,0.7747328176641284,1.292021447783397
2023-12-20 15:33:28,1170.66,1140.23,1159.2862066867058,1139.6129501202272,85.3,96.89,1149.4495784034666,2298.899156806933,19.673256566478585,0.01711537149518857,182.19,11.590000000000003,3.7912644377647666,0.20568329325783452,1.9984738655114143,3.585581144506932,1.7941587389388427,4.682911854078384,0.9214389022477008,2.802175378163156,0.0,0.0,0.0,6.30907059714801,0.9499102736824565,1.4755374284979295,1.287898132183805
2023-12-20 15:33:29,1154.81,1141.23,1158.1671550150295,1140.0172125901704,85.33,96.89,1149.0921838026,2298.1843676052,18.14994242485909,0.01579502729624519,182.22,11.560000000000002,-1.1190516716762886,0.40426246994320536,-0.3573946008666553,1.523314141619494,4.262263267722325,-4.910316109441055,0.19857917668537084,-2.3558684663780696,0.030000000000001137,0.0,0.030000000000001137,6.306070560292665,0.7979999761648786,1.5444549560123257,1.2129703636065707
2023-12-20 15:33:30,1154.81,1136.26,1157.327866261272,1139.0779094426277,85.33,96.89,1148.20288785195,2296.4057757039,18.24995681864425,0.015894365878918643,182.22,11.560000000000002,-0.8392887537575007,-0.9393031475426596,-0.8892959506499665,0.10001439378515897,0.11246456395927229,0.27976291791878793,-1.343565617485865,-0.5319013497833112,0.0,0.0,0.0,6.301190218147074,0.7906436207718641,1.5050273001127914,1.2227540651182431
2023-12-20 15:33:31,1150.84,1141.23,1155.705899695954,1139.6159320819706,85.33,96.89,1147.6609158889623,2295.3218317779247,16.08996761398339,0.014019792237588338,182.22,11.560000000000002,-1.6219665653179618,0.5380226393428984,-0.5419719629876454,2.15998920466086,3.985418742576829,-0.7826778115604611,1.477325786885558,0.3473239876623211,0.0,0.0,0.0,6.298215945509529,0.8749465254790283,1.5474185561042042,1.2022483733599847
2023-12-20 15:33:32,1153.82,1140.23,1155.2344247719655,1139.769449061478,85.33,96.89,1147.5019369167217,2295.0038738334433,15.464975710487352,0.013477080255362234,182.22,11.560000000000002,-0.4714749239885805,0.15351697950745802,-0.15897897224067492,0.6249919034960385,3.9312618733502003,1.1504916413293813,-0.3845056598354404,0.38299299074697046,0.0,0.0,0.0,6.297343489295238,0.8617769316044447,1.7200390838632504,1.143565380273069
2023-12-20 15:33:33,1169.67,1139.24,1158.843318578974,1139.6370867961086,85.33,96.89,1149.2402026875413,2298.4804053750827,19.206231782865416,0.016712112682134517,182.22,11.560000000000002,3.6088938070085987,-0.1323622653694656,1.7382657708196803,3.7412560723780643,2.152291083959382,4.080368730997179,-0.2858792448769236,1.8972447430603552,0.0,0.0,0.0,6.3068828689532355,0.7997576743573948,1.5813466058793089,1.0308232587075643
2023-12-20 15:33:34,1157.78,1140.23,1158.5774889342306,1139.7853150970814,85.37,96.89,1149.181402015656,2298.362804031312,18.79217383714922,0.016352660935719302,182.26,11.519999999999996,-0.26582964474346227,0.14822830097273254,-0.058800671885364864,0.4140579457161948,7.041601581047045,-3.874723451752061,0.28059056634219814,-1.7970664427050451,0.04000000000000625,0.0,0.04000000000000625,6.305176098488313,0.8214470599090984,1.677385738539852,1.0165245497811555
2023-12-20 15:33:35,1155.8,1138.25,1157.8831167006729,1139.401486322811,85.37,96.89,1148.642301511742,2297.284603023484,18.481630377861848,0.016089978871096745,182.26,11.519999999999996,-0.6943722335577149,-0.38382877427034146,-0.5391005039139145,0.3105434592873735,0.5760389407798092,-0.42854258881425267,-0.532057075243074,-0.48029983202854964,0.0,0.0,0.0,6.302218233345353,0.8242751938885012,1.7041723016217762,0.9481621448537613
2023-12-20 15:33:36,1152.82,1141.23,1156.6173375255046,1139.8586147421083,85.37,96.89,1148.2379761338066,2296.475952267613,16.75872278339625,0.014595165041683098,182.26,11.519999999999996,-1.2657791751682907,0.4571284192973053,-0.4043253779354927,1.722907594465596,4.261180295143824,-0.5714069416105758,0.8409571935676468,0.13477512597842178,0.0,0.0,0.0,6.299999834488132,0.7208993756836056,1.5768289972629261,0.9270663921692952
2023-12-20 15:33:37,1152.82,1170.02,1155.6680031441283,1147.3989610565814,85.37,97.02,1151.5334821003548,2303.0669642007097,8.26904208754695,0.007180895917401919,182.39,11.649999999999991,-0.9493343813762749,7.540346314473027,3.2955059665482622,8.489680695849302,2.57613799091478,0.31644479379201584,7.083217895175721,3.699831344483755,0.0,0.12999999999999545,0.12999999999999545,6.313577914286841,1.2790672013523459,4.585938402573583,1.6649941468065614
2023-12-20 15:33:38,1179.59,1173.0,1161.6485023580963,1153.799220792436,85.37,97.22,1157.7238615752663,2315.4477231505325,7.849281565660249,0.006779925524036565,182.59,11.849999999999994,5.98049921396796,6.400259735854661,6.190379474911424,0.4197605218867011,0.0678085173581689,6.929833595344235,-1.1400865786183658,2.894873508363162,0.0,0.20000000000000284,0.20000000000000284,6.340565503229644,3.9360316018349955,5.507521152793419,2.9683425458444863
2023-12-20 15:33:39,1157.78,1175.98,1160.6813767685721,1159.344415594327,85.4,97.39,1160.0128961814496,2320.025792362899,1.3369611742450616,0.0011525399221797906,182.79000000000002,11.989999999999995,-0.9671255895241302,5.545194801891057,2.2890346061833498,6.512320391415187,2.8450061562273294,-6.94762480349209,-0.8550649339636038,-3.9013448687280743,0.030000000000001137,0.1700000000000017,0.14000000000000057,6.346150718503741,5.363019790521295,7.050445756674755,2.802262132594995
2023-12-20 15:33:40,1150.84,1174.98,1158.221032576429,1163.2533116957452,85.4,97.56,1160.737172136087,2321.474344272174,5.032279119316172,0.0043354165230358975,182.96,12.159999999999997,-2.4603441921431113,3.9088961014181223,0.7242759546375055,6.369240293561234,8.793929245959488,-1.493218602618981,-1.6362987004729348,-1.5647586515458443,0.0,0.1700000000000017,0.1700000000000017,6.344212755749203,5.502247232288128,5.698687598215796,2.542228974396511
2023-12-20 15:33:41,1154.81,1157.11,1157.3682744323219,1161.717483771809,85.4,97.63,1159.5428791020654,2319.085758204131,4.349209339487061,0.0037507964682636265,183.03,12.22999999999999,-0.8527581441071561,-1.5358279239362673,-1.1942930340217117,0.6830697798291112,0.5719443959113786,1.6075860480359552,-5.44472402535439,-1.9185689886592172,0.0,0.06999999999999318,0.06999999999999318,6.335261283761154,3.7341664671525687,2.8272211734260893,2.7754090839232224
2023-12-20 15:33:42,1156.79,1160.09,1157.2237058242413,1161.3106128288566,85.4,97.63,1159.267159326549,2318.534318653098,4.086907004615341,0.00352542290895579,183.03,12.22999999999999,-0.1445686080805899,-0.40687094295230963,-0.2757197755163361,0.2623023348717197,0.95133322608901,0.7081895360265662,1.1289569809839577,0.9185732585053756,0.0,0.0,0.0,6.333754865283256,1.1174798150683645,2.32886365699567,2.8993731084541423
2023-12-20 15:33:43,1162.73,1155.12,1158.600279368181,1159.7629596216425,85.4,97.63,1159.1816194949117,2318.3632389898235,1.1626802534615308,0.0010030181922355923,183.03,12.22999999999999,1.376573543939685,-1.5476532072141254,-0.08553983163733392,2.9242267511538103,34.18515690321561,1.5211421520202748,-1.1407822642618157,0.19017994387900217,0.0,0.0,0.0,6.33328751112727,0.6408393160963212,1.8087228919675478,1.30852185354633
2023-12-20 15:33:44,1156.79,1158.1,1158.1477095261357,1159.3472197162318,85.4,97.63,1158.7474646211838,2317.4949292423676,1.1995101900961345,0.0010351782641898582,183.03,12.22999999999999,-0.45256984204524997,-0.4157399054106463,-0.43415487372794814,0.036829936634603655,0.08483113753214387,-1.8291433859849349,1.131913301803479,-0.3486150420906142,0.0,0.0,0.0,6.33091546899562,0.7507015956370211,1.844683164804422,0.6896515450980526
2023-12-20 15:33:45,1155.8,1151.15,1157.5607821446017,1157.2979147871738,85.4,97.63,1157.4293484658879,2314.8586969317757,0.2628673574279219,0.0002271130912217024,183.03,12.22999999999999,-0.5869273815339966,-2.049304929058053,-1.318116155295911,1.4623775475240564,1.1094442869881014,-0.13435753948874662,-1.6335650236474066,-0.8839612815679629,0.0,0.0,0.0,6.3237138291109325,0.8353905869686005,1.8713808648285062,0.5584029627266981
2023-12-20 15:33:46,1150.84,1156.12,1155.8805866084513,1157.0034360903803,85.4,97.63,1156.4420113494157,2312.8840226988314,1.1228494819290518,0.0009709518245950631,183.03,12.22999999999999,-1.6801955361504497,-0.29447869679347605,-0.9873371164721902,1.3857168393569737,1.403487636341045,-1.093268154616453,1.754826232264577,0.33077903882372084,0.0,0.0,0.0,6.318319428678885,1.2334542161064277,1.4617186934348625,0.5150285255012924
2023-12-20 15:33:47,1153.82,1155.12,1155.3654399563384,1156.5325770677853,85.4,97.63,1155.949008512062,2311.898017024124,1.1671371114468911,0.001009678715793486,183.03,12.22999999999999,-0.5151466521128896,-0.4708590225950502,-0.4930028373537425,0.04428762951783938,0.08983222068931261,1.1650488840375601,-0.17638032580157414,0.49433427911844774,0.0,0.0,0.0,6.315625865685604,1.4054779454071755,0.40349009647017603,0.48710859407745843
2023-12-20 15:33:48,1166.7,1156.12,1158.1990799672537,1156.4294328008389,85.44,97.63,1157.3142563840463,2314.6285127680926,1.7696471664148703,0.0015290982160842987,183.07,12.189999999999998,2.83364001091536,-0.10314426694640133,1.3652478719843657,2.9367842778617614,2.1510981170731136,3.3487866630282497,0.36771475564864886,1.8582507093381082,0.03999999999999204,0.0,0.03999999999999204,6.321703447109537,1.0720363687959356,0.5394564991023768,1.0380630745323092
2023-12-20 15:33:49,1151.83,1156.12,1156.6068099754402,1156.352074600629,85.44,97.63,1156.4794422880345,2312.958884576069,0.2547353748111618,0.0002202679661014234,183.07,12.189999999999998,-1.5922699918135095,-0.077358200209801,-0.8348140960117689,1.5149117916037085,1.814667462101514,-4.42591000272887,0.025786066736600333,-2.2000619679961346,0.0,0.0,0.0,6.317143365766599,0.6296526612001716,0.651617538813887,1.0591680513709274
2023-12-20 15:33:50,1155.8,1154.13,1156.4051074815802,1155.7965559504719,85.44,97.63,1156.100831716026,2312.201663432052,0.6085515311083327,0.0005263827461127792,183.07,12.189999999999998,-0.2017024938600116,-0.5555186501571825,-0.37861057200848336,0.3538161562971709,0.9345096200314847,1.3905674979534979,-0.4781604499473815,0.45620352400328557,0.0,0.0,0.0,6.315075246632167,0.529274966268929,0.5794062889266801,0.9445974434069961
2023-12-20 15:33:51,1153.82,1148.17,1155.7588306111852,1153.889916962854,85.44,97.63,1154.8243737870196,2309.648747574039,1.8689136483312723,0.001618353135883497,183.07,12.189999999999998,-0.6462768703950132,-1.9066389876179528,-1.276457929006483,1.2603621172229396,0.9873894792713213,-0.44457437653500165,-1.3511203374607703,-0.8978473569979997,0.0,0.0,0.0,6.308102733811749,0.9031579923319273,0.7061242148646534,1.0066291121363604
2023-12-20 15:33:52,1153.82,1151.15,1155.274122958389,1153.2049377221406,85.44,97.63,1154.2395303402648,2308.4790606805295,2.0691852362483587,0.0017926826971917077,183.07,12.189999999999998,-0.48470765279625994,-0.6849792407133464,-0.5848434467548032,0.20027158791708644,0.34243564939080384,0.1615692175987533,1.2216597469046064,0.6916144822516799,0.0,0.0,0.0,6.304908089994847,1.2481667023341323,0.8224273696562695,1.0113216439219168
2023-12-20 15:33:53,1160.75,1154.13,1156.6430922187917,1153.4362032916056,85.47,97.63,1155.0396477551985,2310.079295510397,3.206888927186128,0.0027764319005345265,183.1,12.159999999999997,1.3689692604027641,0.23126556946499477,0.8001174149337658,1.1377036909377694,1.4219191430957743,1.853676913199024,0.9162448101783411,1.384960861688569,0.030000000000001137,0.0,0.030000000000001137,6.308244901403351,0.9279354287821304,1.1902977195364206,0.777345842702368
2023-12-20 15:33:54,1157.78,1150.16,1156.9273191640937,1152.6171524687043,85.47,97.63,1154.772235816399,2309.544471632798,4.310166695389398,0.003732482092981497,183.1,12.159999999999997,0.2842269453019526,-0.8190508229013176,-0.2674119387995688,1.1032777682032702,4.125745646998025,-1.0847423151008115,-1.0503163923663124,-1.0675293537333346,0.0,0.0,0.0,6.3067844320568796,0.684530545804521,1.4053267939037124,0.7489190380652117
2023-12-20 15:33:55,1153.82,1153.14,1156.1504893730703,1152.7478643515283,85.47,97.63,1154.4491768622993,2308.8983537245986,3.4026250215420077,0.0029474013120635327,183.1,12.159999999999997,-0.7768297910233741,0.13071188282401636,-0.3230589540996789,0.9075416738473905,2.8092051098582527,-1.0610567363253267,0.9497627057253339,-0.05564701530011007,0.0,0.0,0.0,6.30502004673555,0.3181448257772135,1.0078657937340687,0.7486417803403228
2023-12-20 15:33:56,1153.82,1147.18,1155.5678670298028,1151.3558982636462,85.47,97.63,1153.4618826467245,2306.923765293449,4.211968766156588,0.0036515890346027285,183.1,12.159999999999997,-0.5826223432675306,-1.3919660878821105,-0.9872942155748206,0.8093437446145799,0.8197586009199547,0.19420744775584353,-1.5226779707061269,-0.6642352614751417,0.0,0.0,0.0,6.299627942911505,0.6032537084300227,0.9066416728991595,0.6636225234197148
2023-12-20 15:33:57,1154.81,1153.14,1155.3784002723519,1151.8019236977348,85.47,97.63,1153.5901619850433,2307.1803239700866,3.576476574617118,0.003100300860196818,183.1,12.159999999999997,-0.18946675745087305,0.44602543408859674,0.12827933831886185,0.6354921915394698,4.953932924310268,0.39315558581665755,1.8379915219707073,1.1155735538936824,0.0,0.0,0.0,6.300328540058519,0.7056316256340102,0.49310256872062075,0.6563028483694128
2023-12-20 15:33:58,1158.77,1146.19,1156.226300204264,1150.398942773301,85.5,97.63,1153.3126214887825,2306.625242977565,5.82735743096282,0.00505271278344957,183.13,12.129999999999995,0.8478999319120248,-1.4029809244336775,-0.27754049626082633,2.2508808563457023,8.110069617230797,1.0373666893628979,-1.8490063585222742,-0.4058198345796882,0.030000000000001137,0.0,0.030000000000001137,6.297780894397431,0.6507435281641347,0.9570221537286336,0.40236378802958034
2023-12-20 15:33:59,1154.81,1152.15,1155.872225153198,1150.836707079976,85.5,97.63,1153.354466116587,2306.708932233174,5.0355180732221925,0.00436597613031413,183.13,12.129999999999995,-0.35407505106581993,0.4377643066748078,0.04184462780449394,0.7918393577406277,18.922869587240115,-1.2019749829778448,1.8407452311084853,0.31938512406532027,0.0,0.0,0.0,6.298009391244349,0.4683701093542411,1.0184490476346009,0.43941383119185035
2023-12-20 15:34:00,1150.84,1149.17,1154.6141688648986,1150.420030309982,85.5,97.63,1152.5170995874403,2305.0341991748805,4.1941385549166625,0.0036391117778459873,183.13,12.129999999999995,-1.2580562882994855,-0.41667676999395553,-0.8373665291467205,0.8413795183055299,1.0047911926593305,-0.9039812372336655,-0.8544410766687633,-0.8792111569512144,0.0,0.0,0.0,6.293436866127906,0.42206165209481183,0.8738131449806694,0.5061085213710858
2023-12-20 15:34:01,1157.78,1149.17,1155.405626648674,1150.1075227324864,85.5,97.63,1152.7565746905802,2305.5131493811605,5.298103916187529,0.004596030096825603,183.13,12.129999999999995,0.7914577837752859,-0.31250757749558034,0.23947510313996645,1.1039653612708662,4.609918679967964,2.0495140720747713,0.1041691924983752,1.076841632286687,0.0,0.0,0.0,6.294744544290044,0.44937240920118504,0.897521777877388,0.4342448776725406
2023-12-20 15:34:02,1157.78,1150.16,1155.9992199865053,1150.1206420493647,85.5,97.63,1153.059931017935,2306.11986203587,5.878577937140562,0.005098241447738664,183.13,12.129999999999995,0.5935933378314076,0.013119316878373866,0.303356327354777,0.5804740209530337,1.9134992584971193,-0.1978644459438783,0.3256268943739542,0.06388122421481057,0.0,0.0,0.0,6.296401052375548,0.360353556149971,0.6876697129367407,0.4672009243221696
2023-12-20 15:34:03,1158.77,1148.17,1156.691914989879,1149.6329815370236,85.5,97.63,1153.1624482634513,2306.3248965269026,7.058933452855399,0.006121369506407432,183.13,12.129999999999995,0.6926950033737285,-0.4876605123411082,0.10251724551631014,1.1803555157148367,11.513614086646147,0.09910166554232092,-0.500779829219482,-0.20083908183846688,0.0,0.0,0.0,6.296960858223614,0.3330192214195617,1.0647926042095484,0.46322414916764454
2023-12-20 15:34:04,1158.77,1149.17,1157.2114362424093,1149.5172361527677,85.5,97.63,1153.3643361975885,2306.728672395177,7.694200089641527,0.006671092421963273,183.13,12.129999999999995,0.5195212525302395,-0.11574538425588798,0.20188793413717576,0.6352666367861275,3.14661444670607,-0.17317375084348896,0.3719151280852202,0.09937068862086562,0.0,0.0,0.0,6.298063287825726,0.33588409975287997,1.3925801658776915,0.4748171043633303
2023-12-20 15:34:05,1152.82,1148.17,1156.113577181807,1149.1804271145759,85.5,97.63,1152.6470021481914,2305.294004296383,6.933150067231054,0.006014981211329003,183.13,12.129999999999995,-1.0978590606023317,-0.33680903819185914,-0.7173340493970954,0.7610500224104726,1.0609408017217596,-1.6173803131325712,-0.22106365393597116,-0.9192219835342712,0.0,0.0,0.0,6.29414621227568,0.29434951374568075,0.9657264403765232,0.42185160700030955
2023-12-20 15:34:06,1157.78,1148.17,1156.530182886355,1148.927820335932,85.5,97.63,1152.7290016111435,2305.458003222287,7.602362550423095,0.006595099570846524,183.13,12.129999999999995,0.4166057045481466,-0.25260677864389436,0.08199946295212612,0.669212483192041,8.161081768315668,1.5144647651504783,0.08420225954796479,0.7993335123492216,0.0,0.0,0.0,6.294593978684812,0.3002047914535218,0.7253776835725936,0.4075639766746842
2023-12-20 15:34:07,1153.82,1148.17,1155.8526371647663,1148.738365251949,85.5,97.63,1152.2955012083576,2304.591002416715,7.11427191281723,0.0061739995506212,183.13,12.129999999999995,-0.6775457215887855,-0.18945508398292077,-0.4335004027859668,0.4880906376058647,1.1259263164295925,-1.094151426136932,0.06315169466097359,-0.5154998657380929,0.0,0.0,0.0,6.292226805636055,0.4257195352537067,0.34355447826450874,0.40112734461413535
2023-12-20 15:34:08,1160.75,1144.2,1157.0769778735748,1147.6037739389617,85.54,97.63,1152.3403759062683,2304.6807518125365,9.473203934613139,0.00822083832560498,183.17000000000002,12.08999999999999,1.2243407088085405,-1.134591312987368,0.04487469791069998,2.3589320217959084,52.56591276842191,1.901886430397326,-0.9451362290044472,0.4783751006966668,0.04000000000000625,0.0,0.04000000000000625,6.291097721325383,0.42862476765629337,1.0080715996258494,0.3926915245896883
2023-12-20 15:34:09,1157.78,1147.18,1157.252733405181,1147.4978304542212,85.54,97.63,1152.375281929701,2304.750563859402,9.754902950959831,0.008465040074583858,183.17000000000002,12.08999999999999,0.17575553160622803,-0.10594348474046456,0.03490602343276805,0.2816990163466926,8.069981013684915,-1.0485851772023125,1.0286478282469034,-0.009968674477931927,0.0,0.0,0.0,6.291288287593016,0.19644281936118885,1.3394657607925804,0.3594444148904067
2023-12-20 15:34:10,1157.78,1147.18,1157.3845500538857,1147.418372840666,85.54,97.63,1152.4014614472758,2304.8029228945516,9.96617721321968,0.008648181677985025,183.17000000000002,12.08999999999999,0.13181664870467102,-0.07945761355517789,0.02617951757474657,0.2112742622598489,8.069903952687385,-0.04393888290155701,0.02648587118528667,-0.008726505858021483,0.0,0.0,0.0,6.291431212293741,0.17271279848554794,1.3228227413357374,0.2159317022253181
2023-12-20 15:34:11,1155.8,1145.2,1156.9884125404144,1146.8637796304995,85.54,97.63,1151.926096085457,2303.852192170914,10.124632909914908,0.008789307695634054,183.17000000000002,12.08999999999999,-0.39613751347133075,-0.5545932101665585,-0.47536536181883093,0.15845569669522774,0.33333384400391697,-0.5279541621760018,-0.4751355966113806,-0.5015448793935775,0.0,0.0,0.0,6.288835998234541,0.1950730081510556,1.238674931159556,0.2687382117982216
2023-12-20 15:34:12,1153.82,1141.23,1156.1963094053108,1145.4553347228748,85.54,97.63,1150.8258220640928,2301.6516441281856,10.74097468243599,0.009333275694003777,183.17000000000002,12.08999999999999,-0.7921031351036163,-1.4084449076246983,-1.1002740213641573,0.616341772521082,0.5601706487500927,-0.39596562163228555,-0.8538516974581398,-0.6249086595453264,0.0,0.0,0.0,6.282829152051447,0.6705574082452204,0.4750237041878464,0.5021208340662446
2023-12-20 15:34:13,1162.73,1150.16,1157.8297320539832,1146.631501042156,85.57,97.66,1152.2306165480695,2304.461233096139,11.198231011827147,0.009718741058675236,183.23,12.090000000000003,1.633422648672422,1.1761663192812648,1.4047944839767297,0.4572563293911571,0.325496725044093,2.4255257837760382,2.584611226905963,2.505068505340887,0.029999999999986926,0.030000000000001137,1.4210854715202004e-14,6.288438630462429,0.6572210464170245,0.5967335968347338,0.9232438824313054
2023-12-20 15:34:14,1158.77,1177.96,1158.0647990404873,1154.463625781617,85.57,97.76,1156.264212411052,2312.528424822104,3.601173258870176,0.003114489938460076,183.32999999999998,12.190000000000012,0.23506698650407998,7.832124739461051,4.0335958629825654,7.597057752956971,1.883444977527941,-1.398355662168342,6.655958420179786,2.6288013790058358,0.0,0.10000000000000853,0.10000000000000853,6.307010342573729,2.0688241376892726,3.1276652740653748,2.0405788141340966
2023-12-20 15:34:15,1154.81,1181.94,1157.2510992803655,1161.332719336213,85.57,97.97,1159.2919093082892,2318.5838186165784,4.081620055847452,0.003520787145631018,183.54,12.400000000000006,-0.8136997601218354,6.869093554595793,3.0276968972370923,7.682793314717628,2.5375032699690796,-1.0487667466259154,-0.9630311848652582,-1.005898965745473,0.0,0.20999999999999375,0.20999999999999375,6.316290198278299,3.555985539761256,3.77313622285763,2.1995006497985954
2023-12-20 15:34:16,1156.79,1181.94,1157.135824460274,1166.4845395021598,85.57,98.13,1161.8101819812168,2323.6203639624337,9.348715041885725,0.008046680239879483,183.7,12.560000000000002,-0.11527482009137202,5.151820165946901,2.518272672927651,5.267094986038273,2.09154987508365,0.6984249400304634,-1.7172733886488913,-0.5094242243094413,0.0,0.1599999999999966,0.1599999999999966,6.324497417837341,4.626265136492809,3.6760083055933253,1.9636420885672965
2023-12-20 15:34:17,1153.82,1181.94,1156.3068683452054,1170.3484046266199,85.57,98.3,1163.3276364859125,2326.655272971825,14.041536281414437,0.012070147591232202,183.87,12.730000000000004,-0.8289561150686495,3.8638651244600624,1.5174545046957064,4.692821239528712,3.0925593699498677,-0.7136812949772775,-1.287955041486839,-1.0008181682319446,0.0,0.1700000000000017,0.1700000000000017,6.326902867020229,4.448549327180356,4.533748834534108,1.094941127542027
2023-12-20 15:34:18,1159.76,1170.02,1157.170151258904,1170.266303469965,85.57,98.44,1163.7182273644344,2327.4364547288687,13.096152211060826,0.011253714079452904,184.01,12.870000000000005,0.8632829136986402,-0.08210115665497142,0.3905908785218344,0.9453840703536116,2.4203884472236,1.6922390287672897,-3.945966281115034,-1.126863626173872,0.0,0.14000000000000057,0.14000000000000057,6.324211841966321,3.1120409282723362,4.886637337527903,1.4000652035866519
2023-12-20 15:34:19,1158.77,1161.08,1157.5701134441779,1167.9697276024735,85.57,98.44,1162.7699205233257,2325.5398410466514,10.399614158295662,0.008943827979890724,184.01,12.870000000000005,0.39996218527380734,-2.296575867491356,-0.9483068411086606,2.6965380527651632,2.8435260533253186,-0.46332072842483285,-2.2144747108363845,-1.338897719630495,0.0,0.0,0.0,6.319058280551424,1.7684024183474638,3.9161203442020462,1.6123207979052998
2023-12-20 15:34:20,1158.77,1162.07,1157.8700850831333,1166.494795701855,85.57,98.44,1162.1824403924943,2324.3648807849886,8.624710618721792,0.007421133129827625,184.01,12.870000000000005,0.29997163895541235,-1.4749319006184578,-0.587480130831409,1.7749035395738701,3.0212094421858438,-0.09999054631839499,0.8216439668728981,0.36082671027725155,0.0,0.0,0.0,6.315865627284543,0.7868011996441104,2.362299365983423,1.4465745264835015
2023-12-20 15:34:21,1156.79,1165.05,1157.60006381235,1166.1335967763914,85.57,98.44,1161.8668302943706,2323.7336605887413,8.533532964041342,0.0073446738767252795,184.01,12.870000000000005,-0.2700212707832179,-0.3611989254636683,-0.31561009812367047,0.09117765468045036,0.2888924224227467,-0.5699929097386303,1.1137329751547895,0.2718700327077386,0.0,0.0,0.0,6.314150448237706,0.7699009786644989,2.5353590015570058,0.9745019375278201
2023-12-20 15:34:22,1157.78,1160.09,1157.6450478592626,1164.6226975822935,85.57,98.44,1161.133872720778,2322.267745441556,6.977649723030936,0.006009341283508946,184.01,12.870000000000005,0.044984046912531994,-1.510899194097874,-0.7329575735925573,1.555883241010406,2.1227437635176667,0.3150053176957499,-1.1497002686342057,-0.41734747546888684,0.0,0.0,0.0,6.310167199666382,0.9730923772013381,2.3345551212811166,0.5175173066382779
2023-12-20 15:34:23,1161.74,1160.09,1158.668785894447,1163.4895231867201,85.6,98.44,1161.0791545405837,2322.1583090811673,4.820737292273179,0.004151945428758219,184.04,12.840000000000003,1.0237380351843512,-1.1331743955734055,-0.054718180194413435,2.1569124307577567,39.41784988544048,0.9787539882718193,0.3777247985244685,0.6782393933981439,0.030000000000001137,0.0,0.030000000000001137,6.308841274895362,0.7166953474062105,2.091835090319221,0.35046694318644167
2023-12-20 15:34:24,1156.79,1162.07,1158.1990894208352,1163.13464239004,85.6,98.44,1160.6668659054376,2321.333731810875,4.935552969204764,0.004252342433418387,184.04,12.840000000000003,-0.46969647361174793,-0.35488079668016326,-0.4122886351460693,0.11481567693158468,0.2784830544937344,-1.4934345087960992,0.7782935988932422,-0.35757045495165585,0.0,0.0,0.0,6.30660106280611,0.620562461736086,1.8545608323658076,0.25998927650783965
2023-12-20 15:34:25,1159.76,1162.07,1158.5893170656263,1162.86848179253,85.6,98.44,1160.7288994290782,2321.4577988581564,4.279164726903673,0.0036866185767596765,184.04,12.840000000000003,0.39022764479113903,-0.2661605975099519,0.06203352364059356,0.6563882423010909,10.58101527633187,0.859924118402887,0.08872019917021134,0.47432215878666284,0.0,0.0,0.0,6.306938128244622,0.47822916095066964,1.7901440468358751,0.31269171248541094
2023-12-20 15:34:26,1158.77,1162.07,1158.6344877992196,1162.6688613443976,85.6,98.44,1160.6516745718086,2321.303349143617,4.034373545177914,0.0034759554740575655,184.04,12.840000000000003,0.045170733593295154,-0.19962044813246393,-0.07722485726958439,0.2447911817257591,3.169808537977483,-0.3450569111978439,0.06654014937748798,-0.13925838091017795,0.0,0.0,0.0,6.306518519155022,0.23484571049821407,1.1617846260575317,0.32584273554185245
2023-12-20 15:34:27,1157.78,1159.1,1158.4208658494147,1161.776646008298,85.6,98.44,1160.0987559288565,2320.197511857713,3.3557801588833627,0.002892667661990398,184.04,12.840000000000003,-0.21362194980497407,-0.8922153360995253,-0.552918642952136,0.6785933862945512,1.2272911533245967,-0.2587926833982692,-0.6925948879670614,-0.4756937856825516,0.0,0.0,0.0,6.30351417966389,0.35158018488656345,0.6396348023195514,0.2618269971232751
2023-12-20 15:34:28,1158.77,1161.08,1158.5081493870612,1161.6024845062234,85.6,98.44,1160.0553169466423,2320.1106338932846,3.094335119162224,0.0026674030723287893,184.04,12.840000000000003,0.0872835376464991,-0.17416150207463943,-0.04343898221418385,0.26144503972113853,6.018534686134667,0.30090548745147316,0.7180538340248859,0.5094796607379521,0.0,0.0,0.0,6.30327814955099,0.33322861946802707,0.736805025091385,0.2635104563639098
2023-12-20 15:34:29,1156.79,1154.13,1158.0786120402959,1159.7343633796677,85.6,98.44,1158.9064877099818,2317.8129754199635,1.6557513393718182,0.0014287186718704898,184.04,12.840000000000003,-0.42953734676530075,-1.8681211265557067,-1.1488292366605037,1.438583779790406,1.2522161533388756,-0.5168208844117999,-1.6939596244810673,-1.1053902544463199,0.0,0.0,0.0,6.297035869446566,0.7289780526483806,1.0302587149840603,0.5043411901515911
2023-12-20 15:34:30,1157.78,1158.1,1158.003959030222,1159.3257725347507,85.6,98.44,1158.6648657824862,2317.3297315649725,1.3218135045287909,0.0011408074434839423,184.04,12.840000000000003,-0.07465301007391645,-0.40859084491694375,-0.2416219274955438,0.3339378348430273,1.3820618693115787,0.3548843366913843,1.459530281638763,0.90720730916496,0.0,0.0,0.0,6.295722992212363,0.8498653832768839,1.1571155795484664,0.4581791247645421
2023-12-20 15:34:31,1156.79,1157.11,1157.7004692726664,1158.771829401063,85.6,98.44,1158.2361493368649,2316.4722986737297,1.071360128396691,0.0009249928247232598,184.04,12.840000000000003,-0.3034897575555533,-0.5539431336876532,-0.4287164456213759,0.25045337613209995,0.5841921729336137,-0.22883674748163685,-0.1453522887707095,-0.1870945181258321,0.0,0.0,0.0,6.293393517949747,0.8426980787113102,1.0519882404361391,0.41911844995438197
2023-12-20 15:34:32,1157.78,1159.1,1157.7203519544998,1158.8538720507972,85.6,98.44,1158.2871120026484,2316.574224005297,1.1335200962973886,0.0009786175496323568,184.04,12.840000000000003,0.019882681833450988,0.08204264973414865,0.05096266578357245,0.062159967900697666,1.2196918519298159,0.3233724393890043,0.6359857834218019,0.47967911140494834,0.0,0.0,0.0,6.293670428759933,0.738564026347641,0.8359538782721994,0.4769855755169917
2023-12-20 15:34:33,1151.83,1158.1,1156.2477639658748,1158.665404038098,85.6,98.44,1157.4565840019864,2314.9131680039727,2.4176400722230937,0.0020887522724828116,184.04,12.840000000000003,-1.4725879886250368,-0.18846801269933167,-0.8305280006620706,1.2841199759257051,1.5461470639821688,-1.4924706704584878,-0.2705106624334803,-0.881490666445643,0.0,0.0,0.0,6.28915767068479,0.5513673160332487,0.5509329499323635,0.4753101438162039
2023-12-20 15:34:34,1157.78,1157.11,1156.630822974406,1158.2765530285733,85.6,98.44,1157.4536880014898,2314.9073760029796,1.6457300541671884,0.0014218539107054243,184.04,12.840000000000003,0.3830590085312906,-0.3888510095246147,-0.0028960004965483677,0.7719100180559053,266.451462115936,1.8556469971563274,-0.20038299682528304,0.8276320001655222,0.0,0.0,0.0,6.289141934972549,0.541310351613435,0.550333611939404,0.35792313700024325
2023-12-20 15:34:35,1152.82,1153.14,1155.6781172308044,1156.99241477143,85.6,98.44,1156.3352660011174,2312.6705320022347,1.3142975406256028,0.0011366059465038635,184.04,12.840000000000003,-0.9527057436016548,-1.2841382571432405,-1.1184220003724477,0.33143251354158565,0.2963391430891665,-1.3357647521329454,-0.8952872476186258,-1.1155259998758993,0.0,0.0,0.0,6.283064875668619,0.7917773628975497,0.5510133352975451,0.5103040450062387
2023-12-20 15:34:36,1153.82,1157.11,1155.2135879231032,1157.0218110785725,85.6,98.44,1156.1176995008377,2312.2353990016754,1.8082231554692498,0.0015640476351896659,184.04,12.840000000000003,-0.4645293077012411,0.02939630714240593,-0.21756650027964497,0.49392561484364705,2.2702178138223403,0.4881764359004137,1.3135345642856464,0.9008555000928027,0.0,0.0,0.0,6.2818827060364875,0.8953621644956948,0.49819878985787425,0.5227378289866533
2023-12-20 15:34:37,1155.8,1157.11,1155.3601909423273,1157.0438583089292,85.6,98.44,1156.2020246256284,2312.4040492512568,1.6836673666018669,0.0014562051694130386,184.04,12.840000000000003,0.14660301922413055,0.022047230356747605,0.08432512479066645,0.12455578886738294,1.4770723684573879,0.6111323269253717,-0.007349076785658326,0.3018916250703114,0.0,0.0,0.0,6.282340895149356,0.6818536058442057,0.40354158481653596,0.5304670000039889
2023-12-20 15:34:38,1150.84,1157.11,1154.2301432067454,1157.0603937316969,85.6,98.44,1155.6452684692213,2311.2905369384425,2.8302505249514525,0.002449065123808592,184.04,12.840000000000003,-1.1300477355819112,0.01653542276767439,-0.5567561564071184,1.1465831583495856,2.0593954566273553,-1.2766507548060417,-0.005511807589073214,-0.6410812811977848,0.0,0.0,0.0,6.279315704139892,0.6691128346559707,0.5741949391918321,0.4896750688724276
2023-12-20 15:34:39,1156.79,1154.13,1154.8701074050591,1156.3277952987728,85.6,98.44,1155.598951351916,2311.197902703832,1.4576878937136826,0.0012614133049765617,184.04,12.840000000000003,0.6399641983136917,-0.7325984329240782,-0.046317117305306965,1.37256263123777,29.633385618644446,1.7700119338956029,-0.7491338556917526,0.5104390391018114,0.0,0.0,0.0,6.279064035388242,0.33604804772362445,0.5971451968079093,0.4820339108481363
2023-12-20 15:34:40,1155.8,1153.14,1155.1025805537943,1155.5308464740797,85.6,98.44,1155.316713513937,2310.633427027874,0.428265920285412,0.0003706913566688865,184.04,12.840000000000003,0.2324731487351528,-0.7969488246931178,-0.2822378379789825,1.0294219734282706,3.647343437209477,-0.4074910495785389,-0.06435039176903956,-0.23592072067367553,0.0,0.0,0.0,6.277530467487538,0.37337530557663157,0.8585491045597989,0.24430358425857923
2023-12-20 15:34:41,1153.82,1153.14,1154.7819354153457,1154.9331348555597,85.6,98.44,1154.8575351354527,2309.7150702709055,0.15119944021398624,0.00013092475520396318,184.04,12.840000000000003,-0.32064513844852627,-0.597711618519952,-0.45917837848423915,0.27706648007142576,0.6033948671345566,-0.5531182871836791,0.19923720617316576,-0.17694054050525665,0.0,0.0,0.0,6.275035475225045,0.4917276156785225,1.0715495985528314,0.2702469031371505
2023-12-20 15:34:42,1155.8,1150.16,1155.0364515615092,1153.7398511416698,85.6,98.4,1154.3881513515894,2308.7763027031788,1.2966004198394785,0.001123192764234621,184.0,12.800000000000011,0.25451614616349616,-1.1932837138899686,-0.4693837838633499,1.4477998600534647,3.0844627048561444,0.5751612846120224,-0.5955720953700165,-0.010205405379110744,0.0,-0.03999999999999204,0.03999999999999204,6.273848614552939,0.5338420801019691,1.0516211407053357,0.2030514461943284
2023-12-20 15:34:43,1153.82,1155.12,1154.7323386711319,1154.0848883562523,85.6,98.4,1154.4086135136922,2308.8172270273844,0.6474503148795065,0.0005608502108694435,184.0,12.800000000000011,-0.3041128903773824,0.3450372145825895,0.020462162102830916,0.6491501049599719,31.722863831986512,-0.5586290365408786,1.538320928472558,0.4898459459661808,0.0,0.0,0.0,6.273959821955067,0.5400132195291789,0.561581357270068,0.22777455775108363
2023-12-20 15:34:44,1154.81,1153.14,1154.7517540033489,1153.8486662671894,85.6,98.4,1154.300210135269,2308.600420270538,0.9030877361594776,0.000782368163366512,184.0,12.800000000000011,0.019415332217022296,-0.23622208906294873,-0.10840337842319059,0.255637421279971,2.358183543860285,0.3235282225944047,-0.5812593036455382,-0.1288655405260215,0.0,0.0,0.0,6.273370673162491,0.4291482119787811,0.439852879924183,0.21543465365180622
2023-12-20 15:34:45,1153.82,1154.13,1154.5188155025116,1153.918999700392,85.6,98.4,1154.218907601452,2308.437815202904,0.599815802119565,0.000519672479500749,184.0,12.800000000000011,-0.23293850083723555,0.07033343320267704,-0.08130253381705188,0.3032719340399126,3.730119956683937,-0.25235383305425785,0.30655552226562577,0.027100844606138708,0.0,0.0,0.0,6.272928811568061,0.24813842551163426,0.4210790473792395,0.22853361353443302
2023-12-20 15:34:46,1154.81,1153.14,1154.5916116268836,1153.724249775294,85.6,98.4,1154.1579307010888,2308.3158614021777,0.8673618515895214,0.000751510540945757,184.0,12.800000000000011,0.07279612437196192,-0.1947499250979945,-0.06097690036312997,0.2675460494699564,4.387590387282783,0.3057346252091975,-0.26508335830067153,0.02032563345392191,0.0,0.0,0.0,6.272597415372236,0.10745942548072855,0.2762982408757333,0.1903484571463495
2023-12-20 15:34:47,1150.84,1154.13,1153.6537087201627,1153.8256873314706,85.6,98.4,1153.7396980258168,2307.4793960516336,0.17197861130784986,0.00014906188237525625,184.0,12.800000000000011,-0.9379029067208648,0.1014375561765064,-0.41823267527206553,1.0393404628973713,2.485071203846197,-1.0106990310928268,0.2961874812745009,-0.35725577490893556,0.0,0.0,0.0,6.270324411714633,0.25566925439247773,0.2922334786873542,0.16831406985049457
2023-12-20 15:34:48,1155.8,1153.14,1154.190281540122,1153.654265498603,85.6,98.4,1153.9222735193625,2307.844547038725,0.5360160415189057,0.0004645165912428285,184.0,12.800000000000011,0.5365728199592468,-0.17142183286750878,0.1825754935457553,0.7079946528267556,3.877797404676992,1.4744757266801116,-0.2728593890440152,0.6008081688178208,0.0,0.0,0.0,6.271316669826336,0.23119276667302235,0.29555705822896544,0.21390806455595235
2023-12-20 15:34:49,1149.85,1150.16,1153.1052111550916,1152.7806991239522,85.6,98.4,1152.942955139522,2305.885910279044,0.3245120311394203,0.0002814640823393433,184.0,12.800000000000011,-1.085070385030349,-0.8735663746508635,-0.9793183798406062,0.2115040103794854,0.21597041244492654,-1.6216432049895957,-0.7021445417833547,-1.1618938733863615,0.0,0.0,0.0,6.265994287356128,0.5139660725015444,0.26674384637490295,0.4497824280385994
2023-12-20 15:34:50,1152.82,1152.15,1153.0339083663187,1152.623024342964,85.6,98.4,1152.8284663546415,2305.656932709283,0.4108840233545834,0.00035641384211948355,184.0,12.800000000000011,-0.07130278877298224,-0.15767478098814536,-0.11448878488045011,0.08637199221516312,0.7544078478735242,1.0137675962573667,0.7158915936627182,0.8648295949601561,0.0,0.0,0.0,6.265372065702551,0.5975431537826094,0.26240459332533433,0.4465079402085774
2023-12-20 15:34:51,1152.82,1148.17,1152.980431274739,1151.5097682572232,85.6,98.4,1152.2450997659812,2304.4901995319624,1.4706630175157898,0.0012763456460245593,184.0,12.800000000000011,-0.053477091579679836,-1.1132560857408862,-0.583366588660283,1.0597789941612064,1.816657309664757,0.017825697193302403,-0.9555813047527408,-0.4688778037798329,0.0,0.0,0.0,6.262201595129237,0.6906922950029392,0.5136953054448078,0.4441161706045762
2023-12-20 15:34:52,1152.82,1152.15,1152.940323456054,1151.6698261929173,85.6,98.4,1152.3050748244857,2304.6101496489714,1.2704972631368037,0.0011025702218900235,184.0,12.800000000000011,-0.040107818684873564,0.16005793569411253,0.059975058504505796,0.2001657543789861,3.337427623123122,0.013369272894806272,1.2733140214349987,0.6433416471647888,0.0,0.0,0.0,6.2625275465323815,0.6748546284016743,0.5287514838952851,0.4841980019188318
2023-12-20 15:34:53,1153.82,1149.17,1153.1602425920405,1151.0448696446879,85.6,98.4,1152.1025561183642,2304.2051122367284,2.1153729473526255,0.0018360977799090998,184.0,12.800000000000011,0.21991913598640167,-0.6249565482294202,-0.20251870612150924,0.8448756842158218,4.171819623858762,0.26002695467127523,-0.7850144839235327,-0.26249376462601504,0.0,0.0,0.0,6.261426901396399,0.3754598562304174,0.7536602072573929,0.4167809070107052
2023-12-20 15:34:54,1153.82,1148.17,1153.3251819440304,1150.326152233516,85.6,98.4,1151.8256670887731,2303.6513341775462,2.999029710514378,0.0026037184216346513,184.0,12.800000000000011,0.16493935198991494,-0.7187174111718377,-0.2768890295910751,0.8836567631617527,3.1913636054963077,-0.05497978399648673,-0.09376086294241759,-0.07437032346956585,0.0,0.0,0.0,6.259922069722017,0.36702587835344747,0.9679865086360385,0.23718985519986807
2023-12-20 15:34:55,1153.82,1149.17,1153.4488864580228,1150.037114175137,85.57,98.4,1151.74300031658,2303.48600063316,3.4117722828857495,0.0029622687344187768,183.97,12.830000000000013,0.12370451399237936,-0.289038058378992,-0.08266677219307894,0.41274257237137135,4.992786927986511,-0.04123483799753558,0.42967935279284575,0.19422225739799615,-0.030000000000001137,0.0,0.030000000000001137,6.260493526423256,0.2501497928871108,0.9348283839315847,0.24123714303181715
2023-12-20 15:34:56,1146.88,1144.2,1151.8066648435172,1148.5778356313529,85.57,98.4,1150.192250237435,2300.38450047487,3.228829212164328,0.0028072082807813997,183.97,12.830000000000013,-1.6422216145056154,-1.459278543784194,-1.5507500791450184,0.18294307072142146,0.11797062286894179,-1.7659261284979948,-1.170240485405202,-1.4680833069519394,0.0,0.0,0.0,6.252064162555693,0.8362334531490644,0.8966515446696172,0.6500191794290129
2023-12-20 15:34:57,1151.83,1147.18,1151.812498632638,1148.2283767235147,85.57,98.4,1150.0204376780762,2300.0408753561524,3.584121909123269,0.003116572356960142,183.97,12.830000000000013,0.005833789120742949,-0.3494589078381978,-0.1718125593588411,0.3552926969589407,2.0678967264562305,1.6480554036263584,1.1098196359459962,1.3789375197861773,0.0,0.0,0.0,6.251130246382268,0.9880723327681337,0.5750396274484731,0.6154159450389401
2023-12-20 15:34:58,1150.84,1146.19,1151.5693739744784,1147.7187825426358,85.57,98.4,1149.644078258557,2299.288156517114,3.850591431842531,0.003349376995292232,183.97,12.830000000000013,-0.24312465815955875,-0.5095941808788211,-0.37635941951907625,0.2664695227192624,0.7080168606990196,-0.2489584472803017,-0.16013527304062336,-0.20454686016023516,0.0,0.0,0.0,6.249084481216897,1.023285091974482,0.3263599591860863,0.6022189030333599
2023-12-20 15:34:59,1149.85,1150.16,1151.1395304808589,1148.329086906977,85.57,98.4,1149.734308693918,2299.468617387836,2.810443573881912,0.0024444287259985376,183.97,12.830000000000013,-0.4298434936195008,0.6103043643411183,0.09023043536080877,1.0401478579606191,11.527555267201238,-0.18671883545994206,1.1198985452199395,0.466589854879885,0.0,0.0,0.0,6.2495749439818615,0.8539245854766437,0.3909405621397767,0.6550212049480512
2023-12-20 15:35:00,1152.82,1148.17,1151.5596478606442,1148.2893151802327,85.57,98.4,1149.9244815204383,2299.8489630408767,3.2703326804114567,0.0028439543031934106,183.97,12.830000000000013,0.4201173797853244,-0.03977172674422036,0.19017282652043832,0.45988910652954473,2.418256575807605,0.8499608734048252,-0.6500760910853387,0.09994239115962955,0.0,0.0,0.0,6.250608660487197,0.2198953870287281,0.3929213577053095,0.69980298820641
2023-12-20 15:35:01,1148.86,1148.17,1150.8847358954831,1148.2594863851746,85.57,98.4,1149.5721111403288,2299.1442222806577,2.6252495103085494,0.0022836753628449917,183.97,12.830000000000013,-0.6749119651610727,-0.02982879505816527,-0.3523703801095053,0.6450831701029074,1.8306911585794428,-1.095029344946397,0.00994293168605509,-0.5425432066299436,0.0,0.0,0.0,6.248693291795595,0.188720148554085,0.5132972758402585,0.256282845920727
2023-12-20 15:35:02,1152.82,1148.17,1151.3685519216124,1148.237114788881,85.57,98.4,1149.8028333552465,2299.605666710493,3.1314371327314348,0.0027234557431643418,183.97,12.830000000000013,0.48381602612926145,-0.022371596293623952,0.23072221491770506,0.5061876224228854,2.1939171686881775,1.158727991290334,0.007457198764541317,0.5830925950272103,0.0,0.0,0.0,6.249947421347498,0.13720700401639788,0.4731667460044352,0.2974394665495436
2023-12-20 15:35:03,1151.83,1144.2,1151.4839139412093,1147.2278360916607,85.57,98.4,1149.355875016435,2298.71175003287,4.2560778495485465,0.0037030113460590924,183.97,12.830000000000013,0.11536201959688697,-1.0092786972202248,-0.4469583388115552,1.1246407168171118,2.516203643506993,-0.3684540065323745,-0.9869071009266008,-0.6776805537292603,0.0,0.0,0.0,6.247517903837132,0.22050175668433594,0.6335002638637227,0.3181447766058901
2023-12-20 15:35:04,1151.83,1148.17,1151.570435455907,1147.4633770687456,85.57,98.4,1149.5169062623263,2299.0338125246526,4.107058387161487,0.00357285600691407,183.97,12.830000000000013,0.08652151469777891,0.23554097708483823,0.16103124589130857,0.14901946238705932,0.9254013788495661,-0.028840504899108055,1.244819674305063,0.6079895847028638,0.0,0.0,0.0,6.248393216360999,0.22791331690154307,0.6876653480850361,0.3278007720079007
2023-12-20 15:35:05,1146.88,1145.2,1150.3978265919304,1146.8975328015592,85.57,98.4,1148.647679696745,2297.29535939349,3.500293790371188,0.0030473171619064122,183.97,12.830000000000013,-1.1726088639766203,-0.5658442671863213,-0.8692265655813571,0.606764596790299,0.6980503389632868,-1.2591303786743993,-0.8013852442711595,-1.0302578114726657,0.0,0.0,0.0,6.24366838861269,0.43912096248829857,0.6779223941126942,0.45623751679813707
2023-12-20 15:35:06,1148.86,1144.2,1150.0133699439477,1146.2231496011693,85.57,98.4,1148.1182597725585,2296.236519545117,3.7902203427784116,0.0033012455879135707,183.97,12.830000000000013,-0.3844566479826881,-0.6743832003899115,-0.5294199241864135,0.2899265524072234,0.5476295687647167,0.7881522159939323,-0.1085389332035902,0.33980664139494365,0.0,0.0,0.0,6.24079063723307,0.6893805054763532,0.45550799744077963,0.47223910198314567
2023-12-20 15:35:07,1151.83,1141.23,1150.4675274579608,1144.974862200877,85.57,98.4,1147.721194829419,2295.442389658838,5.4926652570839,0.004785713879854364,183.97,12.830000000000013,0.45415751401310445,-1.2482874002923836,-0.3970649431396396,1.702444914305488,4.287562163715398,0.8386141619957925,-0.5739041999024721,0.1323549810467739,0.0,0.0,0.0,6.238632323698356,0.7734341949988746,0.7641977542159467,0.37167185656600343
2023-12-20 15:35:08,1148.86,1146.19,1150.0656455934707,1145.2786466506577,85.57,98.4,1147.672146122064,2295.344292244128,4.786998942812943,0.004171050900570307,183.97,12.830000000000013,-0.4018818644901785,0.30378444978077823,-0.049048707354813814,0.7056663142709567,14.386758909005021,-0.8560393785032829,1.5520718500731618,0.34801623578482577,0.0,0.0,0.0,6.23836571116866,0.7677530689129086,0.8046688140698492,0.4046137316648308
2023-12-20 15:35:09,1147.87,1143.21,1149.516734195103,1144.7614849879933,85.57,98.4,1147.1391095915483,2294.2782191830966,4.755249207109728,0.00414531172654167,183.97,12.830000000000013,-0.5489113983676361,-0.5171616626644209,-0.5330365305158011,0.031749735703215265,0.05956379032540578,-0.14702953387745765,-0.8209461124451991,-0.4839878231609873,0.0,0.0,0.0,6.235468301114747,0.5615549461898476,0.8108651894957645,0.2954873789831236
2023-12-20 15:35:10,1150.84,1140.23,1149.8475506463274,1143.628613740995,85.57,98.4,1146.7380821936613,2293.4761643873226,6.218936905332384,0.005423153723134988,183.97,12.830000000000013,0.33081645122433656,-1.1328712469983202,-0.4010273978869918,1.4636876982226568,3.6498355376696243,0.8797278495919727,-0.6157095843338993,0.1320091326288093,0.0,0.0,0.0,6.233288448988274,0.5406232037560615,0.9078789856292417,0.19747796893125596
2023-12-20 15:35:11,1150.84,1145.2,1150.0956629847456,1144.0214603057461,85.57,98.4,1147.0585616452458,2294.1171232904917,6.074202678999427,0.005295459950180427,183.97,12.830000000000013,0.24811233841819558,0.392846564751153,0.3204794515845606,0.1447342263329574,0.45161639537558024,-0.08270411280614098,1.5257178117494732,0.7215068494715524,0.0,0.0,0.0,6.23503046915375,0.4213033041540187,0.6898811283771586,0.347538600793464
2023-12-20 15:35:12,1151.83,1142.22,1150.529247238559,1143.5710952293095,85.57,98.4,1147.0501712339342,2294.1003424678684,6.958152009249488,0.006066126990503092,183.97,12.830000000000013,0.4335842538134784,-0.45036507643658297,-0.008390411311665957,0.8839493302500614,105.33976913051231,0.18547191539528285,-0.843211641187736,-0.32886986289622655,0.0,0.0,0.0,6.234984861656517,0.3387727890210929,0.961920151304304,0.3391458525339668
2023-12-20 15:35:13,1149.85,1145.2,1150.3594354289194,1143.9783214219822,85.57,98.4,1147.1688784254507,2294.3377568509013,6.381114006937196,0.0055624887681167915,183.97,12.830000000000013,-0.16981180963966835,0.40722619267262417,0.1187071915164779,0.5770380023122925,4.860978799699714,-0.6033960634531468,0.8575912691092071,0.12709760282814386,0.0,0.0,0.0,6.235630114637281,0.17148334917390193,0.8118022929897244,0.357478711616876
2023-12-20 15:35:14,1150.84,1141.23,1150.4795765716894,1143.2912410664867,85.57,98.4,1146.885408819088,2293.770817638176,7.188335505202758,0.006267701588719888,183.97,12.830000000000013,0.12014114277008048,-0.6870803554954819,-0.283469606362587,0.8072214982655623,2.847637392192424,0.28995295240974883,-1.094306548168106,-0.4021767978790649,0.0,0.0,0.0,6.2340892677338635,0.1689988649799875,0.4841404137779873,0.29375757454303114
2023-12-20 15:35:15,1147.87,1138.25,1149.8271824287672,1142.030930799865,85.57,98.4,1145.929056614316,2291.858113228632,7.796251628902155,0.006803433054689262,183.97,12.830000000000013,-0.6523941429222759,-1.2603102666216728,-0.9563522047719744,0.6079161236993968,0.6356606750163437,-0.7725352856923564,-0.5732299111261909,-0.6728825984093874,0.0,0.0,0.0,6.228890853864354,0.5073589665922787,0.6780286440148822,0.4952092878027029
2023-12-20 15:35:16,1149.85,1143.21,1149.8328868215754,1142.3256980998988,85.57,98.4,1146.0792924607372,2292.1585849214744,7.5071887216765845,0.006550322272211759,183.97,12.830000000000013,0.005704392808183911,0.2947673000337545,0.1502358464210829,0.2890629072255706,1.9240480222500602,0.6580985357304598,1.5550775666554273,1.1065880511930573,0.0,0.0,0.0,6.22970748617182,0.5758670103439373,0.5416115597409321,0.4582312560344039
2023-12-20 15:35:17,1149.85,1144.2,1149.8371651161815,1142.794273574924,85.57,98.4,1146.3157193455527,2292.6314386911054,7.042891541257404,0.006143936976746991,183.97,12.830000000000013,0.0042782946061379334,0.46857547502531816,0.23642688481550067,0.4642971804191802,1.9638004238861253,-0.0014260982020459778,0.17380817499156365,0.08619103839441777,0.0,0.0,0.0,6.230992624420069,0.5314859777216788,0.5347559628421162,0.4948839562880564
2023-12-20 15:35:18,1151.83,1141.23,1150.335373837136,1142.4032051811932,85.57,98.4,1146.3692895091647,2292.7385790183293,7.93216865594286,0.006919383414763103,183.97,12.830000000000013,0.498208720954608,-0.3910683937308477,0.05357016361199385,0.8892771146854557,16.599921575837467,0.49393042634847006,-0.8596438687561658,-0.18285672120350682,0.0,0.0,0.0,6.231283814088606,0.3649731465061323,0.3809361440613798,0.4869379616894008
2023-12-20 15:35:19,1149.85,1136.26,1150.214030377852,1140.8674038858949,85.57,98.4,1145.5407171318734,2291.081434263747,9.346626491957068,0.008159139473627243,183.97,12.830000000000013,-0.12134345928416224,-1.53580129529837,-0.8285723772912661,1.4144578360142077,1.7071002699100568,-0.6195521802387702,-1.1447329015675223,-0.8821425409032599,0.0,0.0,0.0,6.226779969044374,0.33442347005247725,0.8646286788793845,0.574639195733351
2023-12-20 15:35:20,1149.85,1140.23,1150.123022783389,1140.7080529144212,85.57,98.4,1145.415537848905,2290.83107569781,9.414969868967773,0.008219698048124462,183.97,12.830000000000013,-0.09100759446300799,-0.1593509714737138,-0.12517928296847458,0.06834337701070581,0.5459595983491858,0.030335864821154246,1.3764503238246562,0.7033930943227915,0.0,0.0,0.0,6.226099535917842,0.4413784491687097,1.080466689904759,0.42743419863516297
2023-12-20 15:35:21,1149.85,1139.24,1150.0547670875417,1140.3410396858158,85.57,98.4,1145.1979033866787,2290.3958067733574,9.713727401725919,0.008482138645658974,183.97,12.830000000000013,-0.06825569584725599,-0.3670132286054013,-0.21763446222621496,0.2987575327581453,1.3727428871293519,0.022751898615751998,-0.2076622571316875,-0.09245517925774038,0.0,0.0,0.0,6.224916547055293,0.5390831646041179,1.1502208532816796,0.40403121499524197
2023-12-20 15:35:22,1149.85,1142.22,1150.0035753156562,1140.8107797643618,85.57,98.4,1145.407177540009,2290.814355080018,9.192795551294466,0.00802578831661597,183.97,12.830000000000013,-0.051191771885441995,0.4697400785460104,0.20927415333017052,0.5209318504314524,2.4892197766525364,0.017063923961813998,0.8367533071514117,0.4269086155563855,0.0,0.0,0.0,6.226054092047371,0.45476551972199974,0.6904928485567907,0.39722241491398597
2023-12-20 15:35:23,1147.87,1141.23,1149.4701814867421,1140.9155848232713,85.57,98.4,1145.1928831550067,2290.3857663100134,8.554596663470875,0.007470005081094246,183.97,12.830000000000013,-0.533393828914086,0.10480505890950553,-0.21429438500217657,0.6381988878235916,2.9781270736050125,-0.48220205702864405,-0.3649350196365049,-0.4235685383323471,0.0,0.0,0.0,6.224889258738476,0.15145380977895373,0.4296231213358577,0.3749993897054867
2023-12-20 15:35:24,1149.85,1139.24,1149.5651361150567,1140.4966886174534,85.57,98.4,1145.030912366255,2290.06182473251,9.068447497603302,0.007919827658576606,183.97,12.830000000000013,0.0949546283145537,-0.4188962058178731,-0.1619707887516597,0.5138508341324268,3.1724711944762136,0.6283484572286397,-0.5237012647273787,0.05232359625051686,0.0,0.0,0.0,6.224008839170768,0.16284739716992433,0.43110790133050264,0.17819001327788528
2023-12-20 15:35:25,1147.87,1141.23,1149.1413520862925,1140.68001646309,85.57,98.4,1144.9106842746912,2289.8213685493824,8.461335623202558,0.007390389252217069,183.97,12.830000000000013,-0.42378402876420296,0.1833278456365406,-0.12022809156383119,0.6071118744007435,5.049625398511973,-0.5187386570787567,0.6022240514544137,0.041742697187828526,0.0,0.0,0.0,6.223355319081024,0.18821933344232214,0.5098501935555498,0.1780424232975364
2023-12-20 15:35:26,1144.9,1140.23,1148.0810140647195,1140.5675123473175,85.57,98.4,1144.3242632060185,2288.648526412037,7.51350171740205,0.006565885171206469,183.97,12.830000000000013,-1.0603380215729885,-0.11250411577248087,-0.5864210686727347,0.9478339058005076,1.6162998571076397,-0.6365539928087856,-0.29583196140902146,-0.4661929771089035,0.0,0.0,0.0,6.220167728357073,0.40772389140610277,0.6640508630467613,0.2835697982137198
2023-12-20 15:35:27,1145.89,1139.24,1147.5332605485396,1140.235634260488,85.57,98.4,1143.8844474045138,2287.7688948090276,7.2976262880515606,0.006379688348967646,183.97,12.830000000000013,-0.5477535161799096,-0.33187808682941977,-0.4398158015046647,0.21587542935048987,0.4908303380224557,0.5125845053930789,-0.2193739710569389,0.14660526716806999,0.0,0.0,0.0,6.21777703531411,0.5473141202930544,0.7469288187982867,0.20012346800216518
2023-12-20 15:35:28,1149.85,1137.26,1148.1124454114047,1139.491725695366,85.57,98.4,1143.8020855533855,2287.604171106771,8.620719716038593,0.007536898050269671,183.97,12.830000000000013,0.5791848628650769,-0.7439085651219557,-0.08236185112832572,1.3230934279870326,16.064201394941783,1.1269383790449865,-0.4120304782925359,0.357453950376339,0.0,0.0,0.0,6.217329343567191,0.5673243731942245,0.7557721569814199,0.22245045528868743
2023-12-20 15:35:29,1148.86,1141.23,1148.2993340585535,1139.9262942715245,85.57,98.4,1144.112814165039,2288.225628330078,8.373039787029029,0.007318369024492757,183.97,12.830000000000013,0.18688864714886222,0.43456857615842637,0.3107286116535306,0.24767992900956415,0.7970914895801176,-0.39229621571621465,1.178477141280382,0.39309046278185633,0.0,0.0,0.0,6.219018361395992,0.44322369467648415,0.6027264439287693,0.3487611239242834
2023-12-20 15:35:30,1147.87,1137.26,1148.1920005439151,1139.2597207036433,85.57,98.4,1143.7258606237792,2287.4517212475585,8.932279840271804,0.007809808399007781,183.97,12.830000000000013,-0.10733351463841245,-0.666573567881187,-0.38695354125979975,0.5592400532427746,1.4452345007299012,-0.29422216178727467,-1.1011421440396134,-0.6976821529133304,0.0,0.0,0.0,6.216915010093299,0.24546730440818518,0.709740026230253,0.3569436159953247
2023-12-20 15:35:31,1144.9,1137.26,1147.3690004079363,1138.7597905277325,85.57,98.4,1143.0643954678344,2286.128790935669,8.609209880203707,0.0075316927959674825,183.97,12.830000000000013,-0.823000135978873,-0.4999301759107766,-0.6614651559448248,0.3230699600680964,0.4884149508853251,-0.7156666213404606,0.16664339197041045,-0.27451161468502505,0.0,0.0,0.0,6.213319504563325,0.3930375250228018,0.6297174625030262,0.3763607099425297
2023-12-20 15:35:32,1149.85,1138.25,1147.9892503059523,1138.6323428957994,85.57,98.4,1143.3107966008758,2286.6215932017517,9.356907410152871,0.00818404534426458,183.97,12.830000000000013,0.6202498980160271,-0.12744763193313702,0.24640113304144506,0.7476975299491642,3.034460459899512,1.4432500339949001,0.3724825439776396,0.9078662889862699,0.0,0.0,0.0,6.214658859521753,0.4153666328305853,0.37952440460811554,0.413975666466404
2023-12-20 15:35:33,1144.9,1136.26,1147.2169377294642,1138.0392571718496,85.57,98.4,1142.628097450657,2285.256194901314,9.177680557614622,0.008032080228080395,183.97,12.830000000000013,-0.7723125764880479,-0.5930857239497982,-0.682699150218923,0.17922685253824966,0.26252645832987814,-1.392562474504075,-0.4656380920166612,-0.9291002832603681,0.0,0.0,0.0,6.210947933030978,0.5756985574918861,0.4026912636150751,0.4834675533908201
2023-12-20 15:35:34,1144.9,1139.24,1146.6377032970981,1138.3394428788872,85.57,98.4,1142.4885730879928,2284.9771461759856,8.29826041821093,0.007263320269819879,183.97,12.830000000000013,-0.5792344323660927,0.30018570703759906,-0.13952436266413315,0.8794201394036918,6.302941075456229,0.19307814412195512,0.8932714309873973,0.5431747875547899,0.0,0.0,0.0,6.210189524801888,0.504480737556936,0.4273184109570745,0.389196632886356
2023-12-20 15:35:35,1148.86,1138.25,1147.1932774728236,1138.3170821591655,85.57,98.4,1142.7551798159946,2285.510359631989,8.876195313658172,0.007767363878691887,183.97,12.830000000000013,0.5555741757254964,-0.022360719721746136,0.26660672800176144,0.5779348954472425,2.1677349706960642,1.1348086080915891,-0.3225464267593452,0.4061310906658946,0.0,0.0,0.0,6.211638710683023,0.3343494407955986,0.4261691572677208,0.46541104135891903
2023-12-20 15:35:36,1147.87,1138.25,1147.3624581046176,1138.300311619374,85.57,98.4,1142.831384861996,2285.662769723992,9.062146485243602,0.007929556885951601,183.97,12.830000000000013,0.16918063179400633,-0.01677053979142329,0.07620504600140521,0.18595117158542962,2.440110481286495,-0.38639354393149006,0.005590179930322847,-0.19040168200035623,0.0,0.0,0.0,6.212052936076224,0.31241192910972304,0.4062359906212001,0.3912436145855288
2023-12-20 15:35:37,1147.87,1137.26,1147.4893435784631,1138.0402337145306,85.57,98.4,1142.764788646497,2285.529577292994,9.449109863932563,0.008268639311905603,183.97,12.830000000000013,0.12688547384550475,-0.26007790484345605,-0.06659621549897565,0.3869633786889608,5.81050387451879,-0.04229515794850158,-0.24330736505203276,-0.14280126150038086,0.0,0.0,0.0,6.211690941103473,0.13617193368507274,0.4304549810456435,0.3561044975172734
2023-12-20 15:35:38,1146.88,1136.26,1147.3370076838473,1137.595175285898,85.57,98.4,1142.4660914848728,2284.9321829697456,9.741832397949338,0.008527021031110669,183.97,12.830000000000013,-0.15233589461581687,-0.44505842863259204,-0.29869716162420445,0.29272253401677517,0.9799944279036198,-0.2792213684613216,-0.184980523789136,-0.2321009461252288,0.0,0.0,0.0,6.210067322252571,0.1705821520397806,0.5538691963929245,0.21491816344826625
2023-12-20 15:35:39,1146.88,1135.27,1147.2227557628855,1137.0138814644233,85.57,98.4,1142.1183186136545,2284.236637227309,10.208874298462206,0.008938543514401879,183.97,12.830000000000013,-0.11425192096180581,-0.5812938214746737,-0.34777287121823974,0.46704190051286787,1.3429470675207325,0.03808397365401106,-0.13623539284208164,-0.04907570959403529,0.0,0.0,0.0,6.208176944096742,0.2974467207532559,0.5336630325885262,0.25693856344215854
2023-12-20 15:35:40,1144.9,1137.26,1146.642066822164,1137.0754110983175,85.57,98.4,1141.8587389602408,2283.7174779204815,9.566655723846452,0.008378142925261981,183.97,12.830000000000013,-0.5806889407215294,0.06152963389422439,-0.2595796534137662,0.6422185746157538,2.4740617845355013,-0.4664370197597236,0.6428234553688981,0.08819321780447353,0.0,0.0,0.0,6.206765955065906,0.41699232670813546,0.41947783340797923,0.17823340327087414
2023-12-20 15:35:41,1148.86,1137.26,1147.196550116623,1137.121558323738,85.57,98.4,1142.1590542201807,2284.3181084403614,10.07499179288493,0.00882100592455813,183.97,12.830000000000013,0.5544832944590325,0.046147225420554605,0.30031525993990726,0.508336069038478,1.6926691519806323,1.135172235180562,-0.015382408473669784,0.5598949133536735,0.0,0.0,0.0,6.208398369363387,0.3491639228783696,0.32535047751614316,0.26540825800591383
2023-12-20 15:35:42,1146.88,1136.26,1147.1174125874672,1136.9061687428036,85.57,98.4,1142.0117906651353,2284.0235813302706,10.211243844663613,0.008941452197945246,183.97,12.830000000000013,-0.07913752915578698,-0.21538958093447036,-0.14726355504535604,0.13625205177868338,0.9252195936538774,-0.6336208236148195,-0.26153680635502496,-0.4475788149852633,0.0,0.0,0.0,6.207597893447505,0.2242960088300391,0.2918043999409989,0.26268906467273617
2023-12-20 15:35:43,1145.89,1134.28,1146.8105594406004,1136.2496265571026,85.57,98.4,1141.5300929988516,2283.0601859977032,10.560932883497799,0.009251558884884223,183.97,12.830000000000013,-0.3068531468668425,-0.6565421857010278,-0.4816976662837078,0.34968903883418534,0.7259497758879567,-0.22771561771105553,-0.4411526047665575,-0.33443411123835176,0.0,0.0,0.0,6.2049795444576406,0.2546892437059406,0.3601244471500423,0.29875465894088055
2023-12-20 15:35:44,1144.9,1133.29,1146.3329195804504,1135.509719917827,85.57,98.4,1140.9213197491385,2281.842639498277,10.823199662623438,0.009486368135812233,183.97,12.830000000000013,-0.47763986015002047,-0.7399066392756595,-0.6087732497130673,0.262266779125639,0.4308112231245865,-0.17078671328317796,-0.08336445357463163,-0.12707558342935954,0.0,0.0,0.0,6.201670454679937,0.4920064399848435,0.48070072481527615,0.35189972343077575
2023-12-20 15:35:45,1147.87,1146.19,1146.7171896853379,1138.17978993837,85.57,98.4,1142.448489811854,2284.896979623708,8.537399746967822,0.007472896866361931,183.97,12.830000000000013,0.38427010488749147,2.6700700205431076,1.5271700627154132,2.285799915655616,1.4967543397471856,0.8619099650375119,3.409976659818767,2.1359433124284806,0.0,0.0,0.0,6.209971645387196,0.5996336351379061,0.8906622694376765,0.862728304323735
2023-12-20 15:35:46,1145.89,1182.93,1146.5103922640035,1149.3673424537776,85.57,98.57,1147.9388673588905,2295.877734717781,2.8569501897741247,0.002488765097620974,184.14,13.0,-0.20679742133438594,11.18755251540756,5.490377547036587,11.394349936741946,2.0753304784224773,-0.5910675262218774,8.517482494864453,3.963207484321174,0.0,0.1699999999999875,0.1699999999999875,6.2340548556795685,2.83505748238231,3.3305592640415917,2.569998545315298
2023-12-20 15:35:47,1147.87,1190.88,1146.8502941980025,1159.7455068403333,85.57,98.74,1153.2979005191678,2306.5958010383356,12.895212642330762,0.011181163709172362,184.31,13.170000000000002,0.33990193399904456,10.378164386555682,5.359033160277249,10.038262452556637,1.8731476889927694,0.5466993553334305,-0.8093881288518787,-0.1313443867593378,0.0,0.1700000000000017,0.1700000000000017,6.257381011674824,5.30140976217872,3.8338471848202578,3.013432959525581
2023-12-20 15:35:48,1141.93,1170.02,1145.620220648502,1162.3141301302499,85.57,98.88,1153.9671753893758,2307.9343507787517,16.693909481747824,0.014466537543971616,184.45,13.310000000000002,-1.2300735495005028,2.568623289916559,0.669274870208028,3.7986968394170617,5.675831160977505,-1.5699754834995474,-7.809541096639123,-4.689758290069221,0.0,0.14000000000000057,0.14000000000000057,6.256260065779972,6.004140498453761,5.156982781311111,2.7873849961087864
2023-12-20 15:35:49,1144.9,1169.02,1145.4401654863764,1163.9905975976874,85.57,98.88,1154.715381542032,2309.430763084064,18.55043211131101,0.016064938938003426,184.45,13.310000000000002,-0.18005516212565453,1.6764674674375328,0.7482061526561665,1.8565226295631874,2.4812949501651445,1.0500183873748483,-0.892155822479026,0.07893128244813852,0.0,0.0,0.0,6.2603164829586095,5.220194348852815,6.34987921190501,2.457043119887235
2023-12-20 15:35:50,1142.92,1166.05,1144.8101241147824,1164.5054481982656,85.57,98.88,1154.657786156524,2309.315572313048,19.69532408348323,0.017057282514835154,184.45,13.310000000000002,-0.6300413715939612,0.5148506005782565,-0.05759538550796606,1.1448919721722177,19.877844105579676,-0.4499862094683067,-1.1616168668592763,-0.8058015381641326,0.0,0.0,0.0,6.260004228227269,2.8414018683826625,6.813455179884151,2.741402793405056
2023-12-20 15:35:51,1145.89,1166.05,1145.080093086087,1164.8915861486992,85.57,98.88,1154.9858396173931,2309.9716792347863,19.81149306261227,0.01715301812879551,184.45,13.310000000000002,0.26996897130447906,0.38613795043352184,0.32805346086911413,0.11616897912904278,0.3541149198864009,0.9000103428984403,-0.12871265014473465,0.3856488463770802,0.0,0.0,0.0,6.261782777747956,0.6860803523795793,2.877299916900967,2.230804250204097
2023-12-20 15:35:52,1144.9,1162.07,1145.0350698145653,1164.1861896115242,85.57,98.88,1154.6106297130448,2309.2212594260895,19.151119796958938,0.016586647730007398,184.45,13.310000000000002,-0.04502327152158614,-0.70539653717492,-0.37520990434836676,0.6603732656533339,1.7600055275584594,-0.3149922428260652,-1.0915344876084419,-0.7032633652174809,0.0,0.0,0.0,6.259748568464604,0.37593410094903706,1.2692517527288514,0.47822810598454496
2023-12-20 15:35:53,1145.89,1167.04,1145.248802360924,1164.8996422086432,85.57,98.88,1155.0742222847834,2310.148444569567,19.650839847719226,0.01701262087888729,184.45,13.310000000000002,0.21373254635864214,0.7134525971189305,0.46359257173867263,0.49972005076028836,1.077927049087687,0.2587558178802283,1.4188491342938505,0.8388024760870394,0.0,0.0,0.0,6.262261946449019,0.20772316992620826,0.5242151300671117,0.44196683350072025
2023-12-20 15:35:54,1145.89,1163.07,1145.409101770693,1164.4422316564824,85.57,98.88,1154.9256667135878,2309.8513334271756,19.03312988578932,0.0164799609341693,184.45,13.310000000000002,0.1602994097690953,-0.45741055216080895,-0.14855557119562945,0.6177099619299042,4.158079019718768,-0.05343313658954685,-1.1708631492797394,-0.6121481429343021,0.0,0.0,0.0,6.261456548940805,0.20536208557502153,0.3509339272318222,0.3463602292304975
2023-12-20 15:35:55,1144.9,1169.02,1145.2818263280196,1165.5866737423617,85.57,98.88,1155.4342500351906,2310.8685000703813,20.30484741434202,0.01757334733339457,184.45,13.310000000000002,-0.12727544267340818,1.144442085879291,0.5085833216028277,1.2717175285526992,2.5005047826579094,-0.28757485244250347,1.6018526380401,0.6571388927984572,0.0,0.0,0.0,6.264213845329232,0.2963232350501388,0.5163543447519365,0.39479936038816416
2023-12-20 15:35:56,1145.89,1163.07,1145.4338697460148,1164.9575053067713,85.57,98.88,1155.1956875263932,2310.3913750527863,19.523635560756475,0.016900717129286973,184.45,13.310000000000002,0.1520434179951735,-0.6291684355903726,-0.23856250879748586,0.7812118535855461,3.274649411066086,0.2793188606685817,-1.7736105214696636,-0.7471458304003136,0.0,0.0,0.0,6.262920473100964,0.3073867517542033,0.5013543074658463,0.41368198512251797
2023-12-20 15:35:57,1145.89,1164.06,1145.547902309511,1164.7331289800786,85.57,98.88,1155.140515644795,2310.28103128959,19.185226670567545,0.016608565273333747,184.45,13.310000000000002,0.11403256349626645,-0.2243763266926635,-0.055171881598198524,0.33840889018892994,6.133609128002832,-0.038010854498907065,0.4047921088977091,0.18339062719928734,0.0,0.0,0.0,6.262621357452826,0.18638690139286224,0.49505686159054274,0.35335676458311444
2023-12-20 15:35:58,1141.93,1160.09,1144.6434267321333,1163.572346735059,85.57,98.88,1154.1078867335962,2308.2157734671923,18.92892000292568,0.016401343586774843,184.45,13.310000000000002,-0.9044755773777524,-1.1607822450196181,-1.032628911198799,0.2563066676418657,0.2482076733031243,-1.0185081408740189,-0.9364059183269546,-0.9774570296006004,0.0,0.0,0.0,6.257022935627939,0.5099804370505636,0.5560024061237548,0.5523231274839479
2023-12-20 15:35:59,1143.91,1164.06,1144.4600700491,1163.6942600512943,85.57,98.88,1154.0771650501972,2308.1543301003944,19.234190002194282,0.01666629456678608,184.45,13.310000000000002,-0.18335668303325292,0.12191331623535007,-0.030721683398951427,0.305269999268603,9.936306516735511,0.7211188943444995,1.2826955612549682,1.0019072277998475,0.0,0.0,0.0,6.256856377301929,0.6472842893713232,0.5299335947519443,0.5572002058628847
2023-12-20 15:36:00,1144.9,1166.05,1144.5700525368252,1164.2831950384707,85.57,98.88,1154.426623787648,2308.853247575296,19.713142501645507,0.017076132928995513,184.45,13.310000000000002,0.10998248772511943,0.5889349871763443,0.34945873745073186,0.47895249945122487,1.370551305695837,0.29333917075837235,0.4670216709409942,0.3801804208496833,0.0,0.0,0.0,6.258750976030886,0.5459048971708701,0.30596361064386207,0.5114395309884118
2023-12-20 15:36:01,1144.9,1160.09,1144.652539402619,1163.234896278853,85.57,98.88,1153.943717840736,2307.887435681472,18.582356876234144,0.016103347652779956,184.45,13.310000000000002,0.08248686579372588,-1.0482987596176372,-0.48290594691184197,1.130785625411363,2.3416221958343373,-0.027495621931393543,-1.6372337467939815,-0.8323646843625738,0.0,0.0,0.0,6.256132890130677,0.4817478484772907,0.41662311394716883,0.5272912313362061
2023-12-20 15:36:02,1139.94,1159.1,1143.4744045519642,1162.2011722091397,85.57,98.88,1152.837788380552,2305.675576761104,18.726767657175515,0.016244061245804464,184.45,13.310000000000002,-1.1781348506547147,-1.0337240697133439,-1.105929460184143,0.14441078094137083,0.13057853648169318,-1.2606217164484406,0.014574689904293336,-0.623023513272301,0.0,0.0,0.0,6.2501370676628625,0.6082474227208072,0.45018838094338587,0.6295147442720367
2023-12-20 15:36:03,1143.91,1164.06,1143.5833034139732,1162.6658791568548,85.57,98.88,1153.124591285414,2306.249182570828,19.082575742881545,0.016548581021120348,184.45,13.310000000000002,0.10889886200902765,0.46470694771505805,0.28680290486204285,0.3558080857060304,1.2405970758214735,1.2870337126637423,1.498431017428402,1.3927323650461858,0.0,0.0,0.0,6.2516919763281225,0.6712886784312969,0.4461863357606935,0.6058517298051763
2023-12-20 15:36:04,1145.89,1173.99,1144.15997756048,1165.4969093676411,85.57,98.88,1154.8284434640605,2309.656886928121,21.336931807161136,0.01847627836796426,184.45,13.310000000000002,0.5766741465067753,2.8310302107863663,1.703852178646457,2.254356064279591,1.3230929123074173,0.46777528449774763,2.3663232630713082,1.4170492737844143,0.0,0.0,0.0,6.26092945081665,0.8437774384094151,1.1217475562026742,1.0548558948423812
2023-12-20 15:36:05,1144.9,1171.01,1144.3449831703601,1166.875182025731,85.57,98.98,1155.6100825980457,2311.2201651960913,22.530198855370827,0.019496367481687253,184.55,13.41000000000001,0.18500560988013603,1.378272658089827,0.7816391339852089,1.193267048209691,1.526619471451387,-0.39166853662663925,-1.4527575526965393,-0.9222130446612482,0.0,0.10000000000000853,0.10000000000000853,6.261772291174605,1.159221226760031,1.7782290422254599,1.0923015909053169
2023-12-20 15:36:06,1144.9,1167.04,1144.48373737777,1166.9163865192982,85.57,98.98,1155.700061948534,2311.400123897068,22.432649141528145,0.019410442086760637,184.55,13.41000000000001,0.13875420740987465,0.04120449356719291,0.0899793504884201,0.09754971384268174,1.0841224035378232,-0.04625140247026138,-1.337068164522634,-0.6916597834967888,0.0,0.0,0.0,6.262259851998235,1.3604372829063789,1.816100487000174,1.0259818733913988
2023-12-20 15:36:07,1141.93,1167.04,1143.8453030333276,1166.9472898894737,85.57,98.98,1155.3962964614007,2310.7925929228013,23.10198685614614,0.019994859691782878,184.55,13.41000000000001,-0.6384343444424303,0.030903370175565215,-0.30376548713343254,0.6693377146179955,2.2034613526145237,-0.777188551852305,-0.010301123391627698,-0.39374483762185264,0.0,0.0,0.0,6.260613872667498,1.0656848187179904,1.594855108714776,0.7725776536094674
2023-12-20 15:36:08,1143.91,1165.05,1143.8614772749957,1166.4729674171053,85.57,98.98,1155.1672223460505,2310.334444692101,22.611490142109687,0.019574213745966042,184.55,13.41000000000001,0.016174241668068134,-0.4743224723683852,-0.22907411535015854,0.49049671403645334,2.1412047017271703,0.6546085861104984,-0.5052258425439504,0.07469137178327401,0.0,0.0,0.0,6.259372614937295,0.3525974424054165,0.6491552527804997,0.8414939627666997
2023-12-20 15:36:09,1145.89,1165.05,1144.3686079562467,1166.117225562829,85.57,98.98,1155.2429167595378,2310.4858335190756,21.74861760658223,0.018826012496801277,184.55,13.41000000000001,0.5071306812510556,-0.3557418542764026,0.07569441348732653,0.8628725355274582,11.399271049254875,0.4909564395829875,0.11858061809198261,0.30476852883748506,0.0,0.0,0.0,6.259782771605283,0.22930764335837134,0.4857250030331911,0.4287121594055716
2023-12-20 15:36:10,1144.9,1164.06,1144.501455967185,1165.6029191721218,85.57,98.98,1155.0521875696534,2310.1043751393067,21.101463204936863,0.01826883963664675,184.55,13.41000000000001,0.13284801093823262,-0.5143063907071337,-0.19072918988445053,0.6471544016453663,3.3930360056655413,-0.37428267031282303,-0.1585645364307311,-0.26642360337177706,0.0,0.0,0.0,6.258749289140634,0.25046615723550575,0.7822333933218121,0.18214184072954814
2023-12-20 15:36:11,1141.93,1166.05,1143.8585919753887,1165.7146893790914,85.57,98.98,1154.78664067724,2309.57328135448,21.856097403702734,0.018926524272880753,184.55,13.41000000000001,-0.6428639917962755,0.11177020696959516,-0.2655468924133402,0.7546341987658707,2.8418007460260326,-0.7757120027345081,0.6260765976767289,-0.07481770252888964,0.0,0.0,0.0,6.257310400541477,0.2285800809111106,0.781719668805923,0.15041871384898867
2023-12-20 15:36:12,1142.92,1167.04,1143.6239439815415,1166.0460170343185,85.57,98.98,1154.8349805079301,2309.6699610158603,22.422073052777023,0.019415824262181004,184.55,13.41000000000001,-0.23464799384714752,0.3313276552271418,0.04833983069011083,0.5659756490742893,11.708024893127705,0.408215997949128,0.21955744825754664,0.313886723103451,0.0,0.0,0.0,6.25757233405775,0.20064869190420068,0.5978687954039609,0.1615696365410743
2023-12-20 15:36:13,1140.94,1161.08,1142.952957986156,1164.8045127757389,85.57,98.98,1153.8787353809475,2307.757470761895,21.851554789582906,0.018937479390701516,184.55,13.41000000000001,-0.6709859953855357,-1.2415042585796527,-0.9562451269825942,0.570518263194117,0.5966228224049076,-0.4363380015383882,-1.5728319138067945,-1.004584957672705,0.0,0.0,0.0,6.252390837868093,0.5247707072818433,0.4699180629010313,0.4175296906923574
2023-12-20 15:36:14,1141.93,1173.99,1142.697218489617,1167.1008845818042,85.57,98.98,1154.8990515357104,2309.798103071421,24.403666092187223,0.021130562050948293,184.55,13.41000000000001,-0.2557394965390358,2.296371806065281,1.0203161547628952,2.5521113026043167,2.5012921626289675,0.4152464988464999,3.5378760646449336,1.9765612817454894,0.0,0.0,0.0,6.257919508413931,0.46459415603698784,1.2521300630252634,0.7143232208342454
2023-12-20 15:36:15,1137.96,1170.02,1141.5129138672128,1167.830663436353,85.57,99.08,1154.671788651783,2309.343577303566,26.317749569140233,0.02279240716279813,184.64999999999998,13.510000000000005,-1.18430462240417,0.7297788545488402,-0.22726288392755123,1.9140834769530102,8.422295016146055,-0.9285651258651342,-1.5665929515164407,-1.2475790386904464,0.0,0.09999999999999432,0.09999999999999432,6.2532996609720195,0.4194773135186862,1.952807932026853,0.716067287501198
2023-12-20 15:36:16,1144.9,1170.02,1142.3596854004095,1168.3779975772648,85.57,99.08,1155.368841488837,2310.737682977674,26.01831217685526,0.022519485743451355,184.64999999999998,13.510000000000005,0.8467715331967156,0.5473341409117438,0.697052837054116,0.2994373922849718,0.42957570329209,2.0310761556008856,-0.18244471363709636,0.9243157209816673,0.0,0.0,0.0,6.257074656007378,0.5421612948843466,2.031550254629762,0.7790260035503743
2023-12-20 15:36:17,1142.92,1170.02,1142.499764050307,1168.7884981829484,85.57,99.08,1155.6441311166277,2311.2882622332554,26.288734132641366,0.022748122369203795,184.64999999999998,13.510000000000005,0.14007864989753216,0.41050060568363733,0.27528962779069843,0.2704219557861052,0.982314428777812,-0.7066928832991834,-0.13683353522810648,-0.4217632092634176,0.0,0.0,0.0,6.258565528611223,0.68343355048749,1.917009484729886,0.7806760391260852
2023-12-20 15:36:18,1144.9,1170.02,1143.0998230377304,1169.0963736372114,85.57,99.08,1156.098098337471,2312.196196674942,25.996550599480997,0.02248645734681073,184.64999999999998,13.510000000000005,0.600058987423381,0.3078754542630122,0.45396722084319663,0.2921835331603688,0.6436211165126706,0.4599803375258489,-0.10262515142062512,0.1786775930524982,0.0,0.0,0.0,6.261024056736783,0.572039589425268,0.79731444076961,0.4677959923775577
2023-12-20 15:36:19,1143.91,1168.03,1143.3023672782979,1168.8297802279085,85.57,99.08,1156.0660737531032,2312.1321475062064,25.527412949610607,0.022081275030116598,184.64999999999998,13.510000000000005,0.20254424056747666,-0.26659340930291364,-0.03202458436771849,0.4691376498703903,14.648839642822473,-0.3975147468559044,-0.5744688635659259,-0.4859918052109151,0.0,0.0,0.0,6.2608506227579355,0.5868817146909195,0.31764448245916693,0.3701483134001043
2023-12-20 15:36:20,1141.93,1168.03,1142.9592754587234,1168.6298351709313,85.57,99.08,1155.7945553148274,2311.589110629655,25.670559712207933,0.02221031373781234,184.64999999999998,13.510000000000005,-0.34309181957451074,-0.19994505697718523,-0.2715184382757343,0.1431467625973255,0.5272063153429062,-0.5456360601419874,0.06664835232572841,-0.2394938539080158,0.0,0.0,0.0,6.259380173601123,0.30402306498652076,0.30244730053145275,0.38418098430726794
2023-12-20 15:36:21,1142.92,1163.07,1142.9494565940427,1167.2398763781985,85.57,99.08,1155.0946664861206,2310.189332972241,24.2904197841558,0.02102894288051734,184.64999999999998,13.510000000000005,-0.009818864680710249,-1.3899587927328412,-0.6998888287068894,1.380139928052131,1.9719388272895262,0.3332729548938005,-1.190013735755656,-0.4283703904311551,0.0,0.0,0.0,6.255589819824158,0.40717924614581874,0.7659325319611158,0.455913489387693
2023-12-20 15:36:22,1139.94,1163.07,1142.197092445532,1166.1974072836488,85.57,99.08,1154.1972498645905,2308.394499729181,24.000314838116765,0.020793945593041843,184.64999999999998,13.510000000000005,-0.7523641485106509,-1.0424690945496877,-0.8974166215300556,0.2901049460390368,0.32326638019924464,-0.7425452838299407,0.34748969818315345,-0.19752779282316624,0.0,0.0,0.0,6.250729724418418,0.8083844092165742,0.8911659928522155,0.5378991465822135
2023-12-20 15:36:23,1142.92,1159.1,1142.377819334149,1164.4230554627366,85.57,99.08,1153.4004373984428,2306.8008747968856,22.045236128587476,0.01911325450786064,184.64999999999998,13.510000000000005,0.1807268886170732,-1.7743518209122158,-0.796812466147685,1.955078709529289,2.453621572162193,0.9330910371277241,-0.731882726362528,0.10060415538237066,0.0,0.0,0.0,6.246414466027774,1.1112871547031866,1.4627550320503642,0.37060221238260643
2023-12-20 15:36:24,1139.94,1176.97,1141.7683645006118,1167.5597915970525,85.57,99.08,1154.6640780488322,2309.3281560976643,25.791427096440657,0.02233673634126268,184.64999999999998,13.510000000000005,-0.6094548335372565,3.1367361343159246,1.263640650389334,3.746190967853181,2.9645991541185444,-0.7901817221543297,4.91108795522814,2.060453116537019,0.0,0.0,0.0,6.253257903035876,0.9044835559626273,1.5214217084588546,0.8954751023949062
2023-12-20 15:36:25,1139.94,1167.04,1141.3112733754588,1167.4298436977892,85.57,99.14,1154.370558536624,2308.741117073248,26.11857032233047,0.022625811189099215,184.70999999999998,13.570000000000007,-0.45709112515305605,-0.12994789926324302,-0.29351951220814954,0.32714322588981304,1.1145497922060725,0.15236370838420044,-3.2666840335791676,-1.5571601625974836,0.0,0.060000000000002274,0.060000000000002274,6.249637552308952,0.6281901975075067,1.6274306584188323,0.8954746093346273
2023-12-20 15:36:26,1142.92,1167.04,1141.713455031594,1167.332382773342,85.57,99.14,1154.522918902468,2309.045837804936,25.61892774174794,0.022190055563307633,184.70999999999998,13.570000000000007,0.4021816561353262,-0.09746092444720489,0.15236036584406065,0.4996425805825311,3.2793259486391517,0.8592727812883822,0.03248697481603813,0.4458798780522102,0.0,0.0,0.0,6.250462414877407,0.49578803942372823,1.7017787944383125,0.8776449620102241
2023-12-20 15:36:27,1137.96,1171.01,1140.7750912736956,1168.2517870800066,85.57,99.14,1154.513439176851,2309.026878353702,27.476695806311,0.023799372835453567,184.70999999999998,13.570000000000007,-0.9383637578985145,0.9194043066645463,-0.00947972561698407,1.8577680645630608,195.9520968769518,-1.3405454140338406,1.0168652311117512,-0.16184009146104472,0.0,0.0,0.0,6.2504110926665595,0.5103503940383851,2.0176766745513985,0.7617676669451113
2023-12-20 15:36:28,1141.93,1170.02,1141.0638184552718,1168.6938403100048,85.57,99.14,1154.8788293826383,2309.7576587652766,27.63002185473306,0.023924606744742723,184.70999999999998,13.570000000000007,0.2887271815761778,0.44205322999823693,0.3653902057872074,0.1533260484220591,0.4196216164856236,1.2270909394746923,-0.4773510766663094,0.37486993140419145,0.0,0.0,0.0,6.25238927578501,0.1919804355726391,0.9553869344605103,0.5921626411594477
2023-12-20 15:36:29,1141.93,1170.02,1141.280363841454,1169.0253802325037,85.57,99.14,1155.1528720369788,2310.3057440739576,27.74501639104983,0.024018480184450575,184.70999999999998,13.570000000000007,0.21654538618213337,0.33153992249890507,0.2740426543405192,0.1149945363167717,0.4196212336808303,-0.07218179539404446,-0.11051330749933186,-0.09134755144668816,0.0,0.0,0.0,6.253872913123848,0.3205517947694466,0.9784871818826865,0.25994360765287783
2023-12-20 15:36:30,1139.94,1168.03,1140.9452728810904,1168.7765351743778,85.57,99.14,1154.8609040277343,2309.7218080554685,27.83126229328741,0.02409923322551042,184.70999999999998,13.570000000000007,-0.3350909603634591,-0.24884505812588031,-0.291968009244556,0.08624590223757878,0.29539402986889746,-0.5516363465455925,-0.5803849806247854,-0.5660106635850752,0.0,0.0,0.0,6.25229222984918,0.2703349073541132,0.9271693708739513,0.25936003135261826
2023-12-20 15:36:31,1140.94,1163.07,1140.9439546608178,1167.3499013807834,85.57,99.14,1154.1469280208007,2308.2938560416014,26.40594671996564,0.022879189863953393,184.70999999999998,13.570000000000007,-0.0013182202726511605,-1.4266337935944193,-0.7139760069335352,1.4253155733217682,1.9963045861145665,0.33377274009080793,-1.177788735468539,-0.42200799768897923,0.0,0.0,0.0,6.248426840844426,0.3882961076386557,0.5810282966066741,0.44029321831041707
2023-12-20 15:36:32,1142.92,1169.02,1141.4379659956135,1167.7674260355875,85.57,99.14,1154.6026960156005,2309.205392031201,26.329460039974037,0.022803913508975877,184.70999999999998,13.570000000000007,0.4940113347956867,0.4175246548040832,0.45576799479977126,0.07648667999160352,0.1678189628173494,0.49532955506833787,1.8441584483985025,1.1697440017333065,0.0,0.0,0.0,6.250894319553388,0.3789043310946158,0.7530163628232399,0.502430976407033
2023-12-20 15:36:33,1140.94,1169.02,1141.3134744967101,1168.0805695266906,85.57,99.14,1154.6970220117005,2309.394044023401,26.76709502998051,0.023181054853823137,184.70999999999998,13.570000000000007,-0.1244914989033532,0.31314349110311923,0.0943259960999967,0.43763499000647244,4.639551857906432,-0.6185028336990399,-0.10438116370096395,-0.36144199869977456,0.0,0.0,0.0,6.251404990310734,0.3694710584701262,0.7248401570542138,0.4690728908963889
2023-12-20 15:36:34,1140.94,1167.04,1141.2201058725327,1167.820427145018,85.57,99.14,1154.5202665087754,2309.040533017551,26.60032127248519,0.023040150979664806,184.70999999999998,13.570000000000007,-0.09336862417740122,-0.26014238167272197,-0.1767555029250616,0.16677375749532075,0.9435226129475238,0.031122874725951988,-0.5732858727758412,-0.2710814990250583,0.0,0.0,0.0,6.250448055104366,0.26607972077329956,0.6083323808255507,0.4367016923698156
2023-12-20 15:36:35,1139.94,1166.05,1140.9000794043995,1167.3778203587635,85.57,99.14,1154.1389498815815,2308.277899763163,26.47774095436398,0.022941553904007077,184.70999999999998,13.570000000000007,-0.3200264681331646,-0.4426067862543732,-0.3813166271938826,0.12258031812120862,0.321465123506819,-0.22665784395576338,-0.18246440458165125,-0.204561124268821,0.0,0.0,0.0,6.248383648060192,0.26159271833850156,0.17214192048288612,0.4468738404908628
2023-12-20 15:36:36,1140.94,1162.07,1140.9100595532996,1166.0508652690726,85.57,99.14,1153.4804624111862,2306.9609248223724,25.140805715773013,0.0217956060056918,184.70999999999998,13.570000000000007,0.009980148900012864,-1.326955089690955,-0.6584874703953574,1.3369352385909679,2.0303092593075625,0.33000661703317746,-0.8843483034365818,-0.2771708432014748,0.0,0.0,0.0,6.244818668000475,0.49865146641027247,0.6476395660923644,0.4295454584560222
2023-12-20 15:36:37,1139.94,1167.04,1140.6675446649747,1166.2981489518045,85.57,99.14,1153.4828468083897,2306.9656936167794,25.630604286829794,0.022220186746190272,184.70999999999998,13.570000000000007,-0.24251488832487667,0.24728368273190426,0.0023843972035137995,0.48979857105678093,205.33208068462775,-0.25249503722488953,1.5742387724228593,0.6608718675988712,0.0,0.0,0.0,6.244831576869462,0.5684999089419323,0.7027968782949476,0.3034556212070577
2023-12-20 15:36:38,1137.96,1161.08,1139.9906584987311,1164.9936117138534,85.57,99.14,1152.4921351062922,2304.9842702125843,25.00295321512226,0.021694684442355523,184.70999999999998,13.570000000000007,-0.6768861662435484,-1.304537237951081,-0.990711702097542,0.6276510717075325,0.6335348990465818,-0.4343712779186717,-1.5518209206829852,-0.9930960993010558,0.0,0.0,0.0,6.239467970693651,0.772998501335449,0.740609019626304,0.3935291398204534
2023-12-20 15:36:39,1141.93,1176.97,1140.4754938740484,1167.9877087853902,85.57,99.14,1154.2316013297193,2308.4632026594386,27.512214911341744,0.023835957060793216,184.70999999999998,13.570000000000007,0.4848353753172887,2.994097071536771,1.7394662234271436,2.5092616962194825,1.4425461212633084,1.161721541560837,4.298634309487852,2.7301779255246856,0.0,0.0,0.0,6.2488852529956915,0.6961879110825658,1.0455490855118434,1.0688312198599481
2023-12-20 15:36:40,1139.94,1170.02,1140.3416204055363,1168.4957815890425,85.57,99.21,1154.4187009972893,2308.8374019945786,28.154161183506176,0.02438817141024824,184.77999999999997,13.64,-0.13387346851209259,0.5080728036523396,0.18709966757000984,0.6419462721644322,3.4310207467550966,-0.6187088438293813,-2.4860242678844315,-1.5523665558571338,0.0,0.06999999999999318,0.06999999999999318,6.2475305484887915,0.761960270938194,1.4474830475203442,1.0559614104444657
2023-12-20 15:36:41,1134.99,1169.02,1139.0037153041521,1168.6268361917819,85.57,99.21,1153.815275747967,2307.630551495934,29.62312088762974,0.025674058477646977,184.77999999999997,13.64,-1.3379051013841945,0.13105460273936842,-0.6034252493222994,1.468959704123563,2.434364938173196,-1.204031632872102,-0.3770182009129712,-0.7905249168923092,0.0,0.0,0.0,6.244264906936369,0.7612171307347864,1.8820367894929673,1.0468961776955426
2023-12-20 15:36:42,1137.96,1171.01,1138.742786478114,1169.2226271438365,85.57,99.21,1153.9827068109753,2307.9654136219506,30.47984066572235,0.026412736048307413,184.77999999999997,13.64,-0.26092882603802536,0.5957909520545854,0.16743106300828003,0.8567197780926108,5.116820295347154,1.0769762753461691,0.464736349315217,0.7708563123305794,0.0,0.0,0.0,6.245171017241067,0.7603430774808462,2.115941510396296,1.0469529469685463
2023-12-20 15:36:43,1139.94,1169.02,1139.0420898585858,1169.1719703578774,85.57,99.21,1154.1070301082316,2308.214060216463,30.12988049929163,0.026106660549810014,184.77999999999997,13.64,0.29930338047165606,-0.0506567859590632,0.12432329725629643,0.34996016643071926,2.814897603718371,0.5602322065096814,-0.6464477380136486,-0.04310776575198361,0.0,0.0,0.0,6.245843835168243,0.23084209878852316,1.286668867401878,0.858309869629166
2023-12-20 15:36:44,1141.93,1170.02,1139.7640673939393,1169.383977768408,85.57,99.21,1154.5740225811737,2309.1480451623474,29.619910374468645,0.02565440566781137,184.77999999999997,13.64,0.7219775353535169,0.21200741053053207,0.4669924729421382,0.5099701248229849,1.092028378062945,0.4226741548818609,0.26266419648959527,0.34266917568584176,0.0,0.0,0.0,6.248371124216922,0.3120512462991032,0.8868855989805108,0.3991394703986124
2023-12-20 15:36:45,1141.93,1170.02,1140.3055505454545,1169.542983326306,85.57,99.21,1154.9242669358803,2309.8485338717605,29.237432780851577,0.025315454521624786,184.77999999999997,13.64,0.5414831515151945,0.15900555789812643,0.3502443547065468,0.3824775936170681,1.0920275985887868,-0.1804943838383224,-0.053001852632405644,-0.11674811823559139,0.0,0.0,0.0,6.25026659100343,0.4571097882866601,0.487231508091012,0.4175060385060876
2023-12-20 15:36:46,1137.96,1169.02,1139.7191629090908,1169.4122374947297,85.57,99.21,1154.5657002019102,2309.1314004038204,29.693074585638897,0.025717960056087077,184.77999999999997,13.64,-0.5863876363637246,-0.13074583157640518,-0.3585667339700649,0.4556418047873194,1.2707272897715856,-1.1278707878789191,-0.2897513894745316,-0.7088110886766117,0.0,0.0,0.0,6.248326084822948,0.38335193393181577,0.48120234160273473,0.3163009845795415
2023-12-20 15:36:47,1137.96,1166.05,1139.279372181818,1168.5716781210472,85.57,99.21,1153.9255251514326,2307.851050302865,29.29230593922921,0.025384918935734767,184.77999999999997,13.64,-0.43979072727279345,-0.8405593736824812,-0.6401750504776373,0.4007686464096878,0.6260288027186788,0.14659690909093115,-0.7098135421060761,-0.28160831650757245,0.0,0.0,0.0,6.244861559186986,0.4005277102121003,0.359100669125225,0.47274454242103403
2023-12-20 15:36:48,1137.96,1164.06,1138.9495291363635,1167.4437585907854,85.57,99.21,1153.1966438635745,2306.393287727149,28.494229454421884,0.02470890769699803,184.77999999999997,13.64,-0.3298430454544814,-1.1279195302618064,-0.7288812878580302,0.798076484807325,1.0949319226189953,0.10994768181831205,-0.2873601565793251,-0.08870623738039285,0.0,0.0,0.0,6.240916969491599,0.6843466017863886,0.47559789978065337,0.5578204425820769
2023-12-20 15:36:49,1141.93,1168.03,1139.6946468522726,1167.590318943089,85.57,99.21,1153.6424828976808,2307.2849657953616,27.895672090816333,0.024180517344132815,184.77999999999997,13.64,0.7451177159091458,0.1465603523035952,0.4458390341062568,0.5985573636055506,1.342538394528511,1.0749607613636272,1.2744798825654016,1.174720321964287,0.0,0.0,0.0,6.243329779491023,0.6964312558547534,0.7189428849404885,0.5517137948487816
2023-12-20 15:36:50,1139.94,1166.05,1139.7559851392043,1167.2052392073167,85.57,99.21,1153.4806121732604,2306.961224346521,27.449254068112396,0.02379689242682515,184.77999999999997,13.64,0.061338286931686525,-0.3850797357722513,-0.16187072442039607,0.4464180227039378,2.757850540620351,-0.6837794289774592,-0.5316400880758465,-0.6077097585266529,0.0,0.0,0.0,6.242453760855108,0.5210003141936482,0.9353373003387092,0.4684572794780137
2023-12-20 15:36:51,1139.94,1168.03,1139.8019888544031,1167.4114294054875,85.57,99.21,1153.6067091299453,2307.2134182598907,27.60944055108439,0.02393314836732736,184.77999999999997,13.64,0.04600371519882174,0.20619019817081607,0.1260969566849326,0.16018648297199434,1.2703336928149842,-0.015334571732864788,0.5912699339430674,0.28796768110532867,0.0,0.0,0.0,6.24313617754524,0.2647563367951138,0.7535370405624334,0.4995083257725412
2023-12-20 15:36:52,1137.96,1166.05,1139.3414916408024,1167.0710720541156,85.57,99.21,1153.206281847459,2306.412563694918,27.729580413313215,0.02404563765022529,184.77999999999997,13.64,-0.46049721360077456,-0.34035735137194933,-0.40042728248636195,0.12013986222882522,0.30002841328501073,-0.5065009287995963,-0.5465475495427654,-0.5265242391712945,0.0,0.0,0.0,6.240969128728705,0.214115585343395,0.40281907733669386,0.45525343835308124
2023-12-20 15:36:53,1140.94,1162.07,1139.7411187306018,1165.8208040405866,85.57,99.21,1152.7809613855943,2305.5619227711886,26.079685309984825,0.022623278975751695,184.77999999999997,13.64,0.39962708979942363,-1.2502680135289665,-0.4253204618646578,1.6498951033283902,3.879171994037315,0.8601243034001982,-0.9099106621570172,-0.024893179378295827,0.0,0.0,0.0,6.238667361981422,0.3580321348806493,0.7301818837564708,0.36998518131899916
2023-12-20 15:36:54,1139.94,1172.0,1139.7908390479515,1167.36560303044,85.57,99.25,1153.5782210391958,2307.1564420783916,27.574763982488548,0.023903679400036057,184.82,13.680000000000007,0.04972031734973825,1.5447989898534615,0.7972596536014862,1.4950786725037233,1.8752696069346526,-0.3499067724496854,2.795067003382428,1.222580115466144,0.0,0.04000000000000625,0.04000000000000625,6.241630855954794,0.345547999986628,0.683113579712231,0.5045143991303268
2023-12-20 15:36:55,1137.96,1171.01,1139.3331292859637,1168.27670227283,85.57,99.28,1153.8049157793969,2307.6098315587938,28.943572986866457,0.025085326441194527,184.85,13.710000000000008,-0.4577097619878714,0.911099242390037,0.22669474020108282,1.3688090043779084,6.038088775570959,-0.5074300793376096,-0.6336997474634245,-0.5705649134004034,0.0,0.030000000000001137,0.030000000000001137,6.241844249594551,0.40591832223580765,1.0165221937042952,0.505746685859224
2023-12-20 15:36:56,1140.94,1169.02,1139.7348469644726,1168.4625267046226,85.57,99.28,1154.0986868345476,2308.197373669095,28.72767974015005,0.024891874536355482,184.85,13.710000000000008,0.4017176785089305,0.1858244317925255,0.293771055150728,0.21589324671640497,0.7349005561663614,0.8594274404968019,-0.7252748105975115,0.06707631494964517,0.0,0.0,0.0,6.24343348980857,0.5149304802708211,1.1383003186274032,0.5162717271009047
2023-12-20 15:36:57,1137.96,1167.04,1139.2911352233546,1168.106895028467,85.57,99.28,1153.6990151259108,2307.3980302518216,28.81575980511252,0.02497684352880445,184.85,13.710000000000008,-0.4437117411180225,-0.3556316761555536,-0.399671708636788,0.0880800649624689,0.22038048397873905,-0.845429419626953,-0.5414561079480791,-0.693442763787516,0.0,0.0,0.0,6.241271349118959,0.49282090011170215,1.2196048268919453,0.516089296189769
2023-12-20 15:36:58,1134.0,1171.01,1137.9683514175158,1168.8326712713504,85.57,99.28,1153.4005113444332,2306.8010226888664,30.86431985383456,0.026759412297380467,184.85,13.710000000000008,-1.3227838058387533,0.7257762428832848,-0.2985037814776206,2.048560048722038,6.8627378046727285,-0.8790720647207309,1.0814079190388384,0.10116792715916745,0.0,0.0,0.0,6.239656505841367,0.261323306665628,1.185029604567329,0.48615543946396544
2023-12-20 15:36:59,1137.96,1171.01,1137.9662635631369,1169.3770034535128,85.57,99.28,1153.6716335083247,2307.3432670166494,31.410739890375908,0.027226759288194364,184.85,13.710000000000008,-0.002087854378942211,0.5443321821624068,0.2711221638915049,0.546420036541349,2.015394143010257,1.3206959514598111,-0.18144406072087804,0.5696259453691255,0.0,0.0,0.0,6.24112322027158,0.2521652239824535,1.281405922718545,0.33848780265903194
2023-12-20 15:37:00,1134.99,1169.02,1137.2221976723526,1169.2877525901345,85.57,99.28,1153.2549751312436,2306.509950262487,32.06555491778181,0.027804393288074276,184.85,13.710000000000008,-0.7440658907842135,-0.0892508633783109,-0.4166583770811485,0.6548150274059026,1.5715835606368005,-0.7419780364052713,-0.6335830455407176,-0.6877805409726534,0.0,0.0,0.0,6.238869185244114,0.32378453170104166,1.5260278993217722,0.3611675174805706
2023-12-20 15:37:01,1134.0,1164.06,1136.4166482542646,1167.9808144426008,85.57,99.28,1152.1987313484328,2304.3974626968657,31.56416618833623,0.0273947239327382,184.85,13.710000000000008,-0.8055494180880487,-1.3069381475336286,-1.056243782810725,0.5013887294455799,0.4746898991646209,-0.06148352730383522,-1.2176872841553177,-0.6395854057295765,0.0,0.0,0.0,6.233155126401286,0.6138214830507492,1.2645248963923252,0.47160316264550917
2023-12-20 15:37:02,1138.95,1164.06,1137.0499861906985,1167.0006108319508,85.57,99.28,1152.0252985113248,2304.0505970226495,29.95062464125226,0.02599823515504126,184.85,13.710000000000008,0.633337936433918,-0.9802036106500509,-0.17343283710806645,1.613541547083969,9.303499097921549,1.4388873545219667,0.3267345368835777,0.8828109457026585,0.0,0.0,0.0,6.232216890879675,0.7463736285539244,0.8055513737521561,0.4800209253321504
2023-12-20 15:37:03,1137.96,1170.02,1137.277489643024,1167.755458123963,85.57,99.28,1152.5164738834935,2305.032947766987,30.477968480939126,0.026444713932631723,184.85,13.710000000000008,0.22750345232543623,0.7548472920123004,0.4911753721687546,0.5273438396868642,1.0736343797614178,-0.4058344841084818,1.7350509026623513,0.6646082092768211,0.0,0.0,0.0,6.234874047328209,0.7047442717886006,0.8590839926339606,0.607821953456552
2023-12-20 15:37:04,1137.96,1169.02,1137.448117232268,1168.0715935929725,85.57,99.28,1152.7598554126203,2305.5197108252405,30.623476360704444,0.026565356340569026,184.85,13.710000000000008,0.17062758924407717,0.3161354690093958,0.2433815291267365,0.14550787976531865,0.5978567166978053,-0.05687586308135906,-0.43871182300290457,-0.24779384304201812,0.0,0.0,0.0,6.236190690702892,0.4849868181992737,0.8586202487719842,0.6028171440597598
2023-12-20 15:37:05,1137.96,1166.05,1137.5760879242011,1167.5661951947293,85.57,99.28,1152.571141559465,2305.14228311893,29.990107270528142,0.026020178853281367,184.85,13.710000000000008,0.12797069193311472,-0.5053983982431873,-0.18871385315515,0.633369090176302,3.356222785789861,-0.04265689731096245,-0.8215338672525831,-0.4320953822818865,0.0,0.0,0.0,6.235169788067597,0.2967487658952394,0.6533994934172869,0.5891317637535043
2023-12-20 15:37:06,1143.91,1166.05,1139.159565943151,1167.187146396047,85.57,99.28,1153.173356169599,2306.346712339198,28.027580452896018,0.02430474158862652,184.85,13.710000000000008,1.5834780189497906,-0.37904879868233365,0.6022146101338421,1.9625268176321242,3.2588441491842985,1.4555073270166758,0.12634959956085368,0.7909284632889921,0.0,0.0,0.0,6.238427643663356,0.41591969117413036,1.0412829793131668,0.3670365821540265
2023-12-20 15:37:07,1142.92,1164.06,1140.099674457363,1166.405359797035,85.6,99.28,1153.252517127199,2306.505034254398,26.30568533967198,0.022809996012313555,184.88,13.680000000000007,0.9401085142121701,-0.7817865990118662,0.07916095760015196,1.7218951132240363,21.751547907914937,-0.6433695047376204,-0.40273780032953255,-0.5230536525336902,0.030000000000001137,0.0,0.030000000000001137,6.237843524931607,0.340440158166303,1.8687707153081117,0.317732796920215
2023-12-20 15:37:08,1140.94,1168.03,1140.3097558430222,1166.8115198477763,85.6,99.28,1153.5606378453992,2307.1212756907985,26.501764004754023,0.022973880273237893,184.88,13.680000000000007,0.21008138565912304,0.406160050741164,0.30812071820014353,0.19607866508204097,0.6363675570401569,-0.7300271285530471,1.1879466497530302,0.22895976059999157,0.0,0.0,0.0,6.239510123355091,0.3967236938871101,1.9710170558200846,0.2918300370400555
2023-12-20 15:37:09,1139.94,1166.05,1140.2173168822667,1166.6211398858322,85.6,99.28,1153.4192283840493,2306.8384567680987,26.40382300356555,0.02289178325704328,184.88,13.680000000000007,-0.09243896075554403,-0.19037996194401785,-0.14140946134989463,0.09794100118847382,0.6926008178852943,-0.3025203464146671,-0.5965400126851819,-0.44953017955003816,0.0,0.0,0.0,6.238745251759542,0.379784386761462,1.5881395910012166,0.3288321311447096
2023-12-20 15:37:10,723.86,1170.02,1036.1279876617,1167.4708549143743,84.05,99.28,1101.7994212880371,2203.5988425760743,131.3428672526743,0.11920760221485946,183.32999999999998,15.230000000000004,-104.0893292205667,0.8497150285420503,-51.61980709601221,104.93904424910875,2.0329220142377014,-103.99689025981115,1.0400949904860681,-51.478397634662315,-1.5499999999999972,0.0,1.5499999999999972,6.0099242637763215,23.055248551168518,46.75398662470151,23.18153808891947
2023-12-20 15:37:11,703.26,1167.04,952.910990746275,1167.3631411857807,81.5,99.28,1060.1370659660279,2120.2741319320558,214.45215043950566,0.20228719202625312,180.78,17.78,-83.21699691542494,-0.10771372859358053,-41.66235532200926,83.10928318683136,1.9948291581128514,20.872332305141754,-0.9574287571356308,9.957451774002948,-2.549999999999997,0.0,2.549999999999997,5.864238633155157,42.32443533422414,85.44895952745277,25.83276639322722
2023-12-20 15:37:12,606.26,1168.03,866.2482430597063,1167.5298558893355,79.0,99.28,1016.8890494745209,2033.7780989490418,301.28161282962924,0.2962777627402313,178.28,20.28,-86.66274768656876,0.16671470355481688,-43.248016491506974,86.82946239012358,2.0077096576085856,-3.445750771143821,0.2744284321483974,-1.5856611694977119,-2.5,0.0,2.5,5.703887389334942,59.54363965725648,119.80793820568883,25.257984574272086
2023-12-20 15:37:13,476.29,860.25,768.7586822947796,1090.7098919170016,76.78,98.91,929.7342871058906,1859.4685742117813,321.951209622222,0.3462830334870406,175.69,22.129999999999995,-97.48956076492664,-76.81996397233388,-87.15476236863026,20.669596792592756,0.23715969149234584,-10.826813078357873,-76.9866786758887,-43.906745877123285,-2.219999999999999,-0.37000000000000455,1.8499999999999943,5.291902110615223,85.16594706211131,122.6623290608837,31.01238788432612
2023-12-20 15:37:14,360.33,781.42,666.6515117210847,1013.3874189377512,74.93,96.11,840.0194653294179,1680.0389306588359,346.73590721666653,0.4127712762797955,171.04000000000002,21.179999999999993,-102.10717057369493,-77.32247297925039,-89.71482177647272,24.784697594444538,0.2762608990065821,-4.617609808768293,-0.5025090069165117,-2.5600594078424592,-1.8499999999999943,-2.799999999999997,0.9500000000000028,4.91124567597154,105.19868446321,88.9421255541323,23.830478485719578
2023-12-20 15:37:15,272.84,689.96,568.1986337908136,932.5305642033135,73.48,93.39,750.3645989970635,1500.729197994127,364.3319304124999,0.48553987010304817,166.87,19.909999999999997,-98.45287793027114,-80.85685473443777,-89.65486633235446,17.596023195833368,0.1962640034991536,3.654292643423787,-3.5343817551873826,0.05995544411825904,-1.4500000000000028,-2.719999999999999,1.269999999999996,4.496701591061076,126.77940082761518,58.41533978113623,25.43399705452518
2023-12-20 15:37:16,213.64,523.26,479.5589753431102,830.212923152485,72.37,90.93,654.8859492477976,1309.7718984955952,350.6539478093748,0.5354427708774229,163.3,18.560000000000002,-88.63965844770337,-102.31764105082846,-95.47864974926586,13.677982603125088,0.14325697415901387,9.813219482567774,-21.46078631639068,-5.823783416911397,-1.1099999999999994,-2.4599999999999937,1.3499999999999943,4.010324220682629,142.85530426782196,25.152144351846715,21.35162098710028
2023-12-20 15:37:17,270.89,357.2,427.3917315073327,711.9596923643637,72.3,88.77,569.6757119358482,1139.3514238716964,284.56796085703104,0.4995262293884671,161.07,16.47,-52.167243835777526,-118.2532307881213,-85.21023731194941,66.08598695234377,0.7755639259029773,36.47241461192584,-15.935589737292844,10.268412437316442,-0.07000000000000739,-2.160000000000011,2.0900000000000034,3.5368206891353298,143.14845623973176,31.41522047113754,3.863293711167273
2023-12-20 15:37:18,254.39,225.78,384.1412986304995,590.4147692732728,72.1,87.02,487.27803395188613,974.5560679037723,206.2734706427733,0.423317810053024,159.12,14.920000000000002,-43.2504328768332,-121.54492309109094,-82.39767798396207,78.29449021425773,0.9502026171088753,8.916810958944325,-3.2916923029696363,2.812559327987344,-0.20000000000000284,-1.75,1.5499999999999972,3.0623305108695047,140.1689049977609,65.87658253339757,4.989277259557033
2023-12-20 15:37:19,258.27,137.43,352.6734739728746,477.16857695495463,72.1,85.64,414.9210254639146,829.8420509278292,124.49510298208003,0.300045297880095,157.74,13.540000000000006,-31.467824657624874,-113.24619231831815,-72.35700848797154,81.77836766069328,1.1302065720984216,11.782608219208328,8.298730772772785,10.040669495990528,0.0,-1.3799999999999955,1.3799999999999955,2.6304109473405832,132.74258315553328,100.95927642850702,8.633212858405736
2023-12-20 15:37:20,255.36,167.51,328.345105479656,399.75393271621596,72.03,85.4,364.049519097936,728.099038195872,71.40882723655994,0.1961514115369515,157.43,13.370000000000005,-24.32836849321859,-77.41464423873867,-50.871506365978576,53.08627574552008,1.0435365196397284,7.139456164406283,35.83154807957948,21.485502121992965,-0.06999999999999318,-0.23999999999999488,0.1700000000000017,2.3124532604045145,116.95114936911496,113.84709695871025,16.896102240078687
2023-12-20 15:37:21,250.51,151.98,308.886329109742,337.81044953716196,72.0,85.2,323.348389323452,646.696778646904,28.92412042741995,0.08945187696306935,157.2,13.200000000000003,-19.458776369914005,-61.943483179054,-40.701129774484,42.48470680913999,1.043821289500245,4.869592123304585,15.471161059684675,10.170376591494573,-0.030000000000001137,-0.20000000000000284,0.1700000000000017,2.05692358312041,98.39243952704278,103.1091212244063,19.664434609093185
2023-12-20 15:37:22,252.45,156.83,294.7772468323065,292.56533715287145,71.96,85.2,293.671291992589,587.342583985178,2.2119096794350526,0.0075319233858205945,157.16,13.240000000000009,-14.109082277435505,-45.24511238429051,-29.677097330863035,31.136030106855003,1.0491601894405806,5.349694092478501,16.69837079476349,11.024032443620968,-0.04000000000000625,0.0,0.04000000000000625,1.8686134520487117,76.79279429364382,81.29635194808236,21.877204344264385
2023-12-20 15:37:23,246.62,148.1,282.7379351242299,256.44900286465355,71.93,85.13,269.59346899444176,539.1869379888835,26.28893225957637,0.09751323821054854,157.06,13.199999999999989,-12.039311708076582,-36.1163342882179,-24.077822998147212,24.077022580141318,0.9999667155135797,2.069770569358923,9.128778096072608,5.599274332715822,-0.029999999999986926,-0.07000000000000739,0.040000000000020464,1.7164998553288038,57.73938851790622,48.20723741416356,19.125810468871872
2023-12-20 15:37:24,237.89,140.34,271.52595134317244,227.42175214849019,71.83,85.03,249.47385174583133,498.94770349166265,44.10419919468225,0.17678886468160832,156.86,13.200000000000003,-11.211983781057484,-29.027250716163365,-20.11961724861044,17.815266935105882,0.8854674435155494,0.8273279270190983,7.089083572054534,3.9582057495367735,-0.10000000000000853,-0.09999999999999432,1.4210854715202004e-14,1.5904236271541992,45.18015544274295,25.473008490883434,12.60167976054256
2023-12-20 15:37:25,241.77,144.22,264.0869635073793,206.62131411136764,71.83,85.03,235.35413880937347,470.70827761874693,57.465649396011685,0.24416672442029846,156.86,13.200000000000003,-7.438987835793114,-20.800438037122547,-14.119712936457859,13.361450201329433,0.9462975143447809,3.7729959452643698,8.226812679040819,5.99990431215258,0.0,0.0,0.0,1.500408882500093,35.129261061630984,20.761843072866863,10.10839677384631
2023-12-20 15:37:26,237.89,135.49,257.5377226305345,188.83848558352574,71.79,84.93,223.18810410703014,446.3762082140603,68.69923704700878,0.3078086845804976,156.72000000000003,13.14,-6.549240876844806,-17.7828285278419,-12.166034702343325,11.233587650997094,0.9233564593956741,0.889746958948308,3.0176095092806463,1.953678234114534,-0.03999999999999204,-0.09999999999999432,0.060000000000002274,1.4241201038980986,27.991814211903876,26.273418601119378,7.180404086919673
2023-12-20 15:37:27,147.74,129.67,230.0882919729009,174.0463641876443,71.15,84.86,202.0673280802726,404.1346561605452,56.041927785256604,0.2773428442902493,156.01,13.709999999999994,-27.449430657633627,-14.792121395881452,-21.12077602675754,12.657309261752175,0.5992823675813088,-20.90018978078882,2.9907071319604484,-8.954741324414215,-0.6400000000000006,-0.07000000000000739,0.5699999999999932,1.295220349881753,25.622416927542027,16.10532160050654,4.993725849252049
2023-12-20 15:37:28,141.93,130.64,208.0487189796757,163.19477314073322,71.15,84.86,185.62174606020446,371.2434921204089,44.85394583894248,0.24164165325086923,156.01,13.709999999999994,-22.039572993225192,-10.851591046911068,-16.445582020068144,11.187981946314125,0.6803031508619489,5.409857664408435,3.940530348970384,4.675194006689395,0.0,0.0,0.0,1.189806710277532,25.56549175280778,10.168007657100123,3.8233489724181315
2023-12-20 15:37:29,138.06,130.64,190.55153923475677,155.0560798555499,71.15,84.83,172.80380954515334,345.6076190903067,35.495459379206864,0.20540900844273893,155.98000000000002,13.679999999999993,-17.497179744918924,-8.138693285183308,-12.817936515051116,9.358486459735616,0.7301086035679818,4.542393248306269,2.71289776172776,3.6276455050170284,0.0,-0.030000000000001137,0.030000000000001137,1.1078587539254685,25.815581056309824,12.720398196379973,3.625033242295017
2023-12-20 15:37:30,133.22,46.34,176.2186544260676,127.87705989166244,71.15,84.19,152.047857158865,304.09571431773,48.34159453440515,0.31793670177120237,155.34,13.039999999999992,-14.332884808689187,-27.17901996388747,-20.755952386288328,12.846135155198283,0.6189132783312482,3.1642949362297372,-19.04032667870416,-7.938015871237212,0.0,-0.6400000000000006,0.6400000000000006,0.9788068506505611,27.210203545279388,12.484232930900443,4.233157562885204
2023-12-20 15:37:31,132.25,41.51,165.2264908195507,106.28529491874683,71.15,84.19,135.75589286914877,271.51178573829753,58.94119590080386,0.43417043798934873,155.34,13.039999999999992,-10.992163606516897,-21.591764972915612,-16.291964289716248,10.599601366398716,0.6506029922055724,3.34072120217229,5.587254990971857,4.463988096572081,0.0,0.0,0.0,0.8739274623099093,26.337102358625238,9.328188642251549,3.4714259298335333
2023-12-20 15:37:32,117.73,36.67,153.35236811466302,88.88147118906012,71.15,84.19,121.11691965186156,242.23383930372313,64.4708969256029,0.5323029728514814,155.34,13.039999999999992,-11.874122704887668,-17.403823729686707,-14.638973217287202,5.529701024799039,0.37773828566956563,-0.8819590983707712,4.187941243228906,1.652991072429046,0.0,0.0,0.0,0.7796891906281214,26.315702789071633,11.490007865812496,2.9453410784265834
2023-12-20 15:37:33,104.19,32.8,141.06177608599728,74.8611033917951,71.15,84.19,107.96143973889619,215.92287947779238,66.20067269420218,0.6131881182866755,155.34,13.039999999999992,-12.290592028665742,-14.020367797265024,-13.155479912965376,1.729775768599282,0.1314870797991507,-0.4164693237780739,3.3834559324216826,1.4834933043218257,0.0,0.0,0.0,0.6950008950939571,25.500084517820696,12.796159958377057,3.2279525010500323
2023-12-20 15:37:34,101.28,9.58,131.11633206449795,58.540827543846326,71.15,84.19,94.82857980417214,189.65715960834427,72.57550452065163,0.7653336568489335,155.34,13.039999999999992,-9.945444021499327,-16.32027584794877,-13.132859934724053,6.374831826449444,0.48541074622925584,2.345148007166415,-2.2999080506837473,0.022619978241323224,0.0,0.0,0.0,0.610458215486764,22.51477346945678,9.102807941138908,3.164196892951937
2023-12-20 15:37:35,99.35,6.68,123.17474904837346,45.57562065788475,71.15,84.19,84.3751848531291,168.7503697062582,77.59912839048872,0.9196913477093208,155.34,13.039999999999992,-7.941583016124497,-12.965206885961578,-10.453394951043038,5.023623869837081,0.48057338432070257,2.00386100537483,3.355068961987193,2.679464983681015,0.0,0.0,0.0,0.5431645700396841,20.437720895450138,7.259881999054177,2.1576404752615312
2023-12-20 15:37:36,98.38,6.68,116.9760617862801,35.851715493413565,71.15,84.19,76.41388863984683,152.82777727969366,81.12434629286653,1.0616439848203119,155.34,13.039999999999992,-6.198687262093358,-9.723905164471184,-7.961296213282267,3.5252179023778254,0.4427944099984751,1.7428957540311387,3.2413017214903945,2.49209873776077,0.0,0.0,0.0,0.4919137900600814,17.955845128364757,7.149792256242433,2.6551463646090143
