time,force_left_raw,force_right_raw,force_left,force_right,dis_left,dis_right,force_avg,force_sum,force_diff,force_diff_ratio,total_delta_dis,dis_diff,left_force_rate,right_force_rate,force_rate,force_rate_diff,force_rate_ratio,left_force_acc,right_force_acc,force_acc,left_dis_rate,right_dis_rate,dis_rate_diff,stiffness_ratio,force_std_5s,force_diff_std_5s,force_rate_std_5s
2024-05-02 15:01:58,269.11,275.72,269.11,275.72,-0.15,0.61,272.415,544.83,6.610000000000014,0.02426444937222827,0.45999999999999996,0.76,0.0,0.0,0.0,0.0,0.0,0.0,0.0,0.0,0.0,0.0,0.0,592.2052343364472,0.0,0.0,0.0
2024-05-02 15:01:59,274.4,271.75,270.4325,274.7275,-0.15,0.61,272.58000000000004,545.1600000000001,4.295000000000016,0.015756841970222223,0.45999999999999996,0.76,1.322499999999991,-0.9925000000000068,0.16500000000002046,2.3149999999999977,14.030217998677042,1.322499999999991,-0.9925000000000068,0.16500000000002046,0.0,0.0,0.0,592.5639292088497,0.0,0.0,0.0
2024-05-02 15:02:00,271.75,279.69,270.76187500000003,275.96812500000004,-0.15,0.75,273.365,546.73,5.206250000000011,0.019045049589212087,0.6,0.9,0.3293750000000273,1.2406250000000227,0.7849999999999682,0.9112499999999955,1.160826546717816,-0.9931249999999636,2.2331250000000296,0.6199999999999477,0.0,0.14,0.14,455.6075739873767,0.0,0.0,0.0
2024-05-02 15:02:01,275.72,271.75,272.00140625000006,274.91359375,-0.15,0.75,273.45750000000004,546.9150000000001,2.912187499999959,0.01064950673998867,0.6,0.9,1.2395312500000273,-1.054531250000025,0.09250000000002956,2.2940625000000523,24.80040756315412,0.91015625,-2.2951562500000477,-0.6924999999999386,0.0,0.0,0.0,455.7617403970994,0.0,0.0,0.0
2024-05-02 15:02:02,274.4,287.62,272.60105468750004,278.0901953125,-0.15,0.86,275.34562500000004,550.6912500000001,5.489140624999948,0.019935456047520242,0.71,1.01,0.5996484374999795,3.176601562499968,1.8881250000000023,2.5769531249999886,1.364820528396932,-0.6398828125000477,4.231132812499993,1.7956249999999727,0.0,0.10999999999999999,0.10999999999999999,387.81019322508,1.164827341014541,1.3858542159834195,0.7904602595165596
2024-05-02 15:02:03,277.04,277.04,273.71079101562503,277.827646484375,-0.15,0.89,275.76921875000005,551.5384375000001,4.116855468749975,0.014928625727273446,0.74,1.04,1.1097363281249955,-0.26254882812497726,0.4235937500000091,1.3722851562499727,3.239617951473533,0.5100878906250159,-3.4391503906249454,-1.4645312499999932,0.0,0.030000000000000027,0.030000000000000027,372.66060282350975,1.378517678962064,1.0174690033786353,0.7325123285811798
2024-05-02 15:02:04,275.72,282.33,274.21309326171877,278.95323486328124,-0.15,0.89,276.58316406250003,553.1663281250001,4.74014160156247,0.017138214469746674,0.74,1.04,0.5023022460937341,1.1255883789062295,0.8139453124999818,0.6232861328124955,0.7657582855779684,-0.6074340820312614,1.3881372070312068,0.3903515624999727,0.0,0.0,0.0,373.7605274350981,1.4338855666678267,1.0250065257050858,0.675772039993229
2024-05-02 15:02:05,310.09,278.36,283.18231994628906,278.80492614746095,-0.15,0.97,280.993623046875,561.98724609375,4.377393798828109,0.01557826734921885,0.82,1.1199999999999999,8.969226684570287,-0.14830871582029204,4.410458984374941,9.11753540039058,2.0672527202812234,8.466924438476553,-1.2738970947265216,3.596513671874959,0.0,0.07999999999999996,0.07999999999999996,342.6747321611498,2.7972473810830794,0.9446760530675773,1.7484622841940316
2024-05-02 15:02:06,277.04,277.04,281.6467399597168,278.3636946105957,-0.15,0.97,280.0052172851563,560.0104345703126,3.283045349121096,0.011724943446509825,0.82,1.1199999999999999,-1.5355799865722588,-0.44123153686524574,-0.9884057617186954,1.094348449707013,1.1071843011313485,-10.504806671142546,-0.2929228210449537,-5.398864746093636,0.0,0.0,0.0,341.46936075097017,2.5822737101029354,0.8108921810563869,2.0162792915287286
2024-05-02 15:02:07,274.4,281.01,279.8350549697876,279.02527095794676,-0.15,1.11,279.4301629638672,558.8603259277344,0.8097840118408612,0.002897983526021813,0.9600000000000001,1.26,-1.8116849899291765,0.6615763473510583,-0.5750543212890875,2.473261337280235,4.300910270225802,-0.2761050033569177,1.102807884216304,0.4133514404296079,0.0,0.14000000000000012,0.14000000000000012,291.0727832198791,2.261892389849235,1.5784994894822246,2.1368803450480662
2024-05-02 15:02:08,277.04,278.36,279.13629122734073,278.8589532184601,-0.15,1.11,278.9976222229004,557.9952444458008,0.2773380088806334,0.0009940515108225812,0.9600000000000001,1.26,-0.6987637424468858,-0.16631773948665796,-0.43254074096677186,0.5324460029602278,1.2309702221343088,1.1129212474822907,-0.8278940868377163,0.14251358032231565,0.0,0.0,0.0,290.622220417375,1.643715411940712,2.0468235726754465,2.2093473325088198
2024-05-02 15:02:09,278.36,282.33,278.9422184205056,279.72671491384506,-0.15,1.23,279.3344666671753,558.6689333343506,0.7844964933394749,0.0028084485953025888,1.08,1.38,-0.19407280683515182,0.8677616953849565,0.33684444427490234,1.0618345022201083,3.152289930789554,0.504690935611734,1.0340794348716145,0.7693851852416742,0.0,0.11999999999999988,0.11999999999999988,258.6427852077686,0.7830621842941844,1.8108036782801686,2.210565784071012
2024-05-02 15:02:10,279.69,282.33,279.1291638153792,280.3775361853838,-0.15,1.23,279.7533500003815,559.506700000763,1.2483723700046312,0.004462403633559795,1.08,1.38,0.18694539487358952,0.6508212715387458,0.41888333320616766,0.4638758766651563,1.107408035804587,0.38101820170874134,-0.2169404238462107,0.08203888893126532,0.0,0.0,0.0,259.03063978679785,0.38858910413665554,1.171019534736845,0.6074530630701401
2024-05-02 15:02:11,277.04,283.65,278.6068728615344,281.19565213903786,-0.15,1.34,279.9012625002861,559.8025250005722,2.588779277503477,0.009248901720305491,1.1900000000000002,1.49,-0.522290953844788,0.8181159536540576,0.14791249990463484,1.3404069074988456,9.062099864874094,-0.7092363487183775,0.16729468211531184,-0.2709708333015328,0.0,0.1100000000000001,0.1100000000000001,235.21094730196538,0.35653801919886335,0.8789626891061705,0.4545391016388668
2024-05-02 15:02:12,279.69,282.33,278.8776546461508,281.4792391042784,-0.15,1.34,280.1784468752146,560.3568937504292,2.601584458127604,0.009285455315557653,1.1900000000000002,1.49,0.27078178461641755,0.28358696524054494,0.27718437492848125,0.012805180624127388,0.04619717265902414,0.7930727384612055,-0.5345289884135127,0.1292718750238464,0.0,0.0,0.0,235.44387515238608,0.4681848596909035,1.057011429117394,0.3401258744968968
2024-05-02 15:02:13,278.36,283.65,278.74824098461306,282.0219293282088,-0.15,1.42,280.3850851564109,560.7701703128218,3.2736883435957225,0.011675686422813221,1.27,1.5699999999999998,-0.1294136615377397,0.5426902239303786,0.20663828119631944,0.6721038854681183,3.252546570898977,-0.40019544615415725,0.25910325868983364,-0.07054609373216181,0.0,0.07999999999999985,0.07999999999999985,220.77548376450957,0.40423460096067687,1.0396939067260602,0.10644882889440554
2024-05-02 15:02:14,282.33,283.65,279.6436807384598,282.4289469961566,-0.15,1.42,281.0363138673082,562.0726277346164,2.785266257696776,0.009910698761517152,1.27,1.5699999999999998,0.8954397538467447,0.40701766794779815,0.6512287108972714,0.48842208589894653,0.7499996970746209,1.0248534153844844,-0.13567255598258043,0.444590429700952,0.0,0.0,0.0,221.28826187326484,0.5024769739580324,0.7524530401699929,0.20106837568543096
2024-05-02 15:02:15,279.69,282.33,279.65526055384487,282.4042102471174,-0.15,1.53,281.0297354004812,562.0594708009623,2.74894969327255,0.009781703987919492,1.3800000000000001,1.68,0.01157981538506192,-0.024736749039163897,-0.006578466827022567,0.03631656442422582,5.519681971048147,-0.8838599384616828,-0.43175441698696204,-0.657807177724294,0.0,0.1100000000000001,0.1100000000000001,203.64458822890793,0.5106736525643153,0.27892032229754843,0.24480545173335602
2024-05-02 15:02:16,282.33,282.33,280.32394541538366,282.38565768533806,-0.15,1.53,281.3548015503609,562.7096031007218,2.0617122699543984,0.007327801947099743,1.3800000000000001,1.68,0.668684861538793,-0.01855256177935871,0.32506614987971716,0.6872374233181517,2.114139874092004,0.6571050461537311,0.006184187259805185,0.3316446167067397,0.0,0.0,0.0,203.88014323928815,0.4936752965471333,0.43465954830769055,0.23811001389176675
2024-05-02 15:02:17,278.36,287.62,279.83295906153774,283.69424326400355,-0.15,1.65,281.76360116277067,563.5272023255413,3.8612842024658107,0.013703985088305351,1.5,1.7999999999999998,-0.49098635384592626,1.308585578665486,0.4087996124097799,1.7995719325114123,4.402077389031721,-1.1596712153847193,1.3271381404448448,0.08373346253006275,0.0,0.11999999999999988,0.11999999999999988,187.84227554699675,0.5060680590665567,0.6692820049017333,0.24345625439235402
2024-05-02 15:02:18,282.33,286.3,280.4572192961533,284.34568244800266,-0.15,1.65,282.401450872078,564.802901744156,3.8884631518493507,0.013769274648101824,1.5,1.7999999999999998,0.6242602346155763,0.6514391839991163,0.6378497093073179,0.02717894938353993,0.04261020484410099,1.1152465884615026,-0.6571463946663698,0.22905009689753797,0.0,0.0,0.0,188.2675084030464,0.5783294045658759,0.790063230047685,0.2695521038809772
2024-05-02 15:02:19,282.33,287.62,280.925414472115,285.16426183600197,-0.15,1.73,283.0448381540585,566.089676308117,4.2388473638869755,0.014975886423351507,1.58,1.88,0.46819517596168225,0.8185793879993071,0.6433872819804947,0.3503842120376248,0.5445921566352793,-0.15606505865389408,0.1671402040001908,0.005537572673176783,0.0,0.08000000000000007,0.08000000000000007,179.1421892480185,0.8114078112474269,0.9167694967042685,0.2677657023006921
2024-05-02 15:02:20,283.65,286.3,281.60656085408624,285.44819637700147,-0.15,1.73,283.52737861554385,567.0547572310877,3.841635522915226,0.013549434019826901,1.58,1.88,0.6811463819712458,0.2839345409994962,0.482540461485371,0.39721184097174955,0.8231662409879605,0.21295120600956352,-0.5346448469998109,-0.16084682049512367,0.0,0.0,0.0,179.44759441009458,0.8919849749088592,0.8634216757962275,0.14034381194273676
2024-05-02 15:02:21,282.33,287.62,281.7874206405647,285.99114728275106,-0.15,1.79,283.88928396165784,567.7785679233157,4.203726642186382,0.014807627004147544,1.6400000000000001,1.94,0.18085978647843604,0.542950905749592,0.3619053461139856,0.362091119271156,1.0005105551730564,-0.5002865954928097,0.2590163647500958,-0.12063511537138538,0.0,0.06000000000000005,0.06000000000000005,173.1031163771594,0.8558643590827206,0.1969034297382959,0.1294383320984778
2024-05-02 15:02:22,282.33,287.62,281.9230654804235,286.3983604620633,-0.15,1.79,284.16071297124336,568.3214259424867,4.47529498163982,0.015749168557102913,1.6400000000000001,1.94,0.1356448398587986,0.40721317931223666,0.27142900958551763,0.27156833945343806,1.0005096336552162,-0.04521494661963743,-0.13573772643735538,-0.09047633652846798,0.0,0.0,0.0,173.2686217698912,0.699542105008697,0.2636310325619078,0.16512489634728958
2024-05-02 15:02:23,283.65,288.94,282.3547991103176,287.0337703465475,-0.15,1.84,284.69428472843254,569.3885694568651,4.678971236229927,0.01643507253494072,1.6900000000000002,1.99,0.43173362989409725,0.6354098844842042,0.5335717571891792,0.20367625459010696,0.3817216149922234,0.29608879003529864,0.22819670517196755,0.2621427476036615,0.0,0.050000000000000044,0.050000000000000044,168.45805696471928,0.6249776456826617,0.3149193070908386,0.14553614660629527
2024-05-02 15:02:24,298.19,287.62,286.3135993327382,287.1803277599106,-0.15,1.84,286.7469635463244,573.4939270926488,0.8667284271724043,0.0030226245935809476,1.6900000000000002,1.99,3.9588002224206207,0.14655741336309802,2.0526788178918878,3.8122428090575227,1.8572028505510978,3.5270665925265234,-0.4888524711211062,1.5191070607027086,0.0,0.0,0.0,169.67265909684338,1.271503020551605,1.5670901907271082,0.7406985131011317
2024-05-02 15:02:25,283.65,288.94,285.6476994995536,287.62024581993296,-0.15,1.93,286.6339726597433,573.2679453194866,1.9725463203793652,0.006881760369135204,1.78,2.08,-0.6658998331845964,0.43991806002236444,-0.11299088658114442,1.105817893206961,9.786701741746958,-4.624700055605217,0.2933606466592664,-2.165669704473032,0.0,0.08999999999999986,0.08999999999999986,161.03023125253486,1.3693136872984484,1.7149501630078983,0.8344788741546679
2024-05-02 15:02:26,304.8,288.94,290.4357746246652,287.95018436494973,-0.15,1.93,289.19297949480745,578.3859589896149,2.4855902597154795,0.00859491905876363,1.78,2.08,4.788075125111618,0.32993854501677333,2.5590068350641673,4.458136580094845,1.742134791073454,5.4539749582962145,-0.10997951500559111,2.6719977216453117,0.0,0.0,0.0,162.46787473423186,1.9896296370433189,1.6441034705055462,1.173382771884548
2024-05-02 15:02:27,283.65,290.26,288.7393309684989,288.5276382737123,-0.15,1.98,288.6334846211056,577.2669692422112,0.21169269478662045,0.0007334308225917809,1.83,2.13,-1.6964436561663092,0.5774539087625499,-0.5594948737018512,2.273897564928859,4.0641900535992015,-6.484518781277927,0.24751536374577654,-3.1185017087660185,0.0,0.050000000000000044,0.050000000000000044,157.723129452446,1.7908901599660703,1.7238398577314025,1.3575132908358467
2024-05-02 15:02:28,283.65,288.94,287.46699822637413,288.63072870528424,-0.15,1.98,288.0488634658292,576.0977269316584,1.1637304789101108,0.0040400453619846245,1.83,2.13,-1.2723327421247745,0.10309043157195674,-0.5846211552764089,1.3754231736967313,2.3526702867537277,0.42411091404153467,-0.47436347719059313,-0.025126281574557652,0.0,0.0,0.0,157.40366451484408,1.1349441414017905,0.9000869645040758,1.5148390970326013
2024-05-02 15:02:29,286.3,292.91,287.1752486697806,289.7005465289632,-0.15,2.04,288.4378975993719,576.8757951987438,2.525297859182558,0.008755083404244636,1.8900000000000001,2.19,-0.29174955659351554,1.0698178236789317,0.3890341335427365,1.3615673802724473,3.499857115405942,0.980583185531259,0.966727392106975,0.9736552888191454,0.0,0.06000000000000005,0.06000000000000005,152.61256348508383,0.9624498338127393,0.9837694735813239,1.3034181307202526
2024-05-02 15:02:30,283.65,288.94,286.29393650233544,289.51040989672236,-0.15,2.04,287.9021731995289,575.8043463990577,3.2164733943869237,0.011172105258773648,1.8900000000000001,2.19,-0.8813121674451736,-0.190136632240808,-0.5357243998430476,0.6911755352043656,1.290167566083035,-0.5895626108516581,-1.2599544559197398,-0.9247585333857842,0.0,0.0,0.0,152.32911157164935,0.5115214736304592,1.2101009244323153,1.3527762249007174
2024-05-02 15:02:31,286.3,292.91,286.2954523767516,290.3603074225418,-0.15,2.12,288.3278798996467,576.6557597992934,4.064855045790182,0.014098029760795024,1.9700000000000002,2.27,0.0015158744161567483,0.849897525819415,0.4257067001178143,0.8483816514032583,1.9928736341120195,0.8828280418613303,1.040034158060223,0.961431099960862,0.0,0.08000000000000007,0.08000000000000007,146.35925560425943,0.2948977197595764,1.5522011192715228,0.5302620416265081
2024-05-02 15:02:32,286.3,290.26,286.2965892825637,290.3352305669063,-0.15,2.12,288.315909924735,576.63181984947,4.038641284342646,0.014007694793496618,1.9700000000000002,2.27,0.0011369058120749287,-0.02507685563546147,-0.011969974911664849,0.0262137614475364,2.1897766590416112,-0.00037896860408181965,-0.8749743814548765,-0.43767667502947916,0.0,0.0,0.0,146.35317947794698,0.22232438519817535,1.2100376440546545,0.4851105085737875
2024-05-02 15:02:33,284.97,292.91,285.96494196192276,290.97892292517975,-0.15,2.18,288.4719324435513,576.9438648871026,5.013980963256984,0.01738117432571002,2.0300000000000002,2.33,-0.3316473206409114,0.6436923582734266,0.15602251881625762,0.975339678914338,6.251234982483345,-0.33278422645298633,0.6687692139088881,0.16799249372792247,0.0,0.06000000000000005,0.06000000000000005,142.10433021636504,0.22775109228967969,0.9436967587604438,0.38995615742950185
2024-05-02 15:02:34,286.3,292.91,286.0487064714421,291.4616921938848,-0.15,2.18,288.75519933266344,577.5103986653269,5.412985722442727,0.01874593328953605,2.0300000000000002,2.33,0.08376450951931247,0.48276926870505577,0.2832668891121557,0.3990047591857433,1.4085774439042167,0.41541183016022387,-0.16092308956837087,0.12724437029589808,0.0,0.0,0.0,142.2438704870901,0.30868577118092555,0.8709107228826797,0.3717583846622912
2024-05-02 15:02:35,287.62,294.23,286.4415298535815,292.1537691454136,-0.15,2.24,289.29764949949754,578.5952989989951,5.712239291832077,0.019745197660504327,2.0900000000000003,2.39,0.3928233821394542,0.6920769515288043,0.5424501668341009,0.2992535693893501,0.5516691412719765,0.30905887262014176,0.20930768282374856,0.25918327772194516,0.0,0.06000000000000005,0.06000000000000005,138.41986176059126,0.41118007999855477,0.768447166319155,0.2183655160580123
2024-05-02 15:02:36,284.97,292.91,286.0736473901861,292.3428268590602,-0.15,2.24,289.20823712462317,578.4164742492463,6.269179468874086,0.021677043190493846,2.0900000000000003,2.39,-0.36788246339540365,0.18905771364660495,-0.08941237487437093,0.5569401770420086,6.228824019052295,-0.7607058455348579,-0.5030192378821994,-0.6318625417084718,0.0,0.0,0.0,138.37708074045088,0.43526210506847607,0.835806095273649,0.2509817845530795
2024-05-02 15:02:37,287.62,292.91,286.46023554263957,292.48462014429515,-0.15,2.32,289.47242784346736,578.9448556869347,6.0243846016555835,0.020811600696221327,2.17,2.4699999999999998,0.3865881524534416,0.1417932852349395,0.26419071884419054,0.24479486721850208,0.926580395061028,0.7544706158488452,-0.04726442841166545,0.35360309371856147,0.0,0.07999999999999963,0.07999999999999963,133.39737071248692,0.41397073296131637,0.49533720303739326,0.22864815206867584
2024-05-02 15:02:38,287.62,292.91,286.75017665697965,292.5909651082214,-0.15,2.32,289.6705708826005,579.341141765201,5.840788451241735,0.02016355480393406,2.17,2.4699999999999998,0.2899411143400812,0.10634496392623305,0.1981430391331287,0.18359615041384814,0.9265792259866765,-0.0966470381133604,-0.035448321308706454,-0.06604767971106185,0.0,0.0,0.0,133.48868082669108,0.34294602633173626,0.3225474440741974,0.22594106815348736
2024-05-02 15:02:39,286.3,295.55,286.6376324927347,293.33072383116604,-0.15,2.35,289.98417816195035,579.9683563239007,6.693091338431316,0.02308088447367799,2.2,2.5,-0.1125441642449232,0.7397587229446572,0.313607279349867,0.8523028871895804,2.717730823167255,-0.4024852785850044,0.6334137590184241,0.11546424021673829,0.0,0.03000000000000025,0.03000000000000025,131.8109301595546,0.3109715674990505,0.38837184507088596,0.22780248530990477
2024-05-02 15:02:40,287.62,290.26,286.88322436955104,292.5630428733745,-0.15,2.35,289.7231336214628,579.4462672429256,5.679818503823469,0.01960429743121627,2.2,2.5,0.2455918768163201,-0.7676809577915265,-0.26104454048754633,1.0132728346078466,3.881594118464501,0.3581360410612433,-1.5074396807361836,-0.5746518198374133,0.0,0.0,0.0,131.6922736041769,0.29017332703263504,0.39680892291824454,0.24866564038466624
2024-05-02 15:02:41,288.94,296.87,287.3974182771633,293.63978215503084,-0.15,2.4,290.51860021609707,581.0372004321941,6.242363877867547,0.021486967966034904,2.25,2.55,0.5141939076122526,1.0767392816563301,0.795466594634263,0.5625453740440776,0.7071882975983735,0.2686020307959325,1.8444202394478566,1.0565111351218093,0.0,0.04999999999999982,0.04999999999999982,129.11932048745626,0.404058379305011,0.39414754499815746,0.37580180765249216
2024-05-02 15:02:42,286.3,290.26,287.12306370787246,292.79483661627313,-0.15,2.4,289.9589501620728,579.9179003241456,5.671772908400669,0.019560606374349955,2.25,2.55,-0.27435456929083557,-0.8449455387577132,-0.559650054024246,0.5705909694668776,1.0195477438378195,-0.7885484769030882,-1.9216848204140433,-1.355116648658509,0.0,0.0,0.0,128.87058724066026,0.3361101820486433,0.43915971542010185,0.5254495538547481
2024-05-02 15:02:43,290.26,294.23,287.90729778090434,293.15362746220484,-0.15,2.4,290.5304626215546,581.0609252431092,5.2463296813004945,0.018057761020663126,2.25,2.55,0.7842340730318824,0.35879084593170774,0.5715124594817667,0.4254432271001747,0.7444150615209576,1.058588642322718,1.203736384689421,1.1311625135060126,0.0,0.0,0.0,129.1245926653164,0.36283235772596273,0.5643218236296932,0.5681577234198585
2024-05-02 15:02:44,287.62,298.19,287.8354733356782,294.4127205966536,-0.15,2.46,291.1240969661659,582.2481939323318,6.577247260975412,0.022592589575802867,2.31,2.61,-0.07182444522612741,1.25909313444879,0.5936343446113028,1.3309175796749173,2.241978331910759,-0.8560585182580098,0.9003022885170822,0.022121885129536167,0.0,0.06000000000000005,0.06000000000000005,126.02769304695794,0.5486084882289715,0.524968825973201,0.5985951863886971
2024-05-02 15:02:45,288.94,292.91,288.1116050017587,294.03704044749026,-0.15,2.46,291.0743227246245,582.148645449249,5.92543544573158,0.020357121747837274,2.31,2.61,0.2761316660804596,-0.37568014916337233,-0.04977424154139953,0.6518118152438319,13.095100999192557,0.347956111306587,-1.6347732836121622,-0.6434085861527024,0.0,0.0,0.0,126.0061457655752,0.477897230696816,0.5124872680228357,0.5617692117795804
2024-05-02 15:02:46,286.3,294.23,287.658703751319,294.0852803356177,-0.15,2.46,290.87199204346837,581.7439840869367,6.426576584298687,0.02209417454412082,2.31,2.61,-0.4529012504396519,0.04823988812745483,-0.20233068115612696,0.5011411385671067,2.4768298059086793,-0.7290329165201115,0.42392003729082717,-0.15255643961472742,0.0,0.0,0.0,125.91855676403098,0.4813364188119492,0.5458557843388988,0.5026615243734813
2024-05-02 15:02:47,290.26,294.23,288.30902781348925,294.1214602517133,-0.15,2.46,291.2152440326013,582.4304880652026,5.81243243822405,0.019959231315563007,2.31,2.61,0.6503240621702275,0.036179916095591125,0.34325198913290933,0.6141441460746364,1.7891880493918633,1.1032253126098794,-0.012059972031863708,0.5455826702890363,0.0,0.0,0.0,126.06715063439421,0.272645747840469,0.5300739801025162,0.3621499952786615
2024-05-02 15:02:48,290.26,292.91,288.7967708601169,293.81859518878497,-0.15,2.46,291.30768302445097,582.6153660489019,5.02182432866806,0.017238901011092288,2.31,2.61,0.48774304662765644,-0.3028650629283334,0.09243899184968996,0.7906081095559898,8.55266312486852,-0.1625810155425711,-0.3390449790239245,-0.2508129972832194,0.0,0.0,0.0,126.1071674966595,0.16423962235181327,0.612692043071122,0.3167686454979479
2024-05-02 15:02:49,290.26,298.19,289.16257814508765,294.91144639158875,-0.15,2.52,292.03701226833823,584.0740245366765,5.748868246501104,0.01968540967517277,2.37,2.67,0.36580728497074233,1.0928512028037858,0.7293292438872641,0.7270439178330435,0.996865170375995,-0.12193576165691411,1.3957162657321192,0.6368902520375741,0.0,0.06000000000000005,0.06000000000000005,123.2223160531739,0.44287213371964845,0.5039387918187929,0.36572542676066927
2024-05-02 15:02:50,287.62,294.23,288.77693360881574,294.7410847936916,-0.15,2.52,291.75900920125366,583.5180184025073,5.9641511848758455,0.020442046265381174,2.37,2.67,-0.3856445362719114,-0.17036159789716976,-0.278003067084569,0.21528293837474166,0.7743877297638688,-0.7514518212426538,-1.2632128007009555,-1.007332310971833,0.0,0.0,0.0,123.10501523048033,0.46065989894062903,0.5068859559310858,0.4131441445902415
2024-05-02 15:02:51,292.91,292.91,289.8102002066118,294.2833135952687,-0.15,2.52,292.04675690094024,584.0935138018805,4.473113388656884,0.015316428851348955,2.37,2.67,1.0332665977960573,-0.45777119842290404,0.28774769968657665,1.4910377962189614,5.181736000346964,1.4189111340679688,-0.2874096005257343,0.5657507667711457,0.0,0.0,0.0,123.22642771076477,0.3945230202401645,0.6348481335202396,0.3682247924706507
2024-05-02 15:02:52,287.62,292.91,289.2626501549588,293.9399851964515,-0.15,2.52,291.60131767570516,583.2026353514103,4.677335041492711,0.01604017108953631,2.37,2.67,-0.5475500516529905,-0.3433283988171638,-0.4454392252350772,0.20422165283582672,0.45847151035371925,-1.5808166494490479,0.11444279960574022,-0.7331869249216538,0.0,0.0,0.0,123.03847874988455,0.31155736772946835,0.6549506056746198,0.4661427058811556
2024-05-02 15:02:53,292.91,294.23,290.1744876162191,294.01248889733864,-0.15,2.52,292.09348825677887,584.1869765135577,3.8380012811195456,0.013139633104747382,2.37,2.67,0.9118374612602906,0.07250370088712543,0.49217058107370804,0.8393337603731652,1.7053681940393586,1.4593875129132812,0.41583209970428925,0.9376098063087852,0.0,0.0,0.0,123.24614557410686,0.21595987785892187,0.8950600849520701,0.5022836851805426
2024-05-02 15:02:54,290.26,295.55,290.19586571216433,294.39686667300396,-0.15,2.52,292.2963661925842,584.5927323851683,4.201000960839622,0.014372402234037088,2.37,2.67,0.021378095945237874,0.38437777566531395,0.20287793580530433,0.3629996797200761,1.789242822470411,-0.8904593653150528,0.3118740747781885,-0.2892926452684037,0.0,0.0,0.0,123.33174804254688,0.2772798794235763,0.8090291945769861,0.3963707208750623
2024-05-02 15:02:55,292.91,292.91,290.8743992841233,294.02515000475296,-0.15,2.52,292.4497746444381,584.8995492888762,3.1507507206296737,0.010773647248272716,2.37,2.67,0.6785335719589511,-0.3717166682509969,0.15340845185392027,1.050250240209948,6.846059532303254,0.6571554760137133,-0.7560944439163109,-0.04946948395138406,0.0,0.0,0.0,123.39647731981466,0.3211047471261692,0.6015274202238187,0.3509661498508982
2024-05-02 15:02:56,290.26,294.23,290.7207994630925,294.0763625035647,-0.15,2.52,292.3985809833286,584.7971619666572,3.355563040472248,0.01147598944465322,2.37,2.67,-0.15359982103080938,0.05121249881176482,-0.05119366110949386,0.2048123198425742,4.000657791337396,-0.8321333929897605,0.42292916706276173,-0.20460211296341413,0.0,0.0,0.0,123.37487662803879,0.3448634626453618,0.6207045962495032,0.34756522702127596
2024-05-02 15:02:57,292.91,292.91,291.26809959731935,293.78477187767356,-0.15,2.52,292.52643573749646,585.0528714749929,2.5166722803542143,0.008603230218855716,2.37,2.67,0.5473001342268731,-0.29159062589116047,0.1278547541678563,0.8388907601180335,6.561228046230052,0.7008999552576824,-0.3428031247029253,0.17904841527735016,0.0,0.0,0.0,123.42882375893362,0.16738923264357586,0.6475042198714871,0.19667513458867109
2024-05-02 15:02:58,288.94,294.23,290.6860746979895,293.89607890825516,-0.15,2.52,292.29107680312234,584.5821536062447,3.2100042102656516,0.010982217570211996,2.37,2.67,-0.5820248993298378,0.11130703058159952,-0.23535893437411914,0.6933319299114373,2.945836689473848,-1.1293250335567109,0.40289765647276,-0.36321368854197544,0.0,0.0,0.0,123.32951623358906,0.10097586929806168,0.603737413290033,0.1811400151115489
2024-05-02 15:02:59,290.26,296.87,290.57955602349216,294.6395591811914,-0.15,2.57,292.60955760234174,585.2191152046835,4.060003157699214,0.013875155606986798,2.42,2.7199999999999998,-0.10651867449735164,0.7434802729362104,0.318480799219401,0.8499989474335621,2.6689090224838905,0.47550622483248617,0.6321732423546109,0.5538397335935201,0.0,0.04999999999999982,0.04999999999999982,120.91299036750057,0.12152397401741284,0.5513843059515317,0.21195981802767164
2024-05-02 15:03:00,292.91,296.87,291.16216701761914,295.1971693858935,-0.15,2.57,293.17966820175633,586.3593364035127,4.035002368274377,0.013762899655561125,2.42,2.7199999999999998,0.5826109941269806,0.5576102047021436,0.5701105994145905,0.025000789424836967,0.0438524482759316,0.6891296686243322,-0.18587006823406682,0.25162980019518955,0.0,0.0,0.0,121.14857316247237,0.3455125813240788,0.642434805567778,0.31395407750346005
2024-05-02 15:03:01,292.91,296.87,291.5991252632144,295.61537703942014,-0.15,2.57,293.60725115131726,587.2145023026345,4.016251776205763,0.013678993780902576,2.42,2.7199999999999998,0.43695824559523544,0.4182076535266219,0.4275829495609287,0.018750592068613514,0.043852422636228176,-0.14565274853174515,-0.1394025511755217,-0.14252764985366184,0.0,0.0,0.0,121.32526025870123,0.5377621678586735,0.6882111012894575,0.3117880870669259
2024-05-02 15:03:02,292.91,292.91,291.9268439474108,294.93903277956514,-0.15,2.57,293.432938363488,586.865876726976,3.0121888321543224,0.010265339803664628,2.42,2.7199999999999998,0.3277186841964408,-0.676344259855,-0.1743127878292512,1.0040629440514408,5.760089070148422,-0.10923956139879465,-1.094551913381622,-0.6018957373901799,0.0,0.0,0.0,121.25323021085032,0.556907520319695,0.5122197685769171,0.36425014330680955
2024-05-02 15:03:03,294.23,295.55,292.5026329605581,295.09177458467383,-0.15,2.57,293.79720377261594,587.5944075452319,2.5891416241157117,0.008812682973344064,2.42,2.7199999999999998,0.5757890131473005,0.15274180510868973,0.36426540912793826,0.42304720803861073,1.1613676074370816,0.24807032895085968,0.8290860649636898,0.5385781969571894,0.0,0.0,0.0,121.40375304498467,0.4602367426857157,0.6937094082742636,0.28225601872779615
2024-05-02 15:03:04,288.94,292.91,291.6119747204186,294.5463309385054,-0.15,2.57,293.079152829462,586.158305658924,2.934356218086805,0.010012162856844671,2.42,2.7199999999999998,-0.890658240139544,-0.5454436461684509,-0.718050943153969,0.3452145939710931,0.4807654895476971,-1.4664472532868444,-0.6981854512771406,-1.0823163522819073,0.0,0.0,0.0,121.10703790182812,0.2964145667978327,0.665879797944827,0.534420417860676
2024-05-02 15:03:05,298.19,298.19,293.25648104031393,295.45724820387903,-0.15,2.63,294.3568646220965,588.713729244193,2.2007671635651036,0.007476527374056597,2.48,2.78,1.6445063198953562,0.910917265373655,1.277711792634534,0.7335890545217012,0.5741423728012487,2.5351645600349,1.456360911542106,1.995762735788503,0.0,0.06000000000000005,0.06000000000000005,118.69223626204041,0.47329341912156503,0.6768626477336033,0.7444608308421075
2024-05-02 15:03:06,288.94,298.19,292.17736078023546,296.1404361529093,-0.15,2.63,294.1588984665724,588.3177969331448,3.9630753726738135,0.013472566629330109,2.48,2.78,-1.0791202600784686,0.6831879490302413,-0.19796615552411367,1.7623082091087099,8.902023188862,-2.723626579973825,-0.22772931634341376,-1.4756779481586477,0.0,0.0,0.0,118.61241123151659,0.5213319688411433,0.6560283987749617,0.7565623677095241
2024-05-02 15:03:07,292.91,302.16,292.36052058517663,297.64532711468195,-0.15,3.11,295.0029238499293,590.0058476998586,5.2848065295053175,0.017914420788179463,2.96,3.26,0.18315980494116957,1.5048909617726736,0.8440253833568931,1.321731156831504,1.5659832238592657,1.2622800650196382,0.8217030127424323,1.0419915388810068,0.0,0.48,0.48,99.66311627932872,0.709987899804372,1.2431682512224633,0.7967798364738681
2024-05-02 15:03:08,290.26,310.09,291.8353904388825,300.7564953360114,-0.15,4.03,296.2959428874469,592.5918857748939,8.921104897128942,0.030108764838568884,3.8800000000000003,4.180000000000001,-0.5251301462941456,3.1111682213294785,1.293019037517638,3.636298367623624,2.812252140040035,-0.7082899512353151,1.606277259556805,0.4489936541607449,0.0,0.9200000000000004,0.9200000000000004,76.36491405219918,1.1835302037120976,2.6485265388022965,0.9114374398540994
2024-05-02 15:03:09,292.91,343.11,292.10404282916187,311.3448715020086,-0.15,4.96,301.72445716558525,603.4489143311705,19.240828672846703,0.06376953591971457,4.81,5.11,0.26865239027938514,10.588376165997147,5.428514278138323,10.319723775717762,1.9010214113750914,0.7937825365735307,7.4772079446676685,4.135495240620685,0.0,0.9299999999999997,0.9299999999999997,62.72856433202099,3.1411360944430213,6.791068984835918,2.1550246493959992
2024-05-02 15:03:10,288.94,360.28,291.3130321218714,323.5786536265064,-0.15,5.86,307.4458428741889,614.8916857483778,32.26562150463502,0.10494733348172552,5.71,6.010000000000001,-0.791010707290468,12.23378212449785,5.721385708603634,13.024792831788318,2.2765097860282824,-1.059663097569853,1.645405958500703,0.2928714304653113,0.0,0.9000000000000004,0.9000000000000004,53.84339562710915,5.600269374869326,11.869791221481723,2.7550961433170937
2024-05-02 15:03:11,291.58,364.24,291.37977409140353,333.74399021987983,-0.15,6.75,312.5618821556417,625.1237643112834,42.3642161284763,0.13553865142084787,6.6,6.9,0.0667419695321314,10.16533659337341,5.1160392814527995,10.09859462384128,1.9739083486992377,0.8577526768225994,-2.068445531124439,-0.6053464271508346,0.0,0.8899999999999997,0.8899999999999997,47.3578537572406,7.432098859006758,15.631799232977992,2.399332978717072
2024-05-02 15:03:12,290.26,362.92,291.09983056855265,341.0379926649099,-0.15,7.68,316.06891161673127,632.1378232334625,49.938162096357246,0.1579977027253953,7.529999999999999,7.83,-0.27994352285088553,7.29400244503006,3.507029461089587,7.573945967880945,2.1596464735375642,-0.34668549238301694,-2.871334148343351,-1.6090098203632124,0.0,0.9299999999999997,0.9299999999999997,41.97461748235243,7.994116417966305,16.689265024976027,1.8434251665077714
2024-05-02 15:03:13,290.26,348.39,290.88987292641445,342.8759944986824,-0.15,8.58,316.88293371254844,633.7658674250969,51.98612157226796,0.164054658290216,8.43,8.73,-0.20995764213819257,1.8380018337725232,0.8140220958171653,2.047959475910716,2.515849349280257,0.06998588071269296,-5.4560006112575365,-2.693007365272422,0.0,0.9000000000000004,0.9000000000000004,37.58990464088302,6.351968394513869,13.557756173655953,2.0355545307605833
2024-05-02 15:03:14,287.62,329.9,290.07240469481087,339.63199587401186,-0.15,9.48,314.85220028441137,629.7044005688227,49.55959117920099,0.1574058906910197,9.33,9.63,-0.8174682316035842,-3.243998624670553,-2.0307334281370686,2.426530393066969,1.1949028683642255,-0.6075105894653916,-5.082000458443076,-2.844755523954234,0.0,0.9000000000000004,0.9000000000000004,33.746212919421055,3.787658789224675,8.106245931632227,3.222047111185174
2024-05-02 15:03:15,332.55,337.83,300.69180352110817,339.1814969055089,-0.15,10.38,319.93665021330855,639.8733004266171,38.48969338440071,0.12030410782395423,10.23,10.530000000000001,10.6193988262973,-0.4504989685029841,5.084449928897186,11.069897794800283,2.177206142729228,11.436867057900884,2.793499656167569,7.115183357034255,0.0,0.9000000000000004,0.9000000000000004,31.274351802439565,2.7111493626022756,5.756388716363785,3.0784412160138666
2024-05-02 15:03:16,347.07,364.24,312.2863526408311,345.4461226791317,-0.15,11.3,328.8662376599814,657.7324753199628,33.159770038300564,0.10083056921079951,11.15,11.450000000000001,11.594549119722956,6.264625773622811,8.929587446672826,5.329923346100145,0.5968834261433493,0.9751502934256564,6.715124742125795,3.8451375177756404,0.0,0.9199999999999999,0.9199999999999999,29.494727189708897,5.656434464300463,8.304508772444674,4.16858870705792
2024-05-02 15:03:17,358.96,388.0,323.95476448062334,356.08459200934874,-0.15,12.2,340.01967824498604,680.0393564899721,32.1298275287254,0.09449402340496793,12.049999999999999,12.35,11.668411839792213,10.638469330217049,11.15344058500466,1.0299425095751644,0.09234302270967909,0.07386272006925765,4.373843556594238,2.223853138331833,0.0,0.8999999999999986,0.8999999999999986,28.217398342538402,10.381399686677296,9.224846173529645,5.47829959346137
2024-05-02 15:03:18,368.2,397.24,335.0160733604675,366.3734440070115,-0.15,13.1,350.6947586837395,701.389517367479,31.35737064654404,0.08941499631994065,12.95,13.25,11.061308879844148,10.288851997662789,10.675080438753469,0.7724568821813591,0.07236074840395401,-0.6071029599480653,-0.34961733255426,-0.47836014625119105,0.0,0.9000000000000004,0.9000000000000004,27.080674255062956,14.636091532677854,7.586983533860714,5.4640122388220105
2024-05-02 15:03:19,362.92,402.52,341.9920550203506,375.4100830052586,-0.15,14.0,358.7010690128046,717.4021380256092,33.41802798490801,0.09316400417683471,13.85,14.15,6.975981659883132,9.0366389982471,8.006310329065116,2.060657338363967,0.2573791167579524,-4.085327219961016,-1.2522129994156899,-2.668770109688353,0.0,0.9000000000000004,0.9000000000000004,25.89899228258573,15.731910859347867,2.7957680086387917,2.42394769114597
2024-05-02 15:03:20,364.24,382.72,347.554041265263,377.23756225394396,-0.15,14.89,362.3958017596035,724.791603519207,29.683520988680982,0.08190911915271726,14.74,15.040000000000001,5.561986244912362,1.8274792486853357,3.694732746798877,3.734506996227026,1.0107648486071854,-1.4139954149707705,-7.209159749561763,-4.3115775822662386,0.0,0.8900000000000006,0.8900000000000006,24.585873621012883,13.772329992932518,1.511549194511322,2.9702801372167564
2024-05-02 15:03:21,369.52,370.84,353.0455309489472,375.63817169045797,-0.15,15.79,364.3418513197026,728.6837026394052,22.592640741510763,0.0620094578694906,15.639999999999999,15.94,5.491489683684222,-1.599390563485997,1.946049560099084,7.090880247170219,3.643728684422867,-0.07049656122813985,-3.426869812171333,-1.7486831866997932,0.0,0.8999999999999986,0.8999999999999986,23.29551330077937,9.97929317529526,4.268976477785845,4.128919664883632
2024-05-02 15:03:22,372.16,380.08,357.82414821171045,376.74862876784346,-0.15,16.69,367.286388489777,734.572776979554,18.924480556133005,0.05152513433024925,16.540000000000003,16.84,4.778617262763248,1.1104570773854903,2.9445371700743976,3.668160185377758,1.2457505977193961,-0.7128724209209736,2.7098476408714873,0.9984876099753137,0.0,0.9000000000000021,0.9000000000000021,22.20594717556407,6.3956749581722825,6.160911982209839,3.72397999628938
2024-05-02 15:03:23,391.96,414.39,366.35811115878283,386.15897157588256,-0.15,17.59,376.25854136733267,752.5170827346653,19.800860417099727,0.0526256767288717,17.44,17.74,8.533962947072382,9.410342808039104,8.972152877555686,0.8763798609667219,0.09767775641465894,3.755345684309134,8.299885730653614,6.027615707481289,0.0,0.8999999999999986,0.8999999999999986,21.574456410141984,6.627593251284604,6.373177045172839,3.1625778026520392
2024-05-02 15:03:24,405.15,435.49,376.0560833690871,398.4917286819119,-0.15,18.46,387.2739060254995,774.547812050999,22.435645312824818,0.05793224099486665,18.310000000000002,18.61,9.697972210304272,12.332757106029362,11.015364658166845,2.6347848957250903,0.23919177787544876,1.1640092632318897,2.922414297990258,2.043211780611159,0.0,0.870000000000001,0.870000000000001,21.150949474306387,10.287604545450344,4.2281716535680856,4.020722600677524
2024-05-02 15:03:25,413.07,443.4,385.30956252681534,409.718796511434,-0.15,19.36,397.5141795191247,795.0283590382494,24.409233984618652,0.06140468738182362,19.21,19.509999999999998,9.253479157728236,11.22706782952207,10.240273493625182,1.9735886717938342,0.19272810245686686,-0.44449305257603555,-1.1056892765072917,-0.7750911645416636,0.0,0.8999999999999986,0.8999999999999986,20.693084790527845,13.872064806775382,2.2341350173109302,4.257296788429527
2024-05-02 15:03:26,403.83,438.13,389.9396718951115,416.8215973835755,-0.15,20.25,403.3806346393435,806.761269278687,26.88192548846405,0.06664158641591009,20.1,20.4,4.630109368296132,7.102800872141529,5.866455120218802,2.4726915038453967,0.42149663326096304,-4.623369789432104,-4.1242669573805415,-4.37381837340638,0.0,0.8900000000000006,0.8900000000000006,20.068687292072447,14.839083359340703,3.2756611048768036,3.3534035412838734
2024-05-02 15:03:27,405.15,423.62,393.7422539213336,418.52119803768164,-0.15,21.12,406.1317259795076,812.2634519590152,24.778944116348043,0.0610120866464548,20.970000000000002,21.27,3.802582026222126,1.6996006541061206,2.7510913401641233,2.1029813721160053,0.7644168614095107,-0.8275273420740064,-5.403200218035408,-3.115363780054679,0.0,0.870000000000001,0.870000000000001,19.367272609071765,12.323369469508984,2.6733025144999187,3.4239135990894023
2024-05-02 15:03:28,410.43,413.07,397.91419044100024,417.1583985282612,-0.15,22.02,407.53629448463073,815.0725889692615,19.244208087260972,0.04722084462287292,21.87,22.169999999999998,4.1719365196666445,-1.3627995094204266,1.404568505123109,5.534736029087071,3.940521283496012,0.36935449344451854,-3.062400163526547,-1.3465228350410143,0.0,0.8999999999999986,0.8999999999999986,18.634489064935604,8.265599444097829,2.8780177425779616,4.315625785687262
2024-05-02 15:03:29,419.67,436.81,403.3531428307502,422.0712988961959,-0.15,22.89,412.712220863473,825.424441726946,18.718156065445726,0.04535401442906087,22.740000000000002,23.04,5.438952389749943,4.9129003679346965,5.175926378842291,0.5260520218152465,0.10163435135616401,1.2670158700832985,6.275699877355123,3.7713578737191824,0.0,0.870000000000001,0.870000000000001,18.149173382335075,5.586067959730923,3.6219078097100277,3.398104422664074
2024-05-02 15:03:30,435.49,468.45,411.38735712306266,433.66597417214695,-0.15,23.79,422.5266656476048,845.0533312952095,22.27861704908429,0.05272712661154965,23.64,23.939999999999998,8.03421429231247,11.594675275951033,9.814444784131751,3.5604609836385634,0.3627775894788892,2.5952619025625268,6.681774908016337,4.63851840528946,0.0,0.8999999999999986,0.8999999999999986,17.873377655424157,7.551097792269329,3.50980183613382,3.238258010085669
2024-05-02 15:03:31,447.36,481.63,420.38051784229697,445.6569806291102,-0.15,24.66,433.0187492357036,866.0374984714072,25.276462786813227,0.058372675024013575,24.51,24.81,8.99316071923431,11.991006456963248,10.492083588098808,2.9978457377289374,0.2857245109450795,0.9589464269218411,0.396331181012215,0.6776388039670564,0.0,0.870000000000001,0.870000000000001,17.667022911818876,11.30619514359402,3.0365558512290773,4.094359144046052
2024-05-02 15:03:32,440.77,489.54,425.4778883817227,456.62773547183264,-0.15,25.53,441.0528119267777,882.1056238535554,31.149847090109915,0.07062611591433456,25.380000000000003,25.68,5.097370539425754,10.970754842722442,8.034062691074098,5.873384303296689,0.7310602117608379,-3.8957901798085572,-1.0202516142408058,-2.45802089702471,0.0,0.870000000000001,0.870000000000001,17.377966688290424,13.881515556930411,5.09918798038553,3.73563534027302
2024-05-02 15:03:33,440.77,473.72,429.300916286292,460.90080160387447,-0.15,26.43,445.10085894508325,890.2017178901665,31.599885317582448,0.07099488713969516,26.28,26.58,3.823027904569301,4.2730661320418335,4.048047018305567,0.4500382274725325,0.11117413267763301,-1.2743426348564526,-6.697688710680609,-3.9860156727685307,0.0,0.8999999999999986,0.8999999999999986,16.936866134254835,13.32422181513484,5.59209644699544,2.8244869306407545
2024-05-02 15:03:34,443.4,452.63,432.825687214719,458.8331012029058,-0.15,27.3,445.8293942088124,891.6587884176248,26.00741398818684,0.0583349017980427,27.150000000000002,27.45,3.5247709284269604,-2.067700400968647,0.7285352637291567,5.592471329395607,7.67631154112966,-0.2982569761423406,-6.3407665330104805,-3.3195117545764106,0.0,0.870000000000001,0.870000000000001,16.420971557563195,9.798680076873342,4.008835640021176,4.138880343172238
2024-05-02 15:03:35,455.27,463.18,438.43676541103923,459.9198259021794,-0.15,28.17,449.1782956566093,898.3565913132186,21.48306049114018,0.047827467736188706,28.020000000000003,28.32,5.61107819632025,1.0867246992735886,3.348901447796891,4.524353497046661,1.350995906143236,2.0863072678932895,3.1544251002422357,2.620366184067734,0.0,0.870000000000001,0.870000000000001,16.030630964524562,6.202275417090271,4.2637781179470915,3.8955325090529254
2024-05-02 15:03:36,477.68,497.44,448.24757405827944,469.2998694266346,-0.15,29.04,458.77372174245704,917.5474434849141,21.052295368355146,0.04588818915457659,28.89,29.189999999999998,9.810808647240208,9.380043524455175,9.595426085847748,0.4307651227850329,0.04489275140450668,4.199730450919958,8.293318825181586,6.2465246380508574,0.0,0.8699999999999974,0.8699999999999974,15.880017509949447,6.6865646722264245,5.060338595921195,3.6085742519836184
2024-05-02 15:03:37,488.22,515.88,458.2406805437096,480.9449020699759,-0.15,29.91,469.59279130684274,939.1855826136855,22.704221526266338,0.04834874363112217,29.76,30.06,9.993106485430133,11.645032643341324,10.8190695643857,1.6519261579111912,0.1526865129569461,0.18229783818992473,2.264989118886149,1.2236434785379515,0.0,0.870000000000001,0.870000000000001,15.779327134661141,10.42426035784508,4.383777347239713,4.311350502019126
2024-05-02 15:03:38,485.58,518.52,465.0755104077822,490.33867655248196,-0.15,30.78,477.7070934801321,955.4141869602641,25.263166144699767,0.052884218042004535,30.630000000000003,30.93,6.834829864072617,9.393774482506046,8.114302173289332,2.5589446184334292,0.31536221457154384,-3.1582766213575155,-2.2512581608352775,-2.704767391096368,0.0,0.870000000000001,0.870000000000001,15.59605216728958,13.46057275845205,2.2300498010036396,4.30345693001752
2024-05-02 15:03:39,482.95,513.25,469.5441328058367,496.06650741436147,-0.15,31.65,482.80532011009905,965.6106402201981,26.522374608524785,0.05493389042925775,31.5,31.799999999999997,4.468622398054492,5.727830861879511,5.098226629966973,1.2592084638250185,0.2469894550065776,-2.3662074660181247,-3.6659436206265354,-3.0160755433223585,0.0,0.8699999999999974,0.8699999999999974,15.327152532791953,13.734882957057966,2.3922252662071535,3.111655676384552
2024-05-02 15:03:40,479.0,501.4,471.9080996043775,497.39988056077107,-0.15,32.52,484.6539900825743,969.3079801651486,25.49178095639354,0.05259789752159558,32.370000000000005,32.67,2.3639667985408437,1.333373146409599,1.8486699724752498,1.0305936521312447,0.5574781383359674,-2.1046555995136487,-4.394457715469912,-3.2495566574917234,0.0,0.8700000000000045,0.8700000000000045,14.972319280514519,10.648361927073587,2.2548621240107516,3.628735461706308
2024-05-02 15:03:41,488.22,494.81,475.9860747032831,496.75241042057826,-0.15,33.39,486.3692425619307,972.7384851238614,20.766335717295135,0.042696646616082544,33.24,33.54,4.077975098905597,-0.6474701401928087,1.7152524793564226,4.725445239098406,2.754954469395061,1.7140083003647533,-1.9808432866024077,-0.13341749311882722,0.0,0.8699999999999974,0.8699999999999974,14.63204656828773,6.771436964497146,2.3562223344378586,3.966837488618557
2024-05-02 15:03:42,504.03,526.42,482.99705602746235,504.16930781543374,-0.15,34.26,493.58318192144804,987.1663638428961,21.17225178797139,0.04289500234318331,34.11,34.41,7.010981324179227,7.416897394855482,7.213939359517326,0.40591607067625546,0.056268287571955296,2.9330062252736298,8.06436753504829,5.4986868801609035,0.0,0.8699999999999974,0.8699999999999974,14.470336190299381,5.780697216900658,2.669885660881183,2.963386533155403
2024-05-02 15:03:43,518.52,552.75,491.87779202059676,516.3144808615752,-0.15,35.1,504.096136441086,1008.192272882172,24.43668884097849,0.048476246941754085,34.95,35.25,8.880735993134408,12.145173046141508,10.512954519637958,3.2644370530071,0.3105156344387843,1.8697546689551814,4.728275651286026,3.299015160120632,0.0,0.8400000000000034,0.8400000000000034,14.423351130693415,8.726556602070495,2.5842039374602397,3.7295577030436666
2024-05-02 15:03:44,515.88,561.96,497.8783440154476,527.7258606461814,-0.15,35.97,512.8021023308145,1025.604204661629,29.84751663073382,0.05820474689332319,35.82,36.12,6.000551994850866,11.411379784606197,8.705965889728475,5.410827789755331,0.6215079678443489,-2.8801839982835418,-0.7337932615353111,-1.8069886299094833,0.0,0.8699999999999974,0.8699999999999974,14.316082859149404,11.986760521267573,3.690337051058953,4.023532617723798
2024-05-02 15:03:45,511.93,564.6,501.39125801158576,536.9443954846361,-0.15,36.84,519.1678267481109,1038.3356534962218,35.5531374730503,0.06848101051881805,36.690000000000005,36.99,3.5129139961381384,9.218534838454616,6.365724417296406,5.705620842316478,0.8963033226054099,-2.487637998712728,-2.192844946151581,-2.3402414724320693,0.0,0.8700000000000045,0.8700000000000045,14.150117541509767,13.451137854003358,6.296375354377115,3.300777561337617
2024-05-02 15:03:46,509.3,552.75,503.3684435086893,540.895796613477,-0.15,37.68,522.1321200610832,1044.2642401221665,37.52735310478772,0.07187328952013942,37.53,37.83,1.9771854971035623,3.9514011288409847,2.9642933129723588,1.9742156317374224,0.6659985221770492,-1.535728499034576,-5.267133709613631,-3.401431104324047,0.0,0.8399999999999963,0.8399999999999963,13.912392916298703,11.64927067076958,6.9995195720438,2.8226661459648166
2024-05-02 15:03:47,518.52,533.0,507.156332631517,538.9218474601078,-0.15,38.55,523.0390900458124,1046.0781800916247,31.765514828590767,0.060732582654722575,38.4,38.699999999999996,3.7878891228276643,-1.9739491533692899,0.9069699847291304,5.761838276196954,6.3528363897084805,1.810703625724102,-5.925350282210275,-2.0573233282432284,0.0,0.8699999999999974,0.8699999999999974,13.620809281901124,7.886842815086173,5.1214488980868,3.966044215411286
2024-05-02 15:03:48,536.95,547.48,514.6047494736378,541.0613855950808,-0.15,39.4,527.8330675343593,1055.6661350687186,26.45663612144301,0.05012311220838339,39.25,39.55,7.448416842120764,2.1395381349730087,4.793977488546943,5.3088787071477554,1.1074056172406561,3.6605277192931,4.113487288342299,3.887007503817813,0.0,0.8500000000000014,0.8500000000000014,13.447975900290023,5.538335669176943,4.4251806892518095,3.0091427119673706
2024-05-02 15:03:49,548.8,575.12,523.1535621052283,549.5760391963106,-0.15,40.27,536.3648006507694,1072.7296013015389,26.422477091082328,0.049262138398645655,40.120000000000005,40.42,8.548812631590522,8.514653601229838,8.531733116410123,0.03415903036068357,0.0040037617083004675,1.1003957894697578,6.37511546625683,3.73775562786318,0.0,0.8700000000000045,0.8700000000000045,13.369012644111585,6.722484177488891,5.099853659004294,2.952313349832562
2024-05-02 15:03:50,561.96,598.8,532.8551715789213,561.8820293972329,-0.15,41.11,547.3686004880772,1094.7372009761543,29.02685781831167,0.05302981891800006,40.96,41.26,9.701609473692997,12.305990200922338,11.003799837307724,2.6043807272293407,0.23668010405998488,1.1527968421024752,3.7913365996924995,2.472066720897601,0.0,0.8399999999999963,0.8399999999999963,13.363490896596344,10.584813479749187,4.631191743147263,4.105155371050389
2024-05-02 15:03:51,550.12,601.43,537.1713786841909,571.7690220479246,-0.15,41.95,554.4702003660577,1108.9404007321154,34.59764336373371,0.06239766046668496,41.800000000000004,42.1,4.316207105269655,9.886992650691695,7.101599877980561,5.570785545422041,0.7844408100566432,-5.3854023684233425,-2.4189975502306424,-3.902199959327163,0.0,0.8400000000000034,0.8400000000000034,13.264837011990926,13.121895349757201,3.534023479913168,3.839314027525456
2024-05-02 15:03:52,550.12,592.23,540.4085340131431,576.8842665359434,-0.15,42.79,558.6464002745433,1117.2928005490867,36.475732522800286,0.06529305915079996,42.64,42.94,3.2371553289522126,5.115244488018789,4.176199908485614,1.878089159066576,0.4497123582465801,-1.079051776317442,-4.771748162672907,-2.925399969494947,0.0,0.8399999999999963,0.8399999999999963,13.101463113815203,12.755090677527319,4.679723230106749,2.7907686731180608
2024-05-02 15:03:53,551.43,579.07,543.1639005098573,577.4306999019576,-0.15,43.66,560.2973002059075,1120.594600411815,34.266799392100324,0.06115824459327064,43.51,43.809999999999995,2.755366496714146,0.5464333660141847,1.6508999313641652,2.208933130699961,1.3380167693495002,-0.4817888322380668,-4.568811122004604,-2.525299977121449,0.0,0.8699999999999974,0.8699999999999974,12.877437079486796,9.790345500824005,4.235031968871802,3.6635924078916835
2024-05-02 15:03:54,558.01,572.49,546.8754253823929,576.1955249264681,-0.15,44.5,561.5354751544305,1123.070950308861,29.32009954407522,0.052214153493681956,44.35,44.65,3.7115248725356196,-1.2351749754894854,1.2381749485230102,4.946699848025105,3.9951509750499534,0.9561583758214738,-1.78160834150367,-0.412724982841155,0.0,0.8400000000000034,0.8400000000000034,12.661453494768367,5.741917147440908,3.362319274270829,4.0774671719947575
2024-05-02 15:03:55,580.39,604.06,555.2540690367947,583.1616436948511,-0.15,45.35,569.2078563658229,1138.4157127316457,27.907574658056433,0.049028793782304694,45.2,45.5,8.378643654401799,6.966118768383012,7.672381211392349,1.4125248860187867,0.18410512499252146,4.667118781866179,8.201293743872498,6.434206262869338,0.0,0.8500000000000014,0.8500000000000014,12.59309388877719,5.389459393911356,3.692199669123499,2.9835686804267327
2024-05-02 15:03:56,593.54,629.05,564.825551777596,594.6337327711383,-0.15,46.19,579.7296422743672,1159.4592845487343,29.808180993542237,0.05141738280827395,46.04,46.339999999999996,9.571482740801343,11.472089076287148,10.521785908544302,1.9006063354858043,0.1806353190770668,1.1928390863995446,4.5059703079041356,2.8494046971519538,0.0,0.8399999999999963,0.8399999999999963,12.59186858563203,8.735753568332768,3.6372149552818582,3.989508883198512
2024-05-02 15:03:57,588.28,638.25,570.689163833197,605.5377995783538,-0.15,47.03,588.1134817057754,1176.2269634115507,34.8486357451568,0.05925495124652849,46.88,47.18,5.863612055600925,10.904066807215486,8.383839431408205,5.040454751614561,0.6012107211310478,-3.707870685200419,-0.5680222690716619,-2.137946477136097,0.0,0.8400000000000034,0.8400000000000034,12.545082533291229,11.972865059124084,3.123478592148947,4.196991361122843
2024-05-02 15:03:58,577.75,644.82,572.4543728748977,615.3583496837654,-0.15,47.87,593.9063612793316,1187.8127225586632,42.9039768088677,0.07224030509491107,47.72,48.019999999999996,1.7652090417007003,9.820550105411598,5.792879573556206,8.055341063710898,1.3905588008291674,-4.098403013900224,-1.0835167018038874,-2.590959857851999,0.0,0.8399999999999963,0.8399999999999963,12.445648550580115,13.27992888473413,6.147345633870102,3.5013893485032375
2024-05-02 15:03:59,586.96,634.3,576.0807796561733,620.0937622628239,-0.15,48.69,598.0872709594986,1196.1745419189972,44.01298260665067,0.07358956572082201,48.54,48.839999999999996,3.626406781275591,4.735412579058561,4.180909680167019,1.1090057977829701,0.2652546018368102,1.8611977395748909,-5.085137526353037,-1.6119698933891868,0.0,0.8200000000000003,0.8200000000000003,12.321533964523375,11.556279609636853,7.364960909721058,2.4337666261457445
2024-05-02 15:04:00,590.91,621.16,579.78808474213,620.3603216971179,-0.15,49.53,600.074203219624,1200.148406439248,40.57223695498794,0.06761203309472492,49.38,49.68,3.7073050859567047,0.2665594342939812,1.9869322601253998,3.4407456516627235,1.7316865748402492,0.08089830468111359,-4.46885314476458,-2.1939774200416196,0.0,0.8400000000000034,0.8400000000000034,12.152170738506546,8.239340935657847,5.9778188365551115,3.3703051794611554
2024-05-02 15:04:01,615.9,619.84,588.8160635565974,620.2302412728385,-0.15,50.37,604.523152414718,1209.046304829436,31.414177716241056,0.05196521843504999,50.22,50.519999999999996,9.027978814467474,-0.1300804242794129,4.448949195093974,9.158059238746887,2.058476457849725,5.320673728510769,-0.3966398585733941,2.462016934968574,0.0,0.8399999999999963,0.8399999999999963,12.037497817148948,6.24007303867863,5.415486764516667,2.3517888324631113
2024-05-02 15:04:02,627.73,644.82,598.5445476674481,626.3776809546289,-0.15,51.21,612.4611143110385,1224.922228622077,27.83313328718077,0.045444735333190434,51.06,51.36,9.728484110850673,6.147439681790388,7.93796189632053,3.5810444290602845,0.4511288948856387,0.7005052963831986,6.277520106069801,3.4890127012265566,0.0,0.8400000000000034,0.8400000000000034,11.99492954007264,7.073659558665459,7.270307909707211,2.192504539650692
2024-05-02 15:04:03,627.73,671.1,605.8409107505861,637.5582607159716,-0.15,52.03,621.6995857332788,1243.3991714665576,31.71734996538555,0.05101716430606686,51.88,52.18,7.296363083137976,11.180579761342756,9.238471422240309,3.88421667820478,0.42043927834368816,-2.4321210277126966,5.033140079552368,1.3005095259197788,0.0,0.8200000000000003,0.8200000000000003,11.983415068424513,9.73086221926986,6.841438036161362,2.961797709080504
2024-05-02 15:04:04,625.1,685.55,610.6556830629396,649.5561955369787,-0.15,52.87,630.1059392999591,1260.2118785999182,38.90051247403915,0.06173646364216267,52.72,53.019999999999996,4.8147723123535116,11.997934821007107,8.406353566680309,7.183162508653595,0.8544919740983807,-2.4815907707844644,0.8173550596643508,-0.83211785556,0.0,0.8399999999999963,0.8399999999999963,11.95193337154829,12.293630718827268,5.41059767139648,3.0712130283732697
2024-05-02 15:04:05,617.21,686.86,612.2942622972047,658.882146652734,-0.15,53.68,635.5882044749694,1271.1764089499388,46.587884355529354,0.07329884971782105,53.53,53.83,1.6385792342650802,9.325951115755288,5.482265175010298,7.687371881490208,1.402225217836266,-3.1761930780884313,-2.6719837052518187,-2.9240883916700113,0.0,0.8100000000000023,0.8100000000000023,11.873495098103387,12.654494833433386,7.484461857474232,2.038804608817939
2024-05-02 15:04:06,623.79,671.1,615.1681967229035,661.9366099895506,-0.15,54.52,638.552403356227,1277.104806712454,46.76841326664703,0.07324130791394921,54.370000000000005,54.67,2.873934425698849,3.054463336816525,2.96419888125763,0.18052891111767622,0.06090308290582707,1.2353551914337686,-6.271487778938763,-2.5180662937526677,0.0,0.8400000000000034,0.8400000000000034,11.744572220188612,10.653800497440011,8.567837533452087,2.5627668692141454
2024-05-02 15:04:07,632.99,652.7,619.6236475421777,659.6274574921629,-0.15,55.34,639.6255525171703,1279.2511050343405,40.003809949985225,0.06254254497809296,55.190000000000005,55.49,4.45545081927412,-2.309152497387686,1.0731491609432169,6.764603316661805,6.303501190100216,1.5815163935752707,-5.363615834204211,-1.8910497203144132,0.0,0.8200000000000003,0.8200000000000003,11.58951877020568,7.372847426414327,6.242154441350732,3.4795168297858634
2024-05-02 15:04:08,660.59,660.59,629.8652356566332,659.8680931191221,-0.15,56.15,644.8666643878777,1289.7333287757554,30.00285746248892,0.046525675884397974,56.0,56.3,10.241588114455567,0.24063562695926066,5.241111870707414,10.000952487496306,1.9081734612875143,5.786137295181447,2.5497881243469465,4.167962709764197,0.0,0.8099999999999952,0.8099999999999952,11.515475944150031,5.429398194771344,6.880020323266868,2.774287423377743
2024-05-02 15:04:09,661.9,697.37,637.873926742475,669.2435698393416,-0.15,56.97,653.5587482909083,1307.1174965818166,31.36964309686664,0.04799819929103813,56.82,57.12,8.008691085841747,9.375476720219467,8.692083903030607,1.3667856343777203,0.1572448554777891,-2.23289702861382,9.134841093260206,3.450972032323193,0.0,0.8200000000000003,0.8200000000000003,11.50226569497787,7.062168109384725,8.032566350756394,2.872633020584843
2024-05-02 15:04:10,651.39,714.44,641.2529450568562,680.5426773795062,-0.15,57.81,660.8978112181812,1321.7956224363625,39.289732322650025,0.05944902766553472,57.660000000000004,57.96,3.3790183143812555,11.299107540164641,7.339062927272948,7.920089225783386,1.0791688564465651,-4.629672771460491,1.9236308199451742,-1.3530209757576586,0.0,0.8400000000000034,0.8400000000000034,11.461980571560884,9.555242557339225,6.8768316345664395,3.1107196233002776
2024-05-02 15:04:11,647.45,719.69,642.8022087926422,690.3295080346297,-0.15,58.62,666.565858413636,1333.131716827272,47.52729924198752,0.07130173046035734,58.47,58.769999999999996,1.5492637357859849,9.786830655123481,5.668047195454733,8.237566919337496,1.4533339582297988,-1.8297545785952707,-1.5122768850411603,-1.6710157318182155,0.0,0.8099999999999952,0.8099999999999952,11.400134205806427,11.087088887972106,7.1363718632438005,2.88145345918981
2024-05-02 15:04:12,660.59,711.81,647.2491565944816,695.6996310259723,-0.15,59.44,671.474393810227,1342.948787620454,48.45047443149065,0.07215535663900302,59.29,59.589999999999996,4.446947801839428,5.370122991342555,4.908535396590992,0.9231751895031266,0.18807544956665237,2.8976840660534435,-4.416707663780926,-0.7595117988637412,0.0,0.8200000000000003,0.8200000000000003,11.325255228284226,10.543903377071087,8.670975149464581,1.5995437846845961
2024-05-02 15:04:13,671.1,699.99,653.2118674458612,696.7722232694791,-0.15,60.25,674.9920453576701,1349.9840907153402,43.5603558236179,0.06453462090208956,60.1,60.4,5.962710851379597,1.072592243506847,3.5176515474431653,4.8901186078727505,1.3901653281325848,1.515763049540169,-4.297530747835708,-1.3908838491478264,0.0,0.8100000000000023,0.8100000000000023,11.231148654351438,8.524992225226706,6.980984972239882,2.031059001573298
2024-05-02 15:04:14,692.12,689.49,662.9389005843959,694.9516674521094,-0.15,61.06,678.9452840182527,1357.8905680365053,32.01276686771348,0.047150731545109494,60.910000000000004,61.21,9.727033138534694,-1.8205558173697227,3.9532386605825423,11.547588955904416,2.9210444970095195,3.764322287155096,-2.8931480608765696,0.4355871131393769,0.0,0.8100000000000023,0.8100000000000023,11.146696320334204,7.072871630602996,6.736902344579147,1.5156724967459472
2024-05-02 15:04:15,698.68,718.38,671.8741754382969,700.8087505890821,-0.15,61.88,686.3414630136895,1372.682926027379,28.934575150785236,0.042157696522627866,61.730000000000004,62.03,8.935274853900978,5.857083136972733,7.396178995436799,3.078191716928245,0.4161866962171538,-0.7917582846337154,7.677638954342456,3.4429403348542564,0.0,0.8200000000000003,0.8200000000000003,11.11844244119953,7.509253365471595,9.040731016780374,1.5370448481232892
2024-05-02 15:04:16,684.24,743.31,674.9656315787227,711.4340629418116,-0.15,62.69,693.1998472602671,1386.3996945205342,36.46843136308894,0.052608827677349104,62.54,62.839999999999996,3.0914561404257483,10.625312352729452,6.858384246577657,7.533856212303704,1.0984883382080508,-5.84381871347523,4.768229215756719,-0.5377947488591417,0.0,0.8099999999999952,0.8099999999999952,11.084103552544988,8.780968186401742,8.069058291047227,1.7293578205573148
2024-05-02 15:04:17,681.61,752.5,676.626723684042,721.7005472063587,-0.15,63.48,699.1636354452003,1398.3272708904005,45.07382352231673,0.06446820339725945,63.33,63.629999999999995,1.6610921053193124,10.266484264547103,5.963788184933151,8.60539215922779,1.4429403676723442,-1.430364035106436,-0.35882808818234935,-0.8945960616445063,0.0,0.7899999999999991,0.7899999999999991,11.040006701487346,9.934579195298767,7.039363468841516,1.729943320874933
2024-05-02 15:04:18,690.8,752.5,680.1700427630315,729.400410404769,-0.15,64.29,704.7852265839002,1409.5704531678005,49.23036764173753,0.06985158842007222,64.14,64.44000000000001,3.543319078989498,7.6998631984102985,5.621591138699955,4.156544119420801,0.7393891297816635,1.8822269736701855,-2.566621066136804,-0.3421970462331956,0.0,0.8100000000000094,0.8100000000000094,10.988232235666791,10.21613534724395,8.60149800547112,1.3239449614154732
2024-05-02 15:04:19,710.5,726.25,687.7525320722737,728.6128078035767,-0.15,65.11,708.1826699379252,1416.3653398758504,40.86027573130309,0.05769736737159535,64.96,65.26,7.582489309242192,-0.7876026011922477,3.397443354024972,8.37009191043444,2.4636435621140764,4.039170230252694,-8.487465799602546,-2.224147784674983,0.0,0.8199999999999932,0.8199999999999932,10.901826647723194,8.796069932969193,7.850710878447836,1.5400997461478356
2024-05-02 15:04:20,730.19,711.81,698.3618990542053,724.4121058526825,-0.15,65.89,711.387002453444,1422.774004906888,26.050206798477234,0.03661889614515858,65.74,66.04,10.609366981931657,-4.200701950894199,3.204332515518786,14.810068932825857,4.621887472418141,3.0268776726894657,-3.4130993497019517,-0.19311083850618616,0.0,0.7800000000000011,0.7800000000000011,10.821219830122061,7.255326171083188,8.911769650834428,1.6248884551964076
2024-05-02 15:04:21,714.44,755.12,702.381424290654,732.0890793895119,-0.15,66.71,717.2352518400829,1434.4705036801658,29.707655098857913,0.04141968061556175,66.55999999999999,66.86,4.019525236448658,7.676973536829337,5.8482493866389405,3.657448300380679,0.6253918793792717,-6.589841745483,11.877675487723536,2.6439168711201546,0.0,0.8199999999999932,0.8199999999999932,10.775769847721053,6.802527074422433,9.94650337167339,1.3821460563661654
2024-05-02 15:04:22,706.56,776.11,703.4260682179905,743.0943095421339,-0.15,67.52,723.2601888800623,1446.5203777601246,39.66824132414342,0.054846432693498,67.36999999999999,67.67,1.0446439273365513,11.005230152622062,6.024937039979363,9.96058622528551,1.6532263334810373,-2.9748813091121065,3.328256615792725,0.1766876533404229,0.0,0.8100000000000023,0.8100000000000023,10.73564165273001,7.356889401314172,9.282052481029634,1.395149174885542
2024-05-02 15:04:23,709.19,782.67,704.8670511634929,752.9882321566005,-0.15,68.33,728.9276416600467,1457.8552833200933,48.1211809931076,0.06601640296902568,68.17999999999999,68.48,1.4409829455023555,9.893922614466533,5.667452779984387,8.452939668964177,1.491488064502127,0.3963390181658042,-1.111307538155529,-0.35748425999497613,0.0,0.8100000000000023,0.8100000000000023,10.691223686841054,8.47904146353478,8.926197054692404,1.4018768945079982
2024-05-02 15:04:24,740.69,774.8,713.8227883726197,758.4411741174504,-0.15,69.12,736.131981245035,1472.26396249007,44.618385744830675,0.060611937561461125,68.97,69.27000000000001,8.955737209126823,5.452941960849898,7.204339584988361,3.502795248276925,0.4862062262264054,7.514754263624468,-4.440980653616634,1.5368868050039737,0.0,0.7900000000000063,0.7900000000000063,10.673219814003412,9.682371540026985,9.485672773415985,1.4628194911612025
2024-05-02 15:04:25,756.43,762.99,724.4745912794648,759.5783805880878,-0.15,69.93,742.0264859337763,1484.0529718675525,35.10378930862305,0.04730800035680662,69.78,70.08000000000001,10.651802906845091,1.1372064706374658,5.894504688741222,9.514596436207626,1.6141466203656303,1.696065697718268,-4.3157354902124325,-1.3098348962471391,0.0,0.8100000000000023,0.8100000000000023,10.633798728861816,9.881568439853021,7.344247115305416,0.6152261841189955
2024-05-02 15:04:26,747.25,760.37,730.1684434595986,759.7762854410659,-0.15,70.75,744.9723644503322,1489.9447289006644,29.60784198146723,0.039743543995178175,70.6,70.9,5.693852180133831,0.19790485297801297,2.945878516555922,5.495947327155818,1.865638868211835,-4.95795072671126,-0.9393016176594529,-2.9486261721852998,0.0,0.8199999999999932,0.8199999999999932,10.55201634416878,9.010789791583592,7.377388306799715,1.5713289577668537
2024-05-02 15:04:27,736.75,789.22,731.813832594699,767.1372140807994,-0.15,71.56,749.4755233377491,1498.9510466754982,35.3233814861004,0.0471308005919377,71.41,71.71000000000001,1.645389135100345,7.360928639733515,4.50315888741693,5.7155395046331705,1.2692286411157558,-4.048463045033486,7.163023786755502,1.5572803708610081,0.0,0.8100000000000023,0.8100000000000023,10.495385980147923,7.9953839050772775,7.594114752760802,1.6027791058600922
2024-05-02 15:04:28,744.62,808.89,735.0153744460242,777.5754105605995,-0.15,72.38,756.2953925033119,1512.5907850066237,42.56003611457527,0.05627435586699616,72.22999999999999,72.53,3.20154185132526,10.438196479800126,6.81986916556275,7.2366546284748665,1.0611132547679116,1.556152716224915,3.077267840066611,2.3167102781458198,0.0,0.8199999999999932,0.8199999999999932,10.470654603802538,7.616688593984491,6.1037818025673936,1.75472168538457
2024-05-02 15:04:29,764.3,815.44,742.3365308345183,787.0415579204497,-0.15,73.16,764.6890443774839,1529.3780887549678,44.70502708593142,0.05846170722095681,73.00999999999999,73.31,7.321156388494046,9.466147359850197,8.393651874172065,2.144990971356151,0.25554916357769075,4.119614537168786,-0.9720491199499293,1.5737827086093148,0.0,0.7800000000000011,0.7800000000000011,10.473757483957357,9.129654181943659,6.129315599820355,2.095510796635963
2024-05-02 15:04:30,780.04,787.91,751.7623981258887,787.2586684403373,-0.15,73.97,769.510533283113,1539.021066566226,35.496270314448566,0.04612837476944666,73.82,74.12,9.425867291370423,0.21711051988756935,4.821488905629053,9.208756771482854,1.909940070751097,2.104710902876377,-9.249036839962628,-3.5721629685430116,0.0,0.8100000000000023,0.8100000000000023,10.424146882402685,10.215336890007391,6.094007797599429,2.1267834249636874
2024-05-02 15:04:31,762.99,776.11,754.5692985944165,784.471501330253,-0.15,74.76,769.5203999623347,1539.0407999246695,29.902202735836454,0.03885823260623347,74.61,74.91000000000001,2.8069004685278287,-2.787167110084283,0.009866679221772756,5.594067578612112,566.9081303604762,-6.618966822842594,-3.0042776299718525,-4.81162222640728,0.0,0.7900000000000063,0.7900000000000063,10.313904163629951,8.796998208428713,5.998918383518278,3.1610160670369476
2024-05-02 15:04:32,757.74,814.13,755.3619739458125,791.8861259976898,-0.15,75.57,773.6240499717511,1547.2480999435022,36.52415205187731,0.04721175874250449,75.41999999999999,75.72,0.7926753513959284,7.414624667436783,4.103650009416356,6.621949316040855,1.6136726297743007,-2.0142251171319003,10.201791777521066,4.093783330194583,0.0,0.8099999999999881,0.8099999999999881,10.257544944500216,6.6349855572187115,5.908478178989194,3.178857322994019
2024-05-02 15:04:33,765.62,833.79,757.9264804593593,802.3620944982673,-0.15,76.36,780.1442874788133,1560.2885749576267,44.43561403890806,0.05695819952172195,76.21,76.51,2.564506513546803,10.475968500577551,6.520237507062234,7.911461987030748,1.2133700290965805,1.7718311621508747,3.061343833140768,2.416587497645878,0.0,0.7900000000000063,0.7900000000000063,10.236770466369807,5.777135484185198,6.327904852768278,3.134474702443744
2024-05-02 15:04:34,790.53,840.34,766.0773603445193,811.8565708737005,-0.15,77.17,788.9669656091099,1577.9339312182199,45.77921052918123,0.058024242416555225,77.02,77.32000000000001,8.150879885160066,9.494476375433237,8.822678130296595,1.3435964902731712,0.15228894425723077,5.586373371613263,-0.9814921251443138,2.302440623234361,0.0,0.8100000000000023,0.8100000000000023,10.24366340386194,8.283069043729713,6.615145809661495,3.2617652694420447
2024-05-02 15:04:35,791.84,823.3,772.5180202583895,814.7174281552755,-0.15,77.96,793.6177242068325,1587.235448413665,42.19940789688599,0.05317346948858531,77.80999999999999,78.11,6.4406599138701495,2.8608572815749085,4.650758597722529,3.579802632295241,0.7697242906402355,-1.7102199712899164,-6.633619093858329,-4.171919532574066,0.0,0.789999999999992,0.789999999999992,10.199430844459604,10.117374040667356,6.551517425423963,3.2631048090053008
2024-05-02 15:04:36,777.42,806.27,773.7435151937921,812.6055711164566,-0.15,78.75,793.1745431551244,1586.3490863102488,38.86205592266458,0.04899559146096873,78.6,78.9,1.225494935402594,-2.111857038818812,-0.4431810517080521,3.3373519742214057,7.530431255866606,-5.215164978467556,-4.97271432039372,-5.093939649430581,0.0,0.7900000000000063,0.7900000000000063,10.09127904661381,8.742361620201773,3.844424625713321,3.432031354787621
2024-05-02 15:04:37,780.04,839.03,775.317636395344,819.2116783373424,-0.15,79.56,797.2646573663433,1594.5293147326865,43.89404194199835,0.055055797947874206,79.41,79.71000000000001,1.574121201551975,6.606107220885747,4.090114211218861,5.031986019333772,1.2302797744013259,0.3486262661493811,8.717964259704559,4.533295262926913,0.0,0.8100000000000023,0.8100000000000023,10.039852000081744,6.560023981461235,2.661861953913113,3.4326550286171846
2024-05-02 15:04:38,807.58,861.3,783.383227296508,829.7337587530069,-0.15,80.35,806.5584930247575,1613.116986049515,46.35053145649886,0.0574670427500031,80.19999999999999,80.5,8.065590901164,10.522080415664504,9.293835658414196,2.456489514500504,0.2643138248267486,6.491469699612026,3.9159731947787577,5.203721447195335,0.0,0.789999999999992,0.789999999999992,10.056838939749609,6.636419771945071,3.026683848282359,3.9758011441546444
2024-05-02 15:04:39,828.55,863.92,794.674920472381,838.2803190647552,-0.15,81.13,816.477619768568,1632.955239537136,43.60539859237417,0.05340672846774106,80.97999999999999,81.28,11.291693175872979,8.546560311748294,9.91912674381058,2.7451328641246846,0.2767514377297556,3.2261022747089783,-1.9755201039162102,0.625291085396384,0.0,0.7800000000000011,0.7800000000000011,10.082459986244853,9.99082019283287,2.745625596757487,4.241233234238159
2024-05-02 15:04:40,797.09,815.44,795.2786903542858,832.5702392985664,-0.15,81.58,813.9244648264262,1627.8489296528523,37.291548944280635,0.045816965222216656,81.42999999999999,81.73,0.6037698819047819,-5.7100797661887555,-2.553154942141873,6.313849648093537,2.4729588756716416,-10.687923293968197,-14.25664007793705,-12.472281685952453,0.0,0.45000000000000284,0.45000000000000284,9.995388122694807,10.153027833156907,3.7784925992464404,5.606597844305607
2024-05-02 15:04:41,802.33,818.06,797.0415177657144,828.9426794739248,-0.15,81.58,812.9920986198197,1625.9841972396393,31.901161708210452,0.0392392025988056,81.42999999999999,81.73,1.7628274114285887,-3.627559824641594,-0.9323662066065026,5.3903872360701826,5.7813994291898645,1.1590575295238068,2.0825199415471616,1.6207887355353705,0.0,0.0,0.0,9.983938212401837,7.726543729192058,5.906924256752814,5.70820236258217
2024-05-02 15:04:42,818.06,815.44,802.2961383242858,825.5670096054437,-0.15,81.58,813.9315739648648,1627.8631479297296,23.270871281157838,0.02859069729806511,81.42999999999999,81.73,5.254620558571446,-3.375669868481168,0.939475345045139,8.630290427052614,9.186277517863374,3.4917931471428574,0.25188995616042575,1.8718415516516416,0.0,0.0,0.0,9.995475426370987,3.710134753122978,9.27771622616137,5.862545429477026
2024-05-02 15:04:43,840.34,814.13,811.8071037432144,822.7077572040828,-0.15,81.58,817.2574304736486,1634.5148609472972,10.900653460868398,0.013338090350812399,81.42999999999999,81.73,9.51096541892855,-2.859252401360891,3.3258565087837724,12.37021782028944,3.719407036416628,4.256344860357103,0.5164174671202773,2.3863811637386334,0.0,0.0,0.0,10.036318561185437,1.8421851204931474,12.748701508456529,4.868969736902605
2024-05-02 15:04:44,819.37,815.44,813.6978278074107,820.8908179030622,-0.15,81.58,817.2943228552365,1634.588645710473,7.192990095651453,0.008800978895487244,81.42999999999999,81.73,1.8907240641963199,-1.816939301020625,0.03689238158790431,3.707663365216945,100.49670715011176,-7.620241354732229,1.042313100340266,-3.288964127195868,0.0,0.0,0.0,10.036771617566805,2.040704856290111,12.99865879576201,2.190878967688357
2024-05-02 15:04:45,811.51,812.82,813.150870855558,818.8731134272966,-0.15,81.58,816.0119921414273,1632.0239842828546,5.722242571738661,0.007012449105937233,81.42999999999999,81.73,-0.5469569518527351,-2.0177044757655267,-1.2823307138091877,1.4707475239127916,1.1469321924074636,-2.437681016049055,-0.20076517474490174,-1.319223095397092,0.0,0.0,0.0,10.021023972987884,1.9570251806877408,11.343574256500437,1.8430559699457925
2024-05-02 15:04:46,814.13,854.75,813.3956531416685,827.8423350704725,-0.15,81.72,820.6189941060704,1641.2379882121409,14.446681928803969,0.017604615558450044,81.57,81.87,0.2447822861105351,8.969221643175842,4.607001964643132,8.724439357065307,1.8937342615192174,0.7917392379632702,10.98692611894137,5.88933267845232,0.0,0.14000000000000057,0.14000000000000057,10.06030383775612,2.430987406222219,7.00490274768427,2.407292498791531
2024-05-02 15:04:47,844.27,882.25,821.1142398562514,841.4442513028544,-0.15,82.51,831.2792455795529,1662.5584911591059,20.330011446602953,0.024456296160711842,82.36,82.66000000000001,7.718586714582898,13.601916232381882,10.660251473482504,5.883329517798984,0.5518940130577424,7.473804428472363,4.632694589206039,6.053249508839372,0.0,0.7900000000000063,0.7900000000000063,10.093239867488018,6.267751659583776,5.88866118129295,4.673974248814314
2024-05-02 15:04:48,815.44,887.48,819.6956798921885,852.9531884771408,-0.15,83.29,836.3244341846646,1672.6488683693292,33.257508584952234,0.03976627632266754,83.14,83.44000000000001,-1.4185599640628652,11.508937174286416,5.045188605111662,12.927497138349281,2.5623411903591213,-9.137146678645763,-2.092979058095466,-5.615062868370842,0.0,0.7800000000000011,0.7800000000000011,10.059230504275128,9.0085668832838,11.202665248778036,4.723742257084896
2024-05-02 15:04:49,812.82,854.75,817.9767599191415,853.4023913578555,-0.15,84.11,835.6895756384986,1671.3791512769972,35.42563143871405,0.042390897803477594,83.96,84.26,-1.7189199730470364,0.449202880714779,-0.634858546166015,2.1681228537618153,3.4151220799235706,-0.30036000898417115,-11.059734293571637,-5.680047151277677,0.0,0.8199999999999932,0.8199999999999932,9.953425031980391,9.183812690334644,12.566345348503338,4.865431868869817
2024-05-02 15:04:50,827.24,859.99,820.2925699393561,855.0492935183916,-0.15,84.86,837.6709317288738,1675.3418634577476,34.75672357903545,0.041492096981100623,84.71,85.01,2.315810020214599,1.6469021605360012,1.9813560903752432,0.6689078596785976,0.3376008610098219,4.034729993261635,1.1976992798212223,2.616214636541258,0.0,0.75,0.75,9.88868990485402,6.964528979226288,9.62184667376464,4.207916383473997
2024-05-02 15:04:51,825.92,896.65,821.699427454517,865.4494701387937,-0.15,85.68,843.5744487966554,1687.1488975933107,43.75004268427665,0.051862692966604965,85.53,85.83000000000001,1.4068575151609366,10.400176620402135,5.903517067781536,8.993319105241198,1.5233830068755543,-0.9089525050536622,8.753274459866134,3.9221609774062927,0.0,0.8200000000000074,0.8200000000000074,9.862907037691434,4.430902484854154,8.424044558006571,4.268625089792669
2024-05-02 15:04:52,837.72,912.35,825.7045705908879,877.1746026040952,-0.15,86.46,851.4395865974916,1702.8791731949832,51.47003201320729,0.06045059774404002,86.30999999999999,86.61,4.005143136370862,11.725132465301499,7.865137800836237,7.719989328930637,0.9815452116509161,2.598285621209925,1.324955844899364,1.9616207330547013,0.0,0.7799999999999869,0.7799999999999869,9.864900668898054,6.647158229360871,7.732129190739659,3.361799436145417
2024-05-02 15:04:53,867.84,907.12,836.238427943166,884.6609519530714,-0.15,87.22,860.4496899481187,1720.8993798962374,48.42252400990537,0.05627583404271922,87.07,87.37,10.533857352278119,7.486349348976205,9.010103350627105,3.047508003301914,0.33823226510021576,6.528714215907257,-4.238783116325294,1.144965549790868,0.0,0.7600000000000051,0.7600000000000051,9.882274951944916,10.242896119070302,7.529181420911727,4.0563867229593855
2024-05-02 15:04:54,845.58,883.56,838.5738209573744,884.3857139648036,-0.15,88.01,861.4797674610891,1722.9595349221781,45.81189300742915,0.053178141477733795,87.86,88.16000000000001,2.335393014208421,-0.2752379882678042,1.0300775129703652,2.610631002476225,2.534400018643367,-8.198464338069698,-7.761587337244009,-7.98002583765674,0.0,0.7900000000000063,0.7900000000000063,9.805141789846886,10.393369767465861,6.336340110243233,3.530364767807442
2024-05-02 15:04:55,840.34,899.26,839.0153657180308,888.1042854736027,-0.15,88.79,863.5598255958167,1727.1196511916335,49.08891975557185,0.05684483951631018,88.64,88.94000000000001,0.44154476065637027,3.718571508799073,2.0800581347276648,3.2770267481427027,1.5754488386560956,-1.8938482535520507,3.993809497066877,1.0499806217572996,0.0,0.7800000000000011,0.7800000000000011,9.742326442390459,8.398207879191679,2.992950647488058,3.5083687513045096
2024-05-02 15:04:56,852.13,926.74,842.2940242885231,897.763214105202,-0.15,89.58,870.0286191968626,1740.0572383937251,55.46918981667886,0.063755592090899,89.42999999999999,89.73,3.2786585704923255,9.658928631599338,6.468793601045832,6.380270061107012,0.9863151413209955,2.837113809835955,5.940357122800265,4.388735466318167,0.0,0.789999999999992,0.789999999999992,9.728599010044322,6.693968210273215,3.6372373396258375,3.546502533552968
2024-05-02 15:04:57,886.17,933.29,853.2630182163923,906.6449105789015,-0.15,90.34,879.9539643976469,1759.9079287952939,53.381892362509234,0.060664414800819966,90.19,90.49000000000001,10.968993927869178,8.881696473699549,9.925345200784363,2.0872974541696294,0.21029971266943598,7.690335357376853,-0.777232157899789,3.456551599738532,0.0,0.7600000000000051,0.7600000000000051,9.756668750870144,8.095485242235265,3.9135134961742617,4.009784397483927
2024-05-02 15:04:58,882.25,914.97,860.5097636622943,908.7261829341762,-0.15,91.12,884.6179732982353,1769.2359465964705,48.21641927188193,0.05450535787511199,90.97,91.27000000000001,7.246745445901979,2.0812723552746775,4.664008900588328,5.165473090627302,1.1075176083943814,-3.722248481967199,-6.800424118424871,-5.261336300196035,0.0,0.7800000000000011,0.7800000000000011,9.724282330152281,10.10261204218819,3.940997609746936,3.5593982827404114
2024-05-02 15:04:59,862.61,899.26,861.0348227467208,906.3596372006323,-0.15,91.88,883.6972299736765,1767.394459947353,45.32481445391147,0.05128998130272698,91.72999999999999,92.03,0.5250590844265162,-2.366545733543944,-0.9207433245587708,2.8916048179704603,3.140507892194876,-6.721686361475463,-4.447818088818622,-5.584752225147099,0.0,0.7599999999999909,0.7599999999999909,9.633677317562404,9.204290176136153,4.085921215035303,4.140109571205594
2024-05-02 15:05:00,871.77,933.29,863.7186170600406,913.0922279004742,-0.15,92.67,888.4054224802574,1776.8108449605147,49.37361084043357,0.055575539652849476,92.52,92.82000000000001,2.6837943133198223,6.732590699841921,4.708192506580872,4.048796386522099,0.8599468948892816,2.158735228893306,9.099136433385866,5.628935831139643,0.0,0.7900000000000063,0.7900000000000063,9.602306667509195,7.001611693437587,4.066829761365784,3.9263486559509233
2024-05-02 15:05:01,903.19,959.44,873.5864627950305,924.6791709253556,-0.15,93.45,899.1328168601931,1798.2656337203862,51.09270813032515,0.05682442806605419,93.3,93.60000000000001,9.867845734989828,11.586943024881407,10.727394379935731,1.7190972898915788,0.16025299982015562,7.184051421670006,4.8543523250394855,6.019201873354859,0.0,0.7800000000000011,0.7800000000000011,9.637007580098452,7.336195111572715,3.028988736898809,4.715570675583127
2024-05-02 15:05:02,897.96,959.44,879.6798470962729,933.3693781940167,-0.15,94.21,906.5246126451448,1813.0492252902895,53.68953109774384,0.05922567384227736,94.05999999999999,94.36,6.093384301242395,8.690207268661084,7.391795784951682,2.5968229674186887,0.35131146634135496,-3.774461433747433,-2.8967357562203233,-3.3355985949840488,0.0,0.7599999999999909,0.7599999999999909,9.63772701475035,9.963203743938701,3.1295706435744868,4.280291737258252
2024-05-02 15:05:03,878.32,913.66,879.3398853222046,928.4420336455125,-0.15,94.66,903.8909594838585,1807.781918967717,49.102148323307915,0.054323088148844,94.50999999999999,94.81,-0.3399617740682288,-4.927344548504152,-2.6336531612862473,4.587382774435923,1.7418318782582662,-6.433346075310624,-13.617551817165236,-10.02544894623793,0.0,0.45000000000000284,0.45000000000000284,9.563971536555783,9.8911554537535,3.060262562108284,5.5985937906218455
2024-05-02 15:05:04,894.03,907.12,883.0124139916534,923.1115252341344,-0.15,94.66,903.0619696128939,1806.1239392257878,40.09911124248106,0.044403498926287886,94.50999999999999,94.81,3.6725286694487522,-5.330508411378105,-0.8289898709646195,9.003037080826857,10.860236700014394,4.012490443516981,-0.4031638628739529,1.8046632903216278,0.0,0.0,0.0,9.55520008525758,7.10749016888643,5.128526871784471,5.579145022073493
2024-05-02 15:05:05,921.51,909.73,892.6368104937401,919.7661439256009,-0.15,94.66,906.2014772096704,1812.4029544193409,27.1293334318608,0.029937419088587946,94.50999999999999,94.81,9.62439650208671,-3.345381308533547,3.139507596776525,12.969777810620258,4.131149003362154,5.951867832637959,1.985127102844558,3.9684974677411446,0.0,0.0,0.0,9.58841887230189,2.979894572117594,10.837597559751295,5.56452117106642
2024-05-02 15:05:06,916.28,908.43,898.547607870305,916.9321079442007,-0.15,94.66,907.7398579072528,1815.4797158145057,18.38450007389565,0.02025304925579352,94.50999999999999,94.81,5.910797376564915,-2.834035981400234,1.5383806975823973,8.744833357965149,5.6844366854518995,-3.713599125521796,0.5113453271333128,-1.6011268991941279,0.0,0.0,0.0,9.604696310470391,1.942327994453114,14.80080686691208,3.8622820362546624
2024-05-02 15:05:07,896.65,909.73,898.0732059027288,915.1315809581505,-0.15,94.66,906.6023934304396,1813.2047868608793,17.05837505542172,0.01881571807025549,94.50999999999999,94.81,-0.47440196757622743,-1.8005269860501585,-1.137464476813193,1.326125018473931,1.165859575966473,-6.385199344141142,1.0335089953500756,-2.67584517439559,0.0,0.0,0.0,9.59266092305342,1.953030101762985,13.936474642992417,2.2988634021471537
2024-05-02 15:05:08,904.5,903.19,899.6799044270466,912.1461857186129,-0.15,94.66,905.9130450728297,1811.8260901456595,12.466281291566247,0.013761013096795645,94.50999999999999,94.81,1.606698524317835,-2.985395239537638,-0.6893483576099015,4.592093763855473,6.661489871807656,2.0811004918940625,-1.1848682534874797,0.4481161192032914,0.0,0.0,0.0,9.585367003359039,1.733770353104532,10.92007542831384,1.8615590170204093
2024-05-02 15:05:09,938.52,904.5,909.389928320285,910.2346392889597,-0.15,94.66,909.8122838046223,1819.6245676092447,0.8447109686746899,0.0009284453318368715,94.50999999999999,94.81,9.710023893238372,-1.9115464296531854,3.899238731792593,11.621570322891557,2.9804708410551575,8.103325368920537,1.0738488098844527,4.588587089402495,0.0,0.0,0.0,9.6266244225796,1.589923678723557,9.610520373994733,2.2406954313987275
2024-05-02 15:05:10,904.5,908.43,908.1674462402137,909.7834794667198,-0.15,94.66,908.9754628534668,1817.9509257069335,1.6160332265060333,0.0017778623194680085,94.50999999999999,94.81,-1.222482080071245,-0.4511598222399016,-0.8368209511555733,0.7713222578313434,0.9217280411516681,-10.932505973309617,1.4603866074132839,-4.7360596829481665,0.0,0.0,0.0,9.617770111477059,1.6147063164847673,8.370870536185095,2.1506379568776994
2024-05-02 15:05:11,900.57,907.12,906.2680846801603,909.1176096000398,-0.15,94.66,907.6928471401001,1815.3856942802001,2.8495249198795136,0.003139305245952204,94.50999999999999,94.81,-1.8993615600534213,-0.665869866679941,-1.2826157133666811,1.2334916933734803,0.9616993763754608,-0.6768794799821762,-0.21471004444003938,-0.4457947622111078,0.0,0.0,0.0,9.604198894676767,1.6153434627558825,7.3339418913259165,2.1976134584865763
2024-05-02 15:05:12,905.81,963.37,906.1535635101202,922.6807072000298,-0.15,95.03,914.4171353550751,1828.8342707101501,16.52714368990962,0.01807396540684689,94.88,95.18,-0.11452117004012052,13.563097599989987,6.72428821497499,13.677618770030108,2.0340616432098213,1.7848403900133007,14.228967466669928,8.006903928341671,0.0,0.37000000000000455,0.37000000000000455,9.637617260934421,3.1854325125848995,7.152811585880263,3.571647027158467
2024-05-02 15:05:13,904.5,937.21,905.7401726325902,926.3130304000224,-0.15,95.78,916.0266015163063,1832.0532030326126,20.572857767432197,0.02245879946163024,95.63,95.93,-0.4133908775299915,3.632323199992584,1.6094661612312393,4.045714077522575,2.5136978094213567,-0.29886970748987096,-9.930774399997404,-5.114822053743751,0.0,0.75,0.75,9.57886219740086,3.6280024666350386,9.328821436009848,3.3503381767779152
2024-05-02 15:05:14,943.75,946.37,915.2426294744427,931.3272728000168,-0.15,96.57,923.2849511372297,1846.5699022744593,16.08464332557412,0.017421104165448835,96.41999999999999,96.72,9.50245684185245,5.014242399994373,7.2583496209233545,4.4882144418580765,0.6183518372507497,9.915847719382441,1.3819192000017892,5.648883459692115,0.0,0.789999999999992,0.789999999999992,9.575657970976684,6.234702528676903,8.676503937028821,4.078384848907876
2024-05-02 15:05:15,946.37,986.9,923.0244721058319,945.2204546000127,-0.15,97.33,934.1224633529223,1868.2449267058446,22.195982494180726,0.023761319678310217,97.17999999999999,97.48,7.7818426313892815,13.893181799995887,10.837512215692641,6.111339168606605,0.5639060407102832,-1.720614210463168,8.878939400001514,3.5791625947692864,0.0,0.7600000000000051,0.7600000000000051,9.612291147773526,10.058404072337234,7.614046144715529,4.824741438960667
2024-05-02 15:05:16,917.59,946.37,921.665854079374,945.5078409500095,-0.15,97.72,933.5868475146917,1867.1736950293835,23.841986870635537,0.025538049200850906,97.57,97.87,-1.3586180264579752,0.28738634999683654,-0.5356158382305694,1.6460043764548118,3.073100505750435,-9.140460657847257,-13.60579544999905,-11.37312805392321,0.0,0.39000000000000057,0.39000000000000057,9.56838001379842,9.352486494343145,3.434430496328148,4.586087025268335
2024-05-02 15:05:17,926.74,941.13,922.9343905595304,944.4133807125072,-0.15,97.72,933.6738856360188,1867.3477712720376,21.47899015297685,0.023004809773961438,97.57,97.87,1.2685364801563992,-1.0944602375022896,0.0870381213270548,2.362996717658689,27.148673856432726,2.6271545066143744,-1.3818465874991261,0.6226539595576241,0.0,0.0,0.0,9.569272072017492,8.160695782549608,2.9130556866004684,4.971309315793884
2024-05-02 15:05:18,958.14,977.75,931.7357929196477,952.7475355343804,-0.15,98.08,942.2416642270141,1884.4833284540282,21.011742614732725,0.022299738368787132,97.92999999999999,98.23,8.801402360117322,8.334154821873199,8.567778590995317,0.46724753824412346,0.054535429311836844,7.532865879960923,9.428615059375488,8.480740469668262,0.0,0.35999999999999943,0.35999999999999943,9.62158332079476,6.72903209333212,2.9097965497938603,5.157293321225345
2024-05-02 15:05:19,955.52,943.75,937.6818446897357,950.4981516507853,-0.15,98.11,944.0899981702605,1888.179996340521,12.816306961049577,0.013575302113478101,97.96,98.26,5.946051770088047,-2.249383883595101,1.8483339432464163,8.195435653683148,4.433955914553388,-2.855350590029275,-10.5835387054683,-6.719444647748901,0.0,0.030000000000001137,0.030000000000001137,9.637504987063656,5.178365812668551,4.302263154592493,5.196135653703724
2024-05-02 15:05:20,931.98,942.44,936.2563835173017,948.483613738089,-0.15,98.11,942.3699986276954,1884.7399972553908,12.227230220787305,0.012974978220463246,97.96,98.26,-1.4254611724339838,-2.0145379126962553,-1.7199995425651196,0.5890767402622714,0.34248636886111267,-7.371512942522031,0.23484597089884574,-3.568333485811536,0.0,0.0,0.0,9.619946804897394,5.129761997968421,5.364687887878915,4.076507669424315
2024-05-02 15:05:21,943.75,950.29,938.1297876379763,948.9352103035668,-0.15,98.39,943.5324989707715,1887.064997941543,10.805422665590527,0.011452093770935558,98.24,98.54,1.873404120674536,0.4515965654777574,1.1625003430760898,1.4218075551967786,1.2230588494930594,3.29886529310852,2.4661344781740127,2.8824998856412094,0.0,0.28000000000000114,0.28000000000000114,9.604361658860036,4.2687032083238,5.146331214240404,3.9165467213334337
2024-05-02 15:05:22,969.9,947.67,946.0723407284822,948.6189077276752,-0.15,98.39,947.3456242280787,1894.6912484561574,2.546566999192919,0.0026881076255351037,98.24,98.54,7.942553090505953,-0.31630257589165467,3.813125257307206,8.258855666397608,2.1659014438797874,6.069148969831417,-0.7678991413694121,2.6506249142311162,0.0,0.0,0.0,9.64317604422743,2.069612962857133,6.569886608466492,3.8173816558650806
2024-05-02 15:05:23,960.75,954.21,949.7417555463617,950.0166807957564,-0.15,98.65,949.879218171059,1899.758436342118,0.27492524939475516,0.00028943179706013256,98.5,98.80000000000001,3.669414817879442,1.3977730680812783,2.5335939429803602,2.271641749798164,0.8966081007116112,-4.273138272626511,1.714075643972933,-1.2795313143268459,0.0,0.2600000000000051,0.2600000000000051,9.64344374139711,3.091277045587341,5.8736670038003345,2.062687584561384
2024-05-02 15:05:24,947.67,950.29,949.2238166597713,950.0850105968173,-0.15,98.65,949.6544136282943,1899.3088272565885,0.8611939370459822,0.0009068498221882783,98.5,98.80000000000001,-0.5179388865904002,0.06832980106082687,-0.22480454276478667,0.5862686876512271,2.6078924942906685,-4.187353704469842,-1.3294432670204515,-2.758398485745147,0.0,0.0,0.0,9.641161461798303,3.4616332053930723,5.718887389147878,2.1867110677009824
2024-05-02 15:05:25,955.52,959.44,950.7978624948285,952.4237579476129,-0.15,98.87,951.6108102212206,1903.2216204424412,1.625895452784448,0.0017085718590123045,98.72,99.02000000000001,1.574045835057177,2.338747350795643,1.9563965929263532,0.7647015157384658,0.39087224320013375,2.0919847216475773,2.270417549734816,2.18120113569114,0.0,0.21999999999999886,0.21999999999999886,9.639493522910525,3.117495586457168,4.323502932659353,1.5091333997801897
2024-05-02 15:05:26,986.9,948.98,959.8233968711214,951.5628184607097,-0.15,98.87,955.6931076659155,1911.386215331831,8.260578410411767,0.008643547113092601,98.72,99.02000000000001,9.025534376292967,-0.8609394869032485,4.082297444694859,9.886473863196215,2.4217910564682397,7.45148854123579,-3.1996868376988914,2.125900851768506,0.0,0.0,0.0,9.68084580616967,3.109908543459023,3.215529240386765,1.7267106638607916
2024-05-02 15:05:27,960.75,993.43,960.055047653341,962.0296138455323,-0.15,98.95,961.0423307494366,1922.0846614988732,1.9745661921912188,0.0020546089667005728,98.8,99.10000000000001,0.2316507822196172,10.466795384822603,5.34922308352111,10.235144602602986,1.913388641566448,-8.79388359407335,11.327734871725852,1.266925638826251,0.0,0.0799999999999983,0.0799999999999983,9.727148998201292,4.825330199981433,3.233094978645055,2.124647564713028
2024-05-02 15:05:28,959.44,954.21,959.9012857400058,960.0747103841492,-0.15,99.04,959.9879980620775,1919.975996124155,0.17342464414332426,0.00018065292932074433,98.89,99.19000000000001,-0.15376191333518818,-1.9549034613830827,-1.0543326873590786,1.8011415480478945,1.7083221086859504,-0.3854126955548054,-12.421698846205686,-6.403555770880189,0.0,0.09000000000000341,0.09000000000000341,9.707634627914278,5.00364284033296,3.2516046852079663,2.7309108358806227
2024-05-02 15:05:29,976.44,954.21,964.0359643050044,958.6085327881119,-0.15,99.04,961.3222485465582,1922.6444970931163,5.427431516892511,0.005645798294435142,98.89,99.19000000000001,4.13467856499858,-1.4661775960372552,1.3342504844806626,5.600856161035836,4.197751493014741,4.288440478333769,0.4887258653458275,2.3885831718397412,0.0,0.0,0.0,9.721126896808892,4.194196802039691,3.2894957223112056,2.488523411988027
2024-05-02 15:05:30,997.35,959.44,972.3644732287534,958.816399591084,-0.15,99.21,965.5904364099187,1931.1808728198373,13.548073637669404,0.014030869727760041,99.05999999999999,99.36,8.328508923748927,0.20786680297203475,4.268187863360481,8.120642120776893,1.9025967174243672,4.193830358750347,1.67404439900929,2.9339373788798184,0.0,0.1699999999999875,0.1699999999999875,9.747531058574477,3.5352851254172317,5.303034270751196,2.6125954411752743
2024-05-02 15:05:31,962.06,955.52,969.788354921565,957.9922996933129,-0.15,99.21,963.890327307439,1927.780654614878,11.796055228252044,0.012237964093866929,99.05999999999999,99.36,-2.5761183071883806,-0.8240998977710206,-1.7001091024797006,1.75201840941736,1.030532320737315,-10.904627230937308,-1.0319667007430553,-5.968296965840182,0.0,0.0,0.0,9.730368640996067,2.3030942375707237,5.902199767263754,3.129494607570135
2024-05-02 15:05:32,954.21,960.75,965.8937661911738,958.6817247699847,-0.15,99.38,962.2877454805792,1924.5754909611585,7.212041421189042,0.007494682798950714,99.22999999999999,99.53,-3.894588730391206,0.689425076671796,-1.602581826859705,4.584013807063002,2.8603911949097034,-1.3184704232028253,1.5135249744428165,0.09752727561999563,0.0,0.1700000000000017,0.1700000000000017,9.69754848113505,2.1885565890054046,5.315216721956783,2.562113254206102
2024-05-02 15:05:33,959.44,958.14,964.2803246433804,958.5462935774885,-0.15,99.38,961.4133091104345,1922.826618220869,5.734031065891827,0.0059641685897121365,99.22999999999999,99.53,-1.6134415477933999,-0.13543119249618485,-0.8744363701447355,1.478010355297215,1.690241526448689,2.281147182597806,-0.8248562691679808,0.7281454567149694,0.0,0.0,0.0,9.688736263445515,1.823019335565113,3.7013713703983546,2.5404048945447717
2024-05-02 15:05:34,962.06,959.44,963.7252434825352,958.7697201831164,-0.15,99.54,961.2474818328258,1922.4949636656515,4.9555232994188145,0.005155304318524441,99.39,99.69000000000001,-0.555081160845134,0.22342660562787842,-0.1658272776087415,0.7785077664730125,4.694662319956304,1.0583603869482658,0.35885779812406327,0.708609092535994,0.0,0.1600000000000108,0.1600000000000108,9.671470692839874,1.8394372950195255,3.811447985796203,2.473210805217967
2024-05-02 15:05:35,964.67,959.44,963.9614326119015,958.9372901373373,-0.15,99.54,961.4493613746195,1922.898722749239,5.024142474564201,0.005225592393296104,99.39,99.69000000000001,0.23618912936626657,0.1675699542208804,0.20187954179368717,0.06861917514538618,0.3398998959271265,0.7912702902114006,-0.055856651406998026,0.36770681940242866,0.0,0.0,0.0,9.673501878469843,1.1015004240982529,2.859991382259374,0.8458475015251813
2024-05-02 15:05:36,962.06,965.98,963.486074458926,960.697967603003,-0.15,99.68,962.0920210309646,1924.1840420619292,2.788106855923047,0.0028979627645569573,99.53,99.83000000000001,-0.4753581529754456,1.760677465665708,0.6426596563451312,2.2360356186411536,3.4793410745846627,-0.7115472823417122,1.5931075114448277,0.44078011455144406,0.0,0.14000000000000057,0.14000000000000057,9.666351967895235,0.4606758600233477,1.598831307653024,0.8898583951532822
2024-05-02 15:05:37,954.21,963.37,961.1670558441946,961.3659757022522,-0.15,99.68,961.2665157732233,1922.5330315464466,0.19891985805759305,0.0002069351783159229,99.53,99.83000000000001,-2.319018614731476,0.6680080992491639,-0.8255052577412698,2.98702671398064,3.618418014363295,-1.8436604617560306,-1.092669366416544,-1.468164914086401,0.0,0.0,0.0,9.658057933438817,0.3459236612200788,2.266496619390951,0.655511506809902
2024-05-02 15:05:38,964.67,1001.27,962.0427918831459,971.3419817766891,-0.15,99.74,966.6923868299175,1933.384773659835,9.299189893543144,0.009619595654847825,99.58999999999999,99.89,0.8757360389513451,9.976006074436896,5.425871056694177,9.10027003548555,1.6771995248686484,3.1947546536828213,9.307997975187732,6.251376314435447,0.0,0.05999999999998806,0.05999999999998806,9.70672132867955,2.341175084668707,3.3516173989781026,2.5014530182500603
2024-05-02 15:05:39,955.52,965.98,960.4120939123594,970.0014863325168,-0.15,99.8,965.2067901224382,1930.4135802448764,9.589392420157424,0.00993506521955355,99.64999999999999,99.95,-1.630697970786514,-1.3404954441722339,-1.485596707479317,0.29020252661428003,0.19534395156457277,-2.506434009737859,-11.31650151860913,-6.911467764173494,0.0,0.060000000000002274,0.060000000000002274,9.685968694796484,2.4573713377217543,4.085559020566499,2.7224564086755016
2024-05-02 15:05:40,973.82,959.44,963.7640704342696,967.3611147493876,-0.15,99.8,965.5625925918287,1931.1251851836573,3.597044315118069,0.003725335197314659,99.64999999999999,99.95,3.35197652191016,-2.6403715831291947,0.35580246939048266,5.992348105039355,16.84173601596602,4.982674492696674,-1.2998761389569609,1.8413991768697997,0.0,0.0,0.0,9.689539216279876,2.3518463020521043,4.165693302271497,2.7149772491485367
2024-05-02 15:05:41,962.06,964.67,963.3380528257022,966.6883360620408,-0.15,99.91,965.0131944438715,1930.026388887743,3.350283236338555,0.0034717486270201153,99.75999999999999,100.06,-0.42601760856734927,-0.6727786873468631,-0.549398147957163,0.2467610787795138,0.44914718142000815,-3.7779941304775093,1.9675928957823317,-0.9052006173476457,0.0,0.10999999999999943,0.10999999999999943,9.673347882623533,2.052178701340249,4.094862714399944,2.786140526438489
2024-05-02 15:05:42,958.14,964.67,962.0385396192767,966.1837520465306,-0.15,99.91,964.1111458329036,1928.2222916658072,4.1452124272539095,0.004299517167570249,99.75999999999999,100.06,-1.2995132064255586,-0.5045840155102042,-0.9020486109678814,0.7949291909153544,0.8812477509550846,-0.8734955978582093,0.16819467183665893,-0.35265046301071834,0.0,0.0,0.0,9.664305695354832,0.9368207823721026,3.1624259879528336,2.7960157226225437
2024-05-02 15:05:43,959.44,964.67,961.3889047144575,965.805314034898,-0.15,99.99,963.5971093746778,1927.1942187493555,4.4164093204404935,0.004583252972524223,99.83999999999999,100.14,-0.6496349048192087,-0.3784380116326247,-0.5140364582258599,0.271196893186584,0.5275819667356312,0.6498783016063499,0.12614600387757946,0.3880121527420215,0.0,0.0799999999999983,0.0799999999999983,9.65141325844616,0.8157961021042863,2.589482501257857,0.6702999275376537
2024-05-02 15:05:44,954.21,964.67,959.5941785358431,965.5214855261735,-0.15,99.99,962.5578320310083,1925.1156640620165,5.927306990330408,0.006157871025438388,99.83999999999999,100.14,-1.7947261786143827,-0.2838285087244685,-1.0392773436694824,1.5108976698899141,1.4537950098673653,-1.145091273795174,0.09460950290815617,-0.5252408854436226,0.0,0.0,0.0,9.64100383002809,1.181210272810901,1.0100661286889723,0.5438429235937361
2024-05-02 15:05:45,959.44,969.9,959.5556339018823,966.6161141446302,-0.15,100.08,963.0858740232562,1926.1717480465124,7.060480242747872,0.0073311014374262086,99.92999999999999,100.23,-0.03854463396078245,1.0946286184566816,0.5280419922479496,1.133173252417464,2.1459867265606425,1.7561815446536002,1.37845712718115,1.567319335917432,0.0,0.09000000000000341,0.09000000000000341,9.637604967333647,0.9463309163725311,1.4913307841405694,0.6147890432849382
2024-05-02 15:05:46,963.37,968.6,960.5092254264117,967.1120856084726,-0.15,100.08,963.8106555174422,1927.6213110348845,6.602860182060908,0.006850785615837829,99.92999999999999,100.23,0.9535915245294291,0.4959714638424657,0.7247814941860042,0.45762006068696337,0.6313895056211474,0.9921361584902115,-0.5986571546142159,0.19673950193805467,0.0,0.0,0.0,9.644857859227304,0.6155996325103874,1.2998574488288521,0.8174562924057991
2024-05-02 15:05:47,969.9,964.67,962.8569190698088,966.5015642063545,-0.15,100.19,964.6792416380816,1929.3584832761633,3.644645136545705,0.0037780901417333234,100.03999999999999,100.34,2.347693643397065,-0.6105214021181382,0.8685861206394065,2.958215045515203,3.405778159981841,1.394102118867636,-1.106492865960604,0.1438046264534023,0.0,0.10999999999999943,0.10999999999999943,9.642935145893109,0.7976658244990363,1.45309137459892,0.8423720552014157
2024-05-02 15:05:48,964.67,963.37,963.3101893023565,965.7186731547658,-0.15,100.19,964.5144312285612,1929.0288624571224,2.40848385240929,0.002497094674720794,100.03999999999999,100.34,0.4532702325477658,-0.7828910515886491,-0.16481040952044168,1.236161284136415,7.500459390119426,-1.8944234108492992,-0.17236964947051092,-1.0333965301598482,0.0,0.0,0.0,9.64128770079242,0.9099138148917334,2.009022833725559,0.7901807388641664
2024-05-02 15:05:49,997.35,969.9,971.8201419767673,966.7640048660744,-0.15,100.27,969.2920734214208,1938.5841468428416,5.05613711069293,0.005216319460479427,100.11999999999999,100.42,8.509952674410783,1.0453317113085632,4.777642192859616,7.46462096310222,1.56240653849128,8.056682441863018,1.8282227628972123,4.942452602380058,0.0,0.0799999999999983,0.0799999999999983,9.681303073712723,2.4397617099650515,1.959623188252894,1.9584180083723683
2024-05-02 15:05:50,964.67,964.67,970.0326064825755,966.2405036495559,-0.15,100.27,968.1365550660657,1936.2731101321315,3.7921028330196123,0.003916909044761697,100.11999999999999,100.42,-1.787535494191843,-0.5235012165185253,-1.1555183553550705,1.2640342776733178,1.0939100862442088,-10.297488168602627,-1.5688329278270885,-5.933160548214687,0.0,0.0,0.0,9.669761739875192,2.4550799946967974,1.592183063994219,2.256442129087519
2024-05-02 15:05:51,964.67,975.13,968.6919548619317,968.462877737167,-0.15,100.36,968.5774162995493,1937.1548325990987,0.22907712476467168,0.00023650884345760627,100.21,100.51,-1.3406516206438255,2.222374087611115,0.44086123348358797,3.5630257082549406,8.081948140807533,0.4468838735480176,2.7458753041296404,1.5963795888386585,0.0,0.09000000000000341,0.09000000000000341,9.665476565553067,2.268787905151612,1.8231288878394407,2.268956195535211
2024-05-02 15:05:52,964.67,971.21,967.6864661464488,969.1496583028752,-0.15,100.36,968.418062224662,1936.836124449324,1.4631921564264303,0.0015109096081440876,100.21,100.51,-1.0054887154828975,0.6867805657082044,-0.15935407488734654,1.692269281191102,10.61948784742139,0.33516290516092795,-1.5355935219029107,-0.6002153083709345,0.0,0.0,0.0,9.663886364242847,1.8788384754342191,1.8975961186520787,2.324448673141962
2024-05-02 15:05:53,964.67,976.44,966.9323496098366,970.9722437271564,-0.15,100.44,968.9522966684965,1937.904593336993,4.039894117319818,0.004169342626092796,100.28999999999999,100.59,-0.7541165366121731,1.8225854242812147,0.5342344438345208,2.576701960893388,4.823158011379567,0.2513721788707244,1.1358048585730103,0.6935885187218673,0.0,0.0799999999999983,0.0799999999999983,9.661504506999622,0.45363399416204897,1.9963144885518531,2.276363132790524
2024-05-02 15:05:54,964.67,973.82,966.3667622073774,971.6841827953673,-0.15,100.44,969.0254725013724,1938.0509450027448,5.317420587989886,0.00548738989159541,100.28999999999999,100.59,-0.5655874024591867,0.7119390682108815,0.07317583287590423,1.2775264706700682,17.458072732343325,0.18852913415298644,-1.1106463560703332,-0.46105861095861655,0.0,0.0,0.0,9.662234149358245,0.37118763728418075,2.068454989291503,0.676668484436158
2024-05-02 15:05:55,964.67,976.44,965.9425716555331,972.8731370965255,-0.15,100.55,969.4078543760293,1938.8157087520585,6.930565440992382,0.0071492771618856385,100.39999999999999,100.7,-0.42419055184427634,1.188954301158219,0.3823818746568577,1.6131448530024954,4.218663962004307,0.14139685061491036,0.4770152329473376,0.30920604178095346,0.0,0.10999999999999943,0.10999999999999943,9.655456620722836,0.39047768117548437,2.746119828473021,0.28874253359675656
2024-05-02 15:05:56,971.21,972.52,967.2594287416498,972.7848528223941,-0.15,100.55,970.022140782022,1940.044281564044,5.525424080744301,0.005696183460919332,100.39999999999999,100.7,1.31685708611667,-0.08828427413141071,0.6142864059927433,1.4051413602480807,2.287433124202256,1.7410476379609463,-1.2772385752896298,0.23190453133588562,0.0,0.0,0.0,9.661575011159831,0.5950409865933732,2.0579497868838748,0.3249125979713095
2024-05-02 15:05:57,964.67,979.05,966.6120715562374,974.3511396167955,-0.15,100.64,970.4816055865165,1940.963211173033,7.739068060558111,0.007974461347885617,100.49,100.79,-0.6473571854123747,1.5662867944014351,0.45946480449447336,2.21364397981381,4.81786448123026,-1.9642142715290447,1.6545710685328459,-0.15482160149826996,0.0,0.09000000000000341,0.09000000000000341,9.657494237526343,0.6594514464752668,1.4477040161575077,0.20844093615952777
2024-05-02 15:05:58,976.44,969.9,969.0690536671781,973.2383547125967,-0.15,100.64,971.1537041898873,1942.3074083797746,4.169301045418592,0.004293142293683963,100.49,100.79,2.4569821109406575,-1.1127849041988611,0.6720986033708414,3.5697670151395187,5.311366049370876,3.1043392963530323,-2.6790716986002963,0.21263379887636802,0.0,0.0,0.0,9.664182451245944,0.8458959290298765,1.4064718700396674,0.2358515493619006
2024-05-02 15:05:59,965.98,1013.03,968.2967902503835,983.1862660344475,-0.15,100.67,975.7415281424155,1951.483056284831,14.889475784063961,0.01525965159764226,100.52,100.82000000000001,-0.7722634167945444,9.947911321850825,4.587823952528197,10.720174738645369,2.3366573157369133,-3.229245527735202,11.060696226049686,3.9157253491573556,0.0,0.030000000000001137,0.030000000000001137,9.706939101029413,2.530447295284696,4.164225023218727,1.8175145164860311
2024-05-02 15:06:00,964.67,975.13,967.3900926877877,981.1721995258356,-0.15,100.69,974.2811461068117,1948.5622922136233,13.782106838047866,0.014145923770540659,100.53999999999999,100.84,-0.9066975625958094,-2.0140665086119043,-1.4603820356038568,1.107368946016095,0.7582729455345986,-0.134434145801265,-11.961977830462729,-6.048205988132054,0.0,0.01999999999999602,0.01999999999999602,9.69048275727401,2.528426477452769,4.855625069190308,2.206310386054802
2024-05-02 15:06:01,968.6,973.82,967.6925695158408,979.3341496443767,-0.15,100.69,973.5133595801087,1947.0267191602175,11.641580128535907,0.011958315725218998,100.53999999999999,100.84,0.3024768280530452,-1.8380498814589146,-0.7677865267029347,2.14052670951196,2.787915451953093,1.2091743906488546,0.1760166271529897,0.6925955089009221,0.0,0.0,0.0,9.682846129871322,2.18895505185884,4.444882272667751,2.3449649869396687
2024-05-02 15:06:02,963.37,976.44,966.6119271368806,978.6106122332825,-0.15,100.75,972.6112696850815,1945.222539370163,11.998685096401914,0.012336568018536696,100.6,100.9,-1.0806423789601922,-0.7235374110941848,-0.9020898950271885,0.35710496786600743,0.39586362065570396,-1.3831192070132374,1.1145124703647298,-0.13430336832425382,0.0,0.060000000000002274,0.060000000000002274,9.668103976311905,1.7264010359194324,4.198119374077692,2.4560501489542257
2024-05-02 15:06:03,968.6,975.13,967.1089453526604,977.7404591749619,-0.15,100.75,972.4247022638111,1944.8494045276223,10.631513822301486,0.010932994386730671,100.6,100.9,0.49701821577980354,-0.870153058320625,-0.1865674212704107,1.3671712741004285,7.327988653121858,1.5776605947399958,-0.14661564722644016,0.7155224737567778,0.0,0.0,0.0,9.666249429399222,1.3556440949999014,1.7170847720315068,2.4645398566719576
2024-05-02 15:06:04,964.67,972.52,966.4992090144954,976.4353443812214,-0.15,100.84,971.4672766978583,1942.9345533957166,9.936135366726035,0.010227967112049584,100.69,100.99000000000001,-0.6097363381650212,-1.3051147937404721,-0.9574255659528035,0.695378455575451,0.7262995203015181,-1.1067545539448247,-0.4349617354198472,-0.7708581446823928,0.0,0.09000000000000341,0.09000000000000341,9.648100775149048,1.0767500958058682,1.4687290462340457,0.4565095984672414
2024-05-02 15:06:05,962.06,976.44,965.3894067608716,976.436508285916,-0.15,100.84,970.9129575233937,1941.8259150467875,11.047101525044468,0.011378055497215092,100.69,100.99000000000001,-1.1098022536237977,0.0011639046946356757,-0.554319174464581,1.1109661583184334,2.004195787013377,-0.5000659154587765,1.3062786984351078,0.40310639148822247,0.0,0.0,0.0,9.642595569379266,1.016970602612056,0.8163637259248089,0.31347421217781546
2024-05-02 15:06:06,964.67,979.05,965.2095550706537,977.0898812144371,-0.15,100.92,971.1497181425455,1942.299436285091,11.880326143783464,0.012233259104757737,100.77,101.07000000000001,-0.1798516902179017,0.6533729285210939,0.23676061915170976,0.8332246187389956,3.5192554507962295,0.929950563405896,0.6522090238264582,0.7910797936162908,0.0,0.0799999999999983,0.0799999999999983,9.63728995241893,0.7634040093788208,0.8650714482710754,0.5027928163311098
2024-05-02 15:06:07,969.9,976.44,966.3821663029903,976.9274109108279,-0.15,100.92,971.654788606909,1943.309577213818,10.545244607837617,0.010852871534862482,100.77,101.07000000000001,1.1726112323366351,-0.16247030360921144,0.5050704643635981,1.3350815359458466,2.6433517435558955,1.3524629225545368,-0.8158432321303053,0.2683098452118884,0.0,0.0,0.0,9.642302063755157,0.5798761268046362,0.718920820228696,0.5888381395536058
2024-05-02 15:06:08,967.29,979.05,966.6091247272427,977.458058183121,-0.15,100.98,972.0335914551819,1944.0671829103637,10.848933455878296,0.011161068444636612,100.83,101.13000000000001,0.22695842425241608,0.5306472722930948,0.3788028482728123,0.30368884804067875,0.8017047594035102,-0.945652808084219,0.6931175759023063,-0.12626761609078585,0.0,0.060000000000002274,0.060000000000002274,9.640321152582175,0.4362336226017642,0.7121156056656996,0.6418690075099014
2024-05-02 15:06:09,963.37,975.13,965.7993435454321,976.8760436373408,-0.15,100.98,971.3376935913864,1942.6753871827727,11.07670009190872,0.011403552187448431,100.83,101.13000000000001,-0.8097811818106493,-0.5820145457802255,-0.6958978637954942,0.2277666360304238,0.3272984737870735,-1.0367396060630654,-1.1126618180733203,-1.0747007120683065,0.0,0.0,0.0,9.633419458077626,0.4383245229656623,0.4952195570356241,0.5574111118220583
2024-05-02 15:06:10,963.37,979.05,965.1920076590741,977.4195327280056,-0.15,101.03,971.3057701935398,1942.6115403870797,12.227525068931527,0.012588749528283306,100.88,101.18,-0.607335886357987,0.5434890906648207,-0.031923397846526314,1.1508249770228076,36.048447414898654,0.20244529545266232,1.1255036364450461,0.6639744659489679,0.0,0.04999999999999716,0.04999999999999716,9.628328316467204,0.35191523500682553,0.7104261225037872,0.47672737073009236
2024-05-02 15:06:11,982.97,972.52,969.6365057443056,976.1946495460041,-0.15,101.03,972.9155776451548,1945.8311552903097,6.55814380169852,0.006740712088124996,100.88,101.18,4.444498085231544,-1.224883182001463,1.6098074516149836,5.669381267233007,3.5217738244232724,5.051833971589531,-1.7683722726662836,1.64173084946151,0.0,0.0,0.0,9.64428596352963,0.664438040396306,2.1604237269264233,0.8443501623558246
2024-05-02 15:06:12,969.9,975.13,969.7023793082293,975.9284871595031,-0.15,101.09,972.8154332338662,1945.6308664677324,6.2261078512738095,0.006400091561229326,100.94,101.24000000000001,0.06587356392367383,-0.26616238650103696,-0.10014441128862472,0.3320359504247108,3.3155383372261005,-4.37862452130787,0.958720795500426,-1.7099518629036083,0.0,0.060000000000002274,0.060000000000002274,9.637561161049188,0.7732469498239031,2.78633199304689,0.8603595589047899
2024-05-02 15:06:13,967.29,975.13,969.0992844811719,975.7288653696273,-0.15,101.09,972.4140749253996,1944.8281498507993,6.6295808884553935,0.006817652122267297,100.94,101.24000000000001,-0.6030948270573617,-0.19962178987577772,-0.4013583084665697,0.403473037181584,1.005266425047148,-0.6689683909810356,0.06654059662525924,-0.301213897177945,0.0,0.0,0.0,9.633584954347283,0.7859571458062008,2.870721830942586,0.8970697899419589
2024-05-02 15:06:14,969.9,980.36,969.299463360879,976.8866490272205,-0.15,101.14,973.0930561940497,1946.1861123880994,7.587185666341497,0.007796978521478132,100.99,101.29,0.2001788797070958,1.1577836575931997,0.6789812686500909,0.9576047778861039,1.4103531448471436,0.8032737067644575,1.3574054474689774,1.0803395771166606,0.0,0.04999999999999716,0.04999999999999716,9.635538633117251,0.7171298431025414,2.501351933480725,0.8075228354827763
2024-05-02 15:06:15,965.98,980.36,968.4695975206592,977.7549867704155,-0.15,101.14,973.1122921455374,1946.2245842910747,9.285389249756236,0.009541950415343819,100.99,101.29,-0.8298658402197816,0.8683377431949566,0.019235951487644343,1.6982035834147382,88.2782068928891,-1.0300447199268774,-0.2894459143982431,-0.6597453171624466,0.0,0.0,0.0,9.635729106939383,0.28345283566192525,1.241790891850916,0.8017603598582563
2024-05-02 15:06:16,969.9,981.67,968.8271981404945,978.7337400778116,-0.15,101.2,973.780469109153,1947.560938218306,9.906541937317115,0.010173280571345481,101.05,101.35000000000001,0.35760061983523883,0.9787533073961185,0.6681769636156787,0.6211526875608797,0.929621629841946,1.1874664600550204,0.11041556420116194,0.6489410121280343,0.0,0.060000000000002274,0.060000000000002274,9.636620083844958,0.49962512779188534,1.6167569283792236,0.4820155562069798
2024-05-02 15:06:17,964.67,975.13,967.7878986053709,977.8328050583588,-0.15,101.2,972.8103518318649,1945.6207036637297,10.044906452987902,0.010325657435436451,101.05,101.35000000000001,-1.0392995351236323,-0.9009350194528452,-0.9701172772881819,0.1383645156707871,0.1426264393838286,-1.396900154958871,-1.8796883268489637,-1.6382942409038606,0.0,0.0,0.0,9.627019715040527,0.5002087334456236,1.510939931964499,0.7088823772412678
2024-05-02 15:06:18,975.13,975.13,969.6234239540281,977.1571037937691,-0.15,101.26,973.3902638738987,1946.7805277477974,7.533679839741012,0.0077396293260822676,101.11,101.41000000000001,1.8355253486572565,-0.6757012645896339,0.5799120420338113,2.5112266132468903,4.330350296037101,2.8748248837808887,0.2252337548632113,1.5500293193219932,0.0,0.060000000000002274,0.060000000000002274,9.627042372137833,0.36645211334339345,1.2307238629728157,0.7061661587878111
2024-05-02 15:06:19,968.6,973.82,969.3675679655211,976.3228278453269,-0.15,101.26,972.8451979054239,1945.6903958108478,6.955259879805794,0.007149400426328214,101.11,101.41000000000001,-0.2558559885070508,-0.8342759484422686,-0.5450659684747734,0.5784199599352178,1.0611906304903669,-2.0913813371643073,-0.15857468385263473,-1.1249780105085847,0.0,0.0,0.0,9.621651550625778,0.4055221969816721,1.414339342903697,0.7087076527854088
2024-05-02 15:06:20,971.21,984.28,969.8281759741408,978.312120883995,-0.15,101.34,974.0701484290679,1948.1402968581358,8.483944909854245,0.008709788422144897,101.19,101.49000000000001,0.4606080086197153,1.9892930386681655,1.2249505236439973,1.5286850300484502,1.2479555317429247,0.7164639971267661,2.823568987110434,1.7700164921187707,0.0,0.0799999999999983,0.0799999999999983,9.626150200641543,0.5584119174381006,1.3828719142215342,0.9135082000563542
2024-05-02 15:06:21,972.52,980.36,970.5011319806056,978.8240906629964,-0.15,101.34,974.662611321801,1949.325222643602,8.322958682390777,0.008539322815065378,101.19,101.49000000000001,0.6729560064648012,0.5119697790013333,0.5924628927331241,0.1609862274634679,0.27172327198002644,0.21234799784508596,-1.4773232596668322,-0.6324876309108731,0.0,0.0,0.0,9.63200515554695,0.8027509094371825,1.169354716502956,0.9042128491335053
2024-05-02 15:06:22,976.44,982.97,971.9858489854543,979.8605679972472,-0.15,101.4,975.9232084913508,1951.8464169827016,7.87471901179299,0.008068994502033904,101.25,101.55000000000001,1.484717004848676,1.0364773342508897,1.2605971695497828,0.44823967059778624,0.3555769645119135,0.8117609983838747,0.5245075552495564,0.6681342768166587,0.0,0.060000000000002274,0.060000000000002274,9.638747642988674,1.1925940206702603,0.617564440181209,0.7307600253336092
2024-05-02 15:06:23,968.6,980.36,971.1393867390907,979.9854259979355,-0.15,101.4,975.5624063685132,1951.1248127370263,8.846039258844826,0.00906763031460609,101.25,101.55000000000001,-0.8464622463635578,0.12485800068827757,-0.3608021228376401,0.9713202470518354,2.692105986812441,-2.331179251212234,-0.9116193335626122,-1.621399292387423,0.0,0.0,0.0,9.635184165267447,1.2288502445131317,0.7271213751237141,0.8550227726455325
2024-05-02 15:06:24,975.13,980.36,972.137040054318,980.0790694984516,-0.15,101.45,976.1080547763848,1952.2161095527697,7.9420294441335955,0.008136424443107991,101.3,101.60000000000001,0.9976533152273532,0.09364350051612291,0.5456484078716812,0.9040098147112303,1.6567594533591496,1.844115561590911,-0.031214500172154658,0.9064505307093214,0.0,0.04999999999999716,0.04999999999999716,9.63581485824847,0.8693348478392353,0.40042003495692957,0.6594097082429055
2024-05-02 15:06:25,971.21,977.75,971.9052800407385,979.4968021238387,-0.15,101.45,975.7010410822886,1951.4020821645772,7.591522083100244,0.007780582120624599,101.3,101.60000000000001,-0.2317600135795601,-0.5822673746129112,-0.40701369409623567,0.3505073610333511,0.8611663561966543,-1.2294133288069133,-0.6759108751290341,-0.9526621019679169,0.0,0.0,0.0,9.631796954101596,0.5595844930633066,0.48459959717368195,0.7074118033217444
2024-05-02 15:06:26,976.44,986.9,973.0389600305539,981.3476015928791,-0.15,101.51,977.1932808117165,1954.386561623433,8.308641562325192,0.008502556983323677,101.36,101.66000000000001,1.1336799898153913,1.8507994690403393,1.4922397294278653,0.717119479224948,0.480565544876862,1.3654400033949514,2.4330668436532505,1.899253423524101,0.0,0.060000000000002274,0.060000000000002274,9.640817592451647,0.6470566708561919,0.48310695364948203,0.8843920969458351
2024-05-02 15:06:27,975.13,981.67,973.5617200229154,981.4282011946593,-0.15,101.51,977.4949606087873,1954.9899212175746,7.866481171743885,0.00804759255106238,101.36,101.66000000000001,0.5227599923615571,0.08059960178024994,0.3016797970708467,0.4421603905813072,1.46565639866521,-0.6109199974538342,-1.7701998672600894,-1.1905599323570186,0.0,0.0,0.0,9.64379391244074,0.8807465576289352,0.48413394196576626,0.7773801628465548
2024-05-02 15:06:28,968.6,986.9,972.3212900171866,982.7961508959945,-0.15,101.56,977.5587204565905,1955.117440913181,10.474860878807931,0.010715326505603763,101.41,101.71000000000001,-1.2404300057288538,1.367949701335192,0.06375984780322597,2.6083797070640458,40.908799003329364,-1.7631899980904109,1.287350099554942,-0.23791994926762072,0.0,0.04999999999999716,0.04999999999999716,9.639667792297828,0.8513470470727695,1.1677620598036773,0.7050166261832189
2024-05-02 15:06:29,975.13,980.36,973.02346751289,982.187113171996,-0.15,101.56,977.6052903424429,1955.2105806848858,9.16364565910601,0.009373563891540046,101.41,101.71000000000001,0.7021774957033813,-0.6090377239985401,0.04656988585236377,1.3112152197019213,28.155256137034996,1.942607501432235,-1.976987425333732,-0.017189961950862198,0.0,0.0,0.0,9.640127016096203,0.8042008454099758,1.166183683997856,0.7143776070174443
2024-05-02 15:06:30,972.52,986.9,972.8976006346675,983.365334878997,-0.15,101.59,978.1314677568323,1956.2629355136646,10.467734244329563,0.010701766151776768,101.44,101.74000000000001,-0.12586687822249587,1.1782217070010574,0.5261774143893945,1.3040885852235533,2.478415209671585,-0.8280443739258772,1.7872594309995975,0.4796075285370307,0.0,0.030000000000001137,0.030000000000001137,9.642463112326196,0.33933417524984283,1.2031937974330942,0.5957121976782624
2024-05-02 15:06:31,975.13,981.67,973.4557004760006,982.9415011592478,-0.15,101.59,978.1986008176242,1956.3972016352484,9.485800683247135,0.009697213495931445,101.44,101.74000000000001,0.5580998413331599,-0.4238337197492683,0.06713306079188897,0.9819335610824282,14.626458603872566,0.6839667195556558,-1.6020554267503258,-0.4590443535975055,0.0,0.0,0.0,9.643124912997825,0.3383438196701626,1.0803053794938737,0.21004798786827752
2024-05-02 15:06:32,973.82,980.36,973.5467753570005,982.2961258694359,-0.15,101.59,977.9214506132182,1955.8429012264364,8.749350512435399,0.00894688474008022,101.44,101.74000000000001,0.09107488099982675,-0.6453752898119092,-0.27715020440598437,0.7364501708117359,2.6572143981483425,-0.4670249603333332,-0.22154157006264086,-0.34428326519787333,0.0,0.0,0.0,9.640392754069651,0.2937253704235944,0.7781525758146884,0.28637260813116727
2024-05-02 15:06:33,971.21,984.28,972.9625815177503,982.7920944020768,-0.15,101.65,977.8773379599136,1955.7546759198272,9.829512884326505,0.010051887381684636,101.5,101.80000000000001,-0.5841938392501334,0.4959685326409726,-0.044112653304637206,1.080162371891106,24.485897017682728,-0.6752687202499601,1.1413438224528818,0.23303755110134716,0.0,0.060000000000002274,0.060000000000002274,9.634259392370977,0.23430868605539784,0.6546396291681807,0.2924008433778044
2024-05-02 15:06:34,973.82,984.28,973.1769361383127,983.1640708015575,-0.15,101.65,978.170503469935,1956.34100693987,9.987134663244774,0.010210014120857942,101.5,101.80000000000001,0.2143546205624034,0.3719763994806726,0.29316551002148117,0.15762177891826923,0.5376527452154062,0.7985484598125367,-0.1239921331603,0.3372781633261184,0.0,0.0,0.0,9.637147722490516,0.14923983757762882,0.6399561039518716,0.30910375346189495
2024-05-02 15:06:35,965.98,981.67,971.3777021037346,982.7905531011681,-0.15,101.65,977.0841276024514,1954.1682552049028,11.412850997433566,0.011680520298449286,101.5,101.80000000000001,-1.7992340345781486,-0.37351770038935683,-1.086375867483639,1.4257163341887917,1.312358884712964,-2.013588655140552,-0.7454940998700295,-1.3795413775051202,0.0,0.0,0.0,9.626444512078885,0.4518454581879953,0.974241296152175,0.5315165264966891
2024-05-02 15:06:36,972.52,982.97,971.663276577801,982.8354148258761,-0.15,101.71,977.2493457018386,1954.4986914036772,11.172138248075157,0.011432228924767762,101.55999999999999,101.86,0.2855744740663795,0.04486172470797101,0.16521809938717524,0.24071274935840847,1.4569305258971363,2.084808508644528,0.41837942509732784,1.2515939668708143,0.0,0.05999999999998806,0.05999999999998806,9.622384167777222,0.4681000019264213,1.0837962414935767,0.5458929998399262
2024-05-02 15:06:37,977.75,982.97,973.1849574333507,982.8690611194072,-0.15,101.71,978.027009276379,1956.054018552758,9.68410368605646,0.009901673046146083,101.55999999999999,101.86,1.5216808555497892,0.03364629353109194,0.7776635745403837,1.4880345620186972,1.9134657932671773,1.2361063814834097,-0.011215431176879065,0.6124454751532085,0.0,0.0,0.0,9.630041351381822,0.48488775613234353,0.8107119092115577,0.6888275541013427
2024-05-02 15:06:38,975.13,982.97,973.671218075013,982.8942958395555,-0.15,101.71,978.2827569572843,1956.5655139145686,9.223077764542495,0.009427824102512918,101.55999999999999,101.86,0.4862606416622839,0.025234720148318956,0.2557476809053014,0.46102592151396493,1.8026521970006704,-1.0354202138875053,-0.008411573382772985,-0.5219158936350823,0.0,0.0,0.0,9.632559544355306,0.5546655356686339,0.9534085302622506,0.6947571807566406
2024-05-02 15:06:39,976.44,981.67,974.3634135562598,982.5882218796667,-0.15,101.73,978.4758177179633,1956.9516354359266,8.224808323406819,0.008405734884877666,101.58,101.88000000000001,0.692195481246813,-0.3060739598888631,0.19306076067903177,0.9982694411356761,5.17072587354735,0.20593483958452907,-0.33130868003718206,-0.06268692022626965,0.0,0.020000000000010232,0.020000000000010232,9.632563576347705,0.6233328965925634,1.3424548379951105,0.6885321627519433
2024-05-02 15:06:40,975.13,985.59,974.5550601671949,983.33866640975,-0.15,101.73,978.9468632884725,1957.893726576945,8.783606242555038,0.008972505621067823,101.58,101.88000000000001,0.19164661093509494,0.750444530083314,0.4710455705092045,0.5587979191482191,1.1862901762434124,-0.500548870311718,1.0565184899721771,0.2779848098301727,0.0,0.0,0.0,9.63720076443465,0.6273619341862825,1.1193712110859164,0.25625381530598684
2024-05-02 15:06:41,976.44,980.36,975.0262951253962,982.5939998073126,-0.15,101.73,978.8101474663545,1957.620294932709,7.567704681916325,0.007731534755512863,101.58,101.88000000000001,0.47123495820130756,-0.7446666024374053,-0.1367158221180489,1.215901560638713,8.89357682399051,0.2795883472662126,-1.4951111325207194,-0.6077613926272534,0.0,0.0,0.0,9.635854871337859,0.37650197066705776,0.8301964315726932,0.33940929740503867
2024-05-02 15:06:42,975.13,980.36,975.0522213440472,982.0354998554844,-0.15,101.73,978.5438605997658,1957.0877211995316,6.98327851143722,0.007136398055801662,101.58,101.88000000000001,0.025926218650965893,-0.5584999518281393,-0.26628686658864353,0.5844261704791052,2.194715733638423,-0.44530873955034167,0.18616665060926607,-0.12957104447059464,0.0,0.0,0.0,9.63323342160398,0.26598183818965065,0.9025858660004795,0.30030655850997745
2024-05-02 15:06:43,977.75,980.36,975.7266660080354,981.6166248916134,-0.15,101.73,978.6716454498244,1957.3432908996488,5.889958883577947,0.006018319734656704,101.58,101.88000000000001,0.6744446639881971,-0.41887496387107603,0.12778485005856055,1.0933196278592732,8.555873966939505,0.6485184453372312,0.13962498795706324,0.3940717166472041,0.0,0.0,0.0,9.634491394126137,0.19234167035287283,1.1220847293036171,0.2893261196832213
2024-05-02 15:06:44,975.13,985.59,975.5774995060266,982.60996866871,-0.15,101.76,979.0937340873684,1958.1874681747368,7.032469162683469,0.0071826311523236685,101.61,101.91000000000001,-0.14916650200882486,0.9933437770966975,0.4220886375439932,1.1425102791055224,2.706795375867151,-0.823611165997022,1.4122187409677736,0.2943037874854326,0.0,0.030000000000001137,0.030000000000001137,9.635800850817514,0.21746031731000792,1.051314222664322,0.32772225235855285
2024-05-02 15:06:45,975.13,984.28,975.46562462952,983.0274765015324,-0.15,101.76,979.2465505655261,1958.4931011310523,7.561851872012426,0.007722112332101918,101.61,101.91000000000001,-0.11187487650659023,0.41750783282236625,0.15281647815777433,0.5293827093289565,3.464150277250371,0.03729162550223464,-0.5758359442743313,-0.26927215938621885,0.0,0.0,0.0,9.637304801970489,0.29201465200331533,0.6839668430186423,0.2690158361389897
2024-05-02 15:06:46,973.82,984.28,975.0542184721401,983.3406073761494,-0.15,101.76,979.1974129241447,1958.3948258482894,8.2863889040093,0.008462429318314375,101.61,101.91000000000001,-0.411406157379929,0.3131308746169452,-0.04913764138143506,0.7245370319968742,14.74475100710883,-0.2995312808733388,-0.10437695820542103,-0.2019541195392094,0.0,0.0,0.0,9.636821211370176,0.32103087748337183,0.8789641285182839,0.2555234617424698
2024-05-02 15:06:47,988.2,982.97,978.3406638541051,983.247955532112,-0.15,101.76,980.7943096931085,1961.588619386217,4.907291678006914,0.005003385138458873,101.61,101.91000000000001,3.2864453819649952,-0.09265184403739113,1.596896768963802,3.3790972260023864,2.11603854152481,3.6978515393449243,-0.40578271865433635,1.6460344103452371,0.0,0.0,0.0,9.652537152254418,0.8113236507487332,1.3447666989382465,0.6628405230571979
2024-05-02 15:06:48,975.13,980.36,977.5379978905788,982.525966649084,-0.15,101.85,980.0319822698314,1960.0639645396627,4.98796875850519,0.0050895979352256066,101.69999999999999,102.0,-0.8026659635262376,-0.7219888830279615,-0.7623274232771564,0.08067708049827615,0.10582982089458934,-4.089111345491233,-0.6293370389905704,-2.3592241922409585,0.0,0.0899999999999892,0.0899999999999892,9.636499239265804,0.7296908042303232,1.5337832692620823,0.8609653506348137
2024-05-02 15:06:49,973.82,986.9,976.6084984179341,983.6194749868131,-0.15,101.85,980.1139867023736,1960.2279734047472,7.010976568878959,0.007153225703180096,101.69999999999999,102.0,-0.929499472644693,1.0935083377290766,0.08200443254224865,2.0230078103737696,24.669192609057085,-0.12683350911845537,1.8154972207570381,0.8443318558194051,0.0,0.0,0.0,9.637305575861044,0.6672601148262413,1.5321405169207363,0.8595829544139529
2024-05-02 15:06:50,975.13,986.9,976.2388738134506,984.4396062401098,-0.15,101.85,980.3392400267802,1960.6784800535604,8.200732426659215,0.008365198579697773,101.69999999999999,102.0,-0.3696246044835334,0.8201312532967222,0.2252533244065944,1.1897558577802556,5.281833593714683,0.5598748681611596,-0.2733770844323544,0.14324889186434575,0.0,0.0,0.0,9.639520456118582,0.5828123154664346,1.6589238686780927,0.8591138798456269
2024-05-02 15:06:51,969.9,980.36,974.654155360088,983.4197046800824,-0.15,101.85,979.0369300200853,1958.0738600401705,8.76554931999442,0.008953236637213834,101.69999999999999,102.0,-1.5847184533625978,-1.0199015600273924,-1.3023100066949382,0.5648168933352054,0.4337035396549572,-1.2150938488790644,-1.8400328133241146,-1.5275633311015326,0.0,0.0,0.0,9.626715048115736,0.645659226671904,1.7841313216533254,1.104484787034087
2024-05-02 15:06:52,979.05,979.05,975.753116520066,982.3272785100619,-0.15,101.85,979.0401975150639,1958.0803950301279,6.5741619899959005,0.006714905067194488,101.69999999999999,102.0,1.0989611599779892,-1.0924261700205307,0.003267494978672403,2.19138732999852,670.4576094801337,2.683679613340587,-0.07252460999313826,1.3055775016736106,0.0,0.0,0.0,9.626747176876272,0.6253896742717179,1.4773678335016374,0.6556002995006844
2024-05-02 15:06:53,975.13,981.67,975.5973373900495,982.1629588825465,-0.15,101.85,978.880148136298,1957.760296272596,6.56562149249703,0.006707278207950299,101.69999999999999,102.0,-0.15577913001652632,-0.16431962751539686,-0.1600493787659616,0.008540497498870536,0.05336130763776031,-1.2547402899945155,0.9281065425051338,-0.163316873744634,0.0,0.0,0.0,9.625173436687557,0.6873445268851543,1.0040782776324126,0.6151742124355646
2024-05-02 15:06:54,971.21,981.67,974.500503042537,982.0397191619099,-0.15,101.85,978.2701111022235,1956.540222204447,7.539216119372895,0.00770668144319745,101.69999999999999,102.0,-1.096834347512413,-0.12323972063654764,-0.6100370340744803,0.9735946268758653,1.5959572559323374,-0.9410552174958866,0.041079906878849215,-0.4499876553085187,0.0,0.0,0.0,9.619175039164686,0.7548894957298673,0.9772661870151802,0.6050922721034814
2024-05-02 15:06:55,977.75,982.97,975.3128772819027,982.2722893714324,-0.15,101.85,978.7925833266676,1957.5851666533351,6.959412089529678,0.007110201079340224,101.69999999999999,102.0,0.8123742393656812,0.2325702095224642,0.5224722244440727,0.579804029843217,1.109729652577213,1.9092085868780941,0.35580993015901186,1.132509258518553,0.0,0.0,0.0,9.624312425785204,0.3166275001689147,0.9199683686739621,0.6870827556346207
2024-05-02 15:06:56,975.13,986.9,975.2671579614271,983.4292170285743,-0.15,101.9,979.3481874950007,1958.6963749900015,8.162059067147197,0.008334174875730484,101.75,102.05000000000001,-0.04571932047565497,1.156927657141864,0.5556041683331614,1.202646977617519,2.16457125700524,-0.8580935598413362,0.9243574476193999,0.03313194388908869,0.0,0.05000000000001137,0.05000000000001137,9.625043517149457,0.3948173661231851,0.6864136305634125,0.48991546136955577
2024-05-02 15:06:57,977.75,981.67,975.8878684710703,982.9894127714307,-0.15,101.9,979.4386406212504,1958.8772812425009,7.101544300360388,0.00725062704142988,101.75,102.05000000000001,0.6207105096432315,-0.43980425714357807,0.09045312624971302,1.0605147667868096,11.724338189493862,0.6664298301188865,-1.5967319142854421,-0.4651510420834484,0.0,0.0,0.0,9.625932491354476,0.4714733523457286,0.6101515909181017,0.48884163847951045
2024-05-02 15:06:58,980.36,985.59,977.0059013533028,983.6395595785731,-0.15,101.9,980.3227304659379,1960.6454609318757,6.633658225270324,0.0067668105740551375,101.75,102.05000000000001,1.1180328822324554,0.6501468071423915,0.8840898446874235,0.46788607509006397,0.5292285039502794,0.49732237258922396,1.0899510642859696,0.7936367184377104,0.0,0.0,0.0,9.634621334951515,0.7687945219417982,0.5911003617333688,0.5760655922065322
2024-05-02 15:06:59,975.13,980.36,976.5369260149771,982.8196696839299,-0.15,101.9,979.6782978494534,1959.3565956989069,6.282743668952776,0.0064130681228024644,101.75,102.05000000000001,-0.46897533832566296,-0.8198898946432109,-0.644432616484437,0.350914556317548,0.5445317366152989,-1.5870082205581184,-1.4700367017856024,-1.5285224611718604,0.0,0.0,0.0,9.62828784492546,0.55556993090162,0.7083635012692331,0.5895263465034208
2024-05-02 15:07:00,980.36,984.28,977.4926945112328,983.1847522629473,-0.15,101.9,980.3387233870901,1960.6774467741802,5.692057751714515,0.005806215352018459,101.75,102.05000000000001,0.9557684962557005,0.36508257901743946,0.6604255376366837,0.590685917238261,0.8944006389446624,1.4247438345813634,1.1849724736606504,1.3048581541211206,0.0,0.0,0.0,9.634778513536233,0.4769151110078545,0.9308087903181512,0.6065966707912204
2024-05-02 15:07:01,971.21,981.67,975.9220208834246,982.8060641972105,-0.15,101.9,979.3640425403175,1958.728085080635,6.884043313785924,0.007029095420841359,101.75,102.05000000000001,-1.570673627808219,-0.37868806573681013,-0.9746808467725714,1.1919855620714088,1.2229483559362342,-2.5264421240639194,-0.7437706447542496,-1.635106384409255,0.0,0.0,0.0,9.625199340689123,0.4729861021775174,0.553491496289372,0.8048609174963661
2024-05-02 15:07:02,980.36,984.28,977.0315156625685,983.1745481479079,-0.15,101.9,980.1030319052381,1960.2060638104763,6.143032485339404,0.00626774153236739,101.75,102.05000000000001,1.1094947791439154,0.3684839506973958,0.7389893649205987,0.7410108284465196,1.0027340864263337,2.6801684069521343,0.7471720164342059,1.7136702116931701,0.0,0.0,0.0,9.632462135358978,0.42719287150572627,0.45915432894692715,0.8719081116027089
2024-05-02 15:07:03,979.05,980.36,977.5361367469263,982.470911110931,-0.15,101.9,980.0035239289286,1960.0070478578573,4.934774364004625,0.0050354659330051925,101.75,102.05000000000001,0.5046210843578365,-0.7036370369769429,-0.09950797630949637,1.2082581213347794,12.14220230320541,-0.6048736947860789,-1.0721209876743387,-0.8384973412300951,0.0,0.0,0.0,9.631484169999455,0.3810475551385298,0.7264066241328178,0.7643766409921988
2024-05-02 15:07:04,977.75,977.75,977.5896025601947,981.2906833331982,-0.15,101.9,979.4401429466965,1958.880285893393,3.7010807730034685,0.0037787717767926105,101.75,102.05000000000001,0.05346581326841715,-1.180227777732739,-0.5633809822321609,1.2336935910011562,2.189799514200243,-0.45115527108941933,-0.4765907407557961,-0.46387300592266456,0.0,0.0,0.0,9.62594725622358,0.4273706504167387,1.2162789154160045,0.749704332094062
2024-05-02 15:07:05,979.05,977.75,977.9547019201461,980.4055124998987,-0.15,101.9,979.1801072100225,1958.360214420045,2.450810579752556,0.002502921126770772,101.75,102.05000000000001,0.36509935995138676,-0.8851708332995258,-0.2600357366740127,1.2502701932509126,4.808052159254239,0.3116335466829696,0.2950569444332132,0.30334524555814824,0.0,0.0,0.0,9.623391622473031,0.4098054794998001,1.7950531950878863,0.6368964394264139
2024-05-02 15:07:06,981.67,985.59,978.8835264401096,981.7016343749241,-0.15,101.96,980.2925804075169,1960.5851608150338,2.8181079348145204,0.0028747620743678833,101.80999999999999,102.11,0.9288245199634275,1.296121875025392,1.1124731974944098,0.3672973550619645,0.3301625834461749,0.5637251600120408,2.181292708324918,1.3725089341684225,0.0,0.05999999999998806,0.05999999999998806,9.628647193584813,0.47158636204886756,1.5290637394575268,0.7081991131176072
2024-05-02 15:07:07,975.13,986.9,977.9451448300822,983.001225781193,-0.15,101.96,980.4731853056376,1960.9463706112751,5.056080951110857,0.005156776362402992,101.80999999999999,102.11,-0.9383816100273634,1.2995914062689735,0.18060489812069136,2.237973016296337,12.391472480044884,-1.867206129990791,0.003469531243581514,-0.9318682993737184,0.0,0.0,0.0,9.630421134222734,0.5524155643928658,1.189469931667896,0.639869242353636
2024-05-02 15:07:08,981.67,982.97,978.8763586225616,982.9934193358947,-0.15,101.96,980.9348889792282,1961.8697779584563,4.117060713333103,0.004197078476248596,101.80999999999999,102.11,0.9312137924794115,-0.007806445298342624,0.4617036735905913,0.9390202377777541,2.0338114199173436,1.869595402506775,-1.3073978515673161,0.2810987754698999,0.0,0.0,0.0,9.63495608824548,0.7329040106919932,1.0399079885870361,0.6509442316128677
2024-05-02 15:07:09,973.82,985.59,977.6122689669213,983.642564501921,-0.15,101.96,980.6274167344211,1961.2548334688422,6.030295534999709,0.006149425792042118,101.80999999999999,102.11,-1.264089655640305,0.649145166026301,-0.3074722448070588,1.913234821666606,6.222443266135795,-2.1953034481197164,0.6569516113246436,-0.7691759183976501,0.0,0.0,0.0,9.63193602890173,0.6697910902604755,1.5002785470359794,0.5838704871044553
2024-05-02 15:07:10,986.9,976.44,979.934201725191,981.8419233764408,-0.15,101.96,980.8880625508159,1961.7761251016318,1.907721651249858,0.0019448923094689352,101.80999999999999,102.11,2.321932758269668,-1.8006411254801833,0.2606458163947991,4.122573883749851,15.816705305563488,3.586022413909973,-2.4497862915064843,0.5681180612018579,0.0,0.0,0.0,9.634496148868676,0.2725473964226233,1.6601661852215879,0.5153732046482242
2024-05-02 15:07:11,977.75,982.97,979.3881512938932,982.1239425323306,-0.15,101.96,980.756046913112,1961.512093826224,2.7357912384374004,0.0027894716981442177,101.80999999999999,102.11,-0.5460504312977719,0.28201915588977045,-0.13201563770394387,0.8280695871875423,6.272463846901962,-2.8679831895674397,2.0826602813699537,-0.392661454098743,0.0,0.0,0.0,9.633199462527381,0.18969948756836214,1.6749834157208174,0.30932657604856917
2024-05-02 15:07:12,980.36,984.28,979.6311134704199,982.662956899248,-0.15,101.96,981.147035184834,1962.294070369668,3.031843428828097,0.003090100990996564,101.80999999999999,102.11,0.24296217652670293,0.5390143669173995,0.39098827172199435,0.2960521903906965,0.7571875030913865,0.7890126078244748,0.256995211027629,0.5230039094259382,0.0,0.0,0.0,9.637039834473963,0.19564949254271685,1.5890930341309786,0.33731696163319397
2024-05-02 15:07:13,973.82,976.44,978.1783351028149,981.107217674436,-0.15,101.96,979.6427763886254,1959.2855527772508,2.928882571621102,0.0029897454860315998,101.80999999999999,102.11,-1.4527783676049921,-1.5557392248119868,-1.5042587962085463,0.10296085720699466,0.0684461935807267,-1.695740544131695,-2.0947535917293862,-1.8952470679305407,0.0,0.0,0.0,9.622264677009733,0.5750770430445121,1.5745872812787167,0.7519406420664634
2024-05-02 15:07:14,972.52,977.75,976.7637513271112,980.267913255827,-0.15,101.96,978.5158322914691,1957.0316645829382,3.504161928715803,0.003581098853483777,101.80999999999999,102.11,-1.4145837757037043,-0.8393044186090037,-1.1269440971562972,0.5752793570947006,0.5104768267294876,0.03819459190128782,0.716434806202983,0.3773146990522491,0.0,0.0,0.0,9.61119558668376,1.0983974649062087,0.5839818883776223,0.8484214682234131
2024-05-02 15:07:15,980.36,976.44,977.6628134953335,979.3109349418703,-0.15,101.96,978.4868742186019,1956.9737484372038,1.648121446536834,0.0016843572338858712,101.80999999999999,102.11,0.8990621682222582,-0.9569783139567107,-0.028958072867226292,1.8560404821789689,64.09184750798761,2.3136459439259625,-0.117673895347707,1.0979860242890709,0.0,0.0,0.0,9.61091115418614,1.2334784212910825,0.6878555136693165,0.798560418806991
2024-05-02 15:07:16,969.9,980.36,975.7221101215001,979.5732012064028,-0.15,101.96,977.6476556639515,1955.295311327903,3.8510910849026914,0.00393914009679505,101.80999999999999,102.11,-1.940703373833344,0.26226626453251356,-0.8392185546504152,2.2029696383658575,2.625021814802117,-2.839765542055602,1.2192445784892243,-0.8102604817831889,0.0,0.0,0.0,9.602668166793865,1.3519174001066219,0.8384397482334413,0.7839605336993354
2024-05-02 15:07:17,975.13,990.82,975.5740825911251,982.3849009048022,-0.15,102.01,978.9794917479637,1957.9589834959274,6.810818313677032,0.006957059227624152,101.86,102.16000000000001,-0.14802753037497496,2.811699698399366,1.3318360840122523,2.959727228774341,2.2222892456620564,1.792675843458369,2.5494334338668523,2.1710546386626675,0.0,0.05000000000001137,0.05000000000001137,9.611029669516338,0.7320130646315028,1.9060025058092993,1.1260619788751842
2024-05-02 15:07:18,971.21,980.36,974.4830619433438,981.8786756786017,-0.15,102.01,978.1808688109727,1956.3617376219454,7.395613735257825,0.00756057899260183,101.86,102.16000000000001,-1.0910206477813063,-0.5062252262005131,-0.7986229369910234,0.5847954215807931,0.7322538112044671,-0.9429931174063313,-3.317924924599879,-2.1304590210032757,0.0,0.0,0.0,9.603189271625599,0.4908284419683754,2.406744827281335,0.9948970483942958
2024-05-02 15:07:19,980.36,984.28,975.9522964575079,982.4790067589513,-0.15,102.01,979.2156516082296,1958.4313032164591,6.526710301443359,0.006665243027987629,101.86,102.16000000000001,1.4692345141641,0.6003310803496333,1.0347827972568666,0.8689034338144666,0.8396956312206122,2.560255161945406,1.1065563065501465,1.83340573424789,0.0,0.0,0.0,9.613348144461824,0.6266089697525142,2.4290025884940487,1.0111303482854619
2024-05-02 15:07:20,989.51,985.59,979.3417223431309,983.2567550692136,-0.15,102.01,981.2992387061722,1962.5984774123444,3.9150327260827,0.003989642066017464,101.86,102.16000000000001,3.389425885622927,0.7777483102622682,2.0835870979426545,2.611677575360659,1.2534519552782253,1.9201913714588272,0.17741722991263487,1.048804300685788,0.0,0.0,0.0,9.633803544790583,1.3975319509045623,1.687975520059722,1.3177732698246394
2024-05-02 15:07:21,975.13,985.59,978.2887917573482,983.8400663019102,-0.15,102.01,981.0644290296292,1962.1288580592584,5.55127454456192,0.0056584199514748135,101.86,102.16000000000001,-1.052930585782633,0.5833112326965875,-0.23480967654302276,1.6362418184792205,6.968345062365267,-4.44235647140556,-0.19443707756568074,-2.3183967744856773,0.0,0.0,0.0,9.631498325133819,1.366494310394129,1.3622660179712935,1.1772812026120187
2024-05-02 15:07:22,975.13,975.13,977.4990938180113,981.6625497264326,-0.15,102.01,979.580821772222,1959.161643544444,4.163455908421383,0.004250242360440222,101.86,102.16000000000001,-0.7896979393369747,-2.1775165754775117,-1.4836072574072432,1.387818636140537,0.9354346939035589,0.26323264644565825,-2.760827808174099,-1.2487975808642204,0.0,0.0,0.0,9.61693316468966,1.3071273715403606,1.4956640087114141,1.4347313116499216
2024-05-02 15:07:23,980.36,985.59,978.2143203635085,982.6444122948245,-0.15,102.01,980.4293663291664,1960.8587326583329,4.430091931316042,0.004518522270894703,101.86,102.16000000000001,0.7152265454972166,0.9818625683918754,0.8485445569444892,0.2666360228946587,0.31422711569521744,1.5049244848341914,3.159379143869387,2.3321518143517324,0.0,0.0,0.0,9.625263662908923,0.9070545494678394,1.0957095356035829,1.3580515783556384
2024-05-02 15:07:24,980.36,981.67,978.7507402726313,982.4008092211184,-0.15,102.01,980.5757747468749,1961.1515494937498,3.6500689484870463,0.0037223731594908096,101.86,102.16000000000001,0.5364199091228556,-0.2436030737061401,0.14640841770847146,0.7800229828289957,5.327683116547648,-0.178806636374361,-1.2254656420980155,-0.7021361392360177,0.0,0.0,0.0,9.626701012371628,0.6656854830969526,0.7353660206003071,1.3199467387534154
2024-05-02 15:07:25,979.05,984.28,978.8255552044734,982.8706069158388,-0.15,102.01,980.8480810601561,1961.6961621203122,4.045051711365431,0.004124034889143358,101.86,102.16000000000001,0.07481493184207011,0.4697976947204552,0.2723063132812058,0.3949827628783851,1.4505036905508852,-0.46160497728078553,0.7134007684265953,0.12589789557273434,0.0,0.0,0.0,9.629374351372293,0.5690693346732741,0.7186015816065047,0.8705072446951196
2024-05-02 15:07:26,973.82,982.97,977.5741664033551,982.8954551868792,-0.15,102.01,980.2348107951171,1960.4696215902343,5.321288783524096,0.005428585803618981,101.86,102.16000000000001,-1.2513888011183099,0.02484827104035503,-0.6132702650389774,1.2762370721586649,2.081031910206247,-1.32620373296038,-0.44494942368010015,-0.8855765783201832,0.0,0.0,0.0,9.623353634122948,0.4766929780211026,0.6252179339367273,0.9021019409349301
2024-05-02 15:07:27,980.36,981.67,978.2706248025164,982.5890913901594,-0.15,102.01,980.429858096338,1960.859716192676,4.318466587643002,0.004404666532314032,101.86,102.16000000000001,0.6964583991613154,-0.3063637967197792,0.19504730122082492,1.0028221958810946,5.141404409084006,1.9478472002796252,-0.33121206776013423,0.8083175662598023,0.0,0.0,0.0,9.625268490782148,0.22752611740069179,0.6192057618812375,0.5209571359309826
2024-05-02 15:07:28,979.05,984.28,978.4654686018873,983.0118185426195,-0.15,102.01,980.7386435722534,1961.4772871445068,4.546349940732171,0.004635638623901732,101.86,102.16000000000001,0.1948437993709149,0.42272715246008374,0.3087854759154425,0.22788335308916885,0.7379965473344501,-0.5016145997904005,0.729090949179863,0.11373817469461756,0.0,0.0,0.0,9.628299960180183,0.243767500816844,0.624980487855051,0.3827362042717047
2024-05-02 15:07:29,980.36,977.75,978.9391014514155,981.6963639069646,-0.15,102.01,980.31773267919,1960.63546535838,2.757262455549153,0.002812621215369618,101.86,102.16000000000001,0.4736328495281441,-1.3154546356548735,-0.4209108930633647,1.7890874851830176,4.250503525006565,0.2787890501572292,-1.7381817881149573,-0.7296963689788072,0.0,0.0,0.0,9.624167711123329,0.26721810889034814,0.9349806044127086,0.4322880706901442
2024-05-02 15:07:30,969.9,982.97,976.6793260885617,982.0147729302234,-0.15,102.01,979.3470495093925,1958.694099018785,5.335446841661792,0.005447963353631014,101.86,102.16000000000001,-2.2597753628538157,0.31840902325882325,-0.9706831697975531,2.578184386112639,2.6560486575673194,-2.73340821238196,1.6338636589136968,-0.5497722767341884,0.0,0.0,0.0,9.614638129734482,0.5207306361406395,1.0529647360429806,0.5427395762658406
2024-05-02 15:07:31,980.36,982.97,977.5994945664213,982.2535796976676,-0.15,102.01,979.9265371320445,1959.853074264089,4.654085131246347,0.004749422482340418,101.86,102.16000000000001,0.9201684778596473,0.2388067674442027,0.5794876226519818,0.6813617104154446,1.175798253462249,3.179943840713463,-0.07960225581462055,1.550170792449535,0.0,0.0,0.0,9.620327189394436,0.5356309165942224,0.9534284818686636,0.6264150162662705
2024-05-02 15:07:32,975.13,981.67,976.982120924816,982.1076847732508,-0.15,102.01,979.5449028490334,1959.0898056980668,5.125563848434808,0.005232597125761532,101.86,102.16000000000001,-0.6173736416053544,-0.14589492441689345,-0.38163428301106705,0.4714787171884609,1.2354170019829862,-1.5375421194650016,-0.38470169186109615,-0.9611219056630489,0.0,0.0,0.0,9.616580534384969,0.5661870759079097,1.018700713709357,0.6203953858213739
2024-05-02 15:07:33,976.44,982.97,976.846590693612,982.3232635799382,-0.15,102.07,979.5849271367751,1959.1698542735503,5.476672886326128,0.005590809667460956,101.91999999999999,102.22,-0.13553023120391572,0.2155788066874038,0.04002428774174405,0.35110903789131953,8.772180231577279,0.48184341040143863,0.36147373110429726,0.4216585707528111,0.0,0.05999999999998806,0.05999999999998806,9.611311985139945,0.38242720610608166,1.1135413187079992,0.5779775185321996
2024-05-02 15:07:34,980.36,986.9,977.724943020209,983.4674476849536,-0.15,102.07,980.5961953525814,1961.1923907051628,5.742504664744615,0.005856135977382325,101.91999999999999,102.22,0.8783523265969961,1.1441841050154835,1.0112682158062398,0.2658317784184874,0.26286944590373157,1.0138825578009119,0.9286052983280797,0.9712439280644958,0.0,0.0,0.0,9.62123416141432,0.49153679821533347,0.4093962296163866,0.7798130389265066
2024-05-02 15:07:35,977.75,986.9,977.7312072651567,984.3255857637153,-0.15,102.07,981.028396514436,1962.056793028872,6.5943784985585125,0.00672190378511594,101.91999999999999,102.22,0.0062642449477152695,0.8581380787616126,0.43220116185466395,0.8518738338138974,1.9710078037516987,-0.8720880816492809,-0.2860460262538709,-0.5790670539515759,0.0,0.0,0.0,9.625474753620109,0.6528979541401635,0.726473317823785,0.5308314875551672
2024-05-02 15:07:36,979.05,984.28,978.0609054488675,984.3141893227864,-0.15,102.07,981.187547385827,1962.375094771654,6.253283873918917,0.006373178995398312,101.91999999999999,102.22,0.3296981837107751,-0.011396440928820084,0.15915087139092066,0.34109462463959517,2.143202097836306,0.3234339387630598,-0.8695345196904327,-0.2730502904637433,0.0,0.0,0.0,9.627036280992845,0.7823789167877371,0.5898749625091589,0.5157537072146551
2024-05-02 15:07:37,981.67,984.28,978.9631790866506,984.3056419920897,-0.15,102.07,981.6344105393702,1963.2688210787403,5.342462905439106,0.005442416079384598,101.91999999999999,102.22,0.9022736377830824,-0.00854733069672875,0.44686315354317685,0.9108209684798112,2.0382502406110006,0.5725754540723074,0.002849110232091334,0.2877122821522562,0.0,0.0,0.0,9.63142073104346,0.7772289127242,0.5291937350992424,0.3751234438426446
2024-05-02 15:07:38,980.36,980.36,979.312384314988,983.3192314940674,-0.15,102.07,981.3158079045277,1962.6316158090553,4.0068471790793865,0.004083137296598075,101.91999999999999,102.22,0.3492052283373823,-0.9864104980223374,-0.31860263484247753,1.3356157263597197,4.192091929585388,-0.5530684094457001,-0.9778631673256086,-0.7654657883856544,0.0,0.0,0.0,9.628294724060371,0.38243041578852804,1.0049383886479104,0.48394083289204
2024-05-02 15:07:39,977.75,980.36,978.921788236241,982.5794236205505,-0.15,102.07,980.7506059283958,1961.5012118567915,3.657635384309515,0.003729424543273882,101.91999999999999,102.22,-0.39059607874696667,-0.7398078735168383,-0.5652019761319025,0.34921179476987163,0.6178520098386308,-0.739801307084349,0.24660262450549908,-0.24659934128942496,0.0,0.0,0.0,9.622749178823064,0.3287462318407885,1.3107505942747446,0.4549741502917739
2024-05-02 15:07:40,980.36,984.28,979.2813411771808,983.0045677154128,-0.15,102.07,981.1429544462968,1962.2859088925936,3.723226538231984,0.0037947849674346214,101.91999999999999,102.22,0.35955294093980683,0.4251440948622758,0.3923485179010413,0.06559115392246895,0.1671753141774279,0.7501490196867735,1.164951968379114,0.9575504940329438,0.0,0.0,0.0,9.626598752155594,0.3190971703930817,1.1503431046070698,0.4464552738404296
2024-05-02 15:07:41,982.97,981.67,980.2035058828856,982.6709257865596,-0.15,102.07,981.4372158347226,1962.8744316694451,2.467419903673999,0.002514088381151661,101.91999999999999,102.22,0.9221647057047448,-0.33364192885323973,0.29426138842575256,1.2558066345579846,4.267642362574129,0.562611764764938,-0.7587860237155155,-0.09808712947528875,0.0,0.0,0.0,9.629485932154992,0.3345941453585893,1.0266572722755647,0.4606267057198135
2024-05-02 15:07:42,975.13,981.67,978.9351294121642,982.4206943399197,-0.15,102.07,980.6779118760419,1961.3558237520838,3.4855649277554903,0.0035542402678707696,101.91999999999999,102.22,-1.268376470721364,-0.25023144663987296,-0.7593039586806754,1.018145024081491,1.340890787609976,-2.190541176426109,0.08341048221336678,-1.053565347106428,0.0,0.0,0.0,9.622035932633498,0.3377154595312341,0.5901117281374044,0.513578767096095
2024-05-02 15:07:43,980.36,980.36,979.2913470591232,981.9055207549399,-0.15,102.07,980.5984339070314,1961.196867814063,2.614173695816703,0.0026658962555498548,101.91999999999999,102.22,0.3562176469589531,-0.5151735849798342,-0.07947796901044057,0.8713912319387873,10.963796370135588,1.6245941176803171,-0.2649421383399613,0.6798259896702348,0.0,0.0,0.0,9.621256125252899,0.35634131273000874,0.6008471446053221,0.50988100494386
2024-05-02 15:07:44,980.36,982.97,979.5585102943425,982.1716405662048,-0.15,102.07,980.8650754302737,1961.7301508605474,2.61313027186236,0.002664107770431073,101.91999999999999,102.22,0.2671632352193001,0.2661198112649572,0.26664152324224233,0.0010434239543428703,0.003913194120935201,-0.089054411739653,0.7812933962447914,0.3461194922526829,0.0,0.0,0.0,9.62387230971744,0.3461546358754666,0.5786060294345892,0.4721926042380598
2024-05-02 15:07:45,982.97,984.28,980.4113827207568,982.6987304246536,-0.15,102.07,981.5550565727052,1963.1101131454104,2.287347703896785,0.0023303305161028703,101.91999999999999,102.22,0.8528724264143648,0.5270898584487895,0.6899811424315203,0.32578256796557525,0.4721608690009085,0.5857091911950647,0.2609700471838323,0.423339619189278,0.0,0.0,0.0,9.630642140326366,0.441268460036956,0.4626528664592189,0.5437497264951995
2024-05-02 15:07:46,976.44,979.05,979.4185370405677,981.7865478184901,-0.15,102.07,980.602542429529,1961.205084859058,2.36801077792245,0.0024148527798435464,101.91999999999999,102.22,-0.9928456801891343,-0.9121826061634692,-0.9525141431762449,0.08066307402566508,0.08468429568131275,-1.845718106603499,-1.4392724646122588,-1.6424952856077653,0.0,0.0,0.0,9.621296436501497,0.4034186766567281,0.4767207558169749,0.6888356448271082
2024-05-02 15:07:47,982.97,984.28,980.3064027804257,982.4099108638675,-0.15,102.07,981.3581568221466,1962.7163136442932,2.1035080834417386,0.0021434662428545903,101.91999999999999,102.22,0.8878657398580572,0.6233630453773458,0.7556143926176446,0.2645026944807114,0.35004937308702316,1.8807114200471915,1.535545651540815,1.7081285357938896,0.0,0.0,0.0,9.628710235414408,0.4398041067580131,0.2195893557643012,0.6962718744010112
2024-05-02 15:07:48,981.67,980.36,980.6473020853193,981.8974331479006,-0.15,102.07,981.2723676166099,1962.5447352332199,1.2501310625813176,0.0012739898753531015,101.91999999999999,102.22,0.34089930489358267,-0.5124777159668383,-0.08578920553668468,0.853377020860421,9.947254648964668,-0.5469664349644745,-1.135840761344184,-0.8414035981543293,0.0,0.0,0.0,9.627868504599112,0.3877472225752466,0.5219047058127179,0.696765821656592
2024-05-02 15:07:49,984.28,982.97,981.5554765639895,982.1655748609255,-0.15,102.07,981.8605257124575,1963.721051424915,0.6100982969360302,0.0006213696144592035,101.91999999999999,102.22,0.908174478670162,0.26814171302487466,0.5881580958475752,0.6400327656452873,1.0881966633925109,0.5672751737765793,0.780619428991713,0.6739473013842598,0.0,0.0,0.0,9.633639286487622,0.465138808204949,0.7650923985750528,0.7261913936474531
2024-05-02 15:07:50,982.97,982.97,981.9091074229921,982.3666811456942,-0.15,102.07,982.1378942843431,1964.2757885686863,0.45757372270213637,0.00046589559867218254,101.91999999999999,102.22,0.3536308590025783,0.20110628476868442,0.27736857188563135,0.15252457423389387,0.5498965629033916,-0.5545436196675837,-0.06703542825619024,-0.3107895239619438,0.0,0.0,0.0,9.63636072064347,0.5915729302994706,0.8598930352078032,0.6783287185848373
2024-05-02 15:07:51,985.59,982.97,982.8293305672441,982.5175108592707,-0.15,102.07,982.6734207132574,1965.3468414265149,0.3118197079734273,0.0003173177386132824,101.91999999999999,102.22,0.920223144252077,0.1508297135765133,0.5355264289142951,0.7693934306755636,1.4367021913992308,0.5665922852494987,-0.050276571192171104,0.2581578570286638,0.0,0.0,0.0,9.641615100781422,0.5779351264947887,0.7392383802356814,0.32797002582574053
2024-05-02 15:07:52,976.44,981.67,981.2319979254331,982.305633144453,-0.15,102.07,981.7688155349431,1963.5376310698862,1.073635219019934,0.0010935723369267568,101.91999999999999,102.22,-1.5973326418110219,-0.2118777148176605,-0.9046051783143412,1.3854549269933614,1.5315558971474659,-2.517555786063099,-0.3627074283941738,-1.4401316072286363,0.0,0.0,0.0,9.632739461363851,0.5143897962608024,0.4035843946747681,0.6126977287348213
2024-05-02 15:07:53,980.36,992.12,981.0139984440749,984.7592248583397,-0.15,102.1,982.8866116512073,1965.7732233024146,3.7452264142648346,0.003810435879437384,101.94999999999999,102.25,-0.21799948135821978,2.4535917138866807,1.1177961162642305,2.6715911952449005,2.390050176702528,1.379333160452802,2.6654694287043412,2.0224012945785717,0.0,0.030000000000001137,0.030000000000001137,9.640869073176443,0.4947630321235434,1.4295385421727158,0.751044897454289
2024-05-02 15:07:54,981.67,982.97,981.1779988330562,984.3119186437548,-0.15,102.13,982.7449587384056,1965.4899174768111,3.1339198106985577,0.00318894518831495,101.97999999999999,102.28,0.16400038898132152,-0.44730621458495534,-0.14165291280176007,0.6113066035662769,4.315493949127831,0.3819998703395413,-2.900897928471636,-1.2594490290659905,0.0,0.030000000000001137,0.030000000000001137,9.636643940986092,0.4713480923668554,1.5884115643210017,0.7574829633615198
2024-05-02 15:07:55,975.13,986.9,979.6659991247922,984.9589389828161,-0.15,102.13,982.3124690538041,1964.6249381076082,5.292939858023942,0.005388244595667235,101.97999999999999,102.28,-1.5119997082640566,0.6470203390613278,-0.4324896846014781,2.1590200473253844,4.992061388131008,-1.6760000972453781,1.0943265536462832,-0.290836771799718,0.0,0.0,0.0,9.632403014526389,0.4490991068724616,2.021875804852415,0.7993098346698339
2024-05-02 15:07:56,980.36,986.9,979.8394993435942,985.4442042371121,-0.15,102.13,982.6418517903531,1965.2837035807063,5.604704893517919,0.005703710744257994,101.97999999999999,102.28,0.17350021880201894,0.4852652542959959,0.32938273654906425,0.31176503549397694,0.9465101062982725,1.6854999270660755,-0.16175508476533196,0.7618724211505423,0.0,0.0,0.0,9.63563289031889,0.44586204056472434,1.8276407326801725,0.7718784277524412
2024-05-02 15:07:57,976.44,985.59,978.9896245076957,985.4806531778341,-0.15,102.13,982.2351388427649,1964.4702776855297,6.491028670138462,0.006608426441735264,101.97999999999999,102.28,-0.849874835898504,0.03644894072203897,-0.40671294758828935,0.886323776620543,2.1792313292332817,-1.023375054700523,-0.4488163135739569,-0.7360956841373536,0.0,0.0,0.0,9.631644726525987,0.28031344515569123,1.3805925063382778,0.6494224272221156
2024-05-02 15:07:58,984.28,985.59,980.3122183807718,985.5079898833757,-0.15,102.13,982.9101041320737,1965.8202082641474,5.195771502603861,0.005286110576618505,101.97999999999999,102.28,1.32259387307613,0.027336705541529227,0.6749652893088296,1.2952571675346007,1.9189953454726658,2.172468708974634,-0.009112235180509742,1.081678236897119,0.0,0.0,0.0,9.638263330984609,0.2871812336884128,1.2341009317999059,0.48386182074656586
2024-05-02 15:07:59,980.36,984.28,980.3241637855789,985.2009924125318,-0.15,102.13,982.7625780990554,1965.5251561981108,4.876828626952943,0.004962367036221262,101.97999999999999,102.28,0.011945404807079285,-0.30699747084383944,-0.1475260330182664,0.3189428756509187,2.1619283539134697,-1.3106484682690507,-0.33433417638536866,-0.822491322327096,0.0,0.0,0.0,9.636816713691301,0.289976086627492,0.6157459771289833,0.48431284310224526
2024-05-02 15:08:00,980.36,984.28,980.3331228391842,984.9707443093989,-0.15,102.13,982.6519335742915,1965.303867148583,4.637621470214754,0.004719495588459695,101.97999999999999,102.28,0.008959053605281042,-0.230248103132908,-0.11064452476387032,0.23920715673818904,2.161923469102644,-0.002986351201798243,0.07674936771093144,0.03688150825439607,0.0,0.0,0.0,9.635731750721318,0.2510176852935755,0.7282437023712931,0.4302457029967416
2024-05-02 15:08:01,981.67,985.59,980.6673421293881,985.1255582320492,-0.15,102.13,982.8964501807186,1965.7929003614372,4.45821610266114,0.004535794281590542,101.97999999999999,102.28,0.3342192902039187,0.15481392265030536,0.2445166064270552,0.17940536755361336,0.7337114499651942,0.3252602365986377,0.38506202578321336,0.3551611311909255,0.0,0.0,0.0,9.638129442465084,0.2759869166470395,0.8084758769587532,0.4188746851772363
2024-05-02 15:08:02,982.97,982.97,981.2430065970411,984.5866686740369,-0.15,102.13,982.914837635539,1965.829675271078,3.34366207699577,0.003401782072633443,101.97999999999999,102.28,0.5756644676530414,-0.538889558012329,0.01838745482041304,1.1145540256653703,60.61161944004685,0.24144517744912264,-0.6937034806626343,-0.22612915160664215,0.0,0.0,0.0,9.63830974698205,0.11645100575727002,0.7042498619649074,0.33812448247048715
2024-05-02 15:08:03,979.05,979.05,980.6947549477809,983.2025015055276,-0.15,102.13,981.9486282266543,1963.8972564533085,2.5077465577467137,0.0025538469967840583,101.97999999999999,102.28,-0.5482516492602372,-1.3841671685092933,-0.9662094088847653,0.8359155192490562,0.8651485344831876,-1.1239161169132785,-0.8452776104969644,-0.9845968637051783,0.0,0.0,0.0,9.628835248066475,0.39822555268983295,1.0045846715660984,0.4590223439737827
2024-05-02 15:08:04,981.67,984.28,980.9385662108357,983.4718761291456,-0.15,102.13,982.2052211699906,1964.4104423399813,2.5333099183098966,0.002579206321783795,101.97999999999999,102.28,0.24381126305479484,0.2693746236179777,0.25659294333638627,0.02556336056318287,0.09962573640980349,0.792062912315032,1.653541792127271,1.2228023522211515,0.0,0.0,0.0,9.631351358488326,0.4302647727936212,1.0192869137187097,0.5024041926790084
2024-05-02 15:08:05,980.36,982.97,980.7939246581268,983.3464070968591,-0.15,102.13,982.070165877493,1964.140331754986,2.5524824387323406,0.0025990835734762186,101.97999999999999,102.28,-0.14464155270889023,-0.12546903228644624,-0.13505529249766823,0.019172520422443995,0.14195947532600164,-0.38845281576368507,-0.39484365590442394,-0.3916482358340545,0.0,0.0,0.0,9.630027027333458,0.46414898766125845,0.8475865650344317,0.5025127438993048
2024-05-02 15:08:06,982.97,982.97,981.337943493595,983.2523053226444,-0.15,102.13,982.2951244081197,1964.5902488162394,1.9143618290493123,0.001948866261811023,101.97999999999999,102.28,0.5440188354682505,-0.09410177421477783,0.22495853062673632,0.6381206096830283,2.836601800800468,0.6886603881771407,0.0313672580716684,0.36001382312440455,0.0,0.0,0.0,9.63223293563333,0.3749820546074469,0.5084148036357181,0.49906572574594377
2024-05-02 15:08:07,982.97,981.67,981.7459576201964,982.8567289919833,-0.15,102.13,982.3013433060898,1964.6026866121797,1.1107713717869956,0.001130784741592366,101.97999999999999,102.28,0.40801412660130154,-0.39557633066101516,0.006218897970143189,0.8035904572623167,129.19672655720703,-0.13600470886694893,-0.30147455644623733,-0.21873963265659313,0.0,0.0,0.0,9.63229391717784,0.15243504895196097,0.6262933204982426,0.4982495482084174
2024-05-02 15:08:08,982.97,985.59,982.0519682151473,983.5400467439875,-0.15,102.13,982.7960074795674,1965.5920149591348,1.4880785288402194,0.0015141275666578544,101.97999999999999,102.28,0.30601059495097616,0.6833177520042,0.4946641734775312,0.3773071570532238,0.7627526199201125,-0.10200353165032539,1.0788940826652151,0.48844527550738803,0.0,0.0,0.0,9.63714451698787,0.27487278907406226,0.6359288112222905,0.2427999231178124
2024-05-02 15:08:09,977.75,981.67,980.9764761613606,983.0725350579906,-0.15,102.13,982.0245056096755,1964.049011219351,2.0960588966300975,0.0021344262617910576,101.97999999999999,102.28,-1.0754920537867747,-0.46751168599689663,-0.7715018698918357,0.6079803677898781,0.7880467999751143,-1.3815026487377509,-1.1508294380010966,-1.266166043369367,0.0,0.0,0.0,9.629579289861702,0.3060787635651328,0.5554407290890248,0.4749371285354924
2024-05-02 15:08:10,981.67,982.97,981.1498571210204,983.046901293493,-0.15,102.13,982.0983792072567,1964.1967584145134,1.8970441724725333,0.001931623359435937,101.97999999999999,102.28,0.17338095965988032,-0.025633764497683842,0.07387359758115508,0.19901472415756416,2.6939534112376875,1.248873013446655,0.4418779214992128,0.8453754674729907,0.0,0.0,0.0,9.630303682849119,0.3010605893322753,0.39803679483280385,0.4732470034207388
2024-05-02 15:08:11,979.05,980.36,980.6248928407654,982.3751759701198,-0.15,102.13,981.5000344054426,1963.0000688108853,1.7502831293544432,0.0017832736283411625,101.97999999999999,102.28,-0.5249642802550625,-0.6717253233731526,-0.5983448018140507,0.14676104311809013,0.24527796914951763,-0.6983452399149428,-0.6460915588754688,-0.6722183993952058,0.0,0.0,0.0,9.624436406952405,0.4692873610030243,0.3825377906683491,0.5188898347112955
2024-05-02 15:08:12,981.67,981.67,980.886169630574,982.1988819775898,-0.15,102.13,981.542525804082,1963.085051608164,1.312712347015804,0.0013373973222434042,101.97999999999999,102.28,0.26127678980867586,-0.17629399252996336,0.042491398639299405,0.4375707823386392,10.297624901173469,0.7862410700637383,0.49543133084318924,0.6408362004533501,0.0,0.0,0.0,9.624853070986752,0.525085220614757,0.3133406939392711,0.5220216252067345
2024-05-02 15:08:13,982.97,984.28,981.4071272229305,982.7191614831925,-0.15,102.13,982.0631443530615,1964.126288706123,1.312034260261953,0.0013359978596796478,101.97999999999999,102.28,0.5209575923564671,0.5202795056026162,0.5206185489795416,0.0006780867538509483,0.001302461183372879,0.25968080254779125,0.6965734981325795,0.4781271503402422,0.0,0.0,0.0,9.629958175358928,0.2976993324692229,0.35186957760640325,0.5301227371056584
2024-05-02 15:08:14,980.36,981.67,981.145345417198,982.4568711123943,-0.15,102.13,981.8011082647961,1963.6022165295922,1.3115256951963374,0.0013358364365451264,101.97999999999999,102.28,-0.2617818057325394,-0.262290370798155,-0.26203608826540403,0.0005085650656155849,0.0019408132985376683,-0.7827393980890065,-0.7825698764007711,-0.7826546372449457,0.0,0.0,0.0,9.627388690306017,0.2804207816510509,0.2849641595050568,0.41683469133187995
2024-05-02 15:08:15,976.44,979.05,979.9690090628985,981.6051533342957,-0.15,102.13,980.7870811985971,1961.5741623971942,1.6361442713971428,0.0016681951680373418,101.97999999999999,102.28,-1.1763363542994512,-0.8517177780986458,-1.0140270661989916,0.32461857620080536,0.3201278021994143,-0.9145545485669118,-0.5894274073004908,-0.7519909779335876,0.0,0.0,0.0,9.61744529889343,0.4770588104241673,0.21261477857274722,0.5881919336816079
2024-05-02 15:08:16,982.97,986.9,980.719256797174,982.9288650007218,-0.15,102.15,981.8240608989479,1963.6481217978958,2.2096082035477593,0.0022505133957240278,102.0,102.30000000000001,0.7502477342754901,1.3237116664261066,1.0369797003507983,0.5734639321506165,0.5530131196816107,1.9265840885749412,2.1754294445247524,2.05100676654979,0.0,0.020000000000010232,0.020000000000010232,9.625725992874724,0.4922465198498136,0.3911846808109301,0.7784746720797086
2024-05-02 15:08:17,980.36,989.51,980.6294425978805,984.5741487505413,-0.15,102.18,982.601795674211,1965.203591348422,3.9447061526608422,0.004014552147179454,102.03,102.33000000000001,-0.08981419929352796,1.645283749819555,0.7777347752630703,1.735097949113083,2.2309606993791475,-0.840061933569018,0.32157208339344834,-0.259244925087728,0.0,0.030000000000001137,0.030000000000001137,9.630518338172035,0.6590740164795188,1.103542031418521,0.8402001583134292
2024-05-02 15:08:18,976.44,984.28,979.5820819484104,984.500611562906,-0.15,102.18,982.0413467556582,1964.0826935113164,4.918529614495583,0.005008475076671988,102.03,102.33000000000001,-1.047360649470079,-0.07353718763533834,-0.5604489185527655,0.9738234618347406,1.7375744550903287,-0.9575464501765509,-1.7188209374548933,-1.3381836938158358,0.0,0.0,0.0,9.625025356567997,0.6570950353024292,1.5586142984625238,0.8790790700197515
2024-05-02 15:08:19,981.67,986.9,980.1040614613078,985.1004586721796,-0.15,102.18,982.6022600667436,1965.2045201334872,4.996397210871805,0.0050848623179917795,102.03,102.33000000000001,0.5219795128973601,0.5998471092735826,0.5609133110854145,0.07786759637622254,0.13882262377214524,1.569340162367439,0.673384296908921,1.12136222963818,0.0,0.0,0.0,9.630522889701272,0.7457538923874493,1.5475647781802069,0.8956571695526544
2024-05-02 15:08:20,981.67,982.97,980.4955460959809,984.5678440041347,-0.15,102.18,982.5316950500578,1965.0633901001156,4.072297908153814,0.004144698765978884,102.03,102.33000000000001,0.39148463467313377,-0.5326146680448574,-0.07056501668580495,0.9240993027179911,13.095528784521612,-0.13049487822422634,-1.13246177731844,-0.6314783277712195,0.0,0.0,0.0,9.62983127923382,0.3631450456071815,1.1231968409001056,0.6529105865068852
2024-05-02 15:08:21,980.36,986.9,980.4616595719857,985.1508830031011,-0.15,102.18,982.8062712875434,1965.6125425750868,4.689223431115352,0.0047712591619922095,102.03,102.33000000000001,-0.033886523995192874,0.5830389989663445,0.2745762374855758,0.6169255229615374,2.246819614804909,-0.42537115866832664,1.1156536670112018,0.34514125417138075,0.0,0.0,0.0,9.632522411594834,0.284867901538804,0.48624258312951896,0.5293916782005313
2024-05-02 15:08:22,976.44,985.59,979.4562446789893,985.2606622523258,-0.15,102.18,982.3584534656575,1964.716906931315,5.804417573336536,0.005908655386382135,102.03,102.33000000000001,-1.0054148929964413,0.10977924922474358,-0.4478178218859057,1.1151941422211848,2.490279746449138,-0.9715283690012484,-0.4732597497416009,-0.7223940593714815,0.0,0.0,0.0,9.628133331740901,0.28746466035395757,0.6239092896157261,0.4737604827698492
2024-05-02 15:08:23,981.67,984.28,980.009683509242,985.0154966892444,-0.15,102.18,982.5125900992432,1965.0251801984864,5.005813180002406,0.005094909953674853,102.03,102.33000000000001,0.5534388302527304,-0.24516556308140025,0.15413663358572194,0.7986043933341307,5.181112326406618,1.5588537232491717,-0.35494481230614383,0.6019544554716276,0.0,0.0,0.0,9.629644030869343,0.16284957262042463,0.6259090683972738,0.37910424686409133
2024-05-02 15:08:24,975.13,985.59,978.7897626319316,985.1591225169334,-0.15,102.18,981.9744425744325,1963.948885148865,6.369359885001813,0.006486278667107719,102.03,102.33000000000001,-1.2199208773104147,0.143625827688993,-0.5381475248107108,1.3635467049994077,2.5337739343966863,-1.773359707563145,0.38879139077039326,-0.6922841583964328,0.0,0.0,0.0,9.624369626090981,0.30461892234818,0.9086174684799008,0.3589715284367694
2024-05-02 15:08:25,980.36,986.9,979.1823219739487,985.5943418877001,-0.15,102.18,982.3883319308244,1964.7766638616488,6.412019913751465,0.006526970749563016,102.03,102.33000000000001,0.39255934201707987,0.4352193707667311,0.4138893563919055,0.042660028749651246,0.10307084494922907,1.6124802193274945,0.2915935430777381,0.9520368812026163,0.0,0.0,0.0,9.628426171737708,0.30015530978883864,0.7841995772009355,0.43488147080746536
2024-05-02 15:08:26,977.75,984.28,978.8242414804615,985.2657564157751,-0.15,102.18,982.0449989481183,1964.0899978962366,6.441514935313535,0.0065592869325273705,102.03,102.33000000000001,-0.35808049348713666,-0.3285854719250665,-0.3433329827061016,0.02949502156207018,0.08590766730865179,-0.7506398355042165,-0.7638048426917976,-0.7572223390980071,0.0,0.0,0.0,9.625061151848056,0.23326094852615556,0.61797310442528,0.41448054335074275
2024-05-02 15:08:27,982.97,985.59,979.8606811103461,985.3468173118313,-0.15,102.18,982.6037492110887,1965.2074984221774,5.486136201485124,0.005583264057669798,102.03,102.33000000000001,1.036439629884626,0.08106089605621492,0.5587502629704204,0.955378733828411,1.7098462180639178,1.3945201233717626,0.4096463679812814,0.902083245676522,0.0,0.0,0.0,9.630537484862797,0.28113944637154187,0.6590377896738943,0.4750554316197218
2024-05-02 15:08:28,979.05,980.36,979.6580108327596,984.1001129838735,-0.15,102.18,981.8790619083165,1963.758123816633,4.442102151113886,0.0045240827703937605,102.03,102.33000000000001,-0.20267027758654876,-1.2467043279577865,-0.7246873027721676,1.0440340503712378,1.4406663476938555,-1.2391099074711747,-1.3277652240140014,-1.283437565742588,0.0,0.0,0.0,9.623434796480268,0.30577390848803104,0.8729417614818503,0.5779028128148441
2024-05-02 15:08:29,973.82,982.97,978.1985081245697,983.8175847379052,-0.15,102.18,981.0080464312375,1962.016092862475,5.619076613335551,0.0057278598560420195,102.03,102.33000000000001,-1.4595027081899161,-0.2825282459682512,-0.8710154770790268,1.176974462221665,1.3512654389371312,-1.2568324306033674,0.9641760819895353,-0.14632817430685918,0.0,0.0,0.0,9.614897939981766,0.6153836466878185,0.819976207290308,0.6516208904938291
2024-05-02 15:08:30,981.67,984.28,979.0663810934273,983.9331885534289,-0.15,102.18,981.4997848234281,1962.9995696468561,4.86680746000161,0.00495854154050437,102.03,102.33000000000001,0.8678729688575686,0.11560381552362742,0.49173839219054116,0.7522691533339412,1.529812671673147,2.3273756770474847,0.39813206149187863,1.362753869269568,0.0,0.0,0.0,9.619717487049991,0.5977778876323774,0.7645034054065148,0.6704145164440168
2024-05-02 15:08:31,980.36,985.59,979.3897858200704,984.3473914150717,-0.15,102.18,981.868588617571,1963.737177235142,4.957605595001269,0.005049153876011261,102.03,102.33000000000001,0.32340472664316167,0.4142028616428206,0.36880379414299114,0.09079813499965894,0.24619564724111248,-0.5444682422144069,0.2985990461191932,-0.12293459804755003,0.0,0.0,0.0,9.62333214735116,0.585304280626184,0.48029560255610876,0.7013630066633786
2024-05-02 15:08:32,981.67,980.36,979.9598393650529,983.3505435613038,-0.15,102.18,981.6551914631783,1963.3103829263566,3.3907041962509084,0.0034540684165719347,102.03,102.33000000000001,0.5700535449824429,-0.9968478537679175,-0.21339715439273732,1.5669013987503604,7.342619261208041,0.2466488183392812,-1.4110507154107381,-0.5822009485357285,0.0,0.0,0.0,9.621240633558147,0.357742137596837,0.823050013687326,0.6179094833221064
2024-05-02 15:08:33,982.97,986.9,980.7123795237897,984.2379076709778,-0.15,102.24,982.4751435973837,1964.9502871947675,3.525528147188197,0.0035884145940739817,102.08999999999999,102.39,0.7525401587367924,0.8873641096740812,0.8199521342054368,0.13482395093728883,0.16442885003170082,0.1824866137543495,1.8842119634419987,1.033349288598174,0.0,0.05999999999998806,0.05999999999998806,9.623617729197434,0.5362262248598848,0.9711436620221314,0.6676990373892916
2024-05-02 15:08:34,977.75,982.97,979.9717846428423,983.9209307532335,-0.15,102.24,981.9463576980379,1963.8927153960758,3.9491461103912116,0.0040217534037474125,102.08999999999999,102.39,-0.7405948809473557,-0.31697691774434134,-0.5287858993458485,0.42361796320301437,0.8011128182771992,-1.493135039684148,-1.2043410274184225,-1.3487380335512853,0.0,0.0,0.0,9.618438124004308,0.3719629458913968,0.7369111576070432,0.5475426132926718
2024-05-02 15:08:35,979.05,840.34,979.7413384821318,948.0256980649251,-0.15,102.18,963.8835182735285,1927.767036547057,31.715640417206714,0.032904017739727044,102.03,102.33000000000001,-0.2304461607104713,-35.8952326883084,-18.062839424509434,35.664786527597926,1.974483840271569,0.5101487202368844,-35.578255770564056,-17.534053525163586,0.0,-0.05999999999998806,0.05999999999998806,9.447059774835527,8.101438244621127,12.429777911821743,8.144524069244351
2024-05-02 15:08:36,899.26,667.16,959.6210038615989,877.8092735486938,-0.15,99.96,918.7151387051463,1837.4302774102925,81.81173031290507,0.0890501601390414,99.80999999999999,100.11,-20.120334620532958,-70.21642451623131,-45.16837956838219,50.096089895698356,1.109096435721354,-19.889888459822487,-34.32119182792292,-27.10554014387276,0.0,-2.220000000000013,2.220000000000013,9.204640111216374,27.435325599701418,34.07290651170497,19.810189979629595
2024-05-02 15:08:37,759.06,606.69,909.4807528961991,810.0294551615203,-0.15,97.8,859.7551040288597,1719.5102080577194,99.45129773467875,0.115673983385467,97.64999999999999,97.95,-50.14025096539979,-67.77981838717346,-58.96003467628657,17.639567421773677,0.299178370898921,-30.01991634486683,2.43660612905785,-13.791655107904376,0.0,-2.1599999999999966,2.1599999999999966,8.804455660260155,52.48134193877677,44.43447851950465,26.79440259955801
2024-05-02 15:08:38,610.64,571.17,834.7705646721492,750.3145913711403,-0.15,95.56,792.5425780216448,1585.0851560432895,84.45597330100895,0.106563326105792,95.41,95.71000000000001,-74.71018822404983,-59.714863790380036,-67.21252600721493,14.995324433669794,0.22310311933458654,-24.569937258650043,8.064954596793427,-8.252491330928365,0.0,-2.239999999999995,2.239999999999995,8.30670338240165,77.87261997500688,40.532614482903156,28.04309961246878
2024-05-02 15:08:39,378.76,364.24,720.7679235041119,653.7959435283551,-0.15,93.2,687.2819335162335,1374.563867032467,66.97197997575677,0.09744469716477744,93.05,93.35000000000001,-114.00264116803737,-96.51864784278519,-105.26064450541128,17.483993325252186,0.16610190106000597,-39.29245294398754,-36.80378405240515,-38.048118498196345,0.0,-2.3599999999999994,2.3599999999999994,7.38615718570743,108.86930567559496,25.735296866618633,31.916440623228237
2024-05-02 15:08:40,33.3,123.49,548.900942628084,521.2194576462663,-0.15,90.79,535.0602001371751,1070.1204002743502,27.681484981817675,0.05173527188713646,90.64,90.94000000000001,-171.86698087602792,-132.57648588208883,-152.22173337905838,39.29049499393909,0.25811356804080937,-57.86433970799055,-36.05783803930365,-46.9610888736471,0.0,-2.4099999999999966,2.4099999999999966,5.90313541740997,151.7214510604764,27.360459985523867,43.322521894674445
2024-05-02 15:08:41,29.32,21.35,419.0057069710629,396.2520932346997,-0.15,88.96,407.6289001028813,815.2578002057626,22.753613736363206,0.05581943202457186,88.80999999999999,89.11,-129.89523565702103,-124.96736441156656,-127.43130003429383,4.927871245454469,0.03867080697958423,41.97174521900689,7.609121470522268,24.79043334476455,0.0,-1.8300000000000125,1.8300000000000125,4.58989860953702,185.37272347611673,34.038736123240696,39.503089457114335
2024-05-02 15:08:42,24.01,22.68,320.2567802282972,302.8590699260248,-0.15,88.96,311.55792507716103,623.1158501543221,17.3977103022724,0.05584101332720918,88.80999999999999,89.11,-98.74892674276572,-93.39302330867491,-96.07097502572026,5.355903434090806,0.055749443335070474,31.146308914255314,31.57434110289165,31.360325008573568,0.0,0.0,0.0,3.508140091983121,196.83104368663712,29.95694003101117,32.14468119142295
2024-05-02 15:08:43,22.68,22.68,245.8625851712229,232.81430244451857,-0.15,88.96,239.33844380787073,478.67688761574146,13.048282726704315,0.05451812280797112,88.80999999999999,89.11,-74.39419505707431,-70.04476748150623,-72.2194812692903,4.349427575568086,0.060225128163478706,24.354731685691405,23.348255827168686,23.85149375642996,0.0,0.0,0.0,2.6949492299619586,178.8308557616664,21.62215006094983,30.529979192613254
2024-05-02 15:08:44,21.35,24.01,189.73443887841717,180.61322683338892,-0.15,88.96,185.17383285590304,370.3476657118061,9.121212045028244,0.04925756439285104,88.80999999999999,89.11,-56.128146292805724,-52.20107561112965,-54.16461095196769,3.9270706816760708,0.07250251668300577,18.26604876426859,17.843691870376574,18.05487031732261,0.0,0.0,0.0,2.085056083446087,139.14449226406248,7.416925345623367,39.89603422768483
2024-05-02 15:08:45,21.35,24.01,147.63832915881287,141.4624201250417,-0.15,88.96,144.55037464192728,289.10074928385455,6.175909033771177,0.04272496011404232,88.80999999999999,89.11,-42.0961097196043,-39.15080670834723,-40.623458213975766,2.9453030112570673,0.07250251623681986,14.032036573201424,13.05026890278242,13.541152737991922,0.0,0.0,0.0,1.6276362235591835,104.61759891668153,6.588682729392545,34.52719080957434
2024-05-02 15:08:46,18.7,24.01,115.40374686910964,112.09931509378126,-0.15,88.96,113.75153098144546,227.5030619628909,3.304431775328382,0.02904955843467131,88.80999999999999,89.11,-32.234582289703226,-29.36310503126043,-30.798843660481822,2.8714772584427948,0.09323327839395236,9.861527429901074,9.787701677086801,9.824614553493944,0.0,0.0,0.0,1.2808414559239276,78.6123777884837,5.569184980056219,26.005496094643437
2024-05-02 15:08:47,18.7,25.34,91.22781015183223,90.40948632033594,-0.15,88.96,90.81864823608409,181.63729647216817,0.8183238314962864,0.009010526344308916,88.80999999999999,89.11,-24.17593671727741,-21.689828773445313,-22.93288274536137,2.4861079438320957,0.10840799488790677,8.058645572425817,7.673276257815118,7.8659609151204535,0.0,0.0,0.0,1.022617354053223,59.06127378289274,4.804911336484489,19.551496908274025
2024-05-02 15:08:48,18.7,25.34,73.09585761387417,74.14211474025196,-0.15,88.96,73.61898617706306,147.23797235412613,1.0462571263777818,0.014211783759825436,88.80999999999999,89.11,-18.131952537958057,-16.26737158008399,-17.199662059021023,1.8645809578740682,0.10840799331217812,6.043984179319352,5.422457193361325,5.733220686340346,0.0,0.0,0.0,0.8289492776501948,44.38360674051243,3.544340987656057,14.678189313831076
2024-05-02 15:08:49,22.68,26.66,60.491893210405635,62.27158605518897,-0.15,88.96,61.381739632797306,122.76347926559461,1.7796928447833338,0.028993847786591014,88.80999999999999,89.11,-12.603964403468538,-11.870528685062986,-12.237246544265759,0.733435718405552,0.05993469656901989,5.527988134489519,4.396842895021003,4.962415514755264,0.0,0.0,0.0,0.6911579657880796,33.14754469619819,2.2102960491325354,11.24092242785235
