time,force_left_raw,force_right_raw,force_left,force_right,dis_left,dis_right,force_avg,force_sum,force_diff,force_diff_ratio,total_delta_dis,dis_diff,left_force_rate,right_force_rate,force_rate,force_rate_diff,force_rate_ratio,left_force_acc,right_force_acc,force_acc,left_dis_rate,right_dis_rate,dis_rate_diff,stiffness_ratio,force_std_5s,force_diff_std_5s,force_rate_std_5s
2025-08-01 09:41:02,280.51,289.26,280.51,289.26,0.86,14.03,284.885,569.77,8.75,0.030714147706217783,14.889999999999999,13.17,0.0,0.0,0.0,0.0,0.0,0.0,0.0,0.0,0.0,0.0,0.0,19.132638070339958,0.0,0.0,0.0
2025-08-01 09:41:03,291.2,298.01,283.1825,291.4475,1.97,15.31,287.315,574.63,8.264999999999986,0.02876633649908167,17.28,13.34,2.6725000000000136,2.1875,2.430000000000007,0.48500000000001364,0.19958839523111813,2.6725000000000136,2.1875,2.430000000000007,1.1099999999999999,1.2800000000000011,0.17000000000000126,16.627024500750895,0.0,0.0,0.0
2025-08-01 09:41:04,300.93,304.82,287.619375,294.790625,3.15,16.62,291.205,582.41,7.171249999999986,0.024626122406462336,19.77,13.47,4.436874999999986,3.3431249999999864,3.8899999999999864,1.09375,0.28116959352966847,1.7643749999999727,1.1556249999999864,1.4599999999999795,1.18,1.3100000000000005,0.13000000000000056,14.729640124954974,0.0,0.0,0.0
2025-08-01 09:41:05,309.68,315.52,293.13453125,299.97296874999995,4.36,17.94,296.55375,593.1075,6.838437499999941,0.023059689776103832,22.3,13.580000000000002,5.515156250000018,5.182343749999973,5.3487499999999955,0.3328125000000455,0.06222247025521393,1.0782812500000318,1.8392187499999864,1.458750000000009,1.2100000000000004,1.3200000000000003,0.10999999999999988,13.298373843122247,0.0,0.0,0.0
2025-08-01 09:41:06,320.38,326.22,299.9458984375,306.53472656249994,5.61,19.25,303.24031249999996,606.4806249999999,6.588828124999964,0.02172807450616214,24.86,13.64,6.811367187499968,6.561757812499991,6.6865624999999795,0.24960937499997726,0.037329993949803665,1.29621093749995,1.3794140625000182,1.337812499999984,1.25,1.3099999999999987,0.05999999999999872,12.19792036613353,7.386456169645448,0.9382328509322162,2.5967645847465093
2025-08-01 09:41:07,327.2,336.93,306.75942382812497,314.13354492187494,6.89,20.56,310.44648437499995,620.8929687499999,7.374121093749977,0.02375327613982326,27.45,13.669999999999998,6.813525390624989,7.598818359375002,7.2061718749999955,0.7852929687500136,0.10897503881351363,0.0021582031250204636,1.0370605468750114,0.5196093750000159,1.2799999999999994,1.3099999999999987,0.02999999999999936,11.30952543043623,9.280375647669882,0.6438815842152917,1.975301308046025
2025-08-01 09:41:08,336.93,342.77,314.30206787109375,321.2926586914062,8.17,21.84,317.79736328125,635.5947265625,6.990590820312434,0.021997006917042195,30.009999999999998,13.67,7.542644042968789,7.1591137695312455,7.3508789062500455,0.3835302734375432,0.05217474347682496,0.7291186523438,-0.4397045898437568,0.14470703125005002,1.2800000000000002,1.2800000000000011,8.881784197001252e-16,10.589715184656276,10.6248005447838,0.30177640620652435,1.4646487781443507
2025-08-01 09:41:09,344.72,355.43,321.9065509033203,329.8269940185547,9.45,23.16,325.86677246093745,651.7335449218749,7.920443115234377,0.02430577082503265,32.61,13.71,7.60448303222654,8.534335327148483,8.069409179687455,0.9298522949219432,0.11523175476475264,0.06183898925775111,1.3752215576172375,0.718530273437409,1.2799999999999994,1.3200000000000003,0.040000000000000924,9.992847668448016,11.577979051371836,0.5198381402650847,1.0138107438967905
2025-08-01 09:41:10,354.46,363.22,330.04491317749023,338.175245513916,10.69,24.47,334.1100793457031,668.2201586914063,8.130332336425795,0.024334292242884005,35.16,13.78,8.138362274169936,8.348251495361353,8.243306884765673,0.20988922119141762,0.025461771430290818,0.5338792419433958,-0.18608383178712984,0.17389770507821822,1.2400000000000002,1.3099999999999987,0.06999999999999851,9.502561713399928,12.205929801948885,0.6384606562123086,0.6415508502572894
2025-08-01 09:41:11,361.27,374.91,337.85118488311764,347.35893413543704,11.97,25.78,342.60505950927734,685.2101190185547,9.5077492523194,0.02775133921894286,37.75,13.81,7.80627170562741,9.183688621521014,8.494980163574212,1.3774169158936047,0.16214478753641698,-0.33209056854252594,0.8354371261596611,0.2516732788085392,1.2800000000000011,1.3100000000000023,0.030000000000001137,9.075630475063493,12.753213906093082,0.9625586212883152,0.5656485770067331
2025-08-01 09:41:12,373.94,385.63,346.87338866233824,356.92670060157775,13.25,27.06,351.900044631958,703.800089263916,10.053311939239507,0.028568657674327137,40.31,13.809999999999999,9.022203779220604,9.56776646614071,9.294985122680657,0.5455626869201069,0.05869429816456441,1.2159320735931942,0.3840778446196964,0.8000049591064453,1.2799999999999994,1.2799999999999976,1.7763568394002505e-15,8.729844601888201,13.436019984159275,1.2426880838502818,0.7044143693389926
2025-08-01 09:41:13,382.71,394.4,355.8325414967537,366.2950254511833,14.5,28.38,361.0637834739685,722.127566947937,10.462483954429558,0.028976830145599576,42.879999999999995,13.879999999999999,8.959152834415477,9.368324849605528,9.163738842010503,0.40917201519005175,0.04465120379282619,-0.06305094480512707,-0.19944161653518222,-0.13124628067015465,1.25,1.3200000000000003,0.07000000000000028,8.420330574944916,13.947989592393865,1.1398537871964505,0.5491802122299122
2025-08-01 09:41:14,393.43,406.1,365.2319061225653,376.2462690883874,15.78,29.66,370.73908760547636,741.4781752109527,11.014362965822102,0.02970920333017025,45.44,13.88,9.399364625811586,9.95124363720413,9.675304131507858,0.5518790113925434,0.05703995934922367,0.4402117913961092,0.5829187875986008,0.511565289497355,1.2799999999999994,1.2800000000000011,1.7763568394002505e-15,8.15887058641298,14.5051265087677,1.100598584614165,0.5903878221942718
2025-08-01 09:41:15,401.23,414.88,374.231429591924,385.9047018162905,17.03,30.97,380.06806570410725,760.1361314082145,11.673272224366542,0.030713635916838244,48.0,13.939999999999998,8.999523469358678,9.658432727903119,9.328978098630898,0.6589092585444405,0.07063037140271229,-0.39984115645290785,-0.2928109093010107,-0.3463260328769593,1.2500000000000018,1.3099999999999987,0.059999999999996945,7.918084537208807,14.826069531799723,0.8393028014035916,0.4328932758204075
2025-08-01 09:41:16,410.0,424.63,383.17357219394296,395.5860263622179,18.27,32.25,389.37979927808044,778.7595985561609,12.412454168274962,0.03187749893397257,50.519999999999996,13.98,8.942142602018976,9.681324545927396,9.311733573973186,0.7391819439084202,0.07938176695612381,-0.05738086733970249,0.0228918180242772,-0.017244524657712645,1.2399999999999984,1.2800000000000011,0.0400000000000027,7.707438471311204,14.857386074767888,0.9431075515604297,0.1906085400395815
2025-08-01 09:41:17,416.83,434.39,391.5876791454572,405.2870197716634,19.55,33.53,398.4373494585603,796.8746989171206,13.699340626206208,0.034382671731050515,53.08,13.98,8.414106951514214,9.70099340944546,9.057550180479836,1.2868864579312458,0.14207885026414738,-0.5280356505047621,0.019668863518063517,-0.2541833934933493,1.2800000000000011,1.2800000000000011,0.0,7.506355349514035,14.766909452094312,1.2640322178492025,0.233934438587901
2025-08-01 09:41:18,430.49,442.19,401.3132593590929,414.51276482874755,20.8,34.84,407.9130120939202,815.8260241878404,13.199505469654639,0.03235862805537785,55.64,14.040000000000003,9.725580213635737,9.225745057084168,9.475662635359924,0.49983515655156907,0.05274935622306767,1.311473262121524,-0.4752483523612909,0.4181124548800881,1.25,1.3100000000000023,0.060000000000002274,7.331290524130656,14.660129122494407,1.0926771239638935,0.22752898097472762
2025-08-01 09:41:19,439.27,452.93,410.8024445193197,424.1170736215607,22.04,36.12,417.4597590704402,834.9195181408804,13.314629102240986,0.031894401271141286,58.16,14.079999999999998,9.489185160226782,9.604308792813129,9.546746976520012,0.1151236325863465,0.01205893701912842,-0.2363950534089554,0.3785637357289602,0.07108434116008766,1.2399999999999984,1.279999999999994,0.039999999999995595,7.177781153587674,14.755342595483771,0.8116440458712509,0.18825619162281712
2025-08-01 09:41:20,450.0,462.69,420.6018333894898,433.76030521617054,23.29,37.4,427.18106930283017,854.3621386056603,13.158471826680739,0.030803031176809055,60.69,14.11,9.799388870170105,9.643231594609858,9.721310232389953,0.15615727556024694,0.016063396369818333,0.31020370994332325,0.0389228017967298,0.17456325586994126,1.25,1.2800000000000011,0.030000000000001137,7.038738874016993,14.96275928656596,0.46774394537945624,0.2514998276012989
2025-08-01 09:41:21,453.91,470.5,428.92887504211734,442.9452289121279,24.54,38.68,435.9370519771226,871.8741039542452,14.016353870010562,0.0321522425641257,63.22,14.14,8.327041652627543,9.184923695957366,8.755982674292454,0.8578820433298233,0.09797666090316762,-1.4723472175425627,-0.45830789865249244,-0.9653275580974991,1.25,1.2800000000000011,0.030000000000001137,6.895555917139619,14.907038682260824,0.3691759377263839,0.3947546501137332
2025-08-01 09:41:22,466.6,480.27,438.346656281588,452.2764216840959,25.78,39.96,445.31153898284197,890.6230779656839,13.929765402507883,0.031280944129686385,65.74000000000001,14.18,9.417781239470685,9.331192771968006,9.374487005719345,0.08658846750267912,0.009236607636582583,1.0907395868431422,0.14626907601063976,0.618504331426891,1.240000000000002,1.2800000000000011,0.03999999999999915,6.773829209142268,14.750073002173655,0.41527138384029044,0.3683555851600559
2025-08-01 09:41:23,475.39,487.11,447.607492211191,460.98481626307193,27.03,41.24,454.2961542371315,908.592308474263,13.377324051880919,0.029446262966716687,68.27000000000001,14.21,9.26083592960299,8.708394578976026,8.984615254289508,0.5524413506269639,0.06148747314201793,-0.1569453098676945,-0.6227981929919792,-0.3898717514298369,1.25,1.2800000000000011,0.030000000000001137,6.654403802295703,14.516931196098009,0.3872289931635369,0.39894421073550096
2025-08-01 09:41:24,483.2,495.9,456.50561915839324,469.713612197304,28.24,42.52,463.10961567784864,926.2192313556973,13.207993038910729,0.028520230552885627,70.76,14.280000000000005,8.898126947202229,8.72879593423204,8.813461440717163,0.16933101297018993,0.01921276843342527,-0.3627089824007612,0.02040135525601272,-0.17115381357234583,1.2099999999999973,1.2800000000000011,0.07000000000000384,6.5447937978102715,14.265215118227031,0.406529686149987,0.4094642922496316
2025-08-01 09:41:25,490.04,507.63,464.8892143687949,479.192709147978,29.49,43.8,472.04096175838646,944.0819235167729,14.303494779183097,0.030301384641706026,73.28999999999999,14.309999999999999,8.383595210401666,9.479096950674034,8.931346080537821,1.0955017402723684,0.12265806382774684,-0.5145317368005635,0.7503010164419948,0.11788463982065878,1.25,1.279999999999994,0.02999999999999403,6.440728002696937,14.23211032936337,0.4584846515898909,0.2426961232969668
2025-08-01 09:41:26,503.72,512.51,474.5969107765962,487.52203186098353,30.73,45.05,481.05947131878986,962.1189426375797,12.925121084387342,0.02686803155976957,75.78,14.319999999999997,9.70769640780128,8.329322713005524,9.018509560403402,1.378373694795755,0.1528382858304376,1.3241011973996137,-1.1497742376685096,0.08716347986558048,1.240000000000002,1.25,0.00999999999999801,6.348105898267141,14.11028306997507,0.558844254852487,0.21055433229545042
2025-08-01 09:41:27,510.56,524.24,483.58768308244714,496.70152389573764,31.95,46.33,490.1446034890924,980.2892069781848,13.113840813290494,0.02675504472187315,78.28,14.379999999999999,8.990772305850953,9.179492034754105,9.08513217030253,0.18871972890315192,0.02077236792962361,-0.7169241019503261,0.8501693217485808,0.06662260989912738,1.2199999999999989,1.2800000000000011,0.060000000000002274,6.261428171022793,14.174649136695345,0.5385251680852137,0.1021803351793716
2025-08-01 09:41:28,523.27,534.02,493.5082623118353,506.0311429218032,33.16,47.61,499.76970261681925,999.5394052336385,12.522880609967899,0.025057302432180593,80.77,14.450000000000003,9.920579229388181,9.329619026065586,9.625099127726855,0.5909602033225951,0.06139782396862829,0.9298069235372282,0.1501269913114811,0.5399669574243262,1.2099999999999973,1.2800000000000011,0.07000000000000384,6.187565883734721,14.456887880630605,0.6629784387672514,0.3134483174733412
2025-08-01 09:41:29,532.07,544.78,503.1486967338765,515.7183571913524,34.41,48.86,509.43352696261445,1018.8670539252289,12.569660457475948,0.024673798969898957,83.27,14.450000000000003,9.640434422041153,9.687214269549202,9.663824345795206,0.04677984750804853,0.004840717400630875,-0.2801448073470283,0.3575952434836154,0.03872521806835039,1.25,1.25,0.0,6.117851817518466,14.785053904500332,0.7233007066265607,0.3511292192603454
2025-08-01 09:41:30,541.85,554.56,512.8240225504073,525.4287678935143,35.62,50.14,519.1263952219608,1038.2527904439216,12.60474534310697,0.024280686620523163,85.75999999999999,14.520000000000003,9.675325816530858,9.71041070216188,9.692868259346369,0.03508488563102219,0.0036196594313073517,0.03489139448970491,0.023196432612678564,0.029043913551163314,1.2100000000000009,1.2800000000000011,0.07000000000000028,6.053246142359081,15.088840594340523,0.25894699896070583,0.33513491701573306
2025-08-01 09:41:31,552.61,560.43,522.7705169128055,534.1790759201357,36.83,51.38,528.4747964164706,1056.949592832941,11.408559007330155,0.02158770685584749,88.21000000000001,14.550000000000004,9.946494362398198,8.750308026621383,9.348401194509734,1.1961863357768152,0.1279562336844396,0.27116854586734007,-0.9601026755404973,-0.3444670648366355,1.2100000000000009,1.240000000000002,0.030000000000001137,5.991098406364042,15.181931276894215,0.6262340838881977,0.2614143835101432
2025-08-01 09:41:32,560.43,570.22,532.1853876846042,543.1893069401017,38.04,52.66,537.6873473123529,1075.3746946247059,11.003919255497522,0.020465274643406958,90.69999999999999,14.619999999999997,9.414870771798633,9.010231019966,9.212550895882373,0.404639751832633,0.04392265643719089,-0.5316235905995654,0.25992299334461677,-0.13585029862736064,1.2100000000000009,1.279999999999994,0.06999999999999318,5.9281956051175015,15.002289628864224,0.7588154814868044,0.21501752945705463
2025-08-01 09:41:33,568.26,580.99,541.2040407634531,552.6394802050763,39.29,53.91,546.9217604842647,1093.8435209685294,11.435439441623203,0.020908729999313088,93.19999999999999,14.619999999999997,9.018653078848956,9.450173264974637,9.234413171911797,0.431520186125681,0.046729568123360835,-0.39621769294967635,0.43994224500863766,0.02186227602942381,1.25,1.25,0.0,5.868259169699631,14.790347351995305,0.7348073935585129,0.23236253180927327
2025-08-01 09:41:34,576.09,591.76,549.9255305725899,562.4196101538073,40.5,55.19,556.1725703631986,1112.3451407263972,12.49407958121742,0.022464393651405696,95.69,14.689999999999998,8.721489809136756,9.780129948730973,9.250809878933865,1.0586401395942175,0.11443755076703326,-0.2971632697122004,0.32995668375633613,0.016396707022067858,1.2100000000000009,1.2800000000000011,0.07000000000000028,5.812232882756461,14.63179170551588,0.7156586592138968,0.19976764077259676
2025-08-01 09:41:35,585.88,598.61,558.9141479294424,571.4672076153555,41.68,56.43,565.1906777723989,1130.3813555447978,12.553059685913126,0.022210309117585814,98.11,14.75,8.988617356852501,9.047597461548207,9.018107409200297,0.05898010469570636,0.006540185814969213,0.2671275477157451,-0.7325324871827661,-0.23270246973356734,1.1799999999999997,1.240000000000002,0.060000000000002274,5.7607855673388375,14.533499803003835,0.7011629181227738,0.12062837046828379
2025-08-01 09:41:36,598.61,607.43,568.8381109470818,580.4579057115166,42.89,57.68,574.6480083292992,1149.2960166585983,11.6197947644348,0.020220716988120873,100.57,14.79,9.92396301763938,8.990698096161054,9.457330556900274,0.933264921478326,0.09868163295992258,0.9353456607868793,-0.05689936538715301,0.43922314769997683,1.2100000000000009,1.25,0.03999999999999915,5.713910734964586,14.576841769532034,0.6792842936122098,0.15590613517357113
2025-08-01 09:41:37,604.49,617.22,577.7510832103113,589.6484292836374,44.11,58.93,583.6997562469744,1167.3995124939488,11.897346073326048,0.020382646944107012,103.03999999999999,14.82,8.912972263229562,9.19052357212081,9.051747917675243,0.2775513088912476,0.030662727326569612,-1.0109907544098178,0.19982547595975575,-0.405582639225031,1.2199999999999989,1.25,0.030000000000001137,5.664787952078673,14.551755690897306,0.5059180039578971,0.1767892275300425
2025-08-01 09:41:38,614.29,625.06,586.8858124077335,598.5013219627281,45.32,60.17,592.6935671852308,1185.3871343704616,11.61550955499456,0.019597832975579783,105.49000000000001,14.850000000000001,9.134729197422189,8.8528926790907,8.993810938256388,0.28183651833148815,0.031336714650732095,0.22175693419262643,-0.3376308930301093,-0.05793697941885512,1.2100000000000009,1.240000000000002,0.030000000000001137,5.618481008311212,14.47601157797535,0.46001400427356043,0.19746122825205892
2025-08-01 09:41:39,621.14,635.84,595.4493593058002,607.8359914720461,46.5,61.42,601.6426753889232,1203.2853507778464,12.386632166245931,0.020588021183255912,107.92,14.920000000000002,8.563546898066647,9.334669509318019,8.94910820369239,0.7711226112513714,0.08616752725882565,-0.5711822993555415,0.481776830227318,-0.04470273456399809,1.1799999999999997,1.25,0.07000000000000028,5.574895013102559,14.381230907239024,0.4350975523350337,0.20650998517067118
2025-08-01 09:41:40,632.9,612.33,604.8120194793502,608.9594936040346,47.71,61.96,606.8857565416924,1213.771513083385,4.147474124684436,0.006834027777294656,109.67,14.25,9.362660173550012,1.1235021319885163,5.243081152769264,8.239158041561495,1.5714340919128607,0.7991132754833643,-8.211167377329502,-3.706027050923126,1.2100000000000009,0.5399999999999991,0.6700000000000017,5.533744424254108,13.086219971391724,3.4722465700469276,1.7424405098250706
2025-08-01 09:41:41,641.73,608.41,614.0415146095127,608.822120203026,48.89,61.96,611.4318174062694,1222.8636348125387,5.2193944064866855,0.008536347388808329,110.85,13.07,9.22949513016249,-0.13737340100863094,4.54606086457693,9.366868531171122,2.0604357816065115,-0.1331650433875211,-1.2608755329971473,-0.6970202881923342,1.1799999999999997,0.0,1.1799999999999997,5.515848551108894,11.149227499806317,4.016546365230846,2.261424358473865
2025-08-01 09:41:42,636.82,607.43,619.7361359571345,608.4740901522695,49.77,61.96,614.105113054702,1228.210226109404,11.26204580486501,0.018338954597700734,111.73,12.189999999999998,5.694621347621819,-0.34803005075650617,2.6732956484325996,6.042651398378325,2.2603744339114917,-3.5348737825406715,-0.21065664974787524,-1.8727652161443302,0.8800000000000026,0.0,0.8800000000000026,5.496331402115551,8.51364474150575,3.9127925124763405,2.800942131513096
2025-08-01 09:41:43,635.84,632.9,623.7621019678509,614.5805676142021,50.44,62.36,619.1713347910265,1238.342669582053,9.181534353648772,0.014828745813820403,112.8,11.920000000000002,4.025966010716388,6.106477461932627,5.0662217363245645,2.080511451216239,0.4106632415308304,-1.6686553369054309,6.454507512689133,2.392926087891965,0.6699999999999946,0.3999999999999986,0.269999999999996,5.4891075292723315,6.716836706514548,3.636199879441003,2.282640128698974
2025-08-01 09:41:44,644.67,643.69,628.9890764758882,621.8579257106516,51.15,63.21,625.4235010932698,1250.8470021865396,7.131150765236612,0.011402115112989691,114.36,12.060000000000002,5.226974508037301,7.277358096449461,6.252166302243268,2.05038358841216,0.327947652276753,1.2010084973209132,1.170880634516834,1.1859445659187031,0.7100000000000009,0.8500000000000014,0.14000000000000057,5.468900801192454,7.1520805684083575,2.893735715405987,1.3184963878697196
2025-08-01 09:41:45,627.02,649.57,628.4968073569162,628.7859442829887,51.65,63.91,628.6413758199524,1257.2827516399047,0.2891369260725014,0.00045993938155189617,115.56,12.259999999999998,-0.4922691189719899,6.928018572337123,3.2178747266825667,7.420287691309113,2.3059584401536153,-5.719243627009291,-0.34933952411233804,-3.034291575560701,0.5,0.6999999999999957,0.19999999999999574,5.439956476116268,7.291036195679659,4.1956164583758255,1.4372446626604454
2025-08-01 09:41:46,623.1,655.45,627.1476055176871,635.4519582122416,51.65,64.65,631.2997818649644,1262.5995637299288,8.304352694554495,0.01315437280346856,116.30000000000001,13.000000000000007,-1.3492018392290674,6.666013929252927,2.6584060450120433,8.015215768481994,3.015044586012855,-0.8569327202570776,-0.2620046430841967,-0.5594686816705234,0.0,0.7400000000000091,0.7400000000000091,5.428201001175953,7.030487487714356,4.165495120717149,1.6106934754033368
2025-08-01 09:41:47,626.04,657.41,626.8707041382653,640.9414686591812,51.65,65.36,633.9060863987232,1267.8121727974465,14.070764520915873,0.022196922857542215,117.00999999999999,13.71,-0.27690137942181536,5.489510446939562,2.6063045337588164,5.766411826361377,2.2124849721839985,1.072300459807252,-1.1765034823133647,-0.05210151125322682,0.0,0.7099999999999937,0.7099999999999937,5.417537654740498,5.707013949324429,4.958472888455242,1.6244338135067549
2025-08-01 09:41:48,654.47,663.3,633.770528103699,646.5311014943859,51.82,66.1,640.1508147990425,1280.301629598085,12.760573390686886,0.019933698553143316,117.91999999999999,14.279999999999994,6.899823965433711,5.589632835204725,6.244728400319218,1.3101911302289864,0.20980751066043182,7.176725344855527,0.10012238826516295,3.6384238665604016,0.1700000000000017,0.7399999999999949,0.5699999999999932,5.428687325053894,5.590684849930853,5.44324293885073,1.8889920435765832
2025-08-01 09:41:49,666.24,669.18,641.8878960777743,652.1933261207894,52.59,66.81,647.0406110992818,1294.0812221985636,10.305430043015122,0.015927021967878978,119.4,14.219999999999999,8.11736797407525,5.662224626403486,6.889796300239368,2.455143347671765,0.35634478645496104,1.2175440086415392,0.0725917911987608,0.64506789992015,0.7700000000000031,0.710000000000008,0.05999999999999517,5.41910055008527,7.408347730514678,5.427133637832559,2.0748916013620633
2025-08-01 09:41:50,673.11,671.15,649.6934220583307,656.932494590592,53.3,67.55,653.3129583244613,1306.6259166489226,7.239072532261275,0.011080558603562099,120.85,14.25,7.805525980556467,4.739168469802621,6.272347225179487,3.0663575107538463,0.4888691444847357,-0.31184199351878306,-0.9230561566008646,-0.6174490750598807,0.7099999999999937,0.7399999999999949,0.030000000000001137,5.405982233500034,9.126006670347264,2.887318388657123,2.117239649475963
2025-08-01 09:41:51,684.88,675.07,658.4900665437481,661.4668709429441,54.01,68.29,659.9784687433461,1319.9569374866921,2.9768043991959985,0.0045104568340746404,122.30000000000001,14.280000000000008,8.796644485417346,4.534376352352069,6.6655104188847645,4.262268133065277,0.6394510286171583,0.9911185048608786,-0.2047921174505518,0.3931631937052771,0.7100000000000009,0.7400000000000091,0.030000000000008242,5.396389724832022,10.326942617305361,4.467423078540755,1.7703602612931224
2025-08-01 09:41:52,710.4,680.96,671.4675499078111,666.340153207208,54.68,69.0,668.9038515575096,1337.8077031150192,5.127396700603072,0.007665371758585049,123.68,14.32,12.977483364063005,4.873282264263935,8.925382814163527,8.10420109979907,0.907994688916197,4.180838878645659,0.3389059119118656,2.2598723952787623,0.6700000000000017,0.7099999999999937,0.03999999999999204,5.408342869899472,11.163519879062722,3.9222232589264,1.1102972425748368
2025-08-01 09:41:53,690.77,686.85,676.2931624308583,671.467614905406,55.36,69.71,673.8803886681321,1347.7607773362643,4.8255475254522935,0.007160836847958649,125.07,14.349999999999994,4.825612523047198,5.127461698197976,4.97653711062253,0.30184917515077814,0.06065444862292412,-8.151870841015807,0.2541794339340413,-3.9488457035409965,0.6799999999999997,0.7099999999999937,0.02999999999999403,5.388025771808638,10.984810815141358,2.797656721663306,1.4258516078964607
2025-08-01 09:41:54,703.53,693.72,683.1023718231437,677.0307111790545,56.06,70.45,680.0665415010991,1360.1330830021982,6.0716606440892065,0.008928039044178377,126.51,14.39,6.809209392285425,5.563096273648512,6.186152832966968,1.246113118636913,0.20143584402899647,1.9835968692382266,0.4356345754505355,1.209615722344438,0.7000000000000028,0.7400000000000091,0.04000000000000625,5.375595100193692,10.701343240541402,1.5806744877669012,1.44272484746196
2025-08-01 09:41:55,718.26,698.62,691.8917788673577,682.4280333842909,56.74,71.15,687.1599061258244,1374.3198122516487,9.463745483066873,0.01377226084486036,127.89000000000001,14.410000000000004,8.789407044214045,5.397322205236378,7.093364624725268,3.3920848389776665,0.4782052721424528,1.98019765192862,-0.1657740684121336,0.9072117917583,0.6799999999999997,0.7000000000000028,0.020000000000003126,5.373054193078193,10.39921158200323,2.388095727058293,1.4420941903634628
2025-08-01 09:41:56,707.46,681.94,695.7838341505183,682.3060250382182,57.45,71.46,689.0449295943682,1378.0898591887365,13.477809112300065,0.01956013100723946,128.91,14.009999999999991,3.8920552831605164,-0.12200834607267552,1.8850234685438636,4.014063629233192,2.1294490847293672,-4.897351761053528,-5.519330551309054,-5.208341156181405,0.7100000000000009,0.30999999999998806,0.4000000000000128,5.345162704593946,8.56555918050068,3.673644959718777,2.6265077936805348
2025-08-01 09:41:57,712.37,677.03,699.9303756128886,680.9870187786637,58.12,71.46,690.4586971957762,1380.9173943915523,18.943356834224915,0.027435901501024495,129.57999999999998,13.339999999999996,4.146541462370351,-1.3190062595544987,1.4137676014079261,5.46554772192485,3.865942217475964,0.2544861792098345,-1.1969979134818232,-0.4712558671359375,0.6699999999999946,0.0,0.6699999999999946,5.32843565262649,6.9813176950670845,5.766825972894019,2.5485293992508913
2025-08-01 09:41:58,720.22,678.01,705.0027817096666,680.2427640839978,58.79,71.46,692.6227728968322,1385.2455457936644,24.760017625668752,0.03574820025966518,130.25,12.669999999999995,5.072406096777968,-0.7442546946658695,2.164075701056049,5.816660791443837,2.687825615702697,0.9258646344076169,0.5747515648886292,0.7503080996481231,0.6700000000000017,0.0,0.6700000000000017,5.317641209821044,4.797625953655664,7.45733929569278,2.672273900844425
2025-08-01 09:41:59,740.85,705.49,713.9645862822499,686.5545730629983,59.47,71.83,700.2595796726241,1400.5191593452482,27.410013219251596,0.03914264649249541,131.3,12.36,8.961804572583333,6.311808979000489,7.636806775791911,2.649995593582844,0.3470030504084605,3.889398475805365,7.056063673666358,5.4727310747358615,0.6799999999999997,0.37000000000000455,0.30999999999999517,5.333279317131338,5.076953382648886,7.502756983856887,3.054511305364775
2025-08-01 09:42:00,741.84,710.4,720.9334397116875,692.5159297972488,60.14,72.54,706.7246847544682,1413.4493695089363,28.41750991443871,0.040210156072447684,132.68,12.400000000000006,6.968853429437559,5.961356734250444,6.465105081844058,1.0074966951871147,0.15583606555451043,-1.992951143145774,-0.3504522447500449,-1.1717016939478526,0.6700000000000017,0.710000000000008,0.04000000000000625,5.326535117786652,7.474780973853336,6.2894895577715095,2.9067836538067597
2025-08-01 09:42:01,747.73,714.33,727.6325797837657,697.9694473479366,60.81,73.24,712.8010135658511,1425.6020271317022,29.663132435829084,0.0416148852620477,134.05,12.429999999999993,6.699140072078194,5.45351755068782,6.07632881138295,1.2456225213903735,0.20499587087207077,-0.26971335735936464,-0.5078391835626235,-0.38877627046110774,0.6700000000000017,0.6999999999999886,0.029999999999986926,5.317426394990113,9.393761293844593,4.256021682461561,2.777221210705599
2025-08-01 09:42:02,727.1,722.19,727.4994348378242,704.0245855109524,61.49,73.98,715.7620101743883,1431.5240203487765,23.474849326871777,0.03279700369729788,135.47,12.490000000000002,-0.13314494594146709,6.05513816301584,2.9609966085371298,6.188283108957307,2.0899318159242304,-6.832285018019661,0.6016206123280199,-3.1153322028458206,0.6799999999999997,0.7400000000000091,0.06000000000000938,5.283546208687104,9.39825371231313,2.5685146147858435,2.3685105177652988
2025-08-01 09:42:03,732.01,729.06,728.6270761283681,710.2834391332143,62.16,74.69,719.4552576307913,1438.9105152615825,18.343636995153815,0.025496563928191912,136.85,12.530000000000001,1.1276412905439201,6.258853622261881,3.6932474564030144,5.131212331717961,1.3893493471369187,1.2607862364853872,0.20371545924604106,0.7322508478658847,0.6699999999999946,0.7099999999999937,0.03999999999999915,5.257254310365634,7.600110530933305,4.604323175541291,1.9654073092158357
2025-08-01 09:42:04,734.96,730.05,730.2103070962761,715.2250793499106,62.83,75.4,722.7176932230934,1445.4353864461868,14.985227746365467,0.020734552185655668,138.23000000000002,12.570000000000007,1.58323096790798,4.941640216696328,3.262435592302154,3.358409248788348,1.0294174779404588,0.45558967736405975,-1.3172134055655533,-0.4308118641008605,0.6700000000000017,0.710000000000008,0.04000000000000625,5.22837074437331,6.166404617217391,6.3223382825624554,1.6505337301983118
2025-08-01 09:42:05,736.92,738.89,731.8877303222071,721.1413095124329,63.51,76.11,726.5145199173201,1453.0290398346401,10.746420809774122,0.014791749511359186,139.62,12.600000000000001,1.6774232259309656,5.916230162522311,3.796826694226638,4.238806936591345,1.1164075059389105,0.0941922580229857,0.9745899458259828,0.5343911019244842,0.6799999999999997,0.7099999999999937,0.02999999999999403,5.2035132123893915,5.4404866007462696,7.372545989914377,1.2309765736378127
2025-08-01 09:42:06,745.77,742.82,735.3582977416553,726.5609821343247,64.18,76.81,730.95963993799,1461.91927987598,8.797315607330574,0.012035295951554299,140.99,12.629999999999995,3.47056741944823,5.4196726218917775,4.445120020669947,1.9491052024435476,0.43848192060017027,1.7931441935172643,-0.49655754063053337,0.6482933264433086,0.6700000000000088,0.7000000000000028,0.02999999999999403,5.184478578292867,5.931012445364577,5.899286031555699,0.5654436938106331
2025-08-01 09:42:07,758.54,750.68,741.1537233062414,732.5907366007435,64.86,77.52,736.8722299534925,1473.744459906985,8.562986705497906,0.011620721131555786,142.38,12.659999999999997,5.7954255645861394,6.029754466418808,5.912590015502474,0.23432890183266863,0.039632185148316824,2.3248581451379096,0.6100818445270306,1.467469994832527,0.6799999999999926,0.7099999999999937,0.030000000000001137,5.175391380658106,6.858844165442913,4.253905294333418,1.0354941548969376
2025-08-01 09:42:08,771.32,749.7,748.6952924796811,736.8680524505576,65.5,78.23,742.7816724651193,1485.5633449302386,11.827240029123573,0.015922902316570113,143.73000000000002,12.730000000000004,7.5415691734397114,4.277315849814045,5.909442511626821,3.264253323625667,0.5523791397960321,1.746143608853572,-1.7524386166047634,-0.0031475038756525464,0.6400000000000006,0.710000000000008,0.07000000000000739,5.167895827574086,8.020479840512502,2.6182157555767085,1.2118556662287328
2025-08-01 09:42:09,763.46,750.68,752.3864693597609,740.3210393379181,66.17,78.67,746.3537543488395,1492.707508697679,12.065430021842758,0.016165832804316067,144.84,12.5,3.6911768800797518,3.4529868873605665,3.572081883720216,0.23818999271918528,0.06668098150934214,-3.8503922933599597,-0.8243289624534782,-2.3373606279066053,0.6700000000000017,0.4399999999999977,0.23000000000000398,5.152953253216558,8.168645055742852,1.6487793719042911,1.1271987745951946
2025-08-01 09:42:10,762.47,749.7,754.9073520198208,742.6657795034387,66.67,79.1,748.7865657616297,1497.5731315232595,12.24157251638212,0.0163485471825767,145.76999999999998,12.429999999999993,2.520882660059897,2.344740165520534,2.4328114127902154,0.17614249453936281,0.07240282629820328,-1.170294220019855,-1.1082467218400325,-1.1392704709300006,0.5,0.4299999999999926,0.07000000000000739,5.136767240343436,7.249160343942797,1.8505771274384175,1.5090442856159638
2025-08-01 09:42:11,760.51,754.61,756.3080140148656,745.651834627579,67.11,79.58,750.9799243212224,1501.9598486424447,10.65617938728667,0.014189699388740146,146.69,12.469999999999999,1.4006619950448567,2.9860551241403073,2.193358559592639,1.5853931290954506,0.7228149722017749,-1.1202206650150401,0.6413149586197733,-0.2394528531975766,0.4399999999999977,0.480000000000004,0.04000000000000625,5.119503164508277,5.540577323338284,1.5324193605014658,1.817074314501549
2025-08-01 09:42:12,763.46,761.49,758.0960105111492,749.6113759706843,67.52,80.01,753.8536932409168,1507.7073864818335,8.484634540464867,0.011255014872625067,147.53,12.490000000000009,1.7879964962835402,3.959541343105343,2.8737689196943847,2.171544846821803,0.7556432517230672,0.3873345012386835,0.9734862189650357,0.6804103601017459,0.4099999999999966,0.4300000000000068,0.020000000000010232,5.109833173802505,4.248139262532877,1.564537815483649,1.4996000842507002
2025-08-01 09:42:13,768.37,763.46,760.6645078833619,753.0735319780133,67.95,80.45,756.8690199306876,1513.7380398613752,7.590975905348614,0.010029444587406067,148.4,12.5,2.5684973722127324,3.4621560073289857,3.015326689770859,0.8936586351162532,0.29637197912116947,0.7805008759291923,-0.49738533577635735,0.1415577700764743,0.4300000000000068,0.4399999999999977,0.009999999999990905,5.1001955177256875,4.13512255943175,2.0979234707233427,0.53601148585126
2025-08-01 09:42:14,769.36,766.41,762.8383809125215,756.40764898351,68.36,80.89,759.6230149480157,1519.2460298960314,6.430731929011586,0.008465688629755353,149.25,12.530000000000001,2.1738730291596084,3.334117005496637,2.753995017328066,1.1602439763370285,0.4212947183063468,-0.394624343053124,-0.12803900183234873,-0.2613316724427932,0.4099999999999966,0.4399999999999977,0.030000000000001137,5.089601406086528,4.363748767245634,2.348944070292305,0.33539870925681714
2025-08-01 09:42:15,779.19,771.32,766.9262856843911,760.1357367376326,68.76,81.33,763.5310112110119,1527.0620224220238,6.790548946758577,0.00889361249007384,150.09,12.569999999999993,4.087904771869603,3.728087754122612,3.907996262996221,0.35981701774699104,0.09207197281175244,1.9140317427099944,0.3939707486259749,1.1540012456681552,0.4000000000000057,0.4399999999999977,0.03999999999999204,5.087154414843477,4.8910100943801,1.6868901818435735,0.6202325462846862
2025-08-01 09:42:16,780.17,770.34,770.2372142632934,762.6868025532244,69.17,81.8,766.462008408259,1532.924016816518,7.550411710068943,0.009850992765966548,150.97,12.629999999999995,3.310928578902235,2.551065815591869,2.930997197247052,0.7598627633103661,0.2592505051774065,-0.7769761929673678,-1.1770219385307428,-0.976999065749169,0.4099999999999966,0.46999999999999886,0.060000000000002274,5.076915965631205,5.04789271714821,0.797147331461586,0.46352595169039845
2025-08-01 09:42:17,784.11,765.42,773.70541069747,763.3701019149183,69.57,81.97,768.5377563061942,1537.0755126123884,10.335308782551692,0.01344801694425273,151.54,12.400000000000006,3.4681964341766616,0.683299361693912,2.07574789793523,2.7848970724827495,1.3416348553781803,0.15726785527442644,-1.867766453897957,-0.8552492993118221,0.3999999999999915,0.1700000000000017,0.22999999999998977,5.071517429290464,4.793930032267954,1.5337388095094915,0.6565536303586292
2025-08-01 09:42:18,791.98,768.37,778.2740580231025,764.6200764361887,70.01,82.2,771.4470672296457,1542.8941344592913,13.653981586913801,0.017699181381617825,152.21,12.189999999999998,4.568647325632469,1.2499745212703601,2.9093109234514714,3.3186728043621088,1.1407071127749653,1.1004508914558073,0.5666751595764481,0.8335630255162414,0.44000000000001194,0.23000000000000398,0.21000000000000796,5.068307352745143,4.556703341946111,3.0420094885674223,0.6550944001240074
2025-08-01 09:42:19,795.91,773.29,782.6830435173268,766.7875573271415,70.21,82.37,774.7353004222341,1549.4706008444682,15.895486190185352,0.020517312378827878,152.57999999999998,12.16000000000001,4.408985494224339,2.1674808909527883,3.28823319258845,2.241504603271551,0.6816742579722009,-0.15966183140812973,0.9175063696824282,0.3789222691369787,0.19999999999998863,0.1700000000000017,0.029999999999986926,5.077567802757022,4.342529808899682,3.9035387369860146,0.6656278661806599
2025-08-01 09:42:20,795.91,770.34,785.9897826379951,767.6756679953562,70.41,82.57,776.8327253166756,1553.6654506333512,18.314114642638856,0.023575364453908336,152.98,12.159999999999997,3.306739120668226,0.888110668214722,2.097424894441474,2.418628452453504,1.15314131424775,-1.1022463735561132,-1.2793702227380663,-1.190808298146976,0.20000000000000284,0.19999999999998863,1.4210854715202004e-14,5.078001831864778,4.272328442922095,4.293531398274944,0.5450029913375483
2025-08-01 09:42:21,794.93,772.31,788.2248369784962,768.8342509965172,70.65,82.74,778.5295439875067,1557.0590879750134,19.39058598197903,0.024906679658882047,153.39,12.08999999999999,2.235054340501165,1.1585830011609914,1.696818670831135,1.0764713393401735,0.6344052687772632,-1.071684780167061,0.2704723329462695,-0.40060622361033893,0.2400000000000091,0.1700000000000017,0.07000000000000739,5.075490833248686,4.044563707502654,3.65008657265323,0.6592796660293075
2025-08-01 09:42:22,785.09,772.31,787.4411277338722,769.7031882473879,70.95,82.94,778.5721579906301,1557.1443159812602,17.73793948648438,0.022782653196179663,153.89,11.989999999999995,-0.7837092446239922,0.8689372508706583,0.04261400312338992,1.6526464954946505,38.78086059760416,-3.018763585125157,-0.2896457502903331,-1.654204667707745,0.29999999999999716,0.20000000000000284,0.09999999999999432,5.059277100080272,3.00141444106816,2.2584358988381132,1.266779863275242
2025-08-01 09:42:23,791.98,775.26,788.5758458004042,771.0923911855409,71.15,83.11,779.8341184929725,1559.668236985945,17.483454614863263,0.02241945328864367,154.26,11.959999999999994,1.1347180665319456,1.389202938153062,1.26196050234239,0.2544848716211163,0.20165818937325283,1.9184273111559378,0.5202656872824036,1.2193464992190002,0.20000000000000284,0.1700000000000017,0.030000000000001137,5.055322918693437,1.9713491911751755,1.2766299677188746,1.184978565454286
2025-08-01 09:42:24,791.98,774.27,789.4268843503031,771.8867933891557,71.32,83.28,780.6568388697294,1561.3136777394589,17.54009096114737,0.02246837543122576,154.6,11.960000000000008,0.8510385498989308,0.7944022036148226,0.8227203767569335,0.056636346284108186,0.0688402512492889,-0.2836795166330148,-0.5948007345382393,-0.43924012558545655,0.1699999999999875,0.1700000000000017,1.4210854715202004e-14,5.049526738811143,1.4557033815389324,0.7962321795009828,0.796349539074462
2025-08-01 09:42:25,788.04,779.19,789.0801632627273,773.7125950418668,71.49,83.48,781.3963791522971,1562.7927583045941,15.367568220860448,0.019666802420898407,154.97,11.990000000000009,-0.34672108757581555,1.8258016527111067,0.7395402825676456,2.1725227402869223,2.9376625639396976,-1.1977596374747463,1.0313994490962841,-0.08318009418928796,0.1700000000000017,0.20000000000000284,0.030000000000001137,5.04224284771281,1.2654439702239275,1.4300349420516731,0.6188608983467822
2025-08-01 09:42:26,792.96,778.21,790.0501224470455,774.8369462814002,71.66,83.65,782.4435343642228,1564.8870687284457,15.213176165645336,0.019443161682668506,155.31,11.990000000000009,0.9699591843182134,1.1243512395333255,1.0471552119257694,0.15439205521511212,0.1474393729004175,1.316680271894029,-0.7014504131777812,0.30761492935812385,0.1700000000000017,0.1700000000000017,0.0,5.037946876094752,1.4775745650728354,1.2627265722702221,0.4611992017186746
2025-08-01 09:42:27,794.93,772.31,791.2700918352841,774.2052097110501,71.83,83.68,782.7376507731672,1565.4753015463343,17.064882124234032,0.02180153476145713,155.51,11.850000000000009,1.21996938823861,-0.6317365703500855,0.2941164089443191,1.8517059585886955,6.2958053562183105,0.25001020392039663,-1.756087809883411,-0.7530388029814503,0.1700000000000017,0.030000000000001137,0.14000000000000057,5.0333589205826526,1.2126026747542953,1.1511578385821926,0.3636981691401199
2025-08-01 09:42:28,798.86,772.31,793.1675688764632,773.7314072832876,72.0,83.68,783.4494880798754,1566.8989761597509,19.436161593175598,0.024808442489384294,155.68,11.680000000000007,1.8974770411790587,-0.47380242776250725,0.7118373067082757,2.371279468941566,3.3312052001064325,0.6775076529404487,0.1579341425875782,0.4177208977639566,0.1700000000000017,0.0,0.1700000000000017,5.032435014436282,1.1086890449502924,1.736358911969043,0.27356902647505954
2025-08-01 09:42:29,803.78,772.31,795.8206766573473,773.3760554624656,72.16,83.68,784.5983660599065,1569.196732119813,22.444621194881734,0.028606510205963782,155.84,11.52000000000001,2.65310778088417,-0.3553518208219657,1.1488779800311022,3.008459601706136,2.6186044431108764,0.7556307397051114,0.11845060694054155,0.4370406733228265,0.1599999999999966,0.0,0.1599999999999966,5.034640406989644,1.1915150302115398,3.055441443326139,0.33521037254788905
2025-08-01 09:42:30,799.85,769.36,796.8280074930104,772.3720415968493,72.33,83.68,784.6000245449299,1569.2000490898597,24.45596589616116,0.031169978460267967,156.01,11.350000000000009,1.0073308356630832,-1.0040138656163435,0.0016584850233130055,2.0113447012794268,1212.0294386652351,-1.6457769452210869,-0.6486620447943778,-1.1472194950077892,0.1700000000000017,0.0,0.1700000000000017,5.029164922221428,1.0117624274952148,3.784658704071345,0.48913327793168154
2025-08-01 09:42:31,803.78,767.39,798.5660056197578,771.126531197637,72.47,83.68,784.8462684086974,1569.6925368173947,27.43947442212084,0.034961591195169624,156.15,11.210000000000008,1.7379981267473568,-1.2455103992123213,0.24624386376751772,2.983508525959678,12.116023377350274,0.7306672910842735,-0.24149653359597778,0.24458537874420472,0.14000000000000057,0.0,0.14000000000000057,5.026232874687572,0.9110549531287009,4.080579085778905,0.45253453999465115
2025-08-01 09:42:32,795.91,769.36,797.9020042148184,770.6848983982278,72.64,83.68,784.2934513065231,1568.5869026130463,27.21710581659056,0.034702706922450983,156.32,11.040000000000006,-0.6640014049394267,-0.4416327994091489,-0.552817102174231,0.22236860553027782,0.40224552100537797,-2.4019995316867835,0.8038775998031724,-0.7990609659417487,0.1700000000000017,0.0,0.1700000000000017,5.017230337060471,0.5441316595271085,3.370391030548877,0.6536006892162695
2025-08-01 09:42:33,807.72,767.39,800.3565031611138,769.8611737986708,72.77,83.68,785.1088384798923,1570.2176769597845,30.49532936244293,0.03884216789947881,156.45,10.91000000000001,2.4544989462954163,-0.8237245995569538,0.8153871733691176,3.27822354585237,4.020445295774915,3.118500351234843,-0.38209180014780486,1.3682042755433486,0.12999999999999545,0.0,0.12999999999999545,5.018273144529365,0.3056087588258843,3.0799200673461438,0.6708825614368118
2025-08-01 09:42:34,801.81,764.44,800.7198773708353,768.5058803490032,72.94,83.68,784.6128788599192,1569.2257577198384,32.21399702183214,0.04105718609613376,156.62,10.740000000000009,0.3633742097215418,-1.3552934496676698,-0.49595961997306404,1.7186676593892116,3.4653308955911735,-2.0911247365738745,-0.5315688501107161,-1.3113467933421816,0.1700000000000017,0.0,0.1700000000000017,5.0096595189009046,0.30459536005343396,3.0334751353406935,0.5650299997207904
2025-08-01 09:42:35,802.8,776.24,801.2399080281266,770.4394102617523,73.11,83.72,785.8396591449394,1571.679318289879,30.800497766374292,0.03919437937338704,156.82999999999998,10.61,0.5200306572912723,1.9335299127491226,1.2267802850202543,1.4134992554578503,1.1522015152313914,0.15665644756973052,3.2888233624167924,1.7227399049933183,0.1700000000000017,0.03999999999999204,0.13000000000000966,5.010773794134832,0.5856005109780297,2.203196959097535,0.7865631022753928
2025-08-01 09:42:36,797.88,783.12,800.399931021095,773.6095576963141,73.11,83.89,787.0047443587046,1574.009488717409,26.79037332478083,0.03404092984543593,157.0,10.780000000000001,-0.8399770070316208,3.170147434561841,1.16508521376511,4.010124441593462,3.441912190029512,-1.360007664322893,1.2366175218127182,-0.061695071255144285,0.0,0.1700000000000017,0.1700000000000017,5.012769040419972,1.0832065079619306,2.3770453038131416,0.8869961489898928
2025-08-01 09:42:37,792.96,783.12,798.5399482658213,775.9871682722355,73.11,84.09,787.2635582690284,1574.5271165380568,22.552779993585773,0.028647051839317896,157.2,10.980000000000004,-1.859982755273677,2.3776105759213806,0.2588139103238518,4.2375933311950575,16.373064928495083,-1.0200057482420561,-0.7925368586404602,-0.9062713034412582,0.0,0.20000000000000284,0.20000000000000284,5.008037870616989,1.1558840758139575,3.9158247429655924,0.7204032163691106
2025-08-01 09:42:38,790.99,776.24,796.6524611993659,776.0503762041767,73.11,84.22,786.3514187017713,1572.7028374035426,20.602084995189216,0.026199590258262247,157.32999999999998,11.11,-1.8874870664553782,0.06320793194117869,-0.9121395672570998,1.950694998396557,2.1385903318196853,-0.02750431118170127,-2.314402643980202,-1.1709534775809516,0.0,0.12999999999999545,0.12999999999999545,4.998102165535303,1.0546862164685085,5.038651504864149,0.9615835216537856
2025-08-01 09:42:39,795.91,779.19,796.4668458995244,776.8352821531325,73.11,84.29,786.6510640263284,1573.3021280526568,19.631563746391862,0.024955872583398604,157.4,11.180000000000007,-0.18561529984151548,0.7849059489558385,0.2996453245571047,0.970521248797354,3.2388892145827017,1.7018717666138627,0.7216980170146599,1.2117848918142045,0.0,0.07000000000000739,0.07000000000000739,4.99778309420931,0.5577199986337713,4.656393173880497,0.86895687743932
2025-08-01 09:42:40,800.83,778.21,797.5576344246433,777.1789616148494,73.11,84.29,787.3682980197464,1574.7365960394927,20.378672809793898,0.025882008248445904,157.4,11.180000000000007,1.09078852511891,0.34367946171687436,0.717233993417949,0.7471090634020356,1.041651718416196,1.2764038249604255,-0.4412264872389642,0.41758866886084434,0.0,0.0,0.0,5.002339853986064,0.42470305917986506,2.891591444188552,0.7735100751761709
2025-08-01 09:42:41,794.93,776.24,796.9007258184824,776.9442212111371,73.11,84.29,786.9224735148098,1573.8449470296196,19.956504607345323,0.025360191446622285,157.4,11.180000000000007,-0.6569086061608687,-0.2347404037122942,-0.44582450493658143,0.42216820244857445,0.9469359598631034,-1.7476971312797787,-0.5784198654291686,-1.1630584983545305,0.0,0.0,0.0,4.999507423858337,0.4225658932094526,1.1414176779440834,0.6520354559046612
2025-08-01 09:42:42,800.83,776.24,797.8830443638618,776.7681659083528,73.11,84.29,787.3256051361072,1574.6512102722145,21.11487845550903,0.0268184830913004,157.4,11.180000000000007,0.9823185453793712,-0.17605530278433434,0.4031316212974616,1.1583738481637056,2.873431191044622,1.63922715154024,0.058685100927959866,0.848956126234043,0.0,0.0,0.0,5.002068615845226,0.4361859909299005,0.5743514354093376,0.6702080166911177
2025-08-01 09:42:43,808.7,776.24,800.5872832728965,776.6361244312645,73.24,84.29,788.6117038520805,1577.223407704161,23.951158841631923,0.030371295143437452,157.53,11.050000000000011,2.7042389090346433,-0.13204147708825076,1.286098715973253,2.836280386122894,2.205334742630392,1.721920363655272,0.044013825696083586,0.8829670946757915,0.12999999999999545,0.0,0.12999999999999545,5.006104861588114,0.7517947302047674,1.7370858193074215,0.6320123871850658
2025-08-01 09:42:44,807.72,771.32,802.3704624546724,775.3070933234484,73.41,84.29,788.8387778890603,1577.6775557781207,27.06336913122402,0.03430785840591912,157.7,10.88000000000001,1.7831791817759495,-1.3290311078161494,0.22707403697984319,3.112210289592099,13.705646956994048,-0.9210597272586938,-1.1969896307278987,-1.05902467899341,0.1700000000000017,0.0,0.1700000000000017,5.002148211077439,0.8541806682370662,2.992403235863751,0.6371996019824968
2025-08-01 09:42:45,809.69,782.14,804.2003468410043,777.0153199925862,73.55,84.32,790.6078334167953,1581.2156668335906,27.185026848418033,0.034384970227965814,157.87,10.769999999999996,1.8298843863318552,1.7082266691378436,1.769055527734963,0.12165771719401164,0.06876983029467003,0.046705204555905766,3.037257776953993,1.54198149075512,0.14000000000000057,0.029999999999986926,0.11000000000001364,5.007967494830099,1.451766713204992,3.320334581076751,0.8799895825027223
2025-08-01 09:42:46,829.37,780.17,810.4927601307531,777.8039899944397,73.71,84.36,794.1483750625964,1588.2967501251928,32.68877013631345,0.04116204367045996,158.07,10.650000000000006,6.292413289748879,0.7886700018534611,3.540541645801113,5.503743287895418,1.5544914546990563,4.462528903417024,-0.9195566672843825,1.77148611806615,0.1599999999999966,0.04000000000000625,0.11999999999999034,5.024029670643176,2.643998792993987,4.31666208693057,1.3313892743849298
2025-08-01 09:42:47,809.69,778.21,810.2920700980649,777.9054924958298,73.88,84.36,794.0987812969473,1588.1975625938946,32.38657760223509,0.040784066572368036,158.24,10.480000000000004,-0.20069003268827146,0.10150250139008676,-0.04959376564909235,0.3021925340783582,6.093234439628585,-6.49310332243715,-0.6871675004633744,-3.5901354114502055,0.1700000000000017,0.0,0.1700000000000017,5.018318859192545,2.724999725538565,3.7754537622710997,1.4315971510691161
2025-08-01 09:42:48,817.56,777.22,812.1090525735486,777.7341193718723,73.98,84.36,794.9215859727105,1589.843171945421,34.3749332016763,0.04324317488041293,158.34,10.379999999999995,1.8169824754837691,-0.1713731239574372,0.8228046757632228,1.9883555994412063,2.4165555221733683,2.0176725081720406,-0.27287562534752396,0.8723984414123152,0.10000000000000853,0.0,0.10000000000000853,5.020345970395128,2.651391193215042,3.3866321961727373,1.451989998668356
2025-08-01 09:42:49,804.77,777.22,810.2742894301615,777.6055895289044,74.02,84.36,793.939939479533,1587.879878959066,32.66869990125713,0.041147570786683824,158.38,10.340000000000003,-1.8347631433871356,-0.12852984296796421,-0.9816464931775499,1.7062333004191714,1.7381323869082261,-3.6517456188709048,0.04284328098947299,-1.8044511689407727,0.03999999999999204,0.0,0.03999999999999204,5.012880000420842,1.6843867180133523,2.7293955010635824,1.7395200203688255
2025-08-01 09:42:50,800.83,776.24,807.9132170726211,777.2641921466782,74.02,84.36,792.5887046096497,1585.1774092192993,30.649024925942967,0.038669520154678595,158.38,10.340000000000003,-2.3610723575403654,-0.3413973822262051,-1.351234869883342,2.0196749753141603,1.4946872121508494,-0.5263092141532297,-0.21286753925824087,-0.36958837670579214,0.0,0.0,0.0,5.004348400083983,0.8453018038793976,1.3232607715995401,1.9506151335105497
2025-08-01 09:42:51,811.65,779.19,808.8474128044659,777.7456441100086,74.02,84.39,793.2965284572372,1586.5930569144743,31.10176869445729,0.039205728929303026,158.41,10.370000000000005,0.9341957318447385,0.4814519633304144,0.7078238475875196,0.4527437685143241,0.6396268371439788,3.295268089385104,0.8228493455566195,2.0590587174708617,0.0,0.030000000000001137,0.030000000000001137,5.007868969442385,0.8778890794366819,1.4654272754467947,0.9778571800890322
2025-08-01 09:42:52,807.72,777.22,808.5655596033494,777.6142330825064,74.02,84.43,793.0898963429279,1586.1797926858558,30.95132652084294,0.039026252414182186,158.45,10.41000000000001,-0.2818532011165189,-0.1314110275021676,-0.2066321143092864,0.1504421736143513,0.7280642026677822,-1.2160489329612574,-0.612862990832582,-0.914455961896806,0.0,0.04000000000000625,0.04000000000000625,5.005300671111564,0.8988647132976069,1.5657432885585278,0.9755273837010443
2025-08-01 09:42:53,805.75,777.22,807.861669702512,777.5156748118798,74.02,84.43,792.6886722571959,1585.3773445143918,30.345994890632255,0.03828236218632859,158.45,10.41000000000001,-0.7038899008373392,-0.09855827062665412,-0.40122408573199664,0.605331630210685,1.508708332895775,-0.42203669972082025,0.03285275687551348,-0.19459197142271023,0.0,0.0,0.0,5.002768490087898,0.5414528813865969,0.9007534056578127,0.7900912883677967
2025-08-01 09:42:54,807.72,775.26,807.8262522768841,776.9517561089099,74.02,84.43,792.389004192897,1584.778008385794,30.874496167974257,0.03896381192272885,158.45,10.41000000000001,-0.03541742562788386,-0.563918702969886,-0.29966806429888493,0.5285012773420021,1.7636164032430248,0.6684724752094553,-0.4653604323432319,0.10155602143311171,0.0,0.0,0.0,5.000877243244051,0.3728202880609521,0.2946311452259884,0.7313085474906879
2025-08-01 09:42:55,812.64,776.24,809.0296892076631,776.7738170816824,74.15,84.43,792.9017531446727,1585.8035062893455,32.25587212598066,0.04068079299531384,158.58,10.280000000000001,1.2034369307789348,-0.1779390272274668,0.512748951775734,1.3813759580064016,2.6940538038521087,1.2388543564068186,0.3859796757424192,0.8124170160746189,0.13000000000000966,0.0,0.13000000000000966,5.000011023739827,0.3519501503541792,0.7030912862228734,0.5093635136375427
2025-08-01 09:42:56,816.58,777.22,810.9172669057473,776.8853628112618,74.15,84.43,793.9013148585045,1587.802629717009,34.031904094485526,0.04286666795316279,158.58,10.280000000000001,1.8875776980842147,0.11154572957934761,0.9995617138317812,1.776031968504867,1.7768089424789806,0.68414076730528,0.2894847568068144,0.4868127620560472,0.0,0.0,0.0,5.006314225325957,0.5701251438640237,1.4850709061687941,0.6087611057446711
2025-08-01 09:42:57,809.69,783.12,810.6104501793105,778.4440221084462,74.15,84.46,794.5272361438783,1589.0544722877567,32.1664280708643,0.04048499103252188,158.61,10.309999999999988,-0.3068167264367503,1.5586592971844766,0.6259212853738063,1.8654760236212269,2.9803636445172232,-2.194394424520965,1.447113567605129,-0.37364042845797485,0.0,0.029999999999986926,0.029999999999986926,5.009313606547914,0.89836380792287,1.4320553630587576,0.6106154964137215
2025-08-01 09:42:58,808.7,780.17,810.1328376344829,778.8755165813348,74.15,84.49,794.5041771079088,1589.0083542158177,31.25732105314819,0.039341921558659,158.64,10.33999999999999,-0.4776125448275934,0.4314944728885166,-0.023059035969481556,0.90910701771611,39.42348654265993,-0.17079581839084312,-1.12716482429596,-0.6489803213432879,0.0,0.030000000000001137,0.030000000000001137,5.008220953729753,0.9633488620351105,1.2218274988928166,0.5208007435904503
2025-08-01 09:42:59,809.69,778.21,810.0221282258623,778.7091374360011,74.15,84.49,794.3656328309316,1588.7312656618633,31.312990789861146,0.03941886387865267,158.64,10.33999999999999,-0.11070940862066436,-0.16637914533362164,-0.13854427697719984,0.055669736712957274,0.4018161999280477,0.36690313620692905,-0.5978736182221382,-0.11548524100771829,0.0,0.0,0.0,5.007347628741705,0.6844223217080854,1.1219882026809247,0.47226227990193037
2025-08-01 09:43:00,806.73,778.21,809.1990961693967,778.5843530770009,74.15,84.49,793.8917246231988,1587.7834492463976,30.614743092395884,0.0385628696008433,158.64,10.33999999999999,-0.8230320564655358,-0.12478435900027307,-0.4739082077328476,0.6982476974652627,1.4733786262681763,-0.7123226478448714,0.041594786333348566,-0.33536393075564774,0.0,0.0,0.0,5.004360310254908,0.31782914401505713,1.325026474399022,0.5998348928586189
2025-08-01 09:43:01,810.67,778.21,809.5668221270475,778.4907648077507,74.22,84.49,794.028793467399,1588.057586934798,31.076057319296865,0.03913719192027711,158.70999999999998,10.269999999999996,0.36772595765080496,-0.09358826925017638,0.13706884420025744,0.46131422690098134,3.365541338377876,1.1907580141163407,0.03119608975009669,0.610977051933105,0.06999999999999318,0.0,0.06999999999999318,5.003016750452916,0.28775746112051304,0.5637741409206447,0.4036181331310535
2025-08-01 09:43:02,820.51,775.26,812.3026165952856,777.683073605813,74.22,84.49,794.9928451005493,1589.9856902010986,34.61954298947262,0.043546986817909056,158.70999999999998,10.269999999999996,2.735794468238055,-0.8076912019377005,0.964051633150234,3.5434856701757553,3.675614326778726,2.36806851058725,-0.7141029326875241,0.8269827889499766,0.0,0.0,0.0,5.009091047139174,0.4330804359051746,1.61303900971264,0.5359898097219563
2025-08-01 09:43:03,809.69,784.11,811.6494624464642,779.2898052043598,74.22,84.49,795.4696338254121,1590.9392676508241,32.35965724210439,0.04067994028358683,158.70999999999998,10.269999999999996,-0.6531541488213861,1.606731598546844,0.4767887248627858,2.25988574736823,4.739795405655181,-3.388948617059441,2.4144228004845445,-0.4872629082874482,0.0,0.0,0.0,5.012095197613994,0.6672352949130645,1.59967882552479,0.5551740895772193
2025-08-01 09:43:04,803.78,780.17,809.6820968348482,779.5098539032699,74.22,84.53,794.595975369059,1589.191950738118,30.17224293157824,0.037971804324320416,158.75,10.310000000000002,-1.96736561161606,0.22004869891009093,-0.8736584563530414,2.187414310526151,2.503737920559092,-1.314211462794674,-1.386682899636753,-1.3504471812158272,0.0,0.04000000000000625,0.04000000000000625,5.005328947173103,0.6592512687567336,1.7914087679779305,0.7336156109172313
2025-08-01 09:43:05,810.67,779.19,809.9290726261361,779.4298904274525,74.22,84.53,794.6794815267942,1589.3589630535885,30.49918219868357,0.038379224415996206,158.75,10.310000000000002,0.24697579128792313,-0.07996347581740793,0.08350615773520076,0.32693926710533106,3.9151047164369768,2.214341402903983,-0.30001217472749886,0.9571646140882422,0.0,0.0,0.0,5.005854970210641,0.5304775953503599,1.8106567494785126,0.6748427773360856
2025-08-01 09:43:06,812.64,776.24,810.606804469602,778.6324178205894,74.22,84.53,794.6196111450956,1589.2392222901913,31.974386649012672,0.0402386074548261,158.75,10.310000000000002,0.6777318434659492,-0.7974726068631526,-0.059870381698601705,1.4752044503291017,24.639559142887713,0.43075605217802604,-0.7175091310457447,-0.14337653943380246,0.0,0.0,0.0,5.005477833950349,0.37037873113737513,1.7717958139099375,0.682045961285192
2025-08-01 09:43:07,809.69,779.19,810.3776033522015,778.771813365442,74.29,84.53,794.5747083588217,1589.1494167176434,31.605789986759532,0.03977698964552204,158.82,10.239999999999995,-0.22920111740052107,0.1393955448526185,-0.04490278627395128,0.3685966622531396,8.208587578882247,-0.9069329608664702,0.9368681517157711,0.014967595424650426,0.07000000000000739,0.0,0.07000000000000739,5.002988939402045,0.38311958030130977,0.9462885107111256,0.49198905494851614
2025-08-01 09:43:08,808.7,778.21,809.958202514151,778.6313600240815,74.29,84.53,794.2947812691162,1588.5895625382325,31.326842490069566,0.039439819056315634,158.82,10.239999999999995,-0.41940083805047834,-0.14045334136051224,-0.27992708970543845,0.2789474966899661,0.996496982433938,-0.19019972064995727,-0.27984888621313075,-0.23502430343148717,0.0,0.0,0.0,5.0012263963473735,0.1495239367129022,0.757020070094093,0.38018303792408903
2025-08-01 09:43:09,816.58,784.11,811.6136518856133,780.0010200180611,74.29,84.56,795.8073359518372,1591.6146719036744,31.61263186755218,0.039723976394383756,158.85000000000002,10.269999999999996,1.6554493714622822,1.369659993979667,1.5125546827209746,0.28578937748261524,0.18894469853070237,2.0748502095127606,1.5101133353401792,1.792481772426413,0.0,0.030000000000001137,0.030000000000001137,5.009803783078586,0.5847385879638478,0.5554807933035145,0.7220242296263257
2025-08-01 09:43:10,817.56,781.16,813.10023891421,780.2907650135458,74.29,84.59,796.6955019638779,1593.3910039277557,32.809473900664216,0.04118194941305172,158.88,10.299999999999997,1.4865870285966594,0.2897449954846252,0.8881660120406423,1.1968420331120342,1.347541641253016,-0.16886234286562285,-1.0799149984950418,-0.6243886706803323,0.0,0.030000000000001137,0.030000000000001137,5.014447991877076,1.018900374898471,0.5754315762542734,0.7661189122760919
2025-08-01 09:43:11,833.31,778.21,818.1526791856575,779.7705737601593,74.29,84.59,798.9616264729084,1597.9232529458168,38.38210542549814,0.04803998603399713,158.88,10.299999999999997,5.0524402714474945,-0.5201912533864288,2.266124509030533,5.572631524833923,2.4591010085835627,3.565853242850835,-0.809936248871054,1.3779584969898906,0.0,0.0,0.0,5.028711111808896,1.8847410901818884,2.9817293319367995,1.0632187966227986
2025-08-01 09:43:12,831.34,780.17,821.4495093892431,779.8704303201196,74.29,84.59,800.6599698546813,1601.3199397093626,41.57907906912351,0.0519310076470278,158.88,10.299999999999997,3.296830203585614,0.09985655996024434,1.6983433817729292,3.1969736436253697,1.8824059937054682,-1.7556100678618805,0.6200478133466731,-0.5677811272576037,0.0,0.0,0.0,5.039400584184799,2.5334708499540293,4.593114802369014,0.9706478180780455
2025-08-01 09:43:13,829.37,779.19,823.4296320419323,779.7003227400897,74.35,84.59,801.5649773910111,1603.1299547820222,43.72930930184259,0.05455491504833562,158.94,10.240000000000009,1.9801226526892606,-0.1701075800298213,0.9050075363297765,2.150230232719082,2.3759225978566443,-1.3167075508963535,-0.26996413999006563,-0.7933358454431527,0.05999999999998806,0.0,0.05999999999998806,5.043192225668925,2.474690284299029,5.310564315166056,0.5797066880450837
2025-08-01 09:43:14,836.27,780.17,826.6397240314492,779.8177420550674,74.35,84.59,803.2287330432582,1606.4574660865164,46.821981976381835,0.05829221489710827,158.94,10.240000000000009,3.2100919895168545,0.11741931497761016,1.6637556522471186,3.0926726745392443,1.8588491714591733,1.229969336827594,0.28752689500743145,0.7587481159173421,0.0,0.0,0.0,5.053660047751341,2.5030271250967924,5.363181312761044,0.5874146642859013
2025-08-01 09:43:15,845.13,783.12,831.262293023587,780.6433065413005,74.35,84.63,805.9527997824437,1611.9055995648873,50.61898648228646,0.06280639068831823,158.98,10.280000000000001,4.622568992137758,0.8255644862331337,2.724066739185446,3.7970045059046242,1.3938730125117993,1.4124770026209035,0.7081451712555236,1.0603110869383272,0.0,0.03999999999999204,0.03999999999999204,5.0695231772104705,2.661012480112113,4.717345493458142,0.6869932793067378
2025-08-01 09:43:16,845.13,777.22,834.7292197676902,779.7874799059755,74.35,84.63,807.2583498368328,1614.5166996736657,54.94173986171472,0.06805967359118695,158.98,10.280000000000001,3.4669267441032616,-0.8558266353250019,1.3055500543891867,4.3227533794282635,3.311056557225716,-1.1556422480344963,-1.6813911215581356,-1.4185166847962591,0.0,0.0,0.0,5.077735216751149,2.8175221388455194,5.358063705953952,0.6762707634823274
2025-08-01 09:43:17,842.17,781.16,836.5894148257677,780.1306099294816,74.35,84.63,808.3600123776246,1616.7200247552491,56.4588048962861,0.06984363892565704,158.98,10.280000000000001,1.8601950580774655,0.3431300235060917,1.1016625407917218,1.5170650345713739,1.3770674787704418,-1.606731686025796,1.1989566588310936,-0.20388751359746493,0.0,0.0,0.0,5.084664783576298,2.8223149272683945,5.353027940345198,0.7189665218226063
2025-08-01 09:43:18,846.11,780.17,838.9695611193258,780.1404574471112,74.35,84.63,809.5550092832185,1619.110018566437,58.829103672214615,0.0726684449172065,158.98,10.280000000000001,2.3801462935581412,0.009847517629623326,1.1949969055939391,2.370298775928518,1.9835170964173612,0.5199512354806757,-0.33328250587646835,0.09333436480221735,0.0,0.0,0.0,5.092181432828262,2.433120620285969,4.799031875827091,0.6645749477863125
2025-08-01 09:43:19,843.16,780.17,840.0171708394944,780.1478430853334,74.42,84.63,810.0825069624138,1620.1650139248277,59.86932775416096,0.07390522220353729,159.05,10.209999999999994,1.0476097201685661,0.007385638222217494,0.527497679195335,1.0402240819463486,1.9719937186063536,-1.332536573389575,-0.0024618794074058314,-0.6674992263986042,0.07000000000000739,0.0,0.07000000000000739,5.093256849224502,1.6832551134859721,3.6454819197902317,0.8139546849781749
2025-08-01 09:43:20,830.36,778.21,837.6028781296208,779.663382314,74.42,84.63,808.6331302218105,1617.266260443621,57.93949581562072,0.0716511525171824,159.05,10.209999999999994,-2.414292709873621,-0.4844607713333744,-1.449376740603384,1.9298319385402465,1.3314899797873583,-3.461902430042187,-0.4918464095555919,-1.976874419798719,0.0,0.0,0.0,5.0841441379293695,1.0966447884949881,1.9457761247289669,1.1498099177252816
2025-08-01 09:43:21,841.19,781.16,838.4996585972156,780.0375367355,74.42,84.66,809.2685976663578,1618.5371953327156,58.46212186171556,0.07224068987485588,159.07999999999998,10.239999999999995,0.8967804675947946,0.37415442149995215,0.6354674445473165,0.5226260460948424,0.8224264329397839,3.3110731774684155,0.8586151928333265,2.0848441851507005,0.0,0.030000000000001137,0.030000000000001137,5.087179988554047,0.6954218991300539,1.2538235234881556,1.0742700198016872
2025-08-01 09:43:22,782.14,780.17,824.4097439479116,780.070652551625,74.42,84.66,802.2401982497684,1604.4803964995367,44.33909139628656,0.055269097008291516,159.07999999999998,10.239999999999995,-14.089914649303978,0.03311581612501868,-7.028399416589423,14.123030465428997,2.009423144431815,-14.986695116898773,-0.34103860537493347,-7.663866861136739,0.0,0.0,0.0,5.042998448621888,3.2376947858841367,6.494480150990075,3.3955395956471324
2025-08-01 09:43:23,776.24,780.17,812.3673079609337,780.0954894137187,74.42,84.66,796.2313986873262,1592.4627973746524,32.271818547214934,0.04053070321000632,159.07999999999998,10.239999999999995,-12.042435986977921,0.024836862093707168,-6.008799562442164,12.067272849071628,2.008266495729243,2.047478662326057,-0.008278954031311514,1.019599854147259,0.0,0.0,0.0,5.005226261516847,5.944186733936208,12.007497827293397,3.63259949242147
2025-08-01 09:43:24,779.19,780.17,804.0729809707003,780.1141170602891,74.42,84.66,792.0935490154948,1584.1870980309895,23.958863910411196,0.030247517998274975,159.07999999999998,10.239999999999995,-8.294326990233344,0.018627646570394063,-4.137849671831418,8.312954636803738,2.009003054023797,3.748108996744577,-0.006209215523313105,1.8709498906107456,0.0,0.0,0.0,4.979215137266028,7.547069974886908,15.337375732270226,3.1784375349168044
2025-08-01 09:43:25,782.14,777.22,798.5897357280252,779.3905877952168,74.46,84.66,788.990161761621,1577.980323523242,19.199147932808387,0.024333824221087354,159.12,10.200000000000003,-5.483245242675139,-0.7235292650723295,-3.103387253873734,4.759715977602809,1.5337159221575325,2.8110817475582053,-0.7421569116427236,1.034462417957684,0.03999999999999204,0.0,0.03999999999999204,4.95846001007517,8.122118470116488,15.926537979014606,2.9787354608281853
2025-08-01 09:43:26,780.17,780.17,793.9848017960189,779.5854408464127,74.46,84.66,786.7851213212158,1573.5702426424316,14.399360949606262,0.01830151656544355,159.12,10.200000000000003,-4.604933932006247,0.19485305119587792,-2.2050404404052415,4.799786983202125,2.176733232877484,0.8783113106688916,0.9183823162682074,0.8983468134684927,0.0,0.0,0.0,4.944602289948551,6.143879561181916,11.802284913207643,2.001108725570136
2025-08-01 09:43:27,779.19,782.14,790.2861013470142,780.2240806348094,74.46,84.66,785.2550909909119,1570.5101819818237,10.062020712204799,0.012813696867210192,159.12,10.200000000000003,-3.6987004490047184,0.6386397883967447,-1.53003033030393,4.337340237401463,2.834804851048299,0.9062334830015288,0.4437867372008668,0.6750101101013115,0.0,0.0,0.0,4.934986714780827,4.38746893920957,8.6174201633142,1.7580462858160955
2025-08-01 09:43:28,782.14,779.19,788.2495760102606,779.965560476107,74.46,84.66,784.1075682431838,1568.2151364863676,8.284015534153582,0.010564896780870598,159.12,10.200000000000003,-2.0365253367535843,-0.25852015870236755,-1.1475227477280896,1.7780051780512167,1.5494277844544637,1.6621751122511341,-0.8971599470991123,0.3825075825758404,0.0,0.0,0.0,4.927775033405032,3.1767167194291903,6.472629110521943,1.2119575114813579
2025-08-01 09:43:29,780.17,776.24,786.2296820076955,779.0341703570803,74.46,84.66,782.6319261823878,1565.2638523647756,7.195511650615231,0.009193991965700064,159.12,10.200000000000003,-2.019894002565138,-0.931390119026787,-1.4756420607959626,1.0885038835383511,0.7376471400551375,0.01663133418844609,-0.6728699603244195,-0.328119313067873,0.0,0.0,0.0,4.9185012648559985,2.4516776997991423,4.951872777700601,0.7784720971120004
2025-08-01 09:43:30,782.14,779.19,785.2072615057716,779.0731277678102,74.46,84.66,782.140194636791,1564.280389273582,6.134133737961406,0.007842754754430196,159.12,10.200000000000003,-1.0224205019238752,0.038957410729949515,-0.4917315455968492,1.0613779126538248,2.158445525230709,0.997473500641263,0.9703475297567365,0.9839105151991134,0.0,0.0,0.0,4.915410945961413,1.904270421199839,3.241598553794866,0.6234809729054617
2025-08-01 09:43:31,779.19,778.21,783.7029461293288,778.8573458258577,74.49,84.66,781.2801459775933,1562.5602919551866,4.8456003034710875,0.00620212905987237,159.14999999999998,10.170000000000002,-1.5043153764428325,-0.215781941952514,-0.8600486591976733,1.2885334344903185,1.4982081798536737,-0.4818948745189573,-0.2547393526824635,-0.3683171136008241,0.030000000000001137,0.0,0.030000000000001137,4.9090803711499404,1.589838948196215,1.999449563527553,0.4346992242165699
2025-08-01 09:43:32,782.14,778.21,783.3122095969966,778.6955093693932,74.49,84.66,781.0038594831949,1562.0077189663898,4.61670022760336,0.0059112386778051,159.14999999999998,10.170000000000002,-0.3907365323321983,-0.16183645646447076,-0.27628649439839137,0.22890007586772754,0.8284851124592206,1.1135788441106342,0.05394548548804323,0.5837621647992819,0.0,0.0,0.0,4.907344358000946,1.2349572755989098,1.5555212338887852,0.4841363232118096
2025-08-01 09:43:33,782.14,782.14,783.0191571977474,779.5566320270449,74.49,84.69,781.2878946123961,1562.5757892247923,3.46252517070252,0.004431817247070611,159.18,10.200000000000003,-0.29305239924917714,0.8611226576516628,0.28403512920124285,1.15417505690084,4.063479741632072,0.09768413308302115,1.0229591141161336,0.5603216235996342,0.0,0.030000000000001137,0.030000000000001137,4.908203855410179,0.6870428846239582,1.4427732005407385,0.6568678340215046
2025-08-01 09:43:34,782.14,780.17,782.7993678983105,779.7099740202837,74.49,84.69,781.2546709592971,1562.5093419185941,3.08939387802684,0.0039544005161325875,159.18,10.200000000000003,-0.21978929943691128,0.15334199323876874,-0.03322365309907127,0.37313129267568,11.230554960590698,0.07326309981226586,-0.7077806644128941,-0.3172587823003141,0.0,0.0,0.0,4.907995137902387,0.4337763364169424,1.2088097618499394,0.4359561938856875
2025-08-01 09:43:35,780.17,780.17,782.142025923733,779.8249805152127,74.49,84.69,780.9835032194728,1561.9670064389456,2.3170454085202437,0.0029668301519837287,159.18,10.200000000000003,-0.6573419745775482,0.11500649492904813,-0.27116773982425,0.7723484695065963,2.8482208900892156,-0.4375526751406369,-0.038335498309720606,-0.23794408672517875,0.0,0.0,0.0,4.906291608953268,0.15432543128958065,1.059344442875455,0.4194468455782454
2025-08-01 09:43:36,781.16,778.21,781.8965194427997,779.4212353864095,74.49,84.69,780.6588774146046,1561.3177548292092,2.4752840563901373,0.0031707627042134585,159.18,10.200000000000003,-0.24550648093327254,-0.40374512880316615,-0.32462580486821935,0.1582386478698936,0.4874478801407968,0.41183549364427563,-0.5187516237322143,-0.05345806504396933,0.0,0.0,0.0,4.904252245950197,0.253605375324577,0.9209654884600236,0.25486904655561365
2025-08-01 09:43:37,784.11,780.17,782.4498895820998,779.6084265398072,74.49,84.69,781.0291580609535,1562.058316121907,2.8414630422926166,0.003638101099463383,159.18,10.200000000000003,0.5533701393001138,0.18719115339763448,0.37028064634887414,0.3661789859024793,0.9889201625658505,0.7988766202333863,0.5909362822008006,0.6949064512170935,0.0,0.0,0.0,4.906578421625675,0.25301157716268446,0.4626541438793442,0.31530674568844175
2025-08-01 09:43:38,783.12,779.19,782.6174171865748,779.5038199048554,74.49,84.69,781.0606185457151,1562.1212370914302,3.1135972817194215,0.003986370844724408,159.18,10.200000000000003,0.16752760447502624,-0.10460663495177869,0.031460484761623775,0.2721342394268049,8.649758315244867,-0.38584253482508757,-0.29179778834941317,-0.33882016158725037,0.0,0.0,0.0,4.90677606256401,0.215629404937107,0.3595722885626686,0.2773915574137633
2025-08-01 09:43:39,781.16,782.14,782.253062889931,780.1628649286415,74.49,84.73,781.2079639092863,1562.4159278185725,2.0901979612895047,0.0026755973507415765,159.22,10.240000000000009,-0.36435429664379626,0.6590450237861205,0.14734536357116212,1.0233993204299168,6.945534966905768,-0.5318819011188225,0.7636516587378992,0.11588487880953835,0.0,0.04000000000000625,0.04000000000000625,4.906468779065554,0.20229523911757494,0.4099775929579483,0.2908116752863706
2025-08-01 09:43:40,781.16,781.16,781.9797971674482,780.4121486964812,74.49,84.73,781.1959729319647,1562.3919458639293,1.5676484709670149,0.0020067288148921556,159.22,10.240000000000009,-0.2732657224828472,0.24928376783964268,-0.011990977321602259,0.5225494903224899,43.57492315976725,0.09108857416094907,-0.40976125594647783,-0.15933634089276438,0.0,0.0,0.0,4.906393468317869,0.22242245977159036,0.6117616436406996,0.2531329671862529
2025-08-01 09:43:41,781.16,779.19,781.7748478755861,780.1066115223608,74.49,84.73,780.9407296989734,1561.8814593979469,1.6682363532253248,0.0021361881736302653,159.22,10.240000000000009,-0.2049492918620217,-0.30553717412033166,-0.2552432329912335,0.10058788225830995,0.39408483819403156,0.06831643062082549,-0.5548209419599743,-0.24325225566963127,0.0,0.0,0.0,4.904790383081165,0.11395610717441063,0.6937261812480763,0.22869899694359846
2025-08-01 09:43:42,782.14,780.17,781.8661359066896,780.1224586417707,74.49,84.73,780.9942972742301,1561.9885945484602,1.7436772649189152,0.0022326376373962447,159.22,10.240000000000009,0.09128803110343142,0.01584711940984107,0.05356757525669309,0.07544091169359035,1.4083053605978524,0.29623732296545313,0.3213842935301727,0.3088108082479266,0.0,0.0,0.0,4.905126820557111,0.11931184253532201,0.6332864482845701,0.15051556399668803
2025-08-01 09:43:43,783.12,780.17,782.1796019300172,780.134343981328,74.52,84.73,781.1569729556726,1562.3139459113452,2.045257948689141,0.002618241937125944,159.25,10.210000000000008,0.3134660233275781,0.011885339557352381,0.16267568144246525,0.30158068377022573,1.853865477805972,0.2221779922241467,-0.003961779852488689,0.10910810618577216,0.030000000000001137,0.0,0.030000000000001137,4.90522428917079,0.12313581965019593,0.23250894189884622,0.1691741526348231
2025-08-01 09:43:44,783.12,778.21,782.4147014475128,779.653257985996,74.52,84.73,781.0339797167544,1562.0679594335088,2.7614434615168193,0.003535625247678269,159.25,10.210000000000008,0.23509951749565516,-0.48108599533202323,-0.12299323891818403,0.7161855128276784,5.82291918001205,-0.07836650583192295,-0.4929713348893756,-0.2856689203606493,0.0,0.0,0.0,4.904451961144757,0.10841507904501742,0.483581450006036,0.16101163851253694
2025-08-01 09:43:45,782.14,782.14,782.3460260856345,780.274943489497,74.52,84.73,781.3104847875658,1562.6209695751315,2.0710825961375576,0.0026507804948373292,159.25,10.210000000000008,-0.06867536187826317,0.6216855035009985,0.27650507081136766,0.6903608653792617,2.49672950526365,-0.30377487937391834,1.1027714988330217,0.3994983097295517,0.0,0.0,0.0,4.906188256711947,0.14802126777880315,0.43182191977547596,0.21415051274091704
2025-08-01 09:43:46,780.17,781.16,781.8020195642259,780.4962076171228,74.52,84.73,781.1491135906743,1562.2982271813487,1.305811947103166,0.0016716551586791687,159.25,10.210000000000008,-0.5440065214086189,0.22126412762577274,-0.1613711968914231,0.7652706490343917,4.742270749088783,-0.47533115953035576,-0.40042137587522575,-0.43787626770279076,0.0,0.0,0.0,4.905174936800624,0.12379160418234,0.5323151610726411,0.18592414271531665
2025-08-01 09:43:47,780.17,776.24,781.3940146731695,779.4321557128421,74.52,84.73,780.4130851930058,1560.8261703860117,1.9618589603273904,0.002513872454263534,159.25,10.210000000000008,-0.40800489105640736,-1.0640519042806318,-0.7360283976685196,0.6560470132242244,0.8913326224500665,0.13600163035221158,-1.2853160319064045,-0.5746572007770965,0.0,0.0,0.0,4.900553094458102,0.3493171455762086,0.5162406240756827,0.39314842522423316
2025-08-01 09:43:48,780.17,781.16,781.0880110048772,779.8641167846315,74.52,84.73,780.4760638947544,1560.9521277895087,1.223894220245711,0.0015681380573928949,159.25,10.210000000000008,-0.3060036682923055,0.4319610717893738,0.06297870174853415,0.7379647400816793,11.717501347151988,0.10200122276410184,1.4960129760700056,0.7990070994170537,0.0,0.0,0.0,4.900948565110241,0.4069899183212131,0.6283252160448687,0.3776902644331878
2025-08-01 09:43:49,784.11,780.17,781.8435082536579,779.9405875884736,74.56,84.73,780.8920479210658,1561.7840958421316,1.902920665184297,0.002436854963260931,159.29000000000002,10.170000000000002,0.7554972487806708,0.07647080384208493,0.4159840263114347,0.6790264449385859,1.6323338629747228,1.0615009170729763,-0.3554902679472889,0.35300532456290057,0.04000000000000625,0.0,0.04000000000000625,4.9023293553816085,0.3981171379059617,0.396633657174366,0.4519993417140565
2025-08-01 09:43:50,783.12,778.21,782.1626311902434,779.5079406913552,74.56,84.73,780.8352859407993,1561.6705718815986,2.654690498888158,0.003399808568192217,159.29000000000002,10.170000000000002,0.3191229365854724,-0.43264689711838855,-0.05676198026651491,0.751769833703861,13.244016261551687,-0.4363743121951984,-0.5091177009604735,-0.47274600657794963,0.0,0.0,0.0,4.901973011732226,0.3062869930970846,0.579422746103534,0.41917974247063056
2025-08-01 09:43:51,781.16,780.17,781.9119733926825,779.6734555185164,74.56,84.76,780.7927144555995,1561.585428911199,2.238517874166064,0.002866980992336575,159.32,10.200000000000003,-0.25065779756084794,0.1655148271612461,-0.04257148519980092,0.41617262472209404,9.775624391409506,-0.5697807341463204,0.5981617242796347,0.014190495066713993,0.0,0.030000000000001137,0.030000000000001137,4.900782761453783,0.22056695338964516,0.5240858928544411,0.41784477209070736
2025-08-01 09:43:52,782.14,777.22,781.9689800445118,779.0600916388873,74.56,84.76,780.5145358416996,1561.0290716833993,2.9088884056244524,0.0037268856226497418,159.32,10.200000000000003,0.05700665182928333,-0.6133638796291052,-0.2781786138998541,0.6703705314583885,2.4098478032244484,0.30766444939013127,-0.7788787067903513,-0.23560712870005318,0.0,0.0,0.0,4.899036724470644,0.1925501994839174,0.6615847946754452,0.25365733538734914
2025-08-01 09:43:53,782.14,780.17,782.0117350333838,779.3375687291655,74.56,84.76,780.6746518812747,1561.3493037625494,2.6741663042183745,0.0034254555266380127,159.32,10.200000000000003,0.04275498887204776,0.2774770902781256,0.1601160395750867,0.23472210140607785,1.465940801984446,-0.014251662957235567,0.8908409699072308,0.4382946534749408,0.0,0.0,0.0,4.90004172094673,0.1500534881821224,0.4010642408252714,0.26134747635310995
2025-08-01 09:43:54,778.21,780.17,781.0613012750379,779.5456765468741,74.56,84.76,780.303488910956,1560.606977821912,1.5156247281637434,0.0019423528764900156,159.32,10.200000000000003,-0.9504337583459801,0.20810781770865105,-0.3711629703186645,1.1585415760546312,3.1213740252319213,-0.9931887472180279,-0.06936927256947456,-0.5312790098937512,0.0,0.0,0.0,4.897712051300804,0.2181636988998646,0.5493597998692575,0.21008114502248124
2025-08-01 09:43:55,782.14,779.19,781.3309759562784,779.4567574101555,74.56,84.76,780.393866683217,1560.787733366434,1.8742185461228473,0.002401631565464381,159.32,10.200000000000003,0.26967468124053084,-0.0889191367185731,0.09037777226092203,0.35859381795910394,3.9676774643922967,1.220108439586511,-0.29702695442722415,0.46154074257958655,0.0,0.0,0.0,4.8982793232798,0.19990656710171018,0.5688593450228148,0.2301047146269865
2025-08-01 09:43:56,784.11,775.26,782.0257319672088,778.4075680576166,74.56,84.76,780.2166500124126,1560.4333000248253,3.6181639095922264,0.004637383609920758,159.32,10.200000000000003,0.694756010930405,-1.0491893525389742,-0.17721667080434145,1.7439453634693791,9.840696785789468,0.4250813296898741,-0.9602702158204011,-0.2675944430652635,0.0,0.0,0.0,4.897166991684947,0.17985519752482157,0.8376683127312268,0.23129325513576554
2025-08-01 09:43:57,777.22,777.22,780.8242989754067,778.1106760432124,74.56,84.76,779.4674875093095,1558.934975018619,2.713622932194312,0.003481380522212636,159.32,10.200000000000003,-1.2014329918021076,-0.2968920144041931,-0.7491625031030935,0.9045409773979145,1.2074012864364527,-1.8961890027325126,0.7522973381347811,-0.5719458322987521,0.0,0.0,0.0,4.892464741506684,0.4499472118885904,0.8192503606978045,0.36910547299461144
2025-08-01 09:43:58,779.19,780.17,780.415724231555,778.6255070324094,74.56,84.76,779.5206156319822,1559.0412312639644,1.7902171991456726,0.0022965617085030196,159.32,10.200000000000003,-0.40857474385165915,0.5148309891969802,0.05312812267266054,0.9234057330486394,17.380406199024446,0.7928582479504485,0.8117230036011733,0.802290625775754,0.0,0.0,0.0,4.892798209510319,0.44878616759471035,0.8609623784455122,0.3446168021164086
2025-08-01 09:43:59,781.16,778.21,780.6017931736662,778.521630274307,74.56,84.76,779.5617117239866,1559.1234234479732,2.080162899359266,0.0026683748898989,159.32,10.200000000000003,0.18606894211120562,-0.10387675810238761,0.041096092004409,0.2899457002135932,7.055139088247098,0.5946436859628648,-0.6187077472993678,-0.012032030668251537,0.0,0.0,0.0,4.8930561563578365,0.4377599549527883,0.7634940533707351,0.35188178176789314
2025-08-01 09:44:00,781.16,779.19,780.7413448802497,778.6887227057302,74.56,84.76,779.71503379299,1559.43006758598,2.052622174519456,0.002632528658453298,159.32,10.200000000000003,0.13955170658346105,0.16709243142327068,0.15332206900336587,0.027540724839809627,0.179625447226112,-0.04651723552774456,0.2709691895256583,0.11222597699895687,0.0,0.0,0.0,4.894018509283025,0.30514310074224416,0.7355442448327023,0.3634922725918964
2025-08-01 09:44:01,784.11,780.17,781.5835086601872,779.0590420292976,74.59,84.76,780.3212753447424,1560.6425506894848,2.5244666308896058,0.003235163140386176,159.35000000000002,10.170000000000002,0.8421637799375503,0.3703193235674007,0.6062415517524187,0.4718444563701496,0.7783096963521039,0.7026120733540893,0.20322689214413003,0.4529194827490528,0.030000000000001137,0.0,0.030000000000001137,4.896901603061441,0.35003216189362935,0.3767957315026392,0.48851896742451517
2025-08-01 09:44:02,784.11,777.22,782.2151314951404,778.5992815219734,74.59,84.76,780.4072065085569,1560.8144130171138,3.6158499731670872,0.00463328623618259,159.35000000000002,10.170000000000002,0.6316228349531912,-0.4597605073242903,0.08593116381450727,1.0913833422774815,12.700522061021713,-0.21054094498435916,-0.830079830891691,-0.5203103879379114,0.0,0.0,0.0,4.897440863577759,0.4263747590387703,0.7224582050569684,0.2378643350297661
2025-08-01 09:44:03,779.19,780.17,781.4588486213553,778.99196114148,74.59,84.8,780.2254048814177,1560.4508097628354,2.466887479875254,0.0031617625640995638,159.39,10.209999999999994,-0.7562828737851532,0.39267961950667996,-0.1818016271391798,1.1489624932918332,6.319834379578244,-1.3879057087383444,0.8524401268309703,-0.26773279095368707,0.0,0.03999999999999204,0.03999999999999204,4.895071208898592,0.3816105519527237,0.6347651865584537,0.28888396633149216
2025-08-01 09:44:04,782.14,781.16,781.6291364660165,779.53397085611,74.59,84.8,780.5815536610633,1561.1631073221265,2.0951656099064166,0.0026841085308711397,159.39,10.209999999999994,0.17028784466117486,0.5420097146300122,0.3561487796455367,0.3717218699688374,1.043723431020508,0.9265707184463281,0.14933009512333228,0.5379504067847165,0.0,0.0,0.0,4.897305657593059,0.32654081253387546,0.6320304282987474,0.2959302748869046
2025-08-01 09:44:05,783.12,777.22,782.0018523495123,778.9554781420825,74.59,84.8,780.4786652457974,1560.9573304915948,3.0463742074298352,0.003903212655489081,159.39,10.209999999999994,0.37271588349585727,-0.5784927140275613,-0.10288841526585202,0.9512085975234186,9.244960670304396,0.2024280388346824,-1.1205024286575735,-0.4590371949113887,0.0,0.0,0.0,4.896660143981036,0.1376981478339982,0.5910498306804789,0.3274012048357848
2025-08-01 09:44:06,780.17,777.22,781.5438892621343,778.5216086065618,74.59,84.8,780.0327489343481,1560.0654978686962,3.0222806555724446,0.0038745561078388268,159.39,10.209999999999994,-0.4579630873780616,-0.433869535520671,-0.44591631144930943,0.024093551857390594,0.054031434166756896,-0.8306789708739188,0.14462317850689033,-0.3430278961834574,0.0,0.0,0.0,4.893862501038244,0.21765645849460333,0.5855163159550321,0.3000232635569386
2025-08-01 09:44:07,785.09,780.17,782.4304169466008,778.9337064549213,74.62,84.8,780.6820617007611,1561.3641234015222,3.496710491679437,0.004479045515126357,159.42000000000002,10.179999999999993,0.8865276844665004,0.41209784835950813,0.6493127664130043,0.4744298361069923,0.7306634490869937,1.344490771844562,0.8459673838801791,1.0952290778623137,0.030000000000001137,0.0,0.030000000000001137,4.897014532704469,0.26648898612112504,0.5477277667029578,0.44040298618892787
2025-08-01 09:44:08,782.14,776.24,782.3578127099505,778.260279841191,74.62,84.8,780.3090462755708,1560.6180925511417,4.097532868759458,0.005251166679491786,159.42000000000002,10.179999999999993,-0.07260423665024973,-0.6734266137302711,-0.37301542519026043,0.6008223770800214,1.6107129244337337,-0.9591319211167502,-1.0855244620897793,-1.0223281916032647,0.0,0.0,0.0,4.894674704434174,0.2551670690822183,0.7344623584108749,0.4731854117439229
2025-08-01 09:44:09,781.16,783.12,782.0583595324629,779.4752098808933,74.62,84.8,780.7667847066781,1561.5335694133562,2.5831496515695562,0.003308477894883204,159.42000000000002,10.179999999999993,-0.299453177487635,1.214930039702267,0.4577384311072592,1.514383217189902,3.3083958127152178,-0.22684894083738527,1.8883566534325382,0.8307538562975196,0.0,0.0,0.0,4.897545977977243,0.2953467170522751,0.5738431529831542,0.49316258022326054
2025-08-01 09:44:10,783.12,782.14,782.3237696493471,780.14140741067,74.62,84.8,781.2325885300086,1562.4651770600171,2.182362238677115,0.0027934859194622555,159.42000000000002,10.179999999999993,0.2654101168842544,0.6661975297766958,0.4658038233304751,0.40078741289244135,0.8604191988112889,0.5648632943718894,-0.5487325099255713,0.008065392223215895,0.0,0.0,0.0,4.900467843617744,0.4585410076844609,0.752479496923109,0.517785318042137
2025-08-01 09:44:11,778.21,780.17,781.2953272370104,780.1485555580025,74.62,84.8,780.7219413975065,1561.443882795013,1.146771679007884,0.0014688605721600205,159.42000000000002,10.179999999999993,-1.0284424123367444,0.007148147332486587,-0.510647132502072,1.035590559669231,2.0279924545989187,-1.2938525292209988,-0.6590493824442092,-0.9764509558325472,0.0,0.0,0.0,4.89726468761913,0.3289126360480818,1.1491255675143863,0.5368911651527477
2025-08-01 09:44:12,778.21,779.19,780.5239954277578,779.9089166685019,74.62,84.8,780.2164560481299,1560.4329120962598,0.61507875925588,0.0007883437393553173,159.42000000000002,10.179999999999993,-0.7713318092526151,-0.23963888950061119,-0.5054853493766132,0.531692919752004,1.0518442692027388,0.25711060308412925,-0.24678703683309777,0.005161783125458896,0.0,0.0,0.0,4.894093910136971,0.4069494446331269,1.3547020195453365,0.5095479340028353
2025-08-01 09:44:13,784.11,780.17,781.4204965708184,779.9741875013765,74.62,84.8,780.6973420360974,1561.3946840721949,1.4463090694418952,0.0018525861300068773,159.42000000000002,10.179999999999993,0.8965011430606182,0.065270832874603,0.4808859879675538,0.8312303101860152,1.7285356663509883,1.6678329523132334,0.3049097223752142,0.9863713373441669,0.0,0.0,0.0,4.897110382254341,0.3601259825750685,0.7913117335974129,0.5347593429300069
2025-08-01 09:44:14,784.11,779.19,782.0928724281138,779.7781406260324,74.62,84.8,780.9355065270731,1561.8710130541463,2.3147318020813827,0.0029640498860286956,159.42000000000002,10.179999999999993,0.6723758572953784,-0.19604687534410914,0.23816449097569148,0.8684227326394875,3.6462995922785626,-0.22412528576523982,-0.26131770821871214,-0.2427214969918623,0.0,0.0,0.0,4.898604325859169,0.3724761819536803,0.7126918856279155,0.503867388765638
2025-08-01 09:44:15,779.19,782.14,781.3671543210853,780.3686054695243,74.62,84.83,780.8678798953048,1561.7357597906096,0.9985488515610541,0.001278767991348507,159.45,10.209999999999994,-0.725718107028456,0.5904648434918727,-0.06762663176834849,1.3161829505203286,19.462206735684287,-1.3980939643238344,0.7865117188359818,-0.30579112274403997,0.0,0.030000000000001137,0.030000000000001137,4.89725854498618,0.28160659426180995,0.6392307598052377,0.4422161446145527
2025-08-01 09:44:16,784.11,778.21,782.052865740814,779.8289541021431,74.62,84.83,780.9409099214786,1561.8818198429572,2.22391163867087,0.0028477335577755105,159.45,10.209999999999994,0.6857114197287046,-0.5396513673811114,0.07303002617379661,1.225362787109816,16.77866040378156,1.4114295267571606,-1.130116210872984,0.1406566579421451,0.0,0.0,0.0,4.8977165570634185,0.3043466865851281,0.7455390557324509,0.36871615091042276
2025-08-01 09:44:17,783.12,778.21,782.3196493056105,779.4242155766074,74.62,84.83,780.8719324411089,1561.7438648822178,2.8954337290031162,0.0037079495433312067,159.45,10.209999999999994,0.26678356479646936,-0.4047385255357767,-0.06897748036965368,0.6715220903322461,9.7352404218472,-0.4189278549322353,0.1349128418453347,-0.1420075065434503,0.0,0.0,0.0,4.897283960764033,0.098581066791773,0.7512557485724525,0.23275976707760276
2025-08-01 09:44:18,783.12,781.16,782.5197369792079,779.8581616824555,74.62,84.83,781.1889493308317,1562.3778986616635,2.661575296752403,0.003407082621464669,159.45,10.209999999999994,0.20008767359740887,0.433946105848122,0.31701688972282227,0.23385843225071312,0.7376821303529028,-0.0666958911990605,0.8386846313838987,0.38599437009247595,0.0,0.0,0.0,4.899272150715332,0.13192687714657136,0.7335061457309991,0.17574920023249527
2025-08-01 09:44:19,784.11,777.22,782.917302734406,779.1986212618417,74.66,84.83,781.0579619981238,1562.1159239962476,3.718681472564299,0.004761082594036918,159.49,10.170000000000002,0.39756575519811577,-0.65954042061378,-0.13098733270794582,1.0571061758118958,8.07023155389603,0.1974780816007069,-1.093486526461902,-0.4480042224307681,0.03999999999999204,0.0,0.03999999999999204,4.89722212741176,0.1372613589047463,0.9997797998518572,0.17980750823229505
2025-08-01 09:44:20,784.11,776.24,783.2154770508046,778.4589659463813,74.66,84.83,780.837221498593,1561.674442997186,4.756511104423225,0.00609155271722692,159.49,10.170000000000002,0.2981743163985584,-0.739655315460368,-0.22074049953084796,1.0378296318589264,4.701561029822998,-0.09939143879955736,-0.08011489484658796,-0.08975316682290213,0.0,0.0,0.0,4.895838087671671,0.14433329337863965,1.0017545549319526,0.20993275583855675
2025-08-01 09:44:21,780.17,779.19,782.4541077881034,778.641724459786,74.66,84.83,780.5479161239448,1561.0958322478896,3.8123833283174235,0.00488423996103246,159.49,10.170000000000002,-0.7613692627011233,0.18275851340467852,-0.2893053746481655,0.9441277761058018,3.263418503149075,-1.0595435790996817,0.9224138288650465,-0.06856487511731757,0.0,0.0,0.0,4.894024147156064,0.24348127362864916,0.8320056625247568,0.23661700353685294
2025-08-01 09:44:22,784.11,782.14,782.8680808410776,779.5162933448395,74.66,84.83,781.1921870929585,1562.384374185917,3.351787496238103,0.004290605496735016,159.49,10.170000000000002,0.4139730529741428,0.8745688850534634,0.6442709690137463,0.46059583207932064,0.7149090046310758,1.175342315675266,0.6918103716487849,0.9335763436619118,0.0,0.0,0.0,4.898063716815441,0.274178500093669,0.7617163933175323,0.401451687859369
2025-08-01 09:44:23,780.17,777.22,782.1935606308082,778.9422200086296,74.66,84.83,780.5678903197189,1561.1357806394378,3.2513406221785317,0.004165352762181182,159.49,10.170000000000002,-0.6745202102694066,-0.5740733362098354,-0.624296773239621,0.1004468740595712,0.16089577500545912,-1.0884932632435493,-1.4486422212632988,-1.2685677422533672,0.0,0.0,0.0,4.894149385074735,0.28762195300359283,0.5960729783180456,0.4683135522269744
2025-08-01 09:44:24,782.14,779.19,782.1801704731062,779.0041650064722,74.66,84.83,780.5921677397891,1561.1843354795783,3.17600546663391,0.004068712951298687,159.49,10.170000000000002,-0.013390157702019678,0.06194499784260188,0.024277420070234257,0.07533515554462156,3.1029677930724864,0.6611300525673869,0.6360183340524372,0.6485741933098552,0.0,0.0,0.0,4.894301604147517,0.2747808341697973,0.6560000163222764,0.47287737454611234
2025-08-01 09:44:25,783.12,781.16,782.4151278548296,779.5431237548542,74.66,84.83,780.9791258048419,1561.9582516096839,2.87200409997547,0.0036774402815674128,159.49,10.170000000000002,0.23495738172346137,0.5389587483819014,0.38695806505279506,0.30400136665844,0.7856163457934843,0.24834753942548105,0.4770137505392995,0.3626806449825608,0.0,0.0,0.0,4.896727825619877,0.2930861140235511,0.34127530909944986,0.5086324098009968
2025-08-01 09:44:26,777.22,778.21,781.1163458911221,779.2098428161406,74.66,84.83,780.1630943536313,1560.3261887072626,1.906503074981515,0.002443723737172338,159.49,10.170000000000002,-1.2987819637074836,-0.3332809387135285,-0.8160314512106197,0.9655010249939551,1.1831649875707666,-1.533739345430945,-0.8722396870954299,-1.2029895162634148,0.0,0.0,0.0,4.891611320220829,0.39921850537144,0.5896792796000854,0.6307628814002602
2025-08-01 09:44:27,784.11,783.12,781.8647594183416,780.1873821121054,74.66,84.86,781.0260707652235,1562.052141530447,1.677377306236167,0.0021476585313535946,159.51999999999998,10.200000000000003,0.7484135272194408,0.9775392959647888,0.8629764115921716,0.22912576874534807,0.2655061020920777,2.0471954909269243,1.3108202346783173,1.6790078628027914,0.0,0.030000000000001137,0.030000000000001137,4.896101215327999,0.35202591588737175,0.7347545056340076,0.6973501788508818
2025-08-01 09:44:28,781.16,777.22,781.6885695637561,779.445536584079,74.66,84.86,780.5670530739176,1561.1341061478352,2.243032979677082,0.0028735942261081814,159.51999999999998,10.200000000000003,-0.17618985458545922,-0.7418455280263743,-0.45901769130591674,0.565655673440915,1.2323151195251203,-0.9246033818049,-1.719384823991163,-1.3219941028980884,0.0,0.0,0.0,4.893223722296226,0.3520842489812693,0.6348631580587423,0.6655183420274318
2025-08-01 09:44:29,780.17,780.17,781.3089271728171,779.6266524380593,74.66,84.86,780.4677898054382,1560.9355796108764,1.6822747347578115,0.002155469776685741,159.51999999999998,10.200000000000003,-0.3796423909390114,0.1811158539802591,-0.09926326847937617,0.5607582449192705,5.649144989526393,-0.2034525363535522,0.9229613820066334,0.3597544228265406,0.0,0.0,0.0,4.892601460085487,0.3627918080688688,0.5010416906995492,0.6666762002143795
2025-08-01 09:44:30,784.11,781.16,782.0091953796128,780.0099893285444,74.66,84.86,781.0095923540787,1562.0191847081574,1.9992060510684269,0.0025597714395321986,159.51999999999998,10.200000000000003,0.7002682067957267,0.3833368904851113,0.5418025486404758,0.31693131631061533,0.5849561471235789,1.079910597734738,0.20222103650485224,0.641065817119852,0.0,0.0,0.0,4.895997915359082,0.37008105466937574,0.23691075232196487,0.6936408316483481
2025-08-01 09:44:31,784.11,780.17,782.5343965347097,780.0499919964084,74.69,84.86,781.292194265559,1562.584388531118,2.4844045383013054,0.0031798660646505795,159.55,10.170000000000002,0.5252011550968518,0.04000266786397333,0.28260191148035574,0.4851984872328785,1.7168913253273599,-0.17506705169887482,-0.343334222621138,-0.2592006371601201,0.030000000000001137,0.0,0.030000000000001137,4.896848570158009,0.34482231962471876,0.3525828897348816,0.5205091844117967
2025-08-01 09:44:32,780.17,780.17,781.9432974010323,780.0799939973062,74.69,84.86,781.0116456991693,1562.0232913983386,1.8633034037260359,0.0023857562324467417,159.55,10.170000000000002,-0.5910991336774032,0.03000200089786631,-0.2805485663897116,0.6211011345752695,2.2138730869129115,-1.116300288774255,-0.010000666966107019,-0.5631504778700673,0.0,0.0,0.0,4.895090196202314,0.34327351089733854,0.31564528678919584,0.4100701650583274
2025-08-01 09:44:33,784.11,783.12,782.4849730507742,780.8399954979797,74.69,84.86,781.662484274377,1563.324968548754,1.6449775527945576,0.002104460152283171,159.55,10.170000000000002,0.5416756497419328,0.7600015006734111,0.650838575207672,0.21832585093147827,0.3354526357156664,1.132774783419336,0.7299994997755448,0.9313871415973836,0.0,0.0,0.0,4.899169410060844,0.4382816320473155,0.33878131079458995,0.4017373161185478
2025-08-01 09:44:34,781.16,778.21,782.1537297880807,780.1824966234848,74.69,84.86,781.1681132057827,1562.3362264115653,1.9712331645959011,0.002523442942368511,159.55,10.170000000000002,-0.3312432626935333,-0.6574988744948769,-0.4943710685943188,0.32625561180134355,0.6599394110775878,-0.8729189124354662,-1.417500375168288,-1.1452096438019908,0.0,0.0,0.0,4.896070876275223,0.2697182567863924,0.3081926580723245,0.5054761051761988
2025-08-01 09:44:35,784.11,781.16,782.6427973410606,780.4268724676135,74.69,84.86,781.534834904337,1563.069669808674,2.2159248734470793,0.0028353500978404466,159.55,10.170000000000002,0.4890675529799182,0.24437584412874003,0.3667216985543291,0.2446917088511782,0.6672390605102609,0.8203108156734515,0.9018747186236169,0.8610927671486479,0.0,0.0,0.0,4.898369351337935,0.2652427731458039,0.3241747201393298,0.4758870138455373
2025-08-01 09:44:36,784.11,779.19,783.0095980057955,780.1176543507102,74.69,84.86,781.5636261782529,1563.1272523565058,2.891943655085356,0.0037002024589173777,159.55,10.170000000000002,0.36680066473491024,-0.30921811690336654,0.02879127391588554,0.6760187816382768,23.47917304528342,-0.12226688824500798,-0.5535939610321066,-0.3379304246384436,0.0,0.0,0.0,4.898549804322802,0.28184185438940523,0.4792540525834707,0.465639288382994
2025-08-01 09:44:37,781.16,781.16,782.5471985043466,780.3782407630326,74.69,84.86,781.4627196336896,1562.9254392673793,2.1689577413139887,0.0027755101862762905,159.55,10.170000000000002,-0.46239950144888553,0.2605864123224819,-0.10090654456325865,0.7229859137713674,7.164835066600294,-0.8292001661837958,0.5698045292258485,-0.1296978184791442,0.0,0.0,0.0,4.897917359672656,0.1876560543187335,0.45773879284337815,0.43954406432707666
2025-08-01 09:44:38,784.11,781.16,782.93789887826,780.5736805722745,74.69,84.86,781.7557897252673,1563.5115794505346,2.364218305985446,0.0030242415010345654,159.55,10.170000000000002,0.3907003739133188,0.19543980924186144,0.29307009157764696,0.19526056467145736,0.66625665336127,0.8530998753622043,-0.06514660308062048,0.3939766361409056,0.0,0.0,0.0,4.899754213886011,0.2134152731532856,0.3479685172357084,0.3442555457023161
2025-08-01 09:44:39,780.17,781.16,782.245924158695,780.7202604292058,74.69,84.86,781.4830922939504,1562.966184587901,1.5256637294891107,0.0019522670964747806,159.55,10.170000000000002,-0.6919747195649961,0.14657985693133924,-0.27269743131682844,0.8385545764963354,3.0750253033985366,-1.082675093478315,-0.0488599523105222,-0.5657675228944754,0.0,0.0,0.0,4.898045047921689,0.11657434545985633,0.4889125614991569,0.2673515825684752
2025-08-01 09:44:40,784.11,779.19,782.7119431190213,780.3376953219043,74.69,84.86,781.5248192204629,1563.0496384409257,2.3742477971169365,0.0030379685144832345,159.55,10.170000000000002,0.4660189603263234,-0.3825651073015024,0.0417269265124105,0.8485840676278258,20.336118723163594,1.1579936798913195,-0.5291449642328416,0.31442435782923894,0.0,0.0,0.0,4.898306576760616,0.11719951561070682,0.49261545251372474,0.20795799421095829
2025-08-01 09:44:41,780.17,779.19,782.076457339266,780.0507714914282,74.69,84.9,781.063614415347,1562.127228830694,2.0256858478377353,0.0025934966216042904,159.59,10.210000000000008,-0.6354857797552995,-0.2869238304760984,-0.46120480511581263,0.34856194927920114,0.7557622766514709,-1.101504740081623,0.09564127682540402,-0.5029317316282231,0.0,0.04000000000000625,0.04000000000000625,4.89418891861118,0.24966748697245583,0.34814621792212624,0.2893461397742532
2025-08-01 09:44:42,784.11,782.14,782.5848430044495,780.5730786185711,74.69,84.9,781.5789608115103,1563.1579216230207,2.0117643858783367,0.002573974587565094,159.59,10.210000000000008,0.5083856651834822,0.5223071271428807,0.5153463961632951,0.013921461959398584,0.02701374269675629,1.1438714449387817,0.8092309576189791,0.9765512012791078,0.0,0.0,0.0,4.8974181083657635,0.25555851389595846,0.34652537492219554,0.3992444370421641
2025-08-01 09:44:43,785.09,781.16,783.2111322533372,780.7198089639282,74.72,84.9,781.9654706086327,1563.9309412172654,2.4913232894089106,0.0031859760818899654,159.62,10.180000000000007,0.6262892488877014,0.1467303453571276,0.38650979712235767,0.47955890353057384,1.240738698895286,0.11790358370421927,-0.37557678178575316,-0.12883659904093747,0.030000000000001137,0.0,0.030000000000001137,4.89891909353285,0.32075797682735313,0.3776568796761132,0.4168313251319838
2025-08-01 09:44:44,785.09,781.16,783.6808491900028,780.8298567229461,74.72,84.9,782.2553529564746,1564.510705912949,2.850992467056699,0.0036445803184816947,159.62,10.180000000000007,0.4697169366656908,0.11004775901790254,0.2898823478418535,0.3596691776477883,1.2407376288616847,-0.15657231222201062,-0.036682586339225054,-0.09662744928050415,0.0,0.0,0.0,4.9007351713804,0.45462014666243916,0.3504045724936081,0.38541445528871854
2025-08-01 09:44:45,784.11,780.17,783.7881368925022,780.6648925422096,74.72,84.9,782.2265147173559,1564.4530294347119,3.123244350292566,0.003992762054899577,159.62,10.180000000000007,0.1072877024993204,-0.16496418073654695,-0.028838239118613274,0.27225188323586735,9.440328231827445,-0.3624292341663704,-0.2750119397544495,-0.3187205869604668,0.0,0.0,0.0,4.900554503300347,0.5015343472619193,0.49372326125511096,0.3918130003986969
2025-08-01 09:44:46,785.09,780.17,784.1136026693766,780.5411694066572,74.72,84.9,782.3273860380169,1564.6547720760339,3.5724332627194144,0.00456641723389624,159.62,10.180000000000007,0.32546577687446643,-0.12372313555238179,0.10087132066098548,0.4491889124268482,4.453044298807152,0.21817807437514602,0.04124104518416516,0.12970955977959875,0.0,0.0,0.0,4.90118644992376,0.30705997389137096,0.5957855770400788,0.21828102953221076
2025-08-01 09:44:47,784.11,781.16,784.1127020020325,780.6958770549929,74.72,84.9,782.4042895285127,1564.8085790570253,3.416824947039572,0.004367083601665212,159.62,10.180000000000007,-0.0009006673441263047,0.15470764833571593,0.07690349049573797,0.15560831567984224,2.0233970042161062,-0.32636644421859273,0.2784307838880977,-0.023967830165247506,0.0,0.0,0.0,4.901668240990129,0.16607471073476074,0.4347974664097592,0.16890005540103561
2025-08-01 09:44:48,782.14,781.16,783.6195265015243,780.8119077912447,74.72,84.9,782.2157171463846,1564.4314342927692,2.8076187102795984,0.003589315127715419,159.62,10.180000000000007,-0.4931755005081868,0.11603073625178695,-0.18857238212808625,0.6092062367599738,3.230605666001035,-0.4922748331640605,-0.03867691208392898,-0.2654758726238242,0.0,0.0,0.0,4.900486857824193,0.07925043715823754,0.3379728439284534,0.1760592706861568
2025-08-01 09:44:49,786.07,781.16,784.2321448761433,780.8989308434335,74.72,84.9,782.5655378597884,1565.1310757195768,3.3332140327097477,0.004259341700078308,159.62,10.180000000000007,0.6126183746189326,0.08702305218878337,0.34982071340380116,0.5255953224301493,1.5024662629316314,1.1057938751271195,-0.02900768406300358,0.5383930955318874,0.0,0.0,0.0,4.902678442282357,0.1441991095982533,0.2960085820044406,0.19723840536062173
2025-08-01 09:44:50,785.09,779.19,784.4466086571075,780.4716981325752,74.72,84.9,782.4591533948413,1564.9183067896827,3.9749105245323335,0.005080023030220093,159.62,10.180000000000007,0.21446378096425178,-0.42723271085833403,-0.10638446494704112,0.6416964918225858,6.031806056795667,-0.39815459365468087,-0.5142557630471174,-0.4562051783508423,0.0,0.0,0.0,4.902011956476816,0.13228511260185283,0.422406592025077,0.20887600899800587
2025-08-01 09:44:51,785.09,776.24,784.6074564928307,779.4137735994314,74.72,84.9,782.0106150461311,1564.0212300922622,5.193682893399341,0.006641448065831582,159.62,10.180000000000007,0.16084783572318884,-1.0579245331438187,-0.4485383487102581,1.2187723688670076,2.717202788053039,-0.053615945241062946,-0.6306918222854847,-0.342153883763217,0.0,0.0,0.0,4.899201917973494,0.21951041598970567,0.9093254220059946,0.29844754734456114
2025-08-01 09:44:52,785.09,780.17,784.728092369623,779.6028301995735,74.72,84.9,782.1654612845982,1564.3309225691964,5.125262170049496,0.006552657228151326,159.62,10.180000000000007,0.12063587679233478,0.1890566001421803,0.15484623846714385,0.0684207233498455,0.4418594998990783,-0.04021195893085405,1.246981133285999,0.603384587177402,0.0,0.0,0.0,4.900172010928619,0.22549562920990415,1.0630509348512613,0.3094381808304969
2025-08-01 09:44:53,784.11,780.17,784.5735692772173,779.7446226496802,74.72,84.9,782.1590959634487,1564.3181919268975,4.828946627537107,0.006173867498676896,159.62,10.180000000000007,-0.15452309240572504,0.14179245010666364,-0.006365321149473857,0.2963155425123887,46.544234190397006,-0.2751589691980598,-0.04726415003551665,-0.1612115596166177,0.0,0.0,0.0,4.900132132961512,0.23109023036991025,0.8088689878909308,0.29927225037641925
2025-08-01 09:44:54,785.09,779.19,784.702676957913,779.6059669872601,74.72,84.9,782.1543219725866,1564.3086439451731,5.09670997065291,0.006516245990027651,159.62,10.180000000000007,0.12910768069571077,-0.13865566242009209,-0.004773990862190658,0.26776334311580285,56.07620011087499,0.2836307731014358,-0.2804481125267557,0.0015913302872831991,0.0,0.0,0.0,4.900102224486182,0.16389956967521957,0.5051712423287001,0.22512511484608239
2025-08-01 09:44:55,784.11,781.16,784.5545077184348,779.994475240445,74.72,84.9,782.2744914794399,1564.5489829588798,4.560032477989807,0.005829197451570564,159.62,10.180000000000007,-0.14816923947819305,0.38850825318490934,0.12016950685335814,0.5366774926631024,4.465966789322109,-0.2772769201739038,0.5271639156050014,0.1249434977155488,0.0,0.0,0.0,4.900855071911946,0.09384513991496343,0.26351167224633193,0.24127164250624747
2025-08-01 09:44:56,784.11,780.17,784.4433807888262,780.0383564303338,74.72,84.9,782.24086860958,1564.48173721916,4.405024358492369,0.0056312889413345744,159.62,10.180000000000007,-0.11112692960864479,0.043881189888793415,-0.03362286985986884,0.1550081194974382,4.610061844262766,0.03704230986954826,-0.3446270632961159,-0.15379237671322699,0.0,0.0,0.0,4.900644428699008,0.05514782889754167,0.31945630304130185,0.08515945767836523
2025-08-01 09:44:57,785.09,781.16,784.6050355916196,780.3187673227503,74.72,84.9,782.4619014571849,1564.9238029143698,4.286268268869321,0.00547792583307768,159.62,10.180000000000007,0.16165480279346411,0.28041089241651207,0.2210328476048744,0.11875608962304796,0.5372755843048043,0.2727817324021089,0.23652970252771865,0.25465571746474325,0.0,0.0,0.0,4.902029172755016,0.12517218877869496,0.32821995340192156,0.10829898498223842
2025-08-01 09:44:58,784.11,780.17,784.4812766937148,780.2815754920628,74.72,84.9,782.3814260928888,1564.7628521857775,4.199701201652033,0.00536784368368374,159.62,10.180000000000007,-0.12375889790484962,-0.03719183068756138,-0.08047536429614865,0.08656706721728824,1.0756831272685994,-0.28541370069831373,-0.31760272310407345,-0.30150821190102306,0.0,0.0,0.0,4.901525004331311,0.12060030503029272,0.35499715868966075,0.123531033986684
2025-08-01 09:44:59,784.11,780.17,784.3884575202861,780.253681619047,74.72,84.9,782.3210695696666,1564.6421391393333,4.134775901239095,0.005285267209060667,159.62,10.180000000000007,-0.09281917342866564,-0.027893873015727877,-0.06035652322213991,0.06492530041293776,1.0756786718034568,0.030939724476183983,0.009297957671833501,0.020118841074008742,0.0,0.0,0.0,4.90114687801353,0.08799274482562083,0.1693531915112106,0.13132494946025805
2025-08-01 09:45:00,783.12,780.17,784.0713431402146,780.2327612142853,74.72,84.9,782.15205217725,1564.3041043545,3.8385819259292475,0.0049077182759237154,159.62,10.180000000000007,-0.3171143800715299,-0.02092040476168222,-0.16901739241666291,0.2961939753098477,1.7524363536701524,-0.2242952066428643,0.006973468254045656,-0.108660869194523,0.0,0.0,0.0,4.900088004492933,0.12043071508168021,0.212529059047191,0.1463504472551672
2025-08-01 09:45:01,782.14,779.19,783.5885073551609,779.972070910714,74.76,84.9,781.7802891329375,1563.560578265875,3.61643644444689,0.004625898721278756,159.66000000000003,10.14,-0.4828357850536804,-0.26069030357132306,-0.37176304431250173,0.22214548148235735,0.5975442888598009,-0.1657214049821505,-0.23976989880964084,-0.20274565189583882,0.04000000000000625,0.0,0.04000000000000625,4.89653190677944,0.27053196772861976,0.2792952748073051,0.21408097946181323
2025-08-01 09:45:02,786.07,779.19,784.2088805163708,779.7765531830355,74.76,84.9,781.9927168497031,1563.9854336994063,4.432327333335252,0.005667990547946679,159.66000000000003,10.14,0.6203731612098409,-0.19551772767852071,0.21242771676566008,0.8158908888883616,3.8407749258703494,1.1032089462635213,0.06517257589280234,0.5841907610781618,0.0,0.0,0.0,4.897862407314547,0.24558733024265406,0.3194869954023125,0.21094580458056672
2025-08-01 09:45:03,784.11,781.16,784.1841603872781,780.1224148872766,74.76,84.9,782.1532876372773,1564.3065752745547,4.061745500001507,0.0051930300096010166,159.66000000000003,10.14,-0.024720129092656862,0.34586170424108786,0.1605707875742155,0.3705818333337447,2.307888819899097,-0.6450932903024977,0.5413794319196086,-0.05185692919144458,0.0,0.0,0.0,4.898868111852744,0.20379034291925974,0.3084858307123508,0.2402689283063833
2025-08-01 09:45:04,786.07,778.21,784.6556202904586,779.6443111654575,74.76,84.9,782.149965727958,1564.299931455916,5.011309125001162,0.006407094979451889,159.66000000000003,10.14,0.47145990318051645,-0.4781037218191386,-0.0033219093193110893,0.9495636249996551,285.7627258984365,0.4961800322731733,-0.8239654260602265,-0.1638926968935266,0.0,0.0,0.0,4.898847305706568,0.1635598995902631,0.5482172502158146,0.24074825174875003
2025-08-01 09:45:05,784.11,782.14,784.519215217844,780.268233374093,74.76,84.93,782.3937242959685,1564.787448591937,4.250981843750992,0.005433302576836114,159.69,10.170000000000002,-0.13640507261459334,0.6239222086355767,0.24375856801043483,0.76032728125017,3.119168972344183,-0.6078649757951098,1.1020259304547153,0.24708047732974592,0.0,0.030000000000001137,0.030000000000001137,4.899453437262916,0.22646998976171806,0.5115325893561807,0.253408990446175
2025-08-01 09:45:06,787.06,783.12,785.154411413383,780.9811750305697,74.76,84.93,783.0677932219763,1566.1355864439527,4.173236382813229,0.005329342380833812,159.69,10.170000000000002,0.6351961955389243,0.7129416564766871,0.6740689260078625,0.0777454609377628,0.11533738257424639,0.7716012681535176,0.08901944784111038,0.4303103579974277,0.0,0.0,0.0,4.903674546423081,0.42529061349156855,0.3747655706365987,0.251581670826549
2025-08-01 09:45:07,786.07,782.14,785.3833085600372,781.2708812729272,74.76,84.93,783.3270949164822,1566.6541898329644,4.112427287109995,0.005249948978591772,159.69,10.170000000000002,0.22889714665427618,0.28970624235751075,0.25930169450589347,0.06080909570323456,0.23451008027165907,-0.4062990488846481,-0.4232354141191763,-0.41476723150196904,0.0,0.0,0.0,4.905298328080556,0.5455369140572671,0.3917825834886116,0.25035253800640966
2025-08-01 09:45:08,787.06,780.17,785.8024814200279,780.9956609546955,74.76,84.93,783.3990711873616,1566.7981423747233,4.806820465332407,0.006135851618908714,159.69,10.170000000000002,0.419172859990681,-0.27522031823173165,0.07197627087941783,0.6943931782224126,9.647395208769677,0.1902757133364048,-0.5649265605892424,-0.18732542362647564,0.0,0.0,0.0,4.905749053050364,0.564187830938305,0.40937601194046325,0.2625932278166188
2025-08-01 09:45:09,784.11,780.17,785.3793610650209,780.7892457160217,74.76,84.93,783.0843033905213,1566.1686067810426,4.590115348999234,0.005861585174500139,159.69,10.170000000000002,-0.4231203550069722,-0.20641523867379874,-0.31476779684032863,0.21670511633317346,0.6884580635325824,-0.8422932149976532,0.06880507955793291,-0.38674406771974645,0.0,0.0,0.0,4.903777935291774,0.3970915266440655,0.2987853172059247,0.35731166410504844
2025-08-01 09:45:10,788.04,780.17,786.0445207987657,780.6344342870163,74.76,84.93,783.339477542891,1566.678955085782,5.410086511749341,0.00690643923859522,159.69,10.170000000000002,0.6651597337447583,-0.15481142900534905,0.25517415236970464,0.8199711627501074,3.2133660159908954,1.0882800887517305,0.051603809668449685,0.5699419492100333,0.0,0.0,0.0,4.905375869732076,0.15541767446330873,0.5284999442437611,0.35780219483155384
2025-08-01 09:45:11,788.04,781.16,786.5433905990742,780.7658257152623,74.76,84.93,783.6546081571682,1567.3092163143365,5.77756488381192,0.007372590955632576,159.69,10.170000000000002,0.4988698003085119,0.13139142824593364,0.3151306142772228,0.3674783720625783,1.1661107785247653,-0.16628993343624643,0.2862028572512827,0.05995646190751813,0.0,0.0,0.0,4.907349259501653,0.20361048013003238,0.6609703346328678,0.2583832022067744
2025-08-01 09:45:12,788.04,780.17,786.9175429493057,780.6168692864467,74.76,84.93,783.7672061178762,1567.5344122357524,6.300673662859026,0.008038960555683754,159.69,10.170000000000002,0.3741523502314976,-0.1489564288156089,0.11259796070794437,0.5231087790471065,4.645769159485669,-0.12471745007701429,-0.2803478570615425,-0.2025326535692784,0.0,0.0,0.0,4.908054362889485,0.2697320418654958,0.6998235707995173,0.2462819666697288
2025-08-01 09:45:13,789.03,777.22,787.4456572119793,779.7676519648351,74.76,84.93,783.6066545884072,1567.2133091768144,7.678005247144256,0.009798289986930843,159.69,10.170000000000002,0.5281142626736255,-0.8492173216116043,-0.16055152946898943,1.3773315842852298,8.578697506919442,0.15396191244212787,-0.7002608927959955,-0.2731494901769338,0.0,0.0,0.0,4.907048967883764,0.27604035354853634,1.148857318252171,0.27080289820851317
2025-08-01 09:45:14,790.01,781.16,788.0867429089844,780.1157389736263,74.76,84.93,784.1012409413054,1568.2024818826108,7.971003935358112,0.010165784096481242,159.69,10.170000000000002,0.64108569700511,0.34808700879125354,0.49458635289818176,0.29299868821385644,0.5924103932236509,0.11297143433148449,1.1973043304028579,0.6551378823671712,0.0,0.0,0.0,4.910146133328069,0.27661855457112977,1.1423511774908508,0.24528529842660834
2025-08-01 09:45:15,791.98,780.17,789.0600571817383,780.1293042302198,74.76,84.93,784.594680705979,1569.189361411958,8.93075295151857,0.01138263253594842,159.69,10.170000000000002,0.9733142727538961,0.01356525659343788,0.493439764673667,0.9597490161604583,1.94501363663211,0.33222857574878617,-0.33452175219781566,-0.001146588224514744,0.0,0.0,0.0,4.913236118684595,0.4113732738822826,1.2810111636035928,0.27872650759042844
2025-08-01 09:45:16,791.98,781.16,789.7900428863037,780.3869781726648,74.76,84.93,785.0885105294842,1570.1770210589684,9.403064713638855,0.011977075929082323,159.69,10.170000000000002,0.7299857045653653,0.2576739424450807,0.49382982350516613,0.4723117621202846,0.9564242239232027,-0.24332856818853088,0.2441086858516428,0.00039005883149911824,0.0,0.0,0.0,4.91632854664134,0.6101916025096604,1.2053058255333982,0.2996690875454109
2025-08-01 09:45:17,791.98,783.12,790.3375321647278,781.0702336294986,74.76,84.93,785.7038828971132,1571.4077657942264,9.267298535229202,0.011794899739152544,159.69,10.170000000000002,0.5474892784241092,0.6832554568337628,0.6153723676289928,0.13576617840965355,0.22062407239486947,-0.18249642614125605,0.4255815143886821,0.1215425441238267,0.0,0.0,0.0,4.920182090155496,0.8202012163343445,0.77987108174126,0.31075831100166096
2025-08-01 09:45:18,798.86,781.16,792.4681491235459,781.092675222124,74.76,84.93,786.780412172835,1573.56082434567,11.37547390142197,0.014458257616694224,159.69,10.170000000000002,2.130616958818109,0.0224415926253414,1.0765292757217821,2.108175366192768,1.9583056916623156,1.583127680394,-0.6608138642084214,0.4611569080927893,0.0,0.0,0.0,4.926923459489709,1.0396237976416267,1.2431602345136716,0.25249621175487136
2025-08-01 09:45:19,800.83,781.16,794.5586118426594,781.1095064165929,74.76,84.93,787.8340591296262,1575.6681182592524,13.449105426066467,0.01707098754254623,159.69,10.170000000000002,2.090462719113475,0.01683119446897763,1.0536469567912263,2.0736315246444974,1.968049680426016,-0.040154239704634165,-0.005610398156363772,-0.02288231893055581,0.0,0.0,0.0,4.933521536703016,1.3101752062885823,1.9136306695709773,0.29509943765422003
2025-08-01 09:45:20,809.69,781.16,798.3414588819945,781.1221298124447,74.76,84.93,789.7317943472196,1579.4635886944393,17.21932906954987,0.021804021531106124,159.69,10.170000000000002,3.782847039335138,0.012623395851733221,1.8977352175934357,3.770223643483405,1.986695310196754,1.692384320221663,-0.004207798617244407,0.8440882608022093,0.0,0.0,0.0,4.945405406736892,1.8395950691474072,3.3106279125034663,0.551146505013925
2025-08-01 09:45:21,784.11,780.17,794.7835941614959,780.8840973593335,74.76,84.93,787.8338457604148,1575.6676915208295,13.899496802162389,0.01764267536780419,159.69,10.170000000000002,-3.5578647204986282,-0.23803245311114551,-1.8979485868048869,3.3198322673874827,1.7491677810980595,-7.340711759833766,-0.25065584896287874,-3.7956838043983225,0.0,0.0,0.0,4.93352020055667,1.4931767699341292,2.973919721314555,1.4442995733308013
2025-08-01 09:45:22,784.11,782.14,792.115195621122,781.1980730195002,74.76,84.93,786.656634320311,1573.313268640622,10.917122601621827,0.013877875189060841,159.69,10.170000000000002,-2.6683985403739143,0.3139756601666477,-1.177211440103747,2.982374200540562,2.533420561099174,0.8894661801247139,0.5520081132777932,0.7207371467011399,0.0,0.0,0.0,4.926148346134152,1.2324415790943024,2.504929067862051,1.6337820161454049
2025-08-01 09:45:23,784.11,780.17,790.1138967158415,780.9410547646252,74.76,84.93,785.5274757402333,1571.0549514804666,9.172841951216355,0.011677302478688126,159.69,10.170000000000002,-2.001298905280464,-0.25701825487499264,-1.1291585800777284,1.7442806504054715,1.544760086333767,0.6670996350934502,-0.5709939150416403,0.04805286002601861,0.0,0.0,0.0,4.919077405104614,1.565620270671993,3.073094446775551,1.6325314420134929
2025-08-01 09:45:24,785.09,780.17,788.8579225368812,780.7482910734689,74.76,84.93,784.803106805175,1569.60621361035,8.10963146341237,0.010333332504368168,159.69,10.170000000000002,-1.2559741789602867,-0.19276369115630132,-0.7243689350582372,1.0632104878039854,1.4677727999830728,0.7453247263201774,0.06425456371869132,0.4047896450194912,0.0,0.0,0.0,4.91454131060576,1.951318728817475,3.7100198023832647,1.4621738630701173
2025-08-01 09:45:25,780.17,778.21,786.6859419026609,780.1137183051017,74.76,84.93,783.3998301038813,1566.7996602077626,6.572223597559287,0.008389360498455085,159.69,10.170000000000002,-2.17198063422029,-0.6345727683672067,-1.4032767012937484,1.5374078658530834,1.0955834789049055,-0.9160064552600033,-0.44180907721090534,-0.6789077662355112,0.0,0.0,0.0,4.905753805486427,1.7013105501940684,2.8152017632003448,0.4295859432398623
2025-08-01 09:45:26,784.11,775.26,786.0419564269957,778.9002887288264,74.76,84.93,782.471122577911,1564.942245155822,7.141667698169385,0.009127068696814709,159.69,10.170000000000002,-0.6439854756652039,-1.2134295762753027,-0.9287075259702533,0.5694441006100988,0.6131569644148375,1.5279951585550862,-0.578856807908096,0.4745691753234951,0.0,0.0,0.0,4.89993811558628,1.6658115164342222,1.7277278887535867,0.25761376637651406
2025-08-01 09:45:27,786.07,780.17,786.0489673202468,779.2177165466198,74.79,84.93,782.6333419334333,1565.2666838668665,6.831250773626948,0.008728545538351768,159.72000000000003,10.14,0.0070108932510493105,0.3174278177934866,0.16221935552221112,0.3104169245424373,1.9135510062418473,0.6509963689162532,1.5308573940687893,1.0909268814924644,0.030000000000001137,0.0,0.030000000000001137,4.900033414934884,1.3483401628012677,1.070628431471278,0.5958882897558331
2025-08-01 09:45:28,785.09,779.19,785.8092254901851,779.2107874099648,74.79,84.93,782.510006450075,1565.02001290015,6.598438080220262,0.008432400886120616,159.72000000000003,10.14,-0.23974183006168914,-0.006929136655003276,-0.12333548335823252,0.23281269340668587,1.887622275806893,-0.24675272331273845,-0.3243569544484899,-0.28555483888044364,0.0,0.0,0.0,4.899261216822024,0.9914219941671479,0.6346750003768206,0.6278726185733551
2025-08-01 09:45:29,786.07,776.24,785.8744191176389,778.4680905574737,74.79,84.93,782.1712548375563,1564.3425096751125,7.406328560165207,0.00946893471843892,159.72000000000003,10.14,0.06519362745382296,-0.7426968524911217,-0.33875161251876307,0.8078904799449447,2.3848981530738653,0.3049354575155121,-0.7357677158361184,-0.21541612916053055,0.0,0.0,0.0,4.897140307666015,0.4589347242487473,0.3596446610550326,0.6329758346574473
2025-08-01 09:45:30,785.09,778.21,785.6783143382293,778.4035679181053,74.79,84.93,782.0409411281673,1564.0818822563347,7.274746420123961,0.009302257756898507,159.72000000000003,10.14,-0.19610477940966575,-0.06452263936841973,-0.13031370938892906,0.13158214004124602,1.0097259216420018,-0.2612984068634887,0.678174213122702,0.208437903129834,0.0,0.0,0.0,4.896324419182587,0.24841852297458697,0.3307726454833853,0.40817976974930775
2025-08-01 09:45:31,783.12,780.17,785.038735753672,778.845175938579,74.79,84.93,781.9419558461254,1563.8839116922509,6.193559815092954,0.0079207411251776,159.72000000000003,10.14,-0.6395785845572846,0.4416080204737227,-0.0989852820418946,1.0811866050310073,10.922590309770495,-0.4434738051476188,0.5061306598421424,0.03132842734703445,0.0,0.0,0.0,4.895704676624222,0.299541629728279,0.495950961745397,0.17822435205042456
2025-08-01 09:45:32,785.09,781.16,785.051551815254,779.4238819539343,74.79,84.93,782.2377168845942,1564.4754337691884,5.6276698613197595,0.007194321793301746,159.72000000000003,10.14,0.012816061582043403,0.5787060153552375,0.2957610384687541,0.5658899537731941,1.9133285552904984,0.652394646139328,0.13709799488151475,0.39474632051064873,0.0,0.0,0.0,4.897556423660391,0.2169756090817294,0.7439826309610463,0.23071345939129714
2025-08-01 09:45:33,785.09,784.11,785.0611638614405,780.5954114654508,74.79,84.96,782.8282876634456,1565.6565753268912,4.465752395989739,0.005704638502032545,159.75,10.169999999999987,0.009612046186475709,1.1715295115164963,0.5905707788514292,1.1619174653300206,1.9674449523981157,-0.003204015395567694,0.5928234961612588,0.29480974038267505,0.0,0.029999999999986926,0.029999999999986926,4.9003335384232365,0.3461166644031468,1.2191515910564898,0.373336394707248
2025-08-01 09:45:34,779.19,781.16,783.5933728960804,780.7365585990881,74.79,84.96,782.1649657475842,1564.3299314951685,2.8568142969922974,0.003652444712362363,159.75,10.169999999999987,-1.4677909653601091,0.14114713363733244,-0.6633219158613883,1.6089380989974416,2.425572915580764,-1.4774030115465848,-1.0303823778791639,-1.2538926947128175,0.0,0.0,0.0,4.896181288584682,0.3464585179787798,1.6933132088976832,0.47513583298788925
2025-08-01 09:45:35,784.11,783.12,783.7225296720603,781.332418949316,74.79,84.96,782.5274743106881,1565.0549486213763,2.390110722744339,0.0030543473528458404,159.75,10.169999999999987,0.12915677597993636,0.5958603502278947,0.36250856310391555,0.4667035742479584,1.287424172349834,1.5969477413400455,0.4547132165905623,1.0258304789653039,0.0,0.0,0.0,4.898450512752661,0.34391474279480777,1.6662819372281465,0.49247132850987213
2025-08-01 09:45:36,783.12,780.17,783.5718972540452,781.041814211987,74.79,84.96,782.3068557330162,1564.6137114660323,2.5300830420582088,0.00323413123671709,159.75,10.169999999999987,-0.15063241801510685,-0.2906047373289766,-0.2206185776719849,0.13997231931386978,0.634451034631112,-0.2797891939950432,-0.8864650875568714,-0.5831271407759004,0.0,0.0,0.0,4.897069488800918,0.2688307830853336,1.4158472698785582,0.5073704343027892
2025-08-01 09:45:37,781.16,782.14,782.9689229405338,781.3163606589902,74.83,84.96,782.142641799762,1564.285283599524,1.6525622815436236,0.002112865596520991,159.79,10.129999999999995,-0.6029743135113677,0.2745464470032175,-0.16421393325413192,0.8775207605145852,5.343733015782262,-0.4523418954962608,0.5651511843321941,0.05640464441785298,0.03999999999999204,0.0,0.03999999999999204,4.894815926559523,0.28707704244249976,1.040822408583546,0.4985010495366295
2025-08-01 09:45:38,787.06,780.17,783.9916922054003,781.0297704942427,74.83,84.96,782.5107313498215,1565.021462699643,2.961921711157629,0.0037851515496320396,159.79,10.129999999999995,1.022769264866497,-0.2865901647475084,0.3680895500594943,1.3093594296140054,3.557166652070732,1.6257435783778647,-0.5611366117507259,0.5323034833136262,0.0,0.0,0.0,4.897119509685851,0.1833940815089809,0.5170746184710161,0.4365686399276079
2025-08-01 09:45:39,785.09,780.17,784.2662691540503,780.814827870682,74.83,84.96,782.5405485123662,1565.0810970247323,3.45144128336824,0.00441055902536805,159.79,10.129999999999995,0.2745769486499512,-0.21494262356065974,0.029817162544645726,0.48951957221061093,16.416825533017665,-0.7481923162165458,0.07164754118684868,-0.33827238751484856,0.0,0.0,0.0,4.89730611186595,0.17536710224767668,0.6712825723745011,0.28072127120037255
2025-08-01 09:45:40,787.06,781.16,784.9647018655377,780.9011209030115,74.83,84.96,782.9329113842746,1565.8658227685492,4.063580962526203,0.005190203270611441,159.79,10.129999999999995,0.698432711487385,0.0862930323294222,0.3923628719084036,0.6121396791579627,1.5601326293896534,0.42385576283743376,0.30123565589008194,0.36254570936375785,0.0,0.0,0.0,4.899761602631661,0.29719596486761546,0.9151076593999917,0.2885699793198095
2025-08-01 09:45:41,782.14,779.19,784.2585263991532,780.4733406772586,74.83,84.96,782.3659335382059,1564.7318670764118,3.7851857218945497,0.004838126961814573,159.79,10.129999999999995,-0.7061754663844795,-0.4277802257528265,-0.566977846068653,0.278395240631653,0.4910152161090386,-1.4046081778718644,-0.5140732580822487,-0.9593407179770566,0.0,0.0,0.0,4.896213334013346,0.2893267381280591,0.948844876511431,0.3993931833706097
2025-08-01 09:45:42,784.11,703.53,784.2213947993649,761.237505507944,74.83,85.0,772.7294501536544,1545.4589003073088,22.98388929142095,0.029743772878213604,159.82999999999998,10.170000000000002,-0.03713159978826752,-19.23583516931467,-9.636483384551525,19.1987035695264,1.992293330574405,0.669043866596212,-18.808054943561842,-9.069505538482872,0.0,0.04000000000000625,0.04000000000000625,4.834695897634728,4.4136693367915685,8.693844510282899,4.3517803284603405
2025-08-01 09:45:43,780.17,614.29,783.2085460995237,724.500629130958,74.83,87.86,753.8545876152409,1507.7091752304818,58.707916968565655,0.07787697767603499,162.69,13.030000000000001,-1.0128486998412427,-36.73687637698595,-18.87486253841348,35.724027677144704,1.8926774015844074,-0.9757171000529752,-17.50104120767128,-9.238379153861956,0.0,2.8599999999999994,2.8599999999999994,4.633687276301885,12.512646672451275,23.9171931246191,8.44635475636858
2025-08-01 09:45:44,693.72,469.53,760.8364095746429,660.7579718482184,74.59,90.49,710.7971907114306,1421.5943814228613,100.07843772642445,0.1407974579717449,165.07999999999998,15.899999999999991,-22.37213652488083,-63.74265728273963,-43.057396903810286,41.3705207578588,0.960822594302611,-21.359287825039587,-27.00578090575368,-24.182534365396805,-0.23999999999999488,2.6299999999999955,2.8699999999999903,4.305774087749313,30.18873252302098,41.32293206907439,17.847375232702756
2025-08-01 09:45:45,595.67,304.82,719.5448071809822,571.7734788861638,71.73,92.64,645.659143033573,1291.318286067146,147.77132829481832,0.22886894681249106,164.37,20.909999999999997,-41.291602393660696,-88.98449296205456,-65.13804767785768,47.692890568393864,0.7321817514715645,-18.919465868779866,-25.24183567931493,-22.0806507740474,-2.8599999999999994,2.1500000000000057,5.010000000000005,3.9280838298076843,56.061786110030354,58.352206377093594,26.351142763253023
2025-08-01 09:45:46,429.51,199.89,647.0361053857366,478.8026091646228,69.23,94.29,562.9193572751797,1125.8387145503593,168.2334962211138,0.29885896398480916,163.52,25.060000000000002,-72.50870179524554,-92.97086972154102,-82.73978575839328,20.46216792629548,0.24730747718805013,-31.217099401584846,-3.986376759486461,-17.601738080535597,-2.5,1.6500000000000057,4.150000000000006,3.4425107254933276,85.82894327862897,60.360258721699715,30.661617341196447
2025-08-01 09:45:47,320.38,126.2,565.3720790393024,390.6519568734671,67.18,95.51,478.01201795638474,956.0240359127695,174.72012216583533,0.365514077548283,162.69,28.33,-81.66402634643418,-88.15065229115572,-84.90733931879493,6.486625944721538,0.07639652732457186,-9.155324551188642,4.8202174303852985,-2.167553560401643,-2.049999999999997,1.2199999999999989,3.269999999999996,2.938176993166192,111.48229042615496,49.3845190716759,28.002770258540796
2025-08-01 09:45:48,175.64,137.83,467.93905927947685,327.4464676551003,65.63,95.71,397.6927634672886,795.3855269345772,140.49259162437653,0.3532691669977125,161.33999999999997,30.08,-97.43301975982558,-63.20548921836678,-80.31925448909612,34.227530541458805,0.42614352353036217,-15.7689934133914,24.945163072788944,4.588084829698801,-1.5500000000000114,0.19999999999998863,1.75,2.464935917951858,125.64496810338093,29.415543906450104,17.556813111736133
2025-08-01 09:45:49,128.14,131.05,382.98929445960766,278.3473507413252,64.62,95.84,330.66832260046647,661.3366452009329,104.64194371828245,0.3164559053582562,160.46,31.22,-84.94976481986919,-49.099116913775106,-67.02444086682215,35.85064790609408,0.5348891674074582,12.483254939956396,14.106372304591673,13.294813622273978,-1.009999999999991,0.13000000000000966,1.1400000000000006,2.0607523403945787,125.84935887831752,27.64174847880239,9.246089899985133
2025-08-01 09:45:50,136.86,128.14,321.4569708447058,240.7955130559939,64.62,95.91,281.1262419503498,562.2524839006996,80.66145778871189,0.2869225474725874,160.53,31.289999999999992,-61.532323614901884,-37.55183768533132,-49.542080650116645,23.980485929570563,0.48404275982848416,23.417441204967304,11.547279228443784,17.4823602167055,0.0,0.06999999999999318,0.06999999999999318,1.7512380252856898,112.9860145962802,40.55489248634906,14.799977140595525
2025-08-01 09:45:51,127.17,123.3,272.8852281335293,211.42163479199542,64.49,95.95,242.15343146276237,484.30686292552474,61.46359334153391,0.25382086355924605,160.44,31.460000000000008,-48.571742711176455,-29.373878263998478,-38.97281048758745,19.197864447177977,0.49259634382016176,12.960580903725429,8.177959421332844,10.569270162529193,-0.13000000000000966,0.04000000000000625,0.17000000000001592,1.5093083392760784,93.97747759360104,45.64819621528163,19.67140351739
2025-08-01 09:45:52,119.42,124.27,234.51892110014697,189.63372609399656,64.45,95.95,212.07632359707176,424.1526471941435,44.88519500615041,0.21164642065270006,160.4,31.5,-38.366307033382355,-21.78790869799886,-30.077107865690607,16.578398335383497,0.5511965398474424,10.2054356777941,7.585969565999619,8.895702621896845,-0.03999999999999204,0.0,0.03999999999999204,1.3221715852549887,73.57674418520314,37.54000221214602,20.475776776039513
2025-08-01 09:45:53,121.36,123.3,206.22919082511024,173.0502945704974,64.45,95.95,189.63974269780383,379.27948539560765,33.17889625461282,0.174957504200619,160.4,31.5,-28.28973027503673,-16.583431523499144,-22.436580899267938,11.706298751537588,0.5217505413299849,10.076576758345624,5.204477174499715,7.640526966422669,0.0,0.0,0.0,1.1822926528398452,56.153671785697654,28.488828736102526,17.438420769284516
2025-08-01 09:45:54,122.33,123.3,185.2543931188327,160.61272092787306,64.45,95.95,172.93355702335288,345.86711404670575,24.64167219095964,0.14249213670623742,160.4,31.5,-20.974797706277542,-12.437573642624358,-16.70618567445095,8.537224063653184,0.5110217089043607,7.31493256875919,4.145857880874786,5.730395224816988,0.0,0.0,0.0,1.0781393762170417,43.08745276703192,22.46302751779449,13.080287438677365
2025-08-01 09:45:55,121.36,124.27,169.28079483912452,151.5270406959048,64.45,95.95,160.40391776751466,320.8078355350293,17.753754143219737,0.11068154867806924,160.4,31.5,-15.97359827970817,-9.085680231968269,-12.52963925583822,6.887918047739902,0.5497299129981372,5.0011994265693716,3.351893410656089,4.17654641861273,0.0,0.0,0.0,1.0000244187499392,32.506237672782405,17.295211258116147,10.585663958448109
2025-08-01 09:45:56,123.3,124.27,157.7855961293434,144.71278052192858,64.45,95.95,151.249188325636,302.498376651272,13.07281560741481,0.08643230198919838,160.4,31.5,-11.495198709781135,-6.8142601739762085,-9.154729441878658,4.680938535804927,0.5113136389458065,4.478399569927035,2.27142005799206,3.3749098139595617,0.0,0.0,0.0,0.9429500460267204,24.211786167079172,12.67526516262594,8.294785512171103
2025-08-01 09:45:57,123.3,124.27,149.16419709700753,139.60208539144642,64.45,95.95,144.38314124422698,288.76628248845395,9.562111705561108,0.06622734175840699,160.4,31.5,-8.621399032335859,-5.110695130482156,-6.866047081409022,3.5107039018537023,0.5113136203283404,2.8737996774452768,1.7035650434940521,2.288682360469636,0.0,0.0,0.0,0.9001442664843061,18.008014382755565,9.441505257908933,6.20417094354858
2025-08-01 09:45:58,123.3,124.27,142.69814782275563,135.76906404358482,64.45,95.95,139.23360593317022,278.46721186634045,6.92908377917081,0.049765885778543774,160.4,31.5,-6.466049274251901,-3.833021347861603,-5.149535311056752,2.633027926390298,0.5113135955050614,2.1553497580839576,1.2776737826205533,1.7165117703522697,0.0,0.0,0.0,0.8680399318274956,13.387881911844893,7.019977880944777,4.620664523681231
2025-08-01 09:45:59,122.33,125.23,137.60611086706672,133.1342980326886,64.45,95.95,135.37020444987766,270.7404088997553,4.471812834378113,0.03303395174378938,160.4,31.5,-5.092036955688911,-2.6347660108962145,-3.863401483292563,2.457270944792697,0.6360380404110786,1.3740123185629898,1.1982553369653886,1.2861338277641892,0.0,0.0,0.0,0.8439538878174798,9.954091679918063,5.222679079482245,3.4346043144971645
2025-08-01 09:46:00,124.27,125.23,134.27208315030003,131.15822352451644,64.45,95.95,132.71515333740825,265.4303066748165,3.11385962578359,0.023462728437681442,160.4,31.5,-3.334027716766684,-1.976074508172161,-2.6550511124694083,1.3579532085945232,0.511460096100155,1.7580092389222273,0.6586915027240536,1.2083503708231547,0.0,0.0,0.0,0.8274012001870764,7.401106274197624,4.0005663468233505,2.55494715677689
