time,force_left_raw,force_right_raw,force_left,force_right,dis_left,dis_right,force_avg,force_sum,force_diff,force_diff_ratio,total_delta_dis,dis_diff,left_force_rate,right_force_rate,force_rate,force_rate_diff,force_rate_ratio,left_force_acc,right_force_acc,force_acc,left_dis_rate,right_dis_rate,dis_rate_diff,stiffness_ratio,force_std_5s,force_diff_std_5s,force_rate_std_5s
2025-08-01 11:03:33,223.18,217.36,223.18,217.36,0.05,6.79,220.27,440.54,5.819999999999993,0.026422118189394266,6.84,6.74,0.0,0.0,0.0,0.0,0.0,0.0,0.0,0.0,0.0,0.0,0.0,32.20321166619713,0.0,0.0,0.0
2025-08-01 11:03:34,226.1,216.39,223.91,217.1175,0.29,6.82,220.51375000000002,441.02750000000003,6.79249999999999,0.030803067696218135,7.11,6.53,0.7299999999999898,-0.24250000000000682,0.24375000000000568,0.9724999999999966,3.9897272216318043,0.7299999999999898,-0.24250000000000682,0.24375000000000568,0.24,0.03000000000000025,0.20999999999999974,31.014587761661357,0.0,0.0,0.0
2025-08-01 11:03:35,224.15,216.39,223.97,216.935625,0.55,6.82,220.4528125,440.905625,7.034375000000011,0.03190875583903587,7.37,6.2700000000000005,0.060000000000002274,-0.18187500000001933,-0.06093750000002274,0.2418750000000216,3.9691656342038506,-0.6699999999999875,0.060624999999987494,-0.3046875000000284,0.26000000000000006,0.0,0.26000000000000006,29.912182169310423,0.0,0.0,0.0
2025-08-01 11:03:36,218.33,215.42,222.56,216.55671875,0.66,6.82,219.558359375,439.11671875,6.003281250000015,0.027342530886760884,7.48,6.16,-1.4099999999999966,-0.37890625,-0.8944531249999841,1.0310937499999966,1.1527631447839932,-1.4699999999999989,-0.19703124999998067,-0.8335156249999613,0.10999999999999999,0.0,0.10999999999999999,29.35271791741739,0.0,0.0,0.0
2025-08-01 11:03:37,216.39,215.42,221.0175,216.2725390625,0.66,6.82,218.64501953125,437.2900390625,4.744960937500025,0.021701664762229737,7.48,6.16,-1.5424999999999898,-0.2841796875,-0.9133398437500091,1.2583203124999898,1.377711640852016,-0.13249999999999318,0.0947265625,-0.01888671875002501,0.0,0.0,0.0,29.230613676555656,0.7921747927878573,0.9047510966083161,0.5406595970770294
2025-08-01 11:03:38,216.39,213.48,219.860625,215.574404296875,0.66,6.82,217.7175146484375,435.435029296875,4.286220703124997,0.019687073363661902,7.48,6.16,-1.1568750000000136,-0.6981347656249852,-0.9275048828125136,0.4587402343750284,0.49459549839616307,0.3856249999999761,-0.4139550781249852,-0.014165039062504547,0.0,0.0,0.0,29.106615714147292,1.2012649741832164,1.219718297821214,0.5600429711331502
2025-08-01 11:03:39,216.39,218.33,218.99296875,216.26330322265628,0.66,6.82,217.62813598632812,435.25627197265624,2.7296655273437125,0.01254279692480755,7.48,6.16,-0.8676562500000102,0.6888989257812739,-0.08937866210936818,1.556555175781284,17.415093535223114,0.2892187500000034,1.387033691406259,0.8381262207031455,0.0,0.0,0.0,29.094666696746177,1.212018581928909,1.6481868187869608,0.4584892713061474
2025-08-01 11:03:40,216.39,216.39,218.34222656249997,216.2949774169922,0.66,6.85,217.31860198974607,434.63720397949214,2.0472491455077773,0.009420496530636976,7.51,6.1899999999999995,-0.6507421875000148,0.03167419433592045,-0.30953399658204717,0.6824163818359352,2.204650166770561,0.21691406249999545,-0.6572247314453534,-0.220155334472679,0.0,0.02999999999999936,0.02999999999999936,28.937226771307497,0.9187438856393922,1.5866548729423589,0.39800945541779154
2025-08-01 11:03:41,225.13,216.39,220.039169921875,216.31873306274414,0.76,6.85,218.17895149230958,436.35790298461916,3.7204368591308423,0.01705222624195146,7.609999999999999,6.09,1.6969433593750125,0.02375564575194744,0.8603495025635084,1.673187713623065,1.9447744943922498,2.3476855468750273,-0.007918548583973006,1.1698834991455556,0.09999999999999998,0.0,0.09999999999999998,28.670029280194523,0.5191519267767498,1.1090987958010654,0.7344901060086579
2025-08-01 11:03:42,222.21,216.39,220.58187744140625,216.3365497970581,0.96,6.85,218.45921361923217,436.91842723846435,4.245327644348151,0.01943304452388346,7.81,5.89,0.5427075195312625,0.017816734313953475,0.2802621269225938,0.524890785217309,1.8728499570415458,-1.15423583984375,-0.005938911437993966,-0.5800873756409146,0.19999999999999996,0.0,0.19999999999999996,27.971726715429636,0.4549617150328466,0.985109369637518,0.6663160861936824
2025-08-01 11:03:43,220.27,214.45,220.50390808105467,215.86491234779356,0.96,6.85,218.18441021442413,436.36882042884827,4.638995733261112,0.02126181108650364,7.81,5.89,-0.07796936035157387,-0.4716374492645343,-0.2748034048080399,0.39366808891296046,1.4325392243546855,-0.6206768798828364,-0.4894541835784878,-0.5550655317306337,0.0,0.0,0.0,27.936540624568952,0.46606081534240906,1.0726738864010052,0.48848402840201977
2025-08-01 11:03:44,220.27,215.42,220.445431060791,215.75368426084518,0.96,6.85,218.0995576608181,436.1991153216362,4.691746799945832,0.02151194999547109,7.81,5.89,-0.05847702026366619,-0.11122808694838682,-0.0848525536060265,0.05275106668472063,0.6216718622020577,0.019492340087907678,0.3604093623161475,0.18995085120201338,0.0,0.0,0.0,27.925676022425364,0.4299802967265194,1.0899856759624826,0.4880647010131631
2025-08-01 11:03:45,226.1,225.13,221.85907329559328,218.0977631956339,1.06,6.95,219.97841824561357,439.95683649122714,3.7613100999593883,0.017098541360822103,8.01,5.890000000000001,1.4136422348022677,2.344078934788712,1.8788605847954614,0.9304366999864442,0.495213009577677,1.4721192550659339,2.4553070217370987,1.9637131384014879,0.10000000000000009,0.10000000000000053,4.440892098500626e-16,27.46297013516148,0.7934606014042724,0.46323531672373164,0.8684263911809902
2025-08-01 11:03:46,231.92,234.84,224.37430497169495,222.28332239672542,1.3,7.29,223.3288136842102,446.6576273684204,2.09098257496953,0.009362797979858561,8.59,5.99,2.5152316761016777,4.185559201091536,3.350395438596621,1.6703275249898581,0.4985462334390217,1.10158944129941,1.841480266302824,1.4715348538011597,0.24,0.33999999999999986,0.09999999999999987,25.99869472473987,2.2137840216628004,1.0703949536514479,1.5501866258525334
2025-08-01 11:03:47,235.81,244.55,227.23322872877122,227.84999179754408,1.83,7.86,227.54161026315765,455.0832205263153,0.6167630687728547,0.002710550678396808,9.690000000000001,6.03,2.858923757076269,5.566669400818654,4.2127965789474615,2.707745643742385,0.6427428788113994,0.34369208097459136,1.381110199727118,0.8624011403508405,0.53,0.5700000000000003,0.04000000000000026,23.482103898973556,4.021504791052874,1.7681984341201673,2.0054708184917716
2025-08-01 11:03:48,241.64,258.15,230.8349215465784,235.42499384815804,2.61,8.64,233.12995769736824,466.2599153947365,4.5900723015796245,0.01968889938996691,11.25,6.030000000000001,3.6016928178071907,7.575002050613961,5.58834743421059,3.97330923280677,0.7109988361647388,0.7427690607309216,2.0083326497953067,1.3755508552631284,0.7799999999999998,0.7800000000000002,4.440892098500626e-16,20.722661064418418,6.051323150052964,1.7580741288703434,2.18322415225582
2025-08-01 11:03:49,249.41,267.87,235.4786911599338,243.53624538611854,3.38,9.62,239.50746827302618,479.01493654605235,8.057554226184749,0.033642183480297023,13.0,6.239999999999999,4.643769613355374,8.111251537960499,6.377510575657936,3.4674819246051243,0.5437045285562498,1.0420767955481836,0.536249487346538,0.7891631414473466,0.77,0.9799999999999986,0.20999999999999863,18.423649988413555,7.78914878982409,2.8197293357644893,1.7850393931001316
2025-08-01 11:03:50,256.21,276.62,240.66151836995033,251.80718403958892,4.13,10.69,246.2343512047696,492.4687024095392,11.14566566963859,0.045264462776378994,14.82,6.56,5.182827210016541,8.270938653470381,6.726882931743432,3.0881114434538404,0.45907012441249045,0.5390575966611664,0.15968711550988246,0.349372356085496,0.75,1.0700000000000003,0.3200000000000003,16.615002333992393,9.16979079798742,4.315970648106322,1.4362471640423868
2025-08-01 11:03:51,261.07,284.39,245.76363877746275,259.9528880296917,4.77,11.74,252.8582634035772,505.7165268071544,14.189249252228933,0.056115426109158234,16.509999999999998,6.970000000000001,5.102120407512416,8.14570399010276,6.623912198807602,3.043583582590344,0.45948421895658775,-0.08070680250412465,-0.12523466336762112,-0.10297073293583026,0.6399999999999997,1.0500000000000007,0.41000000000000103,15.315460211272987,10.083991245757533,5.337432346760228,1.0463519786425348
2025-08-01 11:03:52,268.84,290.23,251.53272908309702,267.5221660222688,5.37,12.78,259.52744755268293,519.0548951053659,15.989436939171753,0.06160981055507109,18.15,7.409999999999999,5.769090305634279,7.569277992577099,6.6691841491057176,1.8001876869428202,0.26992618238889504,0.666969898121863,-0.5764259975256607,0.04527195029811537,0.6000000000000005,1.0399999999999991,0.4399999999999986,14.299032135187371,10.4589344164186,4.599478361573416,0.4713530458308219
2025-08-01 11:03:53,274.67,299.95,257.31704681232276,275.6291245167016,5.94,13.86,266.47308566451215,532.9461713290243,18.31207770437885,0.06872017708652745,19.8,7.919999999999999,5.784317729225734,8.106958494432831,6.945638111829226,2.3226407652070975,0.3344027421826988,0.01522742359145468,0.537680501855732,0.2764539627235081,0.5700000000000003,1.08,0.5099999999999998,13.458235970013947,10.629466269088308,4.030633723018872,0.2042531554424378
2025-08-01 11:03:54,284.39,289.26,264.085285109242,279.03684338752623,6.55,14.84,271.5610642483841,543.1221284967683,14.95155827828421,0.0550578127413395,21.39,8.29,6.7682382969192645,3.407718870824624,5.087978583871973,3.3605194260946405,0.6604820972055222,0.9839205676935308,-4.699239623608207,-1.857659527957253,0.6099999999999994,0.9800000000000004,0.370000000000001,12.69570133486128,10.173998468988538,2.6187043494193043,0.749665903872192
2025-08-01 11:03:55,295.09,285.37,271.8364638319315,280.6201325406447,7.22,14.84,276.2282981862881,552.4565963725762,8.783668708713208,0.03179858376056361,22.06,7.62,7.751178722689474,1.5832891531184714,4.667233937903973,6.1678895695710025,1.3215296961975873,0.9829404257702095,-1.8244297177061526,-0.420744645968,0.6699999999999999,0.0,0.6699999999999999,12.521681127135402,9.328980890453423,3.52534597445411,1.0415548962637295
2025-08-01 11:03:56,301.9,283.42,279.3523478739486,281.3200994054835,7.93,14.84,280.3362236397161,560.6724472794322,1.9677515315349297,0.007019255303390971,22.77,6.91,7.515884042017092,0.6999668648388138,4.107925453427981,6.815917177178278,1.6592111018663767,-0.23529468067238213,-0.8833222882796576,-0.5593084844759915,0.71,0.0,0.71,12.311647401320538,8.166618737659373,6.623073693129232,1.2507893986794674
2025-08-01 11:03:57,305.79,298.01,285.96176090546146,285.49257455411265,8.67,14.87,285.7271677297871,571.4543354595742,0.46918635134881015,0.0016420781875052311,23.54,6.199999999999999,6.609413031512872,4.1724751486291325,5.390944090071002,2.43693788288374,0.4520427943835064,-0.9064710105042195,3.4725082837903187,1.2830186366430212,0.7400000000000002,0.02999999999999936,0.7100000000000009,12.137942038735984,7.481940935508684,7.815956998755724,1.0682637458790731
2025-08-01 11:03:58,312.6,320.38,292.62132067909613,294.21443091558444,9.48,15.91,293.4178757973403,586.8357515946806,1.5931102364883145,0.00542949275578275,25.39,6.43,6.659559773634669,8.721856361471794,7.690708067553203,2.0622965878371247,0.26815428456887963,0.050146742121796706,4.549381212842661,2.2997639774822005,0.8100000000000005,1.040000000000001,0.23000000000000043,11.556434196175898,8.482656536794247,6.187689648298356,1.3739155663788882
2025-08-01 11:03:59,319.41,332.06,299.3184905093221,303.6758231866883,10.36,16.99,301.4971568480052,602.9943136960104,4.35733267736623,0.014452317588887214,27.349999999999998,6.629999999999999,6.69716983022596,9.461392271103875,8.079281050664918,2.7642224408779157,0.3421371383674398,0.037610056591290686,0.7395359096320817,0.3885729831117146,0.879999999999999,1.0799999999999983,0.1999999999999993,11.02366163891567,10.154288985235352,3.3090926992792093,1.7964024600336046
2025-08-01 11:04:00,330.12,342.77,307.0188678819916,313.4493673900162,11.27,18.14,310.23411763600393,620.4682352720079,6.4304995080246385,0.020727892651837918,29.41,6.870000000000001,7.700377372669493,9.773544203327901,8.736960787998726,2.0731668306584083,0.23728692890773015,1.0032075424435334,0.31215193222402604,0.6576797373338081,0.9100000000000001,1.1500000000000021,0.240000000000002,10.548592556525378,11.988925009717184,2.400725868692968,1.9630610733524767
2025-08-01 11:04:01,342.77,353.48,315.9566509114937,323.45702554251216,12.24,19.35,319.7068382270029,639.4136764540058,7.500374631018474,0.02346016322063398,31.590000000000003,7.110000000000001,8.9377830295021,10.007658152495935,9.47272059099896,1.0698751229938352,0.11294273907621621,1.2374056568326068,0.23411394916803374,0.735759803000235,0.9700000000000006,1.2100000000000009,0.2400000000000002,10.120507379122996,13.416180307385385,3.0217060531354076,1.5444992447602095
2025-08-01 11:04:02,353.48,344.72,325.3374881836203,328.7727691568841,13.25,20.5,327.0551286702522,654.1102573405044,3.4352809732638434,0.010503675562977433,33.75,7.25,9.380837272126598,5.315743614371968,7.3482904432493115,4.06509365775463,0.5532025626840276,0.44305424262449833,-4.691914538123967,-2.1244301477496492,1.0099999999999998,1.1499999999999986,0.1399999999999988,9.690522043843858,13.52488118577562,2.355827799189011,0.8494105928747314
2025-08-01 11:04:03,364.2,341.8,335.0531161377152,332.0295768676631,14.33,20.5,333.5413465026892,667.0826930053784,3.02353927005214,0.009064960889227572,34.83,6.17,9.715627954094941,3.2568077107789577,6.486217832436978,6.458820243315984,0.9957758765424354,0.33479068196834305,-2.05893590359301,-0.8620726108123336,1.08,0.0,1.08,9.576265774516894,12.828356817066902,1.939920553362605,1.1652805908203685
2025-08-01 11:04:04,346.67,340.82,337.9573371032864,334.2271826507473,14.77,20.5,336.0922598770169,672.1845197540338,3.730154452539125,0.011098602636090051,35.269999999999996,5.73,2.9042209655711986,2.1976057830842137,2.550913374327706,0.7066151824869848,0.2770046653068131,-6.811406988523743,-1.059201927694744,-3.9353044581092718,0.4399999999999995,0.0,0.4399999999999995,9.52912532883163,10.556207275316249,2.006895568239407,2.705468616528056
2025-08-01 11:04:05,341.8,344.72,338.9180028274648,336.85038698806045,14.77,20.53,337.88419490776266,675.7683898155253,2.067615839404368,0.006119303194544194,35.3,5.760000000000002,0.9606657241783978,2.6232043373131546,1.7919350307457762,1.6625386131347568,0.9277890419128599,-1.9435552413928008,0.4255985542289409,-0.75897834358193,0.0,0.030000000000001137,0.030000000000001137,9.571789952860419,7.462832205264569,2.0808722733081644,3.2639571525297466
2025-08-01 11:04:06,341.8,377.84,339.6385021205986,347.09779024104535,14.77,21.78,343.368146180822,686.736292361644,7.459288120446729,0.02172387911252168,36.55,7.010000000000002,0.7204992931337983,10.247403252984896,5.483951273059347,9.526903959851097,1.7372332007069597,-0.24016643104459945,7.624198915671741,3.6920162423135707,0.0,1.25,1.25,9.394477066657865,5.980304070645155,2.063361190660805,2.4438088690662205
2025-08-01 11:04:07,379.78,389.53,349.67387659044897,357.705842680784,15.41,23.06,353.6898596356165,707.379719271233,8.031966090335004,0.022709065156407787,38.47,7.649999999999999,10.035374469850353,10.608052439738628,10.321713454794462,0.5726779698882751,0.05548283401913573,9.314875176716555,0.3606491867537329,4.8377621817351155,0.6400000000000006,1.2799999999999976,0.639999999999997,9.193913450525164,8.00047393070149,2.7048190473558726,3.4102391212446044
2025-08-01 11:04:08,387.58,398.3,359.1504074428367,367.854382010588,16.62,24.37,363.50239472671234,727.0047894534247,8.703974567751288,0.023944751589189232,40.99,7.75,9.476530852387725,10.14853932980401,9.812535091095867,0.6720084774162842,0.06848468848191866,-0.5588436174626281,-0.459513109934619,-0.5091783636985951,1.2100000000000009,1.3100000000000023,0.10000000000000142,8.868074795282691,11.535894116811734,2.9234278111073047,3.9712291291063653
2025-08-01 11:04:09,397.33,414.88,368.6953055821275,379.61078650794104,17.9,25.65,374.1530460450343,748.3060920900685,10.91548092581354,0.02917383945425872,43.55,7.75,9.544898139290808,11.75640449735306,10.650651318321934,2.211506358062252,0.20764046106902553,0.06836728690308291,1.6078651675490505,0.8381162272260667,1.2799999999999976,1.2799999999999976,0.0,8.591344143597938,14.730435317874003,3.274515722588639,3.867171157174839
2025-08-01 11:04:10,409.03,426.58,378.7789791865956,391.35308988095574,19.15,26.96,385.0660345337757,770.1320690675514,12.574110694360115,0.03265442686195363,46.11,7.810000000000002,10.083673604468117,11.742303373014693,10.912988488741405,1.6586297685465752,0.15198674664332193,0.5387754651773093,-0.014101124338367299,0.262337170419471,1.25,1.3100000000000023,0.060000000000002274,8.351030713136955,16.424618919574765,2.14477248913658,2.2473222000346764
2025-08-01 11:04:11,417.8,437.32,388.5342343899467,402.84481741071676,20.39,28.24,395.6895259003317,791.3790518006634,14.310583020770082,0.03616619103586915,48.629999999999995,7.849999999999998,9.755255203351055,11.491727529761022,10.623491366556038,1.7364723264099666,0.16345588310267714,-0.32841840111706233,-0.2505758432536709,-0.2894971221853666,1.240000000000002,1.2799999999999976,0.039999999999995595,8.136736947637155,16.693822749864324,2.621204311032754,0.42027326866406794
2025-08-01 11:04:12,431.46,449.03,399.26567579246,414.39111305803755,21.67,29.52,406.8283944252488,813.6567888504976,15.125437265577546,0.03717891237598413,51.19,7.849999999999998,10.731441402513326,11.54629564732079,11.138868524917086,0.8148542448074636,0.0731541242120375,0.9761861991622709,0.05456811755976787,0.5153771583610478,1.2800000000000011,1.2800000000000011,0.0,7.947419153698568,17.10658578041988,2.595458049323311,0.5019265600536226
2025-08-01 11:04:13,443.17,434.39,410.241756844345,419.39083479352814,22.92,30.73,414.81629581893657,829.6325916378731,9.149077949183152,0.02205573411494158,53.650000000000006,7.809999999999999,10.97608105188499,4.999721735490596,7.987901393687764,5.976359316394394,0.7481763073516094,0.24463964937166338,-6.546573911830194,-3.150967131229322,1.25,1.2100000000000009,0.03999999999999915,7.731897261640993,16.32382119459683,2.443349424915824,1.2889852312302832
2025-08-01 11:04:14,453.91,433.41,421.15881763325876,422.89562609514616,24.2,30.73,422.0272218642025,844.054443728405,1.7368084618873922,0.004115394381670617,54.93,6.530000000000001,10.917060788913773,3.504791301618013,7.210926045265921,7.4122694872957595,1.0279218525948093,-0.05902026297121665,-1.4949304338725824,-0.7769753484218427,1.2799999999999976,0.0,1.2799999999999976,7.683000440218498,14.778458341648538,5.449869227663798,1.8332320924209822
2025-08-01 11:04:15,431.46,432.44,423.73411322494405,425.28171957135964,24.71,30.73,424.50791639815185,849.0158327963037,1.5476063464155914,0.0036456477794360427,55.44,6.02,2.5752955916852898,2.386093476213489,2.480694533949361,0.18920211547180088,0.07626978518020064,-8.341765197228483,-1.1186978254045243,-4.7302315113165605,0.5100000000000016,0.0,0.5100000000000016,7.657069060986342,11.77611313155317,6.558918179103561,3.4553733628342402
2025-08-01 11:04:16,427.56,456.83,424.69058491870805,433.1687896785197,24.71,30.77,428.9296872986139,857.8593745972278,8.47820475981166,0.01976595463336003,55.480000000000004,6.059999999999999,0.9564716937640014,7.887070107160071,4.421770900462036,6.930598413396069,1.5673803555248706,-1.6188238979212883,5.500976630946582,1.9410763665126751,0.0,0.03999999999999915,0.03999999999999915,7.731248730486033,8.701454715564326,5.701776216876833,3.3392608624938003
2025-08-01 11:04:17,427.56,469.53,425.407938689031,442.2590922588898,24.71,32.05,433.8335154739604,867.6670309479208,16.851153569858752,0.038842442849549165,56.76,7.339999999999996,0.7173537703229727,9.090302580370064,4.9038281753465185,8.372948810047092,1.7074307669894384,-0.23911792344102878,1.2032324732099937,0.48205727488448247,0.0,1.2799999999999976,1.2799999999999976,7.643296473408456,7.178162217394666,6.319651186875017,2.2193548935851553
2025-08-01 11:04:18,462.69,485.15,434.7284540167733,452.9818191941673,25.38,33.33,443.8551366054703,887.7102732109406,18.253365177394016,0.04112460041775813,58.709999999999994,7.949999999999999,9.320515327742271,10.722726935277535,10.021621131509903,1.4022116075352642,0.13991862685846454,8.603161557419298,1.6324243549074708,5.117792956163385,0.6699999999999982,1.2800000000000011,0.610000000000003,7.560128241276479,8.653691550010468,7.986434297387515,2.8953809649574005
2025-08-01 11:04:19,473.43,494.92,444.40384051257996,463.46636439562553,26.63,34.61,453.9351024541028,907.8702049082056,19.06252388304557,0.04199394084747838,61.239999999999995,7.98,9.675386495806663,10.484545201458218,10.079965848632469,0.809158705651555,0.0802739451232751,0.3548711680643919,-0.2381817338193173,0.058344717122565726,1.25,1.2800000000000011,0.030000000000001137,7.412395412176803,11.884849221926084,7.593699376965619,3.4702113374230197
2025-08-01 11:04:20,486.13,508.6,454.835380384435,474.7497732967191,27.87,35.89,464.79257684057706,929.5851536811541,19.914392912284143,0.04284576359804683,63.760000000000005,8.02,10.431539871855023,11.283408901093594,10.85747438647428,0.8518690292385713,0.07845921808856125,0.7561533760483599,0.7988636996353762,0.7775085378418112,1.240000000000002,1.2800000000000011,0.03999999999999915,7.289720350546686,14.627151527672893,4.630623429084146,3.1205835569354377
2025-08-01 11:04:21,497.85,520.33,465.5890352883263,486.14482997253936,29.12,37.17,475.8669326304328,951.7338652608656,20.555794684213083,0.0431965182522581,66.29,8.05,10.753654903891288,11.395056675820229,11.074355789855758,0.6414017719289404,0.05791774493995643,0.32211503203626535,0.11164777472663445,0.21688140338147832,1.25,1.2800000000000011,0.030000000000001137,7.178562761379847,16.60729780657494,1.4499314544488642,2.549080164090093
2025-08-01 11:04:22,507.63,507.63,476.09927646624476,491.51612247940454,30.36,38.35,483.80769947282465,967.6153989456493,15.416846013159784,0.03186564826912205,68.71000000000001,7.990000000000002,10.510241177918488,5.371292506865188,7.940766842391838,5.138948671053299,0.6471601705340119,-0.24341372597280042,-6.02376416895504,-3.1335889474639202,1.2399999999999984,1.1799999999999997,0.05999999999999872,7.041299555108791,16.12370689392984,2.000692342616585,1.2386154166186178
2025-08-01 11:04:23,523.27,502.74,487.8919573496836,494.3220918595534,31.61,38.35,491.10702460461846,982.2140492092369,6.430134509869788,0.013093142990478363,69.96000000000001,6.740000000000002,11.792680883438834,2.805969380148838,7.2993251317938075,8.986711503289996,1.2311700204963323,1.2824397055203463,-2.5653231267163505,-0.6414417105980306,1.25,0.0,1.25,7.019825865991889,14.82949174576973,5.852317354643147,1.7262357349817374
2025-08-01 11:04:24,501.76,500.79,491.35896801226266,495.939068894665,32.12,38.35,493.64901845346384,987.2980369069277,4.580100882402348,0.009278051210297428,70.47,6.230000000000004,3.467010662579071,1.6169770351116313,2.5419938488453795,1.8500336274674396,0.7277881103133464,-8.325670220859763,-1.1889923450372066,-4.757331282948428,0.509999999999998,0.0,0.509999999999998,7.005094528854396,11.784466100752464,7.484616140500186,3.4599400126602458
2025-08-01 11:04:25,498.83,514.47,493.22672600919697,500.57180167099875,32.12,38.35,496.8992638400979,993.7985276801958,7.345075661801786,0.014781820343737942,70.47,6.230000000000004,1.8677579969343014,4.632732776333739,3.250245386634049,2.764974779399438,0.8506969781644285,-1.5992526656447694,3.015755741222108,0.7082515377886693,0.0,0.0,0.0,7.051216926193855,8.4438567644219,6.8225482441880105,3.5297039312469862
2025-08-01 11:04:26,493.95,541.85,493.40754450689775,510.891351253249,32.12,39.63,502.14944788007335,1004.2988957601467,17.483806746351263,0.034817934750988565,71.75,7.510000000000005,0.18081849770078406,10.31954958225026,5.250184039975466,10.138731084549477,1.9311188095947291,-1.6869394992335174,5.686816805916521,1.9999386533414167,0.0,1.2800000000000011,1.2800000000000011,6.998598479184319,6.820092399386736,5.792278576495748,2.3860041968668857
2025-08-01 11:04:27,532.07,555.54,503.07315838017337,522.0535134399368,32.79,40.87,512.563335910055,1025.12667182011,18.980355059763383,0.03703026278505376,73.66,8.079999999999998,9.665613873275618,11.162162186687738,10.41388802998165,1.49654831341212,0.1437069579965322,9.484795375574834,0.8426126044374769,5.163703990006184,0.6700000000000017,1.2399999999999949,0.5699999999999932,6.958502972462016,8.497851567444034,6.730091863976436,3.1993025080911988
2025-08-01 11:04:28,546.74,567.28,513.98986878513,533.3601350799526,34.0,42.15,523.6750019325414,1047.3500038650827,19.3702662948225,0.036989098556070917,76.15,8.149999999999999,10.916710404956689,11.306621640015805,11.11166602248636,0.38991123505911673,0.03509025551882221,1.2510965316810712,0.14445945332806787,0.6977779925047116,1.2100000000000009,1.2800000000000011,0.07000000000000028,6.876887656673063,12.302983142046317,7.032056049054667,4.011664757440782
2025-08-01 11:04:29,559.46,578.05,525.3574015888476,544.5326013099643,35.21,43.4,534.9450014494059,1069.8900028988119,19.17519972111677,0.035845179660184454,78.61,8.189999999999998,11.367532803717495,11.172466230011764,11.269999516864573,0.19506657370573066,0.01730847957050495,0.4508223987608062,-0.1341554100040412,0.15833349437821198,1.2100000000000009,1.25,0.03999999999999915,6.805050179930744,15.550102451761674,5.155666215687616,3.7412551374211924
2025-08-01 11:04:30,571.2,589.8,536.8180511916357,555.8494509824732,36.46,44.68,546.3337510870545,1092.667502174109,19.03139979083744,0.03483475022023703,81.14,8.219999999999999,11.46064960278818,11.316849672508852,11.388749637648516,0.1437999302793287,0.01262648861622803,0.09311679907068537,0.14438344249708734,0.1187501207839432,1.25,1.2800000000000011,0.030000000000001137,6.7332233713807135,17.513686021191305,0.755658705445964,2.6194188141241694
2025-08-01 11:04:31,584.9,577.07,548.8385383937268,561.1545882368549,37.67,45.86,554.9965633152908,1109.9931266305816,12.316049843128098,0.02219121817145414,83.53,8.189999999999998,12.02048720209109,5.305137254381748,8.662812228236362,6.715349947709342,0.7751927429095111,0.5598375993029094,-6.011712418127104,-2.725937409412154,1.2100000000000009,1.1799999999999997,0.030000000000001137,6.644278183539,17.020154054012394,3.0552001277350262,1.130872102901268
2025-08-01 11:04:32,596.65,572.18,560.7914037952951,563.9109411776411,38.89,45.86,562.3511724864682,1124.7023449729363,3.1195373823460386,0.005547311945675355,84.75,6.969999999999999,11.95286540156826,2.7563529407862006,7.354609171177344,9.19651246078206,1.2504418652701832,-0.06762180052282929,-2.5487843135955472,-1.3082030570590177,1.2199999999999989,0.0,1.2199999999999989,6.635411986443141,15.469126544605981,7.0771218785725925,1.8408209299771228
2025-08-01 11:04:33,609.39,572.18,572.9410528464713,565.9782058832308,40.1,45.86,569.459629364851,1138.919258729702,6.962846963240509,0.012227112497473146,85.96000000000001,5.759999999999998,12.149649051176198,2.0672647055896505,7.108456878382867,10.082384345586547,1.4183645057878898,0.19678364960793715,-0.6890882351965502,-0.24615229279447703,1.2100000000000009,0.0,1.2100000000000009,6.624704778270663,13.517277032635992,7.162162303092203,2.0697123320864206
2025-08-01 11:04:34,614.29,568.26,583.2782896348534,566.548654412423,41.31,45.86,574.9134720236382,1149.8269440472764,16.729635222430375,0.02909939670476729,87.17,4.549999999999997,10.337236788382143,0.5704485291922765,5.453842658787153,9.766788259189866,1.7908082574852986,-1.812412262794055,-1.496816176397374,-1.6546142195957145,1.2100000000000009,0.0,1.2100000000000009,6.595313358131523,11.360564545025738,6.623215536179891,2.2145564455138653
2025-08-01 11:04:35,596.65,617.22,586.6212172261401,579.2164908093173,41.82,47.1,582.9188540177287,1165.8377080354574,7.404726416822768,0.012702842519303247,88.92,5.280000000000001,3.3429275912866387,12.667836396894245,8.005381994090499,9.324908805607606,1.1648298166984854,-6.994309197095504,12.097387867701968,2.551539335303346,0.509999999999998,1.240000000000002,0.730000000000004,6.555542594041679,10.830421154055363,5.280821089610173,1.2042985803762871
2025-08-01 11:04:36,590.78,621.14,587.660912919605,589.6973681069879,41.82,48.35,588.6791405132965,1177.358281026593,2.0364551873828987,0.003459363588368115,90.17,6.530000000000001,1.039695693464978,10.480877297670645,5.7602864955678115,9.441181604205667,1.6390122214334055,-2.303231897821661,-2.1869590992236,-2.245095498522687,0.0,1.25,1.25,6.528547565540079,10.467994936917451,5.792487591277784,1.0872758437728685
2025-08-01 11:04:37,590.78,631.92,588.4406846897039,600.2530260802409,41.82,49.6,594.3468553849724,1188.6937107699448,11.812341390537085,0.01987449123965073,91.42,7.780000000000001,0.7797717700988187,10.555657973253005,5.667714871675912,9.775886203154187,1.7248370286182872,-0.2599239233661592,0.07478067558236035,-0.09257162389189943,0.0,1.25,1.25,6.50127815449239,10.066772129391172,5.541700739356646,1.109036446566726
2025-08-01 11:04:38,624.08,641.73,597.3505135172779,610.6222695601807,42.42,50.84,603.9863915387293,1207.9727830774586,13.27175604290278,0.021973601072563496,93.26,8.420000000000002,8.909828827574074,10.369243479939769,9.639536153756922,1.4594146523656946,0.15139883057527312,8.130057057475256,-0.18641449331323656,3.9718212820810095,0.6000000000000014,1.240000000000002,0.6400000000000006,6.476371274526678,11.053161637924061,5.681449818073953,1.8463226297852322
2025-08-01 11:04:39,641.73,627.02,608.4453851379585,614.7217021701356,43.64,52.02,611.583543654047,1223.167087308094,6.276317032177076,0.010262403374059688,95.66,8.380000000000003,11.094871620680578,4.099432609954874,7.597152115317726,6.995439010725704,0.9207974230006213,2.185042793106504,-6.2698108699848945,-2.042384038439195,1.2199999999999989,1.1799999999999997,0.03999999999999915,6.393304800969499,11.550049986845574,4.502392357029123,1.6649759830058695
2025-08-01 11:04:40,650.55,621.14,618.9715388534689,616.3262766276017,44.81,52.02,617.6489077405354,1235.2978154810708,2.6452622258672136,0.004282792681138609,96.83000000000001,7.210000000000001,10.526153715510418,1.6045744574661285,6.06536408648833,8.92157925804429,1.4709055647645481,-0.5687179051701605,-2.494858152488746,-1.5317880288293964,1.1700000000000017,0.0,1.1700000000000017,6.378693600762591,11.925756698664571,5.15753286408356,1.6951832559014863
2025-08-01 11:04:41,663.3,621.14,630.0536541401017,617.5297074707013,46.03,52.02,623.7916808054015,1247.583361610803,12.523946669400402,0.02007712996934028,98.05000000000001,5.990000000000002,11.082115286632757,1.203430843099568,6.142773064866105,9.878684443533189,1.6081796822114627,0.5559615711223387,-0.40114361436656054,0.07740897837777538,1.2199999999999989,0.0,1.2199999999999989,6.361975262044122,11.532993833058136,4.634343412980654,1.6358923149650817
2025-08-01 11:04:42,668.2,619.18,639.5902406050764,617.9422806030259,47.21,52.02,628.7662606040511,1257.5325212081023,21.647960002050468,0.034429264615477566,99.23,4.810000000000002,9.536586464974675,0.41257313232461,4.974579798649643,9.124013332650065,1.8341270756174655,-1.5455288216580811,-0.7908577107749579,-1.1681932662164627,1.1799999999999997,0.0,1.1799999999999997,6.336453232566742,9.79239786478507,7.29047988991964,1.800488336332303
2025-08-01 11:04:43,649.57,669.18,642.0851804538073,630.7517104522694,47.71,53.27,636.4184454530384,1272.8368909060769,11.333470001537876,0.017808204750668202,100.98,5.560000000000002,2.494939848730951,12.809429849243543,7.652184848987304,10.314490000512592,1.3479142043939798,-7.041646616243725,12.396856716918933,2.677605050337661,0.5,1.25,0.75,6.302420668950463,9.628623129821236,7.208706819749206,1.137296751892062
2025-08-01 11:04:44,645.65,678.01,642.9763853403555,642.5662828392021,47.71,54.51,642.7713340897787,1285.5426681795575,0.41010250115334657,0.0006380223864464425,102.22,6.799999999999997,0.8912048865481665,11.814572386932696,6.3528886367403175,10.92336750038453,1.7194329076979424,-1.6037349621827843,-0.994857462310847,-1.2992962122469862,0.0,1.2399999999999949,1.2399999999999949,6.288117078865796,9.96048976206735,8.506871192533978,0.9550155944422584
2025-08-01 11:04:45,642.71,686.85,642.9097890052666,653.6372121294016,47.71,55.73,648.2735005673342,1296.5470011346683,10.727423124135044,0.01654768102999629,103.44,8.019999999999996,-0.06659633508888874,11.070929290199501,5.50216647755542,11.13752562528839,2.024206945848316,-0.9578012216370553,-0.7436430967331944,-0.8507221591848975,0.0,1.2199999999999989,1.2199999999999989,6.267145149847148,9.975405145464054,7.541436691628573,1.0119203129155185
2025-08-01 11:04:46,681.94,698.62,652.6673417539499,664.8829090970512,48.32,56.97,658.7751254255006,1317.5502508510012,12.21556734310127,0.018542848466946028,105.28999999999999,8.649999999999999,9.757552748683338,11.245696967649565,10.501624858166451,1.4881442189662266,0.1417060785696332,9.824149083772227,0.17476767745006327,4.999458380611031,0.6099999999999994,1.240000000000002,0.6300000000000026,6.2567681562231225,11.430582570617984,7.530469694673666,2.2051786933213444
2025-08-01 11:04:47,698.62,685.86,664.1555063154624,670.1271818227884,49.5,58.15,667.1413440691254,1334.2826881382507,5.97167550732604,0.008951139891813014,107.65,8.649999999999999,11.488164561512463,5.244272725737233,8.366218643624734,6.24389183577523,0.7463217679843286,1.7306118128291246,-6.001424241912332,-2.1354062145417174,1.1799999999999997,1.1799999999999997,0.0,6.197318512510979,12.33123063907729,4.948632535494873,1.9324398958920208
2025-08-01 11:04:48,711.39,678.01,675.9641297365968,672.0978863670914,50.68,58.15,674.0310080518441,1348.0620161036882,3.866243369505355,0.005736002227766909,108.83,7.469999999999999,11.80862342113437,1.9707045443029756,6.88966398271873,9.837918876831395,1.4279241300567933,0.32045885962190823,-3.273568181434257,-1.4765546609060038,1.1799999999999997,0.0,1.1799999999999997,6.193430137447524,12.917800992150166,4.866877057072703,1.9645143023855423
2025-08-01 11:04:49,719.24,676.05,686.7830973024476,673.0859147753185,51.85,58.15,679.934506038883,1359.869012077766,13.69718252712903,0.02014485569614683,110.0,6.299999999999997,10.818967565850812,0.9880284082271373,5.903497987038918,9.830939157623675,1.6652732860981967,-0.9896558552835586,-0.9826761360758383,-0.9861659956798121,1.1700000000000017,0.0,1.1700000000000017,6.18122272597873,12.507171564471886,4.1975184019584475,2.0402244616300584
2025-08-01 11:04:50,725.13,675.07,696.3698229768357,673.581936081489,53.0,58.15,684.9758795291623,1369.9517590583246,22.787886895346787,0.03326815957043996,111.15,5.149999999999999,9.586725674388163,0.4960213061704053,5.041373490279284,9.090704368217757,1.8032194167972129,-1.2322418914626496,-0.49200710205673204,-0.862124496759634,1.1499999999999986,0.0,1.1499999999999986,6.1626259412194,10.359040827963558,7.439370448290968,2.1563290396701964
2025-08-01 11:04:51,735.94,728.08,706.2623672326268,687.2064520611167,54.18,59.37,696.7344096468718,1393.4688192937435,19.05591517151015,0.027350328734040846,113.55,5.189999999999998,9.892544255791108,13.624515979627745,11.758530117709483,3.7319717238366366,0.31738417719675266,0.3058185814029457,13.12849467345734,6.7171566274301995,1.1799999999999997,1.2199999999999989,0.03999999999999915,6.135926054697893,11.227096309609232,8.151028212872108,2.636730842752191
2025-08-01 11:04:52,707.46,738.89,706.5617754244702,700.1273390458375,54.72,60.58,703.3445572351538,1406.6891144703077,6.434436378632654,0.009148341738476047,115.3,5.859999999999999,0.2994081918433267,12.920886984720823,6.610147588282075,12.621478792877497,1.9094092400966312,-9.593136063947782,-0.7036289949069214,-5.148382529427408,0.5399999999999991,1.2100000000000009,0.6700000000000017,6.100126202385322,12.0507639116807,8.05222574812593,2.6247265526720867
2025-08-01 11:04:53,709.42,749.7,707.2763315683526,712.5205042843781,54.72,61.79,709.8984179263654,1419.7968358527307,5.24417271602556,0.007387215658201818,116.50999999999999,7.07,0.7145561438824188,12.393165238540632,6.553860691211526,11.678609094658214,1.7819431725754566,0.41514795203909216,-0.5277217461801911,-0.05628689707054946,0.0,1.2100000000000009,1.2100000000000009,6.093025592939146,12.470487654777584,7.668719991193004,2.6402030489074986
2025-08-01 11:04:54,706.48,755.59,707.0772486762645,723.2878782132836,54.72,63.0,715.1825634447741,1430.3651268895483,16.210629537019145,0.022666421614464454,117.72,8.280000000000001,-0.19908289208808583,10.7673739289055,5.284145518408764,10.966456820993585,2.075350632838992,-0.9136390359705047,-1.625791309635133,-1.269715172802762,0.0,1.2100000000000009,1.2100000000000009,6.075285060902898,11.784696099279985,7.771166710006871,2.7277601607441015
2025-08-01 11:04:55,743.8,744.78,716.2579365071983,728.6609086599626,55.29,64.18,722.4594225835805,1444.918845167161,12.402972152764278,0.017167707621893027,119.47,8.890000000000008,9.180687830933834,5.373030446678968,7.276859138806344,3.807657384254867,0.5232555403874306,9.37977072302192,-5.394343482226532,1.9927136203975806,0.5700000000000003,1.1800000000000068,0.6100000000000065,6.047203620460173,10.015535690419327,6.004361733814612,2.489068321231074
2025-08-01 11:04:56,756.58,735.94,726.3384523803987,730.4806814949719,56.47,64.18,728.4095669376853,1456.8191338753707,4.142229114573183,0.00568667587151676,120.65,7.710000000000008,10.080515873200397,1.819772835009303,5.95014435410485,8.260743038191094,1.388326258700928,0.899828042266563,-3.5532576116696646,-1.326714784701494,1.1799999999999997,0.0,1.1799999999999997,6.037377214258666,9.92068157285182,5.191235869344781,0.7521824644921133
2025-08-01 11:04:57,764.44,733.98,735.863839285299,731.3555111212289,57.61,64.18,733.609675203264,1467.219350406528,4.508328164070122,0.006145404443685366,121.79,6.570000000000007,9.525386904900301,0.8748296262569966,5.200108265578706,8.650557278643305,1.6635337522433018,-0.555128968300096,-0.9449432087523064,-0.7500360885261443,1.1400000000000006,0.0,1.1400000000000006,6.0235624368150225,9.604232443591783,5.482039037568822,0.8771877548816133
2025-08-01 11:04:58,776.24,732.99,745.9578794639742,731.7641333409217,58.76,64.18,738.861006402448,1477.722012804896,14.193746123052506,0.019210306107439984,122.94,5.420000000000009,10.094040178675186,0.408622219692802,5.251331199183937,9.685417958982384,1.8443735021158076,0.5686532737748848,-0.46620740656419457,0.05122293360523145,1.1499999999999986,0.0,1.1499999999999986,6.009931677180058,9.275580586406058,5.612052717282249,0.8846453683135809
2025-08-01 11:04:59,754.61,780.17,748.1209095979807,743.8656000056912,59.3,65.36,745.993254801836,1491.986509603672,4.25530959228945,0.005704219923162175,124.66,6.060000000000002,2.163030134006476,12.101466664769532,7.132248399388004,9.938436530763056,1.3934505054766932,-7.93101004466871,11.69284444507673,1.8809172002040668,0.5399999999999991,1.1799999999999926,0.6399999999999935,5.9842230773111895,9.11000506036282,4.9698099855897615,0.9979640460113648
2025-08-01 11:05:00,747.73,790.01,748.0231821984855,755.4017000042684,59.3,66.57,751.712441101377,1503.424882202754,7.378517805782849,0.009815612184303546,125.86999999999999,7.269999999999996,-0.09772739949517018,11.536099998577129,5.719186299540979,11.633827398072299,2.0341749253440304,-2.2607575335016463,-0.5653666661924035,-1.413062099847025,0.0,1.2099999999999937,1.2099999999999937,5.972133432344829,9.343074507985643,4.293815259344974,0.7829533592222565
2025-08-01 11:05:01,747.73,795.91,747.9498866488642,765.5287750032012,59.3,67.79,756.7393308260328,1513.4786616520655,17.578888354336982,0.02322978020967754,127.09,8.490000000000009,-0.07329554962132079,10.127074998932812,5.026889724655803,10.200370548554133,2.029160987829622,0.024431849873849387,-1.4090249996443163,-0.6922965748851766,0.0,1.220000000000013,1.220000000000013,5.954357737600716,9.36146439620401,6.003947273354007,0.8588044606660813
2025-08-01 11:05:02,784.11,784.11,756.9899149866482,770.1740812524009,59.87,68.93,763.5819981195245,1527.163996239049,13.184166265752765,0.017266208843261417,128.8,9.06000000000001,9.040028337783951,4.645306249199734,6.842667293491786,4.394722088584217,0.6422526856612552,9.113323887405272,-5.481768749733078,1.8157775688359834,0.5700000000000003,1.1400000000000006,0.5700000000000003,5.928431616390473,9.532364580386881,5.3933368835064845,0.9458100122257503
2025-08-01 11:05:03,800.83,779.19,767.9499362399861,772.4280609393007,61.02,68.93,770.1889985896435,1540.377997179287,4.478124699314662,0.005814319214764956,129.95000000000002,7.910000000000004,10.960021253337914,2.253979686899811,6.607000470118919,8.706041566438103,1.3176993536042612,1.9199929155539621,-2.3913265622999234,-0.23566682337286693,1.1500000000000057,0.0,1.1500000000000057,5.926810255196869,9.544350280067027,5.830739457900201,0.8708632884468055
2025-08-01 11:05:04,810.67,777.22,778.6299521799896,773.6260457044755,62.16,68.93,776.1279989422326,1552.2559978844652,5.0039064755141,0.006447269620328789,131.09,6.77000000000001,10.6800159400035,1.1979847651747377,5.939000352589119,9.482031174828762,1.5965699638534436,-0.2800053133344136,-1.0559949217250733,-0.6680001175298003,1.1399999999999935,0.0,1.1399999999999935,5.920573598456473,9.858045121667605,5.673914824935005,0.7253322412696989
2025-08-01 11:05:05,818.54,776.24,788.6074641349921,774.2795342783566,63.31,68.93,781.4434992066743,1562.8869984133487,14.327929856635592,0.018335208947091088,132.24,5.6200000000000045,9.97751195500257,0.6534885738810772,5.315500264441766,9.324023381121492,1.7541193045131747,-0.7025039850009307,-0.5444961912936606,-0.6235000881473525,1.1500000000000057,0.0,1.1500000000000057,5.909282314711071,9.808694894515378,5.864703812880861,0.7879207197815177
2025-08-01 11:05:06,825.43,826.42,797.813098101244,787.3146507087674,64.42,70.11,792.5638744050057,1585.1277488100113,10.498447392476578,0.01324618458936423,134.53,5.689999999999998,9.205633966251867,13.03511643041088,11.120375198331317,3.829482464159014,0.3443662692574782,-0.7718779887507026,12.381627856529803,5.8048749338895504,1.1099999999999994,1.1799999999999926,0.06999999999999318,5.891354110708775,11.055909806282399,4.563796732419128,2.2904136730198137
2025-08-01 11:05:07,800.83,841.19,798.567323575933,800.7834880315755,64.75,71.32,799.6754058037543,1599.3508116075086,2.21616445564257,0.002771330013136732,136.07,6.569999999999993,0.7542254746889512,13.468837322808099,7.111531398748639,12.714611848119148,1.78788637036322,-8.451408491562916,0.43372089239721845,-4.008843799582678,0.3299999999999983,1.2099999999999937,0.8799999999999955,5.8769412796855525,12.023998387023418,4.967447849621169,2.2841043757090347
2025-08-01 11:05:08,797.88,849.07,798.3954926819497,812.8551160236817,64.75,72.5,805.6253043528156,1611.2506087056313,14.459623341732026,0.017948323179098225,137.25,7.75,-0.17183089398326956,12.071627992106187,5.949898549061345,12.243458886089456,2.0577589226730697,-0.9260563686722207,-1.3972093307019122,-1.1616328496872939,0.0,1.1800000000000068,1.1800000000000068,5.869765380568673,12.288948141284779,5.522119295213633,2.3461580910235162
2025-08-01 11:05:09,797.88,847.1,798.2666195114623,821.4163370177613,64.75,73.24,809.8414782646119,1619.6829565292237,23.149717506298998,0.02858549246862538,137.99,8.489999999999995,-0.12887317048739533,8.561220994079576,4.216173911796204,8.690094164566972,2.0611322695017784,0.042957723495874234,-3.5104069980266104,-1.7337246372651407,0.0,0.7399999999999949,0.7399999999999949,5.868841745023335,11.23273552645566,7.573560932713362,2.6621816261698217
2025-08-01 11:05:10,820.51,849.07,803.8274646335967,828.329752763321,65.06,73.92,816.0786086984589,1632.1572173969178,24.50228812972432,0.030024421469370358,138.98000000000002,8.86,5.560845122134424,6.913415745559746,6.237130433847028,1.352570623425322,0.2168578035866504,5.689718292621819,-1.6478052485198305,2.020956522050824,0.3100000000000023,0.6800000000000068,0.37000000000000455,5.87191396479022,9.073031556808361,9.228864647383984,2.568933277302247
2025-08-01 11:05:11,825.43,841.19,809.2280984751975,831.5448145724907,65.7,74.59,820.3864565238441,1640.7729130476882,22.316716097293238,0.027202687090485785,140.29000000000002,8.89,5.400633841600779,3.215061809169697,4.307847825385238,2.1855720324310823,0.5073465019366442,-0.16021128053364464,-3.698353936390049,-1.92928260846179,0.6400000000000006,0.6700000000000017,0.030000000000001137,5.84778993995334,8.216928356142379,9.3118908833957,1.2640636670690533
2025-08-01 11:05:12,839.22,837.25,816.7260738563982,832.971110929368,66.37,74.59,824.8485923928831,1649.6971847857662,16.245037072969808,0.019694568437279427,140.96,8.219999999999999,7.4979753812007175,1.4262963568772875,4.4621358690390025,6.07167902432343,1.3607110679307939,2.097341539599938,-1.7887654522924095,0.15428804365376436,0.6700000000000017,0.0,0.6700000000000017,5.851650018028044,7.762624463046291,4.479490027988625,0.9759042009433861
2025-08-01 11:05:13,848.08,832.33,824.5645553922986,832.810833197026,67.11,74.59,828.6876942946624,1657.3753885893248,8.246277804727356,0.00995100790267577,141.7,7.480000000000004,7.838481535900428,-0.16027773234202414,3.8391019017792587,7.998759268242452,2.0834969712677855,0.34050615469971035,-1.5865740892193116,-0.6230339672597438,0.7399999999999949,0.0,0.7399999999999949,5.848184110419749,7.3773667746851075,6.739250429475719,0.9367584200394137
2025-08-01 11:05:14,853.99,834.3,831.9209165442239,833.1831248977694,67.75,74.59,832.5520207209967,1665.1040414419933,1.262208353545475,0.0015160714533325149,142.34,6.840000000000003,7.3563611519252845,0.37229170074340345,3.864326426334287,6.984069451181881,1.8073182421312033,-0.48212038397514334,0.5325694330854276,0.025224524555028438,0.6400000000000006,0.0,0.6400000000000006,5.84903762028916,6.525600346147423,9.728040523223225,0.9858980497648815
2025-08-01 11:05:15,853.99,862.86,837.438187408168,840.602343673327,68.36,75.23,839.0202655407475,1678.040531081495,3.164156265159022,0.0037712512931359007,143.59,6.8700000000000045,5.517270863944077,7.419218775557624,6.468244819750794,1.9019479116135471,0.2940438512410811,-1.8390902879812074,7.046927074814221,2.6039183934165067,0.6099999999999994,0.6400000000000006,0.030000000000001137,5.843166374382485,7.150147080029199,8.895933634671938,1.0856102956769413
2025-08-01 11:05:16,855.96,871.73,842.068640556126,848.3842577549952,69.0,75.9,845.2264491555607,1690.4528983111213,6.31561719886929,0.007472100757976665,144.9,6.900000000000006,4.630453147957951,7.781914081668219,6.206183614813199,3.1514609337102684,0.5077936170619579,-0.8868177159861261,0.3626953061105951,-0.262061204937595,0.6400000000000006,0.6700000000000017,0.030000000000001137,5.83317076136915,8.14369811375306,5.811999727552102,1.2779121620378961
2025-08-01 11:05:17,869.76,878.63,848.9914804170944,855.9456933162464,69.64,76.61,852.4685868666704,1704.9371737333408,6.954212899152026,0.008157735074503054,146.25,6.969999999999999,6.922839860968452,7.561435561251187,7.242137711109763,0.6385957002827354,0.0881777781062245,2.292386713010501,-0.2204785204170321,1.0359540962965639,0.6400000000000006,0.7099999999999937,0.06999999999999318,5.828844998549234,9.570078018382521,2.8832218946414545,1.5734014054580427
2025-08-01 11:05:18,872.71,884.54,854.9211103128208,863.0942699871848,70.24,77.28,859.0076901500029,1718.0153803000057,8.173159674364001,0.009514652497956244,147.51999999999998,7.040000000000006,5.929629895726407,7.1485766709383824,6.539103283332452,1.2189467752119754,0.18640882946597953,-0.9932099652420447,-0.41285889031280476,-0.7030344277773111,0.5999999999999943,0.6700000000000017,0.07000000000000739,5.8229913525421075,10.495364731509246,2.8639567117792324,1.2880145070484232
2025-08-01 11:05:19,875.67,890.46,860.1083327346156,869.9357024903886,70.88,77.96,865.0220176125022,1730.0440352250043,9.82736975577302,0.011360831914470975,148.83999999999997,7.079999999999998,5.187222421794786,6.841432503203805,6.0143274624992955,1.654210081409019,0.2750448519270929,-0.7424074739316211,-0.3071441677345774,-0.5247758208331561,0.6400000000000006,0.6799999999999926,0.03999999999999204,5.811757671329916,10.406052655633387,2.4743960028165755,0.4677958115123549
2025-08-01 11:05:20,881.58,892.43,865.4762495509617,875.5592768677915,71.49,78.63,870.5177632093767,1741.0355264187533,10.08302731682977,0.011582793288529153,150.12,7.140000000000001,5.36791681634611,5.623574377402861,5.495745596874485,0.25565756105675064,0.04651916833322464,0.18069439455132397,-1.2178581258009444,-0.5185818656248102,0.6099999999999994,0.6700000000000017,0.060000000000002274,5.798812665937676,9.997161240310142,1.6787459747089708,0.648465120924291
2025-08-01 11:05:21,884.54,897.36,870.2421871632213,881.0094576508436,72.13,79.31,875.6258224070325,1751.251644814065,10.76727048762234,0.012296657087758366,151.44,7.180000000000007,4.765937612259563,5.450180783052133,5.108059197655848,0.6842431707925698,0.13395362315944856,-0.6019792040865468,-0.17339359435072765,-0.38768639921863723,0.6400000000000006,0.6800000000000068,0.04000000000000625,5.781998260862614,9.154046156456328,1.5588477893058708,0.8443451336393858
2025-08-01 11:05:22,894.4,906.23,876.281640372416,887.3145932381327,72.74,79.98,881.7981168052743,1763.5962336105486,11.032952865716766,0.012511880716163142,152.72,7.240000000000009,6.039453209194676,6.305135587289101,6.172294398241775,0.2656823780944251,0.043044339415463935,1.2735155969351126,0.8549548042369679,1.0642352005859266,0.6099999999999994,0.6700000000000017,0.060000000000002274,5.773953058088798,8.887454775047745,1.1210524656414698,0.5657843810275857
2025-08-01 11:05:23,897.36,914.12,881.551230279312,894.0159449285995,73.38,80.65,887.7835876039558,1775.5671752079115,12.464714649287544,0.014040262524888944,154.03,7.27000000000001,5.269589906896044,6.701351690466822,5.98547079868149,1.4317617835707779,0.2392061698271093,-0.7698633022986314,0.3962161031777214,-0.1868235995602845,0.6400000000000006,0.6700000000000017,0.030000000000001137,5.763705653705448,8.987080003639566,1.0344713704176138,0.4416580189604014
2025-08-01 11:05:24,905.25,919.06,887.4759227094839,900.2769586964497,73.98,81.33,893.8764407029669,1787.7528814059337,12.801035986965758,0.0143208114564222,155.31,7.349999999999994,5.924692430171945,6.261013767850159,6.0928530990111085,0.33632133767821415,0.055199309258496816,0.6551025232759002,-0.4403379226166635,0.10738230032961837,0.6000000000000085,0.6799999999999926,0.07999999999998408,5.755433873849289,9.313708501305864,1.1577527937942105,0.4543896351640622
2025-08-01 11:05:25,909.19,919.06,892.904442032113,904.9727190223373,74.59,82.0,898.9385805272252,1797.8771610544504,12.068276990224263,0.013425029516166965,156.59,7.409999999999997,5.428519322629086,4.695760325887591,5.062139824258338,0.7327589967414951,0.14475278783830609,-0.4961731075428588,-1.565253441962568,-1.0307132747527703,0.6099999999999994,0.6700000000000017,0.060000000000002274,5.740715082613897,9.287538649043217,0.889828360203981,0.5511113024515814
2025-08-01 11:05:26,915.11,926.95,898.4558315240848,910.4670392667529,75.2,82.67,904.4614353954189,1808.9228707908378,12.011207742668034,0.013279955628110261,157.87,7.469999999999999,5.551389491971804,5.494320244415576,5.52285486819369,0.05706924755622822,0.01033328569823665,0.12287016934271833,0.7985599185279852,0.4607150439353518,0.6099999999999994,0.6700000000000017,0.060000000000002274,5.729153288568225,8.935910435095208,0.6650151521382972,0.4676023735071709
2025-08-01 11:05:27,919.06,935.83,903.6068736430636,916.8077794500646,75.84,83.31,910.2073265465641,1820.4146530931282,13.200905807000936,0.014503185601222934,159.15,7.469999999999999,5.151042118978808,6.340740183311709,5.7458911511452015,1.1896980643329016,0.20705193084694173,-0.4003473729929965,0.8464199388961333,0.22303628295151157,0.6400000000000006,0.6400000000000006,0.0,5.719178893040435,8.767549354499229,0.5019993770118484,0.4106490470463889
2025-08-01 11:05:28,926.95,941.75,909.4426552322977,923.0433345875484,76.44,83.99,916.242994909923,1832.485989819846,13.60067935525069,0.014843965428345594,160.43,7.549999999999997,5.835781589234102,6.235555137483857,6.035668363358923,0.39977354824975464,0.06623516368817059,0.6847394702552947,-0.10518504582785226,0.2897772122137212,0.5999999999999943,0.6799999999999926,0.0799999999999983,5.711169913350078,8.859477902091465,0.6962783968185581,0.4204251578682596
2025-08-01 11:05:29,932.87,945.7,915.2994914242233,928.7075009406612,77.05,84.66,922.0034961824423,1844.0069923648846,13.408009516437914,0.014542254511410809,161.70999999999998,7.609999999999999,5.856836191925595,5.664166353112819,5.760501272519264,0.1926698388127761,0.033446708237911175,0.02105460269149262,-0.5713887843710381,-0.27516709083965907,0.6099999999999994,0.6700000000000017,0.060000000000002274,5.701586113912907,9.157582230073347,0.760326718442919,0.3636166010827638
2025-08-01 11:05:30,938.79,944.71,921.1721185681674,932.708125705496,77.66,85.33,926.9401221368316,1853.8802442736633,11.536007137328511,0.012445256008866935,162.99,7.670000000000002,5.872627143944101,4.000624764834697,4.936625954389342,1.8720023791094036,0.37920677345184756,0.015790952018505777,-1.6635415882781217,-0.8238753181299217,0.6099999999999994,0.6700000000000017,0.060000000000002274,5.687098082396058,8.97881730676071,0.9191750828939937,0.4131790863940953
2025-08-01 11:05:31,943.73,949.65,926.8115889261256,936.943594279122,78.26,85.97,931.8775916026239,1863.7551832052477,10.132005352996316,0.010872678379033478,164.23000000000002,7.709999999999994,5.639470357958203,4.235468573626008,4.937469465792219,1.4040017843321948,0.28435649267360674,-0.23315678598589784,0.23484380879131095,0.000843511402877084,0.6000000000000085,0.6400000000000006,0.03999999999999204,5.6742226507239915,8.5541361545475,1.498870541075148,0.5117833837584621
2025-08-01 11:05:32,948.66,956.56,932.2736916945942,941.8476957093415,78.87,86.65,937.0606937019678,1874.1213874039356,9.574004014747288,0.010217058584227888,165.52,7.780000000000001,5.462102768468526,4.904101430219498,5.183102099343955,0.5580013382490279,0.10765777325935426,-0.1773675894896769,0.66863285659349,0.24563263355173603,0.6099999999999994,0.6800000000000068,0.07000000000000739,5.661313968346144,8.14765443790398,1.8386685916195848,0.5013556367414386
2025-08-01 11:05:33,953.6,966.44,937.6052687709456,947.995771782006,79.47,87.29,942.8005202764758,1885.6010405529516,10.390503011060446,0.01102089230603367,166.76,7.820000000000007,5.3315770763514365,6.148076072664594,5.739826574508015,0.8164989963131575,0.14225148503405052,-0.13052569211708942,1.243974642445096,0.5567244751640601,0.5999999999999943,0.6400000000000006,0.04000000000000625,5.65363705098848,8.181016973659881,1.520185087311461,0.4129107677544044
2025-08-01 11:05:34,951.63,966.44,941.1114515782092,952.6068288365045,79.84,87.96,946.8591402073569,1893.7182804147137,11.49537725829532,0.012140535754491805,167.8,8.11999999999999,3.506182807263599,4.611057054498474,4.0586199308810365,1.104874247234875,0.2722289827138479,-1.8253942690878375,-1.53701901816612,-1.6812066436269788,0.37000000000000455,0.6699999999999875,0.29999999999998295,5.6427838770236765,8.034840879346126,0.8645973077933393,0.6063878258844834
2025-08-01 11:05:35,951.63,947.68,943.7410886836569,951.3751216273783,80.25,87.96,947.5581051555176,1895.1162103110353,7.634032943721422,0.008056532780553818,168.20999999999998,7.709999999999994,2.6296371054477277,-1.2317072091261707,0.6989649481607785,3.8613443145738984,5.524366851825089,-0.8765457018158713,-5.842764263624645,-3.359654982720258,0.4099999999999966,0.0,0.4099999999999966,5.633185301244471,6.690465581494602,1.4199916091445746,2.008075209847724
2025-08-01 11:05:36,958.54,945.7,947.4408165127427,949.9563412205337,80.59,87.96,948.6985788666382,1897.3971577332763,2.5155247077909735,0.002651553149942092,168.55,7.36999999999999,3.6997278290857594,-1.4187804068446894,1.140473711120535,5.118508235930449,4.488050621395569,1.0700907236380317,-0.1870731977185187,0.4415087629597565,0.3400000000000034,0.0,0.3400000000000034,5.628588390614357,4.762657099690227,3.5392441251786595,2.3174696329339985
2025-08-01 11:05:37,960.51,944.71,950.7081123845571,948.6447559154003,80.96,87.96,949.6764341499787,1899.3528682999574,2.0633564691568154,0.0021726941859212894,168.92,7.0,3.26729587181444,-1.3115853051333488,0.9778552833405456,4.578881176947789,4.682570695670583,-0.43243195727131933,0.10719510171134061,-0.16261842777998936,0.36999999999999034,0.0,0.36999999999999034,5.622048475775102,2.6431584049004515,4.371054187003739,2.254554095499205
2025-08-01 11:05:38,963.47,943.73,953.8985842884179,947.4160669365502,81.29,87.96,950.6573256124841,1901.3146512249682,6.482517351867614,0.006818984265305177,169.25,6.6699999999999875,3.1904719038607254,-1.228688978850073,0.9808914625053831,4.419160882710798,4.5052450208694985,-0.0768239679537146,0.08289632628327581,0.003036179164837449,0.3300000000000125,0.0,0.3300000000000125,5.616882245173423,1.5392148550909104,3.896585255823419,1.399473028200844
2025-08-01 11:05:39,949.65,940.77,952.8364382163135,945.7545502024127,81.5,87.96,949.2954942093631,1898.5909884187263,7.081888013900766,0.007460151290762088,169.45999999999998,6.459999999999994,-1.0621460721043832,-1.6615167341375354,-1.3618314031209593,0.5993706620331523,0.44012072312242934,-4.252617975965109,-0.4328277552874624,-2.3427228656263424,0.20999999999999375,0.0,0.20999999999999375,5.601885333456143,1.151580043928022,2.6526351302837994,1.045825261073211
2025-08-01 11:05:40,951.63,940.77,952.5348286622351,944.5084126518095,81.5,87.96,948.5216206570224,1897.0432413140447,8.026416010425578,0.008462027461644796,169.45999999999998,6.459999999999994,-0.3016095540783681,-1.24613755060318,-0.773873552340774,0.9445279965248119,1.220518226976006,0.7605365180260151,0.41537918353435543,0.5879578507801853,0.0,0.0,0.0,5.597318630117455,0.8554551453727222,2.748370479095176,1.1711983097815837
2025-08-01 11:05:41,949.65,940.77,951.8136214966763,943.5738094888571,81.5,87.96,947.6937154927667,1895.3874309855335,8.239812007819182,0.008694593901406407,169.45999999999998,6.459999999999994,-0.7212071655587806,-0.934603162952385,-0.8279051642556396,0.21339599739360438,0.2577538453110397,-0.4195976114804125,0.311534387650795,-0.05403161191486561,0.0,0.0,0.0,5.592433080965029,1.127404950413422,2.5152607778967386,1.1017362369101087
2025-08-01 11:05:42,948.66,966.44,951.0252161225072,949.2903571166429,81.5,88.33,950.1577866195751,1900.3155732391501,1.7348590058643367,0.0018258641127498088,169.82999999999998,6.829999999999998,-0.7884053741690877,5.716547627785758,2.464071126808335,6.504953001954846,2.639919883506245,-0.06719820861030712,6.651150790738143,3.2919762910639747,0.0,0.37000000000000455,0.37000000000000455,5.59475817596901,1.199803747467138,2.656487284105609,1.5910960487765364
2025-08-01 11:05:43,948.66,971.38,950.4339120918804,954.8127678374822,81.5,88.7,952.6233399646812,1905.2466799293625,4.378855745601754,0.004596628654056988,170.2,7.200000000000003,-0.5913040306268158,5.522410720839275,2.465553345106173,6.113714751466091,2.4796511841651654,0.19710134354227193,-0.19413690694648267,0.0014822182978377896,0.0,0.37000000000000455,0.37000000000000455,5.597081870549938,1.8923668441393466,2.7863601940808698,1.9050229221367516
2025-08-01 11:05:44,944.71,974.34,949.0029340689103,959.6945758781117,81.5,89.11,954.348754973511,1908.697509947022,10.691641809201315,0.011203076173442482,170.61,7.609999999999999,-1.4309780229700664,4.881808040629494,1.7254150088297138,6.31278606359956,3.6587037742169155,-0.8396739923432506,-0.6406026802097813,-0.7401383362764591,0.0,0.4099999999999966,0.4099999999999966,5.593744501376041,2.787693330346392,3.537910137774438,1.6811361585359559
2025-08-01 11:05:45,944.71,967.42,947.9297005516828,961.6259319085838,81.5,89.28,954.7778162301333,1909.5556324602667,13.696231356900967,0.014344940895919157,170.78,7.780000000000001,-1.0732335172275498,1.9313560304721022,0.4290612566223899,3.004589547699652,7.002689006840185,0.3577445057425166,-2.9504520101573917,-1.2963537522073239,0.0,0.1700000000000017,0.1700000000000017,5.59068866752222,2.9802486376294035,4.790546932696575,1.4290889301721612
2025-08-01 11:05:46,953.6,977.3,949.3472754137621,965.5444489314377,81.53,89.55,957.4458621725998,1914.8917243451997,16.19717351767565,0.01691706459935455,171.07999999999998,8.019999999999996,1.4175748620792774,3.918517022853962,2.668045942466506,2.5009421607746845,0.9373681253384021,2.490808379306827,1.9871609923818596,2.238984685844116,0.030000000000001137,0.269999999999996,0.23999999999999488,5.596480340052137,2.7006857370727895,6.129348199718371,0.9232207899901196
2025-08-01 11:05:47,958.54,971.38,951.6454565603216,967.0033366985783,81.63,89.68,959.3243966294499,1918.6487932588998,15.357880138256746,0.01600905822494145,171.31,8.050000000000011,2.2981811465595,1.4588877671405953,1.8785344568500477,0.8392933794189048,0.4467806962910579,0.8806062844802227,-2.4596292557133665,-0.7895114856164582,0.09999999999999432,0.13000000000000966,0.030000000000015348,5.599932234134129,2.6611241651231503,4.783872842010994,0.87779793435774
2025-08-01 11:05:48,958.54,965.45,953.3690924202411,966.6150025239338,81.73,89.85,959.9920474720875,1919.984094944175,13.245910103692609,0.013797937310808615,171.57999999999998,8.11999999999999,1.7236358599195682,-0.38833417464456943,0.6676508426376131,2.1119700345641377,3.1632804699836186,-0.5745452866399319,-1.8472219417851647,-1.2108836142124346,0.10000000000000853,0.1699999999999875,0.06999999999997897,5.595011317619048,2.567252476273987,2.129904558243302,0.9212354412754263
2025-08-01 11:05:49,961.5,959.52,955.4018193151809,964.8412518929503,81.83,89.85,960.1215356040656,1920.2430712081311,9.439432577769367,0.009831497594727942,171.68,8.019999999999996,2.032726894939742,-1.7737506309834998,0.1294881319780643,3.806477525923242,29.39611585756916,0.3090910350201739,-1.3854164563389304,-0.5381627106595488,0.09999999999999432,0.0,0.09999999999999432,5.592506582080376,2.256130998431434,2.611494354541663,1.0757532245961234
2025-08-01 11:05:50,958.54,960.51,956.1863644863856,963.7584389197127,81.93,89.85,959.9724017030492,1919.9448034060983,7.572074433327089,0.007887804286879463,171.78,7.9199999999999875,0.7845451712047407,-1.0828129732375373,-0.14913390101639834,1.867358144442278,12.521268540869249,-1.2481817237350015,0.6909376577459625,-0.27862203299446264,0.10000000000000853,0.0,0.10000000000000853,5.588382792610702,1.1201579000790374,3.7399845198777446,1.1974329787121172
2025-08-01 11:05:51,966.44,957.55,958.7497733647892,962.2063291897846,82.03,89.85,960.4780512772869,1920.9561025545738,3.4565558249953483,0.00359878689242287,171.88,7.819999999999993,2.5634088784036066,-1.5521097299281337,0.5056495742377365,4.11551860833174,8.139056530363574,1.778863707198866,-0.46929675669059634,0.6547834752541348,0.09999999999999432,0.0,0.09999999999999432,5.588073340058259,0.41775569947223457,4.692979882201819,0.7795038147137843
2025-08-01 11:05:52,965.45,954.59,960.424830023592,960.3022468923384,82.13,89.85,960.3635384579652,1920.7270769159304,0.12258313125357745,0.0001276424252036516,171.98,7.719999999999999,1.6750566588027596,-1.9040822974461662,-0.11451281932170332,3.5791389562489258,31.25508325064298,-0.8883522196008471,-0.3519725675180325,-0.6201623935594398,0.09999999999999432,0.0,0.09999999999999432,5.58415823278176,0.22594808641967717,5.120391404347982,0.36660512618893687
2025-08-01 11:05:53,964.46,960.51,961.433622517694,960.3541851692539,82.24,89.85,960.8939038434739,1921.7878076869479,1.079437348440024,0.001123367879636889,172.08999999999997,7.609999999999999,1.0087924941019537,0.05193827691550723,0.5303653855087305,0.9568542171864465,1.8041381266435774,-0.6662641647008058,1.9560205743616734,0.6448782048304338,0.10999999999999943,0.0,0.10999999999999943,5.583670743563271,0.35564252152370496,4.05119384305625,0.3265046836169064
2025-08-01 11:05:54,967.42,969.4,962.9302168882705,962.6156388769405,82.37,89.95,962.7729278826055,1925.545855765211,0.3145780113300134,0.00032674164581581323,172.32,7.579999999999998,1.4965943705765312,2.2614537076865417,1.8790240391315365,0.7648593371100105,0.40705116812254916,0.4878018764745775,2.2095154307710345,1.348658653622806,0.13000000000000966,0.10000000000000853,0.030000000000001137,5.5871223438688675,1.099328519899769,3.1259681483885378,0.821139174712178
2025-08-01 11:05:55,966.44,974.34,963.8076626662029,965.5467291577054,82.51,90.08,964.6771959119542,1929.3543918239084,1.7390664915025127,0.0018027444797798374,172.59,7.569999999999993,0.8774457779323939,2.93109028076492,1.9042680293487138,2.053644502832526,1.078442421307929,-0.6191485926441374,0.6696365730783782,0.02524399021717727,0.14000000000000057,0.12999999999999545,0.010000000000005116,5.589415321412242,1.860775016751894,1.3454106936061059,0.9055429969728417
2025-08-01 11:05:56,969.4,976.31,965.2057469996522,968.2375468682791,82.61,90.22,966.7216469339656,1933.4432938679313,3.0317998686268766,0.0031361663154086845,172.82999999999998,7.609999999999999,1.398084333449333,2.690817710573697,2.044451022011458,1.2927333771243639,0.632312895194524,0.520638555516939,-0.24027257019122317,0.14018299266274425,0.09999999999999432,0.14000000000000057,0.04000000000000625,5.593482852169664,2.648817164977554,1.1820417497769782,0.9791132891234845
2025-08-01 11:05:57,973.35,974.34,967.2418102497392,969.7631601512094,82.74,90.35,968.5024852004742,1937.0049704009484,2.5213499014702165,0.0026033489200029914,173.08999999999997,7.609999999999999,2.036063250086954,1.5256132829302942,1.7808382665085674,0.51044996715666,0.2866344968669885,0.6379789166376213,-1.1652044276434026,-0.26361275550289065,0.12999999999999545,0.12999999999999545,0.0,5.595369343145792,3.0309039823299853,1.0894251224062776,0.6206709286661066
2025-08-01 11:05:58,972.36,971.38,968.5213576873044,970.1673701134071,82.88,90.42,969.3443639003558,1938.6887278007116,1.6460124261026294,0.0016980677720985482,173.3,7.540000000000006,1.2795474375652702,0.4042099621976831,0.8418786998815904,0.8753374753675871,1.0397417534722628,-0.756515812521684,-1.121403320732611,-0.938959566626977,0.14000000000000057,0.07000000000000739,0.06999999999999318,5.593446960801551,2.7072502783320305,1.0318427570470627,0.48343502428503776
2025-08-01 11:05:59,964.46,964.46,967.5060182654784,968.7405275850554,82.91,90.42,968.1232729252669,1936.2465458505337,1.2345093195770005,0.0012751571549061808,173.32999999999998,7.510000000000005,-1.01533942182607,-1.426842528351699,-1.2210909750889414,0.41150310652562894,0.3369959961416142,-2.2948868593913403,-1.8310524905493821,-2.0629696749705317,0.030000000000001137,0.0,0.030000000000001137,5.585433954536624,1.8279596746446927,0.726260711620587,1.364916310631927
2025-08-01 11:06:00,966.44,969.4,967.2395136991088,968.9053956887916,82.91,90.49,968.0724546939502,1936.1449093879005,1.6658819896828163,0.0017208236634402023,173.39999999999998,7.579999999999998,-0.2665045663695764,0.1648681037362394,-0.05081823131661167,0.4313726701058158,8.488374556834545,0.7488348554564936,1.5917106320879384,1.1702727437723297,0.0,0.06999999999999318,0.06999999999999318,5.58288609637292,0.9483710473640812,0.7343964422704496,1.3461067826246902
2025-08-01 11:06:01,964.46,971.38,966.5446352743315,969.5240467665938,82.91,90.49,968.0343410204626,1936.0686820409253,2.9794114922622157,0.0030777952423089094,173.39999999999998,7.579999999999998,-0.6948784247772437,0.6186510778021557,-0.03811367348760086,1.3135295025793994,34.46256736284794,-0.4283738584076673,0.4537829740659163,0.01270455782901081,0.0,0.0,0.0,5.58266629433562,0.5519767695885606,0.7165064043963921,1.121451050872846
2025-08-01 11:06:02,964.46,970.39,966.0234764557487,969.7405350749453,82.91,90.49,967.882005765347,1935.764011530694,3.7170586191966777,0.003840404711746894,173.39999999999998,7.579999999999998,-0.5211588185828759,0.21648830835158606,-0.15233525511564494,0.737647126934462,4.842229621402224,0.17371960619436777,-0.4021627694505696,-0.11422158162804408,0.0,0.0,0.0,5.5817877749916915,0.5955290992196552,1.0513691219330146,0.7331550217325863
2025-08-01 11:06:03,963.47,968.41,965.3851073418116,969.4079013062089,82.91,90.49,967.3965043240103,1934.7930086480205,4.022793964397351,0.004158371404339523,173.39999999999998,7.579999999999998,-0.638369113937074,-0.33263376873640027,-0.4855014413367371,0.3057353452006737,0.6297297792342517,-0.11721029535419802,-0.5491220770879863,-0.3331661862210922,0.0,0.0,0.0,5.578987882035886,0.2964185810619771,1.2325240769015375,0.49879469921088837
2025-08-01 11:06:04,971.38,968.41,966.8838305063587,969.1584259796566,82.94,90.49,968.0211282430076,1936.0422564860153,2.27459547329795,0.002349737422649734,173.43,7.549999999999997,1.4987231645470729,-0.24947532655232862,0.6246239189973721,1.7481984910994015,2.7987972268310295,2.137092278484147,0.08315844218407165,1.1101253603341092,0.030000000000001137,0.0,0.030000000000001137,5.581624417121509,0.2804197542480007,0.9802591331322199,0.4034294105518743
2025-08-01 11:06:05,968.41,968.41,967.265372879769,968.9713194847425,83.01,90.49,968.1183461822557,1936.2366923645113,1.7059466049735192,0.0017621260974329638,173.5,7.47999999999999,0.38154237341029784,-0.18710649491413278,0.09721793924802569,0.5686488683244306,5.849157301271199,-1.117180791136775,0.06236883163819584,-0.5274059797493464,0.07000000000000739,0.0,0.07000000000000739,5.579932798860651,0.28886490559153605,0.9674020740031115,0.4060651098510574
2025-08-01 11:06:06,964.46,972.36,966.5640296598267,969.8184896135568,83.04,90.59,968.1912596366917,1936.3825192733834,3.2544599537301337,0.003361381253937337,173.63,7.549999999999997,-0.7013432199422596,0.8471701288143549,0.07291345443604769,1.5485133487566145,21.237398822133343,-1.0828855933525574,1.0342766237284877,-0.024304484811978,0.030000000000001137,0.10000000000000853,0.07000000000000739,5.5761749355555885,0.3156834311926424,0.9779685428852133,0.4058681216849914
2025-08-01 11:06:07,968.41,972.36,967.02552224487,970.4538672101677,83.04,90.59,968.7396947275188,1937.4793894550376,3.428344965297697,0.0035389743812686714,173.63,7.549999999999997,0.4614925850432883,0.6353775966108515,0.5484350908270699,0.1738850115675632,0.31705610640126847,1.1628358049855478,-0.21179253220350347,0.4755216363910222,0.0,0.0,0.0,5.57933357800026,0.4792657106420079,0.9321240781556629,0.44561456634555496
2025-08-01 11:06:08,960.51,969.4,965.3966416836524,970.1904004076258,83.04,90.59,967.7935210456392,1935.5870420912784,4.793758723973383,0.00495328664097766,173.63,7.549999999999997,-1.6288805612175565,-0.2634668025418705,-0.9461736818795998,1.365413758675686,1.4430884537760587,-2.090373146260845,-0.898844399152722,-1.4946087727066697,0.0,0.0,0.0,5.573884210515205,0.35054687854102795,1.1858326637466647,0.6263832631493602
2025-08-01 11:06:09,958.54,971.38,963.6824812627393,970.4878003057194,83.04,90.59,967.0851407842293,1934.1702815684587,6.805319042980045,0.007036938888777189,173.63,7.549999999999997,-1.7141604209131174,0.29739989809354483,-0.7083802614098431,2.011560319006662,2.839657721892855,-0.08527985969556084,0.5608667006354153,0.2377934204697567,0.0,0.0,0.0,5.569804384118096,0.6075149006241743,1.9134483686582409,0.6199559409422873
2025-08-01 11:06:10,964.46,965.45,963.8768609470545,969.2283502292896,83.04,90.59,966.5526055881721,1933.1052111763443,5.351489282235093,0.005536676685530114,173.63,7.549999999999997,0.19437968431520858,-1.2594500764297436,-0.5325351960572107,1.4538297607449522,2.730011164515785,1.908540105228326,-1.5568499745232884,0.17584506535263245,0.0,0.0,0.0,5.566737315103581,0.8691686499461527,1.4636198441018582,0.6116432099624023
2025-08-01 11:06:11,964.46,967.42,964.0226457102909,968.7762626719673,83.04,90.59,966.399454191129,1932.798908382258,4.753616961676357,0.004918894496620151,173.63,7.549999999999997,0.14578476323640643,-0.4520875573223293,-0.15315139704307512,0.5978723205587357,3.9037738364002244,-0.048594921078802145,0.8073625191074143,0.37938379901413555,0.0,0.0,0.0,5.565855259029395,0.9657947353398684,1.2198922483342127,0.5836874194278789
2025-08-01 11:06:12,966.44,974.34,964.6269842827182,970.1671970039755,83.04,90.62,967.3970906433469,1934.7941812866939,5.540212721257262,0.005726927204056334,173.66000000000003,7.579999999999998,0.6043385724273094,1.3909343320082144,0.9976364522178756,0.786595759580905,0.788458530533514,0.45855380919090294,1.8430218893305437,1.1507878492609507,0.0,0.030000000000001137,0.030000000000001137,5.570638518212071,0.5798799287238058,0.8322151275300018,0.7646662118073957
2025-08-01 11:06:13,971.38,971.38,966.3152382120387,970.4703977529816,83.11,90.62,968.3928179825102,1936.7856359650204,4.155159540942918,0.004290778968506543,173.73000000000002,7.510000000000005,1.6882539293204673,0.30320074900612326,0.9957273391632953,1.385053180314344,1.3909950393479773,1.0839153568931579,-1.087733583002091,-0.0019091130545803026,0.06999999999999318,0.0,0.06999999999999318,5.574125438372099,0.7951205838933407,0.9916267185514093,0.8251926655717279
2025-08-01 11:06:14,968.41,969.4,966.838928659029,970.2027983147362,83.11,90.62,968.5208634868826,1937.0417269737652,3.3638696557072763,0.00347320308632632,173.73000000000002,7.510000000000005,0.5236904469902584,-0.2675994382453837,0.1280455043723805,0.791289885235642,6.179707045609302,-1.164563482330209,-0.5708001872515069,-0.8676818347909148,0.0,0.0,0.0,5.574862475749842,0.9934012346759266,0.8934250768642306,0.6888280310814516
2025-08-01 11:06:15,966.44,970.39,966.7391964942717,970.2495987360521,83.11,90.62,968.4943976151619,1936.9887952303238,3.5104022417804117,0.0036245973614301664,173.73000000000002,7.510000000000005,-0.09973216475725621,0.04680042131587925,-0.026465871720688483,0.14653258607313546,5.536452801053728,-0.6234226117475146,0.31439985956126293,-0.15451137609306898,0.0,0.0,0.0,5.574710136651423,0.9312297915818887,0.9025563715795349,0.5641789639615737
2025-08-01 11:06:16,965.45,970.39,966.4168973707037,970.2846990520391,83.11,90.62,968.3507982113714,1936.7015964227428,3.8678016813353224,0.003994215406736149,173.73000000000002,7.510000000000005,-0.32229912356797286,0.03510031598693786,-0.1435994037905175,0.3573994395549107,2.488847037479648,-0.22256695881071664,-0.01170010532894139,-0.11713353206982902,0.0,0.0,0.0,5.573883570123109,0.4715242423339558,0.8688932777309091,0.5618984806014506
2025-08-01 11:06:17,960.51,968.41,964.9401730280279,969.8160242890292,83.11,90.62,967.3780986585285,1934.756197317057,4.875851261001344,0.005040274596584783,173.73000000000002,7.510000000000005,-1.4767243426758796,-0.468674763009858,-0.9726995528428688,1.0080495796660216,1.0363411192888086,-1.1544252191079067,-0.5037750789967959,-0.8291001490523513,0.0,0.0,0.0,5.56828465486815,0.47992487478317153,0.6005697191280414,0.7027200895956666
2025-08-01 11:06:18,967.42,968.41,965.5601297710209,969.4645182167719,83.11,90.62,967.5123239938964,1935.0246479877928,3.9043884457510103,0.004035492204996605,173.73000000000002,7.510000000000005,0.6199567429930539,-0.3515060722572798,0.13422533536788706,0.9714628152503337,7.237497862008613,2.0966810856689335,0.11716869075257819,1.1069248882107559,0.0,0.0,0.0,5.569057263712883,0.5590661243829719,0.5900136135118456,0.4601151514249532
2025-08-01 11:06:19,966.44,969.4,965.7800973282657,969.448388662579,83.18,90.66,967.6142429954223,1935.2284859908445,3.668291334313267,0.0037910679354681153,173.84,7.47999999999999,0.2199675572447859,-0.016129554192957585,0.10191900152585731,0.23609711143774348,2.3164943868043917,-0.39998918574826803,0.3353765180643222,-0.032306333842029744,0.07000000000000739,0.03999999999999204,0.030000000000015348,5.566119635465386,0.5138944443185472,0.5332602191658001,0.4559269216812977
2025-08-01 11:06:20,969.4,968.41,966.6850729961993,969.1887914969342,83.18,90.69,967.9369322465668,1935.8738644931336,2.5037185007348626,0.002586654579175025,173.87,7.509999999999991,0.9049756679336269,-0.2595971656447773,0.3226892511445385,1.1645728335784042,3.608949540458141,0.685008110688841,-0.24346761145181972,0.2207702496186812,0.0,0.030000000000001137,0.030000000000001137,5.567015164660676,0.39011957355603877,0.8461924333287457,0.5092013250581746
2025-08-01 11:06:21,966.44,972.36,966.6238047471495,969.9815936227006,83.18,90.69,968.3026991849251,1936.6053983698503,3.3577888755511367,0.0034677057855047504,173.87,7.509999999999991,-0.061268249049817314,0.7928021257664568,0.36576693835831975,0.8540703748162741,2.335006120682987,-0.9662439169834443,1.0523992914112341,0.043077687213781246,0.0,0.0,0.0,5.569118845205074,0.3720362906399127,0.8611601277983351,0.5504542320571686
2025-08-01 11:06:22,965.45,966.44,966.330353560362,969.0961952170255,83.18,90.69,967.7132743886938,1935.4265487773876,2.765841656663497,0.00285812102304018,173.87,7.509999999999991,-0.29345118678747895,-0.8853984056751187,-0.5894247962313557,0.5919472188876398,1.0042777609538052,-0.23218293773766163,-1.6782005314415755,-0.9551917345896754,0.0,0.0,0.0,5.5657288136134175,0.31423645840748377,0.5928018795618855,0.38447066400471364
2025-08-01 11:06:23,967.42,969.4,966.6027651702716,969.1721464127692,83.18,90.69,967.8874557915203,1935.7749115830406,2.5693812424975704,0.0026546281021296533,173.87,7.509999999999991,0.27241160990956814,0.07595119574364162,0.17418140282654804,0.19646041416592652,1.1279004708734157,0.5658627966970471,0.9613496014187604,0.7636061990579037,0.0,0.0,0.0,5.566730604617184,0.2644803177355258,0.5141838981336676,0.38662555116596875
2025-08-01 11:06:24,968.41,972.36,967.0545738777037,969.9691098095769,83.18,90.72,968.5118418436402,1937.0236836872805,2.9145359318732744,0.00300929302352765,173.9,7.539999999999992,0.4518087074320647,0.7969633968077687,0.6243860521199167,0.34515468937570404,0.5527896329749888,0.17939709752249655,0.7210122010641271,0.4502046492933687,0.0,0.030000000000001137,0.030000000000001137,5.569360760634154,0.32697657879383557,0.34055300840635766,0.4594550470722594
2025-08-01 11:06:25,966.44,971.38,966.9009304082778,970.3218323571828,83.21,90.72,968.6113813827303,1937.2227627654606,3.420901948904998,0.0035317589810784267,173.93,7.510000000000005,-0.15364346942590146,0.352722547605822,0.09953953909007396,0.5063660170317235,5.087033098881594,-0.6054521768579662,-0.44424084920194673,-0.5248465130298428,0.029999999999986926,0.0,0.029999999999986926,5.568972436116586,0.39098297021904843,0.37167734814227804,0.4528619930974654
2025-08-01 11:06:26,968.41,966.44,967.2781978062083,969.3513742678871,83.21,90.72,968.3147860370477,1936.6295720740954,2.073176461678827,0.002141014977187896,173.93,7.510000000000005,0.37726739793049546,-0.9704580892956756,-0.29659534568259005,1.347725487226171,4.543971990364551,0.5309108673563969,-1.3231806369014976,-0.396134884772664,0.0,0.0,0.0,5.567267179151271,0.3917720532881059,0.49197004422951174,0.46515223156212093
2025-08-01 11:06:27,964.46,970.39,966.5736483546561,969.6110307009153,83.21,90.72,968.0923395277857,1936.1846790555715,3.0373823462591645,0.0031374923848723367,173.93,7.510000000000005,-0.7045494515521113,0.2596564330282263,-0.22244650926199938,0.9642058845803376,4.334532167967288,-1.0818168494826068,1.2301145223239018,0.07414883642059067,0.0,0.0,0.0,5.565988236427284,0.2974972010605693,0.5090182362095284,0.3670212513068025
2025-08-01 11:06:28,964.46,971.38,966.0452362659921,970.0532730256865,83.21,90.72,968.0492546458393,1936.0985092916785,4.0080367596943915,0.004140323166738461,173.93,7.510000000000005,-0.5284120886640267,0.4422423247712004,-0.04308488194646998,0.9706544134352271,22.528363574898407,0.17613736288808468,0.18258589174297413,0.1793616273155294,0.0,0.0,0.0,5.565740522509623,0.2483861525552636,0.71059318582623,0.3653210381596362
2025-08-01 11:06:29,969.4,968.41,966.8839271994941,969.6424547692649,83.21,90.72,968.2631909843794,1936.5263819687589,2.758527569770763,0.002848943957187278,173.93,7.510000000000005,0.8386909335019936,-0.41081825642163494,0.21393633854017935,1.2495091899236286,5.8405381615465854,1.3671030221660203,-0.8530605811928353,0.2570212204866493,0.0,0.0,0.0,5.56697053652279,0.22294203018118283,0.7235746358586769,0.21366971149637506
2025-08-01 11:06:30,970.39,972.36,967.7604453996206,970.3218410769487,83.21,90.76,969.0411432382846,1938.0822864765692,2.5613956773280506,0.0026432269595130942,173.97,7.550000000000011,0.8765182001264975,0.6793863076837852,0.7779522539051413,0.19713189244271234,0.25339812058521105,0.037827266624503864,1.09020456410542,0.564015915364962,0.0,0.04000000000000625,0.04000000000000625,5.570162313434054,0.4010201156021875,0.7183606131390738,0.4339778137825541
2025-08-01 11:06:31,969.4,970.39,968.1703340497155,970.3388808077115,83.21,90.76,969.2546074287135,1938.509214857427,2.168546757995955,0.0022373344827438567,173.97,7.550000000000011,0.4098886500948993,0.01703973076280363,0.2134641904289083,0.39284891933209565,1.8403418306411352,-0.46662955003159823,-0.6623465769209815,-0.564488063476233,0.0,0.0,0.0,5.571389330673818,0.5656108198796994,0.6921128622943932,0.3778992371612472
2025-08-01 11:06:32,969.4,970.39,968.4777505372866,970.3516606057835,83.21,90.76,969.414705571535,1938.82941114307,1.8739100684969117,0.0019330324326564485,173.97,7.550000000000011,0.3074164875711176,0.0127797980720743,0.1600981428215391,0.2946366894990433,1.840338956889181,-0.10247216252378166,-0.004259932690729329,-0.05336604760736918,0.0,0.0,0.0,5.5723095936036415,0.6112197892947613,0.8208388336553233,0.30590143778452
2025-08-01 11:06:33,967.42,972.36,968.213312902965,970.8537454543376,83.21,90.76,969.5335291786513,1939.0670583573026,2.640432551372669,0.0027234050903697255,173.97,7.550000000000011,-0.26443763432166634,0.502084848554091,0.11882360711626916,0.7665224828757573,6.450873278509726,-0.571854121892784,0.48930505048201667,-0.041274535705269955,0.0,0.0,0.0,5.572992605654186,0.5036352227733267,0.3683537809621973,0.2718831155532108
2025-08-01 11:06:34,965.45,968.41,967.5224846772237,970.2428090907532,83.21,90.76,968.8826468839884,1937.7652937679768,2.720324413529511,0.0028076923655002187,173.97,7.550000000000011,-0.6908282257412566,-0.6109363635844147,-0.6508822946628925,0.07989186215684185,0.12274375884576925,-0.42639059141959024,-1.1130212121385057,-0.7697059017791616,0.0,0.0,0.0,5.569251257772818,0.2660185570879042,0.3593587440305673,0.5092714831227408
2025-08-01 11:06:35,968.41,969.4,967.7443635079178,970.0321068180649,83.21,90.76,968.8882351629914,1937.7764703259827,2.287743310147107,0.002361204548428691,173.97,7.550000000000011,0.22187883069409509,-0.21070227268830877,0.005588279002950003,0.43258110338240385,77.39479513441519,0.9127070564353517,0.40023409089610595,0.6564705736658425,0.0,0.0,0.0,5.569283379856918,0.2992049458113672,0.3479428195569002,0.3550775408302969
2025-08-01 11:06:36,969.4,969.4,968.1582726309383,969.8740801135488,83.21,90.76,969.0161763722435,1938.032352744487,1.715807482610444,0.0017706695952830554,173.97,7.550000000000011,0.41390912302051674,-0.1580267045161463,0.12794120925218522,0.571935827536663,4.470266934419803,0.19203029232642166,0.05267556817216246,0.12235293024923521,0.0,0.0,0.0,5.57001880095548,0.3061975241865594,0.4477289098558525,0.342209195740671
2025-08-01 11:06:37,974.34,971.38,969.7037044732037,970.2505600851616,83.25,90.76,969.9771322791827,1939.9542645583654,0.5468556119578807,0.0005637819626831167,174.01,7.510000000000005,1.5454318422654296,0.3764799716128664,0.960955906939148,1.1689518706525632,1.2164456722371906,1.1315227192449129,0.5345066761290127,0.8330146976869628,0.04000000000000625,0.0,0.04000000000000625,5.574260828141612,0.48196221541838286,0.8947950793586162,0.5732230124015957
2025-08-01 11:06:38,971.38,971.38,970.1227783549028,970.5329200638712,83.25,90.76,970.3278492093871,1940.6556984187741,0.41014170896835367,0.00042268364128665294,174.01,7.510000000000005,0.41907388169909154,0.28235997870956453,0.3507169302043849,0.13671390298952701,0.3898115585646147,-1.126357960566338,-0.09411999290330186,-0.6102389767347631,0.0,0.0,0.0,5.576276326838175,0.6835878925680895,1.0302956385492783,0.5831590051950596
2025-08-01 11:06:39,968.41,970.39,969.6945837661771,970.4971900479034,83.25,90.76,970.0958869070403,1940.1917738140805,0.8026062817262982,0.000827347370225332,174.01,7.510000000000005,-0.42819458872577343,-0.035730015967828876,-0.23196230234680115,0.39246457275794455,1.691925269158235,-0.847268470424865,-0.3180899946773934,-0.582679232551186,0.0,0.0,0.0,5.57494328677718,0.6608171262831519,0.813390923644587,0.45339139854638855
2025-08-01 11:06:40,971.38,970.39,970.1159378246329,970.4703925359275,83.25,90.76,970.2931651802802,1940.5863303605604,0.35445471129469297,0.00036530682029851106,174.01,7.510000000000005,0.42135405845579044,-0.026797511975814814,0.19727827323993097,0.44815157043160525,2.271660692335193,0.8495486471815639,0.008932503992014063,0.4292405755867321,0.0,0.0,0.0,5.576077004793996,0.5371827983568379,0.5584584096072398,0.43610982829582184
2025-08-01 11:06:41,972.36,971.38,970.6769533684746,970.6977944019457,83.25,90.76,970.6873738852101,1941.3747477704203,0.02084103347101518,2.1470386872477623e-05,174.01,7.510000000000005,0.5610155438417905,0.22740186601811274,0.39420870492995164,0.3336136778236778,0.8462847911949775,0.1396614853860001,0.25419937799392756,0.19693043169002067,0.0,0.0,0.0,5.578342441853157,0.27109670924430357,0.2854634703186373,0.4289475855478068
2025-08-01 11:06:42,972.36,972.36,971.097715026356,971.1133458014593,83.25,90.79,971.1055304139077,1942.2110608278153,0.01563077510331823,1.6095856318066868e-05,174.04000000000002,7.540000000000006,0.4207616578813713,0.41555139951367437,0.41815652869752284,0.005210258367696952,0.012460037211157876,-0.1402538859604192,0.18814953349556163,0.023947823767571208,0.0,0.030000000000001137,0.030000000000001137,5.579783525822363,0.3992119598095782,0.3257128681450028,0.2698733533434185
2025-08-01 11:06:43,972.36,972.36,971.413286269767,971.4250093510946,83.25,90.79,971.4191478104308,1942.8382956208616,0.011723081327545515,1.2067994893760567e-05,174.04000000000002,7.540000000000006,0.31557124341100007,0.31166354963522735,0.3136173965231137,0.003907693775772714,0.012460027278676289,-0.10519041447037125,-0.10388784987844701,-0.10453913217440913,0.0,0.0,0.0,5.581585510393273,0.5500478837335627,0.34644723176971687,0.26605918345896595
2025-08-01 11:06:44,973.35,967.42,971.8974647023252,970.4237570133209,83.25,90.79,971.160610857823,1942.321221715646,1.4737076890043,0.0015174706130071606,174.04000000000002,7.540000000000006,0.4841784325582239,-1.0012523377736215,-0.25853695260775567,1.4854307703318455,5.745503727205138,0.16860718914722383,-1.312915887408849,-0.5721543491308694,0.0,0.0,0.0,5.580100007341548,0.443743672802878,0.6312933666952167,0.2773282854393809
2025-08-01 11:06:45,972.36,972.36,972.013098526744,970.9078177599907,83.25,90.79,971.4604581433673,1942.9209162867346,1.1052807667532534,0.001137751677230269,174.04000000000002,7.540000000000006,0.11563382441875092,0.4840607466697975,0.2998472855442742,0.36842692225104656,1.2287111182986783,-0.368544608139473,1.485313084443419,0.5583842381520299,0.0,0.0,0.0,5.581822871532661,0.3096595050948858,0.7095522461533603,0.27966338476563357
2025-08-01 11:06:46,971.38,971.38,971.854823895058,971.025863319993,83.25,90.79,971.4403436075255,1942.880687215051,0.8289605750649116,0.000853331426542535,174.04000000000002,7.540000000000006,-0.15827463168602662,0.11804556000231514,-0.020114535841798897,0.27632019168834177,13.73665577996509,-0.27390845610477754,-0.36601518666748234,-0.3199618213860731,0.0,0.0,0.0,5.58170729732141,0.16985638957188828,0.6558879720136607,0.2815015179415855
2025-08-01 11:06:47,972.36,968.41,971.9811179212935,970.3718974899948,83.25,90.79,971.1765077056441,1942.3530154112882,1.609220431298695,0.0016569803911787543,174.04000000000002,7.540000000000006,0.12629402623554142,-0.653965829998242,-0.26383590188140715,0.7802598562337835,2.9573568013791522,0.28456865792156805,-0.7720113900005572,-0.24372136603960826,0.0,0.0,0.0,5.58019134753765,0.14948657657631664,0.6349038008688818,0.2846541956476164
2025-08-01 11:06:48,968.41,970.39,971.0883384409701,970.3764231174961,83.25,90.79,970.7323807792332,1941.4647615584663,0.7119153234740452,0.0007333795975459188,174.04000000000002,7.540000000000006,-0.8927794803233837,0.004525627501266172,-0.4441269264109451,0.8973051078246499,2.020375334367933,-1.0190735065589251,0.6584914574995082,-0.18029102452953794,0.0,0.0,0.0,5.577639480588333,0.2941930566123377,0.39133326244885536,0.28708999630817367
2025-08-01 11:06:49,968.41,975.33,970.4187538307276,971.6148173381221,83.25,90.79,971.0167855844248,1942.0335711688497,1.1960635073944559,0.0012317639858746812,174.04000000000002,7.540000000000006,-0.6695846102425094,1.2383942206259917,0.2844048051916843,1.907978830868501,6.708649387738617,0.22319487008087435,1.2338685931247255,0.7285317316026294,0.0,0.0,0.0,5.5792736152904565,0.3051100263027509,0.3507712982262902,0.32936304074976014
2025-08-01 11:06:50,970.39,971.38,970.4115653730456,971.5561130035916,83.25,90.79,970.9838391883186,1941.9676783766372,1.1445476305459579,0.0011787504417416228,174.04000000000002,7.540000000000006,-0.007188457681991167,-0.05870433453048918,-0.03294639610624017,0.05151587684849801,1.5635796128587232,0.6623961525605182,-1.2970985551564809,-0.3173512012979245,0.0,0.0,0.0,5.579084311705551,0.26112280334103033,0.3516294044460827,0.27559079130438174
2025-08-01 11:06:51,969.4,973.35,970.1586740297843,972.0045847526936,83.25,90.79,971.081629391239,1942.163258782478,1.845910722909366,0.0019008811052945852,174.04000000000002,7.540000000000006,-0.25289134326135354,0.4484717491020547,0.09779020292035057,0.7013630923634082,7.172046885798692,-0.24570288557936237,0.5071760836325439,0.13073659902659074,0.0,0.0,0.0,5.579646195194166,0.16580531747258126,0.4400101945219744,0.2883823044637543
2025-08-01 11:06:52,969.4,972.36,969.9690055223382,972.0934385645203,83.25,90.79,971.0312220434292,1942.0624440868585,2.1244330421820905,0.0021878112585542223,174.04000000000002,7.540000000000006,-0.189668507446072,0.08885381182665242,-0.05040734780970979,0.2785223192727244,5.525321328208157,0.06322283581528154,-0.35961793727540226,-0.14819755073006036,0.0,0.0,0.0,5.579356564376423,0.13697548674275753,0.5709294010874424,0.2679097444882834
2025-08-01 11:06:53,967.42,970.39,969.3317541417537,971.6675789233901,83.25,90.79,970.4996665325718,1940.9993330651437,2.335824781636461,0.00240682697766928,174.04000000000002,7.540000000000006,-0.6372513805845301,-0.4258596411301596,-0.5315555108574017,0.2113917394543705,0.3976844138610873,-0.4475828731384581,-0.514713452956812,-0.4811481630476919,0.0,0.0,0.0,5.576302349783207,0.23905175849931395,0.5394156485133205,0.30240513377585154
2025-08-01 11:06:54,969.4,972.36,969.3488156063153,971.8406841925427,83.25,90.79,970.594749899429,1941.189499798858,2.4918685862273833,0.002567362520679432,174.04000000000002,7.540000000000006,0.017061464561606954,0.17310526915252922,0.09508336685712493,0.15604380459092226,1.6411089409197603,0.6543128451461371,0.5989649102826888,0.6266388777145266,0.0,0.0,0.0,5.576848680318204,0.26999954155635675,0.5303488314089678,0.259402473682582
2025-08-01 11:06:55,970.39,970.39,969.6091117047364,971.478013144407,83.28,90.79,970.5435624245717,1941.0871248491435,1.8689014396705943,0.0019256234445326273,174.07,7.510000000000005,0.2602960984211222,-0.36267104813566675,-0.05118747485721542,0.622967146556789,12.170066568587691,0.24323463385951527,-0.535776317288196,-0.14627084171434035,0.030000000000001137,0.0,0.030000000000001137,5.575593478767038,0.282156722954392,0.2837981227776738,0.2586249041175979
2025-08-01 11:06:56,970.39,968.41,969.8043337785523,970.7110098583053,83.28,90.79,970.2576718184288,1940.5153436368576,0.9066760797529696,0.0009344693736038533,174.07,7.510000000000005,0.1952220738158985,-0.7670032861017262,-0.2858906061429707,0.9622253599176247,3.36569993396878,-0.06507402460522371,-0.40433223796605944,-0.23470313128575526,0.0,0.0,0.0,5.57395109004698,0.28078064570671624,0.6260813783296327,0.24632569313501015
2025-08-01 11:06:57,972.36,971.38,970.4432503339143,970.878257393729,83.28,90.79,970.6607538638216,1941.3215077276432,0.4350070598146658,0.0004481556070284256,174.07,7.510000000000005,0.638916555362016,0.16724753542371218,0.40308204539280723,0.4716690199383038,1.1701534592670826,0.44369448154611746,0.9342508215254384,0.6889726515357779,0.0,0.0,0.0,5.576266721936893,0.1539511273674404,0.9009424561879409,0.3574113543721355
2025-08-01 11:06:58,971.38,968.41,970.6774377504357,970.2611930452967,83.28,90.79,970.4693153978662,1940.9386307957325,0.41624470513897904,0.00042891073226711886,174.07,7.510000000000005,0.23418741652142216,-0.6170643484322227,-0.19143846595534342,0.8512517649536449,4.446584515400884,-0.4047291388405938,-0.7843118838559349,-0.5945205113481506,0.0,0.0,0.0,5.57516694331418,0.15511751231338677,0.9218271565378089,0.27033961335963014
2025-08-01 11:06:59,972.36,969.4,971.0980783128268,970.0458947839726,83.28,90.79,970.5719865483998,1941.1439730967995,1.0521835288542434,0.0010840860259237327,174.07,7.510000000000005,0.4206405623910996,-0.21529826132416474,0.10267115053352427,0.6359388237152643,6.19387848029558,0.18645314586967743,0.40176608710805795,0.2941096164888677,0.0,0.0,0.0,5.575756770107676,0.15213799763476585,0.5928327965284671,0.27106970918487744
2025-08-01 11:07:00,972.36,965.45,971.4135587346201,968.8969210879795,83.28,90.79,970.1552399112998,1940.3104798225995,2.516637646640561,0.002594056642189138,174.07,7.510000000000005,0.31548042179326785,-1.1489736959930497,-0.4167466371000046,1.4644541177863175,3.514007009078496,-0.10516014059783174,-0.9336754346688849,-0.5194177876335289,0.0,0.0,0.0,5.573362637662648,0.2120718516413881,0.8588155372776856,0.32974137974685636
2025-08-01 11:07:01,972.36,973.35,971.6501690509651,970.0101908159846,83.28,90.83,970.8301799334749,1941.6603598669499,1.6399782349805037,0.0016892534525488566,174.11,7.549999999999997,0.23661031634503615,1.1132697280050934,0.6749400221751785,0.8766594116600572,1.2988681719697333,-0.0788701054482317,2.262243423998143,1.091686659275183,0.0,0.03999999999999204,0.03999999999999204,5.575958729294792,0.25140321038410474,0.8870922416766451,0.43969701824850654
2025-08-01 11:07:02,972.36,967.42,971.8276267882239,969.3626431119885,83.28,90.83,970.5951349501063,1941.1902699002126,2.46498367623542,0.002539662094867672,174.11,7.549999999999997,0.17745773725880554,-0.6475477039961106,-0.23504498336865254,0.8250054412549161,3.5099746416893884,-0.05915257908623062,-1.760817432001204,-0.909985005543831,0.0,0.0,0.0,5.574608749500301,0.24499120490568688,0.906887269479165,0.4274332755841951
2025-08-01 11:07:03,970.39,972.36,971.468220091168,970.1119823339915,83.28,90.83,970.7901012125797,1941.5802024251593,1.3562377571764728,0.0013970453078223592,174.11,7.549999999999997,-0.35940669705598793,0.7493392220029591,0.1949662624733719,1.108745919058947,5.686831240246688,-0.5368644343147935,1.3968869259990697,0.43001124584202444,0.0,0.0,0.0,5.575728537343352,0.2679007546075783,0.6590436108447228,0.42203093433574373
2025-08-01 11:07:04,973.35,970.39,971.9386650683759,970.1814867504936,83.28,90.83,971.0600759094348,1942.1201518188695,1.7571783178823353,0.0018095464530627772,174.11,7.549999999999997,0.4704449772079897,0.06950441650212724,0.2699746968551153,0.4009405607058625,1.4850987158337832,0.8298516742639777,-0.6798348055008319,0.07500843438174343,0.0,0.0,0.0,5.577279135788614,0.33967643599521163,0.5177086053010569,0.43235398484589416
2025-08-01 11:07:05,969.4,969.4,971.303998801282,969.9861150628702,83.28,90.83,970.6450569320762,1941.2901138641523,1.3178837384117514,0.001357740121007214,174.11,7.549999999999997,-0.6346662670939622,-0.19537168762337842,-0.4150189773586135,0.4392945794705838,1.0584902015234678,-1.105111244301952,-0.26487610412550566,-0.6849936742137288,0.0,0.0,0.0,5.574895476177018,0.18259438848539536,0.46259980859383,0.4318405281422704
2025-08-01 11:07:06,976.31,972.36,972.5554991009615,970.5795862971527,83.28,90.83,971.5675426990571,1943.1350853981141,1.9759128038087965,0.0020337369404970934,174.11,7.549999999999997,1.251500299679492,0.5934712342824469,0.9224857669809126,0.6580290653970451,0.7133208723964932,1.8861665667734542,0.7888429219058253,1.337504744339526,0.0,0.0,0.0,5.580193768990083,0.39883165048717356,0.4746252629780647,0.5197654030638196
2025-08-01 11:07:07,981.25,970.39,974.7291243257212,970.5321897228645,83.31,90.83,972.6306570242928,1945.2613140485855,4.196934602856686,0.00431503425090664,174.14,7.519999999999996,2.1736252247596894,-0.0473965742882001,1.0631143252356878,2.2210217990478895,2.0891635613996056,0.9221249250801975,-0.640867808570647,0.14062855825477527,0.030000000000001137,0.0,0.030000000000001137,5.585337380492451,0.8033141746552449,1.1929771433732905,0.5990953529940468
2025-08-01 11:07:08,980.27,969.4,976.1143432442908,970.2491422921483,83.31,90.83,973.1817427682196,1946.3634855364392,5.865200952142459,0.006026830023991243,174.14,7.519999999999996,1.3852189185696488,-0.2830474307161239,0.5510857439268193,1.6682663492857728,3.02723004621448,-0.7884063061900406,-0.23565085642792383,-0.5120285813088685,0.0,0.0,0.0,5.588501993681622,1.064562604412129,1.9405118901282743,0.5886477678417116
2025-08-01 11:07:09,989.16,971.38,979.375757433218,970.5318567191113,83.31,90.83,974.9538070761646,1949.9076141523292,8.84390071410678,0.009071097154395528,174.14,7.519999999999996,3.2614141889272332,0.2827144269629116,1.7720643079450156,2.9786997619643216,1.6809198558367953,1.8761952703575844,0.5657618576790355,1.2209785640181963,0.0,0.0,0.0,5.598678083596455,1.6406898624198079,3.053848215641334,0.8007983109483415
2025-08-01 11:07:10,990.15,965.45,982.0693180749136,969.2613925393334,83.31,90.83,975.6653553071235,1951.330710614247,12.807925535580125,0.013127375542017707,174.14,7.519999999999996,2.6935606416955125,-1.2704641797778322,0.711548230958897,3.9640248214733447,5.5709775922761535,-0.5678535472317208,-1.5531786067407438,-1.0605160769861186,0.0,0.0,0.0,5.6027641535796455,1.6840378248124739,4.218266226088827,0.4718901348661232
2025-08-01 11:07:11,988.17,971.38,983.5944885561852,969.7910444045001,83.31,90.83,976.6927664803427,1953.3855329606854,13.803444151685085,0.014132841576471383,174.14,7.519999999999996,1.5251704812716298,0.5296518651666702,1.0274111732192068,0.9955186161049596,0.96895738833392,-1.1683901604238827,1.8001160449445024,0.31586294226030986,0.0,0.0,0.0,5.608664068402887,1.6975354730007677,4.196444926508728,0.46968348900046664
2025-08-01 11:07:12,995.09,972.36,986.4683664171389,970.4332833033751,83.31,90.86,978.450824860257,1956.901649720514,16.03508311376379,0.016388236066606308,174.17000000000002,7.549999999999997,2.873877860953712,0.6422388988750072,1.758058379914246,2.231638962078705,1.2693763291360267,1.3487073796820823,0.112587033708337,0.7306472066950391,0.0,0.030000000000001137,0.030000000000001137,5.617791923077826,1.9629525523301394,4.0738542511721665,0.5748218315088424
2025-08-01 11:07:13,996.07,971.38,988.8687748128542,970.6699624775314,83.31,90.86,979.7693686451928,1959.5387372903856,18.198812335322827,0.01857458795830005,174.17000000000002,7.549999999999997,2.400408395715317,0.23667917415627926,1.318543784935855,2.163729221559038,1.6409978988042486,-0.47346946523839506,-0.4055597247187279,-0.43951459497839096,0.0,0.0,0.0,5.6253623644705195,1.986217447776766,3.5283601116417573,0.4615329230713884
2025-08-01 11:07:14,992.12,972.36,989.6815811096407,971.0924718581485,83.31,90.86,980.3870264838946,1960.7740529677892,18.58910925149212,0.01896099063978842,174.17000000000002,7.549999999999997,0.812806296786448,0.42250938061715715,0.6176578387018026,0.39029691616929085,0.6318972411851471,-1.587602098928869,0.1858302064608779,-0.7008859462340524,0.0,0.0,0.0,5.628908657374898,2.0003032433083776,2.5734074561533964,0.4660279398864008
2025-08-01 11:07:15,998.05,969.4,991.7736858322305,970.6693538936114,83.31,90.86,981.221519862921,1962.443039725842,21.10433193861911,0.021508223668045126,174.17000000000002,7.549999999999997,2.092104722589852,-0.42311796453714123,0.8344933790264122,2.515222687126993,3.01406785994347,1.279298425803404,-0.8456273451542984,0.2168355403246096,0.0,0.0,0.0,5.633699915193323,1.7757283453512687,2.7597808352312034,0.44401244069392376
2025-08-01 11:07:16,994.1,968.41,992.3552643741729,970.1045154202085,83.31,90.86,981.2298898971907,1962.4597797943813,22.250748953964376,0.022676387216067514,174.17000000000002,7.549999999999997,0.5815785419423491,-0.564838473402915,0.00837003426966021,1.1464170153452642,136.9504625611572,-1.5105261806475028,-0.1417205088657738,-0.826123344756752,0.0,0.0,0.0,5.633747971886333,1.160121166207443,2.4657387108206708,0.6689879787522334
2025-08-01 11:07:17,998.05,972.36,993.7789482806297,970.6683865651564,83.31,90.86,982.2236674228931,1964.4473348457861,23.110561715473295,0.02352881778198316,174.17000000000002,7.549999999999997,1.4236839064568585,0.5638711449479388,0.9937775257023986,0.8598127615089197,0.8651955534068393,0.8421053645145093,1.1287096183508538,0.9854074914327384,0.0,0.0,0.0,5.639453762320946,0.9332459648921699,2.1839624415139345,0.48919161524876253
2025-08-01 11:07:18,997.06,970.39,994.5992112104723,970.5987899238672,83.31,90.86,982.5990005671697,1965.1980011343394,24.000421286605047,0.02442544847727936,174.17000000000002,7.549999999999997,0.8202629298425563,-0.06959664128919485,0.3753331442766239,0.8898595711317512,2.370846310416988,-0.6034209766143022,-0.6334677862371336,-0.6184443814257747,0.0,0.0,0.0,5.641608743902858,0.8825427147914146,2.09498001800592,0.38892667684024834
2025-08-01 11:07:19,998.05,971.38,995.4619084078543,970.7940924429005,83.31,90.86,983.1280004253774,1966.2560008507548,24.667815964953775,0.025091153877409057,174.17000000000002,7.549999999999997,0.8626971973819764,0.19530251903324825,0.528999858207726,0.6673946783487281,1.261613602310373,0.042434267539420034,0.2648991603224431,0.1536667139311021,0.0,0.0,0.0,5.644646005516055,0.8437981510180385,1.4094348603374955,0.38799845917946896
2025-08-01 11:07:20,997.06,970.39,995.8614313058907,970.6930693321754,83.31,90.86,983.2772503190331,1966.5545006380662,25.168361973715378,0.025596404208429385,174.17000000000002,7.549999999999997,0.39952289803648,-0.10102311072512293,0.14924989365567853,0.5005460087616029,3.353722021365992,-0.46317429934549637,-0.2963256297583712,-0.37974996455204746,0.0,0.0,0.0,5.645502926299191,0.8212014141128111,1.1761545411628254,0.3825734035319537
2025-08-01 11:07:21,1001.02,967.42,997.1510734794181,969.8748019991315,83.31,90.86,983.5129377392748,1967.0258754785496,27.276271480286596,0.027733515651813322,174.17000000000002,7.549999999999997,1.2896421735273407,-0.8182673330438774,0.23568742024167477,2.107909506571218,8.94362779643467,0.8901192754908607,-0.7172442223187545,0.08643752658599624,0.0,0.0,0.0,5.646856129599923,0.5259321999260155,1.5627401442391335,0.3330436122848553
2025-08-01 11:07:22,1005.96,970.39,999.3533051095635,970.0036014993485,83.31,90.86,984.6784533044561,1969.3569066089121,29.349703610214988,0.029806383476671718,174.17000000000002,7.549999999999997,2.202231630145434,0.1287995002170419,1.1655155651812947,2.073432129928392,1.7789812619315901,0.9125894566180932,0.9470668332609193,0.92982814493962,0.0,0.0,0.0,5.653547956886421,0.7697717102474595,2.194950985171071,0.40366189373299816
2025-08-01 11:07:23,1001.02,969.4,999.7699788321726,969.8527011245114,83.31,90.86,984.811339978342,1969.622679956684,29.91727770766113,0.030378689260361667,174.17000000000002,7.549999999999997,0.41667372260906177,-0.15090037483707874,0.13288667388587783,0.5675740974461405,4.271081589806182,-1.7855579075363721,-0.27969987505412064,-1.032628891295417,0.0,0.0,0.0,5.654310927967106,0.8013199010624373,2.3728335704072507,0.4344137450436288
2025-08-01 11:07:24,1002.0,969.4,1000.3274841241295,969.7395258433836,83.31,90.86,985.0335049837565,1970.067009967513,30.587958280745852,0.03105270845604135,174.17000000000002,7.549999999999997,0.5575052919568861,-0.11317528112783748,0.22216500541458117,0.6706805730847236,3.018826268371595,0.14083156934782437,0.037725093709241264,0.08927833152870335,0.0,0.0,0.0,5.6555864920949075,0.806419785425785,2.2180808903125757,0.44075992808525494
2025-08-01 11:07:25,994.1,972.36,998.770613093097,970.3946443825378,83.31,90.86,984.5826287378175,1969.165257475635,28.375968710559277,0.028820301977209833,174.17000000000002,7.549999999999997,-1.556871031032415,0.6551185391541594,-0.45087624593907094,2.2119895701865744,4.905968509409966,-2.114376322989301,0.7682938202819969,-0.6730412513536521,0.0,0.0,0.0,5.65299777851995,0.5898515453302359,1.3033141698631296,0.5795425084439182
2025-08-01 11:07:26,1001.02,970.39,999.3329598198228,970.3934832869032,83.31,90.86,984.863221553363,1969.726443106726,28.93947653291957,0.02938425952985724,174.17000000000002,7.549999999999997,0.5623467267257638,-0.0011610956345293744,0.28059281554556037,0.5635078223602932,2.0082688610390838,2.1192177577581788,-0.6562796347886888,0.7314690614846313,0.0,0.0,0.0,5.6546088069056335,0.17355376754053176,0.8567768929340477,0.5793986391029358
2025-08-01 11:07:27,1011.89,972.36,1002.472219864867,970.8851124651775,83.31,90.86,986.6786661650223,1973.3573323300445,31.587107399689557,0.03201357083197848,174.17000000000002,7.549999999999997,3.1392600450442387,0.4916291782742519,1.8154446116592453,2.647630866769987,1.458391730254126,2.576913318318475,0.4927902739087813,1.534851796113685,0.0,0.0,0.0,5.6650322127805595,0.8455190838221844,1.2809657107070729,0.8433129187174401
2025-08-01 11:07:28,1011.89,972.36,1004.8266648986503,971.2538343488832,83.31,90.86,988.0402496237667,1976.0804992475335,33.572830549767104,0.033979213426347764,174.17000000000002,7.549999999999997,2.354445033783236,0.3687218837056889,1.3615834587444624,1.985723150077547,1.4583914624793914,-0.7848150112610028,-0.12290729456856297,-0.4538611529147829,0.0,0.0,0.0,5.6728497671867535,1.477326265794375,2.0925521756835255,0.9214060126220739
2025-08-01 11:07:29,1006.95,971.38,1005.3574986739877,971.2853757616624,83.31,90.86,988.3214372178251,1976.6428744356501,34.07212291232531,0.03447473827317287,174.17000000000002,7.549999999999997,0.5308337753374417,0.031541412779233724,0.2811875940583377,0.49929236255820797,1.7756494150492488,-1.8236112584457942,-0.3371804709264552,-1.0803958646861247,0.0,0.0,0.0,5.674464210503306,1.7376163423034683,2.6006938238770196,0.9149777535962208
2025-08-01 11:07:30,1007.94,970.39,1006.0031240054908,971.0615318212468,83.31,90.86,988.5323279133688,1977.0646558267376,34.94159218424397,0.035346939257568905,174.17000000000002,7.549999999999997,0.6456253315030835,-0.22384394041557698,0.21089069554375328,0.8694692719186605,4.122823659209821,0.11479155616564185,-0.2553853531948107,-0.07029689851458443,0.0,0.0,0.0,5.67567504299072,1.5356642550076567,2.398928037548714,0.7469935766648078
2025-08-01 11:07:31,1017.82,970.39,1008.9573430041181,970.8936488659351,83.35,90.86,989.9254959350267,1979.8509918700533,38.063694138182996,0.038451069556279235,174.20999999999998,7.510000000000005,2.9542189986273115,-0.16788295531171116,1.393168021657857,3.1221019539390227,2.241007304500464,2.308593667124228,0.055960985103865823,1.1822773261141037,0.03999999999999204,0.0,0.03999999999999204,5.6823689240150275,1.1611272375445518,2.36689604545288,0.7226483853107261
2025-08-01 11:07:32,1012.88,971.38,1009.9380072530886,971.0152366494514,83.35,90.86,990.47662195127,1980.95324390254,38.92277060363722,0.03929701085489643,174.20999999999998,7.510000000000005,0.98066424897047,0.12158778351624733,0.5511260162433018,0.8590764654542227,1.5587631165498386,-1.9735547496568415,0.2894707388279585,-0.8420420054145552,0.0,0.0,0.0,5.6855324967897225,1.0746745577317889,2.4234812863683555,0.5781899028730864
2025-08-01 11:07:33,1017.82,964.46,1011.9085054398165,969.3764274870886,83.35,90.86,990.6424664634526,1981.2849329269052,42.532077952727946,0.042933832689034265,174.20999999999998,7.510000000000005,1.970498186727923,-1.6388091623628043,0.1658445121826162,3.6093073490907273,21.76306914543722,0.989833937757453,-1.7603969458790516,-0.3852815040606856,0.0,0.0,0.0,5.686484477222709,1.0878568247403217,3.381808556260565,0.5102441270954693
2025-08-01 11:07:34,1010.9,970.39,1011.6563790798624,969.6298206153164,83.35,90.86,990.6430998475894,1981.2861996951788,42.02655846454604,0.042423510978462704,174.20999999999998,7.510000000000005,-0.2521263599541044,0.253393128227799,0.0006333841367904824,0.5055194881819034,796.8665337999473,-2.2226245466820274,1.8922022905906033,-0.16521112804582572,0.0,0.0,0.0,5.686488112973431,0.8949078444008615,3.104306944776957,0.556465011911109
2025-08-01 11:07:35,1016.83,971.38,1012.9497843098968,970.0673654614873,83.35,90.86,991.508574885692,1983.017149771384,42.88241884840954,0.04324967014037539,174.20999999999998,7.510000000000005,1.2934052300344092,0.4375448461709084,0.8654750381026588,0.8558603838635008,0.9888897510551096,1.5455315899885136,0.18415171794310936,0.8648416539658683,0.0,0.0,0.0,5.691456111556374,0.5682525126086492,2.2257478106305295,0.5589274682982122
2025-08-01 11:07:36,1026.72,972.36,1016.3923382324226,970.6405240961154,83.35,90.89,993.5164311642691,1987.0328623285382,45.75181413630719,0.046050384930867994,174.24,7.540000000000006,3.4425539225258035,0.5731586346281574,2.0078562785770373,2.869395287897646,1.42908329118451,2.1491486924913943,0.13561378845724903,1.1423812404743785,0.0,0.030000000000001137,0.030000000000001137,5.701999686996495,1.2729291072511186,2.4347863801778105,0.7957410700180602
2025-08-01 11:07:37,1033.64,969.4,1020.704253674317,970.3303930720866,83.35,90.89,995.5173233732019,1991.0346467464037,50.373860602230366,0.05060068706885315,174.24,7.540000000000006,4.311915441894371,-0.31013102402880577,2.0008922089327825,4.622046465923177,2.309991580404453,0.8693615193685673,-0.8832896586569632,-0.006964069644254778,0.0,0.0,0.0,5.713483228074602,2.11710064681978,3.4802619664811236,0.965644104620235
2025-08-01 11:07:38,1042.55,971.38,1026.1656902557377,970.592794804065,83.35,90.89,998.3792425299014,1996.7584850598028,55.57289545167271,0.05566311180026882,174.24,7.540000000000006,5.461436581420685,0.2624017319783434,2.861919156699514,5.1990348494423415,1.8166247011719872,1.149521139526314,0.5725327560071491,0.8610269477667316,0.0,0.0,0.0,5.729908383838343,3.12857594520605,5.648189824856275,1.1183854868684717
2025-08-01 11:07:39,1039.58,972.36,1029.5192676918032,971.0345961030488,83.35,90.89,1000.276931897426,2000.553863794852,58.484671588754395,0.058468479743251,174.24,7.540000000000006,3.353577436065507,0.4418012989838189,1.8976893675246629,2.911776137081688,1.5343789413231796,-2.107859145355178,0.17939956700547555,-0.9642297891748512,0.0,0.0,0.0,5.740799622111033,3.54959338171587,6.5194703964298135,0.7095360651467546
2025-08-01 11:07:40,1029.69,969.4,1029.5619507688525,970.6259470772866,83.35,90.89,1000.0939489230695,2000.187897846139,58.93600369156593,0.058930467178708035,174.24,7.540000000000006,0.042683077049332496,-0.40864902576220175,-0.18298297435649147,0.45133210281153424,2.4665116406983483,-3.3108943590161743,-0.8504503247460207,-2.0806723418811544,0.0,0.0,0.0,5.739749444348715,2.9579004018996717,5.6563398737582204,1.1312179231759623
2025-08-01 11:07:41,1033.64,969.4,1030.5814630766395,970.319460307965,83.35,90.89,1000.4504616923023,2000.9009233846045,60.262002768674506,0.0602348692073209,174.24,7.540000000000006,1.019512307786954,-0.3064867693216229,0.35651276923272235,1.3259990771085768,3.7193488486078676,0.9768292307376214,0.10216225644057886,0.5394957435892138,0.0,0.0,0.0,5.741795546088767,2.087437402051938,3.9420706049588587,1.2589483783756585
2025-08-01 11:07:42,1017.82,970.39,1027.3910973074796,970.3370952309737,83.35,90.89,998.8640962692266,1997.7281925384532,57.05400207650598,0.05711888357233452,174.24,7.540000000000006,-3.1903657691598255,0.017634923008699843,-1.5863654230756765,3.2080006921685253,2.0222318409568922,-4.209878076946779,0.32412169233032273,-1.9428781923083989,0.0,0.0,0.0,5.732691061389667,0.9295797156190148,1.8023767043289791,1.7484827573246937
2025-08-01 11:07:43,1024.74,969.4,1026.7283229806096,970.1028214232302,83.38,90.89,998.41557220192,1996.83114440384,56.62550155737938,0.05671536289821815,174.26999999999998,7.510000000000005,-0.6627743268700215,-0.23427380774342055,-0.4485240673066073,0.4285005191266009,0.9553546732621796,2.527591442289804,-0.2519087307521204,1.1378413557690692,0.030000000000001137,0.0,0.030000000000001137,5.729130466935156,0.9175906344159506,1.4697547616565367,1.2727209223368667
2025-08-01 11:07:44,1038.59,968.41,1029.6937422354572,969.6796160674227,83.38,90.89,999.6866791514399,1999.3733583028798,60.01412616803452,0.060032935678349886,174.26999999999998,7.510000000000005,2.965419254847575,-0.4232053558075677,1.27110694951989,3.3886246106551425,2.665882635644801,3.6281935817175963,-0.18893154806414714,1.7196310168264972,0.0,0.0,0.0,5.73642436113511,0.8472508357098111,1.6704273137711454,1.0517065220752624
2025-08-01 11:07:45,1020.79,968.41,1027.4678066765928,969.362212050567,83.38,90.89,998.4150093635799,1996.8300187271598,58.10559462602578,0.05819783759547667,174.26999999999998,7.510000000000005,-2.225935558864421,-0.31740401685567576,-1.2716697878599916,1.9085315420087454,1.5008063094855577,-5.191354813711996,0.10580133895189192,-2.5427767373798815,0.0,0.0,0.0,5.72912723724366,0.8858925775714578,1.6672535425140043,1.17408685439995
2025-08-01 11:07:46,1027.71,969.4,1027.5283550074446,969.3716590379253,83.38,90.89,998.450007022685,1996.90001404537,58.15669596951932,0.05824697831861601,174.26999999999998,7.510000000000005,0.06054833085181599,0.009446987358273873,0.034997659105101775,0.05110134349354212,1.4600943236163308,2.286483889716237,0.32685100421394964,1.3066674469650934,0.0,0.0,0.0,5.7293280615903885,0.5484337327914669,1.3111233266191866,1.1348399755098821
2025-08-01 11:07:47,1043.54,970.39,1031.5312662555834,969.6262442784439,83.38,90.89,1000.5787552670137,2001.1575105340273,61.90502197713954,0.06186921478134962,174.26999999999998,7.510000000000005,4.002911248138844,0.2545852405186224,2.1287482443286763,3.7483260076202214,1.7608114331015514,3.942362917287028,0.24513825316034854,2.0937505852235745,0.0,0.0,0.0,5.741543292164288,0.9862340489640404,2.0377386778904487,1.3581985857712155
2025-08-01 11:07:48,1040.57,971.38,1033.7909496916875,970.064683208833,83.38,90.89,1001.9278164502603,2003.8556329005205,63.7262664828545,0.06360365025599075,174.26999999999998,7.510000000000005,2.259683436104069,0.4384389303891112,1.3490611832465902,1.821244505714958,1.3500078264235649,-1.7432278120347746,0.18385368987048878,-0.7796870610820861,0.0,0.0,0.0,5.749284505083926,1.4905456479739474,2.437880422055768,1.3340207077189359
2025-08-01 11:07:49,1039.58,972.36,1035.2382122687657,970.6385124066247,83.38,90.89,1002.9383623376953,2005.8767246753905,64.59969986214094,0.0644104385908208,174.26999999999998,7.510000000000005,1.4472625770781633,0.5738291977917243,1.0105458874350006,0.873433379286439,0.8643175196980845,-0.8124208590259059,0.13539026740261306,-0.33851529581158957,0.0,0.0,0.0,5.755083241995823,2.0330338470273417,3.0506317667648615,1.311146285815434
2025-08-01 11:07:50,1051.45,972.36,1039.2911592015741,971.0688843049686,83.38,90.89,1005.1800217532714,2010.3600435065428,68.22227489660554,0.0678707031102141,174.26999999999998,7.510000000000005,4.0529469328084815,0.43037189834387846,2.241659415576123,3.622575034464603,1.6160231091619532,2.605684355730318,-0.1434572994478458,1.2311135281411225,0.0,0.0,0.0,5.767946381966633,2.522375897398688,3.691098577436435,0.9008220411844596
2025-08-01 11:07:51,1089.07,972.36,1051.7358694011805,971.3916632287265,83.38,90.89,1011.5637663149535,2023.127532629907,80.34420617245394,0.07942574533458802,174.26999999999998,7.510000000000005,12.444710199606334,0.32277892375793726,6.383744561682079,12.121931275848397,1.8988744395781245,8.391763266797852,-0.10759297458594119,4.142085146105956,0.0,0.0,0.0,5.804577727149686,4.323506852449204,7.401270372154652,2.165400261130836
2025-08-01 11:07:52,974.34,968.41,1032.3869020508853,970.6462474215449,83.38,90.89,1001.516574736215,2003.03314947243,61.74065462934038,0.06164716203918524,174.26999999999998,7.510000000000005,-19.348967350295197,-0.7454158071816437,-10.04719157873842,18.603551543113554,1.8516168966923015,-31.79367754990153,-1.068194730939581,-16.4309361404205,0.0,0.0,0.0,5.746924708723765,4.130265729079509,7.434066750864762,6.11123060805904
2025-08-01 11:07:53,976.31,972.36,1018.3676765381639,971.0746855661587,83.38,90.89,994.7211810521612,1989.4423621043225,47.292990972005214,0.047543966917882784,174.26999999999998,7.510000000000005,-14.019225512721391,0.4284381446137786,-6.795393684053806,14.44766365733517,2.126096323917478,5.329741837573806,1.1738539517954223,3.251797894684614,0.0,0.0,0.0,5.7079312293810185,6.0964033607391475,11.922471067752692,6.773749879936928
2025-08-01 11:07:54,974.34,971.38,1007.360757403623,971.151014174619,83.38,90.89,989.2558857891211,1978.5117715782421,36.20974322900395,0.03660301011352258,174.26999999999998,7.510000000000005,-11.006919134540908,0.07632860846035783,-5.4652952630401614,11.083247743001266,2.027931736830681,3.012306378180483,-0.3521095361534208,1.3300984210136448,0.0,0.0,0.0,5.676570150413445,8.734329067811807,17.351536396932712,6.806762903854334
2025-08-01 11:07:55,976.31,970.39,999.5980680527172,970.9607606309643,83.38,90.89,985.2794143418407,1970.5588286836814,28.637307421752894,0.029065163623475516,174.26999999999998,7.510000000000005,-7.762689350905816,-0.19025354365476232,-3.976471447280346,7.572435807251054,1.9043098896435502,3.2442297836350917,-0.26658215211512015,1.4888238157598153,0.0,0.0,0.0,5.653752273415324,10.411780375390329,20.669467658498007,6.211895262003848
2025-08-01 11:07:56,972.36,969.4,992.7885510395379,970.5705704732233,83.38,90.89,981.6795607563806,1963.3591215127612,22.217980566314623,0.022632620084870797,174.26999999999998,7.510000000000005,-6.809517013179288,-0.3901901577410172,-3.599853585460096,6.419326855438271,1.7832183781439659,0.953172337726528,-0.19993661408625485,0.37661786182025025,0.0,0.0,0.0,5.633095513417601,7.83877099093265,15.672242665572591,2.605331499432391
2025-08-01 11:07:57,976.31,971.38,988.6689132796533,970.7729278549175,83.38,90.89,979.7209205672855,1959.441841134571,17.89598542473584,0.01826641141449461,174.26999999999998,7.510000000000005,-4.11963775988454,0.20235738169424167,-1.9586401890951493,4.321995141578782,2.2066293538815307,2.689879253294748,0.5925475394352588,1.6412133963649467,0.0,0.0,0.0,5.621856400673835,6.024652453487429,11.678144801622636,1.8469070023485685
2025-08-01 11:07:58,969.4,967.42,983.85168495974,969.9346958911881,83.38,90.89,976.8931904254641,1953.7863808509283,13.91698906855197,0.014246172652963792,174.26999999999998,7.510000000000005,-4.8172283199132835,-0.8382319637294131,-2.8277301418213483,3.9789963561838704,1.4071339022779192,-0.6975905600287433,-1.0405893454236548,-0.869089952726199,0.0,0.0,0.0,5.605630256612349,4.826443023378552,8.837878312208552,1.3139256550675404
2025-08-01 11:07:59,975.33,970.39,981.721263719805,970.048521918391,83.38,90.89,975.884892819098,1951.769785638196,11.672741801414077,0.011961187098340185,174.26999999999998,7.510000000000005,-2.1304212399350035,0.11382602720289015,-1.0082976063661135,2.2442472671378937,2.2257764247300833,2.68680707997828,0.9520579909323033,1.8194325354552348,0.0,0.0,0.0,5.599844420836941,3.7847932878956905,6.780317087272669,1.210740849151028
2025-08-01 11:08:00,972.36,969.4,979.3809477898538,969.8863914387932,83.38,90.89,974.6336696143235,1949.267339228647,9.494556351060623,0.009741666676748495,174.26999999999998,7.510000000000005,-2.3403159299512026,-0.1621304795977494,-1.2512232047745329,2.1781854503534532,1.740843441200817,-0.2098946900161991,-0.27595650680063954,-0.24292559840841932,0.0,0.0,0.0,5.592664623983812,2.883117389172122,5.075223732459939,1.084795187181797
2025-08-01 11:08:01,976.31,973.35,978.6132108423903,970.752293579095,83.38,90.93,974.6827522107426,1949.3655044214852,7.860917263295391,0.008065103478439955,174.31,7.550000000000011,-0.7677369474635043,0.8659021403017277,0.049082596419111724,1.633639087765232,33.28279113486355,1.5725789824876983,1.0280326198994771,1.3003058011936446,0.0,0.04000000000000625,0.04000000000000625,5.591662822666971,2.097566153955162,3.931040664787876,1.0753947941200501
2025-08-01 11:08:02,975.33,971.38,977.7924081317927,970.9092201843213,83.38,90.93,974.350814158057,1948.701628316114,6.88318794747147,0.007064383628965194,174.31,7.550000000000011,-0.8208027105976043,0.1569266052263174,-0.3319380526855866,0.9777293158239218,2.9455085441544266,-0.05306576313410005,-0.7089755350754103,-0.38102064910469835,0.0,0.0,0.0,5.589758525433415,1.0730449808973592,2.858349360792367,1.1094215529882423
2025-08-01 11:08:03,967.42,967.42,975.1993060988445,970.0369151382409,83.38,90.93,972.6181106185427,1945.2362212370854,5.162390960603602,0.005307726536176486,174.31,7.550000000000011,-2.5931020329481953,-0.8723050460803279,-1.7327035395143184,1.7207969868678674,0.9931277650777156,-1.772299322350591,-1.0292316513066453,-1.4007654868287318,0.0,0.0,0.0,5.5798181690019195,1.1737982907397446,2.4905201467340126,0.7144605706401299
2025-08-01 11:08:04,976.31,972.36,975.4769795741335,970.6176863536807,83.38,90.93,973.0473329639071,1946.0946659278143,4.8592932204527415,0.004993891921636965,174.31,7.550000000000011,0.27767347528890696,0.5807712154397677,0.42922234536445103,0.3030977401508608,0.7061539019819676,2.8707755082371023,1.4530762615200956,2.1619258848787695,0.0,0.0,0.0,5.582280577027288,0.9642208989379355,1.9253343730460095,0.9019833246110373
2025-08-01 11:08:05,974.34,971.38,975.1927346806001,970.8082647652606,83.38,90.93,973.0004997229303,1946.0009994458605,4.384469915339537,0.0045061332569530195,174.31,7.550000000000011,-0.284244893533355,0.19057841157984967,-0.046833240976866364,0.4748233051132047,10.13837942516763,-0.561918368822262,-0.39019280385991806,-0.4760555863413174,0.0,0.0,0.0,5.58201189915047,0.9147354202369703,1.4757506968153316,0.8318398168107803
2025-08-01 11:08:06,975.33,971.38,975.22705101045,970.9511985739455,83.38,90.93,973.0891247921977,1946.1782495843954,4.275852436504579,0.004394101550588782,174.31,7.550000000000011,0.03431632984995758,0.14293380868491568,0.08862506926743663,0.10861747883495809,1.2255703060371064,0.3185612233833126,-0.047644602894933996,0.135458310244303,0.0,0.0,0.0,5.5825203327960375,0.6588108919681964,1.05260914946006,0.836479876321248
2025-08-01 11:08:07,976.31,970.39,975.4977882578376,970.8108989304591,83.41,90.93,973.1543435941483,1946.3086871882965,4.686889327378481,0.004816182914266428,174.34,7.52000000000001,0.27073724738750116,-0.14029964348640078,0.06521880195055019,0.41103689087390194,6.302332705418994,0.23642091753754357,-0.28323345217131646,-0.023406267316886442,0.030000000000001137,0.0,0.030000000000001137,5.581933796100806,0.21107112859093938,0.35894789006252725,0.8535933257465742
2025-08-01 11:08:08,977.3,972.36,975.9483411933782,971.1981741978443,83.41,90.93,973.5732576956112,1947.1465153912225,4.750166995533846,0.0048791058639984595,174.34,7.52000000000001,0.4505529355405997,0.38727526738523466,0.41891410146297403,0.06327766815536506,0.15105129400773795,0.17981568815309856,0.5275749108716354,0.35369529951242384,0.0,0.0,0.0,5.58433665315633,0.23083427311848864,0.2492399703667206,0.21883835694923878
2025-08-01 11:08:09,976.31,969.4,976.0387558950337,970.7486306483833,83.41,90.93,973.3936932717085,1946.787386543417,5.290125246650405,0.005434723152391559,174.34,7.52000000000001,0.09041470165550436,-0.4495435494610547,-0.17956442390277516,0.539958251116559,3.007027964408765,-0.36013823388509536,-0.8368188168462893,-0.5984785253657492,0.0,0.0,0.0,5.58330668629346,0.2356476183985568,0.3961898977501065,0.2225087423354529
2025-08-01 11:08:10,977.3,969.4,976.3540669212753,970.4114729862874,83.41,90.93,973.3827699537813,1946.7655399075627,5.942593934987826,0.0061050946372976185,174.34,7.52000000000001,0.3153110262416021,-0.33715766209581943,-0.010923317927108656,0.6524686883374216,59.726263249655425,0.22489632458609776,0.11238588736523525,0.1686411059756665,0.0,0.0,0.0,5.5832440310344005,0.19637104939511635,0.6436049327824399,0.21836524148889686
2025-08-01 11:08:11,977.3,971.38,976.5905501909565,970.6536047397155,83.41,90.93,973.622077465336,1947.244154930672,5.936945451240945,0.0060977925445148155,174.34,7.52000000000001,0.23648326968123,0.24213175342811155,0.23930751155467078,0.0056484837468815385,0.023603354975492062,-0.07882775656037211,0.579289415523931,0.25023082948177944,0.0,0.0,0.0,5.584616679366292,0.18495809661081888,0.6112829011789811,0.23052418119569376
2025-08-01 11:08:12,977.3,972.36,976.7679126432174,971.0802035547866,83.41,90.93,973.924058099002,1947.848116198004,5.687709088430779,0.005839992384716937,174.34,7.52000000000001,0.1773624522609225,0.4265988150710882,0.3019806336659485,0.2492363628101657,0.8253361629464873,-0.0591208174203075,0.18446706164297666,0.06267312211127773,0.0,0.0,0.0,5.586348815605445,0.22011269997048147,0.5064655383271935,0.24383397528329498
2025-08-01 11:08:13,976.31,971.38,976.653434482413,971.15515266609,83.41,90.93,973.9042935742515,1947.808587148503,5.498281816323015,0.005645607938022929,174.34,7.52000000000001,-0.11447816080442408,0.07494911130334003,-0.01976452475048518,0.1894272721077641,9.583720872531567,-0.2918406130653466,-0.3516497037677482,-0.3217451584164337,0.0,0.0,0.0,5.586235447906482,0.2634155351290024,0.28269528867673316,0.19956000053299455
2025-08-01 11:08:14,977.3,971.38,976.8150758618096,971.2113644995675,83.41,90.93,974.0132201806886,1948.0264403613771,5.603711362242166,0.005753218991677963,174.34,7.52000000000001,0.1616413793966558,0.056211833477505024,0.10892660643708041,0.10542954591915077,0.967886373047679,0.27611954020107987,-0.018737277825835008,0.1286911311875656,0.0,0.0,0.0,5.586860242020353,0.2611275263127714,0.19961162955468761,0.1449764040358057
2025-08-01 11:08:15,977.3,972.36,976.9363068963573,971.4985233746756,83.41,90.93,974.2174151355165,1948.434830271033,5.437783521681695,0.005581694015748619,174.34,7.52000000000001,0.1212310345476908,0.28715887510816174,0.20419495482792627,0.16592784056047094,0.8125912224867361,-0.040410344848964996,0.2309470416306567,0.09526834839084586,0.0,0.0,0.0,5.58803148759599,0.2149723665401911,0.1952512123595025,0.125583730955293
2025-08-01 11:08:16,975.33,971.38,976.5347301722679,971.4688925310068,83.41,90.93,974.0018113516373,1948.0036227032747,5.065837641261169,0.00520105566234027,174.34,7.52000000000001,-0.40157672408940925,-0.029630843668883244,-0.21560378387914625,0.371945880420526,1.7251281429312544,-0.5228077586371,-0.316789718777045,-0.4197987387070725,0.0,0.0,0.0,5.586794801909158,0.12413198724976297,0.23969694600184105,0.2017355642027206
2025-08-01 11:08:17,976.31,971.38,976.478547629201,971.4466693982552,83.41,90.93,973.9626085137281,1947.9252170274563,5.031878230945836,0.005166397746478286,174.34,7.52000000000001,-0.056182543066938706,-0.02222313275160559,-0.039202837909215305,0.033959410315333116,0.8662266789790642,0.34539418102247055,0.0074077109172776545,0.17640094596993094,0.0,0.0,0.0,5.586569937634267,0.11835455689581971,0.26147706442503216,0.15943325314500684
2025-08-01 11:08:18,975.33,971.38,976.1914107219008,971.4300020486914,83.41,90.93,973.810706385296,1947.621412770592,4.761408673209303,0.004889460176499593,174.34,7.52000000000001,-0.287136907300237,-0.016667349563704192,-0.15190212843208428,0.2704695577365328,1.780539746141301,-0.2309543642332983,0.0055557831879013975,-0.11269929052286898,0.0,0.0,0.0,5.585698639437865,0.14549136840061636,0.3377037856207104,0.17528903525675837
2025-08-01 11:08:19,980.27,972.36,977.2110580414255,971.6625015365186,83.41,90.93,974.436779788972,1948.873559577944,5.548556504906969,0.005694116451982109,174.34,7.52000000000001,1.019647319524779,0.23249948782711272,0.6260734036759459,0.7871478316976663,1.257275216932669,1.306784226825016,0.2491668373908169,0.7779755321080302,0.0,0.0,0.0,5.589289745323404,0.24413933974126795,0.3208906434689181,0.34237371714215226
2025-08-01 11:08:20,980.27,968.41,977.9757935310691,970.8493761523889,83.41,90.93,974.4125848417291,1948.8251696834582,7.12641737868023,0.007313552269569877,174.34,7.52000000000001,0.7647354896436127,-0.8131253841296484,-0.024194947242904163,1.5778608737732611,65.21178352444926,-0.25491182988116634,-1.0456248719567611,-0.65026835091885,0.0,0.0,0.0,5.5891509650830455,0.2829481142433523,0.9487505962696889,0.3376503998824326
2025-08-01 11:08:21,980.27,972.36,978.5493451483019,971.2270321142918,83.41,90.93,974.8881886312968,1949.7763772625935,7.322313034010108,0.007510925982988276,174.34,7.52000000000001,0.573551617232738,0.3776559619028603,0.47560378956768545,0.19589565532987763,0.411887473858164,-0.19118387241087476,1.1907813460325087,0.4997987368105896,0.0,0.0,0.0,5.591878989557289,0.4273662239133659,1.1920282578297379,0.34865113281636356
2025-08-01 11:08:22,980.27,969.4,978.9795088612265,970.7702740857188,83.41,90.93,974.8748914734726,1949.7497829469453,8.209234775507639,0.008420808494389469,174.34,7.52000000000001,0.4301637129245819,-0.4567580285729491,-0.01329715782412677,0.886921741497531,66.69508312560362,-0.14338790430815607,-0.8344139904758094,-0.4889009473918122,0.0,0.0,0.0,5.591802718146552,0.44068604858229526,1.4030532541945042,0.34480113769165704
2025-08-01 11:08:23,982.24,970.39,979.7946316459199,970.6752055642891,83.41,90.93,975.2349186051044,1950.4698372102089,9.119426081630877,0.009351004458826749,174.34,7.52000000000001,0.8151227846934717,-0.0950685214297664,0.3600271316317958,0.9101913061232381,2.528111628382694,0.38495907176888977,0.3616895071431827,0.37332428945592255,0.0,0.0,0.0,5.593867804354919,0.3463740746141212,1.3321753180989049,0.29277659034680104
2025-08-01 11:08:24,982.24,969.4,980.4059737344398,970.3564041732168,83.41,90.93,975.3811889538283,1950.7623779076566,10.049569561223052,0.010303222642317686,174.34,7.52000000000001,0.6113420885199048,-0.31880139107227023,0.14627034872387412,0.930143479592175,6.359027162237131,-0.20378069617356687,-0.22373286964250383,-0.21375678290792166,0.0,0.0,0.0,5.594706799123101,0.3758425622850554,1.230089262443409,0.22337971641534726
2025-08-01 11:08:25,977.3,968.41,979.62948030083,969.8698031299125,83.41,90.96,974.7496417153712,1949.4992834307425,9.759677170917485,0.010012496279280329,174.37,7.549999999999997,-0.7764934336098577,-0.4866010433042902,-0.631547238457074,0.28989239030556746,0.4590186032563391,-1.3878355221297625,-0.16779965223201998,-0.7778175871809481,0.0,0.029999999999986926,0.029999999999986926,5.5901223612160855,0.26833074979020677,1.1263479810706045,0.434027872570678
2025-08-01 11:08:26,979.28,969.4,979.5421102256225,969.7523523474343,83.41,90.96,974.6472312865285,1949.294462573057,9.789757878188198,0.01004441151002026,174.37,7.549999999999997,-0.08737007520744555,-0.11745078247815854,-0.1024104288427452,0.030080707270712992,0.2937241244519937,0.6891233584024121,0.36915026082613167,0.5291368096143287,0.0,0.0,0.0,5.589535044428477,0.3165258337835166,0.7414203551910653,0.3704453693771384
2025-08-01 11:08:27,984.22,967.42,980.711582669217,969.1692642605758,83.41,90.96,974.9404234648964,1949.8808469297928,11.542318408641222,0.011838998690588005,174.37,7.549999999999997,1.1694724435944863,-0.5830880868585382,0.2931921783679172,1.7525605304530245,5.977494224827433,1.2568425188019319,-0.46563730438037965,0.3956026072106624,0.0,0.0,0.0,5.591216481468601,0.3125427703167146,0.9006903510661716,0.4017017319608369
2025-08-01 11:08:28,986.19,971.38,982.0811870019128,969.7219481954319,83.41,90.96,975.9015675986723,1951.8031351973445,12.359238806480903,0.012664431746152352,174.37,7.549999999999997,1.3696043326957579,0.552683934856077,0.9611441337758606,0.8169203978396808,0.8499448929532706,0.20013188910127155,1.1357720217146152,0.6679519554079434,0.0,0.0,0.0,5.59672857717465,0.5176655302113162,1.1830449224607191,0.5812938904885087
2025-08-01 11:08:29,987.18,972.36,983.3558902514345,970.381461146574,83.41,90.96,976.8686756990043,1953.7373513980085,12.97442910486052,0.013281651274461162,174.37,7.549999999999997,1.2747032495217354,0.6595129511421192,0.9671081003319841,0.6151902983796163,0.6361126145627592,-0.09490108317402246,0.10682901628604213,0.005963966556123523,0.0,0.0,0.0,5.602274875819977,0.9496186908154878,1.4694158003587046,0.6913527001464546
2025-08-01 11:08:30,992.12,972.36,985.5469176885758,970.8760958599305,83.41,90.96,978.2115067742532,1956.4230135485063,14.67082182864533,0.01499759685103908,174.37,7.549999999999997,2.191027437141315,0.4946347133565041,1.3428310752489097,1.696392723784811,1.263294759674522,0.9163241876195798,-0.16487823778561506,0.3757229749169255,0.0,0.0,0.0,5.609975919964886,1.4614111225678201,1.799250869677544,0.5834892956352893
2025-08-01 11:08:31,997.06,972.36,988.4251882664319,971.2470718949479,83.45,90.96,979.8361300806898,1959.6722601613797,17.178116371483952,0.01753162169324957,174.41,7.509999999999991,2.8782705778560285,0.3709760350174065,1.6246233064366606,2.507294542838622,1.5433072944340895,0.6872431407147133,-0.1236586783390976,0.281792231187751,0.04000000000000625,0.0,0.04000000000000625,5.6180042684633085,1.9275653646993962,2.2365908130578087,0.5006794938723318
2025-08-01 11:08:32,997.06,965.45,990.5838911998238,969.797803921211,83.45,90.96,980.1908475605173,1960.3816951210347,20.786087278612854,0.021206163380466936,174.41,7.509999999999991,2.1587029333919645,-1.4492679737369372,0.35471747982751367,3.6079709071289017,10.171364370086733,-0.719567644464064,-1.8202440087543437,-1.269905826609147,0.0,0.0,0.0,5.6200380823374765,1.8503870352176073,3.4512781775566803,0.4780497259204557
2025-08-01 11:08:33,1017.82,967.42,997.3929183998679,969.2033529409082,83.45,90.96,983.2981356703881,1966.5962713407762,28.18956545895969,0.02866838083759039,174.41,7.509999999999991,6.809027200044056,-0.5944509803027813,3.107288109870751,7.403478180346838,2.3826164603829825,4.650324266652092,0.8548169934341558,2.7525706300432375,0.0,0.0,0.0,5.637854079654458,2.4205504866132768,6.035691731840582,1.0267806852650028
2025-08-01 11:08:34,1021.78,966.44,1003.4896887999009,968.5125147056812,83.45,90.96,986.0011017527911,1972.0022035055822,34.97717409421978,0.03547376772355315,174.41,7.509999999999991,6.096770400033051,-0.6908382352270337,2.702966082403009,6.787608635260085,2.511169551212485,-0.712256800011005,-0.09638725492425237,-0.4043220274677424,0.0,0.0,0.0,5.653351849661369,3.114059055546993,8.343061054476179,1.101072725771852
2025-08-01 11:08:35,997.06,971.38,1001.8822665999256,969.2293860292609,83.45,90.96,985.5558263145933,1971.1116526291867,32.652880570664706,0.03313143676460834,174.41,7.509999999999991,-1.6074221999753036,0.7168713235797668,-0.4452754381977684,2.3242935235550704,5.219888869401038,-7.704192600008355,1.4077095588068005,-3.148241520600777,0.0,0.0,0.0,5.650798811213775,2.895098107462258,7.612353835302885,1.5113698035569565
2025-08-01 11:08:36,997.06,969.4,1000.6766999499442,969.2720395219457,83.45,90.96,984.974369735945,1969.94873947189,31.40466042799858,0.03188373358845257,174.41,7.509999999999991,-1.2055666499813924,0.042653492684735284,-0.5814565786483854,1.2482201426661277,2.1467088718108216,0.40185554999391115,-0.6742178308950315,-0.13618114045061702,0.0,0.0,0.0,5.647464962378763,2.365194162745314,5.50375421496733,1.7566409812913328
2025-08-01 11:08:37,1002.99,969.4,1001.2550249624583,969.3040296414592,83.45,90.96,985.2795273019588,1970.5590546039175,31.950995320999027,0.03242835601797564,174.41,7.509999999999991,0.5783250125140285,0.031990119513579884,0.30515756601380417,0.5463348930004486,1.7903311715514307,1.7838916624954209,-0.0106633731711554,0.8866141446621896,0.0,0.0,0.0,5.649214618730257,1.0348801551104827,2.451021557726977,1.7615203551893035
2025-08-01 11:08:38,1004.97,970.39,1002.1837687218438,969.5755222310944,83.45,90.96,985.879645476469,1971.759290952938,32.608246490749366,0.033075281153527356,174.41,7.509999999999991,0.9287437593854975,0.27149258963515877,0.6001181745102713,0.6572511697503387,1.0952010828294065,0.350418746871469,0.23950247012157888,0.2949606084964671,0.0,0.0,0.0,5.652655465992853,0.4230809052351124,1.3632046653418475,1.3193570402881138
2025-08-01 11:08:39,1014.86,969.4,1005.3528265413828,969.5316416733208,83.45,90.96,987.4422341073519,1974.8844682147037,35.821184868062005,0.036276739635476125,174.41,7.509999999999991,3.1690578195390344,-0.04388055777360478,1.5625886308828285,3.212938377312639,2.0561626122511774,2.240314060153537,-0.31537314740876354,0.9624704563725572,0.0,0.0,0.0,5.661614749416531,0.963326314229828,1.7186760799003127,0.8683224730594753
2025-08-01 11:08:40,1025.73,971.38,1010.4471199060371,969.9937312549906,83.45,90.96,990.2204255805138,1980.4408511610277,40.45338865104645,0.04085291271029666,174.41,7.509999999999991,5.094293364654277,0.4620895816698294,2.7781914731619963,4.632203782984448,1.6673444434583433,1.9252355451152425,0.5059701394434342,1.2156028422791678,0.0,0.0,0.0,5.677543832939453,2.1561125103169885,3.7693490870305624,1.2844929490771262
2025-08-01 11:08:41,987.18,969.4,1004.6303399295277,969.845298441243,83.45,90.96,987.2378191853854,1974.4756383707709,34.78504148828472,0.0352347132342972,174.41,7.509999999999991,-5.816779976509338,-0.1484328137476041,-2.982606395128414,5.668347162761734,1.90046707857696,-10.911073341163615,-0.6105223954174335,-5.76079786829041,0.0,0.0,0.0,5.660442712716833,1.9114077357970822,3.368987873149673,2.149685691014712
2025-08-01 11:08:42,986.19,973.35,1000.0202549471459,970.7214738309323,83.45,90.96,985.3708643890391,1970.7417287780781,29.298781116213604,0.029733760298104622,174.41,7.509999999999991,-4.6100849823818635,0.8761753896892515,-1.8669547963463629,5.486260372071115,2.9386128920715424,1.2066949941274743,1.0246082034368555,1.1156515987820512,0.0,0.0,0.0,5.649738310528644,1.8886233063587852,4.118782365182706,2.3926954226070047
2025-08-01 11:08:43,998.05,973.35,999.5276912103593,971.3786053731992,83.48,90.96,985.4531482917793,1970.9062965835585,28.1490858371601,0.028564610968456645,174.44,7.47999999999999,-0.49256373678656473,0.6571315422669386,0.08228390274018693,1.1496952790535033,13.972129039073486,4.117521245595299,-0.21904384742231287,1.9492386990865498,0.030000000000001137,0.0,0.030000000000001137,5.649238377909544,1.97263309659211,5.036575301187919,2.3723344453152193
2025-08-01 11:08:44,998.05,972.36,999.1582684077696,971.6239540298994,83.48,90.96,985.3911112188346,1970.7822224376691,27.534314377870146,0.027942523569012417,174.44,7.47999999999999,-0.3694228025897246,0.2453486567002301,-0.06203707294469041,0.6147714592899547,9.909583423683223,0.12314093419684013,-0.4117828855667085,-0.14432097568487734,0.0,0.0,0.0,5.6488827423179995,2.1042258019527336,5.5062458471335285,2.1948238653546506
2025-08-01 11:08:45,993.11,968.41,997.6462013058273,970.8204655224246,83.48,90.96,984.2333334141259,1968.4666668282518,26.825735783402706,0.027255463562785114,174.44,7.47999999999999,-1.512067101942307,-0.8034885074748672,-1.157777804708644,0.7085785944674399,0.6120155176322772,-1.1426442993525825,-1.0488371641750973,-1.0957407317639536,0.0,0.0,0.0,5.642245630428115,1.0779897761987924,3.1877964918367243,1.280964020010168
2025-08-01 11:08:46,984.22,968.41,994.2896509793704,970.2178491418184,83.48,90.96,982.2537500605945,1964.507500121189,24.071801837552016,0.024506703905747718,174.44,7.47999999999999,-3.3565503264568406,-0.6026163806061504,-1.9795833535314387,2.75393394585069,1.3911677675860927,-1.8444832245145335,0.2008721268687168,-0.8218055488227947,0.0,0.0,0.0,5.630897411314476,1.3756405734677122,1.9583293992967379,0.9730300793380112
2025-08-01 11:08:47,993.11,972.36,993.9947382345279,970.7533868563638,83.48,90.96,982.3740625454459,1964.7481250908918,23.24135137816404,0.023658351986904698,174.44,7.47999999999999,-0.294912744842577,0.5355377145453986,0.12031248485141077,0.8304504593879756,6.9023888753085005,3.0616375816142636,1.138154095151549,2.0998958383828494,0.0,0.0,0.0,5.631587118286281,1.563408067415224,2.178090004875643,0.9338267737892776
2025-08-01 11:08:48,992.12,972.36,993.5260536758958,971.1550401422729,83.48,90.96,982.3405469090844,1964.6810938181688,22.371013533622886,0.022773175332362765,174.44,7.47999999999999,-0.4686845586320487,0.40165328590910576,-0.03351563636147148,0.8703378445411545,25.96733858238942,-0.1737718137894717,-0.1338844286362928,-0.15382812121288225,0.0,0.0,0.0,5.631394985540527,1.424314239352179,2.2604934692526704,0.9139186527606346
2025-08-01 11:08:49,996.07,972.36,994.1620402569218,971.4562801067048,83.48,90.96,982.8091601818132,1965.6183203636265,22.70576015021709,0.02310291870185027,174.44,7.47999999999999,0.6359865810260317,0.3012399644318293,0.4686132727288168,0.33474661659420235,0.7143329515870667,1.1046711396580804,-0.10041332147727644,0.5021289090902883,0.0,0.0,0.0,5.6340813720920195,0.8284645258413745,1.786833976893022,1.0199390004320084
2025-08-01 11:08:50,995.09,971.38,994.3940301926914,971.4372100800285,83.48,90.96,982.91562013636,1965.83124027272,22.956820112662854,0.023355840134194034,174.44,7.47999999999999,0.23198993576954763,-0.01907002667621782,0.10645995454672175,0.25105996244576545,2.3582351249310336,-0.40399664525648404,-0.32030999110804714,-0.36215331818209506,0.0,0.0,0.0,5.634691667631669,0.3011577996395436,0.6455672961398914,0.976986068259171
2025-08-01 11:08:51,1004.97,970.39,997.0380226445186,971.1754075600214,83.48,90.96,984.1067151022701,1968.2134302045401,25.86261508449718,0.02628029527827091,174.44,7.47999999999999,2.6439924518272164,-0.2618025200071088,1.1910949659101107,2.9057949718343252,2.4395976940565167,2.412002516057669,-0.24273249333089097,1.084635011363389,0.0,0.0,0.0,5.641519774482632,0.7165594943028232,1.3984856456340053,0.49460636921532186
2025-08-01 11:08:52,1005.96,966.44,999.268516983389,969.991555670016,83.48,90.96,984.6300363267026,1969.2600726534051,29.276961313372908,0.029733971343044396,174.44,7.47999999999999,2.2304943388703578,-1.1838518900053714,0.5233212244324932,3.414346228875729,6.524366956855983,-0.4134981129568587,-0.9220493699982626,-0.6677737414776175,0.0,0.0,0.0,5.644519781484653,0.9631663180770765,2.9461301657042513,0.47611558486220373
2025-08-01 11:08:53,1012.88,965.45,1002.6713877375417,968.8561667525121,83.48,90.96,985.7637772450269,1971.5275544900537,33.81522098502967,0.03430357427540249,174.44,7.47999999999999,3.4028707541527865,-1.135388917503974,1.1337409183242926,4.5382596716567605,4.002903657619413,1.1723764152824288,0.04846297250139742,0.6104196938917994,0.0,0.0,0.0,5.651019098796192,1.2352196555705268,4.68198552590246,0.46507303898339397
2025-08-01 11:08:54,1012.88,973.35,1005.2235408031563,969.9796250643841,83.48,90.99,987.6015829337703,1975.2031658675405,35.243915738772216,0.035686370204460624,174.47,7.509999999999991,2.5521530656145615,1.1234583118720138,1.8378056887434013,1.4286947537425476,0.7773912035979238,-0.850717688538225,2.258847229375988,0.7040647704191088,0.0,0.030000000000001137,0.030000000000001137,5.6605810584810525,1.7770056980390652,5.188532716735517,0.6658342692527249
2025-08-01 11:08:55,1016.83,973.35,1008.1251556023672,970.8222187982881,83.48,90.99,989.4736872003276,1978.9473744006552,37.30293680407908,0.037699776405299194,174.47,7.509999999999991,2.901614799210847,0.842593733903982,1.8721042665573577,2.0590210653068652,1.099842568731848,0.34946173359628574,-0.2808645779680319,0.0342985778139564,0.0,0.0,0.0,5.671311294371619,2.216532858086458,4.652166110609404,0.5609358704390806
2025-08-01 11:08:56,1005.96,972.36,1007.5838667017754,971.206664098716,83.48,90.99,989.3952654002458,1978.7905308004915,36.377202603059345,0.0367671079885109,174.47,7.509999999999991,-0.5412889005917805,0.38444530042795577,-0.07842180008185551,0.9257342010197362,11.804401271740884,-3.4429036998026277,-0.4581484334760262,-1.9505260666392132,0.0,0.0,0.0,5.670861808502229,2.160332250184353,3.1478566178543237,0.8446796487646057
2025-08-01 11:08:57,1006.95,972.36,1007.4254000263315,971.4949980740371,83.48,90.99,989.4601990501843,1978.9203981003686,35.93040195229446,0.03631313513213782,174.47,7.509999999999991,-0.15846667544383308,0.2883339753210521,0.06493364993855266,0.4468006507648852,6.88077399643627,0.3828222251479474,-0.09611132510690368,0.14335545002040817,0.0,0.0,0.0,5.671233985091709,1.6458929999526384,1.3072625483533324,0.9370091481520385
2025-08-01 11:08:58,1012.88,969.4,1008.7890500197486,970.9712485555278,83.48,90.99,989.8801492876382,1979.7602985752765,37.81780146422079,0.03820442449849281,174.47,7.509999999999991,1.3636499934170843,-0.5237495185092484,0.4199502374539179,1.8873995119263327,4.494330159304367,1.5221166688609173,-0.8120834938303005,0.35501658751536525,0.0,0.0,0.0,5.673640990508381,0.8931858703616128,1.0359346523708681,0.959182586289134
2025-08-01 11:08:59,1016.83,970.39,1010.7992875148115,970.8259364166458,83.48,90.99,990.8126119657286,1981.6252239314572,39.97335109816561,0.04034400710596147,174.47,7.509999999999991,2.0102374950628246,-0.1453121388819909,0.93246267809036,2.1555496339448155,2.3116714190511694,0.6465875016457403,0.37843737962725754,0.5125124406364421,0.0,0.0,0.0,5.678985534973021,0.5952868410240715,1.5795313021257975,0.7903866303331781
2025-08-01 11:09:00,998.05,972.36,1007.6119656361086,971.2094523124844,83.48,90.99,989.4107089742965,1978.821417948593,36.40251332362425,0.036792115707510314,174.47,7.509999999999991,-3.1873218787028463,0.38351589583851364,-1.4019029914320527,3.57083777454136,2.5471343232953703,-5.197559373765671,0.5288280347205045,-2.3343656695224126,0.0,0.0,0.0,5.670950325576582,0.6046263132691516,1.6543699941336871,0.8690152403132354
2025-08-01 11:09:01,1004.97,972.36,1006.9514742270815,971.4970892343633,83.48,90.99,989.2242817307224,1978.4485634614448,35.45438499271813,0.03584059309062594,174.47,7.509999999999991,-0.660491409027145,0.2876369218789705,-0.18642724357414409,0.9481283309061155,5.085754780117514,2.5268304696757014,-0.09587897395954315,1.2154757478579086,0.0,0.0,0.0,5.66988179091443,0.6366470099888915,1.825695108385955,0.8723963059222748
2025-08-01 11:09:02,1007.94,968.41,1007.1986056703112,970.7253169257724,83.48,90.99,988.9619612980418,1977.9239225960837,36.47328874453876,0.036880375722223045,174.47,7.509999999999991,0.24713144322970493,-0.7717723085909256,-0.2623204326805535,1.0189037518206305,3.8841803409232614,0.9076228522568499,-1.059409230469896,-0.07589318910640941,0.0,0.0,0.0,5.668378263481765,0.7273605270308429,1.7522468649931626,0.8753707500784218
2025-08-01 11:09:03,1012.88,782.14,1008.6189542527334,923.5789876943293,83.48,92.27,966.0989709735313,1932.1979419470626,85.0399665584041,0.08802407312853862,175.75,8.789999999999992,1.420348582422207,-47.14632923144313,-22.86299032451052,48.56667781386534,2.1242486219114687,1.1732171391925021,-46.37455692285221,-22.600669891829966,0.0,1.2800000000000011,1.2800000000000011,5.497006915940395,10.535453189916423,21.519082548043954,10.15561204392869
2025-08-01 11:09:04,1011.89,648.59,1009.4367156895499,854.831740770747,83.48,95.31,932.1342282301484,1864.2684564602969,154.6049749188029,0.1658612784196236,178.79000000000002,11.829999999999998,0.8177614368165678,-68.74724692358222,-33.964742743382885,69.56500836039879,2.0481534878045906,-0.6025871456056393,-21.60091769213909,-11.101752418872366,0.0,3.0400000000000063,3.0400000000000063,5.213570238920399,25.024091237060016,52.032714106150046,15.730213219810285
2025-08-01 11:09:05,1014.86,450.98,1010.7925367671625,753.8688055780602,83.48,97.9,882.3306711726113,1764.6613423452227,256.9237311891022,0.29118757773258047,181.38,14.420000000000002,1.355821077612518,-100.96293519268681,-49.80355705753709,102.31875627029933,2.0544467154754775,0.5380596407959501,-32.21568826910459,-15.838814314154206,0.0,2.5900000000000034,2.5900000000000034,4.864542211423912,45.27352024045221,93.66695370065409,21.58466492553612
2025-08-01 11:09:06,802.8,281.48,958.7944025753718,635.7716041835452,82.3,100.02,797.2830033794585,1594.566006758917,323.02279839182665,0.4051545017483997,182.32,17.72,-51.998134191790655,-118.09720139451508,-85.04766779315287,66.09906720272443,0.7772002236003207,-53.35395526940317,-17.134266201828268,-35.24411073561578,-1.1800000000000068,2.1199999999999903,3.299999999999997,4.372987050276829,76.29910817533958,118.5843078863675,31.708035707950334
2025-08-01 11:09:07,705.49,182.43,895.4683019315289,522.4362031376588,79.24,101.57,708.9522525345939,1417.9045050691877,373.0320987938701,0.5261737965202302,180.81,22.33,-63.32610064384289,-113.33540104588633,-88.33075084486461,50.009300402043436,0.566159569091802,-11.327966452052237,4.7618003486287535,-3.283083051711742,-3.0600000000000023,1.5499999999999972,4.609999999999999,3.9209791970223695,104.49041638489767,118.50187442416897,29.627075088928567
2025-08-01 11:09:08,589.8,147.52,819.0512264486467,428.7071523532441,76.51,102.51,623.8791894009454,1247.7583788018908,390.3440740954026,0.6256725342041656,179.02,26.0,-76.41707548288218,-93.72905078441471,-85.07306313364847,17.311975301532527,0.2034953775067474,-13.09097483903929,19.60635026147162,3.2576877112161355,-2.7299999999999898,0.9400000000000119,3.6700000000000017,3.4849691985028275,125.43834959309494,96.2031805256637,24.91974958794545
2025-08-01 11:09:09,373.94,156.24,707.773419836485,360.5903642649331,74.25,102.51,534.181892050709,1068.363784101418,347.1830555715519,0.6499341518088378,176.76,28.260000000000005,-111.27780661216173,-68.11678808831101,-89.69729735023634,43.161018523850714,0.48118526775825676,-34.86073112927954,25.6122626961037,-4.624234216587865,-2.260000000000005,0.0,2.260000000000005,3.0220745023118045,137.51709563479946,52.079519301036605,16.77528305423743
2025-08-01 11:09:10,226.1,143.64,587.3550648773637,306.35277319869977,72.54,102.65,446.85391903803173,893.7078380760635,281.00229167866394,0.628845980929848,175.19,30.11,-120.4183549591213,-54.237591066233335,-87.32797301267732,66.18076389288797,0.757841512311743,-9.140548346959577,13.879197022077676,2.3693243375590214,-1.7099999999999937,0.14000000000000057,1.8499999999999943,2.5506816398615793,138.45239433605167,43.02225042581121,2.039185212099301
2025-08-01 11:09:11,147.52,139.77,477.3962986580228,264.70707989902485,71.42,102.72,371.0516892785238,742.1033785570476,212.68921875899792,0.5732064408582704,174.14,31.299999999999997,-109.95876621934093,-41.64569329967492,-75.80222975950795,68.31307291966601,0.9012013529838954,10.459588739780372,12.591897766558418,11.525743253169367,-1.1200000000000045,0.06999999999999318,1.1899999999999977,2.130766550750874,134.8968762287952,73.3696497907377,5.542541174186414
2025-08-01 11:09:12,174.67,143.64,401.7147239935171,234.44030992426863,71.42,102.72,318.0775169588929,636.1550339177858,167.27441406924848,0.5258919748325828,174.14,31.299999999999997,-75.68157466450566,-30.266769974756215,-52.974172319630895,45.414804689749445,0.8573008665133782,34.27719155483527,11.378923324918702,22.828057439877057,0.0,0.0,0.0,1.8265620485375609,123.06386568531516,92.09740366871341,15.040240029415292
2025-08-01 11:09:13,145.58,137.83,337.68104299513783,210.2877324432015,71.32,102.78,273.98438771916966,547.9687754383393,127.39331055193634,0.46496558124161147,174.1,31.460000000000008,-64.03368099837928,-24.15257748106714,-44.093129239723226,39.88110351731214,0.9044743092742258,11.647893666126379,6.114192493689075,8.88104307990767,-0.10000000000000853,0.060000000000002274,0.1600000000000108,1.5737184729778932,103.68877054910267,88.1101472512376,20.511890388673955
2025-08-01 11:09:14,143.64,132.02,289.1707822463534,190.7207993324011,71.26,102.85,239.94579078937724,479.8915815787545,98.44998291395228,0.4103009358062466,174.11,31.58999999999999,-48.51026074878445,-19.56693311080039,-34.03859692979242,28.943327637984055,0.8503090432127139,15.523420249594835,4.585644370266749,10.054532309930806,-0.05999999999998806,0.06999999999999318,0.12999999999998124,1.3781275596533782,81.746151440815,72.13712324458601,22.17131767606603
2025-08-01 11:09:15,144.61,134.92,253.03058668476504,176.7705994993008,71.26,102.85,214.90059309203292,429.80118618406584,76.25998718546424,0.3548616862027161,174.11,31.58999999999999,-36.14019556158834,-13.9501998331003,-25.04519769734432,22.189995728488043,0.8859979909379185,12.370065187196104,5.616733277700092,8.993399232448098,0.0,0.0,0.0,1.2342805804247448,62.35835009005611,54.569723383192596,19.50553729572647
2025-08-01 11:09:16,139.77,133.95,224.71544001357378,166.0654496244756,71.19,102.88,195.3904448190247,390.7808896380494,58.64999038909818,0.30016815890486886,174.07,31.689999999999998,-28.315146671191258,-10.705149874825196,-19.510148273008213,17.60999679636606,0.9026069739368441,7.825048890397085,3.2450499582751036,5.535049424336108,-0.07000000000000739,0.030000000000001137,0.10000000000000853,1.1224820112399765,48.76780770459369,42.996930358622365,13.653079436262841
2025-08-01 11:09:17,134.92,132.02,202.26658001018032,157.5540872183567,71.12,102.95,179.9103336142685,359.820667228537,44.71249279182362,0.24852653899893043,174.07,31.83,-22.448860003393463,-8.511362406118906,-15.480111204756213,13.937497597274557,0.9003486158835663,5.8662866677977945,2.19378746870629,4.030037068252,-0.06999999999999318,0.07000000000000739,0.14000000000000057,1.0335516319912499,37.240939349172166,32.77030519749923,11.536222005793894
2025-08-01 11:09:18,135.89,93.28,185.67243500763524,141.48556541376752,71.12,103.22,163.5790002107014,327.1580004214028,44.186869593867726,0.27012556175808833,174.34,32.099999999999994,-16.594145002545076,-16.06852180458918,-16.3313334035671,0.5256231979558947,0.032184951025256564,5.854715000848387,-7.557159398470276,-0.8512221988108877,0.0,0.269999999999996,0.269999999999996,0.9382757787795435,29.837700938018685,23.072052218116543,7.665022337765677
2025-08-01 11:09:19,132.98,87.47,172.49932625572643,127.98167406032564,71.09,103.22,150.24050015802604,300.4810003160521,44.517652195400785,0.2963092631631747,174.31,32.129999999999995,-13.173108751908813,-13.503891353441873,-13.338500052675357,0.33078260153305905,0.02479908351221464,3.421036250636263,2.564630451147309,2.9928333508917433,-0.030000000000001137,0.0,0.030000000000001137,0.8619155487126986,25.529242119270727,14.04492690852623,4.548677202992788
2025-08-01 11:09:20,130.08,86.51,161.89449469179485,117.61375554524423,71.05,103.22,139.75412511851954,279.5082502370391,44.280739146550616,0.3168474547148469,174.26999999999998,32.17,-10.604831563931583,-10.367918515081413,-10.486375039506498,0.23691304885016962,0.02259246168148277,2.5682771879772304,3.135972838360459,2.852125013168859,-0.04000000000000625,0.0,0.04000000000000625,0.801940232493139,22.36130171839061,6.365175082955621,3.3717018933474794
2025-08-01 11:09:21,99.09,81.67,146.19337101884614,108.62781665893318,70.92,103.22,127.41059383888967,254.82118767777933,37.56555435991295,0.2948385446862915,174.14,32.3,-15.701123672948711,-8.985938886311047,-12.343531279629872,6.715184786637664,0.5440245656196415,-5.096292109017128,1.3819796287703667,-1.8571562401233734,-0.12999999999999545,0.0,0.12999999999999545,0.731656099157193,20.43646318480901,3.074255402853116,2.363084603300782
2025-08-01 11:09:22,94.25,80.7,133.2075282641346,101.64586249419989,70.92,103.22,117.42669537916724,234.85339075833448,31.561665769934706,0.2687776012025668,174.14,32.3,-12.985842754711541,-6.981954164733295,-9.983898459722425,6.003888589978246,0.601357076380772,2.7152809182371698,2.0039847215777513,2.3596328199074463,0.0,0.0,0.0,0.6743235023822427,18.223883638419366,5.755503472715405,2.5392951457604287
2025-08-01 11:09:23,91.34,76.83,122.74064619810096,95.44189687064991,70.92,103.22,109.09127153437544,218.18254306875087,27.29874932745105,0.25023770181843846,174.14,32.3,-10.466882066033634,-6.203965623549976,-8.335423844791805,4.262916442483657,0.5114216157976929,2.5189606886779075,0.7779885411833192,1.6484746149306204,0.0,0.0,0.0,0.6264572809688651,16.57862486214375,7.640742520217513,1.975943663228151
2025-08-01 11:09:24,87.47,75.86,113.92298464857572,90.54642265298745,70.92,103.22,102.23470365078158,204.46940730156317,23.376561995588276,0.22865583732489966,174.14,32.3,-8.81766154952524,-4.895474217662468,-6.856567883593854,3.922187331862773,0.5720335343305073,1.649220516508393,1.3084914058875086,1.4788559611979508,0.0,0.0,0.0,0.5870833987808556,14.85796778138416,8.293294088606347,2.0967575283104583
2025-08-01 11:09:25,83.6,72.96,106.3422384864318,86.14981698974059,70.92,103.22,96.24602773808618,192.49205547617237,20.19242149669121,0.2098000484948916,174.14,32.3,-7.5807461621439245,-4.396605663246859,-5.988675912695399,3.184140498897065,0.5316934851080385,1.2369153873813161,0.4988685544156084,0.8678919708984552,0.0,0.0,0.0,0.5526933914401791,12.322956343318463,6.837607435104006,2.5399871246798673
2025-08-01 11:09:26,80.7,71.99,99.93167886482384,82.60986274230544,70.92,103.22,91.27077080356463,182.54154160712926,17.3218161225184,0.1897849199719585,174.14,32.3,-6.410559621607959,-3.5399542474351477,-4.975256934521553,2.8706053741728113,0.5769761913758675,1.1701865405359655,0.8566514158117116,1.0134189781738456,0.0,0.0,0.0,0.5241229486587899,10.352384453268204,5.646517210266474,1.9729483784170734
2025-08-01 11:09:27,77.8,71.02,94.39875914861788,79.71239705672907,70.92,103.22,87.05557810267348,174.11115620534696,14.68636209188881,0.16870098669457695,174.14,32.3,-5.532919716205953,-2.897465685576364,-4.215192700891151,2.635454030629589,0.6252272653739297,0.8776399054020061,0.6424885618587837,0.760064233630402,0.0,0.0,0.0,0.49991717929686635,8.742477204200377,4.961430805026876,1.6121516017117496
