time,force_left_raw,force_right_raw,force_left,force_right,dis_left,dis_right,force_avg,force_sum,force_diff,force_diff_ratio,total_delta_dis,dis_diff,left_force_rate,right_force_rate,force_rate,force_rate_diff,force_rate_ratio,left_force_acc,right_force_acc,force_acc,left_dis_rate,right_dis_rate,dis_rate_diff,stiffness_ratio,force_std_5s,force_diff_std_5s,force_rate_std_5s
2025-05-30 08:35:17,398.67,317.44,398.67,317.44,0.46,11.84,358.055,716.11,81.23000000000002,0.22686458720904729,12.3,11.379999999999999,0.0,0.0,0.0,0.0,0.0,0.0,0.0,0.0,0.0,0.0,0.0,29.110160234946324,0.0,0.0,0.0
2025-05-30 08:35:18,402.77,327.7,399.695,320.005,0.98,12.34,359.85,719.7,79.69,0.22145338273877063,13.32,11.36,1.0249999999999773,2.5649999999999977,1.795000000000016,1.5400000000000205,0.8579382407029338,1.0249999999999773,2.5649999999999977,1.795000000000016,0.52,0.5,0.020000000000000018,27.01576373755528,0.0,0.0,0.0
2025-05-30 08:35:19,406.88,331.8,401.49125000000004,322.95375,1.48,12.84,362.2225,724.445,78.53750000000002,0.21682115214592929,14.32,11.36,1.7962500000000432,2.948750000000018,2.3725000000000023,1.152499999999975,0.48577429472104494,0.7712500000000659,0.38375000000002046,0.5774999999999864,0.5,0.5,0.0,25.29486555203453,0.0,0.0,0.0
2025-05-30 08:35:20,413.03,337.96,404.3759375,326.7053125,1.98,13.36,365.540625,731.08125,77.67062500000003,0.21248151224646653,15.34,11.379999999999999,2.884687499999984,3.7515624999999773,3.3181249999999523,0.8668749999999932,0.26125439479995805,1.0884374999999409,0.8028124999999591,0.94562499999995,0.5,0.5199999999999996,0.019999999999999574,23.829243883360895,0.0,0.0,0.0
2025-05-30 08:35:21,417.13,298.98,407.564453125,319.773984375,2.48,13.36,363.66921875,727.3384375,87.79046875,0.24140197735280014,15.84,10.879999999999999,3.1885156249999795,-6.931328124999993,-1.87140624999995,10.119843749999973,5.407611705041885,0.30382812499999545,-10.68289062499997,-5.189531249999902,0.5,0.0,0.5,22.958913875699885,2.977814853833401,4.0319593434781655,2.0651274587536523
2025-05-30 08:35:22,417.13,337.96,409.95583984375,324.32048828125,2.98,13.84,367.1381640625,734.276328125,85.63535156250003,0.23325102021992689,16.82,10.86,2.3913867187500273,4.5465039062499955,3.4689453124999545,2.155117187499968,0.6212598850937092,-0.7971289062499523,11.477832031249989,5.3403515624999045,0.5,0.4800000000000004,0.019999999999999574,21.8274757571358,2.8378716692737656,4.547592590597376,2.1734594441822943
2025-05-30 08:35:23,421.24,346.17,412.7768798828125,329.7828662109375,3.48,14.34,371.279873046875,742.55974609375,82.994013671875,0.22353491119046434,17.82,10.86,2.8210400390624955,5.462377929687534,4.141708984375043,2.6413378906250387,0.6377409090906202,0.42965332031246817,0.9158740234375387,0.6727636718750887,0.5,0.5,0.0,20.835008541631115,3.5028942505736946,4.389889889378937,2.4083088691546606
2025-05-30 08:35:24,429.44,352.32,416.94265991210943,335.41714965820313,4.0,14.86,376.1799047851563,752.3598095703126,81.5255102539063,0.2167194711895832,18.86,10.86,4.165780029296911,5.634283447265602,4.900031738281257,1.4685034179686909,0.2996925727650925,1.344739990234416,0.17190551757806816,0.7583227539062136,0.52,0.5199999999999996,4.440892098500626e-16,19.945911179175244,5.007881688000405,3.885684586410772,2.680854860364274
2025-05-30 08:35:25,433.54,354.37,421.0919949340821,340.15536224365235,4.5,15.36,380.6236785888672,761.2473571777344,80.93663269042975,0.2126421371835139,19.86,10.86,4.149335021972661,4.738212585449219,4.44377380371094,0.588877563476558,0.13251741807095935,-0.016445007324250582,-0.8960708618163835,-0.45625793457031705,0.5,0.5,0.0,19.165340353651906,6.8035163085524255,2.885799725784531,2.781511809551159
2025-05-30 08:35:26,439.7,360.53,425.7439962005616,345.2490216827392,5.0,15.86,385.4965089416504,770.9930178833008,80.49497451782236,0.20880856879873244,20.86,10.86,4.652001266479488,5.093659439086878,4.872830352783183,0.44165817260739004,0.09063686810238797,0.5026662445068268,0.35544685363765893,0.4290565490722429,0.5,0.5,0.0,18.48017691569863,7.285311320840539,2.080952363088891,0.5922684720591923
2025-05-30 08:35:27,441.75,370.79,429.7454971504212,351.63426626205444,5.5,16.36,390.6898817062378,781.3797634124757,78.11123088836678,0.1999315424993974,21.86,10.86,4.001500949859633,6.385244579315213,5.193372764587423,2.38374362945558,0.4589971254735893,-0.6505003166198549,1.2915851402283351,0.32054241180424015,0.5,0.5,0.0,17.872363395877148,7.613500823407803,1.78048249704083,0.41536294094959003
2025-05-30 08:35:28,447.91,379.0,434.28662286281593,358.4756996965408,6.01,16.88,396.3811612796784,792.7623225593568,75.81092316627513,0.1912576337641003,22.89,10.87,4.541125712394717,6.841433434486362,5.691279573440568,2.3003077220916452,0.40418104368750757,0.5396247625350838,0.45618885517114904,0.49790680885314487,0.5099999999999998,0.5199999999999996,0.009999999999999787,17.31678217400158,7.988695309023285,2.3778922561581735,0.4606413918337098
2025-05-30 08:35:29,454.06,385.16,439.22996714711195,365.14677477240565,6.51,17.38,402.1883709597588,804.3767419195176,74.0831923747063,0.1842002343670909,23.89,10.87,4.943344284296018,6.671075075864849,5.807209680080405,1.7277307915688311,0.29751474274821893,0.40221857190130095,-0.17035835862151316,0.11593010663983705,0.5,0.5,0.0,16.835008544359575,8.546349443000706,2.9551276127215726,0.5676721848707734
2025-05-30 08:35:30,454.06,385.16,442.93747536033396,370.15008107930424,7.01,17.88,406.5437782198191,813.0875564396382,72.78739428102972,0.17903949833081426,24.89,10.87,3.707508213222013,5.003306306898594,4.3554072600603035,1.2957980936765807,0.29751472567089254,-1.2358360710740044,-1.6677687689662548,-1.4518024200201012,0.5,0.5,0.0,16.333618396392154,8.482265533429434,3.096820413951806,0.5977464336440095
2025-05-30 08:35:31,458.17,393.37,446.7456065202505,375.95506080947814,7.51,18.39,411.3503336648643,822.7006673297286,70.79054571077234,0.1720930791716673,25.9,10.88,3.8081311599165133,5.804979730173898,4.8065554450452055,1.9968485702573844,0.41544265485861864,0.10062294669450011,0.8016734232753038,0.45114818498490195,0.5,0.5100000000000016,0.010000000000001563,15.882251651838327,8.154443345775467,2.8043819902459624,0.6070348439311856
2025-05-30 08:35:32,464.32,399.53,451.13920489018784,381.84879560710857,8.01,18.9,416.4940002486482,832.9880004972964,69.29040928307927,0.1663659238196631,26.909999999999997,10.889999999999999,4.393598369937365,5.8937347976304295,5.143666583783897,1.5001364276930644,0.29164723482956906,0.5854672100208518,0.08875506745653183,0.3371111387386918,0.5,0.509999999999998,0.00999999999999801,15.47729412008005,7.815798879787452,2.586563103921067,0.6069790510682411
2025-05-30 08:35:33,470.48,399.53,455.9744036676409,386.26909670533144,8.51,19.41,421.12175018648617,842.2435003729723,69.70530696230946,0.16552293194526,27.92,10.9,4.8351987774530585,4.420301098222865,4.627749937837962,0.4148976792301937,0.08965428018994248,0.4416004075156934,-1.4734336994075647,-0.5159166459459357,0.5,0.5100000000000016,0.010000000000001563,15.083156701408647,7.563121471609226,2.0490623252634967,0.5590750032110359
2025-05-30 08:35:34,476.64,405.69,461.1408027507307,391.1243225289986,9.03,19.91,426.13256263986466,852.2651252797293,70.01648022173208,0.16430680543086768,28.939999999999998,10.88,5.1663990830898,4.855225823667183,5.010812453378492,0.31117325942261687,0.06210034804085779,0.33120030563674163,0.4349247254443185,0.38306251554053006,0.5199999999999996,0.5,0.019999999999999574,14.724690667421354,7.740239051599284,1.3823352156116566,0.3119701346991936
2025-05-30 08:35:35,482.79,405.69,466.553102063048,394.765741896749,9.53,20.41,430.6594219798985,861.318843959797,71.78736016629904,0.16669172050056313,29.939999999999998,10.88,5.412299312317316,3.641419367750359,4.526859340033866,1.770879944566957,0.3911938543599312,0.24590022922751587,-1.2138064559168242,-0.48395311334462576,0.5,0.5,0.0,14.384081750027281,7.631638353715644,0.9879990336031482,0.25699844034614333
2025-05-30 08:35:36,484.85,374.9,471.127326547286,389.7993064225617,10.03,20.43,430.46331648492384,860.9266329698477,81.32802012472428,0.18893136028384727,30.46,10.4,4.574224484237959,-4.9664354741872785,-0.1961054949746881,9.540659958425238,48.65040272968354,-0.8380748280793568,-8.607854841937638,-4.722964835008554,0.5,0.019999999999999574,0.4800000000000004,14.132084778491103,6.134922781484702,5.066895185293615,2.2611560786940568
2025-05-30 08:35:37,493.05,413.9,476.60799491046447,395.8244798169213,10.53,20.91,436.2162373636929,872.4324747273859,80.78351509354314,0.18519144403375082,31.439999999999998,10.38,5.480668363178495,6.025173394359626,5.752920878769089,0.5445050311811315,0.09464843129377506,0.9064438789405358,10.991608868546905,5.949026373743777,0.5,0.4800000000000004,0.019999999999999574,13.87456181581206,5.63970283894275,5.837436951815552,2.3642120808353453
2025-05-30 08:35:38,497.16,426.22,481.7459961828484,403.42335986269103,11.03,21.41,442.5846780227697,885.1693560455394,78.32263632015736,0.17696644288070326,32.44,10.38,5.138001272383917,7.598880045769704,6.368440659076782,2.4608787733857866,0.38641773060421414,-0.3426670907945777,1.5737066514100775,0.615519780307693,0.5,0.5,0.0,13.643177077052796,6.345507890305593,5.225216703739467,2.605802903953058
2025-05-30 08:35:39,499.21,428.27,486.1119971371363,409.63501989701825,11.53,21.91,447.8735085170773,895.7470170341546,76.47697724011806,0.17075575048539907,33.44,10.38,4.366000954287927,6.211660034327224,5.288830494307604,1.8456590800392974,0.34897294081420244,-0.7720003180959907,-1.38722001144248,-1.0796101647691785,0.5,0.5,0.0,13.393346146044594,7.605958807100627,3.856989909849138,2.627833251250486
2025-05-30 08:35:40,507.42,434.43,491.43899785285225,415.8337649227637,12.03,22.41,453.636381387808,907.272762775616,75.60523293008856,0.16666483524122325,34.44,10.38,5.32700071571594,6.198745025745438,5.762872870730689,0.8717443100294986,0.15126902472341772,0.9609997614280132,-0.012915008581785514,0.47404237642308544,0.5,0.5,0.0,13.1717876950064,9.174318044795344,2.53553942422422,2.705822029711892
2025-05-30 08:35:41,513.58,440.59,496.97424838963923,422.02282369207273,12.54,22.91,459.498536040856,918.997072081712,74.9514246975665,0.1631156982136425,35.45,10.370000000000001,5.535250536786975,6.189058769309042,5.8621546530479804,0.6538082325220671,0.11153034331016523,0.2082498210710355,-0.009686256436395979,0.09928178231729134,0.5099999999999998,0.5,0.009999999999999787,12.961876532552312,9.112856716848698,2.3569110877049346,0.3845871264410143
2025-05-30 08:35:42,513.58,444.69,501.1256862922294,427.68961776905456,13.04,23.41,464.407652030642,928.815304061284,73.43606852317481,0.15812846331007693,36.45,10.370000000000001,4.151437902590146,5.66679407698183,4.909115989786017,1.515356174391684,0.3086820252083128,-1.383812634196829,-0.5222646923272123,-0.9530386632619638,0.5,0.5,0.0,12.740950323448331,8.742559926842848,1.8138049723471703,0.5595920260678078
2025-05-30 08:35:43,521.79,448.8,506.291764719172,432.9672133267909,13.54,23.91,469.6294890229815,939.258978045963,73.32455139238112,0.15613276625535794,37.45,10.370000000000001,5.166078426942647,5.277595557736333,5.22183699233949,0.11151713079368619,0.021355915475984394,1.014640524352501,-0.38919851924549675,0.3127210025534737,0.5,0.5,0.0,12.540172936790615,8.58842356932368,1.3704354803281151,0.39684060599834686
2025-05-30 08:35:44,521.79,409.79,510.166323539379,427.17290999509316,14.04,23.93,468.6696167672361,937.3392335344722,82.99341354428583,0.17708298212218304,37.97,9.89,3.874558820206971,-5.7943033316977335,-0.9598722557453812,9.668862151904705,10.073061306824759,-1.291519606735676,-11.071898889434067,-6.181709248084871,0.5,0.019999999999999574,0.4800000000000004,12.343155238980271,6.668434658131528,3.996112119462349,2.8882647624949023
2025-05-30 08:35:45,530.0,409.79,515.1247426545342,422.8271824963199,14.54,23.93,468.97596257542705,937.9519251508541,92.29756015821431,0.19680658994662906,38.47,9.39,4.958419115155209,-4.345727498773272,0.30634580819094026,9.30414661392848,30.3712862845608,1.0838602949482379,1.4485758329244618,1.2662180639363214,0.5,0.0,0.5,12.190692757596421,4.291908952191559,8.239069331218099,3.1498615386721616
2025-05-30 08:35:46,530.0,452.91,518.8435569909007,430.34788687223994,15.02,24.41,474.5957219315703,949.1914438631406,88.49567011866071,0.18646537640926122,39.43,9.39,3.7188143363664494,7.520704375920047,5.619759356143277,3.801890039553598,0.6765217373366352,-1.2396047787887596,11.866431874693319,5.313413547952337,0.4800000000000004,0.4800000000000004,0.0,12.036411612862256,3.625633329441195,8.627931057561895,3.097535098045171
2025-05-30 08:35:47,530.0,461.12,521.6326677431755,438.04091515417997,15.52,24.92,479.83679144867773,959.6735828973555,83.59175258899552,0.17420871826525539,40.44,9.400000000000002,2.789110752274837,7.69302828194003,5.241069517107405,4.903917529665193,0.9356709690621965,-0.9297035840916124,0.17232390601998304,-0.3786898390358715,0.5,0.5100000000000016,0.010000000000001563,11.865400088607263,4.832842915579731,7.1432977763725845,3.1512545257399704
2025-05-30 08:35:48,536.16,463.18,525.2645008073816,444.325686365635,16.02,25.42,484.7950935865083,969.5901871730166,80.93881444174662,0.16695468940497632,41.44,9.400000000000002,3.6318330642061483,6.284771211455052,4.958302137830572,2.6529381472489035,0.5350496073964641,0.8427223119313112,-1.4082570704849786,-0.2827673792768337,0.5,0.5,0.0,11.69872301852764,6.9850351470003105,4.630769223020115,3.1085107020975657
2025-05-30 08:35:49,544.38,473.44,530.0433756055362,451.6042647742263,16.53,25.92,490.82382018988125,981.6476403797625,78.4391108313099,0.15981113272202974,42.45,9.39,4.778874798154561,7.278578408591272,6.028726603372945,2.499703610436711,0.4146320376190458,1.147041733948413,0.9938071971362206,1.0704244655423736,0.5100000000000016,0.5,0.010000000000001563,11.56239831866862,8.52527230459537,5.627825294456795,2.340561436287889
2025-05-30 08:35:50,546.43,477.55,534.1400317041521,458.0906985806697,17.03,26.42,496.1153651424109,992.2307302848218,76.04933312348237,0.15328961429840546,43.45,9.39,4.096656098615881,6.486433806443415,5.291544952529648,2.389777707827534,0.4516218377892173,-0.6822186995386801,-0.7921446021478573,-0.7371816508432971,0.5,0.5,0.0,11.418074884334546,8.546134423047587,4.814263373775166,0.40982407763099227
2025-05-30 08:35:51,554.64,483.71,539.265023778114,464.4955239355023,17.53,26.92,501.8802738568082,1003.7605477136163,74.76949984261171,0.1489787576607673,44.45,9.39,5.124992073961948,6.40482535483261,5.764908714397279,1.2798332808706618,0.2220040459045538,1.0283359753460672,-0.08160845161080488,0.4733637618676312,0.5,0.5,0.0,11.290894545914817,8.763800272753869,3.587053642363192,0.4313872822534196
2025-05-30 08:35:52,556.69,487.82,543.6212678335855,470.32664295162675,18.03,27.42,506.9739553926062,1013.9479107852123,73.29462488195878,0.14457276149546155,45.45,9.39,4.356244055471507,5.831119016124433,5.093681535797998,1.474874960652926,0.28954983948992136,-0.7687480184904416,-0.5737063387081776,-0.6712271785992812,0.5,0.5,0.0,11.154542227460153,8.76487483502911,3.03062771721748,0.45425301936450524
2025-05-30 08:35:53,564.91,487.82,548.9434508751891,474.69998221372003,18.53,27.92,511.8217165444546,1023.6434330889092,74.24346866146908,0.14505728482500474,46.45,9.39,5.32218304160358,4.373339262093282,4.847761151848431,0.9488437795102982,0.1957282040226557,0.9659389861320733,-1.4577797540311508,-0.24592038394956717,0.5,0.5,0.0,11.018766534460454,8.360907324008862,1.988542655445703,0.48447781153904396
2025-05-30 08:35:54,564.91,498.09,552.9350881563918,480.54748666029,19.03,28.42,516.7412874083409,1033.4825748166818,72.38760149610175,0.1400848028209029,47.45,9.39,3.9916372812026566,5.847504446569985,4.9195708638862925,1.8558671653673287,0.3772416008374471,-1.3305457604009234,1.4741651844767034,0.07180971203786157,0.5,0.5,0.0,10.890227113132008,8.09935996497704,1.3997939000253765,0.36747664017213133
2025-05-30 08:35:55,571.07,502.2,557.4688161172938,485.96061499521755,19.53,28.92,521.7147155562557,1043.4294311125113,71.50820112207629,0.13706379914695327,48.45,9.39,4.53372796090207,5.413128334927535,4.973428147914774,0.8794003740254652,0.17681972495660753,0.5420906796994132,-0.43437611164245027,0.053857284028481445,0.5,0.5,0.0,10.768105361984526,7.816753940014966,1.3299446658871024,0.37160764387353273
2025-05-30 08:35:56,577.23,508.36,562.4091120879704,491.5604612464132,20.03,29.42,526.9847866671918,1053.9695733343835,70.84865084155717,0.13444154840822545,49.45,9.39,4.940295970676516,5.599846251195629,5.270071110936101,0.6595502805191131,0.125150143420326,0.4065680097744462,0.1867179162680941,0.296642963021327,0.5,0.5,0.0,10.656921658448335,7.893209606980679,1.3587592682669838,0.16574198755191724
2025-05-30 08:35:57,581.34,512.47,567.1418340659778,496.7878459348099,20.51,29.92,531.9648400003939,1063.9296800007878,70.35398813116791,0.13225307897954822,50.43000000000001,9.41,4.732721978007476,5.227384688396739,4.980053333202136,0.4946627103892638,0.0993287778190162,-0.2075739926690403,-0.37246156279888964,-0.290017777733965,0.4800000000000004,0.5,0.019999999999999574,10.54857881125947,7.989988031929592,1.5308164671914546,0.1609900870778476
2025-05-30 08:35:58,585.44,520.69,571.7163755494834,502.76338445110747,21.02,30.43,537.2398800002954,1074.4797600005909,68.95299109837589,0.128346747024795,51.45,9.41,4.574541483505527,5.975538516297547,5.275039999901537,1.40099703279202,0.26558979026289475,-0.1581804945019485,0.7481538279008078,0.2949866666994012,0.509999999999998,0.509999999999998,0.0,10.44197997197892,8.103321743284168,1.2878503066769311,0.1740589340737346
2025-05-30 08:35:59,591.61,526.85,576.6897816621125,508.78503833833065,21.52,30.94,542.7374100002216,1085.4748200004433,67.90474332378187,0.125115280331678,52.46,9.420000000000002,4.9734061126291635,6.021653887223181,5.497529999926201,1.0482477745940173,0.19067610070922547,0.3988646291236364,0.04611537092563367,0.22249000002466346,0.5,0.5100000000000016,0.010000000000001563,10.345737698331757,8.270529829397551,1.4636674026523906,0.22292005100664083
2025-05-30 08:36:00,597.77,528.91,581.9598362465844,513.816278753748,22.02,31.45,547.8880575001662,1095.7761150003323,68.14355749283641,0.12437496389203698,53.47,9.43,5.270054584471836,5.031240415417301,5.150647499944512,0.23881416905453534,0.04636584481684357,0.29664847184267273,-0.9904134718058799,-0.34688249998168885,0.5,0.509999999999998,0.00999999999999801,10.246643861109451,8.314501189622789,1.3130303374790355,0.18964953376071222
2025-05-30 08:36:01,601.88,535.07,586.9398771849383,519.129709065311,22.52,31.95,553.0347931251247,1106.0695862502494,67.81016811962729,0.12261465072355858,54.47,9.43,4.980040938353909,5.313430311563025,5.146735624958524,0.33338937320911555,0.06477684744783346,-0.29001364611792724,0.28218989614572365,-0.003911874985988106,0.5,0.5,0.0,10.153016026658872,8.34717332064294,1.0619743956567356,0.1919011935997897
2025-05-30 08:36:02,608.04,539.18,592.2149078887037,524.1422817989832,23.02,32.45,558.1785948438435,1116.357189687687,68.07262608972053,0.12195492015742679,55.47,9.430000000000003,5.275030703765424,5.012572733672187,5.143801718718805,0.26245797009323724,0.05102411279074269,0.2949897654115148,-0.300857577890838,-0.0029339062397184534,0.5,0.5000000000000036,3.552713678800501e-15,10.062711101156165,8.250314481549495,0.4535591632740612,0.15284623445716122
2025-05-30 08:36:03,608.04,543.29,596.1711809165278,528.9292113492373,23.5,32.93,562.5501961328825,1125.100392265765,67.24196956729043,0.11953061239690027,56.43,9.43,3.956273027824068,4.786929550254172,4.371601289039063,0.8306565224301039,0.1900119149705847,-1.318757675941356,-0.22564318341801481,-0.7722004296797422,0.4800000000000004,0.4799999999999969,3.552713678800501e-15,9.968991425906276,7.896254797858421,0.3566647527283367,0.4147489504245799
2025-05-30 08:36:04,610.09,549.45,599.6508856873959,534.059408511928,24.0,33.43,566.855147099662,1133.710294199324,65.59147717546784,0.11571117841190681,57.43,9.43,3.479704770868125,5.130197162690706,4.3049509667794155,1.6504923918225813,0.38339391578794635,-0.47656825695594307,0.34326761243653436,-0.06665032225964751,0.5,0.5,0.0,9.8703663108009,7.510135410836401,1.056567392241393,0.44362300451944375
2025-05-30 08:36:05,622.42,555.62,605.3431642655469,539.4495563839461,24.5,33.93,572.3963603247464,1144.7927206494928,65.89360788160081,0.11511884479680748,58.43,9.43,5.69227857815099,5.390147872018019,5.541213225084448,0.30213070613297077,0.05452427822863432,2.2125738072828653,0.25995070932731323,1.2362622583050324,0.5,0.5,0.0,9.796275038994889,7.501989626763148,1.1228362371996345,0.5396172043680261
2025-05-30 08:36:06,620.36,561.78,609.0973731991602,545.0321672879595,25.0,34.43,577.0647702435599,1154.1295404871198,64.06520591120068,0.11101909023685815,59.43,9.43,3.754208933613313,5.58261090401345,4.668409918813495,1.8284019704001366,0.39165403435926244,-1.938069644537677,0.19246303199543036,-0.8728033062709528,0.5,0.5,0.0,9.709990922658069,7.536955111404042,1.5500241841677767,0.5275727181205606
2025-05-30 08:36:07,630.63,565.89,614.4805298993701,550.2466254659696,25.49,34.93,582.3635776826699,1164.7271553653397,64.23390443340054,0.11029862921493176,60.42,9.440000000000001,5.383156700209952,5.214458178010091,5.298807439109964,0.16869852219986115,0.0318370675480009,1.6289477665966388,-0.368152726003359,0.6303975202964693,0.48999999999999844,0.5,0.010000000000001563,9.638589342007291,7.88477077463758,1.3052280782627086,0.5561647971895975
2025-05-30 08:36:08,632.69,572.06,619.0328974245276,555.6999690994771,25.99,35.43,587.3664332620024,1174.7328665240047,63.33292832505049,0.10782524269475027,61.42,9.440000000000001,4.552367525157479,5.453343633507529,5.002855579332504,0.9009761083500507,0.18009233206326727,-0.8307891750524732,0.23888545549743867,-0.2959518597774604,0.5,0.5,0.0,9.56311337836029,8.064237316304744,1.0815736288038824,0.4920612708257012
2025-05-30 08:36:09,636.8,574.11,623.4746730683958,560.3024768246079,26.49,35.94,591.8885749465019,1183.7771498930038,63.17219624378788,0.10672987925602019,62.42999999999999,9.45,4.441775643868141,4.602507725130749,4.522141684499502,0.16073208126260852,0.03554334581559049,-0.11059188128933783,-0.85083590837678,-0.4807138948330021,0.5,0.509999999999998,0.00999999999999801,9.480835583303962,7.795318136446401,1.081383450617554,0.42434739967757396
2025-05-30 08:36:10,638.85,574.11,627.3185048012969,563.754357618456,26.99,36.44,595.5364312098764,1191.0728624197527,63.564147182840884,0.10673427139792496,63.42999999999999,9.45,3.8438317329010943,3.4518807938480904,3.6478562633744787,0.3919509390530038,0.10744689574022054,-0.5979439109670466,-1.150626931282659,-0.8742854211250233,0.5,0.5,0.0,9.388876270234908,7.365231700432025,0.46009212518063775,0.6253039288342913
2025-05-30 08:36:11,647.07,580.28,632.2563786009727,567.885768213842,27.47,36.94,600.0710734074073,1200.1421468148146,64.37061038713068,0.1072716435310585,64.41,9.469999999999999,4.937873799675799,4.131410595386001,4.534642197530957,0.8064632042897983,0.17784490844371287,1.0940420667747048,0.6795298015379103,0.8867859341564781,0.4800000000000004,0.5,0.019999999999999574,9.316427015851271,6.900229130475808,0.5386339871249308,0.6260047451120548
2025-05-30 08:36:12,649.12,588.5,636.4722839507294,573.0393261603815,27.97,37.44,604.7558050555555,1209.511610111111,63.43295779034793,0.10489020056554976,65.41,9.469999999999999,4.215905349756781,5.153557946539536,4.6847316481481585,0.9376525967827547,0.2001507166376724,-0.721968449919018,1.022147351153535,0.1500894506172017,0.5,0.5,0.0,9.245616814094767,6.798268368202823,0.4674768148581792,0.5031167388327239
2025-05-30 08:36:13,651.18,553.56,640.149212963047,568.1694946202861,28.48,37.47,604.1593537916665,1208.318707583333,71.97971834276098,0.11914028603857652,65.95,8.989999999999998,3.6769290123176006,-4.869831540095447,-0.5964512638889801,8.546760552413048,14.329328715573268,-0.5389763374391805,-10.023389486634983,-5.2811829120371385,0.5100000000000016,0.030000000000001137,0.4800000000000004,9.160869516767201,5.546750803711701,3.7586202775943445,2.2484232994917583
2025-05-30 08:36:14,657.34,588.5,644.4469097222853,573.2521209652145,28.98,37.92,608.84951534375,1217.6990306875,71.1947887570708,0.11693330921014475,66.9,8.940000000000001,4.297696759238306,5.082626344928485,4.690161552083509,0.784929585690179,0.1673565845476912,0.6207677469207056,9.952457885023932,5.286612815972489,0.5,0.45000000000000284,0.04999999999999716,9.100889480461293,5.059577355550289,4.2951862554888995,2.271300038307701
2025-05-30 08:36:15,665.56,598.77,649.725182291714,579.6315907239109,29.46,38.42,614.6783865078124,1229.3567730156249,70.09359156780306,0.11403295282919344,67.88,8.96,5.278272569428623,6.379469758696359,5.828871164062434,1.1011971892677366,0.188921142593777,0.9805758101903166,1.2968434137678742,1.1387096119789248,0.4800000000000004,0.5,0.019999999999999574,9.05536796482682,5.528519830765302,4.007137646879436,2.527642601873752
2025-05-30 08:36:16,667.62,563.84,654.1988867187855,575.6836930429332,29.96,38.46,614.9412898808594,1229.8825797617187,78.51519367585229,0.12767917009343266,68.42,8.5,4.473704427071539,-3.9478976809776896,0.26290337304692457,8.421602108049228,32.03294798959505,-0.8045681423570841,-10.327367439674049,-5.56596779101551,0.5,0.03999999999999915,0.46000000000000085,8.987741609078014,5.193112393243989,5.374669243337959,2.9206279182451165
2025-05-30 08:36:17,667.62,602.89,657.5541650390891,582.4852697821999,30.46,38.91,620.0197174106445,1240.039434821289,75.06889525688916,0.12107501266140439,69.37,8.449999999999996,3.3552783203035688,6.801576739266693,5.078427529785131,3.4462984189631243,0.678615126460968,-1.11842610676797,10.749474420244383,4.815524156738206,0.5,0.44999999999999574,0.05000000000000426,8.93786519349545,6.12656990113774,3.419010871260385,2.9829200803971783
2025-05-30 08:36:18,669.67,609.05,660.5831237793168,589.1264523366499,30.94,39.41,624.8547880579833,1249.7095761159667,71.4566714426669,0.11435724378522141,70.35,8.469999999999995,3.028958740227722,6.641182554449983,4.835070647338853,3.6122238142222614,0.7470879601567791,-0.3263195800758467,-0.16039418481670964,-0.24335688244627818,0.4800000000000004,0.5,0.019999999999999574,8.88208641330344,6.048270363851159,3.4796632921928077,2.210803420772035
2025-05-30 08:36:19,675.84,615.22,664.3973428344876,595.6498392524875,31.45,39.91,630.0235910434876,1260.0471820869752,68.74750358200015,0.10911893530687788,71.36,8.459999999999997,3.814219055170838,6.523386915837591,5.168802985504271,2.709167860666753,0.52413824711955,0.7852603149431161,-0.1177956386123924,0.3337323381654187,0.509999999999998,0.5,0.00999999999999801,8.828805804577941,6.592984853316166,3.9799635126646873,2.250634328703208
2025-05-30 08:36:20,684.06,621.39,669.3130071258657,602.0848794393656,31.95,40.41,635.6989432826157,1271.3978865652314,67.2281276865001,0.10575466310136292,72.36,8.459999999999997,4.915664291378107,6.435040186878155,5.675352239128074,1.5193758955000476,0.2677147714832769,1.1014452362072689,-0.0883467289594364,0.5065492536238025,0.5,0.5,0.0,8.785225739322692,8.149353425388483,4.618007161739939,2.2243447597093193
2025-05-30 08:36:21,682.0,627.55,672.4847553443993,608.4511595795243,32.43,40.89,640.4679574619618,1280.9359149239235,64.03359576487503,0.09997938994270245,73.32,8.46,3.171748218533594,6.366280140158665,4.7690141793460725,3.194531921625071,0.6698514895612274,-1.743916072844513,-0.06876004671948976,-0.9063380597820014,0.4800000000000004,0.480000000000004,3.552713678800501e-15,8.735242072104743,8.183963696787778,4.19118309129103,0.3591052647742026
2025-05-30 08:36:22,692.28,631.67,677.4335665082995,614.2558696846432,32.93,41.39,645.8447180964713,1291.6894361929426,63.17769682365622,0.09782180600940893,74.32,8.46,4.948811163900132,5.804710105118943,5.376760634509537,0.8558989412188112,0.15918484013228631,1.7770629453665379,-0.5615700350397219,0.6077464551634648,0.5,0.5,0.0,8.690052602346862,8.291117899840456,3.404110829361615,0.3778143012499467
2025-05-30 08:36:23,700.5,637.83,683.2001748812246,620.1494022634824,33.43,41.89,651.6747885723535,1303.349577144707,63.050772617742155,0.09675189776654974,75.32,8.46,5.766608372925134,5.893532578839199,5.830070475882167,0.12692420591406517,0.02177060889203933,0.8177972090250023,0.08882247372025631,0.4533098413726293,0.5,0.5,0.0,8.652081517794372,8.455108054692268,2.5863183761691064,0.42024836119234293
2025-05-30 08:36:24,700.5,639.89,687.5251311609185,625.0845516976118,33.91,42.39,656.3048414292651,1312.6096828585303,62.440579463306676,0.09513959889765153,76.3,8.480000000000004,4.324956279693879,4.935149434129357,4.630052856911675,0.6101931544354784,0.13178964506527094,-1.441652093231255,-0.9583831447098419,-1.2000176189704916,0.4799999999999969,0.5,0.020000000000003126,8.601636078999071,8.293556889439065,1.8993410758563085,0.5359480024577827
2025-05-30 08:36:25,706.66,641.95,692.3088483706888,629.3009137732088,34.42,42.89,660.8048810719488,1321.6097621438976,63.007934597480016,0.09535028615393867,77.31,8.469999999999999,4.783717209770316,4.216362075596976,4.500039642683646,0.56735513417334,0.12607778000755832,0.45876093007643703,-0.7187873585323814,-0.13001321422802903,0.5100000000000051,0.5,0.010000000000005116,8.54746957087672,8.096779259703837,0.5732590908066042,0.5632265761919889
2025-05-30 08:36:26,706.66,650.17,695.8966362780166,634.5181853299066,34.92,43.4,665.2074108039616,1330.4148216079232,61.37845094810996,0.09226964381178356,78.32,8.479999999999997,3.5877879073277654,5.217271556697824,4.402529732012795,1.6294836493700586,0.3701243099841064,-1.1959293024425506,1.000909481100848,-0.09750991067085124,0.5,0.509999999999998,0.00999999999999801,8.493455085680626,7.579381426930884,0.7450373492017764,0.6247360697014542
2025-05-30 08:36:27,710.77,656.34,699.6149772085124,639.9736389974299,35.4,43.88,669.7943081029712,1339.5886162059423,59.641338211082484,0.08904425940996386,79.28,8.480000000000004,3.718340930495856,5.455453667523329,4.586897299009593,1.7371127370274735,0.37871184922555456,0.13055302316809048,0.23818211082550533,0.1843675669967979,0.4799999999999969,0.480000000000004,7.105427357601002e-15,8.448464930051795,7.137745910330236,1.433310552436981,0.5879605799506568
2025-05-30 08:36:28,721.05,658.39,704.9737329063844,644.5777292480724,35.9,44.38,674.7757310772283,1349.5514621544567,60.396003658312,0.08950529900117933,80.28,8.480000000000004,5.35875569787197,4.604090250642457,4.981422974257157,0.7546654472295131,0.15149592789721353,1.6404147673761145,-0.8513634168808721,0.3945256752475643,0.5,0.5,0.0,8.405278060188717,7.264396893663656,1.393371905498177,0.21994717672014616
2025-05-30 08:36:29,725.16,662.51,710.0202996797882,649.0607969360542,36.4,44.88,679.5405483079212,1359.0810966158424,60.95950274373399,0.08970693920446435,81.28,8.480000000000004,5.046566773403811,4.483067687981816,4.76481723069287,0.563499085421995,0.11826245160669109,-0.3121889244681597,-0.1210225626606416,-0.21660574356428697,0.5,0.5,0.0,8.360488926518606,7.43955781497499,1.260760371974871,0.22950758094357768
2025-05-30 08:36:30,729.27,666.62,714.8327247598412,653.4505977020407,36.88,45.38,684.1416612309409,1368.2833224618819,61.38212705780052,0.08972136977835474,82.26,8.5,4.8124250800530035,4.389800765986479,4.601112923019741,0.4226243140665247,0.09185260811563509,-0.23414169335080715,-0.09326692199533682,-0.16370430767312882,0.480000000000004,0.5,0.01999999999999602,8.316820482787751,7.529215548108173,0.7404154178719123,0.21744623234039143
2025-05-30 08:36:31,733.39,672.79,719.4720435698808,658.2854482765305,37.38,45.88,688.8787459232057,1377.7574918464113,61.186595293350365,0.0888205588670473,83.26,8.5,4.63931881003964,4.834850574489792,4.737084692264716,0.19553176445015197,0.04127680543534177,-0.17310627001336343,0.4450498085033132,0.1359717692449749,0.5,0.5,0.0,8.273825818512849,7.516639496873072,0.7038701460864009,0.15927583666595738
2025-05-30 08:36:32,735.44,678.96,723.4640326774106,663.4540862073978,37.87,46.37,693.4590594424042,1386.9181188848083,60.00994647001278,0.0865371150125696,84.24,8.5,3.9919891075297755,5.168637930867362,4.580313519198512,1.1766488233375867,0.256892582028075,-0.6473297025098645,0.3337873563775702,-0.15677117306620403,0.4899999999999949,0.4899999999999949,0.0,8.231945052355877,7.3848364816418055,0.5701534884598485,0.16081848863405404
2025-05-30 08:36:33,737.5,683.07,726.973024508058,668.3580646555484,38.37,46.87,697.6655445818033,1395.3310891636065,58.614959852509514,0.08401584430205568,85.24,8.5,3.5089918306473464,4.90397844815061,4.206485139399092,1.394986617503264,0.3316275321669172,-0.4829972768824291,-0.2646594827167519,-0.37382837979941996,0.5,0.5,0.0,8.184720042199475,7.206398332348267,1.1434781667825646,0.22291896580906068
2025-05-30 08:36:34,743.67,641.95,731.1472683810434,661.7560484916614,38.85,46.92,696.4516584363524,1392.9033168727049,69.391219889382,0.0996353716000063,85.77000000000001,8.07,4.174243872985471,-6.602016163887015,-1.2138861454508287,10.776260036872486,8.877480972805147,0.6652520423381247,-11.505994612037625,-5.420371284849921,0.480000000000004,0.05000000000000426,0.4299999999999997,8.119991259372288,5.6006478418557775,4.213784698068019,2.5768387169717104
2025-05-30 08:36:35,745.72,639.89,734.7904512857826,656.2895363687461,39.35,46.92,695.5399938272644,1391.0799876545288,78.50091491703654,0.11286326523398851,86.27000000000001,7.57,3.6431829047392057,-5.466512122915333,-0.9116646090880067,9.109695027654539,9.992364455611645,-0.5310609682462655,1.1355040409716821,0.302221536362822,0.5,0.0,0.5,8.062362185752894,3.4475455181551093,8.37118589429052,3.0591671776042975
2025-05-30 08:36:36,749.83,689.24,738.550338464337,664.5271522765595,39.85,47.35,701.5387453704482,1403.0774907408963,74.02318618777747,0.1055154637869274,87.2,7.5,3.7598871785543224,8.237615907813392,5.998751543183744,4.47772872925907,0.7464433141765481,0.11670427381511672,13.704128030728725,6.91041615227175,0.5,0.4299999999999997,0.07000000000000028,8.045169006023844,2.9995795907086342,8.665232882032209,3.350684406644871
2025-05-30 08:36:37,751.89,695.41,741.8852538482527,672.2478642074196,40.34,47.85,707.0665590278361,1414.1331180556722,69.63738964083302,0.09848774298998315,88.19,7.509999999999998,3.3349153839156997,7.720711930860148,5.527813657387924,4.385796546944448,0.79340513725127,-0.42497179463862267,-0.5169039769532446,-0.47093788579581997,0.490000000000002,0.5,0.00999999999999801,8.017536580227912,4.733716257755844,7.392009156943895,3.5180997738734723
2025-05-30 08:36:38,756.0,701.58,745.4139403861896,679.5808981555647,40.84,48.35,712.4974192708771,1424.9948385417542,65.83304223062487,0.09239758679490584,89.19,7.509999999999998,3.528686537936892,7.333033948145044,5.430860243041025,3.804347410208152,0.7005053600076694,0.19377115402119216,-0.387677982715104,-0.09695341434689908,0.5,0.5,0.0,7.988534715577334,7.188173080486925,4.883834277417987,3.6859102492532485
2025-05-30 08:36:39,751.89,705.7,747.0329552896421,686.1106736166735,41.32,48.83,716.5718144531578,1433.1436289063156,60.922281672968666,0.08501908721380788,90.15,7.509999999999998,1.6190149034525803,6.529775461108784,4.074395182280682,4.910760557656204,1.2052732080922377,-1.9096716344843117,-0.8032584870362598,-1.3564650607603426,0.4799999999999969,0.4799999999999969,0.0,7.948661192506895,8.401862071075744,6.857786027149173,2.850599924570055
2025-05-30 08:36:40,764.23,707.75,751.3322164672317,691.5205052125051,41.82,49.34,721.4263608398684,1442.8527216797368,59.81171125472656,0.0829075764603161,91.16,7.520000000000003,4.299261177589528,5.409831595831633,4.854546386710581,1.110570418242105,0.22876909622559527,2.680246274136948,-1.1199438652771505,0.7801512044298988,0.5,0.5100000000000051,0.010000000000005116,7.913847662637349,7.804168817420012,5.951843717517466,0.7386650436713819
2025-05-30 08:36:41,768.34,720.09,755.5841623504238,698.6628789093788,42.3,49.84,727.1235206299013,1454.2470412598027,56.92128344104492,0.07828282506038539,92.14,7.540000000000006,4.251945883192093,7.142373696873733,5.69715979003297,2.89042781368164,0.5073453111483822,-0.04731529439743554,1.7325421010420996,0.8426134033223889,0.4799999999999969,0.5,0.020000000000003126,7.891507626854718,7.765120825230774,5.069797066411988,0.6632812733275132
2025-05-30 08:36:42,774.51,728.32,760.3156217628177,706.0771591820342,42.81,50.32,733.196390472426,1466.392780944852,54.23846258078356,0.07397535395920365,93.13,7.509999999999998,4.731459412393974,7.414280272655333,6.072869842524597,2.6828208602613586,0.44177143394442153,0.4795135292018813,0.2719065757815997,0.3757100524916268,0.5100000000000051,0.4799999999999969,0.030000000000008242,7.872827043912799,8.239689224841834,4.37466404775747,0.7818758268482137
2025-05-30 08:36:43,770.39,732.44,762.8342163221133,712.6678693865257,43.29,50.82,737.7510428543195,1475.502085708639,50.166346935587626,0.0679990185761008,94.11,7.530000000000001,2.518594559295593,6.590710204491529,4.554652381893561,4.072115645195936,0.8940561012576956,-2.212864853098381,-0.8235700681638036,-1.5182174606310355,0.4799999999999969,0.5,0.020000000000003126,7.8392416854221425,8.567078476705188,4.355814909996972,0.8216526061206143
2025-05-30 08:36:44,778.62,734.5,766.780662241585,718.1259020398943,43.79,51.32,742.4532821407397,1484.9065642814794,48.65476020169069,0.06553241975827816,95.11,7.530000000000001,3.946445919471671,5.458032653368605,4.702239286420195,1.5115867338969338,0.3214609721800715,1.4278513601760778,-1.1326775511229243,0.1475869045266336,0.5,0.5,0.0,7.806258798596161,8.345625830961612,4.6267328502110585,0.6689239702894052
2025-05-30 08:36:45,780.68,738.61,770.2554966811887,723.2469265299208,44.27,51.8,746.7512116055548,1493.5024232111095,47.00857015126792,0.06295077846240947,96.07,7.529999999999994,3.4748344396036828,5.121024490026457,4.29792946481507,1.6461900504227742,0.3830192377236624,-0.47161147986798824,-0.3370081633421478,-0.40430982160512485,0.480000000000004,0.4799999999999969,7.105427357601002e-15,7.772990567633645,7.687087175711979,4.089141591931945,0.7739306893584953
2025-05-30 08:36:46,780.68,699.53,772.8616225108915,717.3176948974406,44.77,51.86,745.089658704166,1490.179317408332,55.54392761345093,0.07454663595184553,96.63,7.089999999999996,2.606125829702819,-5.929231632480196,-1.6615529013887453,8.535357462183015,5.136972959498376,-0.8687086099008638,-11.050256122506653,-5.959482366203815,0.5,0.060000000000002274,0.4399999999999977,7.710748742558391,5.55324553041846,3.6464582852213163,3.0171258267934933
2025-05-30 08:36:47,790.96,695.41,777.3862168831686,711.8407711730804,45.26,51.86,744.6134940281245,1489.226988056249,65.54544571008819,0.08802613187612521,97.12,6.600000000000001,4.524594372277079,-5.4769237243601765,-0.4761646760415488,10.001518096637255,21.004281912509278,1.91846854257426,0.4523079081200194,1.1853882253471966,0.4899999999999949,0.0,0.4899999999999949,7.666942816733749,3.47641433312431,7.515503225723326,3.092149350924131
2025-05-30 08:36:48,795.07,699.53,781.8071626623765,708.7630783798102,45.76,51.86,745.2851205210934,1490.5702410421868,73.04408428256636,0.0980082416424558,97.62,6.100000000000001,4.420945779207955,-3.0776927932702165,0.671626492968926,7.498638572478171,11.16487733301458,-0.10364859306912422,2.39923093108996,1.1477911690104747,0.5,0.0,0.5,7.634553502218192,1.5541000755648304,11.15153904640068,2.857855827467672
2025-05-30 08:36:49,801.24,697.47,786.6653719967824,705.9398087848576,46.24,51.86,746.30259039082,1492.60518078164,80.72556321192474,0.10816733606871637,98.1,5.619999999999997,4.858209334405842,-2.823269594952535,1.0174698697265967,7.681478929358377,7.549581180070992,0.4372635551978874,0.25442319831768145,0.34584337675767074,0.480000000000004,0.0,0.480000000000004,7.607569651205407,0.8876033333344321,13.448462709677091,2.235094002966133
2025-05-30 08:36:50,797.13,695.41,789.2815289975867,703.3073565886432,46.74,51.86,746.294442793115,1492.58888558623,85.97417240894356,0.11520141027979702,98.6,5.119999999999997,2.616157000804378,-2.6324521962144445,-0.00814759770503315,5.248609197018823,644.1119548430905,-2.242052333601464,0.19081739873809056,-1.0256174674316298,0.5,0.0,0.5,7.568909079353001,0.7540360164928538,12.09160666693373,1.0526344045331246
2025-05-30 08:36:51,803.3,695.41,792.78614674819,701.3330174414823,47.22,51.86,747.0595820948362,1494.1191641896723,91.45312930670775,0.12241745019566685,99.08,4.640000000000001,3.504617750603302,-1.9743391471608902,0.7651393017212058,5.478956897764192,7.160721877332975,0.8884607497989236,0.6581130490535543,0.773286899426239,0.4799999999999969,0.0,0.4799999999999969,7.539963408910706,0.9611008137311174,10.278470872159884,0.6169369461164436
2025-05-30 08:36:52,807.41,744.78,796.4421100611426,712.1947630811117,47.73,52.29,754.3184365711271,1508.6368731422542,84.2473469800309,0.1116867131755439,100.02,4.560000000000002,3.655963312952508,10.861745639629362,7.258854476290935,7.205782326676854,0.9926884961703081,0.15134556234920638,12.836084786790252,6.493715174569729,0.509999999999998,0.4299999999999997,0.0799999999999983,7.541675955103491,3.6694091114074583,6.821121823741978,2.9968991462684604
2025-05-30 08:36:53,807.41,755.07,799.1840825458569,722.9135723108337,48.21,52.79,761.0488274283452,1522.0976548566905,76.27051023502315,0.1002176304410463,101.0,4.579999999999998,2.7419724847143243,10.71880922972207,6.73039085721814,7.976836745007745,1.1851964810121465,-0.9139908282381839,-0.14293640990729273,-0.5284636190727952,0.480000000000004,0.5,0.01999999999999602,7.535136830625826,6.552206858149861,5.692565899329677,3.53238544674611
2025-05-30 08:36:54,817.7,765.36,803.8130619093927,733.5251792331253,48.71,53.27,768.669120571259,1537.338241142518,70.28788267626737,0.09144101239892381,101.98,4.560000000000002,4.628979363535791,10.611606922291571,7.620293142913738,5.98262755875578,0.7850914212175318,1.8870068788214667,-0.10720230743049797,0.889902285695598,0.5,0.480000000000004,0.01999999999999602,7.537449627709447,9.507784316965001,8.36036161378984,3.7613550435555076
2025-05-30 08:36:55,817.7,771.53,807.2847964320445,743.0263844248439,49.19,53.77,775.1555904284442,1550.3111808568883,64.2584120072006,0.08289743726002963,102.96000000000001,4.580000000000005,3.4717345226517864,9.501205191718554,6.48646985718517,6.029470669066768,0.9295456345707349,-1.1572448408840046,-1.1104017305730167,-1.1338232857285675,0.4799999999999969,0.5,0.020000000000003126,7.528706127619833,11.156430847548313,10.826925872763262,2.8339265064742474
2025-05-30 08:36:56,821.81,777.7,810.9160973240333,751.6947883186328,49.69,54.26,781.3054428213331,1562.6108856426663,59.221309005400485,0.07579789629488753,103.94999999999999,4.57,3.6313008919888716,8.668403893788991,6.149852392888988,5.037103001800119,0.8190606637264669,0.15956636933708523,-0.8328012979295636,-0.33661746429618233,0.5,0.4899999999999949,0.010000000000005116,7.516165803801514,10.771948506090636,9.847106785961694,0.5910112658827487
2025-05-30 08:36:57,825.92,779.76,814.667072993025,758.7110912389746,50.18,54.76,786.6890821159998,1573.3781642319996,55.95598175405041,0.07112845844054953,104.94,4.579999999999998,3.750975668991714,7.016302920341786,5.3836392946666365,3.2653272513500724,0.6065277530864953,0.11967477700284235,-1.6521009734472045,-0.7662130982223516,0.490000000000002,0.5,0.00999999999999801,7.496560650080419,10.126989656004053,8.223836502927728,0.8175936940313911
2025-05-30 08:36:58,825.92,785.94,817.4803047447688,765.518318429231,50.66,55.26,791.499311587,1582.998623174,51.96198631553773,0.06565007131301352,105.91999999999999,4.600000000000001,2.8132317517437286,6.8072271902564125,4.810229471000184,3.993995438512684,0.8303126976122244,-0.9377439172479853,-0.20907573008537383,-0.5734098236664522,0.4799999999999969,0.5,0.020000000000003126,7.472614276004398,9.060032404476258,7.158499835569114,1.076954707252515
2025-05-30 08:36:59,832.09,794.17,821.1327285585767,772.6812388219233,51.16,55.74,796.90698369025,1593.8139673805,48.45148973665334,0.060799429127209835,106.9,4.580000000000005,3.6524238138079,7.1629203926922855,5.407672103249979,3.5104965788843856,0.6491695248321497,0.8391920620641713,0.355693202435873,0.5974426322497948,0.5,0.480000000000004,0.01999999999999602,7.4546957552437245,8.497575515314916,6.161597814303825,0.6679053361341236
2025-05-30 08:37:00,840.32,800.34,825.9295464189325,779.5959291164426,51.64,56.24,802.7627377676876,1605.525475535375,46.333617302489984,0.0577176979758879,107.88,4.600000000000001,4.796817860355873,6.914690294519232,5.855754077437609,2.1178724341633597,0.36167367080013,1.1443940465479727,-0.2482300981730532,0.4480819741876303,0.480000000000004,0.5,0.01999999999999602,7.441256306325837,8.405432425631066,5.285775902127004,0.5109844964958153
2025-05-30 08:37:01,846.5,802.4,831.0721598141994,785.2969468373319,52.14,56.72,808.1845533257656,1616.3691066515312,45.775212976867465,0.056639554334289154,108.86,4.579999999999998,5.142613395266835,5.701017720889354,5.421815558078038,0.5584043256225186,0.10299210968149494,0.3457955349109625,-1.2136725736298786,-0.43393851935957173,0.5,0.4799999999999969,0.020000000000003126,7.4240726244873505,8.582936572384456,4.258786770840958,0.3719612393689685
2025-05-30 08:37:02,846.5,808.58,834.9291198606495,791.1177101279989,52.63,57.22,813.0234149943242,1626.0468299886484,43.811409732650645,0.053887020805015166,109.85,4.589999999999996,3.8569600464501264,5.820763290666946,4.838861668558593,1.9638032442168196,0.4058398385589645,-1.2856533488167088,0.11974556977759221,-0.5829538895194446,0.490000000000002,0.5,0.00999999999999801,7.4012144523724155,8.593884337982876,3.1017595001792264,0.44224696702102434
2025-05-30 08:37:03,846.5,812.69,837.8218398954871,796.5107825959991,53.11,57.73,817.1663112457431,1634.3326224914863,41.31105729948797,0.05055403860929678,110.84,4.619999999999997,2.8927200348375663,5.393072468000241,4.142896251418961,2.500352433162675,0.6035275029585377,-0.96424001161256,-0.42769082266670466,-0.6959654171396323,0.4799999999999969,0.509999999999998,0.030000000000001137,7.3724855997226415,8.046874550531328,2.702779916673128,0.6610700867901177
2025-05-30 08:37:04,854.72,820.93,842.0463799216154,802.6155869469993,53.61,58.21,822.3309834343074,1644.6619668686149,39.43079297461611,0.04795002708275803,111.82,4.600000000000001,4.224540026128352,6.104804351000212,5.164672188564282,1.8802643248718596,0.3640625952935757,1.3318199912907858,0.7117318829999704,1.0217759371453212,0.5,0.480000000000004,0.01999999999999602,7.354059882670789,7.614896746923078,2.9373650842414123,0.6445924248844394
2025-05-30 08:37:05,867.07,827.1,848.3022849412116,808.7366902102494,54.09,58.71,828.5194875757305,1657.038975151461,39.565594730962175,0.04775457340053347,112.80000000000001,4.619999999999997,6.2559050195961845,6.12110326325012,6.1885041414230955,0.1348017563460644,0.021782603918959607,2.0313649934678324,0.016298912249908426,1.0238319528588136,0.480000000000004,0.5,0.01999999999999602,7.345030853109039,7.923087509016707,2.7628332246175864,0.7522708508575733
2025-05-30 08:37:06,862.95,831.22,851.9642137059086,814.3575176576871,54.58,59.19,833.1608656817979,1666.3217313635957,37.606696048221465,0.04513737688856704,113.77,4.609999999999999,3.661928764696995,5.620827447437705,4.64137810606735,1.9588986827407098,0.4220509977691714,-2.5939762548991894,-0.5002758158124152,-1.5471260353557454,0.4899999999999949,0.4799999999999969,0.00999999999999801,7.323203466279287,8.179120222188319,2.339381257448652,0.7630119369102838
2025-05-30 08:37:07,873.24,837.4,857.2831602794315,820.1181382432654,55.08,59.69,838.7006492613484,1677.4012985226968,37.16502203616608,0.04431261860186354,114.77,4.609999999999999,5.318946573522908,5.760620585578295,5.539783579550544,0.4416740120553868,0.07972765108697076,1.6570178088259127,0.1397931381405897,0.8984054734831943,0.5,0.5,0.0,7.307664389245309,8.528069756289371,1.6698542226058866,0.7909697504917597
2025-05-30 08:37:08,875.3,841.51,861.7873702095737,825.4661036824491,55.56,60.18,843.6267369460114,1687.2534738920228,36.321266527124635,0.04305371664197898,115.74000000000001,4.619999999999997,4.504209930142224,5.3479654391836675,4.926087684663003,0.8437555090414435,0.17128305295607268,-0.8147366433806837,-0.4126551463946271,-0.6136958948875417,0.480000000000004,0.490000000000002,0.00999999999999801,7.288981593718937,8.351576021184407,1.4288701994162494,0.5996935435254293
2025-05-30 08:37:09,877.36,841.51,865.6805276571803,829.4770777618369,56.04,60.68,847.5788027095086,1695.1576054190173,36.2034498953434,0.0427139632762117,116.72,4.640000000000001,3.8931574476065407,4.010974079387779,3.9520657634972167,0.11781663178123836,0.029811397132618638,-0.6110524825356833,-1.3369913597958885,-0.9740219211657859,0.4799999999999969,0.5,0.020000000000003126,7.261641496297697,7.692503704194582,1.358246048291695,0.8549655527418974
2025-05-30 08:37:10,885.59,849.75,870.6578957428852,834.5453083213777,56.54,61.16,852.6016020321315,1705.203204064263,36.112587421507556,0.042355758296816856,117.69999999999999,4.619999999999997,4.9773680857049385,5.06823055954078,5.022799322622859,0.09086247383584123,0.018090003185393142,1.0842106380983978,1.0572564801530007,1.0707335591256424,0.5,0.4799999999999969,0.020000000000003126,7.243853821480695,7.562283973814622,0.665534071880818,0.5821559509349454
2025-05-30 08:37:11,893.82,851.81,876.448421807164,838.8614812410332,57.03,61.66,857.6549515240986,1715.3099030481972,37.58694056613081,0.04382524750252017,118.69,4.6299999999999955,5.790526064278765,4.316172919655514,5.053349491967083,1.474353144623251,0.2917575471891204,0.8131579785738268,-0.7520576398852654,0.030550169344223832,0.490000000000002,0.5,0.00999999999999801,7.226008461522371,7.419034543472846,0.6586940232848216,0.5803386204533275
2025-05-30 08:37:12,897.94,857.98,881.821316355373,843.6411109307749,57.51,62.14,862.7312136430739,1725.4624272861479,38.18020542459817,0.044255041172231085,119.65,4.630000000000003,5.372894548209047,4.779629689741682,5.0762621189753645,0.5932648584673643,0.11687039157795151,-0.4176315160697186,0.46345677008616804,0.02291262700828156,0.4799999999999969,0.480000000000004,7.105427357601002e-15,7.210457220498259,7.642661564771701,0.9419554598572235,0.48084560905585266
2025-05-30 08:37:13,897.94,862.1,885.8509872665298,848.2558331980812,58.01,62.65,867.0534102323055,1734.106820464611,37.595154068448664,0.043359674942073406,120.66,4.640000000000001,4.029670911156813,4.61472226730632,4.322196589231567,0.5850513561495063,0.1353596970224402,-1.3432236370522332,-0.1649074224353626,-0.7540655297437979,0.5,0.509999999999998,0.00999999999999801,7.18592245190107,7.76335675629288,0.9248725955695554,0.5176133031201327
2025-05-30 08:37:14,902.05,862.1,889.9007404498973,851.7168748985608,58.49,63.13,870.808807674229,1741.617615348458,38.18386555133645,0.043848735992312524,121.62,4.640000000000001,4.049753183367443,3.4610417004796545,3.755397441923492,0.5887114828877884,0.1567640536662347,0.020082272210629526,-1.1536805668266652,-0.5667991473080747,0.480000000000004,0.480000000000004,0.0,7.160078938613304,7.258297952911018,0.8465869164831606,0.5897156930320049
2025-05-30 08:37:15,908.23,870.34,894.483055337423,856.3726561739206,58.98,63.63,875.4278557556718,1750.8557115113435,38.11039916350239,0.04353345494937665,122.61,4.650000000000006,4.58231488752574,4.6557812753598,4.61904808144277,0.07346638783405979,0.0159050892377858,0.5325617041582973,1.1947395748801455,0.8636506395192782,0.4899999999999949,0.5,0.010000000000005116,7.139938411350896,6.905443874952409,0.31200852737423923,0.551635037790307
2025-05-30 08:37:16,912.34,870.34,898.9472915030673,859.8644921304406,59.48,64.11,879.4058918167539,1758.8117836335077,39.08279937262671,0.04444227596365514,123.59,4.630000000000003,4.464236165644252,3.4918359565199353,3.9780360610820935,0.9724002091243165,0.24444221966594928,-0.11807872188148849,-1.1639453188398647,-0.6410120203606766,0.5,0.4799999999999969,0.020000000000003126,7.115510030756888,6.599495824363039,0.5360054102279881,0.5226197858705297
2025-05-30 08:37:17,918.52,878.57,903.8404686273004,864.5408690978305,59.96,64.61,884.1906688625654,1768.3813377251308,39.2995995294699,0.04444697379082099,124.57,4.649999999999999,4.893177124233148,4.676376967389956,4.784777045811552,0.21680015684319187,0.04531038948253244,0.42894095858889614,1.1845410108700207,0.8067409847294584,0.480000000000004,0.5,0.01999999999999602,7.097942215337748,6.783543351542409,0.7139812749256826,0.42930673747723025
2025-05-30 08:37:18,922.63,884.75,908.5378514704753,869.5931518233729,60.44,65.1,889.0655016469241,1778.1310032938482,38.944699647102425,0.043804083648680936,125.53999999999999,4.659999999999997,4.697382843174864,5.052282725542341,4.874832784358659,0.3548998823674765,0.07280245810763938,-0.19579428105828356,0.3759057581523848,0.09005573854710747,0.4799999999999969,0.4899999999999949,0.00999999999999801,7.0819300188385705,7.163064088203579,0.542450684353003,0.5037455690210769
2025-05-30 08:37:19,922.63,892.99,912.0608886028565,875.4423638675296,60.93,65.6,893.751626235193,1787.503252470386,36.6185247353269,0.04097170133116931,126.53,4.669999999999995,3.523037132381205,5.8492120441567295,4.686124588268967,2.3261749117755244,0.49639619509958594,-1.1743457107936592,0.7969293186143886,-0.18870819608969214,0.490000000000002,0.5,0.00999999999999801,7.063555039687331,7.326307146693401,1.0987591936385148,0.35483837449204036
2025-05-30 08:37:20,930.87,897.11,916.7631664521423,880.8592729006472,61.43,66.08,898.8112196763948,1797.6224393527896,35.903893551495116,0.03994597833845005,127.50999999999999,4.649999999999999,4.702277849285792,5.416909033117577,5.059593441201741,0.7146311838317843,0.14124277985846767,1.1792407169045873,-0.4323030110391528,0.3734688529327741,0.5,0.480000000000004,0.01999999999999602,7.048946848305608,7.6486720246159905,1.585203295748933,0.414054571913305
2025-05-30 08:37:21,932.93,901.23,920.8048748391067,885.9519546754854,61.91,66.58,903.378414757296,1806.756829514592,34.85292016362132,0.03858064301260104,128.49,4.670000000000002,4.0417083869643875,5.092681774838184,4.567195080901229,1.0509733878737961,0.2301134808441181,-0.6605694623214049,-0.324227258279393,-0.49239836030051265,0.4799999999999969,0.5,0.020000000000003126,7.030729299763146,7.609330057209681,1.9332711335576949,0.18723994008912304
2025-05-30 08:37:22,934.98,901.23,924.34865612933,889.771466006614,62.39,67.06,907.060061067972,1814.120122135944,34.57719012271605,0.03812006676149407,129.45,4.670000000000002,3.5437812902233645,3.8195113311286377,3.681646310676001,0.2757300409052732,0.07489311648775107,-0.497927096741023,-1.273170443709546,-0.8855487702252276,0.480000000000004,0.480000000000004,0.0,7.007030158833078,7.223048489142558,1.7494457487555282,0.5327322539205112
2025-05-30 08:37:23,939.1,909.47,928.0364920969974,894.6960995049606,62.88,67.55,911.3662958009791,1822.7325916019581,33.34039259203689,0.03658286762311296,130.43,4.669999999999995,3.687835967667411,4.924633498346566,4.306234733007045,1.236797530679155,0.2872108280555043,0.14405467744404632,1.105122167217928,0.6245884223310441,0.490000000000002,0.4899999999999949,7.105427357601002e-15,6.987397752155036,6.88513825950618,1.262357192778344,0.5127410424383334
2025-05-30 08:37:24,947.34,913.59,932.8623690727482,899.4195746287205,63.38,68.05,916.1409718507343,1832.2819437014687,33.44279444402764,0.03650398294049057,131.43,4.669999999999995,4.8258769757507025,4.723475123759954,4.774676049755271,0.10240185199074858,0.021446864557257802,1.1380410080832917,-0.2011583745866119,0.4684413167482262,0.5,0.5,0.0,6.970562009283818,6.748706018239406,1.0647173831137156,0.5239049989276705
2025-05-30 08:37:25,947.34,876.52,936.4817768045612,893.6946809715404,63.86,68.12,915.0882288880507,1830.1764577761014,42.78709583302077,0.046757344740687164,131.98000000000002,4.260000000000005,3.6194077318129985,-5.724893657180132,-1.0527429626836238,9.34430138899313,8.876138662598374,-1.206469243937704,-10.448368780940086,-5.827419012438895,0.4799999999999969,0.07000000000000739,0.4099999999999895,6.933537065877508,5.3878568812566305,3.962884649966235,2.4431046534071696
2025-05-30 08:37:26,951.45,870.34,940.2238326034208,887.8560107286553,64.34,68.12,914.039921666038,1828.079843332076,52.36782187476547,0.05729270743669591,132.46,3.780000000000001,3.74205579885961,-5.838670242885087,-1.0483072220126814,9.580726041744697,9.139226270066208,0.12264806704661169,-0.11377658570495441,0.004435740670942323,0.480000000000004,0.0,0.480000000000004,6.900497620153558,3.63728436431693,8.292413243917514,2.9312701332762847
2025-05-30 08:37:27,955.57,915.65,944.0603744525656,894.8045080464915,64.83,68.51,919.4324412495286,1838.864882499057,49.25586640607412,0.05357203437977705,133.34,3.680000000000007,3.836541849144851,6.9484973178362,5.392519583490525,3.111955468691349,0.5770873602631685,0.09448605028524071,12.787167560721286,6.440826805503207,0.4899999999999949,0.39000000000000057,0.09999999999999432,6.895398487731589,2.951848081306999,8.78476382075586,3.2408530481958384
2025-05-30 08:37:28,957.63,882.69,947.4527808394242,891.7758810348686,65.31,68.58,919.6143309371464,1839.2286618742928,55.67689980455566,0.06054374955996342,133.89,3.269999999999996,3.3924063868586245,-3.028627011622916,0.18188968761785418,6.421033398481541,35.30160605017834,-0.44413546228622636,-9.977124329459116,-5.210629895872671,0.480000000000004,0.06999999999999318,0.4100000000000108,6.868431728050749,2.540312900376042,8.807745460359552,3.182415817920832
2025-05-30 08:37:29,965.87,878.57,952.0570856295682,888.4744107761514,65.81,68.58,920.2657482028599,1840.5314964057197,63.582674853416734,0.06909164543882293,134.39,2.769999999999996,4.604304790143942,-3.3014702587171314,0.6514172657134623,7.905775048861074,12.136250186663583,1.2118984032853177,-0.27284324709421526,0.4695275780956081,0.5,0.0,0.5,6.847724840800172,2.8924858350580167,7.705952367045895,2.6618205967463933
2025-05-30 08:37:30,967.92,870.34,956.0228142221762,883.9408080821136,66.29,68.58,919.9818111521449,1839.9636223042899,72.08200614006262,0.07835155563721277,134.87,2.289999999999992,3.965728592608002,-4.5336026940378815,-0.2839370507149397,8.499331286645884,29.93375232817531,-0.6385761975359401,-1.2321324353207501,-0.9353543164284019,0.480000000000004,0.0,0.480000000000004,6.821248641884009,2.6066220568487277,9.237000170057472,2.5459199995414923
2025-05-30 08:37:31,969.98,878.57,959.5121106666321,882.5981060615852,66.78,68.58,921.0551083641087,1842.1102167282174,76.9140046050469,0.08350640892502936,135.36,1.7999999999999972,3.489296444455931,-1.3427020205283497,1.0732972119637907,4.831998464984281,4.502009237622112,-0.476432148152071,3.1909006735095318,1.3572342626787304,0.4899999999999949,0.0,0.4899999999999949,6.804485088354193,0.6384842426123414,11.376394379860194,2.2872862765229347
2025-05-30 08:37:32,972.04,876.52,962.6440829999741,881.078579546189,67.26,68.58,921.8613312730815,1843.722662546163,81.56550345378514,0.08847914604755666,135.84,1.3199999999999932,3.1319723333419915,-1.519526515396251,0.8062229089728135,4.6514988487382425,5.769487603840207,-0.3573241111139396,-0.1768244948679012,-0.26707430299097723,0.480000000000004,0.0,0.480000000000004,6.786376063653603,0.9018977069859743,10.395022111468371,0.5385418962715285
2025-05-30 08:37:33,978.22,915.65,966.5380622499806,889.7214346596418,67.71,68.67,928.1297484548112,1856.2594969096224,76.81662759033884,0.08276496646666198,136.38,0.960000000000008,3.8939792500065096,8.64285511345281,6.26841718172966,4.748875863446301,0.7575875963871849,0.762006916664518,10.162381628849062,5.462194272756847,0.44999999999998863,0.09000000000000341,0.3599999999999852,6.805468115921272,3.3627304518733667,6.8131561383540555,2.60276362023011
2025-05-30 08:37:34,980.28,923.88,969.9735466874854,898.2610759947313,68.19,69.18,934.1173113411083,1868.2346226822167,71.7124706927541,0.07677030469869624,137.37,0.9900000000000091,3.4354844375047833,8.539641335089527,5.987562886297155,5.104156897584744,0.8524596972177394,-0.4584948125017263,-0.10321377836328338,-0.28085429543250484,0.480000000000004,0.5100000000000051,0.030000000000001137,6.800009496550184,5.989826774537142,4.063412975838945,3.1085923478288584
2025-05-30 08:37:35,982.34,938.3,973.0651600156141,908.2708069960486,68.55,69.66,940.6679835058313,1881.3359670116627,64.7943530195655,0.06888121429327101,138.20999999999998,1.1099999999999994,3.0916133281286875,10.009731001317277,6.550672164722982,6.91811767318859,1.056092633417339,-0.3438711093760958,1.47008966622775,0.5631092784258271,0.35999999999999943,0.47999999999998977,0.11999999999999034,6.806077539250083,8.322104206993886,6.383342590253675,2.927186620550575
2025-05-30 08:37:36,947.34,938.3,966.6338700117105,915.7781052470364,68.85,70.14,941.2059876293735,1882.411975258747,50.85576476467418,0.054032555443822274,138.99,1.2900000000000063,-6.431290003903541,7.5072982509877875,0.5380041235421231,13.938588254891329,25.907909878482794,-9.522903332032229,-2.50243275032949,-6.012668041180859,0.29999999999999716,0.480000000000004,0.18000000000000682,6.771753225826464,8.29127361556215,11.970159340606472,3.0733990090162777
2025-05-30 08:37:37,947.34,952.73,961.810402508783,925.0160789352773,69.16,70.64,943.4132407220302,1886.8264814440604,36.79432357350572,0.039001279552049045,139.8,1.480000000000004,-4.823467502927542,9.237973688240913,2.2072530926567424,14.061441191168456,6.370558440892286,1.607822500975999,1.730675437253126,1.6692489691146193,0.3100000000000023,0.5,0.18999999999999773,6.748306394661829,6.284521487587445,16.31638482232393,2.753167428803496
2025-05-30 08:37:38,949.4,958.91,958.7078018815872,933.489559201458,69.46,71.13,946.0986805415225,1892.197361083045,25.218242680129265,0.026654981316578955,140.58999999999997,1.6700000000000017,-3.102600627195784,8.473480266180673,2.6854398194923306,11.576080893376457,4.3106818103572495,1.7208668757317582,-0.7644934220602408,0.47818672683558816,0.29999999999999716,0.4899999999999949,0.18999999999999773,6.7294876862652755,4.452350510580063,19.232029908487174,2.5767573001631785
2025-05-30 08:37:39,988.52,963.03,966.1608514111904,940.8746694010933,69.75,71.55,953.5177604061419,1907.0355208122837,25.286182010097036,0.026518836914802498,141.3,1.7999999999999972,7.453049529603163,7.385110199635392,7.419079864619334,0.0679393299677713,0.009157378280073134,10.555650156798947,-1.0883700665452807,4.733640045127004,0.29000000000000625,0.4200000000000017,0.12999999999999545,6.748179431408085,5.230587598247198,17.147460152642935,2.960218266377951
2025-05-30 08:37:40,986.46,967.15,971.2356385583928,947.44350205082,69.98,71.98,959.3395703046065,1918.679140609213,23.792136507572764,0.024800536972761193,141.96,2.0,5.074787147202414,6.568832649726687,5.821809898464608,1.4940455025242727,0.2566289988770159,-2.3782623824007487,-0.8162775499087047,-1.5972699661547267,0.23000000000000398,0.4300000000000068,0.20000000000000284,6.757816029492747,7.538021083088827,11.57804087445795,2.8099638561166524
2025-05-30 08:37:41,955.57,934.18,967.3192289187947,944.127626538115,70.21,72.29,955.7234277284549,1911.4468554569098,23.191602380679683,0.024266018477264933,142.5,2.0800000000000125,-3.9164096395981005,-3.31587551270502,-3.61614257615156,0.6005341268930806,0.16607032166908378,-8.991196786800515,-9.884708162431707,-9.437952474616168,0.22999999999998977,0.3100000000000023,0.0800000000000125,6.70683102471315,6.668343779759665,5.628763656155064,4.241021206489976
2025-05-30 08:37:42,957.63,973.33,964.8969216890961,951.4282199035863,70.48,72.61,958.1625707963412,1916.3251415926825,13.46870178550978,0.014056802239998757,143.09,2.1299999999999955,-2.4223072296986174,7.300593365471286,2.4391430678863344,9.722900595169904,3.986193650133747,1.494102409899483,10.616468878176306,6.055285644037895,0.27000000000001023,0.3199999999999932,0.04999999999998295,6.696223105039612,5.240615662847989,4.95952816825049,4.232763933414382
2025-05-30 08:37:43,965.87,969.21,965.1401912668221,955.8736649276898,70.71,72.86,960.5069280972559,1921.0138561945118,9.26652633913227,0.009647537210212035,143.57,2.1500000000000057,0.24326957772598234,4.445445024103492,2.3443573009146803,4.20217544637751,1.7924629715252907,2.6655768074246,-2.8551483413677943,-0.09478576697165408,0.22999999999998977,0.25,0.020000000000010232,6.6901645288506755,2.8225255749821874,7.165646363568791,4.240831704896667
2025-05-30 08:37:44,992.63,967.15,972.0126434501166,958.6927486957674,70.93,73.11,965.352696072942,1930.705392145884,13.319894754349207,0.013797956741340886,144.04000000000002,2.1799999999999926,6.872452183294513,2.8190837680775758,4.845767975686044,4.053368415216937,0.8364757865170569,6.629182605568531,-1.6263612560259162,2.501410674771364,0.22000000000001307,0.25,0.029999999999986926,6.701976460503786,3.56519076730774,6.509986603411209,3.6702763694172784
2025-05-30 08:37:45,1000.87,942.42,979.2269825875874,954.6245615218255,71.13,73.42,966.9257720547064,1933.8515441094128,24.60242106576186,0.02544396038595396,144.55,2.2900000000000063,7.214339137470802,-4.068187173941851,1.5730759817644184,11.282526311412653,7.17226584725547,0.3418869541762888,-6.887270942019427,-3.272691993921626,0.19999999999998863,0.3100000000000023,0.11000000000001364,6.689213181359344,4.733876973177173,6.739579175058955,3.1212121487881426
2025-05-30 08:37:46,961.75,981.57,974.8577369406905,961.3609211413692,71.3,73.67,968.1093290410299,1936.2186580820598,13.496815799321325,0.013941416925244704,144.97,2.3700000000000045,-4.369245646896843,6.736359619543691,1.1835569863235378,11.105605266440534,9.383237149991825,-11.583584784367645,10.804546793485542,-0.38951899544088064,0.1700000000000017,0.25,0.0799999999999983,6.677997670987323,4.282986890911284,5.752464247061011,1.4247949197572511
2025-05-30 08:37:47,967.92,973.33,973.123302705518,964.3531908560269,71.5,73.86,968.7382467807724,1937.4764935615449,8.770111849491059,0.009053128509772388,145.36,2.3599999999999994,-1.7344342351725572,2.9922697146577093,0.6289177397425192,4.7267039498302665,7.515603608449305,2.634811411724286,-3.744089904885982,-0.5546392465810186,0.20000000000000284,0.18999999999999773,0.010000000000005116,6.6644072655226,3.292803430625511,6.380151557863772,1.6491972767564609
2025-05-30 08:37:48,965.87,948.61,971.3099770291385,960.4173931420202,71.7,74.1,965.8636850855794,1931.7273701711588,10.892583887118349,0.011277558152396696,145.8,2.3999999999999915,-1.8133256763794634,-3.9357977140067533,-2.8745616951930515,2.12247203762729,0.7383634530485506,-0.07889144120690617,-6.928067428664463,-3.5034794349355707,0.20000000000000284,0.23999999999999488,0.03999999999999204,6.624579413312756,1.4372215637496282,6.1216983922034025,2.751205001217985
2025-05-30 08:37:49,1002.93,954.79,979.2149827718539,959.0105448565151,71.86,74.35,969.1127638141845,1938.225527628369,20.204437915338758,0.020848386946190633,146.20999999999998,2.489999999999995,7.905005742715389,-1.4068482855050206,3.2490787286051273,9.31185402822041,2.865997391888598,9.718331419094852,2.5289494285017327,6.123640423798179,0.1599999999999966,0.25,0.09000000000000341,6.628224862772449,1.3416789785124683,6.623343750766792,2.250717016199571
2025-05-30 08:37:50,1013.23,975.39,987.7187370788904,963.1054086423864,72.0,74.52,975.4120728606383,1950.8241457212766,24.613328436504048,0.025233774623155493,146.51999999999998,2.519999999999996,8.503754307036502,4.094863785871212,6.2993090464538,4.40889052116529,0.6999005428614007,0.598748564321113,5.501712071376232,3.0502303178486727,0.14000000000000057,0.1700000000000017,0.030000000000001137,6.6571940090325175,3.5646054590506595,6.627053590243816,3.3872480118957244
2025-05-30 08:37:51,972.04,950.67,983.7990528091677,959.9965564817898,72.16,74.7,971.8978046454788,1943.7956092909576,23.80249632737798,0.024490739858775302,146.86,2.5400000000000063,-3.9196842697226657,-3.108852160596598,-3.514268215159518,0.8108321091260677,0.23072566712543757,-12.423438576759168,-7.20371594646781,-9.813577261613318,0.1599999999999966,0.18000000000000682,0.020000000000010232,6.617852362982612,3.611459378981715,7.371926069099213,4.134489724174639
2025-05-30 08:37:52,974.1,954.79,981.3742896068758,958.6949173613423,72.31,74.92,970.0346034841091,1940.0692069682182,22.6793722455335,0.023379962055678428,147.23000000000002,2.6099999999999994,-2.424763202291956,-1.3016391204474758,-1.863201161369716,1.1231240818444803,0.6027923888939813,1.4949210674307096,1.8072130401491222,1.6510670537898022,0.15000000000000568,0.21999999999999886,0.06999999999999318,6.58856616787029,3.525348866819185,5.588972885590462,4.300767475179082
2025-05-30 08:37:53,980.28,981.57,981.1007172051568,964.4136880210068,72.45,75.1,972.7572026130817,1945.5144052261635,16.687029184149992,0.017154361974570716,147.55,2.6499999999999915,-0.27357240171897956,5.7187706596645285,2.7225991289726608,5.992343061383508,2.2009633356054543,2.1511908005729765,7.020409780112004,4.585800290342377,0.14000000000000057,0.1799999999999926,0.03999999999999204,6.592729217352439,2.4648295366192867,3.208622094571655,3.998994746805292
2025-05-30 08:37:54,972.04,956.85,978.8355379038676,962.5227660157551,72.54,75.24,970.6791519598114,1941.3583039196228,16.31277188811248,0.016805524089367013,147.78,2.6999999999999886,-2.2651793012892085,-1.8909220052516957,-2.0780506532703384,0.3742572960375128,0.18010009301189628,-1.991606899570229,-7.609692664916224,-4.800649782242999,0.09000000000000341,0.14000000000000057,0.04999999999999716,6.568406722096391,2.104253018745716,4.0043238546245625,4.084820078309222
2025-05-30 08:37:55,974.1,956.85,977.6516534279007,961.1045745118163,72.59,75.42,969.3781139698585,1938.756227939717,16.547078916084388,0.017069788001763272,148.01,2.8299999999999983,-1.18388447596692,-1.4181915039388286,-1.3010379899528743,0.2343070279719086,0.18009224149415815,1.0812948253222885,0.4727305013128671,0.7770126633174641,0.04999999999999716,0.18000000000000682,0.13000000000000966,6.549409549492934,1.3735399623375184,3.707355430067368,2.343256711428914
2025-05-30 08:37:56,974.1,948.61,976.7637400709255,957.9809308838622,72.63,75.6,967.3723354773938,1934.7446709547876,18.782809187063208,0.01941631828697857,148.23,2.969999999999999,-0.8879133569752184,-3.1236436279540385,-2.005778492464742,2.23573027097882,1.1146440969099298,0.2959711189917016,-1.7054521240152098,-0.7047405025118678,0.03999999999999204,0.1799999999999926,0.14000000000000057,6.526157518391934,1.9587093872884571,2.6919920405827025,2.050745722673019
2025-05-30 08:37:57,974.1,1010.42,976.0978050531941,971.0906981628967,72.63,75.71,973.5942516080454,1947.1885032160908,5.007106890297337,0.005142909252888866,148.33999999999997,3.0799999999999983,-0.6659350177313854,13.109767279034486,6.221916130651607,13.775702296765871,2.214060715932932,0.22197833924383303,16.233410906988524,8.22769462311635,0.0,0.10999999999999943,0.10999999999999943,6.563261730111797,2.520622195020767,5.490382483334205,3.661444698830943
2025-05-30 08:37:58,974.1,956.85,975.5983537898956,967.5305236221725,72.72,75.87,971.564438706034,1943.128877412068,8.06783016772306,0.008303957862191971,148.59,3.1500000000000057,-0.49945126329851064,-3.5601745407242333,-2.029812902011372,3.0607232774257227,1.5078836904175341,0.16648375443287478,-16.66994181975872,-8.251729032662979,0.09000000000000341,0.1600000000000108,0.07000000000000739,6.538558665909384,2.333391991362843,6.024819452601546,3.6256718458837223
2025-05-30 08:37:59,974.1,960.97,975.2237653424216,965.8903927166293,72.72,75.92,970.5570790295255,1941.114158059051,9.333372625792322,0.009616510783176595,148.64,3.200000000000003,-0.3745884474739114,-1.6401309055431739,-1.0073596765084858,1.2655424580692625,1.2562952749512075,0.12486281582459924,1.9200436351810595,1.0224532255028862,0.0,0.04999999999999716,0.04999999999999716,6.529582027044831,2.3319179972674093,5.855183440197608,3.519943931512367
2025-05-30 08:38:00,965.87,1008.36,972.8853240068162,976.507794537472,72.72,75.97,974.6965592721441,1949.3931185442882,3.6224705306558462,0.0037165110438518627,148.69,3.25,-2.3384413356054665,10.617401820842701,4.139480242618561,12.955843156448168,3.1298228925546567,-1.9638528881315551,12.257532726385875,5.146839919127046,0.0,0.04999999999999716,0.04999999999999716,6.555225991774283,2.851251521808392,5.9484767439071025,3.8518964882598015
2025-05-30 08:38:01,965.87,960.97,971.1314930051121,972.6233459031041,72.81,76.08,971.8774194541081,1943.7548389082162,1.4918528979919756,0.001535021666924734,148.89,3.269999999999996,-1.753831001704043,-3.8844486343679137,-2.8191398180359784,2.1306176326638706,0.7557684309463534,0.5846103339014235,-14.501850455210615,-6.958620060654539,0.09000000000000341,0.10999999999999943,0.01999999999999602,6.527486150356787,1.6621703741089024,3.2063101348757397,4.0271219231948265
2025-05-30 08:38:02,974.1,958.91,971.8736197538341,969.195009427328,72.81,76.08,970.5343145905811,1941.0686291811621,2.678610326506032,0.0027599336607444605,148.89,3.269999999999996,0.7421267487219438,-3.4283364757760637,-1.34310486352706,4.1704632244980075,3.1050889864676585,2.495957750425987,0.45611215859184995,1.4760349545089184,0.0,0.0,0.0,6.518465364175672,1.7020420075286409,3.455998263760146,2.74540742386048
2025-05-30 08:38:03,976.16,960.97,972.9452148153755,967.138757070496,72.81,76.13,970.0419859429358,1940.0839718858715,5.806457744879481,0.005985779814725746,148.94,3.319999999999993,1.0715950615414158,-2.056252356832033,-0.4923286476453086,3.127847418373449,6.353156738240674,0.329468312819472,1.3720841189440307,0.8507762158817513,0.0,0.04999999999999716,0.04999999999999716,6.512971528333317,1.8907201266116824,3.0889858012278006,2.6306066410179025
2025-05-30 08:38:04,974.1,996.0,973.2339111115316,974.354067802872,72.81,76.19,973.7939894572019,1947.5879789144037,1.1201566913404122,0.0011503015035187187,149.0,3.3799999999999955,0.2886962961561039,7.215310732375997,3.7520035142661072,6.926614436219893,1.846110368439879,-0.7828987653853119,9.27156308920803,4.244332161911416,0.0,0.060000000000002274,0.060000000000002274,6.53553008672263,2.019194155782115,1.8814591319324716,3.1269464622892515
2025-05-30 08:38:05,976.16,993.94,973.9654333336487,979.250550852154,72.86,76.24,976.6079920929013,1953.2159841858027,5.285117518505331,0.005411708234915681,149.1,3.3799999999999955,0.7315222221170643,4.896483049281983,2.8140026356994667,4.1649608271649186,1.4800836695186603,0.4428259259609604,-2.318827683094014,-0.9380008785666405,0.04999999999999716,0.04999999999999716,0.0,6.55002002376178,2.684122845665215,2.157978470297626,2.795500563606344
2025-05-30 08:38:06,974.1,958.91,973.9990750002365,974.1654131391155,72.86,76.24,974.082244069676,1948.164488139352,0.16633813887892757,0.00017076395727450038,149.1,3.3799999999999955,0.03364166658786871,-5.0851377130385345,-2.525748023225333,5.118779379626403,2.0266381705217174,-0.6978805555291956,-9.981620762320517,-5.3397506589248,0.0,0.0,0.0,6.533080063961073,2.722498734748847,2.488175352725261,2.713374842159441
2025-05-30 08:38:07,974.1,958.91,974.0243062501773,970.3515598543365,72.86,76.3,972.187933052257,1944.375866104514,3.672746395840818,0.00377781524250372,149.16,3.4399999999999977,0.02523124994081627,-3.8138532847789293,-1.8943110174189997,3.8390845347197455,2.026637903058071,-0.008410416647052443,1.2712844282596052,0.6314370058063332,0.0,0.060000000000002274,0.060000000000002274,6.517752256198074,2.4310964585486534,2.494652391097464,2.813336773577941
2025-05-30 08:38:08,1009.11,960.97,982.7957296876331,968.0061698907525,72.88,76.3,975.4009497891927,1950.8018995783855,14.789559796880553,0.015162543961961882,149.18,3.4200000000000017,8.771423437455724,-2.3453899635840116,3.2130167369357423,11.116813401039735,3.4599290483973015,8.746192187514907,1.4684633211949176,5.107327754354742,0.01999999999999602,0.0,0.01999999999999602,6.538416297431133,1.6761204001245325,5.83300128878105,3.022570775145798
2025-05-30 08:38:09,969.98,958.91,979.5917972657248,965.7321274180644,72.91,76.3,972.6619623418947,1945.3239246837893,13.859669847660484,0.014249215421194335,149.20999999999998,3.3900000000000006,-3.2039324219082346,-2.2740424726881656,-2.7389874472980864,0.929889949220069,0.33950123087863765,-11.975355859363958,0.07134749089584602,-5.952004184233829,0.030000000000001137,0.0,0.030000000000001137,6.5187450963283275,1.8485028896443023,6.459572363467117,2.977232769351135
2025-05-30 08:38:10,967.92,963.03,976.6738479492936,965.0565955635482,72.91,76.35,970.8652217564209,1941.7304435128417,11.617252385745473,0.011965875503051273,149.26,3.4399999999999977,-2.9179493164311907,-0.6755318545161799,-1.796740585473799,2.242417461915011,1.2480467308400878,0.28598310547704386,1.5985106181719857,0.9422468618242874,0.0,0.04999999999999716,0.04999999999999716,6.504523752190119,1.750638954738315,6.523776021720305,2.4711202216709456
2025-05-30 08:38:11,976.16,956.85,976.5453859619702,963.004946672661,72.91,76.35,969.7751663173156,1939.550332634631,13.54043928930912,0.013962452066870275,149.26,3.4399999999999977,-0.12846198732347602,-2.0516488908871224,-1.0900554391052992,1.9231869035636464,1.7643003009478733,2.7894873291077147,-1.3761170363709425,0.7066851463684998,0.0,0.0,0.0,6.49722068752576,2.1283044704507743,4.523057659536178,2.3516088566041855
2025-05-30 08:38:12,969.98,960.97,974.9040394714776,962.4962100044959,72.91,76.35,968.7001247379867,1937.4002494759734,12.407829466981752,0.012808741464267977,149.26,3.4399999999999977,-1.6413464904925377,-0.5087366681651702,-1.075041579328854,1.1326098223273675,1.053548802722263,-1.5128845031690616,1.5429122227219523,0.015013859776445315,0.0,0.0,0.0,6.490018211496507,2.635478918842813,1.245106837703406,2.289365600442888
2025-05-30 08:38:13,974.1,954.79,974.7030296036082,960.5696575033719,72.91,76.35,967.6363435534901,1935.2726871069801,14.133372100236329,0.014606078181941469,149.26,3.4399999999999977,-0.20100986786940211,-1.9265525011239788,-1.0637811844966336,1.7255426332545767,1.6220826578996326,1.4403366226231356,-1.4178158329588086,0.0112603948322203,0.0,0.0,0.0,6.482891176943581,1.9452287455400654,1.0625320641958167,0.7328152282364238
2025-05-30 08:38:14,974.1,965.09,974.5522722027061,961.699743127529,72.91,76.4,968.1260076651176,1936.2520153302353,12.85252907517713,0.013275677918103449,149.31,3.490000000000009,-0.15075740090208,1.1300856241571182,0.48966411162757595,1.2808430250591982,2.615753082350224,0.05025246696732211,3.056638125281097,1.5534452961242096,0.0,0.05000000000001137,0.05000000000001137,6.483999740011505,1.3029932363229988,0.977339134346285,0.8409275197435048
2025-05-30 08:38:15,974.1,958.91,974.4392041520296,961.0023073456467,72.95,76.4,967.7207557488382,1935.4415114976764,13.436896806382833,0.013885097237684073,149.35000000000002,3.450000000000003,-0.11306805067658843,-0.6974357818822909,-0.4052519162794397,0.5843677312057025,1.441982790822794,0.03768935022549158,-1.8275214060394092,-0.8949160279070156,0.04000000000000625,0.0,0.04000000000000625,6.479549710540933,0.8804014472472407,0.6640659937458759,0.6895709588928763
2025-05-30 08:38:16,974.1,958.91,974.3544031140221,960.479230509235,72.95,76.4,967.4168168116286,1934.8336336232571,13.875172604787167,0.014342496790756519,149.35000000000002,3.450000000000003,-0.0848010380074129,-0.5230768364117466,-0.3039389372096366,0.4382757984043337,1.4419816047472618,0.02826701266917553,0.1743589454705443,0.10131297906980308,0.0,0.0,0.0,6.477514632300728,0.5060598619941558,0.7127062989845511,0.6464056897561663
2025-05-30 08:38:17,974.1,960.97,974.2908023355166,960.6019228819262,72.95,76.4,967.4463626087213,1934.8927252174426,13.688879453590403,0.01414949703519357,149.35000000000002,3.450000000000003,-0.0636007785055881,0.12269237269117639,0.029545797092737303,0.18629315119676448,6.305020155384487,0.021200259501824803,0.645769209102923,0.3334847343023739,0.0,0.0,0.0,6.477712461540065,0.2853789338185158,0.48820747841066287,0.5732578832156033
2025-05-30 08:38:18,965.87,960.97,972.1856017516374,960.6939421614447,72.95,76.4,966.4397719565411,1932.8795439130822,11.491659590192626,0.011890714674373592,149.35000000000002,3.450000000000003,-2.1052005838791956,0.09201927951858124,-1.0065906521801935,2.197219863397777,2.1828313980538008,-2.0415998053736075,-0.030673093172595145,-1.0361364492729308,0.0,0.0,0.0,6.47097265139316,0.6224866800805373,0.9623376865378721,0.5531997634837366
2025-05-30 08:38:19,978.22,960.97,973.694201313728,960.7629566210835,73.0,76.4,967.2285789674057,1934.4571579348114,12.93124469264444,0.013369378201252289,149.4,3.4000000000000057,1.5085995620905805,0.0690144596387654,0.7888070108646161,1.4395851024518151,1.8250132891955282,3.613800145969776,-0.02300481987981584,1.7953976630448096,0.04999999999999716,0.0,0.04999999999999716,6.474086830611237,0.48603610836341504,0.9585468944111347,0.6579982019877807
2025-05-30 08:38:20,969.98,963.03,972.765650985296,961.3297174658126,73.0,76.46,967.0476842255543,1934.0953684511087,11.435933519483456,0.011825614904208304,149.45999999999998,3.4599999999999937,-0.9285503284319248,0.5667608447290604,-0.18089474185137533,1.4953111731609852,8.266149097028158,-2.4371498905225053,0.497746385090295,-0.9697017527159915,0.0,0.05999999999998806,0.05999999999998806,6.470277517431266,0.4105653171669258,1.1693105608687135,0.646299258405535
2025-05-30 08:38:21,974.1,960.97,973.099238238972,961.2397880993594,73.0,76.46,967.1695131691657,1934.3390263383315,11.85945013961259,0.012262018152836729,149.45999999999998,3.4599999999999937,0.33358725367600073,-0.08992936645313421,0.12182894361137642,0.42351662012913494,3.4762933280188038,1.2621375821079255,-0.6566902111821946,0.30272368546275175,0.0,0.0,0.0,6.471092644841919,0.3789191567958063,0.9899295051209267,0.6464610538129053
2025-05-30 08:38:22,967.92,956.85,971.804428679229,960.1423410745195,73.0,76.46,965.9733848768742,1931.9467697537484,11.662087604709427,0.012072887074547114,149.45999999999998,3.4599999999999937,-1.2948095597430438,-1.0974470248398802,-1.1961282922915188,0.19736253490316358,0.1650010046364308,-1.6283968134190445,-1.007517658386746,-1.3179572359028953,0.0,0.0,0.0,6.463089645482301,0.5455832256423251,0.6125662824813228,0.8185042230333249
2025-05-30 08:38:23,974.1,963.03,972.3783215094217,960.8642558058896,73.0,76.46,966.6212886576557,1933.2425773153113,11.514065703532083,0.01191166160597391,149.45999999999998,3.4599999999999937,0.5738928301926762,0.7219147313700205,0.647903780781462,0.14802190117734426,0.22846243085104193,1.86870238993572,1.8193617562099007,1.844032073072981,0.0,0.0,0.0,6.467424609863717,0.5235624257988881,0.6091233277181086,0.7927317070949489
2025-05-30 08:38:24,974.1,956.85,972.8087411320662,959.8606918544172,73.0,76.46,966.3347164932417,1932.6694329864833,12.948049277649034,0.01339913494077645,149.45999999999998,3.4599999999999937,0.4304196226445356,-1.0035639514724153,-0.2865721644139967,1.4339835741169509,5.003900407245924,-0.14347320754814064,-1.7254786828424358,-0.9344759451954587,0.0,0.0,0.0,6.465507226199215,0.4959697315688487,0.616373180890231,0.6746096984137215
2025-05-30 08:38:25,974.1,960.97,973.1315558490496,960.1380188908129,73.0,76.46,966.6347873699312,1933.2695747398625,12.993536958236746,0.013442033242097756,149.45999999999998,3.4599999999999937,0.3228147169834301,0.2773270363957181,0.3000708766895741,0.04548768058771202,0.151589282839622,-0.10760490566110548,1.2808909878681334,0.5866430411035708,0.0,0.0,0.0,6.467514926417881,0.44012677874614153,0.7185061543270534,0.7077100158345628
2025-05-30 08:38:26,976.16,954.79,973.8886668867872,958.8010141681096,73.0,76.46,966.3448405274485,1932.689681054897,15.087652718677532,0.015613114563564394,149.45999999999998,3.4599999999999937,0.757111037737559,-1.3370047227032273,-0.28994684248277736,2.0941157604407863,7.222387800885861,0.43429632075412883,-1.6143317590989454,-0.5900177191723515,0.0,0.0,0.0,6.465574963614838,0.27006628693887336,1.4346397232332824,0.7019117671566356
2025-05-30 08:38:27,967.92,952.73,972.3965001650904,957.2832606260822,73.0,76.51,964.8398803955863,1929.6797607911726,15.113239539008191,0.01566398718629639,149.51,3.510000000000005,-1.4921667216967762,-1.5177535420274353,-1.5049601318621626,0.025586820330659066,0.017001648606698058,-2.249277759434335,-0.18074881932420794,-1.2150132893793852,0.0,0.05000000000001137,0.05000000000001137,6.453346759027755,0.7492492903761195,1.5510779469969005,0.8191387449244467
2025-05-30 08:38:28,974.1,963.03,972.8223751238178,958.7199454695617,73.04,76.56,965.7711602966897,1931.5423205933794,14.10242965425607,0.01460224763319862,149.60000000000002,3.519999999999996,0.4258749587273769,1.4366848434794974,0.9312799011033803,1.0108098847521205,1.0853974172073264,1.9180416804241531,2.9544383855069327,2.436240032965543,0.04000000000000625,0.04999999999999716,0.009999999999990905,6.455689531022728,0.7125722337678103,1.0654054061961251,0.9005385769901821
2025-05-30 08:38:29,976.16,958.91,973.6567813428633,958.7674591021712,73.04,76.56,966.2121202225172,1932.4242404450345,14.889322240692081,0.015409993223696157,149.60000000000002,3.519999999999996,0.8344062190454906,0.04751363260947983,0.44095992582754207,0.7868925864360108,1.7844950433176503,0.4085312603181137,-1.3891712108700176,-0.49031997527583826,0.0,0.0,0.0,6.458637124090107,0.6995233444907517,0.9056443664612253,0.9351121112283205
2025-05-30 08:38:30,976.16,963.03,974.2825860071474,959.8330943266283,73.04,76.56,967.0578401668879,1934.1156803337758,14.449491680519145,0.014941703655578504,149.60000000000002,3.519999999999996,0.6258046642841464,1.0656352244570826,0.8457199443706713,0.4398305601729362,0.5200658244312827,-0.20860155476134423,1.0181215918476028,0.40476001854312926,0.0,0.0,0.0,6.464290332236614,0.8171566581209476,0.4395135592079754,1.0112059101450563
2025-05-30 08:38:31,969.98,956.85,973.2069395053605,959.0873207449712,73.04,76.56,966.1471301251659,1932.2942602503317,14.119618760389358,0.014614356660093563,149.60000000000002,3.519999999999996,-1.0756465017868777,-0.7457735816570903,-0.9107100417220408,0.3298729201297874,0.3622146927153084,-1.701451166071024,-1.8114088061141729,-1.7564299860927122,0.0,0.0,0.0,6.458202698308576,0.8037031344857617,0.4546634481397448,1.1026615564901607
2025-05-30 08:38:32,974.1,960.97,973.4302046290204,959.5579905587283,73.04,76.56,966.4940975938744,1932.9881951877487,13.872214070292102,0.014353128581410279,149.60000000000002,3.519999999999996,0.22326512365987128,0.4706698137571266,0.3469674687084989,0.2474046900972553,0.7130466091577594,1.298911625446749,1.2164433954142169,1.2576775104305398,0.0,0.0,0.0,6.460521999554493,0.4785678872858448,0.3947546539232789,0.7381501255341577
2025-05-30 08:38:33,974.1,963.03,973.5976534717653,960.4259929190462,73.04,76.62,967.0118231954057,1934.0236463908113,13.171660552719118,0.013620992239343599,149.66000000000003,3.5799999999999983,0.16744884274487504,0.8680023603178597,0.5177256015313105,0.7005535175729847,1.3531340972260575,-0.05581628091499624,0.39733254656073314,0.1707581328228116,0.0,0.060000000000002274,0.060000000000002274,6.461391265094309,0.43150540978047025,0.6440610267174952,0.6744734979520199
2025-05-30 08:38:34,974.1,956.85,973.723240103824,959.5319946892846,73.04,76.62,966.6276173965543,1933.2552347931087,14.191245414539367,0.01468119174794515,149.66000000000003,3.5799999999999983,0.1255866320586847,-0.8939982297615643,-0.3842057988513261,1.019584861820249,2.6537397694901044,-0.04186221068619034,-1.762000590079424,-0.9019314003826366,0.0,0.0,0.0,6.458824074152948,0.3786051793882044,0.4867588134483637,0.7152181035822559
2025-05-30 08:38:35,976.16,958.91,974.3324300778679,959.3764960169634,73.04,76.62,966.8544630474157,1933.7089260948314,14.955934060904497,0.015468650781521385,149.66000000000003,3.5799999999999983,0.609189974043943,-0.15549867232118686,0.2268456508613781,0.7646886463651299,3.3709496854437466,0.48360334198525834,0.7384995574403774,0.6110514497127042,0.0,0.0,0.0,6.4603398141592665,0.33457691665644224,0.6418460375916677,0.5934264060431572
2025-05-30 08:38:36,976.16,960.97,974.789322558401,959.7748720127227,73.04,76.62,967.2820972855618,1934.5641945711236,15.0144505456783,0.015522307889591195,149.66000000000003,3.5799999999999983,0.45689248053304254,0.3983759957592383,0.4276342381460836,0.05851648477380422,0.13683737810637236,-0.1522974935109005,0.5538746680804252,0.2007885872847055,0.0,0.0,0.0,6.463197185770175,0.3118310774217565,0.7731949691568131,0.3580294047309943
2025-05-30 08:38:37,980.28,960.97,976.1619919188006,960.073654009542,73.09,76.62,968.1178229641713,1936.2356459283426,16.0883379092586,0.016618161045089907,149.71,3.530000000000001,1.372669360399641,0.2987819968193435,0.8357256786094922,1.0738873635802975,1.2849743714859796,0.9157768798665984,-0.09959399893989485,0.4080914404634086,0.04999999999999716,0.0,0.04999999999999716,6.466620910410462,0.5764790593745233,1.0822762834492101,0.45307959553473964
2025-05-30 08:38:38,978.22,956.85,976.6764939391005,959.2677405071564,73.09,76.62,967.9721172231284,1935.9442344462568,17.408753431944092,0.017984767437207505,149.71,3.530000000000001,0.5145020202999149,-0.8059135023855788,-0.1457057410428888,1.3204155226854937,9.062144367753234,-0.8581673400997261,-1.1046954992049223,-0.981431419652381,0.0,0.0,0.0,6.4656476571871,0.6607605674879812,1.2479029658653362,0.47884724488734115
2025-05-30 08:38:39,974.1,963.03,976.0323704543254,960.2083053803674,73.09,76.62,968.1203379173464,1936.2406758346929,15.824065073957968,0.016345142683040926,149.71,3.530000000000001,-0.6441234847751502,0.9405648732109739,0.14822069421802553,1.5846883579861242,10.691338851215257,-1.1586255050750651,1.7464783755965527,0.29392643526091433,0.0,0.0,0.0,6.466637709242594,0.5723179842264381,0.9980407686701878,0.3641167489163006
2025-05-30 08:38:40,976.16,958.91,976.064277840744,959.8837290352756,73.09,76.62,967.9740034380097,1935.9480068760195,16.180548805468447,0.01671589188478529,149.71,3.530000000000001,0.031907386418652095,-0.32457634509182753,-0.1463344793367014,0.35648373151047963,2.4360717792180173,0.6760308711938023,-1.2651412183028015,-0.29455517355472693,0.0,0.0,0.0,6.465660256311198,0.34937470252032216,0.8622594098419536,0.41690755309121336
2025-05-30 08:38:41,982.34,960.97,977.633208380558,960.1552967764567,73.09,76.67,968.8942525785073,1937.7885051570147,17.477911604101337,0.018039029067979852,149.76,3.5799999999999983,1.568930539814005,0.2715677411811157,0.9202491404976172,1.2973627986328893,1.4097936436405776,1.537023153395353,0.5961440862729432,1.0665836198343186,0.0,0.04999999999999716,0.04999999999999716,6.469646408312373,0.3862826810468942,0.7849427069288295,0.5220393351486176
2025-05-30 08:38:42,978.22,950.67,977.7799062854185,957.7839725823426,73.09,76.67,967.7819394338806,1935.563878867761,19.995933703075934,0.020661610707584877,149.76,3.5799999999999983,0.1466979048605026,-2.371324194114095,-1.1123131446267962,2.5180220989745976,2.2637688382713543,-1.4222326349535024,-2.6428919352952107,-2.0325622851244134,0.0,0.0,0.0,6.462219103710347,0.43383942547766075,1.6365441133403746,0.7290659744018813
2025-05-30 08:38:43,969.98,963.03,975.829929714064,959.0954794367569,73.09,76.67,967.4627045754105,1934.925409150821,16.73445027730702,0.017297256194856624,149.76,3.5799999999999983,-1.9499765713545685,1.311506854414347,-0.31923485847005395,3.2614834257689154,10.216532194721667,-2.096674476215071,3.682831048528442,0.7930782861567423,0.0,0.0,0.0,6.46008746070595,0.5339010921586693,1.6609205464684822,0.7378165103982353
2025-05-30 08:38:44,980.28,963.03,976.942447285548,960.0791095775676,73.09,76.67,968.5107784315578,1937.0215568631156,16.863337707980463,0.017411615922207867,149.76,3.5799999999999983,1.1125175714840907,0.9836301408106465,1.0480738561473117,0.12888743067344421,0.12297540573316502,3.062494142838659,-0.3278767136037004,1.3673087146173657,0.0,0.0,0.0,6.46708581707046,0.574390964547523,1.4958481633824015,0.904902444453738
2025-05-30 08:38:45,980.28,956.85,977.776835464161,959.2718321831757,73.09,76.67,968.5243338236683,1937.0486676473365,18.505003280985306,0.019106389602853262,149.76,3.5799999999999983,0.8343881786129259,-0.8072773943919174,0.013555392110447428,1.6416655730048433,121.09900330631999,-0.2781293928711648,-1.7909075352025638,-1.0345184640368643,0.0,0.0,0.0,6.467176331173157,0.5907803460168835,1.3573066991746647,0.8977861322550101
2025-05-30 08:38:46,982.34,960.97,978.9176265981207,959.6963741373818,73.09,76.67,969.3070003677512,1938.6140007355025,19.221252460738924,0.019829891286884924,149.76,3.5799999999999983,1.1407911339597376,0.42454195420611995,0.7826665440829856,0.7162491797536177,0.9151384712046706,0.3064029553468117,1.2318193485980373,0.7691111519725382,0.0,0.0,0.0,6.4724024699208655,0.7205463182170686,1.4383485684307051,0.868373300327761
2025-05-30 08:38:47,982.34,960.97,979.7732199485906,960.0147806030363,73.09,76.67,969.8940002758135,1939.788000551627,19.75843934555428,0.02037175126309032,149.76,3.5799999999999983,0.8555933504699169,0.31840646565456154,0.5869999080622392,0.5371868848153554,0.9151380814531855,-0.2851977834898207,-0.10613548855155841,-0.1956666360207464,0.0,0.0,0.0,6.476322073981647,0.9197477645513519,1.3691108578978668,0.5624786802057229
2025-05-30 08:38:48,982.34,952.73,980.414914961443,958.1935854522773,73.09,76.67,969.3042502068602,1938.6085004137203,22.221329509165685,0.02292503048604025,149.76,3.5799999999999983,0.641695012852324,-1.8211951507590811,-0.5897500689533217,2.462890163611405,4.176152097498513,-0.21389833761759292,-2.1396016164136427,-1.176749977015561,0.0,0.0,0.0,6.472384106132987,0.5901803756901601,1.9569692506730947,0.6567582220983156
2025-05-30 08:38:49,974.1,960.97,978.8361862210821,958.8876890892079,73.09,76.67,968.8619376551451,1937.7238753102902,19.948497131874205,0.020589617917661472,149.76,3.5799999999999983,-1.5787287403608161,0.694103636930663,-0.44231255171507655,2.272832377291479,5.1385094769955435,-2.22042375321314,2.515298787689744,0.14743751723824516,0.0,0.0,0.0,6.4694306302464915,0.5177863980254448,1.3975783301829707,0.6074748013540061
2025-05-30 08:38:50,1000.87,960.97,984.3446396658115,959.408266816906,73.15,76.67,971.8764532413588,1943.7529064827177,24.936372848905535,0.02565796582485448,149.82,3.519999999999996,5.508453444729412,0.5205777276980825,3.014515586213747,4.987875717031329,1.6546187670163508,7.087182185090228,-0.1735259092325805,3.4568281379288237,0.060000000000002274,0.0,0.060000000000002274,6.48696066449338,1.1913646914137985,2.3749694178478493,1.4440000562639477
2025-05-30 08:38:51,982.34,963.03,983.8434797493587,960.3137001126795,73.15,76.72,972.0785899310191,1944.1571798620382,23.529779636679223,0.024205635075393764,149.87,3.569999999999993,-0.5011599164528207,0.9054332957734914,0.20213668966027853,1.406593212226312,6.958589536618798,-6.009613361182232,0.3848555680754089,-2.8123788965534686,0.0,0.04999999999999716,0.04999999999999716,6.486145215485914,1.48491338446947,2.2479792589919865,1.4560079110954132
2025-05-30 08:38:52,982.34,958.91,983.4676098120191,959.9627750845095,73.15,76.72,971.7151924482644,1943.4303848965287,23.504834727509547,0.024189016376392578,149.87,3.569999999999993,-0.3758699373396439,-0.35092502816996785,-0.36339748275474903,0.024944909169676066,0.06864340483917465,0.12528997911317674,-1.2563583239434593,-0.5655341724150276,0.0,0.0,0.0,6.483720464165903,1.5507355230373523,1.8745280536920497,1.511647986697046
2025-05-30 08:38:53,982.34,960.97,983.1857073590144,960.2145813133823,73.15,76.72,971.7001443361983,1943.4002886723965,22.971126045632104,0.023640138530270912,149.87,3.569999999999993,-0.2819024530047045,0.25180622887273785,-0.015048112066097019,0.5337086818774424,35.4644632542669,0.0939674843349394,0.6027312570427057,0.348349370688652,0.0,0.0,0.0,6.483620056399401,1.341717006600306,1.8435817460570767,1.4411823526697747
2025-05-30 08:38:54,974.1,958.91,980.9142805192607,959.8884359850367,73.15,76.72,970.4013582521487,1940.8027165042975,21.025844534224007,0.021667163111176824,149.87,3.569999999999993,-2.2714268397536443,-0.32614532834554666,-1.2987860840495387,1.9452815114080977,1.4977678291524343,-1.9895243867489398,-0.5779515572182845,-1.2837379719834416,0.0,0.0,0.0,6.474953971956994,0.6623998517727092,1.413842231827431,1.6181262137273726
2025-05-30 08:38:55,980.28,965.09,980.7557103894455,961.1888269887776,73.15,76.72,970.9722686891116,1941.9445373782232,19.56688340066796,0.02015184574419714,149.87,3.569999999999993,-0.15857012981518892,1.300391003740856,0.5709104369628903,1.4589611335560448,2.5554946688708187,2.1128567099384554,1.6265363320864026,1.869696521012429,0.0,0.0,0.0,6.478763342966226,0.6757677492121498,1.7567897907769656,0.7110586290358897
2025-05-30 08:38:56,982.34,963.03,981.1517827920842,961.6491202415832,73.15,76.72,971.4004515168338,1942.8009030336675,19.502662550500986,0.020076851415881978,149.87,3.569999999999993,0.3960724026386515,0.46029325280562716,0.42818282772213934,0.06422085016697565,0.14998429648457062,0.5546425324538404,-0.8400977509352288,-0.142727609240751,0.0,0.0,0.0,6.4816203712231495,0.5563863293288921,1.8683024721146058,0.747735646385245
2025-05-30 08:38:57,982.34,960.97,981.4488370940632,961.4793401811874,73.15,76.72,971.4640886376253,1942.9281772752506,19.969496912875798,0.020556083468123668,149.87,3.569999999999993,0.2970543019789602,-0.16978006039585125,0.06363712079155448,0.46683436237481146,7.3357659932152774,-0.0990181006596913,-0.6300733132014784,-0.36454570693058486,0.0,0.0,0.0,6.482044986692335,0.5121027901131234,1.4553639086758003,0.7395589998752745
2025-05-30 08:38:58,982.34,963.03,981.6716278205474,961.8670051358904,73.15,76.72,971.7693164782189,1943.5386329564378,19.804622684657033,0.02037996294846069,149.87,3.569999999999993,0.222790726484277,0.3876649547030411,0.3052278405936022,0.16487422821876407,0.5401659551506351,-0.07426357549468321,0.5574450150988923,0.24159071980204772,0.0,0.0,0.0,6.484081604017731,0.5300292116991311,0.6170471508804817,0.7570305994277724
2025-05-30 08:38:59,982.34,956.85,981.8387208654106,960.6127538519178,73.15,76.72,971.2257373586642,1942.4514747173284,21.225967013492777,0.02185482342072594,149.87,3.569999999999993,0.1670930448631225,-1.2542512839726214,-0.5435791195546926,1.421344328835744,2.6147835023843884,-0.055697681621154516,-1.6419162386756625,-0.8488069601482948,0.0,0.0,0.0,6.48045459984126,0.2950295443626866,0.7028624759442792,0.43762171328942745
2025-05-30 08:39:00,974.1,958.91,979.904040649058,960.1870653889383,73.15,76.72,970.0455530189981,1940.0911060379963,19.716975260119625,0.020325824058911642,149.87,3.569999999999993,-1.9346802163526036,-0.4256884629794513,-1.1801843396660843,1.5089917533731523,1.2786057432302107,-2.101773261215726,0.8285628209931701,-0.6366052201113916,0.0,0.0,0.0,6.472579879538388,0.6643898885574183,0.681888852669465,0.6702811350348628
2025-05-30 08:39:01,982.34,956.85,980.5130304867935,959.3527990417037,73.15,76.72,969.9329147642486,1939.8658295284972,21.16023144508972,0.021816180378224134,149.87,3.569999999999993,0.6089898377355212,-0.8342663472345748,-0.11263825474952682,1.443256184970096,12.813083575343514,2.5436700540881247,-0.40857788425512354,1.0675460849165574,0.0,0.0,0.0,6.471828306481752,0.8432922027272567,0.75224527621282,0.5846968456004643
2025-05-30 08:39:02,974.1,956.85,978.9097728650951,958.7270992812778,73.15,76.72,968.8184360731864,1937.6368721463728,20.18267358381729,0.020832255881493567,149.87,3.569999999999993,-1.6032576216983898,-0.6256997604259595,-1.1144786910622315,0.9775578612724303,0.8771428219931954,-2.212247459433911,0.20856658680861528,-1.0018404363127047,0.0,0.0,0.0,6.464392003795251,1.1611803494790511,0.7291714660862644,0.6395959662949052
2025-05-30 08:39:03,978.22,956.85,978.7373296488213,958.2578244609583,73.15,76.72,968.4975770548898,1936.9951541097796,20.47950518786297,0.02114564419354933,149.87,3.569999999999993,-0.17244321627379122,-0.46927482031946965,-0.3208590182965736,0.29683160404567843,0.9251124699846975,1.4308144054245986,0.15642494010648988,0.7936196727656579,0.0,0.0,0.0,6.462251088227388,1.0867871000329643,0.6448052248351487,0.4756990127336157
2025-05-30 08:39:04,980.28,956.85,979.1229972366159,957.9058683457187,73.15,76.72,968.5144327911673,1937.0288655823347,21.217128890897243,0.021906879392436723,149.87,3.569999999999993,0.3856675877946145,-0.3519561152396591,0.01685573627753456,0.7376237030342736,43.758393729949084,0.5581108040684057,0.11731870507981057,0.33771475457410816,0.0,0.0,0.0,6.462363557274997,0.7671069980430806,0.6425074548269698,0.5658147529845424
2025-05-30 08:39:05,982.34,965.09,979.927247927462,959.701901259289,73.15,76.76,969.8145745933755,1939.629149186751,20.22534666817296,0.020854859451661878,149.91000000000003,3.6099999999999994,0.8042506908460609,1.7960329135703432,1.3001418022081452,0.9917822227242823,0.7628256073408649,0.4185831030514464,2.1479890288100023,1.2832860659306107,0.0,0.04000000000000625,0.04000000000000625,6.469312041385253,0.7050229920344863,0.5024240991462406,0.8714475391498139
2025-05-30 08:39:06,984.4,960.97,981.0454359455965,960.0189259444667,73.18,76.76,970.5321809450315,1941.064361890063,21.02651000112985,0.021664928162393217,149.94,3.5799999999999983,1.1181880181345605,0.317024685177671,0.7176063516560589,0.8011633329568895,1.1164369081615513,0.31393732728849955,-1.4790082283926722,-0.5825354505520863,0.030000000000001137,0.0,0.030000000000001137,6.472803617928691,0.9020974657187207,0.471265182531307,0.932577204444725
2025-05-30 08:39:07,982.34,965.09,981.3690769591974,961.28669445835,73.18,76.76,971.3278857087737,1942.6557714175474,20.082382500847416,0.020675183710512135,149.94,3.5799999999999983,0.32364101360087716,1.2677685138833112,0.795704763742151,0.9441275002824341,1.1865284170398183,-0.7945470045336833,0.9507438287056402,0.07809841208609214,0.0,0.0,0.0,6.4781104390467075,1.2449987110377199,0.49633159574572416,0.6485061263369231
2025-05-30 08:39:08,976.16,963.03,980.066807719398,961.7225208437624,73.18,76.76,970.8946642815802,1941.7893285631603,18.34428687563559,0.018894209157401597,149.94,3.5799999999999983,-1.3022692397994433,0.4358263854123834,-0.43322142719352996,1.7380956252118267,4.012016728846269,-1.6259102534003205,-0.8319421284709279,-1.228926190935681,0.0,0.0,0.0,6.4752211404985935,1.101512137205848,1.1372818377405387,0.6850607891240181
2025-05-30 08:39:09,982.34,965.09,980.6351057895486,962.5643906328219,73.18,76.76,971.5997482111852,1943.1994964223704,18.070715156726692,0.018598929416560474,149.94,3.5799999999999983,0.568298070150604,0.8418697890595013,0.7050839296050526,0.2735717189088973,0.38799825017127537,1.8705673099500473,0.4060434036471179,1.1383053567985826,0.0,0.0,0.0,6.479923580974134,0.7007667751798462,1.2807843010702855,0.6362907270649026
2025-05-30 08:39:10,986.46,960.97,982.0913293421614,962.1657929746164,73.18,76.76,972.128561158389,1944.257122316778,19.925536367545078,0.020496811988843313,149.94,3.5799999999999983,1.4562235526128688,-0.3985976582055173,0.5288129472037326,1.8548212108183861,3.5075118964360286,0.8879254824622649,-1.2404674472650186,-0.17627098240132,0.0,0.0,0.0,6.483450411330789,0.6186529347158587,1.2478481381177098,0.5103100695322016
2025-05-30 08:39:11,984.4,963.03,982.6684970066211,962.3818447309623,73.18,76.76,972.5251708687917,1945.0503417375835,20.286652275658867,0.020859770895879537,149.94,3.5799999999999983,0.5771676644596937,0.21605175634590523,0.39660971040279946,0.36111590811378846,0.9105046803880755,-0.8790558881531751,0.6146494145514225,-0.13220323680093315,0.0,0.0,0.0,6.486095534098281,0.6445040349722703,1.0479319463248717,0.4900282777766853
2025-05-30 08:39:12,984.4,963.03,983.1013727549658,962.5438835482216,73.18,76.76,972.8226281515938,1945.6452563031876,20.557489206744208,0.02113179585951095,149.94,3.5799999999999983,0.43287574834471343,0.16203881725937208,0.29745728280204276,0.27083693108534135,0.9105039151509599,-0.14429191611498027,-0.05401293908653315,-0.09915242760075671,0.0,0.0,0.0,6.488079376173899,0.7666236340467323,1.1485674837558757,0.4368627900444098
2025-05-30 08:39:13,982.34,954.79,982.9110295662244,960.6054126611662,73.18,76.76,971.7582211136953,1943.5164422273906,22.305616905058287,0.022953875148636036,149.94,3.5799999999999983,-0.19034318874139444,-1.9384708870554732,-1.0644070378984907,1.7481276983140788,1.6423473292868844,-0.6232189370861079,-2.1005097043148453,-1.3618643207005334,0.0,0.0,0.0,6.480980489747331,0.5119782387407732,1.5144182175937357,0.708234219779163
2025-05-30 08:39:14,984.4,956.85,983.2832721746684,959.6665594958746,73.18,76.76,971.4749158352715,1942.949831670543,23.61671267879376,0.02431016207369391,149.94,3.5799999999999983,0.3722426084439121,-0.9388531652915617,-0.28330527842376796,1.3110957737354738,4.627838751156599,0.5625857971853065,0.9996177217639115,0.7811017594747227,0.0,0.0,0.0,6.479091032120719,0.5483025311483485,1.5683108580837875,0.6586977359349968
2025-05-30 08:39:15,978.22,958.91,982.0174541310014,959.4774196219059,73.18,76.76,970.7474368764537,1941.4948737529073,22.54003450909545,0.02321925727499484,149.94,3.5799999999999983,-1.2658180436669682,-0.1891398739686565,-0.7274789588178692,1.0766781696983116,1.4800107640736633,-1.6380606521108803,0.7497132913229052,-0.4441736803941012,0.0,0.0,0.0,6.474239231707446,0.8314730449149835,1.4070367585081898,0.6337840917222916
2025-05-30 08:39:16,974.1,960.97,980.038090598251,959.8505647164295,73.18,76.76,969.9443276573402,1939.8886553146804,20.187525881821443,0.020813076880161076,149.94,3.5799999999999983,-1.9793635327504262,0.37314509452357925,-0.8031092191134803,2.3525086272740054,2.9292475320147724,-0.713545489083458,0.5622849684922357,-0.07563026029561115,0.0,0.0,0.0,6.4688830278008345,1.0828063016531546,1.4351871929089366,0.5347346947625995
2025-05-30 08:39:17,982.34,960.97,980.6135679486882,960.1304235373223,73.18,76.76,970.3719957430053,1940.7439914860106,20.48314441136597,0.021108548556755966,149.94,3.5799999999999983,0.5754773504372679,0.2798588208927413,0.42766808566511827,0.2956185295445266,0.6912319348142165,2.554840883187694,-0.09328627363083797,1.2307773047785986,0.0,0.0,0.0,6.471735289257503,0.7540217466662605,1.4521007437610018,0.5850671815163997
2025-05-30 08:39:18,978.22,960.97,980.0151759615162,960.3403176529916,73.18,76.76,970.1777468072539,1940.3554936145078,19.674858308524563,0.020279642934495943,149.94,3.5799999999999983,-0.5983919871720218,0.20989411566938543,-0.19424893575137503,0.8082861028414072,4.161062394769341,-1.1738693376092897,-0.06996470522335585,-0.6219170214164933,0.0,0.0,0.0,6.470439778156691,0.5981893678134699,1.6919500153393572,0.4938432868844759
2025-05-30 08:39:19,984.4,960.97,981.1113819711371,960.4977382397437,73.18,76.76,970.8045601054405,1941.609120210881,20.61364373139338,0.021233567040435962,149.94,3.5799999999999983,1.0962060096209143,0.15742058675209591,0.626813298186562,0.9387854228688184,1.4977090114006986,1.694597996792936,-0.052473528917289514,0.821062233937937,0.0,0.0,0.0,6.474620205621051,0.3680267747508635,1.0901554739650219,0.6515102155310002
2025-05-30 08:39:20,984.4,956.85,981.9335364783528,959.5858036798078,73.18,76.76,970.7596700790803,1941.5193401581605,22.347732798545053,0.023020870627746295,149.94,3.5799999999999983,0.8221545072157141,-0.9119345599359576,-0.044890026360235424,1.7340890671516718,38.62885765266735,-0.27405150240520015,-1.0693551466880535,-0.6717033245467974,0.0,0.0,0.0,6.474320819026007,0.3708671124692381,1.0094051726865971,0.5613593219505337
2025-05-30 08:39:21,982.34,956.85,982.0351523587647,958.9018527598558,73.18,76.76,970.4685025593103,1940.9370051186206,23.13329959890882,0.023837249239995584,149.94,3.5799999999999983,0.10161588041182767,-0.6839509199519398,-0.2911675197699424,0.7855668003637675,2.6979798536753163,-0.7205386268038865,0.22798363998401783,-0.24627749340970695,0.0,0.0,0.0,6.47237892548307,0.2645984083054561,1.4340433556566627,0.40167440943666927
2025-05-30 08:39:22,984.4,960.97,982.6263642690735,959.4188895698919,73.18,76.76,971.0226269194827,1942.0452538389654,23.207474699181603,0.02390003490331223,149.94,3.5799999999999983,0.5912119103088571,0.5170368100360747,0.5541243601724091,0.0741751002727824,0.13385978264864787,0.48959602989702944,1.2009877299880145,0.8452918799423514,0.0,0.0,0.0,6.476074566115834,0.32812897359866433,1.5797346894974378,0.43006128046924985
2025-05-30 08:39:23,976.16,963.03,981.009773201805,960.3216671774189,73.18,76.81,970.665720189612,1941.331440379224,20.688106024386116,0.021313316801824977,149.99,3.6299999999999955,-1.6165910672684731,0.902777607527014,-0.3569067298707296,2.519368674795487,7.058879547685873,-2.2078029775773302,0.38574079749093926,-0.9110310900431386,0.0,0.04999999999999716,0.04999999999999716,6.471536193866763,0.20222040714462194,1.2753736462479544,0.4654302218928107
2025-05-30 08:39:24,984.4,956.85,981.8573299013539,959.4537503830642,73.18,76.81,970.655540142209,1941.311080284418,22.40357951828969,0.02308087531435354,149.99,3.6299999999999955,0.847556699548818,-0.8679167943547554,-0.01018004740296874,1.7154734939035734,168.49675932196826,2.464147766817291,-1.7706944018817694,0.34672668246776084,0.0,0.0,0.0,6.471468322359762,0.20208474107502306,1.014076709798978,0.3594760433172387
2025-05-30 08:39:25,980.28,963.03,981.4629974260154,960.3478127872982,73.18,76.81,970.9054051066568,1941.8108102133135,21.11518463871721,0.02174793188492932,149.99,3.6299999999999955,-0.39433247533850135,0.8940624042339778,0.2498649644477382,1.2883948795724791,5.156344051980553,-1.2418891748873193,1.7619791985887332,0.26004501185070694,0.0,0.0,0.0,6.473134199836806,0.2199632413310188,1.1564191161982116,0.3799681365271539
2025-05-30 08:39:26,984.4,960.97,982.1972480695116,960.5033595904736,73.18,76.81,971.3503038299925,1942.700607659985,21.693888479038037,0.02233374342002697,149.99,3.6299999999999955,0.7342506434962388,0.1555468031754117,0.4448987233357684,0.5787038403208271,1.30075118047236,1.1285831188347402,-0.7385156010585661,0.1950337588880302,0.0,0.0,0.0,6.476100389051884,0.28744733704187725,1.0074088443394469,0.36721673845893654
2025-05-30 08:39:27,988.52,963.03,983.7779360521337,961.1350196928552,73.24,76.81,972.4564778724944,1944.9129557449887,22.6429163592785,0.023284246494538884,150.05,3.5700000000000074,1.5806879826220666,0.631660102381602,1.1061740425018343,0.9490278802404646,0.8579364420427077,0.8464373391258277,0.4761132992061903,0.6612753191660659,0.05999999999998806,0.0,0.05999999999998806,6.480882848327967,0.753289742691423,0.8291124279938539,0.547788445225645
2025-05-30 08:39:28,986.46,963.03,984.4484520391003,961.6087647696413,73.24,76.81,973.0286084043707,1946.0572168087415,22.839687269458977,0.023472780809024776,150.05,3.5700000000000074,0.6705159869666204,0.47374507678614464,0.5721305318763825,0.19677091018047577,0.34392600165758913,-0.9101719956554462,-0.15791502559545734,-0.5340435106254517,0.0,0.0,0.0,6.484695780870876,1.0222370861684067,0.7178472705170252,0.4167664881472492
2025-05-30 08:39:29,990.57,958.91,985.9788390293253,960.934073577231,73.24,76.81,973.4564563032782,1946.9129126065563,25.04476545209434,0.02572766893084741,150.05,3.5700000000000074,1.5303869902249971,-0.6746911924103642,0.42784789890743014,2.2050781826353614,5.153871350998743,0.8598710032583767,-1.1484362691965089,-0.14428263296895238,0.0,0.0,0.0,6.487547149721633,1.086419936634395,1.5032669416707878,0.3260940388240136
2025-05-30 08:39:30,986.46,963.03,986.099129271994,961.4580551829231,73.24,76.81,973.7785922274586,1947.5571844549172,24.641074089070912,0.025304596199225714,150.05,3.5700000000000074,0.12029024266871602,0.5239816056921427,0.32213592418042936,0.4036913630234267,1.2531670004936117,-1.4100967475562811,1.198672798102507,-0.10571197472700078,0.0,0.0,0.0,6.489694006916125,0.9564875253129047,1.4177156175493097,0.31011036900380035
2025-05-30 08:39:31,988.52,960.97,986.7043469539955,961.3360413871924,73.24,76.81,974.0201941705939,1948.0403883411877,25.368305566803087,0.02604494823884014,150.05,3.5700000000000074,0.6052176820014665,-0.12201379573070881,0.24160194313526517,0.7272314777321753,3.0100273957549577,0.4849274393327505,-0.6459954014228515,-0.08053398104516418,0.0,0.0,0.0,6.491304149811993,0.6216590929757531,1.2752600480863596,0.34296076627534317
2025-05-30 08:39:32,986.46,956.85,986.6432602154966,960.2145310403943,73.24,76.81,973.4288956279454,1946.8577912558908,26.428729175102376,0.02715013830661297,150.05,3.5700000000000074,-0.06108673849882962,-1.121510346798118,-0.5912985426484738,1.0604236082992884,1.7933780289251935,-0.6663044205002961,-0.9994965510674092,-0.832900485783739,0.0,0.0,0.0,6.487363473112842,0.37693676206593835,1.3117654444726807,0.45635647551942105
2025-05-30 08:39:33,988.52,963.03,987.1124451616225,960.9183982802956,73.24,76.81,974.015421720959,1948.030843441918,26.194046881326926,0.026892846119574362,150.05,3.5700000000000074,0.46918494612589257,0.7038672399013421,0.5865260930136174,0.23468229377544958,0.4001218299561159,0.5302716846247222,1.8253775866994602,1.1778246356620912,0.0,0.0,0.0,6.4912723440832165,0.28854729946075064,0.7583393653671888,0.45937011144032747
2025-05-30 08:39:34,988.52,954.79,987.4643338712169,959.3862987102217,73.24,76.81,973.4253162907194,1946.8506325814387,28.078035160995228,0.028844570469096966,150.05,3.5700000000000074,0.351888709594391,-1.5320995700739104,-0.590105430239646,1.8839882796683014,3.1926245557148083,-0.11729623653150156,-2.2359668099752525,-1.1766315232532634,0.0,0.0,0.0,6.487339618816259,0.2964234998053507,1.2927235107577915,0.5485937375737098
2025-05-30 08:39:35,986.46,956.85,987.2132504034128,958.7522240326663,73.24,76.81,972.9827372180396,1945.9654744360791,28.46102637074648,0.02925131685570411,150.05,3.5700000000000074,-0.2510834678041647,-0.634074677555418,-0.44257907267979135,0.38299120975125334,0.8653602667473671,-0.6029721773985557,0.8980248925184924,0.14752635755985466,0.0,0.0,0.0,6.484390074866041,0.44347910271556296,1.3125302169446458,0.5407036939072677
2025-05-30 08:39:36,984.4,960.97,986.5099378025596,959.3066680244997,73.24,76.81,972.9083029135297,1945.8166058270594,27.203269778059962,0.027960774585471866,150.05,3.5700000000000074,-0.7033126008531099,0.5544439918334092,-0.07443430450985034,1.257756592686519,16.897312383804042,-0.4522291330489452,1.1885186693888272,0.368144768169941,0.0,0.0,0.0,6.483894011527062,0.4428991450475926,0.9926333194606614,0.4990058894635722
2025-05-30 08:39:37,986.46,963.03,986.4974533519197,960.2375010183748,73.24,76.87,973.3674771851472,1946.7349543702944,26.259952333544902,0.026978456669321672,150.11,3.6300000000000097,-0.01248445063993131,0.9308329938751285,0.4591742716174849,0.9433174445150598,2.054373357676998,0.6908281502131786,0.3763890020417193,0.5336085761273353,0.0,0.060000000000002274,0.060000000000002274,6.484361273071653,0.44108596785842025,1.0306631482054245,0.5252952847062651
2025-05-30 08:39:38,986.46,965.09,986.4880900139398,961.4506257637811,73.24,76.87,973.9693578888605,1947.938715777721,25.037464250158678,0.025706624157789033,150.11,3.6300000000000097,-0.009363337979948483,1.213124745406276,0.6018807037132774,1.2224880833862244,2.0311102262191203,0.0031211126599828276,0.2822917515311474,0.14270643209579248,0.0,0.0,0.0,6.488370870698085,0.4235817745717581,1.3907711535355651,0.5296975877688953
2025-05-30 08:39:39,986.46,965.09,986.4810675104549,962.3604693228358,73.24,76.87,974.4207684166454,1948.8415368332908,24.120598187619066,0.024753780855943062,150.11,3.6300000000000097,-0.007022503484904519,0.9098435590547069,0.4514105277849012,0.9168660625396114,2.03110910135308,0.002340834495043964,-0.303281186351569,-0.1504701759283762,0.0,0.0,0.0,6.491378068917909,0.6517132887167145,1.7172966421476452,0.44161764346345495
2025-05-30 08:39:40,978.22,965.09,984.4158006328412,963.0428519921269,73.24,76.87,973.7293263124841,1947.4586526249682,21.3729486407143,0.021949578842104037,150.11,3.6300000000000097,-2.0652668776136807,0.682382669291087,-0.6914421041612968,2.7476495469047677,3.973789788875829,-2.058244374128776,-0.2274608897636199,-1.142852631946198,0.0,0.0,0.0,6.486771832827341,0.5762120435748006,2.245540965060693,0.5359632570706667
2025-05-30 08:39:41,988.52,963.03,985.4418504746309,963.0396389940952,73.24,76.87,974.240744734363,1948.481489468726,22.402211480535698,0.02299453351609654,150.11,3.6300000000000097,1.0260498417896997,-0.003212998031699499,0.5114184218789433,1.0292628398213992,2.0125611108782513,3.0913167194033804,-0.6855956673227865,1.20286052604024,0.0,0.0,0.0,6.49017879051485,0.41667137842170204,1.9699234876982588,0.5388491445377015
2025-05-30 08:39:42,982.34,963.03,984.6663878559732,963.0372292455713,73.24,76.87,973.8518085507723,1947.7036171015445,21.629158610401873,0.022209907501613804,150.11,3.6300000000000097,-0.7754626186576843,-0.0024097485238598892,-0.3889361835907721,0.7730528701338244,1.9876034042227426,-1.801512460447384,0.0008032495078396096,-0.9003546054697154,0.0,0.0,0.0,6.487587782713906,0.2838039268628188,1.6009803383987329,0.593723170404826
2025-05-30 08:39:43,986.46,963.03,985.11479089198,963.0354219341784,73.24,76.87,974.0751064130792,1948.1502128261584,22.079368957801535,0.022667008724244368,150.11,3.6300000000000097,0.44840303600676634,-0.001807311392894917,0.2232978623069357,0.45021034739966126,2.01617842002627,1.2238656546644506,0.0006024371309649723,0.6122340458977078,0.0,0.0,0.0,6.4890753442409155,0.28092545065111557,1.0817786613011129,0.5343943278098696
2025-05-30 08:39:44,982.34,963.03,984.421093168985,963.0340664506339,73.24,76.87,973.7275798098094,1947.4551596196188,21.38702671835108,0.021964076133659853,150.11,3.6300000000000097,-0.6936977229950116,-0.0013554835445575009,-0.3475266032697846,0.6923422394504541,1.9921935205618504,-1.142100759001778,0.00045182784833741607,-0.5708244655767203,0.0,0.0,0.0,6.486760198008454,0.22629988149859914,0.452622719324349,0.49128579434787517
2025-05-30 08:39:45,984.4,960.97,984.4158198767387,962.5180498379755,73.24,76.87,973.466934857357,1946.933869714714,21.89777003876327,0.02249462126772426,150.11,3.6300000000000097,-0.005273292246215533,-0.5160166126584045,-0.26064495245236685,0.510743320412189,1.9595290684804612,0.6884244307487961,-0.514661129113847,0.08688165081741772,0.0,0.0,0.0,6.485023838334109,0.3010675186912215,0.39329017891812157,0.3992564240336925
2025-05-30 08:39:46,982.34,956.85,983.8968649075541,961.1010373784816,73.24,76.87,972.4989511430178,1944.9979022860357,22.79582752907254,0.023440464875400847,150.11,3.6300000000000097,-0.5189549691846196,-1.4170124594938898,-0.9679837143391978,0.8980574903092702,0.9277599914605428,-0.513681676938404,-0.9009958468354853,-0.707338761886831,0.0,0.0,0.0,6.478575342511775,0.6137187920962937,0.5372290118256056,0.42428389955664075
2025-05-30 08:39:47,982.34,960.97,983.5076486806656,961.0682780338611,73.24,76.87,972.2879633572634,1944.5759267145268,22.43937064680449,0.02307893491373018,150.11,3.6300000000000097,-0.3892162268884931,-0.03275934462044461,-0.21098778575446886,0.3564568822680485,1.6894589017771933,0.12973874229612647,1.3842531148734452,0.756995928584729,0.0,0.0,0.0,6.47716978802274,0.7807123334052143,0.5354967896745575,0.4274805333700711
2025-05-30 08:39:48,974.1,960.97,981.1557365104992,961.0437085253959,73.24,76.87,971.0997225179476,1942.1994450358952,20.112027985103282,0.020710569159925807,150.11,3.6300000000000097,-2.351912170166429,-0.02456950846521977,-1.1882408393157675,2.327342661701209,1.9586439264261029,-1.9626959432779358,0.008189836155224839,-0.9772530535612987,0.0,0.0,0.0,6.46925398740053,1.0464350690761373,1.0491355131691844,0.45043125882839347
2025-05-30 08:39:49,980.28,960.97,980.9368023828745,961.0252813940469,73.24,76.87,970.9810418884607,1941.9620837769214,19.911520988827533,0.02050660116864385,150.11,3.6300000000000097,-0.21893412762472053,-0.01842713134897167,-0.11868062948690294,0.20050699627574886,1.6894526738687534,2.1329780425417084,0.006142377116248099,1.0695602098288646,0.0,0.0,0.0,6.468463363000448,1.0380456295904947,1.336594833486264,0.49161758043078735
2025-05-30 08:39:50,984.4,956.85,981.8026017871558,959.9814610455352,73.24,76.87,970.8920314163455,1941.784062832691,21.82114074162064,0.022475352575829076,150.11,3.6300000000000097,0.865799404281347,-1.0438203485117583,-0.08901047211520563,1.9096197527931054,21.453636339386968,1.0847335319060676,-1.0253932171627866,0.029670157371697314,0.0,0.0,0.0,6.467870394700387,0.7753168916580121,1.3303336629766371,0.5218733129401322
2025-05-30 08:39:51,982.34,952.73,981.9369513403669,958.1685957841514,73.24,76.87,970.0527735622592,1940.1055471245184,23.76835555621551,0.024502126254874218,150.11,3.6300000000000097,0.1343495532111092,-1.812865261383763,-0.8392578540863269,1.9472148145948722,2.320159990107867,-0.7314498510702379,-0.7690449128720047,-0.7502473819711213,0.0,0.0,0.0,6.462279442408764,0.7997481138585882,1.6217031734447016,0.4964969507060088
2025-05-30 08:39:52,984.4,958.91,982.5527135052752,958.3539468381135,73.24,76.87,970.4533301716943,1940.9066603433887,24.198766667161635,0.024935528468890737,150.11,3.6300000000000097,0.615762164908233,0.18535105396210838,0.4005566094351707,0.4304111109461246,1.074529857398167,0.4814126116971238,1.9982163153458714,1.2398144635214976,0.0,0.0,0.0,6.464947862945483,0.4345393303226266,1.9945392214726687,0.6374848637554303
2025-05-30 08:39:53,988.52,956.85,984.0445351289563,957.9779601285851,73.29,76.87,971.0112476287707,1942.0224952575413,26.066575000371245,0.026844771404225833,150.16000000000003,3.5799999999999983,1.4918216236811759,-0.3759867095284335,0.5579174570763143,1.8678083332096094,3.3478159926767272,0.8760594587729429,-0.5613377634905419,0.15736084764114366,0.05000000000001137,0.0,0.05000000000001137,6.466510663041155,0.415355994447621,2.3580842096986596,0.5469263265461433
2025-05-30 08:39:54,982.34,956.85,983.6184013467173,957.6959700964388,73.29,76.87,970.6571857215781,1941.3143714431562,25.922431250278464,0.026706062248230196,150.16000000000003,3.5799999999999983,-0.42613378223904874,-0.2819900321462683,-0.3540619071925448,0.14414375009278046,0.4071133890746508,-1.9179554059202246,0.09399667738216522,-0.9119793642688592,0.0,0.0,0.0,6.464152765433039,0.3800525311167197,1.7446584175230067,0.5675335599821052
2025-05-30 08:39:55,982.34,965.09,983.298801010038,959.5444775723291,73.29,76.92,971.4216392911835,1942.843278582367,23.754323437708877,0.024453154482525757,150.21,3.6299999999999955,-0.31960033667928656,1.848507475890301,0.7644535696053936,2.1681078125695876,2.8361499803562564,0.10653344555976219,2.1304975080365693,1.1185154767979384,0.0,0.04999999999999716,0.04999999999999716,6.467090292417903,0.5237770282368021,1.1582862098685383,0.6763363486290663
2025-05-30 08:39:56,988.52,965.09,984.6041007575285,960.9308581792469,73.29,76.92,972.7674794683877,1945.5349589367754,23.673242578281588,0.024335972422600844,150.21,3.6299999999999955,1.3052997474904942,1.3863806069177826,1.3458401772041952,0.08108085942728849,0.06024548869557039,1.6249000841697807,-0.4621268689725184,0.5813866075988017,0.0,0.0,0.0,6.476050016592355,0.9185010792790115,1.178873890287501,0.6162034428058804
2025-05-30 08:39:57,984.4,965.09,984.5530755681464,961.9706436344352,73.29,76.92,973.2618596012908,1946.5237192025816,22.582431933711177,0.02320283250363836,150.21,3.6299999999999955,-0.05102518938213052,1.0397854551882801,0.4943801329030748,1.0908106445704107,2.2064164102805033,-1.3563249368726247,-0.3465951517295025,-0.8514600443011204,0.0,0.0,0.0,6.479341276359427,1.133744877306297,1.5283894459562315,0.6121991036669181
2025-05-30 08:39:58,982.34,956.85,983.9998066761098,960.6904827258264,73.29,76.92,972.3451447009681,1944.6902894019363,23.30932395028333,0.023972273686294312,150.21,3.6299999999999955,-0.5532688920366127,-1.2801609086087637,-0.9167149003226314,0.7268920165721511,0.7929305211312762,-0.5022437026544821,-2.319946363797044,-1.4110950332257062,0.0,0.0,0.0,6.473238387775313,1.0484503775231484,1.2484404540376974,0.9013817894244085
2025-05-30 08:39:59,986.46,960.97,984.6148550070823,960.7603620443699,73.29,76.92,972.6876085257261,1945.3752170514522,23.854492962712357,0.024524310507402884,150.21,3.6299999999999955,0.6150483309725132,0.06987931854348517,0.34246382475794235,0.545169012429028,1.591897833052954,1.1683172230091259,1.350040227152249,1.2591787250805737,0.0,0.0,0.0,6.4755182880647615,0.6844635354872751,0.5189816533195355,0.8326480477202522
2025-05-30 08:40:00,986.46,963.03,985.0761412553118,961.3277715332774,73.29,76.92,973.2019563942946,1946.4039127885892,23.74836972203434,0.024402303696161438,150.21,3.6299999999999955,0.4612862482294986,0.567409488907515,0.5143478685685068,0.10612324067801637,0.20632540900375612,-0.15376208274301462,0.4975301703640298,0.17188404381056444,0.0,0.0,0.0,6.478942479963731,0.3812878382720289,0.5180711917807476,0.8130180057204732
2025-05-30 08:40:01,984.4,960.97,984.9071059414838,961.238328649958,73.29,76.92,973.0727172957208,1946.1454345914417,23.66877729152577,0.024323749753235535,150.21,3.6299999999999955,-0.1690353138279761,-0.08944288331940697,-0.12923909857374838,0.07959243050856912,0.6158493485143176,-0.6303215620574747,-0.6568523722269219,-0.6435869671422552,0.0,0.0,0.0,6.478082090524191,0.3885761557141891,0.5175583533216181,0.6051202037208975
2025-05-30 08:40:02,980.28,960.97,983.7503294561129,961.1712464874686,73.29,76.92,972.4607879717908,1944.9215759435815,22.579082968644343,0.023218502200502936,150.21,3.6299999999999955,-1.1567764853708695,-0.06708216248944154,-0.6119293239300987,1.089694322881428,1.7807490171150673,-0.9877411715428934,0.02236072082996543,-0.4826902253563503,0.0,0.0,0.0,6.47400826508077,0.3740951697995721,0.5189341156217032,0.6093066757820352
2025-05-30 08:40:03,982.34,956.85,983.3977470920847,960.0909348656014,73.29,76.92,971.7443409788431,1943.4886819576861,23.306812226483316,0.023984510348701114,150.21,3.6299999999999955,-0.3525823640281942,-1.0803116218671676,-0.7164469929476809,0.7277292578389734,1.015746104396047,0.8041941213426753,-1.013229459377726,-0.1045176690175822,0.0,0.0,0.0,6.46923862931632,0.5786655866236662,0.5190837640140848,0.5509307384904556
2025-05-30 08:40:04,986.46,960.97,984.1633103190636,960.3107011492011,73.29,76.92,972.2370057341324,1944.4740114682647,23.85260916986249,0.024533739206231652,150.21,3.6299999999999955,0.7655632269788839,0.21976628359971073,0.4926647552892973,0.5457969433791732,1.1078442889919897,1.118145591007078,1.3000779054668783,1.2091117482369782,0.0,0.0,0.0,6.472518469220517,0.6027169377597638,0.5187005444997554,0.5854742205333292
2025-05-30 08:40:05,980.28,956.85,983.1924827392977,959.4455258619008,73.29,76.92,971.3190043005993,1942.6380086011986,23.746956877396883,0.02444815426014215,150.21,3.6299999999999955,-0.9708275797659098,-0.8651752873003034,-0.9180014335330497,0.10565229246560648,0.11508933811753648,-1.7363908067447937,-1.084941570900014,-1.410666188822347,0.0,0.0,0.0,6.466407015739247,0.6725461111745135,0.5184848590509388,0.5658621765572281
2025-05-30 08:40:06,984.4,954.79,983.4943620544733,958.2816443964256,73.29,76.92,970.8880032254494,1941.7760064508989,25.212717658047723,0.02596871889272317,150.21,3.6299999999999955,0.3018793151755972,-1.1638814654752423,-0.4310010751498794,1.4657607806508395,3.400820704032867,1.272706894941507,-0.29870617817493894,0.48700035838317035,0.0,0.0,0.0,6.463537692310177,0.6459851822757762,0.9639769008009147,0.5487180052801359
2025-05-30 08:40:07,984.4,963.03,983.720771540855,959.4687332973192,73.29,76.92,971.5947524190872,1943.1895048381743,24.25203824353582,0.024961063404461345,150.21,3.6299999999999955,0.2264094863817263,1.1870889008936274,0.7067491936377337,0.9606794145119011,1.3592913354111178,-0.07546982879387087,2.3509703663688697,1.137750268787613,0.0,0.0,0.0,6.46824276646591,0.5007812908914121,0.7198825333265942,0.730409871331764
2025-05-30 08:40:08,984.4,960.97,983.8905786556413,959.8440499729895,73.29,76.92,971.8673143143154,1943.7346286286308,24.046528682651797,0.024742604575476248,150.21,3.6299999999999955,0.16980711478629473,0.37531667567031946,0.27256189522825025,0.20550956088402472,0.7539894992380619,-0.05660237159543158,-0.8117722252233079,-0.43418729840948345,0.0,0.0,0.0,6.470057305400826,0.5151200298284765,0.5863721868898266,0.6785954319482365
2025-05-30 08:40:09,976.16,963.03,981.9579339917309,960.6405374797421,73.29,76.92,971.2992357357365,1942.598471471473,21.317396511988818,0.021947300796436937,150.21,3.6299999999999955,-1.9326446639104233,0.7964875067525554,-0.568078578578934,2.7291321706629788,4.804137084966115,-2.102451778696718,0.42117083108223596,-0.8406404738071842,0.0,0.0,0.0,6.466275409556362,0.36570642535327064,1.44836141656468,0.6612684261419893
2025-05-30 08:40:10,984.4,954.79,982.5684504937982,959.1779031098065,73.29,76.92,970.8731768018024,1941.7463536036048,23.390547383991702,0.024092278908097238,150.21,3.6299999999999955,0.6105165020672985,-1.4626343699355857,-0.4260589339340868,2.073150872002884,4.86586676400229,2.543161165977722,-2.259121876688141,0.14201964464484718,0.0,0.0,0.0,6.463438987673014,0.43604569572676066,1.4551577952698784,0.5531802127487722
2025-05-30 08:40:11,984.4,958.91,983.0263378703487,959.1109273323548,73.29,76.92,971.0686326013517,1942.1372652027035,23.91541053799392,0.02462793021055585,150.21,3.6299999999999955,0.45788737655050227,-0.06697577745171657,0.195455799549336,0.5248631540022188,2.6853154007043694,-0.1526291255167962,1.3956585924838691,0.6215147334834228,0.0,0.0,0.0,6.4647402046242695,0.3988054450354874,1.1985119851309238,0.5267118451661107
2025-05-30 08:40:12,980.28,963.03,982.3397534027615,960.0906954992661,73.29,76.92,971.2152244510138,1942.4304489020276,22.24905790349544,0.022908473138035294,150.21,3.6299999999999955,-0.6865844675871813,0.979768166911299,0.14659184966205885,1.6663526344984803,11.367216329718199,-1.1444718441376835,1.0467439443630155,-0.04886394988727716,0.0,0.0,0.0,6.465716117337712,0.37367010713719556,1.1704145007562115,0.39032464616351875
2025-05-30 08:40:13,976.16,960.97,980.794815052071,960.3105216244496,73.29,76.92,970.5526683382603,1941.1053366765207,20.484293427621424,0.021105802987063,150.21,3.6299999999999955,-1.5449383506904724,0.21982612518354472,-0.6625561127534638,1.764764475874017,2.6635658147868715,-0.8583538831032911,-0.7599420417277543,-0.8091479624155227,0.0,0.0,0.0,6.4613052518271425,0.2986418359179286,1.4194746584773024,0.40535583771104305
2025-05-30 08:40:14,984.4,956.85,981.6961112890533,959.4453912183372,73.29,76.92,970.5707512536953,1941.1415025073907,22.250720070716056,0.02292539726655599,150.21,3.6299999999999955,0.9012962369822617,-0.865130406112371,0.018082915435002178,1.7664266430946327,97.67943504511416,2.446234587672734,-1.0849565312959157,0.680639028188466,0.0,0.0,0.0,6.461425636057983,0.294926590009231,1.3205897832094389,0.3789419551239562
2025-05-30 08:40:15,980.28,960.97,981.34208346679,959.8265434137529,73.29,76.92,970.5843134402714,1941.168626880543,21.515540053037057,0.022167615665049052,150.21,3.6299999999999955,-0.3540278222633333,0.38115219541566603,0.013562186576109525,0.7351800176789993,54.204077600315586,-1.255324059245595,1.246282601528037,-0.004520728858892653,0.0,0.0,0.0,6.461515924231113,0.31812313003647996,1.254123909850134,0.3473093933801314
2025-05-30 08:40:16,982.34,965.09,981.5915626000925,961.1424075603147,73.29,76.98,971.3669850802037,1942.7339701604074,20.449155039777793,0.02105193539909884,150.27,3.6899999999999977,0.24947913330254323,1.3158641465618075,0.7826716399322322,1.0663850132592643,1.3624917479568435,0.6035069555658765,0.9347119511461415,0.7691094533561227,0.0,0.060000000000002274,0.060000000000002274,6.4641443975248505,0.39916121975872415,0.8944374149003474,0.513749149219882
2025-05-30 08:40:17,980.28,965.09,981.2636719500695,962.1293056702361,73.29,76.98,971.6964888101528,1943.3929776203056,19.13436627983333,0.019691710817615227,150.27,3.6899999999999977,-0.3278906500230505,0.9868981099214125,0.32950372994912414,1.314788759944463,3.9901969241760744,-0.5773697833255937,-0.32896603664039503,-0.4531679099831081,0.0,0.0,0.0,6.466337142102986,0.5400140910145698,1.1840796612846065,0.5278058484451398
2025-05-30 08:40:18,982.34,963.03,981.5327539625521,962.354479252677,73.29,76.98,971.9436166076146,1943.8872332152291,19.17827470987504,0.019731879877025484,150.27,3.6899999999999977,0.2690820124826132,0.22517358244090246,0.24712779746175784,0.043908430041710744,0.17767427548991085,0.5969726625056637,-0.76172452748051,-0.0823759324873663,0.0,0.0,0.0,6.467981700536586,0.631885250059654,1.3884058615858228,0.314556536815913
2025-05-30 08:40:19,978.22,965.09,980.7045654719141,963.0383594395078,73.29,76.98,971.8714624557109,1943.7429249114218,17.666206032406308,0.018177512867380712,150.27,3.6899999999999977,-0.8281884906380128,0.68388018683072,-0.07215415190364638,1.5120686774687329,20.955796468807932,-1.097270503120626,0.4587066043898176,-0.3192819493654042,0.0,0.0,0.0,6.467501537154518,0.5543660716567109,1.4597899308263478,0.3351268344280007
2025-05-30 08:40:20,976.16,956.85,979.5684241039355,961.4912695796307,73.29,76.98,970.5298468417832,1941.0596936835664,18.077154524304774,0.01862606756969285,150.27,3.6899999999999977,-1.1361413679785528,-1.547089859877019,-1.341615613927729,0.4109484918984663,0.3063084398570242,-0.30795287734054,-2.230970046707739,-1.2694614620240827,0.0,0.0,0.0,6.458573503581618,0.5767581602787366,1.0876077668191024,0.8041711738467863
2025-05-30 08:40:21,982.34,965.09,980.2613180779517,962.3909521847231,73.29,76.98,971.3261351313374,1942.6522702626748,17.87036589322861,0.018397904914207185,150.27,3.6899999999999977,0.692893974016215,0.8996826050923801,0.7962882895542407,0.20678863107616507,0.2596903333861547,1.8290353419947678,2.446772464969399,2.13790390348197,0.0,0.0,0.0,6.4638725538528305,0.5790737078140624,0.7188734383175661,0.8075464119660836
2025-05-30 08:40:22,978.22,965.09,979.7509885584639,963.0657141385424,73.29,76.98,971.4083513485032,1942.8167026970063,16.685274419921484,0.01717637529014725,150.27,3.6899999999999977,-0.5103295194878683,0.6747619538192566,0.082216217165751,1.185091473307125,14.414152098069248,-1.2032234935040833,-0.22492065127312344,-0.7140720723884897,0.0,0.0,0.0,6.464419677141701,0.565514562008077,0.8939187202932452,0.7890565145373208
2025-05-30 08:40:23,976.16,963.03,978.8532414188478,963.0567856039067,73.29,76.98,970.9550135113773,1941.9100270227545,15.796455814941055,0.016268988345346208,150.27,3.6899999999999977,-0.8977471396160581,-0.008928534635629148,-0.4533378371259005,0.888818604980429,1.9606054725322106,-0.3874176201281898,-0.6836904884548858,-0.5355540542916515,0.0,0.0,0.0,6.461402855193813,0.504394823980798,0.9577571275374664,0.7835849031550478
2025-05-30 08:40:24,982.34,960.97,979.724931064136,962.5350892029301,73.29,76.98,971.130010133533,1942.260020267066,17.189841861205878,0.01770086565561017,150.27,3.6899999999999977,0.8716896452881429,-0.5216964009766798,0.17499662215573153,1.3933860462648227,7.962314168045319,1.769436784904201,-0.5127678663410506,0.628334459281632,0.0,0.0,0.0,6.462567403147438,0.34952657259421865,0.9253045819651478,0.801086091675606
2025-05-30 08:40:25,984.4,963.03,980.893698298102,962.6588169021975,73.34,76.98,971.7762576001497,1943.5525152002995,18.234881395904495,0.018764485378735186,150.32,3.6400000000000006,1.1687672339660367,0.12372769926741967,0.6462474666167282,1.045039534698617,1.6170862890703006,0.2970775886778938,0.6454241002440995,0.47125084446099663,0.04999999999999716,0.0,0.04999999999999716,6.464716944754077,0.3103716727777271,0.9676504930730646,0.4959590182607002
2025-05-30 08:40:26,982.34,960.97,981.2552737235765,962.2366126766481,73.34,76.98,971.7459432001123,1943.4918864002245,19.0186610469284,0.019571639233939397,150.32,3.6400000000000006,0.3615754254744843,-0.4222042255494216,-0.03031440003746866,0.7837796510239059,25.854174777676846,-0.8071918084915524,-0.5459319248168413,-0.6765618666541968,0.0,0.0,0.0,6.464515278975499,0.3647516981827681,1.2690864839655238,0.3956657385778968
2025-05-30 08:40:27,982.34,954.79,981.5264552926824,960.374959507486,73.34,76.98,970.9507074000842,1941.9014148001684,21.151495785196403,0.021784314695078057,150.32,3.6400000000000006,0.27118156910592006,-1.8616531691620821,-0.795235800028081,2.132834738268002,2.6820121229207308,-0.09039385636856423,-1.4394489436126605,-0.7649213999906124,0.0,0.0,0.0,6.459224992954093,0.41681319886995283,2.0093260902887096,0.5579440259191816
2025-05-30 08:40:28,978.22,963.03,980.6998414695117,961.0387196306144,73.34,76.98,970.8692805500631,1941.7385611001262,19.661121838897316,0.020251049459003287,150.32,3.6400000000000006,-0.8266138231706464,0.6637601231284407,-0.08142685002110284,1.490373946299087,18.303000090421666,-1.0977953922765664,2.525413292290523,0.7138089500069782,0.0,0.0,0.0,6.458683302896353,0.43644964702666067,1.4929279957987058,0.5212338367143269
2025-05-30 08:40:29,974.1,960.97,979.0498811021338,961.0215397229608,73.34,76.98,970.0357104125474,1940.0714208250947,18.028341379172957,0.01858523471565849,150.32,3.6400000000000006,-1.6499603673779575,-0.017179907653599003,-0.8335701375157214,1.6327804597243585,1.958777585066714,-0.8233465442073111,-0.6809400307820397,-0.7521432874946186,0.0,0.0,0.0,6.453137998665576,0.7210785856118609,1.2605856481098268,0.6150052558306116
2025-05-30 08:40:30,976.16,963.03,978.3274108266003,961.5236547922207,73.34,76.98,969.9255328094105,1939.851065618821,16.803756034379603,0.017324789840702893,150.32,3.6400000000000006,-0.7224702755335102,0.502115069259844,-0.11017760313688996,1.2245853447933541,11.114547742739887,0.9274900918444473,0.519294976913443,0.7233925343788314,0.0,0.0,0.0,6.452405044950808,0.7460629460507195,1.644027777600503,0.40678344993990107
2025-05-30 08:40:31,982.34,963.03,979.3305581199502,961.9002410941655,73.34,76.98,970.6153996070578,1941.2307992141157,17.43031702578469,0.01795800583308604,150.32,3.6400000000000006,1.0031472933499117,0.3765863019448261,0.6898667976473689,0.6265609914050856,0.9082334231889411,1.7256175688834219,-0.12552876731501783,0.8000444007842589,0.0,0.0,0.0,6.456994366352205,0.4733557563579378,1.7717525617083518,0.6257593433738584
2025-05-30 08:40:32,978.22,960.97,979.0529185899627,961.6676808206241,73.34,76.98,970.3602997052934,1940.7205994105868,17.385237769338573,0.017916270643700435,150.32,3.6400000000000006,-0.2776395299874821,-0.23256027354136677,-0.25509990176442443,0.04507925644611532,0.1767114743002525,-1.2807868233373938,-0.6091465754861929,-0.9449666994117933,0.0,0.0,0.0,6.455297320715781,0.39322813276507174,1.0952215815282598,0.544262004796012
2025-05-30 08:40:33,980.28,963.03,979.3596889424721,962.0082606154681,73.34,76.98,970.6839747789701,1941.3679495579402,17.351428327003987,0.01787546591884298,150.32,3.6400000000000006,0.3067703525093748,0.3405797948439613,0.32367507367666803,0.03380944233458649,0.10445456147110828,0.5844098824968569,0.573140068385328,0.5787749754410925,0.0,0.0,0.0,6.457450560946778,0.33826766766395117,0.4341128422214978,0.5800578299460944
2025-05-30 08:40:34,982.34,960.97,980.1047667068541,961.7486954616011,73.34,76.98,970.9267310842276,1941.8534621684553,18.35607124525302,0.018905722377062572,150.32,3.6400000000000006,0.7450777643820174,-0.2595651538670154,0.24275630525755787,1.0046429182490328,4.138466264416382,0.43830741187264266,-0.6001449487109767,-0.08091876841911017,0.0,0.0,0.0,6.459065491120025,0.3803825140884124,0.5594002005917761,0.373511670567054
2025-05-30 08:40:35,982.34,958.91,980.6635750301406,961.0390215962008,73.34,76.98,970.8512983131707,1941.7025966263413,19.62455343393981,0.02021375822211209,150.32,3.6400000000000006,0.5588083232864847,-0.7096738654003047,-0.07543277105696689,1.2684821886867894,16.81583952270984,-0.18626944109553278,-0.45010871153328935,-0.31818907631452475,0.0,0.0,0.0,6.458563676520803,0.22154701330316526,0.9854845870378958,0.36707290992299724
2025-05-30 08:40:36,980.28,960.97,980.5676812726053,961.0217661971506,73.34,76.98,970.794723734878,1941.589447469756,19.545915075454786,0.020133932104743086,150.32,3.6400000000000006,-0.09589375753523655,-0.017255399050213782,-0.056574578292725164,0.07863835848502276,1.3899700340338292,-0.6547020808217212,0.692418466350091,0.01885819276424172,0.0,0.0,0.0,6.458187315571386,0.22146374101318414,1.1101769771500112,0.24043267989028755
2025-05-30 08:40:37,980.28,963.03,980.495760954454,961.523824647863,73.34,76.98,971.0097928011585,1942.019585602317,18.971936306591033,0.019538357313907864,150.32,3.6400000000000006,-0.07192031815134214,0.5020584507124113,0.21506906628053457,0.5739787688637534,2.668798958359287,0.0239734393838944,0.5193138497626251,0.27164364457325973,0.0,0.0,0.0,6.459618057088481,0.12448728434747622,0.9429695980342129,0.18335308142752382
2025-05-30 08:40:38,974.1,960.97,978.8968207158405,961.3853684858973,73.34,76.98,970.1410946008689,1940.2821892017378,17.51145222994319,0.018050417933380355,150.32,3.6400000000000006,-1.5989402386135225,-0.1384561619656779,-0.8686982002896002,1.4604840766478446,1.6812310592216038,-1.5270199204621804,-0.6405146126780892,-1.0837672665701348,0.0,0.0,0.0,6.453839064309672,0.3469922751728833,0.8836356912664519,0.4499358005601774
2025-05-30 08:40:39,978.22,958.91,978.7276155368804,960.7665263644229,73.34,76.98,969.7470709506517,1939.4941419013035,17.96108917245749,0.01852141624550478,150.32,3.6400000000000006,-0.1692051789600555,-0.6188421214743585,-0.39402365021715013,0.449636942514303,1.141139119764473,1.429735059653467,-0.48038595950868057,0.4746745500724501,0.0,0.0,0.0,6.451217831954723,0.5397892337604582,0.9487245659361202,0.41434197322273303
2025-05-30 08:40:40,980.28,956.85,979.1157116526604,959.7873947733171,73.34,76.98,969.4515532129888,1938.9031064259775,19.32831687934322,0.019937372626148562,150.32,3.6400000000000006,0.38809611577994474,-0.9791315911057836,-0.2955177376629763,1.3672277068857284,4.626534742595512,0.5573012947400002,-0.36028946963142516,0.09850591255417385,0.0,0.0,0.0,6.44925190768851,0.6659743048658833,0.8854893486265099,0.4046047609932292
2025-05-30 08:40:41,974.1,960.97,977.8617837394953,960.083046079988,73.34,76.98,968.9724149097417,1937.9448298194834,17.77873765950733,0.018348032789783142,150.32,3.6400000000000006,-1.2539279131650574,0.29565130667083395,-0.47913830324705486,1.5495792198358913,3.234089145546246,-1.642024028945002,1.2747828977766176,-0.18362056558407858,0.0,0.0,0.0,6.446064452259694,0.7694690613605133,0.7932189880816395,0.39015646203343485
2025-05-30 08:40:42,974.1,956.85,976.9213378046214,959.274784559991,73.34,76.98,968.0980611823062,1936.1961223646124,17.646553244630468,0.0182280638025979,150.32,3.6400000000000006,-0.9404459348738783,-0.8082615199970178,-0.8743537274355049,0.1321844148768605,0.15117939061707747,0.3134819782911791,-1.1039128266678517,-0.39521542418845,0.0,0.0,0.0,6.440247836229766,0.7875018822070831,0.7362526144925042,0.27187022807969924
2025-05-30 08:40:43,980.28,965.09,977.7610033534661,960.7285884199932,73.34,77.03,969.2447958867297,1938.4895917734593,17.032414933472865,0.017572872186863386,150.37,3.6899999999999977,0.839665548844664,1.4538038600022674,1.1467347044234657,0.6141383111576033,0.535553492220222,1.7801114837185423,2.262065379999285,2.0210884318589706,0.0,0.04999999999999716,0.04999999999999716,6.445732456214651,0.6291615558823284,0.8460572968609364,0.7731402734721743
2025-05-30 08:40:44,984.4,965.09,979.4207525150996,961.818941314995,73.38,77.03,970.6198469150472,1941.2396938300944,17.601811200104635,0.018134608763579724,150.41,3.6500000000000057,1.6597491616334992,1.090352895001729,1.3750510283175572,0.5693962666317702,0.4140907070465211,0.8200836127888351,-0.3634509650005384,0.2283163238940915,0.03999999999999204,0.0,0.03999999999999204,6.453160298263992,0.9106882039364268,0.8599612030236002,1.0167124622519217
2025-05-30 08:40:45,984.4,960.97,980.6655643863247,961.6067059862462,73.38,77.03,971.1361351862854,1942.2722703725708,19.05885840007852,0.01962532099250667,150.41,3.6500000000000057,1.2448118712251244,-0.21223532874876128,0.5162882712381816,1.4570471999738857,2.822152775864484,-0.4149372904083748,-1.3025882237504902,-0.8587627570793757,0.0,0.0,0.0,6.4565928377747,1.2424408266114622,0.7473930611090164,0.9872720067428499
2025-05-30 08:40:46,980.28,963.03,980.5691732897435,961.9625294896846,73.38,77.03,971.265851389714,1942.531702779428,18.60664380005892,0.019157106938619238,150.41,3.6500000000000057,-0.0963910965812147,0.355823503438387,0.12971620342864298,0.4522146000196017,3.4861574877257007,-1.341202967806339,0.5680588321871483,-0.38657206780953857,0.0,0.0,0.0,6.457455255184222,1.363680477367808,0.8228487813652949,0.8946605429439852
2025-05-30 08:40:47,982.34,958.91,981.0118799673077,961.1993971172634,73.38,77.03,971.1056385422855,1942.211277084571,19.812482850044262,0.020401985163408735,150.41,3.6500000000000057,0.4427066775641606,-0.7631323724211825,-0.16021284742851094,1.205839049985343,7.526434633082517,0.5390977741453753,-1.1189558758595695,-0.2899290508571539,0.0,0.0,0.0,6.4563900810178545,0.8360210453894754,1.1154348768088778,0.6530140745967165
2025-05-30 08:40:48,982.34,965.09,981.3439099754808,962.1720478379476,73.38,77.03,971.7579789067142,1943.5159578134285,19.17186213753314,0.01972905037463503,150.41,3.6500000000000057,0.33203000817309203,0.9726507206842143,0.65234036442871,0.6406207125111223,0.9820329469251852,-0.11067666939106857,1.7357830931053968,0.812553211857221,0.0,0.0,0.0,6.460727162063607,0.4070052114168633,0.8201809668665516,0.5835545244627374
2025-05-30 08:40:49,978.22,956.85,980.5629324816107,960.8415358784607,73.38,77.03,970.7022341800357,1941.4044683600714,19.72139660314997,0.02031662840406693,150.41,3.6500000000000057,-0.7809774938700684,-1.3305119594868984,-1.0557447266785402,0.54953446561683,0.52051782141303,-1.1130075020431605,-2.3031626801711127,-1.7080850911072503,0.0,0.0,0.0,6.453708049506866,0.3795469665412038,0.4980485768053903,0.6796755431118248
2025-05-30 08:40:50,980.28,963.03,980.4921993612079,961.3886519088455,73.38,77.03,970.9404256350267,1941.8808512700534,19.103547452362363,0.01967530337424432,150.41,3.6500000000000057,-0.07073312040279234,0.5471160303848137,0.2381914549910107,0.617849150787606,2.5939073125171976,0.7102443734672761,1.877627989871712,1.293936181669551,0.0,0.0,0.0,6.455291663983346,0.396656508168087,0.4935980263833342,0.6386928159189131
2025-05-30 08:40:51,976.16,956.85,979.4091495209059,960.2539889316341,73.38,77.03,969.83156922627,1939.66313845254,19.15516058927176,0.01975101778219356,150.41,3.6500000000000057,-1.0830498403020101,-1.1346629772114056,-1.1088564087567647,0.05161313690939551,0.0465462344407866,-1.0123167198992178,-1.6817790075962193,-1.3470478637477754,0.0,0.0,0.0,6.447919438723161,0.6991863362152311,0.34389767616022093,0.7811334193098409
2025-05-30 08:40:52,982.34,963.03,980.1418621406795,960.9479916987257,73.38,77.03,970.5449269197026,1941.0898538394051,19.193870441953777,0.019776385296345365,150.41,3.6500000000000057,0.7327126197735652,0.694002767091547,0.7133576934326129,0.03870985268201821,0.054264219443026826,1.8157624600755753,1.8286657443029526,1.8222141021893776,0.0,0.0,0.0,6.452662193119077,0.6964172178971412,0.2549885870441875,0.9044946486137893
2025-05-30 08:40:53,980.28,963.03,980.1763966055096,961.4684937740442,73.38,77.03,970.8224451897769,1941.6448903795538,18.70790283146539,0.019270158930594358,150.41,3.6500000000000057,0.03453446483013067,0.5205020753185181,0.2775182700743244,0.48596761048838744,1.7511130321084984,-0.6981781549434345,-0.17350069177302885,-0.4358394233582885,0.0,0.0,0.0,6.4545072716925045,0.43712817372162077,0.36144664681090033,0.8384130178916286
2025-05-30 08:40:54,982.34,956.85,980.7172974541322,960.3138703305332,73.38,77.03,970.5155838923326,1941.0311677846653,20.403427123599045,0.02102328642755651,150.41,3.6500000000000057,0.5409008486226412,-1.1546234435110136,-0.30686129744424306,1.6955242921336549,5.525358788795916,0.5063663837925105,-1.6751255188295318,-0.5843795675185675,0.0,0.0,0.0,6.452467106175558,0.4307565061673769,0.6399510055086145,0.6998909706814355
2025-05-30 08:40:55,982.34,954.79,981.1229730905992,958.9329027478999,73.38,77.03,970.0279379192496,1940.055875838499,22.1900703426993,0.022875702288969353,150.41,3.6500000000000057,0.4056756364669809,-1.380967582633275,-0.4876459730830902,1.786643219100256,3.663804591679132,-0.1352252121556603,-0.22634413912226137,-0.18078467563884715,0.0,0.0,0.0,6.4492249948143385,0.40654091918351687,1.4113677307893462,0.7037211466358873
2025-05-30 08:40:56,976.16,960.97,979.8822298179493,959.4421770609249,73.38,77.03,969.6622034394371,1939.3244068788742,20.440052757024432,0.021079560143154027,150.41,3.6500000000000057,-1.2407432726498655,0.5092743130250028,-0.36573447981243135,1.7500175856748683,4.7849270368091465,-1.6464189091168464,1.8902418956582778,0.12191149327065887,0.0,0.0,0.0,6.446793411293423,0.46345122977272846,1.3506666805265222,0.5113420566782508
2025-05-30 08:40:57,980.28,960.97,979.9816723634619,959.8241327956937,73.38,77.03,969.9029025795778,1939.8058051591556,20.157539567768254,0.02078304899735191,150.41,3.6500000000000057,0.09944254551260201,0.38195573476878053,0.24069914014069127,0.2825131892561785,1.1737142699254233,1.3401858181624675,-0.12731857825622228,0.6064336199531226,0.0,0.0,0.0,6.448393698099755,0.4725405797432042,1.2375285038335333,0.3599435984581898
2025-05-30 08:40:58,982.34,956.85,980.5712542725964,959.0805995967702,73.38,77.03,969.8259269346834,1939.6518538693667,21.49065467582625,0.022159290710645572,150.41,3.6500000000000057,0.5895819091344947,-0.743533198923501,-0.0769756448944463,1.3331151080579957,17.318436129374312,0.4901393636218927,-1.1254889336922815,-0.3176747850351376,0.0,0.0,0.0,6.447881925980995,0.3238774915006326,0.8683219170089462,0.2876524639567645
2025-05-30 08:40:59,982.34,960.97,981.0134407044474,959.5529496975776,73.38,77.03,970.2831952010124,1940.5663904020248,21.460491006869802,0.022117760145589346,150.41,3.6500000000000057,0.4421864318509279,0.4723501008073754,0.45726826632903794,0.03016366895644751,0.0659647852535591,-0.14739547728356683,1.2158832997308764,0.5342439112234842,0.0,0.0,0.0,6.450922071338943,0.23295648525863125,0.834142424587852,0.39803109092764605
2025-05-30 08:41:00,978.22,960.97,980.3150805283356,959.9072122731832,73.38,77.03,970.1111464007594,1940.2222928015187,20.40786825515238,0.02103662895724025,150.41,3.6500000000000057,-0.6983601761118052,0.3542625756056168,-0.17204880025303737,1.052622751717422,6.118128298721108,-1.140546607962733,-0.11808752520175858,-0.6293170665820753,0.0,0.0,0.0,6.449778205910386,0.2435036367172041,0.6342240097359888,0.32974738910120105
2025-05-30 08:41:01,982.34,960.97,980.8213103962516,960.1729092048874,73.38,77.03,970.4971098005695,1940.994219601139,20.6484011913642,0.021276107843671163,150.41,3.6500000000000057,0.5062298679160904,0.26569693170426945,0.3859633998101799,0.24053293621182092,0.6231997985568534,1.2045900440278956,-0.08856564390134736,0.5580122000632173,0.0,0.0,0.0,6.452344281285987,0.27497766048312666,0.6118241479448311,0.2793342096184928
2025-05-30 08:41:02,980.28,958.91,980.6859827971887,959.8571819036656,73.38,77.03,970.2715823504271,1940.5431647008543,20.828800893523066,0.02146698022588636,150.41,3.6500000000000057,-0.13532759906297542,-0.3157273012218411,-0.22552745014240827,0.1803997021588657,0.7998977603267066,-0.6415574669790658,-0.5814242329261106,-0.6114908499525882,0.0,0.0,0.0,6.450844863370669,0.2490587048794346,0.48759096576775296,0.32298054470865484
2025-05-30 08:41:03,978.22,956.85,980.0694870978916,959.1053864277492,73.38,77.03,969.5874367628204,1939.1748735256408,20.964100670142443,0.02162167108777111,150.41,3.6500000000000057,-0.6164956992970474,-0.751795475916424,-0.6841455876067357,0.13529977661937664,0.19776430822037555,-0.48116810023407197,-0.4360681746945829,-0.45861813746432745,0.0,0.0,0.0,6.446296325487163,0.34314552154291184,0.3942011804487773,0.47307639616865965
2025-05-30 08:41:04,974.1,952.73,978.5771153234188,957.5115398208119,73.38,77.03,968.0443275721153,1936.0886551442306,21.065575502606862,0.021760961642819605,150.41,3.6500000000000057,-1.492371774472872,-1.5938466069372907,-1.5431091907050813,0.1014748324644188,0.06575993929380551,-0.8758760751758246,-0.8420511310208667,-0.8589636030983456,0.0,0.0,0.0,6.436036973180496,0.9855235315184131,0.2615266437871999,0.7204454653138287
2025-05-30 08:41:05,974.1,958.91,977.4578364925641,957.8611548656089,73.38,77.03,967.6594956790865,1935.318991358173,19.59668162695516,0.020251629518657204,150.41,3.6500000000000057,-1.1192788308546824,0.34961504479701944,-0.3848318930288315,1.4688938756517018,3.816965499208648,0.37309294361818957,1.9434616517343102,1.1582772976762499,0.0,0.0,0.0,6.433478420621023,1.2931457075204253,0.5934065213970124,0.7062309944199389
2025-05-30 08:41:06,980.28,960.97,978.163377369423,958.6383661492066,73.38,77.03,968.4008717593148,1936.8017435186296,19.525011220216356,0.020162116505102613,150.41,3.6500000000000057,0.7055408768588904,0.7772112835976941,0.7413760802282923,0.07167040673880365,0.09667200221071601,1.8248197077135728,0.42759623880067466,1.1262079732571237,0.0,0.0,0.0,6.438407455095454,1.097319713245557,0.7674499411576357,0.824468780996928
2025-05-30 08:41:07,976.16,965.09,977.6625330270672,960.251274611905,73.38,77.08,968.9569038194861,1937.9138076389722,17.411258415162138,0.017969074092522005,150.45999999999998,3.700000000000003,-0.5008443423557765,1.6129084626984422,0.5560320601713329,2.1137528050542187,3.801487638887693,-1.206385219214667,0.8356971791007481,-0.18534402005695938,0.0,0.04999999999999716,0.04999999999999716,6.439963428017565,0.7600573619572948,1.4783095345564152,0.9368125428417032
2025-05-30 08:41:08,974.1,965.09,976.7718997703004,961.4609559589288,73.38,77.08,969.1164278646146,1938.2328557292292,15.310943811371544,0.01579886931574295,150.45999999999998,3.700000000000003,-0.8906332567668187,1.2096813470237748,0.15952404512847806,2.1003146037905935,13.166049268934824,-0.38978891441104224,-0.4032271156746674,-0.3965080150428548,0.0,0.0,0.0,6.441023670235219,0.6107213629618652,2.24485192352552,0.9177649139540277
2025-05-30 08:41:09,978.22,958.91,977.1339248277252,960.8232169691966,73.38,77.08,968.9785708984609,1937.9571417969219,16.310707858528644,0.0168328880860307,150.45999999999998,3.700000000000003,0.36202505742483027,-0.6377389897322701,-0.13785696615366305,0.9997640471571003,7.25213112489064,1.252658314191649,-1.847420336756045,-0.2973810112821411,0.0,0.0,0.0,6.440107433592673,0.603960578637518,1.9121520043277789,0.46818694868938865
2025-05-30 08:41:10,980.28,960.97,977.9204436207938,960.8599127268974,73.38,77.08,969.3901781738456,1938.7803563476912,17.060530893896384,0.017599240492033947,150.45999999999998,3.700000000000003,0.7865187930685806,0.03669575770084066,0.4116072753846538,0.74982303536774,1.8216908653428303,0.42449373564375037,0.6744347474331107,0.5494642415383169,0.0,0.0,0.0,6.4428430927223355,0.36129378884677077,1.565248939901158,0.3441041913363203
2025-05-30 08:41:11,976.16,960.97,977.4803327155953,960.8874345451732,73.38,77.08,969.1838836303842,1938.3677672607685,16.59289817042213,0.017120485011727297,150.45999999999998,3.700000000000003,-0.4401109051984804,0.027521818275772603,-0.2062945434613539,0.467632723474253,2.266809624813133,-1.226629698267061,-0.009173939425068056,-0.6179018188460077,0.0,0.0,0.0,6.4414720004580115,0.17575398141350101,0.8055989279829157,0.33278393357933195
2025-05-30 08:41:12,978.22,963.03,977.6652495366966,961.4230759088798,73.38,77.08,969.5441627227882,1939.0883254455764,16.242173627816783,0.016752381413396595,150.45999999999998,3.700000000000003,0.1849168211012966,0.5356413637066453,0.36027909240397094,0.3507245426053487,0.973477441579237,0.625027726299777,0.5081195454308727,0.5665736358653248,0.0,0.0,0.0,6.44386651787134,0.22460953252763657,0.641449087611172,0.281627800662864
2025-05-30 08:41:13,980.28,963.03,978.3189371525225,961.8248069316599,73.38,77.08,970.0718720420912,1940.1437440841823,16.494130220862644,0.017002998106870136,150.45999999999998,3.700000000000003,0.653687615825902,0.4017310227800408,0.5277093193029714,0.25195659304586115,0.47745246554711906,0.46877079472460537,-0.13391034092660448,0.16743022689900044,0.0,0.0,0.0,6.447373824237123,0.41560510966315506,0.32292803369717404,0.3378927217981298
2025-05-30 08:41:14,1007.05,956.85,985.501702864392,960.5811051987449,73.4,77.08,973.0414040315684,1946.0828080631368,24.92059766564705,0.025611035190058074,150.48000000000002,3.6799999999999926,7.182765711869479,-1.2437017329149285,2.9695319894772183,8.426467444784407,2.837640623843641,6.529078096043577,-1.6454327556949693,2.441822670174247,0.020000000000010232,0.0,0.020000000000010232,6.466250648360696,1.5966920130715285,3.7340130527103694,1.2386538823403856
2025-05-30 08:41:15,986.46,956.85,985.741277148294,959.6483288990587,73.43,77.08,972.6948030236763,1945.3896060473526,26.09294824923529,0.026825421644382678,150.51,3.6499999999999915,0.23957428390201585,-0.9327762996862248,-0.34660100789210446,1.1723505835882406,3.382411402397841,-6.943191427967463,0.3109254332287037,-3.3161329973693228,0.030000000000001137,0.0,0.030000000000001137,6.462658936688708,1.8217995320924028,4.983310379521956,1.342104597669396
2025-05-30 08:41:16,982.34,958.91,984.8909578612205,959.463746674294,73.43,77.08,972.1773522677572,1944.3547045355144,25.427211186926456,0.026154910008403878,150.51,3.6499999999999915,-0.8503192870734892,-0.1845822247646538,-0.5174507559190715,0.6657370623088354,1.2865683702751902,-1.089893570975505,0.748194074921571,-0.17084974802696706,0.0,0.0,0.0,6.459220954146145,1.5911442820009836,5.0089822677977205,1.398402216237982
2025-05-30 08:41:17,982.34,963.03,984.2532183959154,960.3553100057204,73.43,77.08,972.3042642008179,1944.6085284016358,23.89790839019497,0.024578631654216945,150.51,3.6499999999999915,-0.6377394653051169,0.8915633314263687,0.1269119330606827,1.5293027967314856,12.050015391262432,0.2125798217683723,1.0761455561910225,0.6443626889797542,0.0,0.0,0.0,6.460064166771336,1.1610552146944437,3.924510525113357,1.4121755831543896
2025-05-30 08:41:18,982.34,965.09,983.7749137969365,961.5389825042903,73.43,77.08,972.6569481506134,1945.3138963012268,22.235931292646228,0.02286102136222239,150.51,3.6499999999999915,-0.4783045989788661,1.1836724985698766,0.3526839497955052,1.6619770975487427,4.71235616521883,0.1594348663262508,0.2921091671435079,0.2257720167348225,0.0,0.0,0.0,6.462407426006286,0.34279095851425084,1.505117569193652,1.4150951107458971
2025-05-30 08:41:19,982.34,963.03,983.4161853477024,961.9117368782177,73.43,77.08,972.66396111296,1945.32792222592,21.504448469484714,0.02210881589852437,150.51,3.6499999999999915,-0.3587284492341496,0.3727543739273642,0.00701296234660731,0.7314828231615138,104.28952808897468,0.11957614974471653,-0.8109181246425123,-0.3456709874488979,0.0,0.0,0.0,6.462454020666441,0.24076794876173843,1.9764779657439342,0.3535310102908563
2025-05-30 08:41:20,982.34,958.91,983.1471390107768,961.1613026586632,73.43,77.08,972.15422083472,1944.30844166944,21.98583635211355,0.02261558491266981,150.51,3.6499999999999915,-0.2690463369256122,-0.7504342195544496,-0.509740278239974,0.48138788262883736,0.9443768891759466,0.0896821123085374,-1.1231885934818138,-0.5167532405865813,0.0,0.0,0.0,6.459067267129446,0.2522243060747903,1.6237356486763335,0.39041209135207844
2025-05-30 08:41:21,982.34,963.03,982.9453542580826,961.6284769939973,73.43,77.08,972.2869156260399,1944.5738312520798,21.316877264085292,0.021924471984111012,150.51,3.6499999999999915,-0.2017847526941523,0.4671743353341071,0.13269479131986373,0.6689590880282594,5.041298456977667,0.06726158423145989,1.2176085548885567,0.6424350695598378,0.0,0.0,0.0,6.4599489015088105,0.23301246528967176,1.0238471037414099,0.3223290329172685
2025-05-30 08:41:22,978.22,960.97,981.764015693562,961.463857745498,73.43,77.08,971.61393671953,1943.22787343906,20.300157948063998,0.020893234606854647,150.51,3.6499999999999915,-1.1813385645206154,-0.16461924849932075,-0.6729789065099112,1.0167193160212946,1.5107721734130573,-0.9795538118264631,-0.6317935838334279,-0.8056736978297749,0.0,0.0,0.0,6.4554775779951665,0.43269769838233263,0.7493150996155429,0.4357374241762405
2025-05-30 08:41:23,982.34,963.03,981.9080117701715,961.8553933091234,73.43,77.08,971.8817025396474,1943.763405079295,20.05261846104804,0.020632777001578777,150.51,3.6499999999999915,0.14399607660948277,0.39153556362543895,0.26776582011746086,0.24753948701595618,0.9244591503434535,1.3253346411300981,0.5561548121247597,0.9407447266273721,0.0,0.0,0.0,6.457256634658101,0.3993154135384442,0.8229440116978888,0.41288322565547053
2025-05-30 08:41:24,980.28,960.97,981.5010088276285,961.6340449818426,73.43,77.08,971.5675269047356,1943.1350538094712,19.866963845785904,0.020448361308071532,150.51,3.6499999999999915,-0.4070029425429311,-0.22134832728079346,-0.3141756349118623,0.18565461526213767,0.5909243229186041,-0.5509990191524139,-0.6128838909062324,-0.5819414550293232,0.0,0.0,0.0,6.455169227623191,0.31899591982552206,0.9092218659057253,0.406298823808756
2025-05-30 08:41:25,982.34,960.97,981.7107566207214,961.468033736382,73.43,77.08,971.5893951785517,1943.1787903571035,20.2427228843394,0.020834647809000312,150.51,3.6499999999999915,0.2097477930929017,-0.1660112454605951,0.021868273816153305,0.3757590385534968,17.182053766959093,0.6167507356358328,0.055337081820198364,0.3360439087280156,0.0,0.0,0.0,6.455314522113064,0.30661343680242653,0.5635671627215718,0.3799953938118194
2025-05-30 08:41:26,980.28,958.91,981.353067465541,960.8285253022865,73.43,77.08,971.0907963839138,1942.1815927678276,20.524542163254523,0.0211355541814905,150.51,3.6499999999999915,-0.35768915518042377,-0.6395084340955464,-0.4985987946379282,0.2818192789151226,0.5652214099281235,-0.5674369482733255,-0.47349718863495127,-0.5204670684540815,0.0,0.0,0.0,6.452001793448356,0.2858464567723558,0.249892527253663,0.3828329282272182
2025-05-30 08:41:27,982.34,963.03,981.5998005991557,961.3788939767148,73.43,77.08,971.4893472879353,1942.9786945758706,20.220906622440907,0.020814336933365662,150.51,3.6499999999999915,0.24673313361472538,0.5503686744283414,0.3985509040214765,0.303635540813616,0.7618469206892916,0.6044222887951491,1.1898771085238877,0.8971496986594047,0.0,0.0,0.0,6.454649796247994,0.28416021301494687,0.24419381630496725,0.3792170095120344
2025-05-30 08:41:28,982.34,958.91,981.7848504493668,960.7616704825361,73.43,77.08,971.2732604659515,1942.546520931903,21.02317996683064,0.021644969341686773,150.51,3.6499999999999915,0.18504985021104403,-0.6172234941786883,-0.21608682198382212,0.8022733443897323,3.712718916893874,-0.061683283403681344,-1.1675921686070296,-0.6146377260052986,0.0,0.0,0.0,6.45321409881561,0.2142237112158822,0.4306508643314196,0.3461507241467289
2025-05-30 08:41:29,974.1,960.97,979.8636378370251,960.8137528619022,73.43,77.08,970.3386953494637,1940.6773906989274,19.049884975122836,0.019632201670190936,150.51,3.6499999999999915,-1.9212126123417193,0.05208237936608384,-0.9345651164877609,1.973294991707803,2.1114557406850363,-2.1062624625527633,0.6693058735447721,-0.7184782945039387,0.0,0.0,0.0,6.447004776443153,0.4962206584549082,0.7258150231146071,0.5064636896794881
2025-05-30 08:41:30,982.34,956.85,980.4827283777688,959.8228146464267,73.43,77.08,970.1527715120977,1940.3055430241955,20.659913731342158,0.021295526144656286,150.51,3.6499999999999915,0.6190905407437413,-0.9909382154755804,-0.1859238373659764,1.6100287562193216,8.659567914802713,2.5403031530854605,-1.0430205948416642,0.7486412791217845,0.0,0.0,0.0,6.445769484195923,0.589842602472757,0.7536405980924374,0.48717019977608045
2025-05-30 08:41:31,976.16,958.91,979.4020462833266,959.59461098482,73.43,77.08,969.4983286340732,1938.9966572681465,19.807435298506675,0.020430602810819466,150.51,3.6499999999999915,-1.0806820944421816,-0.22820366160669892,-0.6544428780244971,0.8524784328354826,1.302599751423716,-1.6997726351859228,0.7627345538688814,-0.4685190406585207,0.0,0.0,0.0,6.441421315478387,0.8237005920877924,0.7673104046697585,0.5085815425594862
2025-05-30 08:41:32,982.34,958.91,980.136534712495,959.4234582386149,73.43,77.08,969.779996475555,1939.55999295111,20.71307647388005,0.021358531345045773,150.51,3.6499999999999915,0.7344884291683229,-0.1711527462050526,0.28166784148174884,0.9056411753733755,3.215269287895509,1.8151705236105045,0.05705091540164631,0.9361107195062459,0.0,0.0,0.0,6.443292738238405,0.6785517520022527,0.8087665763650962,0.46848942316151015
2025-05-30 08:41:33,982.34,960.97,980.6874010343713,959.8100936789613,73.43,77.08,970.2487473566663,1940.4974947133326,20.87730735541004,0.021517479296696274,150.51,3.6499999999999915,0.5508663218763559,0.38663544034636743,0.4687508811113048,0.16423088152998844,0.3503578079316378,-0.18362210729196704,0.55778818655142,0.18708303962955597,0.0,0.0,0.0,6.446407155074475,0.35353072351092213,0.7758976507315114,0.5969534843901111
2025-05-30 08:41:34,976.16,956.85,979.5555507757784,959.0700702592209,73.43,77.14,969.3128105174997,1938.6256210349993,20.485480516557573,0.021134024303760823,150.57,3.7099999999999937,-1.1318502585928627,-0.7400234197403961,-0.9359368391666294,0.3918268388524666,0.4186462203530034,-1.6827165804692186,-1.1266588600867635,-1.4046877202779342,0.0,0.060000000000002274,0.060000000000002274,6.437622395429882,0.40452765152143,0.4161784555912321,0.5973728200596496
2025-05-30 08:41:35,980.28,965.09,979.7366630818337,960.5750526944157,73.43,77.14,970.1558578881247,1940.3117157762495,19.161610387418023,0.019751063926345548,150.57,3.7099999999999937,0.18111230605529727,1.5049824351948473,0.8430473706250723,1.32387012913955,1.5703370948430584,1.31296256464816,2.2450058549352434,1.7789842097917017,0.0,0.0,0.0,6.443221434846937,0.40520511578284785,0.7133457256528994,0.7606024541356039
2025-05-30 08:41:36,976.16,963.03,978.8424973113753,961.1887895208117,73.43,77.14,970.0156434160936,1940.031286832187,17.653707790563544,0.018199405228345872,150.57,3.7099999999999937,-0.8941657704584713,0.613736826396007,-0.14021447203117532,1.5079025968544784,10.754181225586954,-1.0752780765137686,-0.8912456087988403,-0.9832618426562476,0.0,0.0,0.0,6.442290210359324,0.37403864123147157,1.3671070386803212,0.6804241285629237
2025-05-30 08:41:37,978.22,960.97,978.6868729835314,961.1340921406088,73.43,77.14,969.9104825620701,1939.8209651241402,17.55278084292263,0.01809732046452236,150.57,3.7099999999999937,-0.15562432784383873,-0.05469738020292425,-0.10516085402343833,0.10092694764091448,0.9597296336979758,0.7385414426146326,-0.6684342065989313,0.035053618007736986,0.0,0.0,0.0,6.441591791993614,0.3678457225980885,1.5457328408236939,0.6770796858939405
2025-05-30 08:41:38,974.1,960.97,977.5401547376485,961.0930691054566,73.43,77.14,969.3166119215525,1938.633223843105,16.447085632191943,0.016967712523382715,150.57,3.7099999999999937,-1.1467182458828802,-0.04102303515219319,-0.5938706405175935,1.105695210730687,1.861842080499095,-0.9910939180390415,0.013674345050731063,-0.4887097864941552,0.0,0.0,0.0,6.437647642185727,0.3999073883498693,1.5748073228270532,0.6701366620330076
2025-05-30 08:41:39,974.1,963.03,976.6801160532364,961.5773018290924,73.43,77.14,969.1287089411644,1938.2574178823288,15.102814224143913,0.015583909618218617,150.57,3.7099999999999937,-0.8600386844121886,0.48423272363584147,-0.1879029803881167,1.34427140804803,7.154033699932434,0.2866795614706916,0.5252557587880347,0.4059676601294768,0.0,0.0,0.0,6.436399697846615,0.4541340306330933,1.51178237365874,0.5297780106161446
2025-05-30 08:41:40,982.34,960.97,978.0950870399273,961.4254763718193,73.43,77.14,969.7602817058732,1939.5205634117465,16.66961066810802,0.01718941367818823,150.57,3.7099999999999937,1.4149709866909461,-0.1518254572731621,0.6315727647088352,1.5667964439641082,2.4807813932651626,2.2750096711031347,-0.6360581809090036,0.8194757450969519,0.0,0.0,0.0,6.440594243642685,0.38529296580776806,1.0309692141876285,0.44336689801523466
2025-05-30 08:41:41,976.16,963.03,977.6113152799454,961.8266072788645,73.43,77.14,969.718961279405,1939.43792255881,15.784708001080958,0.016277610952329623,150.57,3.7099999999999937,-0.4837717599818916,0.4011309070451716,-0.041320426468246296,0.8849026670270632,21.41510452711675,-1.8987427466728377,0.5529563643183337,-0.6728931911770815,0.0,0.0,0.0,6.440319816956135,0.3290986019793701,0.9254506888533675,0.4421640390302158
2025-05-30 08:41:42,976.16,963.03,977.248486459959,962.1274554591482,73.43,77.14,969.6879709595537,1939.3759419191074,15.12103100081083,0.01559370791230309,150.57,3.7099999999999937,-0.36282881998636185,0.30084818028376503,-0.03099031985129841,0.6636770002701269,21.414931776205766,0.12094293999552974,-0.1002827267614066,0.010330106616947887,0.0,0.0,0.0,6.440113996941221,0.2828334801471305,0.7278574369027254,0.4414859906460046
2025-05-30 08:41:43,974.1,956.85,976.4613648449692,960.8080915943611,73.43,77.14,968.6347282196652,1937.2694564393305,15.653273250608095,0.016160140431077063,150.57,3.7099999999999937,-0.7871216149898146,-1.3193638647870785,-1.0532427398884465,0.5322422497972639,0.5053362575443704,-0.42429279500345274,-1.6202120450708435,-1.0222524200371481,0.0,0.0,0.0,6.43311895986283,0.49313901700757207,0.6394640232065681,0.6027409595499276
2025-05-30 08:41:44,978.22,958.91,976.9010236337269,960.3335686957709,73.43,77.14,968.617296164749,1937.234592329498,16.567454937956086,0.017104231967001702,150.57,3.7099999999999937,0.43965878875769704,-0.47452289859029406,-0.01743205491629851,0.9141816873479911,52.43955759545645,1.2267804037475116,0.8448409661967844,1.035810684972148,0.0,0.0,0.0,6.433003186104442,0.6010981296093129,0.6521547535945365,0.603917932086025
2025-05-30 08:41:45,974.1,965.09,976.2007677252951,961.5226765218282,73.43,77.14,968.8617221235617,1937.7234442471233,14.67809120346692,0.015149830830498173,150.57,3.7099999999999937,-0.7002559084318136,1.1891078260573522,0.24442595881271245,1.8893637344891658,7.729768204238286,-1.1399146971895107,1.6636307246476463,0.26185801372901096,0.0,0.0,0.0,6.434626523802452,0.5556515454951436,0.7149496116625418,0.5026316016684579
2025-05-30 08:41:46,980.28,963.03,977.2205757939714,961.8995073913711,73.43,77.14,969.5600415926713,1939.1200831853425,15.321068402600304,0.0158020831403393,150.57,3.7099999999999937,1.0198080686762978,0.3768308695429141,0.698319469109606,0.6429771991333837,0.9207480341414197,1.7200639771081114,-0.8122769565144381,0.4538935102968935,0.0,0.0,0.0,6.439264363109563,0.5147288539262863,0.7087064725023989,0.6428311563901679
2025-05-30 08:41:47,978.22,963.03,977.4704318454785,962.1821305435283,73.43,77.14,969.8262811945034,1939.6525623890068,15.288301301950241,0.01576395853838502,150.57,3.7099999999999937,0.2498560515070949,0.28262315215715716,0.266239601832126,0.032767100650062275,0.12307326690435848,-0.7699520171692029,-0.09420771738575695,-0.43207986727747993,0.0,0.0,0.0,6.441032574573095,0.5579829314134105,0.691972948666504,0.6565203457073635
2025-05-30 08:41:48,982.34,960.97,978.6878238841089,961.8790979076462,73.49,77.14,970.2834608958775,1940.566921791755,16.80872597646271,0.017323521049837785,150.63,3.6500000000000057,1.2173920386303507,-0.3030326358821185,0.4571797013741161,1.5204246745124692,3.3256536637321634,0.9675359871232558,-0.5856557880392756,0.1909400995419901,0.05999999999998806,0.0,0.05999999999998806,6.441502054400687,0.6866170843884454,0.9129318420530274,0.2664258453247462
2025-05-30 08:41:49,982.34,960.97,979.6008679130816,961.6518234307346,73.49,77.14,970.6263456719081,1941.2526913438162,17.949044482347063,0.01849222880039358,150.63,3.6500000000000057,0.913044028972763,-0.22727447691158886,0.3428847760305871,1.140318505884352,3.325651238978866,-0.3043480096575877,0.07575815897052962,-0.11429492534352903,0.0,0.0,0.0,6.443778392273317,0.6801165893160073,1.338591511714234,0.18547568600876566
2025-05-30 08:41:50,982.34,963.03,980.2856509348112,961.996367573051,73.49,77.14,971.1410092539311,1942.2820185078622,18.289283361760226,0.018832778318133223,150.63,3.6500000000000057,0.6847830217295723,0.3445441423164084,0.5146635820229903,0.3402388794131639,0.6610885833172899,-0.22826100724319076,0.5718186192279973,0.17177880599240325,0.0,0.0,0.0,6.4471951324884555,0.6295294361724502,1.4130823544040858,0.16655741775034685
2025-05-30 08:41:51,980.28,958.91,980.2842382011083,961.2247756797882,73.49,77.14,970.7545069404482,1941.5090138808964,19.059462521320143,0.019633658525837473,150.63,3.6500000000000057,-0.0014127337028639886,-0.7715918932627801,-0.3865023134828789,0.7701791595599161,1.9926844937489343,-0.6861957554324363,-1.1161360355791885,-0.9011658955058692,0.0,0.0,0.0,6.444629227217812,0.4972303707332915,1.4683145753387254,0.36276022457896134
2025-05-30 08:41:52,976.16,960.97,979.2531786508312,961.1610817598412,73.49,77.14,970.2071302053362,1940.4142604106723,18.09209689098998,0.018647664307015838,150.63,3.6500000000000057,-1.0310595502771776,-0.06369391994701346,-0.5473767351120387,0.9673656303301641,1.7672725218393495,-1.0296468165743136,0.7078979733157666,-0.16087442162915977,0.0,0.0,0.0,6.440995311454166,0.3780774277733518,0.8106275895021503,0.502856337909253
2025-05-30 08:41:53,982.34,960.97,980.0248839881234,961.113311319881,73.49,77.14,970.5690976540022,1941.1381953080045,18.911572668242457,0.019485034805321197,150.63,3.6500000000000057,0.7717053372922464,-0.04777043996023167,0.36196744866606423,0.8194757772524781,2.2639425625974643,1.802764887569424,0.015923479986781786,0.9093441837781029,0.0,0.0,0.0,6.443398335063427,0.33718972200064407,0.4972034724517822,0.48635292307628153
2025-05-30 08:41:54,982.34,963.03,980.6036629910926,961.5924834899106,73.49,77.14,971.0980732405017,1942.1961464810033,19.011179501182028,0.019576992278612766,150.63,3.6500000000000057,0.5787790029692133,0.4791721700296421,0.5289755864994277,0.09960683293957118,0.1883010240561544,-0.1929263343230332,0.5269426099898737,0.16700813783336343,0.0,0.0,0.0,6.446910089581037,0.3877558047843804,0.44869869040546584,0.5196667577261417
2025-05-30 08:41:55,980.28,956.85,980.5227472433194,960.4068626174329,73.49,77.14,970.4648049303762,1940.9296098607524,20.11588462588645,0.02072809287154059,150.63,3.6500000000000057,-0.08091574777324695,-1.1856208724776707,-0.6332683101254588,1.1047051247044237,1.7444475944769333,-0.6596947507424602,-1.6647930425073127,-1.1622438966248865,0.0,0.0,0.0,6.4427059582265835,0.33308257468229335,0.7200228815492467,0.5406984438312635
2025-05-30 08:41:56,982.34,956.85,980.9770604324896,959.5176469630746,73.49,77.14,970.247353697782,1940.494707395564,21.459413469414926,0.022117466608398247,150.63,3.6500000000000057,0.45431318917019325,-0.8892156543582814,-0.21745123259415777,1.3435288435284747,6.1785010321598826,0.5352289369434402,0.29640521811938925,0.41581707753130104,0.0,0.0,0.0,6.441262346521408,0.35770539288330394,1.3023414571208067,0.5261486966639762
2025-05-30 08:41:57,974.1,960.97,979.2577953243672,959.8807352223059,73.49,77.14,969.5692652733366,1939.138530546673,19.37706010206125,0.01998522516760402,150.63,3.6500000000000057,-1.7192651081223858,0.36308825923129007,-0.678088424445491,2.082353367353676,3.070912614595817,-2.173578297292579,1.2523039135895715,-0.4606371918513332,0.0,0.0,0.0,6.436760664121198,0.5552009825944153,1.053652662841878,0.5562326341658325
2025-05-30 08:41:58,978.22,956.85,978.9983464932754,959.1230514167295,73.49,77.14,969.0606989550024,1938.1213979100048,19.875295076545967,0.020509855654520775,150.63,3.6500000000000057,-0.25944883109173134,-0.7576838055764483,-0.5085663183341467,0.498234974484717,0.9796834293574465,1.4598162770306544,-1.1207720648077384,0.16952210611134433,0.0,0.0,0.0,6.433384402321039,0.7924734463491517,0.938015639472105,0.49787529732867747
2025-05-30 08:41:59,976.16,952.73,978.2887598699565,957.5247885625471,73.49,77.14,967.9067742162517,1935.8135484325035,20.763971307409406,0.021452449594404663,150.63,3.6500000000000057,-0.7095866233189554,-1.5982628541823942,-1.1539247387506748,0.8886762308634388,0.7701329479188023,-0.45013779222722405,-0.8405790486059459,-0.6453584204165281,0.0,0.0,0.0,6.425723745538924,1.0262708037371715,0.8099260386827553,0.3396401820095956
2025-05-30 08:42:00,982.34,958.91,979.3015699024675,957.8710914219103,73.49,77.14,968.5863306621889,1937.1726613243777,21.430478480557213,0.022125522299886697,150.63,3.6500000000000057,1.01281003251097,0.3463028593631634,0.6795564459371235,0.6665071731478065,0.9807959240718488,1.7223966558299253,1.9445657135455576,1.8334811846877983,0.0,0.0,0.0,6.43023517381633,0.897560706211542,0.9319593380884322,0.6806861980264646
2025-05-30 08:42:01,982.34,958.91,980.0611774268507,958.1308185664327,73.49,77.14,969.0959979966417,1938.1919959932834,21.930358860417982,0.022629707359357265,150.63,3.6500000000000057,0.7596075243832274,0.2597271445224578,0.5096673344528426,0.4998803798607696,0.9807954429764977,-0.2532025081277425,-0.08657571484070559,-0.16988911148428087,0.0,0.0,0.0,6.4336187450243845,0.6287401343887143,1.0581545850386498,0.7915838046481812
2025-05-30 08:42:02,976.16,960.97,979.0858830701379,958.8406139248245,73.49,77.14,968.9632484974812,1937.9264969949625,20.245269145313387,0.02089374303495296,150.63,3.6500000000000057,-0.9752943567127659,0.7097953583918297,-0.13274949916046808,1.6850897151045956,12.6936601049437,-1.7349018810959933,0.4500682138693719,-0.6424168336133107,0.0,0.0,0.0,6.432737449809094,0.49894631647446736,0.8407253240416771,0.7509845073088399
2025-05-30 08:42:03,980.28,960.97,979.3844123026033,959.3729604436185,73.49,77.14,969.3786863731109,1938.7573727462218,20.011451858984856,0.020643585545720287,150.63,3.6500000000000057,0.2985292324653983,0.5323465187939291,0.4154378756296637,0.23381728632853083,0.5628199478783577,1.2738235891781642,-0.1774488395979006,0.5481873747901318,0.0,0.0,0.0,6.435495452018957,0.568264579987556,0.8026415531065776,0.7455011596476387
2025-05-30 08:42:04,980.28,963.03,979.6083092269525,960.2872203327138,73.49,77.14,969.9477647798332,1939.8955295596663,19.321088894238756,0.019919721015806142,150.63,3.6500000000000057,0.22389692434921926,0.9142598890953195,0.5690784067222694,0.6903629647461003,1.2131223807981184,-0.07463230811617905,0.3819133703013904,0.15364053109260567,0.0,0.0,0.0,6.439273440487019,0.508522921939031,1.0684840759088967,0.31721071464012907
2025-05-30 08:42:05,980.28,960.97,979.7762319202143,960.4579152495353,73.49,77.14,970.1170735848748,1940.2341471697496,19.318316670678996,0.019913386926980484,150.63,3.6500000000000057,0.16792269326174392,0.17069491682150328,0.1693088050416236,0.002772223559759368,0.016373674041369527,-0.055974231087475346,-0.7435649722738162,-0.3997696016806458,0.0,0.0,0.0,6.440397445027401,0.5116904240948386,1.0695291308093529,0.288899971977764
2025-05-30 08:42:06,974.1,954.79,978.3571739401607,959.0409364371515,73.49,77.14,968.6990551886561,1937.3981103773122,19.316237503009233,0.019940390547100274,150.63,3.6500000000000057,-1.4190579800535943,-1.4169788123838316,-1.418018396218713,0.0020791676697626826,0.0014662476940068565,-1.5869806733153382,-1.587673729205335,-1.5873272012603366,0.0,0.0,0.0,6.430983527568696,0.6112549840728965,0.45119376655737903,0.7940387610107194
2025-05-30 08:42:07,980.28,965.09,978.8378804551205,960.5532023278636,73.49,77.19,969.695541391492,1939.391082782984,18.28467812725694,0.0188561020731958,150.68,3.700000000000003,0.4807065149598202,1.512265890712115,0.9964862028359676,1.0315593757522947,1.0351958086531496,1.8997644950134145,2.9292447030959465,2.4145045990546805,0.0,0.04999999999999716,0.04999999999999716,6.435462801672612,0.5596592542980218,0.6176088624590536,0.9248803545463862
2025-05-30 08:42:08,978.22,965.09,978.6834103413405,961.6874017458977,73.49,77.19,970.1854060436191,1940.3708120872382,16.996008595442845,0.017518309873608223,150.68,3.700000000000003,-0.15447011378000752,1.1341994180340862,0.48986465212703934,1.2886695318140937,2.6306590923829387,-0.6351766287398277,-0.37806647267802873,-0.5066215507089282,0.0,0.0,0.0,6.438713828012379,0.6059437679356887,1.0259130261368377,0.9308711888556375
2025-05-30 08:42:09,980.28,965.09,979.0825577560054,962.5380513094233,73.49,77.19,970.8103045327143,1941.6206090654287,16.54450644658209,0.01704195593340307,150.68,3.700000000000003,0.39914741466486703,0.8506495635256215,0.6248984890952443,0.45150214886075446,0.7225196319402633,0.5536175284448746,-0.2835498545084647,0.13503383696820492,0.0,0.0,0.0,6.442861017320502,0.7812318413278376,1.2879895520941502,0.9372962351811329
2025-05-30 08:42:10,982.34,960.97,979.8969183170041,962.1460384820675,73.49,77.19,971.0214783995358,1942.0429567990716,17.75087983493654,0.01828062531213357,150.68,3.700000000000003,0.8143605609986935,-0.3920128273557566,0.21117386682146844,1.20637338835445,5.7126750285787695,0.41521314633382644,-1.242662390881378,-0.4137246222737758,0.0,0.0,0.0,6.444262489748296,0.9334915551343986,1.0904871249881398,0.9374474934371348
2025-05-30 08:42:11,976.16,963.03,978.9626887377531,962.3670288615506,73.49,77.19,970.6648587996518,1941.3297175993036,16.59565987620249,0.01709720889620737,150.68,3.700000000000003,-0.9342295792509958,0.22099037948305522,-0.3566195998839703,1.155219958734051,3.2393528559761053,-1.7485901402496893,0.6130032068388118,-0.5677934667054387,0.0,0.0,0.0,6.441895754962544,0.5335103501220871,0.7600342217210392,0.5055554927919865
2025-05-30 08:42:12,980.28,965.09,979.2920165533149,963.047771646163,73.49,77.19,971.1698940997389,1942.3397881994779,16.244244907151824,0.016726470815370098,150.68,3.700000000000003,0.3293278155617827,0.6807427846124483,0.5050353000871155,0.3514149690506656,0.6958212092676285,1.2635573948127785,0.4597524051293931,0.8616548999710858,0.0,0.0,0.0,6.445247462533126,0.37999511260081736,0.5820308142701954,0.39451074535366776
2025-05-30 08:42:13,976.16,963.03,978.509012414986,963.0433287346223,73.49,77.19,970.7761705748042,1941.5523411496083,15.465683680363782,0.015931255971471953,150.68,3.700000000000003,-0.7830041383288062,-0.0044429115407638164,-0.393723524934785,0.7785612267880424,1.9774262904171394,-1.112331953890589,-0.6851856961532121,-0.8987588250219005,0.0,0.0,0.0,6.442634484551165,0.2034783169565838,0.822954089525455,0.4750127326933679
2025-05-30 08:42:14,980.28,965.09,978.9517593112396,963.5549965509667,73.49,77.19,971.2533779311032,1942.5067558622063,15.39676276027285,0.015852467640542475,150.68,3.700000000000003,0.4427468962535386,0.5116678163444703,0.47720735629900446,0.06892092009093176,0.1444252163257342,1.2257510345823448,0.5161107278852342,0.8709308812337895,0.0,0.0,0.0,6.445801509724593,0.2516623168225266,0.9626862746809384,0.43883791515346193
2025-05-30 08:42:15,974.1,956.85,977.7388194834297,961.878747413225,73.49,77.19,969.8087834483274,1939.6175668966548,15.860072070204637,0.01635381358112423,150.68,3.700000000000003,-1.2129398278099188,-1.6762491377417064,-1.4445944827757558,0.46330930993178754,0.3207190631951512,-1.6556867240634574,-2.1879169540861767,-1.9218018390747602,0.0,0.0,0.0,6.436214341731571,0.574965157124222,0.5111605692977437,0.7996422135989127
2025-05-30 08:42:16,980.28,965.09,978.3741146125722,962.6815605599188,73.49,77.19,970.5278375862455,1941.055675172491,15.69255405265335,0.016169092146303063,150.68,3.700000000000003,0.6352951291424915,0.8028131466937793,0.7190541379180786,0.1675180175512878,0.23296964129386835,1.8482349569524104,2.4790622844354857,2.1636486206938343,0.0,0.0,0.0,6.440986402609895,0.582339307546976,0.340463499743777,0.8997142379202655
2025-05-30 08:42:17,976.16,963.03,977.8205859594291,962.7686704199391,73.49,77.19,970.2946281896841,1940.5892563793682,15.051915539489983,0.01551272684262943,150.68,3.700000000000003,-0.5535286531430756,0.08710986002029131,-0.23320939656139217,0.640638513163367,2.747040966480755,-1.1888237822855672,-0.715703286673488,-0.9522635344794708,0.0,0.0,0.0,6.4394386896087425,0.5383795462720478,0.30786613285663156,0.8496772457674834
2025-05-30 08:42:18,980.28,963.03,978.4354394695717,962.8340028149544,73.49,77.19,970.6347211422631,1941.2694422845261,15.601436654617373,0.01607343761635051,150.68,3.700000000000003,0.614853510142666,0.06533239501527532,0.34009295257897065,0.5495211151273907,1.6157920802775538,1.1683821632857416,-0.021777465005015983,0.5733023491403628,0.0,0.0,0.0,6.441695743964476,0.5259244370255192,0.3107832119924974,0.8656886253836396
2025-05-30 08:42:19,978.22,965.09,978.3815796021788,963.3980021112159,73.49,77.19,970.8897908566973,1941.7795817133947,14.983577490962944,0.015432830396031714,150.68,3.700000000000003,-0.05385986739293003,0.5639992962614997,0.25506971443428483,0.6178591636544297,2.42230537921519,-0.668713377535596,0.49866690124622437,-0.08502323814468582,0.0,0.0,0.0,6.443388534731277,0.4083869069185966,0.39535273051772596,0.8385349365185104
2025-05-30 08:42:20,980.28,965.09,978.856184701634,963.821001583412,73.49,77.19,971.338593142523,1942.677186285046,15.035183118221994,0.01547882809237569,150.68,3.700000000000003,0.47460509945517515,0.42299947219612477,0.44880228582564996,0.05160562725905038,0.11498495864198734,0.5284649668481052,-0.14099982406537492,0.19373257139136513,0.0,0.0,0.0,6.446367047359676,0.3984852529879847,0.3439101676441433,0.34839245226777366
2025-05-30 08:42:21,978.22,963.03,978.6971385262254,963.6232511875589,73.49,77.19,971.1601948568922,1942.3203897137844,15.073887338666509,0.015521525082034726,150.68,3.700000000000003,-0.15904617540854815,-0.1977503958530633,-0.17839828563080573,0.03870422044451516,0.21695277706780106,-0.6336512748637233,-0.6207498680491881,-0.6272005714564557,0.0,0.0,0.0,6.445183092724377,0.4154477722618165,0.2549926076317949,0.3116025893628475
2025-05-30 08:42:22,978.22,960.97,978.577853894669,962.9599383906693,73.49,77.19,970.7688961426692,1941.5377922853384,15.617915503999711,0.01608819107201415,150.68,3.700000000000003,-0.11928463155641111,-0.6633127968896133,-0.3912987142230122,0.5440281653332022,1.3903106635624731,0.03976154385213704,-0.46556240103655,-0.21290042859220648,0.0,0.0,0.0,6.442586207194604,0.2875130042987083,0.3186862301371176,0.3612830888655036
2025-05-30 08:42:23,978.22,956.85,978.4883904210019,961.432453793002,73.49,77.19,969.9604221070019,1939.9208442140039,17.055936627999927,0.017584157272485322,150.68,3.700000000000003,-0.0894634736671378,-1.5274845976673532,-0.8084740356672455,1.4380211240002154,1.778683398447049,0.02982115788927331,-0.8641718007777399,-0.4171753214442333,0.0,0.0,0.0,6.437220703940677,0.5317339202614807,0.878202331393808,0.5035174057592043
2025-05-30 08:42:24,978.22,965.09,978.4212928157515,962.3468403447515,73.49,77.19,970.3840665802516,1940.768133160503,16.074452470999972,0.016565041624274815,150.68,3.700000000000003,-0.0670976052504102,0.9143865517495442,0.42364447324962384,0.9814841569999544,2.316758277791479,0.022365868416727608,2.4418711494168974,1.2321185089168694,0.0,0.0,0.0,6.440032254713428,0.5631607279883508,0.8357589097537264,0.5404437114854734
2025-05-30 08:42:25,978.22,963.03,978.3709696118137,962.5176302585637,73.49,77.19,970.4442999351887,1940.8885998703774,15.853339353250021,0.01633616616427406,150.68,3.700000000000003,-0.050323203937750804,0.1707899138122002,0.06023335493716786,0.22111311774995102,3.6708804797627583,0.016774401312659393,-0.743596637937344,-0.363411118312456,0.0,0.0,0.0,6.440431998239691,0.4489864795440771,0.7288127183148164,0.464144785342331
2025-05-30 08:42:26,984.4,956.85,979.8782272088603,961.1007226939228,73.52,77.19,970.4894749513915,1940.978949902783,18.777504514937505,0.019348488551645053,150.70999999999998,3.6700000000000017,1.5072575970465323,-1.416907564640951,0.045175016202733786,2.9241651616874833,64.7282652937983,1.557580800984283,-1.5876974784531512,-0.015058338734434074,0.030000000000001137,0.0,0.030000000000001137,6.439449728033587,0.2911573476233606,1.2960368139617742,0.4748461305056306
2025-05-30 08:42:27,976.16,960.97,978.9486704066452,961.0680420204421,73.52,77.19,970.0083562135437,1940.0167124270874,17.880628386203057,0.018433478694520878,150.70999999999998,3.6700000000000017,-0.9295568022150746,-0.032680673480626865,-0.48111873784773707,0.8968761287344478,1.864143285300608,-2.436814399261607,1.3842268911603242,-0.5262937540504709,0.0,0.0,0.0,6.436257380248732,0.2525140777827314,1.2275207971125206,0.48850915762871067
2025-05-30 08:42:28,982.34,963.03,979.7965028049839,961.5585315153317,73.52,77.19,970.6775171601578,1941.3550343203156,18.23797128965225,0.018788908724517363,150.70999999999998,3.6700000000000017,0.8478323983387099,0.4904894948895162,0.6691609466140562,0.3573429034491937,0.5340155776301094,1.7773892005537846,0.5231701683701431,1.1502796844617933,0.0,0.0,0.0,6.440697436928276,0.2452651593823291,1.3203930382355755,0.43633416900940064
2025-05-30 08:42:29,976.16,963.03,978.8873771037379,961.9263986364988,73.52,77.19,970.4068878701183,1940.8137757402367,16.9609784672391,0.01747821317198955,150.70999999999998,3.6700000000000017,-0.9091257012460119,0.36786712116713716,-0.27062929003943736,1.276992822413149,4.718587938648924,-1.7569580995847218,-0.12262237372237905,-0.9397902366534936,0.0,0.0,0.0,6.438901741299295,0.24508951899354786,1.1526792043056096,0.43533220128158384
2025-05-30 08:42:30,980.28,960.97,979.2355328278034,961.6872989773742,73.52,77.19,970.4614159025888,1940.9228318051776,17.548233850429142,0.018082361178703682,150.70999999999998,3.6700000000000017,0.3481557240654638,-0.23909965912457665,0.05452803247044358,0.5872553831900404,10.769591107422473,1.2572814253114757,-0.6069667802917138,0.32515732250988094,0.0,0.0,0.0,6.439263548957106,0.24588851652215962,0.6870811262162552,0.43515724805954265
2025-05-30 08:42:31,982.34,956.85,980.0116496208525,960.4779742330306,73.52,77.19,970.2448119269416,1940.4896238538831,19.53367538782186,0.020132728490343112,150.70999999999998,3.6700000000000017,0.776116793049141,-1.2093247443435757,-0.21660397564721734,1.9854415373927168,9.1661861942931,0.42796106898367725,-0.9702250852189991,-0.2711320081176609,0.0,0.0,0.0,6.437826325320917,0.25011109727726955,0.9619619114897231,0.4445251439721086
2025-05-30 08:42:32,982.34,956.85,980.5937372156394,959.570980674773,73.52,77.19,970.0823589452061,1940.1647178904122,21.022756540866453,0.021671104855523707,150.70999999999998,3.6700000000000017,0.5820875947869126,-0.9069935582576818,-0.16245298173544143,1.4890811530445944,9.166172088472315,-0.19402919826222842,0.30233118608589393,0.05415099391177591,0.0,0.0,0.0,6.436748407593775,0.22504893376409335,1.6314664348917605,0.3860708691769313
2025-05-30 08:42:33,982.34,963.03,981.0303029117296,960.4357355060797,73.52,77.19,970.7330192089046,1941.4660384178092,20.594567405649855,0.021215480443034528,150.70999999999998,3.6700000000000017,0.43656569609015605,0.8647548313067546,0.6506602636984553,0.4281891352165985,0.6580830289215434,-0.14552189869675658,1.7717483895644364,0.8131132454338967,0.0,0.0,0.0,6.441065707437058,0.24427325897422555,1.8094927834427685,0.3782408147485308
2025-05-30 08:42:34,982.34,963.03,981.3577271837972,961.0843016295598,73.52,77.19,971.2210144066785,1942.442028813357,20.273425554237406,0.020874162762786114,150.70999999999998,3.6700000000000017,0.3274242720676739,0.6485661234801228,0.4879951977738983,0.3211418514124489,0.6580826917861408,-0.10914142402248217,-0.2161887078266318,-0.16266506592455698,0.0,0.0,0.0,6.4443036823195206,0.4481686430308874,1.3685606269197057,0.3889791922990228
2025-05-30 08:42:35,982.34,958.91,981.603295387848,960.5407262221698,73.52,77.19,971.0720108050089,1942.1440216100177,21.062569165678156,0.021690017742893735,150.70999999999998,3.6700000000000017,0.2455682040507554,-0.5435754073899943,-0.14900360166961946,0.7891436114407497,5.296102285421218,-0.08185606801691847,-1.192141530870117,-0.6369987994435178,0.0,0.0,0.0,6.443315004722274,0.49882507516790653,0.6292429709616091,0.4130505997108063
2025-05-30 08:42:36,982.34,960.97,981.787471540886,960.6480446666274,73.52,77.19,971.2177581037568,1942.4355162075135,21.139426874258675,0.021765898199561564,150.70999999999998,3.6700000000000017,0.18417615303803814,0.10731844445751904,0.14574729874789227,0.0768577085805191,0.5273317715595673,-0.061392051012717275,0.6508938518475134,0.29475090041751173,0.0,0.0,0.0,6.444282075903887,0.4806203517116113,0.37132751611232734,0.36810615279032355
2025-05-30 08:42:37,976.16,952.73,980.3806036556645,958.6685334999705,73.52,77.19,969.5245685778175,1939.049137155635,21.712070155693937,0.022394553822548846,150.70999999999998,3.6700000000000017,-1.4068678852215726,-1.9795111666568346,-1.6931895259392604,0.572643281435262,0.33820368863545386,-1.5910440382596107,-2.0868296111143536,-1.8389368246871527,0.0,0.0,0.0,6.4330473236332715,0.7152353092976813,0.5507233951393279,0.9366972819659517
2025-05-30 08:42:38,982.34,960.97,980.8704527417484,959.2439001249779,73.52,77.19,970.0571764333631,1940.1143528667262,21.626552616770482,0.02229410092505201,150.70999999999998,3.6700000000000017,0.48984908608395017,0.5753666250074048,0.5326078555456206,0.0855175389234546,0.16056349426606478,1.8967169713055227,2.5548777916642393,2.225797381484881,0.0,0.0,0.0,6.436581315087134,0.7809571110353662,0.5740957282986916,0.9138917972799567
2025-05-30 08:42:39,980.28,958.91,980.7228395563113,959.1604250937335,73.52,77.19,969.9416323250224,1939.8832646500448,21.562414462577863,0.022230630918131142,150.70999999999998,3.6700000000000017,-0.14761318543708057,-0.0834750312444612,-0.11554410834071405,0.06413815419261937,0.5550919040509422,-0.6374622715210307,-0.658841656251866,-0.6481519638863347,0.0,0.0,0.0,6.435814649918439,0.742858174609974,0.2977948448690279,0.8485271041254391
2025-05-30 08:42:40,982.34,954.79,981.1271296672335,958.0678188203001,73.52,77.19,969.5974742437668,1939.1949484875336,23.059310846933386,0.023782354467389716,150.70999999999998,3.6700000000000017,0.4042901109221475,-1.0926062734333755,-0.344158081255614,1.496896384355523,4.349431602659782,0.5519032963592281,-1.0091312421889143,-0.22861397291489993,0.0,0.0,0.0,6.433531071662371,0.6809444629081551,0.7270646799128325,0.8468689074186233
2025-05-30 08:42:41,980.28,963.03,980.9153472504252,959.308364115225,73.52,77.19,970.1118556828251,1940.2237113656502,21.606983135200153,0.022272671946390286,150.70999999999998,3.6700000000000017,-0.21178241680831889,1.2405452949249138,0.5143814390582975,1.4523277117332327,2.82343952952996,-0.6160725277304664,2.3331515683582893,0.8585395203139115,0.0,0.0,0.0,6.436944126108958,0.26902695749929373,0.6428469719020293,0.9086172676557004
2025-05-30 08:42:42,867.07,658.39,952.454010437819,884.0787730864187,72.79,77.83,918.2663917621188,1836.5327835242376,68.3752373514003,0.07446122159140504,150.62,5.039999999999992,-28.46133681260619,-75.22959102880634,-51.845463920706266,46.76825421620015,0.9020703023442586,-28.249554395797873,-76.47013632373125,-52.35984535976456,-0.7299999999999898,0.6400000000000006,1.3699999999999903,6.096576720658226,23.10420708159939,20.765466455602663,23.25484920225173
2025-05-30 08:42:43,906.17,831.22,940.8830078283643,870.864079814814,71.86,78.75,905.8735438215891,1811.7470876431782,70.0189280135503,0.07729437338557056,150.61,6.890000000000001,-11.571002609454695,-13.214693271604688,-12.392847940529691,1.643690662149993,0.13263218732332413,16.890334203151497,62.01489775720165,39.452615980176574,-0.9300000000000068,0.9200000000000017,1.8500000000000085,6.014697150301387,31.968091370891848,25.822715388773435,22.461207968809383
2025-05-30 08:42:44,692.28,942.42,878.7322558712731,888.7530598611105,70.91,79.66,883.7426578661918,1767.4853157323837,10.020803989837418,0.011339052029799861,150.57,8.75,-62.15075195709119,17.888980046296524,-22.130885955397275,80.03973200338771,3.6166526974133606,-50.57974934763649,31.10367331790121,-9.738038014867584,-0.9500000000000028,0.9099999999999966,1.8599999999999994,5.869314285693549,38.843488249295476,28.375863697047972,21.480463891057287
2025-05-30 08:42:45,642.96,633.72,819.7891919034548,824.9947948958329,70.02,80.61,822.3919933996439,1644.7839867992877,5.20560299237809,0.006329831792900955,150.63,10.590000000000003,-58.94306396781826,-63.75826496527759,-61.35066446654798,4.815200997459328,0.07848653247428687,3.2076879892729266,-81.64724501157411,-39.21977851115071,-0.8900000000000006,0.9500000000000028,1.8400000000000034,5.459682586071575,53.78453747707154,31.746104714924137,26.275410667785287
2025-05-30 08:42:46,626.53,479.61,771.4743939275911,738.6485961718747,69.03,81.57,755.0614950497329,1510.1229900994658,32.825797755716394,0.043474336762570516,150.6,12.539999999999992,-48.31479797586371,-86.3461987239582,-67.33049834991095,38.031400748094484,0.5648465571367366,10.62826599195455,-22.587933758680606,-5.979833883362971,-0.9899999999999949,0.9599999999999937,1.9499999999999886,5.01368851285554,67.90897237684194,30.94519910880777,24.38892904193859
2025-05-30 08:42:47,521.79,759.18,709.0532954456933,743.781447128906,67.99,82.57,726.4173712872996,1452.8347425745992,34.728151683212786,0.04780743551584244,150.56,14.579999999999998,-62.42109848189784,5.132850957031337,-28.64412376243331,67.55394943892918,2.3583876274525237,-14.106300506034131,91.47904968098953,38.686374587477644,-1.0400000000000063,1.0,2.0400000000000063,4.824769968534336,78.11745602124563,25.710981837359768,24.494567389884043
2025-05-30 08:42:48,540.27,307.18,666.85747158427,634.6310853466795,66.94,83.63,650.7442784654747,1301.4885569309495,32.22638623759053,0.049522350413992854,150.57,16.689999999999998,-42.195823861423264,-109.15036178222658,-75.67309282182487,66.95453792080332,0.8847865805308593,20.22527462047458,-114.28321273925792,-47.02896905939156,-1.0499999999999972,1.0600000000000023,2.1099999999999994,4.321872047178075,89.44235096244138,14.180286767976968,24.061330734256515
2025-05-30 08:42:49,417.13,204.65,604.4256036882025,527.1358140100097,65.83,84.72,565.7807088491061,1131.5614176982122,77.28978967819285,0.1366073256523823,150.55,18.89,-62.4318678960675,-107.49527133666982,-84.96356961636866,45.063403440602315,0.5303850004618406,-20.236044034644237,1.655090445556766,-9.290476794543792,-1.1099999999999994,1.0900000000000034,2.200000000000003,3.75809169771514,98.82711153414303,25.87488719630888,21.465383756639362
2025-05-30 08:42:50,267.45,116.52,520.1817027661518,424.48186050750724,64.74,85.83,472.33178163682953,944.6635632736591,95.6998422586446,0.20261148154035424,150.57,21.090000000000003,-84.24390092205067,-102.65395350250242,-93.44892721227654,18.410052580451747,0.19700656746572712,-21.81203302598317,4.841317834167398,-8.485357595907885,-1.0900000000000034,1.1099999999999994,2.200000000000003,3.136958082618526,116.47713181597311,29.8897885490854,25.116620983828028
2025-05-30 08:42:51,244.91,247.7,451.3637770746139,380.28639538063044,63.58,86.94,415.82508622762214,831.6501724552443,71.07738169398345,0.17093096082265904,150.51999999999998,23.36,-68.81792569153794,-44.1954651268768,-56.506695409207396,24.62246056466114,0.43574411758831955,15.425975230512734,58.45848837562562,36.94223180306915,-1.1599999999999966,1.1099999999999994,2.269999999999996,2.7625902435891043,126.72940861346659,27.757291693587582,25.860932767320513
2025-05-30 08:42:52,242.86,149.3,399.23783280596047,322.5397965354728,63.02,87.58,360.88881467071667,721.7776293414333,76.69803627048765,0.21252538992637754,150.6,24.559999999999995,-52.12594426865343,-57.74659884515762,-54.93627155690547,5.620654576504194,0.1023122668302999,16.69198142288451,-13.551133718280823,1.5704238523019285,-0.5599999999999952,0.6400000000000006,1.1999999999999957,2.39634005494274,116.20749942618257,23.370406102076345,17.07851394665174
2025-05-30 08:42:53,68.79,-41.16,316.62587460447037,231.61484740160464,62.38,88.07,274.1203610030375,548.240722006075,85.01102720286573,0.3101229933510877,150.45,25.68999999999999,-82.6119582014901,-90.92494913386818,-86.76845366767918,8.312990932378085,0.09580660349681937,-30.48601393283667,-33.17835028871056,-31.832182110773715,-0.6400000000000006,0.4899999999999949,1.1299999999999955,1.8220030520507442,110.4067783190844,9.52344671227052,18.180760632145763
2025-05-30 08:42:54,62.65,-43.21,253.13190595335277,162.90863555120347,62.38,88.07,208.02027075227812,416.04054150455624,90.2232704021493,0.4337234522488851,150.45,25.68999999999999,-63.4939686511176,-68.70621185040116,-66.10009025075937,5.212243199283563,0.07885379733456396,19.1179895503725,22.21873728346702,20.668363416919817,0.0,0.0,0.0,1.3826538342946115,106.37403964057361,9.957626089720103,17.629398921689234
2025-05-30 08:42:55,56.51,-51.4,203.97642946501458,109.33147666340261,62.38,88.07,156.6539530642086,313.3079061284172,94.64495280161196,0.6041657445992032,150.45,25.68999999999999,-49.155476488338195,-53.57715888780086,-51.36631768806953,4.421682399462668,0.08608135666318753,14.338492162779403,15.129052962600298,14.733772562689836,0.0,0.0,0.0,1.0412359722364415,106.50498888986074,9.647265321737043,14.29149523360308
2025-05-30 08:42:56,54.47,-55.49,166.59982209876094,68.12610749755196,62.38,88.07,117.36296479815644,234.72592959631288,98.47371460120898,0.8390527108062894,150.45,25.68999999999999,-37.37660736625364,-41.205369165850655,-39.29098826605215,3.828761799597018,0.09744630692984639,11.778869122084558,12.371789721950208,12.075329422017376,0.0,0.0,0.0,0.7800795215558454,96.70981392494696,8.520018284998152,17.904840000207287
2025-05-30 08:42:57,48.33,-57.53,137.03236657407072,36.71208062316396,62.38,88.07,86.87222359861734,173.74444719723468,100.32028595090677,1.1548027740100426,150.45,25.68999999999999,-29.567455524690217,-31.414026874387993,-30.4907411995391,1.8465713496977756,0.06056170550435759,7.80915184156342,9.791342291462662,8.800247066513052,0.0,0.0,0.0,0.5774159057574041,74.39065029337605,6.226744067926465,22.32114298784846
2025-05-30 08:42:58,48.33,-65.72,114.85677493055304,11.104060467372975,62.38,88.07,62.98041769896301,125.96083539792602,103.75271446318007,1.6473805129670944,150.45,25.68999999999999,-22.175591643517677,-25.60802015579099,-23.89180589965433,3.4324285122733116,0.1436655053629691,7.39186388117254,5.806006718597004,6.598935299884772,0.0,0.0,0.0,0.41861360771252515,57.53982181478867,5.222528414750722,16.852231597534345
2025-05-30 08:42:59,40.14,-65.72,96.17758119791478,-8.101954649470269,62.38,88.07,44.03781327422225,88.0756265484445,104.27953584738505,2.3679543947853374,150.45,25.68999999999999,-18.679193732638268,-19.206015116843243,-18.942604424740757,0.5268213842049754,0.02781145319729349,3.496397910879409,6.402005038947745,4.949201474913572,0.0,0.0,0.0,0.2927072979828179,44.66461106313655,3.970927648948823,12.879800368042318
2025-05-30 08:43:00,38.09,-67.77,81.65568589843608,-23.0189659871027,62.38,88.07,29.318359955666686,58.63671991133337,104.67465188553878,3.5702763890457914,150.45,25.68999999999999,-14.5218952994787,-14.917011337632431,-14.719453318555566,0.39511603815373064,0.026843117251679732,4.157298433159568,4.289003779210812,4.223151106185192,0.0,0.0,0.0,0.19487111838348667,34.9587242565308,2.7489834742281882,9.706948038590651
2025-05-30 08:43:01,36.05,-73.91,70.25426442382705,-35.74172449032702,62.38,88.07,17.256269966750015,34.51253993350003,105.99598891415408,6.142462013860981,150.45,25.68999999999999,-11.401421474609023,-12.722758503224323,-12.062089988916672,1.3213370286153001,0.10954460796469029,3.120473824869677,2.1942528344081076,2.657363329638894,0.0,0.0,0.0,0.11469770589599408,27.592113710129155,2.117066142751105,7.369060342411946
2025-05-30 08:43:02,34.0,-73.91,61.190698317870286,-45.28379336774527,62.38,88.07,7.953452475062509,15.906904950125018,106.47449168561556,13.387202429668923,150.45,25.68999999999999,-9.063566105956767,-9.542068877418245,-9.302817491687506,0.47850277146147846,0.05143632243164183,2.3378553686522565,3.180689625806078,2.7592724972291656,0.0,0.0,0.0,0.0528644228793492,21.834732816704594,1.1554726216991245,5.759880610526365
