time,force_left_raw,force_right_raw,force_left,force_right,dis_left,dis_right,force_avg,force_sum,force_diff,force_diff_ratio,total_delta_dis,dis_diff,left_force_rate,right_force_rate,force_rate,force_rate_diff,force_rate_ratio,left_force_acc,right_force_acc,force_acc,left_dis_rate,right_dis_rate,dis_rate_diff,stiffness_ratio,force_std_5s,force_diff_std_5s,force_rate_std_5s
2024-10-29 16:15:56,208.62,337.71,208.62,337.71,-0.22,11.37,273.16499999999996,546.3299999999999,129.08999999999997,0.47257152097607114,11.149999999999999,11.59,0.0,0.0,0.0,0.0,0.0,0.0,0.0,0.0,0.0,0.0,0.0,24.499100941784672,0.0,0.0,0.0
2024-10-29 16:15:57,224.15,345.5,212.5025,339.65749999999997,-0.22,12.58,276.08,552.16,127.15499999999997,0.4605730206441139,12.36,12.8,3.882499999999993,1.947499999999991,2.9150000000000205,1.9350000000000023,0.6638076625016556,3.882499999999993,1.947499999999991,2.9150000000000205,0.0,1.2100000000000009,1.2100000000000009,22.33656777212235,0.0,0.0,0.0
2024-10-29 16:15:58,258.15,349.4,223.91437499999998,342.093125,1.06,13.79,283.00374999999997,566.0074999999999,118.17875000000001,0.4175872213085968,14.85,12.729999999999999,11.41187499999998,2.435625000000016,6.923749999999984,8.976249999999965,1.2964432140901638,7.5293749999999875,0.488125000000025,4.008749999999964,1.28,1.209999999999999,0.07000000000000095,19.0574902991589,0.0,0.0,0.0
2024-10-29 16:15:59,266.9,308.48,234.66078124999999,333.68984375,2.31,13.99,284.1753125,568.350625,99.02906250000004,0.3484787657320559,16.3,11.68,10.746406250000007,-8.403281249999964,1.17156250000005,19.14968749999997,16.34541149498013,-0.6654687499999739,-10.83890624999998,-5.752187499999934,1.25,0.20000000000000107,1.049999999999999,17.43406718195907,0.0,0.0,0.0
2024-10-29 16:16:00,272.73,307.51,244.1780859375,327.1448828125,3.59,13.99,285.661484375,571.32296875,82.966796875,0.2904374622504184,17.58,10.4,9.517304687500001,-6.544960937500036,1.4861718749999682,16.062265625000038,10.807804324244838,-1.2291015625000057,1.8583203124999272,0.31460937499991815,1.2799999999999998,0.0,1.2799999999999998,16.249230268815115,5.47087464922116,19.80231893291412,2.6825538321263585
2024-10-29 16:16:01,279.53,307.51,253.01606445312498,322.23616210937496,4.83,13.99,287.62611328124996,575.2522265624999,69.22009765624998,0.24065998954658327,18.82,9.16,8.837978515624997,-4.908720703125027,1.9646289062499704,13.746699218750024,6.997093536557902,-0.6793261718750045,1.636240234375009,0.4784570312500023,1.2400000000000002,0.0,1.2400000000000002,15.28300201903549,4.395274882663759,23.99976660754049,2.3479678377583855
2024-10-29 16:16:02,246.49,370.85,251.38454833984375,334.3896215820312,6.05,14.94,292.8870849609375,585.774169921875,83.00507324218748,0.2834029809469234,20.99,8.89,-1.6315161132812364,12.153459472656266,5.260971679687543,13.784975585937502,2.62023325822635,-10.469494628906233,17.062180175781293,3.2963427734375728,1.2199999999999998,0.9499999999999993,0.27000000000000046,13.953647975573585,3.8809874311812544,18.739086290956877,2.5768948549009516
2024-10-29 16:16:03,240.66,375.73,248.7034112548828,344.72471618652344,6.05,16.15,296.7140637207031,593.4281274414062,96.02130493164063,0.32361561634102337,22.2,10.099999999999998,-2.6811370849609375,10.335094604492213,3.826978759765609,13.01623168945315,3.4011759942650843,-1.0496209716797011,-1.8183648681640534,-1.4339929199219341,0.0,1.209999999999999,1.209999999999999,13.365497763747989,5.245831715999574,11.93635525442616,1.7442821769191739
2024-10-29 16:16:04,240.66,382.56,246.6925584411621,354.18353713989256,6.05,17.36,300.4380477905273,600.8760955810546,107.49097869873046,0.35778084410898225,23.41,11.309999999999999,-2.010852813720703,9.458820953369127,3.723984069824212,11.46967376708983,3.0799462275049474,0.6702842712402344,-0.8762736511230855,-0.10299468994139716,0.0,1.2100000000000009,1.2100000000000009,12.833747755522408,6.1502869959102595,14.55052361265764,1.5300987345460286
2024-10-29 16:16:05,264.95,390.36,251.2569188308716,363.2276528549195,6.05,18.54,307.2422858428955,614.484571685791,111.97073402404789,0.36443790070246,24.59,12.489999999999998,4.564360389709492,9.04411571502692,6.804238052368191,4.479755325317427,0.6583771220910094,6.575213203430195,-0.41470523834220785,3.0802539825439794,0.0,1.1799999999999997,1.1799999999999997,12.494602413513343,7.4429575115186974,17.627542056912986,1.8167877289119305
2024-10-29 16:16:06,294.12,404.03,261.9726891231537,373.4282396411896,7.29,19.75,317.7004643821716,635.4009287643432,111.45555051803586,0.35081960104768045,27.04,12.46,10.715770292282116,10.200586786270094,10.458178539276105,0.515183506012022,0.04926129868752301,6.151409902572624,1.1564710712431747,3.6539404869079135,1.2400000000000002,1.2100000000000009,0.02999999999999936,11.749277094411779,9.77814171581545,12.40489038287324,2.782511536312337
2024-10-29 16:16:07,300.93,413.79,271.7120168423653,383.5186797308922,8.54,20.93,327.6153482866288,655.2306965732575,111.80666288852689,0.3412741897837878,29.47,12.39,9.739327719211587,10.09044008970261,9.914883904457156,0.3511123704910233,0.03541265217644469,-0.9764425730705284,-0.1101466965674831,-0.5432946348189489,1.2499999999999991,1.1799999999999997,0.0699999999999994,11.116909982006067,12.699732984990655,6.812334211324623,3.21245411359544
2024-10-29 16:16:08,307.74,369.88,280.719012631774,380.10900979816915,9.82,21.2,330.41401121497154,660.8280224299431,99.38999716639518,0.3008044256359527,31.02,11.379999999999999,9.006995789408677,-3.409669932723034,2.7986629283427646,12.416665722131711,4.436640497054703,-0.7323319298029105,-13.500110022425645,-7.116220976114391,1.2800000000000011,0.2699999999999996,1.0100000000000016,10.651644118740407,12.865823848563815,5.378098120132597,3.483509580402677
2024-10-29 16:16:09,271.76,368.9,278.4792594738305,377.3067573486269,11.0,21.2,327.8930084112287,655.7860168224574,98.82749787479639,0.3014016616342417,32.2,10.2,-2.2397531579434826,-2.802252449542266,-2.5210028037428174,0.5624992915987832,0.223125126096068,-11.24674894735216,0.6074174831807682,-5.319665732085582,1.1799999999999997,0.0,1.1799999999999997,10.18301236733591,9.658955909334837,6.92614329349008,5.417773376988937
2024-10-29 16:16:10,268.84,368.9,276.06944460537284,375.2050680114702,11.0,21.2,325.6372563084215,651.274512616843,99.13562340609735,0.3044357523015335,32.2,10.2,-2.4098148684576586,-2.1016893371566994,-2.2557521028072074,0.3081255313009592,0.13659541503789024,-0.17006171051417596,0.7005631123855665,0.26525070093561,0.0,0.0,0.0,10.112957956380855,4.862630631160861,6.857888821138816,6.310305467744855
2024-10-29 16:16:11,266.9,425.5,273.7770834540296,387.7788010086026,11.0,22.08,330.7779422313161,661.5558844626322,114.00171755457302,0.34464727738769013,33.08,11.079999999999998,-2.2923611513432434,12.573732997132424,5.1406859228945905,14.866094148475668,2.8918497413775484,0.11745371711441521,14.675422334289124,7.396438025701798,0.0,0.879999999999999,0.879999999999999,9.999332896976519,2.1326938185816275,7.5935562890216195,5.239367234934377
2024-10-29 16:16:12,303.84,434.29,281.2928125905222,399.40660075645195,11.0,23.29,340.34970667348705,680.6994133469741,118.11378816592975,0.34703654947528756,34.29,12.29,7.5157291364926095,11.627799747849338,9.571764442170945,4.112070611356728,0.4296041974910828,9.808090287835853,-0.9459332492830868,4.431078519276355,0.0,1.2100000000000009,1.2100000000000009,9.925625451964468,5.617407974030716,9.393767424686473,5.120764993180792
2024-10-29 16:16:13,334.01,442.11,294.4721094428917,410.0824505673389,12.28,24.5,352.2772800051153,704.5545600102306,115.61034112444725,0.32817995186799603,36.78,12.22,13.179296852369475,10.675849810886973,11.927573331628253,2.5034470414825023,0.20988735612773607,5.663567715876866,-0.9519499369623645,2.3558088894573075,1.2799999999999994,1.2100000000000009,0.06999999999999851,9.577957325371344,10.981471231919352,9.387035110574635,6.636183016678481
2024-10-29 16:16:14,338.88,449.92,305.57408208216873,420.0418379255042,13.52,25.72,362.80796000383646,725.6159200076729,114.46775584333545,0.3155050829827988,39.239999999999995,12.2,11.10197263927705,9.959387358165259,10.530679998721155,1.142585281111792,0.10850060705955746,-2.0773242130924245,-0.7164624527217143,-1.3968933329070978,1.2400000000000002,1.2199999999999989,0.02000000000000135,9.245870304739201,15.283213880755595,7.510800183587166,5.755110809480144
2024-10-29 16:16:15,344.72,407.93,315.3605615616266,417.0138784441281,14.77,25.99,366.1872200028773,732.3744400057546,101.65331688250154,0.27759930181097936,40.76,11.219999999999999,9.786479479457853,-3.027959481376058,3.379259999040869,12.814438960833911,3.792083228987348,-1.315493159819198,-12.987346839541317,-7.151419999680286,1.25,0.2699999999999996,0.9800000000000004,8.983984568667635,14.939205941842742,6.414899733052071,3.6663005921456695
2024-10-29 16:16:16,312.6,405.98,314.6704211712199,414.2554088330961,15.91,25.99,364.462915002158,728.925830004316,99.5849876618762,0.27323764171739917,41.9,10.079999999999998,-0.6901403904066683,-2.7584696110320124,-1.724305000719312,2.068329220625344,1.1995140188357052,-10.476619869864521,0.2694898703440458,-5.103564999760181,1.1400000000000006,0.0,1.1400000000000006,8.69839871846681,10.875814712840974,8.59280211160069,5.74974019229118
2024-10-29 16:16:17,304.82,405.98,312.2078158784149,412.18655662482206,15.91,25.99,362.1971862516185,724.394372503237,99.97874074640714,0.27603400651742743,41.9,10.079999999999998,-2.4626052928049944,-2.068852208274052,-2.2657287505394947,0.3937530845309425,0.1737864299293354,-1.772464902398326,0.6896174027579605,-0.5414237498201828,0.0,0.0,0.0,8.64432404790679,5.430627656193046,8.062686699819764,6.656311040679843
2024-10-29 16:16:18,305.79,470.45,310.60336190881117,426.75241746861656,15.91,26.83,368.6778896887139,737.3557793774278,116.14905555980539,0.3150420963482012,42.739999999999995,10.919999999999998,-1.6044539696037532,14.565860843794496,6.4807034370953716,16.17031481339825,2.495147706604211,0.8581513232012412,16.634713052068548,8.746432187634866,0.0,0.8399999999999999,0.8399999999999999,8.62606179369799,2.6361286126064853,8.2209368706491,5.445752733184379
2024-10-29 16:16:19,337.9,456.76,317.4275214316084,434.2543131014624,15.95,27.74,375.84091726653537,751.6818345330707,116.826791669854,0.31084106597197025,43.69,11.79,6.824159522797231,7.501895632845844,7.163027577821481,0.6777361100486132,0.09461586013310806,8.428613492400984,-7.063965210948652,0.6823241407261094,0.03999999999999915,0.9100000000000001,0.870000000000001,8.602446982469408,5.2445650651376186,8.846019973723228,4.440243201829944
2024-10-29 16:16:20,371.99,462.63,331.06814107370633,441.3482348260968,17.16,28.51,386.20818794990157,772.4163758998031,110.28009375239048,0.2855457157763578,45.67,11.350000000000001,13.640619642097931,7.093921724634413,10.3672706833662,6.5466979174635185,0.6314774144452477,6.8164601193007,-0.40797390821143154,3.2042431055447196,1.2100000000000009,0.7700000000000031,0.4399999999999977,8.456496157070406,9.736516594014677,8.412507218265214,5.672911632084699
2024-10-29 16:16:21,378.81,474.36,343.00360580527973,449.60117611957264,18.41,29.32,396.3023909624262,792.6047819248524,106.59757031429291,0.2689803858776596,47.730000000000004,10.91,11.935464731573404,8.252941293475828,10.094203012524645,3.6825234380975758,0.36481563415286533,-1.7051549105245272,1.1590195688414155,-0.2730676708415558,1.25,0.8099999999999987,0.4400000000000013,8.303004036442953,13.633823083574613,7.008761627594391,5.1250560457076615
2024-10-29 16:16:22,383.68,478.27,353.17270435395983,456.76838208967945,19.65,30.16,404.97054322181964,809.9410864436393,103.59567773571962,0.25581040204982375,49.81,10.510000000000002,10.169098548680097,7.1672059701068065,8.668152259393423,3.0018925785732904,0.3463128175912473,-1.7663661828933073,-1.085735323369022,-1.4260507531312214,1.2399999999999984,0.8399999999999999,0.3999999999999986,8.13030586411391,14.735387984757562,5.803165337263093,1.725294706161348
2024-10-29 16:16:23,347.64,475.33,351.7895282654698,461.40878656725954,20.8,30.94,406.5991574163647,813.1983148327294,109.61925830178973,0.2696003079021076,51.74,10.14,-1.3831760884900177,4.640404477580091,1.6286141945450368,6.023580566070109,3.698590425931051,-11.552274637170115,-2.5268014925267153,-7.0395380648483865,1.1500000000000021,0.7800000000000011,0.370000000000001,7.858506949320791,12.98899504469645,4.937670080033901,3.566053088960681
2024-10-29 16:16:24,343.75,449.92,349.77964619910233,458.5365899254447,20.8,31.14,404.1581180622735,808.316236124547,108.75694372634234,0.26909503631568726,51.94,10.34,-2.0098820663674815,-2.872196641814867,-2.441039354091174,0.8623145754473853,0.35325699306943015,-0.6267059778774637,-7.512601119394958,-4.069653548636211,0.0,0.1999999999999993,0.1999999999999993,7.781249716615784,8.497218191438373,2.715416290546924,5.760824259902792
2024-10-29 16:16:25,341.8,449.92,347.7847346493267,456.3824424440835,20.8,31.14,402.0835885467051,804.1671770934101,108.59770779475679,0.2700873913237445,51.94,10.34,-1.9949115497756225,-2.1541474813611785,-2.074529515568429,0.15923593158555605,0.07675757497446346,0.014970516591858996,0.7180491604536883,0.3665098385227452,0.0,0.0,0.0,7.7413088333730515,3.9912065278651587,2.4141292730637116,5.906328370107591
2024-10-29 16:16:26,370.04,446.01,353.348550986995,453.7893318330626,20.83,31.14,403.5689414100288,807.1378828200576,100.44078084606758,0.24888134415462293,51.97,10.310000000000002,5.5638163376683,-2.5931106110209043,1.485352863323726,8.156926948689204,5.491571503666288,7.558727887443922,-0.43896312965972584,3.559882378892155,0.029999999999997584,0.0,0.029999999999997584,7.765421082251448,1.673316065881574,3.9977921857433576,4.463667653201812
2024-10-29 16:16:27,410.98,492.93,367.7564132402463,463.574498874797,22.04,31.71,415.6654560575216,831.3309121150432,95.8180856345507,0.23051731628806232,53.75,9.670000000000002,14.407862253251267,9.785167041734383,12.096514647492825,4.622695211516884,0.3821509719185131,8.844045915582967,12.378277652755287,10.611161784169099,1.2100000000000009,0.5700000000000003,0.6400000000000006,7.733310666496949,5.4212439063518465,6.181931121974546,5.8857972626229635
2024-10-29 16:16:28,421.71,501.74,381.2448099301847,473.11587415609773,23.29,32.45,427.1803420431412,854.3606840862824,91.87106422591302,0.21506388512973992,55.74,9.160000000000004,13.48839668993844,9.541375281300759,11.514885985619571,3.9470214086376814,0.34277552298749786,-0.9194655633128264,-0.2437917604336235,-0.5816286618732533,1.25,0.740000000000002,0.509999999999998,7.663802195538913,10.770397779580538,7.555640387178696,7.1880082901716325
2024-10-29 16:16:29,432.44,505.65,394.0436074476386,481.2494056170733,24.5,33.19,437.64650653235594,875.2930130647119,87.20579816943473,0.19926081133638993,57.69,8.689999999999998,12.798797517453863,8.133531460975576,10.466164489214748,4.665266056478288,0.4457474001615765,-0.6895991724845771,-1.4078438203251835,-1.0487214964048235,1.2100000000000009,0.7399999999999949,0.47000000000000597,7.586176095444269,15.283398999274233,8.211997027154382,6.532120221816281
2024-10-29 16:16:30,398.3,516.41,395.1077055857289,490.039554212805,25.65,33.9,442.57362989926696,885.1472597985339,94.93184862707608,0.21449955894160191,59.55,8.25,1.064098138090344,8.790148595731694,4.927123366911019,7.72605045764135,1.5680648350439492,-11.73469937936352,0.656617134756118,-5.539041122303729,1.1499999999999986,0.7100000000000009,0.4399999999999977,7.431966792062136,15.964099612614827,4.907562063948654,4.665109673122285
2024-10-29 16:16:31,394.4,523.26,394.9307791892967,498.3446656596038,25.65,34.64,446.6377224244502,893.2754448489004,103.41388647030709,0.23153862973645528,60.29,8.990000000000002,-0.1769263964322363,8.305111446798776,4.064092525183241,8.482037843231012,2.0870675811646278,-1.2410245345225803,-0.4850371489329177,-0.8630308417277774,0.0,0.740000000000002,0.740000000000002,7.408155830424522,12.541549346123276,5.945338012521428,3.8166830529433544
2024-10-29 16:16:32,392.45,529.13,394.31058439197255,506.0409992447028,25.65,35.35,450.17579181833764,900.3515836366753,111.73041485273023,0.24819285406982675,61.0,9.700000000000003,-0.6201947973241317,7.696333585099012,3.53806939388744,8.316528382423144,2.350583073980445,-0.44326840089189545,-0.6087778616997639,-0.5260231312958012,0.0,0.7100000000000009,0.7100000000000009,7.379930892432898,8.952104273312353,9.761956525885294,3.783248315741392
2024-10-29 16:16:33,427.56,535.01,402.6229382939794,513.2832494335271,25.68,36.09,457.9530938637532,915.9061877275064,110.66031113954767,0.2416411470534346,61.77,10.410000000000004,8.312353902006862,7.2422501888243005,7.777302045415581,1.0701037131825615,0.13759316139974076,8.932548699330994,-0.4540833962747115,4.239232651528141,0.030000000000001137,0.740000000000002,0.7100000000000009,7.4138430702591895,7.7017485203017015,10.48405157171639,2.913155636946939
2024-10-29 16:16:34,450.0,541.86,414.4672037204846,520.4274370751453,26.89,36.8,467.44732039781496,934.8946407956299,105.96023335466077,0.22667844803946302,63.69,9.909999999999997,11.84426542650516,7.1441876416182595,9.494226534061738,4.700077784886901,0.4950458336947139,3.531911524498298,-0.09806254720604102,1.716924488646157,1.2100000000000009,0.7099999999999937,0.5000000000000071,7.339414555792125,9.879436984124156,6.737346068212762,2.565170118088386
2024-10-29 16:16:35,462.69,543.82,426.52290279036345,526.275577806359,28.14,37.51,476.39924029836124,952.7984805967225,99.75267501599558,0.20938882006640744,65.65,9.369999999999997,12.05569906987887,5.848140731213675,8.951919900546272,6.207558338665194,0.6934331086735129,0.2114336433737094,-1.2960469104045842,-0.5423066335154658,1.25,0.7100000000000009,0.5399999999999991,7.25665244541826,12.280760933778627,4.995353201632156,2.782266782969155
2024-10-29 16:16:36,466.6,555.57,436.5421770927726,533.5991833547693,29.35,38.25,485.0706802237709,970.1413604475418,97.05700626199666,0.2000883789082744,67.6,8.899999999999999,10.019274302409144,7.323605548410228,8.671439925409686,2.695668753998916,0.3108674529627333,-2.0364247674697253,1.4754648171965528,-0.2804799751365863,1.2100000000000009,0.740000000000002,0.46999999999999886,7.175601672310197,13.95670503949745,6.49769309658019,2.400884777877859
2024-10-29 16:16:37,460.74,556.55,442.59163281957944,539.336887516077,30.13,38.95,490.96426016782823,981.9285203356565,96.74525469649757,0.19705152156365768,69.08,8.820000000000004,6.049455726806855,5.737704161307761,5.893579944057308,0.3117515654990939,0.05289679881523359,-3.9698185756022895,-1.5859013871024672,-2.7778599813523783,0.7799999999999976,0.7000000000000028,0.07999999999999474,7.107183744363701,13.269015304192541,6.078122314097377,1.4099609364277046
2024-10-29 16:16:38,464.64,566.35,448.10372461468455,546.0901656370578,30.9,39.66,497.0969451258712,994.1938902517423,97.98644102237324,0.19711736671494628,70.56,8.759999999999998,5.512091795105107,6.753278120980781,6.132684958042944,1.241186325875674,0.20238869793224498,-0.5373639317017478,1.01557395967302,0.2391050139856361,0.7699999999999996,0.7099999999999937,0.060000000000005826,7.045024632665059,11.737909098885284,3.796253416579984,1.685746777492518
2024-10-29 16:16:39,469.53,562.43,453.4602934610134,550.1751242277933,31.75,40.23,501.81770884440334,1003.6354176888067,96.71483076677987,0.19272901069348042,71.97999999999999,8.479999999999997,5.356568846328855,4.084958590735482,4.720763718532169,1.271610255593373,0.26936531079412823,-0.15552294877625172,-2.6683195302452987,-1.4119212395107752,0.8500000000000014,0.5700000000000003,0.28000000000000114,6.971626866807121,9.998370580398666,1.2824950496439549,1.8503877519131453
2024-10-29 16:16:40,475.39,570.26,458.94272009576,555.196343170845,32.65,40.74,507.0695316333025,1014.139063266605,96.25362307508499,0.1898233218139192,73.39,8.090000000000003,5.482426634746616,5.0212189430517356,5.251822788899176,0.46120769169488085,0.08781857698076988,0.12585778841776118,0.9362603523162534,0.5310590703670073,0.8999999999999986,0.5100000000000051,0.38999999999999346,6.909245465650049,8.68298462309556,0.6457197768613753,1.5224879564191458
2024-10-29 16:16:41,450.0,572.22,456.70704007182,559.4522573781337,33.43,41.28,508.0796487249769,1016.1592974499538,102.74521730631369,0.2022226581244291,74.71000000000001,7.850000000000001,-2.235680023940006,4.255914207288697,1.010117091674374,6.491594231228703,6.426569610755335,-7.718106658686622,-0.7653047357630385,-4.241705697224802,0.7800000000000011,0.5399999999999991,0.240000000000002,6.800691231753254,7.134056376640333,2.681113523301171,2.082616880561935
2024-10-29 16:16:42,448.05,573.2,454.542780053865,562.8891930336003,33.43,41.75,508.7159865437327,1017.4319730874654,108.34641297973536,0.2129801610971017,75.18,8.32,-2.16426001795503,3.436935655466641,0.6363378187558055,5.601195673421671,8.802222194103052,0.07142000598497589,-0.818978551822056,-0.3737792729185685,0.0,0.46999999999999886,0.46999999999999886,6.76663979485359,4.979336494814847,5.129407162622238,2.5435006379147858
2024-10-29 16:16:43,445.12,574.18,452.18708504039876,565.7118947752002,33.43,42.22,508.9494899077995,1017.898979815599,113.52480973480147,0.22305712406217426,75.65,8.79,-2.3556950134662316,2.8227017415998716,0.23350336406679162,5.178396755066103,22.176873549073687,-0.19143499551120158,-0.6142339138667694,-0.4028344546890139,0.0,0.46999999999999886,0.46999999999999886,6.727686492797264,2.947232063955289,7.468287698187563,2.410937333807603
2024-10-29 16:16:44,466.6,582.02,455.790313780299,569.7889210814002,33.46,42.69,512.7896174308496,1025.5792348616992,113.99860730110117,0.2223106771348844,76.15,9.229999999999997,3.60322873990026,4.0770263061999685,3.840127523050114,0.4737975662997087,0.12338065339630445,5.958923753366491,1.254324564600097,3.6066241589833226,0.030000000000001137,0.46999999999999886,0.4399999999999977,6.733941046577919,2.1763007775613117,7.532443452033043,2.2210049849630673
2024-10-29 16:16:45,494.92,580.06,465.57273533522425,572.3566908110502,34.27,43.16,518.9647130731372,1037.9294261462744,106.7839554758259,0.20576342202097567,77.43,8.889999999999993,9.782421554925236,2.5677697296499673,6.1750956422876015,7.2146518252752685,1.1683463827705467,6.179192815024976,-1.5092565765500012,2.3349681192374874,0.8100000000000023,0.46999999999999886,0.3400000000000034,6.702372547730397,4.564528722185773,4.7404765929088555,2.55240589772037
2024-10-29 16:16:46,498.83,584.96,473.88705150141817,575.5075181082876,35.01,43.64,524.6972848048529,1049.3945696097057,101.62046660686946,0.19367446593704027,78.65,8.630000000000003,8.314316166193919,3.15082729723747,5.732571731715666,5.163488868956449,0.9007280170017312,-1.468105388731317,0.5830575675875025,-0.44252391057193563,0.7399999999999949,0.480000000000004,0.2599999999999909,6.6712940639994756,6.902602145988414,5.1271380542640514,2.7825818994201277
2024-10-29 16:16:47,502.74,588.88,481.1002886260636,578.8506385812158,35.75,44.11,529.9754636036397,1059.9509272072794,97.75034995515216,0.18444316102115804,79.86,8.36,7.213237124645445,3.343120472928149,5.278178798786826,3.8701166517172965,0.7332294084803309,-1.1010790415484735,0.19229317569067916,-0.4543929329288403,0.740000000000002,0.46999999999999886,0.2700000000000031,6.636306748902241,8.550940658532962,7.171929484487103,2.4115029817938614
2024-10-29 16:16:48,505.67,592.8,487.24271646954776,582.3379789359119,36.49,44.58,534.7903477027298,1069.5806954054597,95.09526246636415,0.17781783589969774,81.07,8.089999999999996,6.142427843484143,3.48734035469613,4.814884099090136,2.6550874887880127,0.5514331981234073,-1.0708092811613028,0.14421988176798095,-0.46329469969668935,0.740000000000002,0.46999999999999886,0.2700000000000031,6.596649082349584,8.708535198200531,7.536944515339159,0.8990353508098541
2024-10-29 16:16:49,509.58,572.22,492.8270373521608,579.8084842019339,37.24,45.02,536.3177607770474,1072.6355215540948,86.98144684977308,0.16218267051526838,82.26,7.780000000000001,5.584320882613042,-2.5294947339780265,1.5274130743175647,8.113815616591069,5.312125737885617,-0.5581069608711005,-6.016835088674156,-3.2874710247725716,0.75,0.44000000000000483,0.30999999999999517,6.519787919490146,7.197858594345094,7.408583863011037,1.8476167084956074
2024-10-29 16:16:50,517.4,568.31,498.9702780141206,576.9338631514504,37.98,45.02,537.9520705827855,1075.904141165571,77.9635851373298,0.14492663799572705,83.0,7.040000000000006,6.143240661959794,-2.8746210504834835,1.6343098057380985,9.017861712443278,5.517837660242704,0.558919779346752,-0.345126316505457,0.1068967314205338,0.7399999999999949,0.0,0.7399999999999949,6.481350169896811,5.39670478146623,9.451693128055403,2.049674924212848
2024-10-29 16:16:51,519.36,568.31,504.0677085105905,574.7778973635877,38.72,45.02,539.422802937089,1078.845605874178,70.71018885299725,0.1310849084185991,83.74000000000001,6.300000000000004,5.097430496469883,-2.1559657878626695,1.47073235430355,7.253396284332553,4.931822796503668,-1.045810165489911,0.718655262620814,-0.1635774514345485,0.740000000000002,0.0,0.740000000000002,6.44163836273526,3.6369682050274617,11.398141843010968,1.9262084755935487
2024-10-29 16:16:52,530.11,564.39,510.5782813829429,572.1809230226908,39.46,45.02,541.3796022028168,1082.7592044056337,61.602641639747844,0.11378825739888407,84.48,5.560000000000002,6.510572872352441,-2.5969743408969634,1.9567992657277955,9.107547213249404,4.65430599778768,1.4131423758825576,-0.441008553034294,0.4860669114242455,0.740000000000002,0.0,0.740000000000002,6.408375897187985,2.577615008513142,13.170259875021493,1.4290127461729178
2024-10-29 16:16:53,534.02,564.39,516.4387110372072,570.233192267018,40.2,45.02,543.3359516521126,1086.6719033042252,53.7944812298108,0.09900777036239006,85.22,4.82,5.860429654264294,-1.947730755672751,1.9563494492957716,7.808160409937045,3.991186963842676,-0.6501432180881466,0.6492435852242124,-0.0004498164320239084,0.740000000000002,0.0,0.740000000000002,6.375685816433077,2.7663676415859304,13.088215827060765,0.23340418853064127
2024-10-29 16:16:54,542.82,567.33,523.0340332779055,569.5073942002635,40.94,45.02,546.2707137390845,1092.541427478169,46.4733609223581,0.08507386478617143,85.96000000000001,4.080000000000005,6.595322240698238,-0.7257980667544643,2.9347620869718867,7.321120307452702,2.494620550446781,0.7348925864339435,1.2219326889182867,0.9784126376761151,0.7399999999999949,0.0,0.7399999999999949,6.354940755981197,3.2748725800730023,12.641292951936347,0.5681026992240545
2024-10-29 16:16:55,548.69,566.35,529.4480249584291,568.7180456501976,41.68,45.02,549.0830353043134,1098.1660706086268,39.270020691768536,0.07151927503730832,86.7,3.3400000000000034,6.413991680523623,-0.7893485500659381,2.812321565228899,7.203340230589561,2.561349227734575,-0.18133056017461513,-0.06355048331147373,-0.12244052174298758,0.740000000000002,0.0,0.740000000000002,6.333137589056237,3.8470760087961953,12.349194127866161,0.6248452126541674
2024-10-29 16:16:56,554.56,573.2,535.7260187188218,569.8385342376482,42.42,45.02,552.782276478235,1105.56455295647,34.1125155188264,0.0617105810165369,87.44,2.6000000000000014,6.2779937603927465,1.120488587450609,3.699241173921564,5.1575051729421375,1.3942058752738185,-0.13599792013087608,1.909837137516547,0.886919608692665,0.740000000000002,0.0,0.740000000000002,6.321846639482941,4.538628516945524,11.017106009441667,0.7361430280544738
2024-10-29 16:16:57,563.37,583.98,542.6370140391164,573.3739006782362,43.16,45.25,558.0054573586763,1116.0109147173525,30.736886639119803,0.05508348740804371,88.41,2.0900000000000034,6.910995320294546,3.53536644058795,5.223180880441305,3.3756288797065963,0.6462782566211136,0.6330015599017997,2.414877853137341,1.5239397065197409,0.7399999999999949,0.22999999999999687,0.509999999999998,6.311564880071388,5.721270305651389,9.345361250834568,1.2279531852904324
2024-10-29 16:16:58,563.37,592.8,547.8202605293372,578.2304255086772,43.9,45.66,563.0253430190072,1126.0506860380144,30.410164979339925,0.05401207121914801,89.56,1.759999999999998,5.183246490220881,4.856524830441003,5.019885660330942,0.3267216597798779,0.06508546544720958,-1.727748830073665,1.3211583898530534,-0.2032952201103626,0.740000000000002,0.4099999999999966,0.3300000000000054,6.2865714239887875,6.7594919917063745,6.758186860566571,1.1349901353173542
2024-10-29 16:16:59,564.35,572.22,551.9526953970029,576.7278191315079,44.38,45.89,564.3402572642553,1128.6805145285107,24.775123734504973,0.04390103908359465,90.27000000000001,1.509999999999998,4.1324348676656655,-1.5026063771692861,1.3149142452481328,5.635041244834952,4.285478676438635,-1.0508116225552158,-6.3591312076102895,-3.7049714150828095,0.480000000000004,0.23000000000000398,0.25,6.251692157001918,6.531889691362407,5.327783434063718,1.6203184279980043
2024-10-29 16:17:00,575.11,573.2,557.7420215477522,575.8458643486309,44.98,45.89,566.7939429481916,1133.587885896383,18.103842800878738,0.031940783761326745,90.87,0.9100000000000037,5.789326150749275,-0.88195478287696,2.4536856839362144,6.671280933626235,2.7188805226444552,1.6568912830836098,0.6206515942923261,1.1387714386880816,0.5999999999999943,0.0,0.5999999999999943,6.237415392437286,5.597473032367248,6.290926651353807,1.6717938576087998
2024-10-29 16:17:01,575.11,571.24,562.0840161608141,574.6943982614732,45.49,45.89,568.3892072111437,1136.7784144222874,12.61038210065908,0.02218617440036724,91.38,0.3999999999999986,4.341994613061956,-1.1514660871577007,1.5952642629521279,5.493460700219657,3.443603285170079,-1.4473315376873188,-0.26951130428074066,-0.8584214209840866,0.5100000000000051,0.0,0.5100000000000051,6.220061293402084,4.000315631228945,7.894649745471156,1.8748369361629729
2024-10-29 16:17:02,576.09,577.12,565.5855121206106,575.300798696105,45.96,45.93,570.4431554083578,1140.8863108167156,9.71528657549436,0.017031121271861783,91.89,0.030000000000001137,3.5014959597964435,0.6064004346317233,2.0539481972141402,2.89509552516472,1.409526354931983,-0.840498653265513,1.757866521789424,0.45868393426201237,0.46999999999999886,0.03999999999999915,0.4299999999999997,6.207891492006381,2.9955515545888076,8.533823017118197,1.4809734688024578
2024-10-29 16:17:03,584.9,588.88,570.414134090458,578.6955990220787,46.46,46.13,574.5548665562683,1149.1097331125366,8.28146493162069,0.014413705982239643,92.59,0.3299999999999983,4.828621969847404,3.3948003259737334,4.111711147910455,1.4338216438736708,0.3487164451923828,1.3271260100509608,2.78839989134201,2.057762950696315,0.5,0.20000000000000284,0.29999999999999716,6.205366242044519,3.868022490064755,6.773213579077548,1.0992417998330837
2024-10-29 16:17:04,587.84,572.22,574.7706005678435,577.076699266559,46.94,46.36,575.9236499172013,1151.8472998344025,2.3060986987154592,0.004004174329432079,93.3,0.5799999999999983,4.356466477385538,-1.618899755519692,1.36878336093298,5.97536623290523,4.365454781228176,-0.47215549246186583,-5.013700081493425,-2.742927786977475,0.4799999999999969,0.22999999999999687,0.25,6.172815045491814,3.919582541551293,5.798922663893286,1.087299876252952
2024-10-29 16:17:05,567.28,576.14,572.8979504258826,576.8425244499192,47.14,46.36,574.8702374379009,1149.7404748758017,3.9445740240365694,0.006861677227812645,93.5,0.7800000000000011,-1.8726501419608894,-0.23417481663977924,-1.0534124793003912,1.6384753253211102,1.5553962024572527,-6.229116619346428,1.3847249388799128,-2.422195840233371,0.20000000000000284,0.0,0.20000000000000284,6.148344719674397,3.2452225386186297,4.218097003445215,1.8444293855521754
2024-10-29 16:17:06,565.33,573.2,571.0059628194119,575.9318933374394,47.14,46.36,573.4689280784257,1146.9378561568515,4.925930518027485,0.008589707773607786,93.5,0.7800000000000011,-1.8919876064707069,-0.9106311124797912,-1.4013093594751354,0.9813564939909156,0.7003134511604449,-0.019337464509817437,-0.676456295840012,-0.3478968801747442,0.0,0.0,0.0,6.13335745395795,2.0969935420799315,3.077948834699837,2.286431313447639
2024-10-29 16:17:07,565.33,572.22,569.586972114559,575.0039200030797,47.14,46.36,572.2954460588194,1144.5908921176388,5.416947888520667,0.009465299639128396,93.5,0.7800000000000011,-1.4189907048529449,-0.9279733343597627,-1.1734820196063538,0.49101737049318217,0.4184273332373352,0.472996901617762,-0.017342221879971476,0.22782733986878156,0.0,0.0,0.0,6.120806844256819,1.3879255934010029,2.1974557983139453,2.374023280482863
2024-10-29 16:17:08,562.39,580.06,567.7877290859192,576.2679400023097,47.14,46.36,572.0278345441145,1144.055669088229,8.480210916390547,0.014824822131818368,93.5,0.7800000000000011,-1.7992430286398076,1.2640199992300722,-0.26761151470486766,3.06326302786988,11.446635936470134,-0.3802523237868627,2.191993333589835,0.9058705049014861,0.0,0.0,0.0,6.117944689049945,1.6684495368675973,2.272726330666019,1.1311953275979185
2024-10-29 16:17:09,562.39,591.82,566.4382968144394,580.1559550017323,47.14,46.6,573.2971259080858,1146.5942518161717,13.717658187292955,0.023927659050508806,93.74000000000001,0.5399999999999991,-1.3494322714798273,3.8880149994225803,1.2692913639713197,5.237447270902408,4.126273362675607,0.4498107571599803,2.623995000192508,1.5369028786761874,0.0,0.240000000000002,0.240000000000002,6.115821632091574,1.1250901804536335,3.969262083958275,1.0901142873800738
2024-10-29 16:17:10,559.46,572.22,564.6937226108296,578.1719662512992,47.14,46.77,571.4328444310644,1142.8656888621288,13.4782436404696,0.023586749953622622,93.91,0.36999999999999744,-1.7445742036097727,-1.9839887504331273,-1.86428147702145,0.2394145468233546,0.12842181899701458,-0.3951419321299454,-5.872003749855708,-3.1335728409927697,0.0,0.1700000000000017,0.1700000000000017,6.084898715218461,0.8628059592960089,4.237032615860808,1.2385329779241272
2024-10-29 16:17:11,560.43,576.14,563.6277919581222,577.6639746884744,47.14,46.77,570.6458833232982,1141.2917666465964,14.036182730352152,0.024597010363085318,93.91,0.36999999999999744,-1.0659306527073795,-0.5079915628248273,-0.7869611077661602,0.5579390898825523,0.7089783413667734,0.6786435509023931,1.4759971876083,1.0773203692552897,0.0,0.0,0.0,6.076518765272915,0.9884068155836417,3.8814375646334542,1.1790582484132663
2024-10-29 16:17:12,556.52,575.16,561.8508439685917,577.0379810163557,47.14,46.77,569.4444124924737,1138.8888249849474,15.187137047764054,0.02667009577742531,93.91,0.36999999999999744,-1.7769479895305267,-0.625993672118625,-1.201470830824519,1.1509543174119017,0.9579536430929477,-0.7110173368231472,-0.11800210929379773,-0.41450972305835876,0.0,0.0,0.0,6.063724911391213,1.4476482190688647,2.599397236218395,1.1827323638711373
2024-10-29 16:17:13,576.09,575.16,565.4106329764438,576.5684857622667,47.24,46.77,570.9895593693552,1141.9791187387104,11.15785278582291,0.019541255322786017,94.01,0.46999999999999886,3.559789007852146,-0.46949525408899717,1.5451468768815175,4.029284261941143,2.607701387179339,5.336736997382673,0.15649841802962783,2.7466177077060365,0.10000000000000142,0.0,0.10000000000000142,6.073710810505737,1.4034188954289688,1.4719236770691397,1.5265452612114527
2024-10-29 16:17:14,576.09,580.06,568.0804747323328,577.4413643217,47.48,46.77,572.7609195270164,1145.5218390540329,9.360889589367162,0.016343450214365,94.25,0.7099999999999937,2.669841755889024,0.8728785594332749,1.7713601576612064,1.7969631964557493,1.01445331387324,-0.8899472519631217,1.342373813522272,0.22621328077968883,0.23999999999999488,0.0,0.23999999999999488,6.077038869495783,1.206086493173808,2.3499536560320826,1.6587704475522154
2024-10-29 16:17:15,576.09,592.8,570.0828560492497,581.2810232412751,47.48,46.97,575.6819396452624,1151.363879290525,11.19816719202538,0.01945200361761172,94.44999999999999,0.509999999999998,2.0023813169168534,3.839658919575072,2.9210201182460196,1.8372776026582187,0.6289847037331402,-0.6674604389721708,2.9667803601417972,1.1496599605848132,0.0,0.19999999999999574,0.19999999999999574,6.095097231870464,2.422589911221496,2.3687617002386867,1.7684337791587468
2024-10-29 16:17:16,574.13,578.1,571.0946420369373,580.4857674309563,47.48,47.1,575.7902047339469,1151.5804094678938,9.391125394019014,0.016309977662868295,94.58,0.37999999999999545,1.011785987687631,-0.7952558103187357,0.10826508868444762,1.8070417980063667,16.690746104933847,-0.9905953292292224,-4.634914729893808,-2.812755029561572,0.0,0.13000000000000256,0.13000000000000256,6.087864227596561,2.8150090234216893,2.3736033116446587,1.5984366692195353
2024-10-29 16:17:17,573.16,572.22,571.610981527703,578.4193255732173,47.48,47.1,575.0151535504601,1150.0303071009203,6.808344045514332,0.011840286280519011,94.58,0.37999999999999545,0.5163394907656311,-2.0664418577390506,-0.7750511834867666,2.5827813485046818,3.3323967128063456,-0.4954464969219998,-1.271186047420315,-0.8833162721712142,0.0,0.0,0.0,6.079669565138407,2.1006580121536964,1.7940032427222676,1.4545917545749025
2024-10-29 16:17:18,572.18,576.14,571.7532361457772,577.849494179913,47.48,47.1,574.8013651628451,1149.6027303256901,6.096258034135758,0.010605851678523407,94.58,0.37999999999999545,0.14225461807427564,-0.5698313933042982,-0.21378838761506813,0.7120860113785739,3.3307827826360508,-0.3740848726913555,1.4966104644347524,0.5612627958716985,0.0,0.0,0.0,6.077409167746203,1.2208576242752298,2.0874531421306473,1.5347828672993227
2024-10-29 16:17:19,587.84,576.14,575.7749271093329,577.4221206349347,47.58,47.1,576.5985238721338,1153.1970477442676,1.6471935256017787,0.002856742524561712,94.68,0.4799999999999969,4.02169096355567,-0.42737354497830893,1.7971587092887376,4.449064508533979,2.475608865221437,3.8794363454813947,0.1424578483259893,2.0109470969038057,0.10000000000000142,0.0,0.10000000000000142,6.089971670703021,0.7101513018259176,3.6346982661807803,1.539060401411259
2024-10-29 16:17:20,578.05,582.02,576.3436953319997,578.571590476201,47.68,47.14,577.4576429041003,1154.9152858082007,2.227895144201284,0.0038581100583219147,94.82,0.5399999999999991,0.5687682226667903,1.1494698412662956,0.8591190319665429,0.5807016185995053,0.6759260603786268,-3.45292274088888,1.5768433862446045,-0.9380396773221946,0.10000000000000142,0.03999999999999915,0.060000000000002274,6.090040464185403,1.1080260733331269,3.2559786005255167,0.9994212907854629
2024-10-29 16:17:21,578.05,594.77,576.7702714989998,582.6211928571507,47.68,47.34,579.6957321780753,1159.3914643561507,5.850921358150913,0.010093090259737314,95.02000000000001,0.3399999999999963,0.42657616700012113,4.04960238094975,2.2380892739749925,3.623026213949629,1.61880253718046,-0.14219205566666915,2.9001325396834545,1.3789702420084495,0.0,0.20000000000000284,0.20000000000000284,6.100775900624073,2.0000823148886666,2.3978653950709914,1.2818628460249366
2024-10-29 16:17:22,576.09,580.06,576.6002036242498,581.9808946428631,47.68,47.41,579.2905491335564,1158.5810982671128,5.38069101861322,0.009288414971334666,95.09,0.2700000000000031,-0.1700678747499751,-0.6402982142876681,-0.4051830445189353,0.470230339537693,1.1605351836990165,-0.5966440417500962,-4.689900595237418,-2.6432723184939277,0.0,0.06999999999999318,0.06999999999999318,6.092023798943449,2.0062868566210135,2.127977157101598,1.1759024015191761
2024-10-29 16:17:23,577.07,579.08,576.7176527181874,581.2556709821473,47.68,47.41,578.9866618501674,1157.9733237003347,4.538018263959884,0.00783786321021742,95.09,0.2700000000000031,0.11744909393758007,-0.7252236607157556,-0.3038872833890309,0.8426727546533357,2.7729688859855286,0.28751696868755516,-0.08492544642808753,0.10129576112990435,0.0,0.0,0.0,6.088828013054362,1.3180815055176405,1.888947475948394,1.196880073788763
2024-10-29 16:17:24,576.09,579.08,576.5607395386406,580.7117532366104,47.68,47.41,578.6362463876255,1157.272492775251,4.151013697969802,0.007173787879190808,95.09,0.2700000000000031,-0.15691317954679107,-0.5439177455368736,-0.3504154625418323,0.3870045659900825,1.1044131978927285,-0.27436227348437114,0.18130591517888206,-0.046528179152801385,0.0,0.0,0.0,6.085142920417316,0.8523000845731699,1.4019270300484692,1.150649629155227
2024-10-29 16:17:25,593.72,578.1,580.8505546539805,580.0588149274578,47.78,47.41,580.454684790719,1160.909369581438,0.7917397265226782,0.0013639991990832807,95.19,0.37000000000000455,4.28981511533982,-0.6529383091526597,1.8184384030935234,4.94275342449248,2.718129301467997,4.446728294886611,-0.10902056361578616,2.1688538656353558,0.10000000000000142,0.0,0.10000000000000142,6.097853542313957,0.7009188685768158,1.9897187064624546,1.3132613588940911
2024-10-29 16:17:26,583.92,583.0,581.6179159904854,580.7941111955934,47.81,47.41,581.2060135930394,1162.4120271860788,0.8238047948919984,0.0014174058323687974,95.22,0.4000000000000057,0.767361336504905,0.7352962681355848,0.7513288023203586,0.032065068369320215,0.042677753857616886,-3.5224537788349153,1.3882345772882445,-1.0671096007731649,0.030000000000001137,0.0,0.030000000000001137,6.1038228049697185,1.077566626292681,2.172345687017881,0.9739526402145907
2024-10-29 16:17:27,581.97,596.73,581.705936992864,584.778083396695,47.81,47.61,583.2420101947796,1166.4840203895592,3.0721464038309705,0.005267361309480493,95.42,0.20000000000000284,0.08802100237869581,3.9839722011016647,2.0359966017401803,3.895951198722969,1.9135342769525239,-0.6793403341262092,3.24867593296608,1.2846677994198217,0.0,0.20000000000000284,0.20000000000000284,6.112366422997414,1.8562574719786396,1.7875102171697312,1.1301354931003147
2024-10-29 16:17:28,580.01,581.04,581.281952744648,583.8435625475213,47.81,47.64,582.5627576460847,1165.1255152921694,2.5616098028732495,0.004397139646939678,95.45,0.1700000000000017,-0.42398424821601566,-0.9345208491737367,-0.6792525486948762,0.510536600957721,0.7516141828609811,-0.5120052505947115,-4.918493050275401,-2.7152491504350564,0.0,0.030000000000001137,0.030000000000001137,6.10332898420907,1.8133676168841464,1.4614133023726132,1.2291234834548117
2024-10-29 16:17:29,576.09,580.06,579.983964558486,582.897671910641,47.81,47.64,581.4408182345635,1162.881636469127,2.9137073521549155,0.005011184725542075,95.45,0.1700000000000017,-1.2979881861620015,-0.9458906368803355,-1.1219394115212253,0.35209754928166603,0.3138290997150742,-0.8740039379459859,-0.0113697877065988,-0.44268686282634917,0.0,0.0,0.0,6.091574773630055,1.1125579212501968,1.1333333941817718,1.4285922070735149
2024-10-29 16:17:30,580.01,577.12,579.9904734188644,581.4532539329807,47.81,47.64,580.7218636759226,1161.4437273518452,1.4627805141162753,0.002518900360213911,95.45,0.1700000000000017,0.006508860378403369,-1.4444179776602368,-0.7189545586409167,1.4509268380386402,2.018103651331956,1.3044970465404049,-0.49852734077990135,0.4029848528803086,0.0,0.0,0.0,6.084042510129702,1.0367478053590542,0.9788612058239771,1.3164847079986932
2024-10-29 16:17:31,596.65,576.14,584.1553550641484,580.1249404497355,47.91,47.64,582.1401477569419,1164.2802955138839,4.030414614412848,0.006923443818501594,95.55,0.269999999999996,4.164881645283913,-1.3283134832452106,1.418284081019351,5.493195128529123,3.873124805473558,4.158372784905509,0.11610449441502624,2.137238639660268,0.09999999999999432,0.0,0.09999999999999432,6.092518489423584,0.9776154856153566,0.9281121112473025,1.4334676744663732
2024-10-29 16:17:32,584.9,583.98,584.3415162981113,581.0887053373017,47.91,47.64,582.7151108177065,1165.430221635413,3.2528109608095974,0.005582163384544572,95.55,0.269999999999996,0.1861612339629346,0.9637648875661853,0.5749630607646168,0.7776036536032507,1.3524387116807846,-3.978720411320978,2.292078370811396,-0.8433210202547343,0.0,0.0,0.0,6.098535894496815,0.8304930676787793,0.9443352550020946,1.063439630447864
2024-10-29 16:17:33,584.9,593.79,584.4811372235835,584.2640290029763,47.91,47.85,584.3725831132799,1168.7451662265598,0.21710822060720147,0.0003715236246694203,95.75999999999999,0.05999999999999517,0.13962092547217253,3.1753236656745685,1.6574722955733705,3.035702740202396,1.8315243740637486,-0.04654030849076207,2.211558778108383,1.0825092348087537,0.0,0.21000000000000085,0.21000000000000085,6.102470520163006,1.3892246973516282,1.5239583244074393,1.245981211985504
2024-10-29 16:17:34,580.99,583.0,583.6083529176876,583.9480217522322,47.91,47.85,583.77818733496,1167.55637466992,0.3396688345445682,0.000581845710120422,95.75999999999999,0.05999999999999517,-0.8727843058958342,-0.31600725074406455,-0.5943957783199494,0.5567770551517697,0.9367094093704358,-1.0124052313680068,-3.491330916418633,-2.25186807389332,0.0,0.0,0.0,6.096263379685638,1.4297133778420092,1.7189316444574343,1.1030491605870822
2024-10-29 16:17:35,581.97,582.02,583.1987646882658,583.4660163141741,47.91,47.85,583.33239050122,1166.66478100244,0.2672516259083295,0.00045814638412338294,95.75999999999999,0.05999999999999517,-0.4095882294218427,-0.4820054380580814,-0.4457968337400189,0.07241720863623868,0.16244405682435656,0.4631960764739915,-0.16599818731401683,0.1485989445799305,0.0,0.0,0.0,6.091608024327611,0.8749682477076242,1.8650362680000332,1.0342144075876805
2024-10-29 16:17:36,580.99,581.04,582.6465735161994,582.8595122356305,47.91,47.85,582.753042875915,1165.50608575183,0.21293871943112208,0.00036540129934776094,95.75999999999999,0.05999999999999517,-0.5521911720663866,-0.606504078543594,-0.5793476253049903,0.054312906477207434,0.0937482270690038,-0.14260294264454387,-0.12449864048551262,-0.1335507915649714,0.0,0.0,0.0,6.085558028303645,0.7036809071718186,1.3397403382155602,0.9861989753174324
2024-10-29 16:17:37,589.8,580.06,584.4349301371495,582.1596341767229,48.01,47.85,583.2972821569363,1166.5945643138725,2.2752959604266607,0.003900748428163846,95.86,0.1599999999999966,1.7883566209501396,-0.6998780589076432,0.544239281021305,2.488234679857783,4.571941413796928,2.340547793016526,-0.0933739803640492,1.1235869063262953,0.10000000000000142,0.0,0.10000000000000142,6.084887086084385,0.6053299996416692,0.9030547075814099,0.982765351083293
2024-10-29 16:17:38,586.86,584.96,585.0411976028622,582.8597256325422,48.01,47.88,583.9504616177022,1167.9009232354044,2.18147197031999,0.0037357140887276687,95.89,0.12999999999999545,0.6062674657126763,0.7000914558193472,0.6531794607659549,0.09382399010667086,0.14364175865984685,-1.1820891552374633,1.3999695147269904,0.10894017974464987,0.0,0.030000000000001137,0.030000000000001137,6.089795135341611,0.46830245650496716,1.0723075793427392,0.6274725732593959
2024-10-29 16:17:39,584.9,585.94,585.0058982021467,583.6297942244066,48.01,48.01,584.3178462132767,1168.6356924265533,1.3761039777400583,0.002355060664846985,96.02,0.0,-0.03529940071553028,0.7700685918644012,0.3673845955744355,0.8053679925799315,2.192159960220207,-0.6415668664282066,0.06997713604505407,-0.2857948651915194,0.0,0.12999999999999545,0.12999999999999545,6.085376381252868,0.6112198662079756,0.9969038504347131,0.5774823354372909
2024-10-29 16:17:40,584.9,583.98,584.97942365161,583.7173456683049,48.01,48.01,584.3483846599574,1168.696769319915,1.262077983305062,0.002159804004386327,96.02,0.0,-0.026474550536704555,0.08755144389829184,0.03053844668079364,0.11402599443499639,3.7337282376732683,0.008824850178825727,-0.6825171479661094,-0.33684614889364184,0.0,0.0,0.0,6.0856944238102795,0.6924951475915458,0.8346541747585622,0.49697552394281497
2024-10-29 16:17:41,584.9,583.0,584.9595677387075,583.5380092512287,48.01,48.01,584.248788494968,1168.497576989936,1.4215584874788192,0.002433138952170756,96.02,0.0,-0.019855912902471573,-0.17933641707622883,-0.09959616498940704,0.15948050417375725,1.6012554593368122,0.006618637634232982,-0.26688786097452066,-0.13013461167020068,0.0,0.0,0.0,6.0846571798616,0.4402447762089938,0.4839783561350271,0.3245043318129411
2024-10-29 16:17:42,583.92,577.12,584.6996758040307,581.9335069384215,48.01,48.01,583.3165913712261,1166.6331827424522,2.7661688656091883,0.004742139863302195,96.02,0.0,-0.2598919346768298,-1.604502312807199,-0.9321971237419575,1.344610378130369,1.442408372088262,-0.24003602177435823,-1.42516589573097,-0.8326009587525505,0.0,0.0,0.0,6.074948815832923,0.43219357304540096,0.6502419081569469,0.6002882120697617
2024-10-29 16:17:43,589.8,583.0,585.974756853023,582.2001302038161,48.08,48.01,584.0874435284195,1168.174887056839,3.77462664920688,0.006462434151883607,96.09,0.07000000000000028,1.2750810489923197,0.2666232653946281,0.770852157193417,1.0084577835976916,1.3082359126209773,1.5349729836691495,1.871125578201827,1.7030492809353746,0.07000000000000028,0.0,0.07000000000000028,6.0785455036931415,0.4297174656528875,1.1104678652256832,0.6334972673306161
2024-10-29 16:17:44,586.86,585.94,586.1960676397673,583.1350976528621,48.08,48.05,584.6655826463148,1169.3311652926295,3.0609699869052065,0.005235420165858261,96.13,0.030000000000001137,0.22131078674431137,0.9349674490459847,0.5781391178952617,0.7136566623016734,1.2344008661771546,-1.0537702622480083,0.6683441836513566,-0.1927130392981553,0.0,0.03999999999999915,0.03999999999999915,6.082030339792827,0.5030008952124895,1.0835685071540444,0.6678542567126996
2024-10-29 16:17:45,587.84,582.02,586.6070507298255,582.8563232396466,48.08,48.18,584.731686984736,1169.463373969472,3.7507274901788605,0.006414441986384652,96.25999999999999,0.10000000000000142,0.4109830900581528,-0.2787744132155012,0.06610433842126895,0.689757503273654,10.43421786721735,0.18967230331384144,-1.213741862261486,-0.5120347794739928,0.0,0.13000000000000256,0.13000000000000256,6.074503229900611,0.5688621251947402,0.9621979539786668,0.6675242337559378
2024-10-29 16:17:46,586.86,585.94,586.6702880473691,583.6272424297349,48.08,48.18,585.148765238552,1170.297530477104,3.0430456176342204,0.0052004648957828265,96.25999999999999,0.10000000000000142,0.0632373175436669,0.770919190088307,0.4170782538159301,0.7076818725446401,1.6967563504296521,-0.3477457725144859,1.0496936033038082,0.35097391539466116,0.0,0.0,0.0,6.07883606025053,0.7092543583798607,0.4567219810683981,0.6733835814320664
2024-10-29 16:17:47,583.92,583.0,585.9827160355269,583.4704318223012,48.08,48.18,584.726573928914,1169.453147857828,2.512284213225712,0.004296511089018203,96.25999999999999,0.10000000000000142,-0.687572011842235,-0.15681060743372655,-0.42219130963792395,0.5307614044085085,1.2571555480574585,-0.750809329385902,-0.9277297975220336,-0.8392695634538541,0.0,0.0,0.0,6.074450112761936,0.37933935758589943,0.5353504487219362,0.4710141400721542
2024-10-29 16:17:48,585.88,580.06,585.9570370266451,582.6178238667259,48.08,48.18,584.2874304466854,1168.574860893371,3.339213159919268,0.0057150179521257794,96.25999999999999,0.10000000000000142,-0.025679008881752452,-0.8526079555753086,-0.43914348222858735,0.8269289466935561,1.8830452849982886,0.6618930029604826,-0.695797348141582,-0.016952172590663395,0.0,0.0,0.0,6.069888057103651,0.3056868194525092,0.4534145911509068,0.46788418423449074
2024-10-29 16:17:49,589.8,583.98,586.9177777699838,582.9583679000444,48.12,48.18,584.938072835014,1169.876145670028,3.95940986993935,0.006768938537340159,96.3,0.060000000000002274,0.960740743338647,0.3405440333185652,0.6506423883286061,0.6201967100200818,0.9532052751865554,0.9864197522203995,1.1931519888938737,1.0897858705571934,0.03999999999999915,0.0,0.03999999999999915,6.074123227008212,0.31932648817293946,0.5752921951248455,0.4893623121431522
2024-10-29 16:17:50,588.82,587.9,587.3933333274879,584.1937759250334,48.12,48.18,585.7935546262606,1171.5871092525213,3.199557402454502,0.005461919769728291,96.3,0.060000000000002274,0.4755555575040944,1.235408024988942,0.8554817912465751,0.7598524674848477,0.8882147896600249,-0.4851851858345526,0.8948639916703769,0.20483940291796898,0.0,0.0,0.0,6.083006734613229,0.5558735926224483,0.5227568417150251,0.6071900041883048
2024-10-29 16:17:51,588.82,583.98,587.7499999956159,584.140331943775,48.12,48.32,585.9451659696954,1171.8903319393908,3.609668051840913,0.00616041953295538,96.44,0.20000000000000284,0.35666666812801395,-0.05344398125839689,0.1516113434347517,0.41011064938641084,2.7049951217389316,-0.11888888937608044,-1.288852006247339,-0.7038704478118234,0.0,0.14000000000000057,0.14000000000000057,6.075748236146279,0.7095737261891106,0.5385053049821854,0.596324636231593
2024-10-29 16:17:52,586.86,585.94,587.527499996712,584.5902489578312,48.12,48.32,586.0588744772716,1172.1177489545432,2.9372510388807314,0.00501187024339271,96.44,0.20000000000000284,-0.22249999890391337,0.44991701405626827,0.1137085075762343,0.6724170129601816,5.9134634147401695,-0.5791666670319273,0.5033609953146652,-0.03790283585851739,0.0,0.0,0.0,6.076927295731484,0.7644095376545306,0.3919509462384553,0.5071839618301159
2024-10-29 16:17:53,584.9,582.02,586.870624997534,583.9476867183735,48.12,48.32,585.4091558579537,1170.8183117159074,2.922938279160576,0.004992983531123362,96.44,0.20000000000000284,-0.6568749991779441,-0.6425622394577886,-0.6497186193179232,0.014312759720155555,0.02202913271294026,-0.43437500027403075,-1.0924792535140568,-0.7634271268941575,0.0,0.0,0.0,6.070190271544623,0.4575868768527409,0.45034641853562796,0.5834340025720793
2024-10-29 16:17:54,585.88,584.96,586.6229687481506,584.2007650387801,48.12,48.32,585.4118668934653,1170.8237337869307,2.4222037093704785,0.004137606089344394,96.44,0.20000000000000284,-0.24765624938345354,0.2530783204066438,0.0027110355116519713,0.5007345697900973,184.63422312825352,0.4092187497944906,0.8956405598644324,0.6524296548295752,0.0,0.0,0.0,6.070218382654987,0.30101772188527376,0.4340403194113476,0.5350257450218948
2024-10-29 16:17:55,588.82,583.98,587.172226561113,584.1455737790851,48.15,48.32,585.6589001700991,1171.3178003401981,3.0266527820278952,0.005167944644879277,96.47,0.1700000000000017,0.5492578129624235,-0.05519125969499328,0.2470332766337151,0.6044490726574168,2.446822687499561,0.796914062345877,-0.3082695801016371,0.24432224112206313,0.030000000000001137,0.0,0.030000000000001137,6.070891407683297,0.2992265055246217,0.42273174454456014,0.35897643843530685
2024-10-29 16:17:56,585.88,587.9,586.8491699208348,585.0841803343138,48.15,48.32,585.9666751275743,1171.9333502551485,1.7649895865209828,0.003012098910103749,96.47,0.1700000000000017,-0.32305664027819603,0.9386065552287164,0.30777495747520334,1.2616631955069124,4.099290944805399,-0.8723144532406195,0.9937978149237097,0.06074168084148823,0.0,0.0,0.0,6.074081777272649,0.3038094478472863,0.5309937983197289,0.384294676692205
2024-10-29 16:17:57,586.86,586.92,586.8518774406261,585.5431352507354,48.15,48.45,586.1975063456807,1172.3950126913614,1.3087421898907223,0.0022325959655078455,96.6,0.30000000000000426,0.002707519791329105,0.4589549164215896,0.23083121810645935,0.4562473966302605,1.9765325671299494,0.32576416006952513,-0.4796516388071268,-0.07694373936874399,0.0,0.13000000000000256,0.13000000000000256,6.068297104320742,0.3477697407592486,0.741492553754691,0.3960213979319724
2024-10-29 16:17:58,588.82,584.96,587.3439080804696,585.3973514380516,48.15,48.45,586.3706297592606,1172.7412595185212,1.9465566424180452,0.003319669404140434,96.6,0.30000000000000426,0.4920306398435059,-0.1457838126838169,0.17312341357990135,0.6378144525273228,3.6841392807546183,0.4893231200521768,-0.6047387291054065,-0.05770780452655799,0.0,0.0,0.0,6.070089272144632,0.3900710419141284,0.6565394056462251,0.11632558717882055
2024-10-29 16:17:59,587.84,581.04,587.4679310603523,584.3080135785387,48.15,48.45,585.8879723194455,1171.775944638891,3.1599174818135225,0.005393381714102247,96.6,0.30000000000000426,0.1240229798826249,-1.0893378595128524,-0.4826574398151706,1.2133608393954773,2.5139119909725856,-0.36800765996088103,-0.9435540468290355,-0.655780853395072,0.0,0.0,0.0,6.06509281836804,0.27615691697962835,0.8130261942961042,0.3265840476334971
2024-10-29 16:18:00,584.9,583.98,586.8259482952642,584.226010183904,48.15,48.45,585.5259792395841,1171.0519584791682,2.5999381113601885,0.004440346285396853,96.6,0.30000000000000426,-0.6419827650880734,-0.08200339463473938,-0.36199307986134954,0.559979370453334,1.5469296367162042,-0.7660057449706983,1.007334464878113,0.12066435995382108,0.0,0.0,0.0,6.061345478035597,0.3217944042061476,0.7279307681981242,0.3668936464949948
2024-10-29 16:18:01,592.74,583.98,588.3044612214482,584.164507637928,48.22,48.45,586.2344844296881,1172.4689688593762,4.139953583520196,0.007061941401290584,96.67,0.23000000000000398,1.478512926183953,-0.061502545976054535,0.708505190104006,1.5400154721600074,2.1736090575778015,2.1204956912720263,0.020500848658684845,1.0704982699653556,0.07000000000000028,0.0,0.07000000000000028,6.064285490487252,0.3388300868108737,1.092530077907892,0.4834478259344741
2024-10-29 16:18:02,590.78,586.92,588.9233459160862,584.8533807284459,48.22,48.45,586.8883633222661,1173.7767266445321,4.069965187640264,0.006934820035732395,96.67,0.23000000000000398,0.6188846946380409,0.6888730905179727,0.65387889257795,0.06998839587993189,0.10703555297288556,-0.8596282315459121,0.7503756364940273,-0.05462629752605608,0.0,0.0,0.0,6.0710495215808065,0.5133466512799859,0.9449541253338862,0.5540869626128075
2024-10-29 16:18:03,588.82,587.9,588.8975094370646,585.6150355463344,48.22,48.55,587.2562724916995,1174.512544983399,3.2824738907302162,0.00558950842911108,96.77,0.3299999999999983,-0.02583647902156372,0.7616548178884841,0.3679091694334602,0.7874912969100478,2.1404444952491932,-0.6447211736596046,0.07278172737051136,-0.28596972314448976,0.0,0.09999999999999432,0.09999999999999432,6.068577724740331,0.7100382908797254,0.6510011231848558,0.5639190880987643
2024-10-29 16:18:04,589.8,583.98,589.1231320777985,585.2062766597508,48.22,48.55,587.1647043687747,1174.3294087375493,3.916855418047703,0.0066707950635208615,96.77,0.3299999999999983,0.22562264073383176,-0.4087588865836551,-0.09156812292485483,0.6343815273174869,6.9278978224798,0.2514591197553955,-1.1704137044721392,-0.459477292358315,0.0,0.0,0.0,6.067631479809272,0.7278196417112026,0.6545502730641305,0.46859074184279054
2024-10-29 16:18:05,588.82,580.06,589.0473490583489,583.9197074948131,48.22,48.55,586.483528276581,1172.967056553162,5.1276415635358035,0.008743027395604232,96.77,0.3299999999999983,-0.07578301944954546,-1.2865691649376458,-0.6811760921937093,1.2107861454881004,1.777490992230525,-0.3014056601833772,-0.8778102783539907,-0.5896079692688545,0.0,0.0,0.0,6.0605923552339425,0.43841034312434274,0.6633559131405797,0.5817860271564728
2024-10-29 16:18:06,588.82,583.98,588.9905117937617,583.9347806211099,48.22,48.55,586.4626462074358,1172.9252924148716,5.055731172651804,0.008620721535677885,96.77,0.3299999999999983,-0.05683726458721594,0.015073126296783812,-0.02088206914515922,0.07191039088399975,3.4434780818924247,0.018945754862329522,1.3016422912344296,0.6602940230485501,0.0,0.0,0.0,6.060376564504074,0.37077834485294286,0.7891050711849961,0.5062916289726803
2024-10-29 16:18:07,591.76,584.96,589.6828838453213,584.1910854658324,48.22,48.55,586.9369846555769,1173.8739693111538,5.491798379488841,0.009356708664993737,96.77,0.3299999999999983,0.6923720515595733,0.25630484472253556,0.47433844814111126,0.4360672068370377,0.9193146565101035,0.7492093161467892,0.24123171842575175,0.4952205172862705,0.0,0.0,0.0,6.0652782741583,0.37263281218489236,0.9328467734230377,0.4562627981908026
2024-10-29 16:18:08,592.74,586.92,590.447162883991,584.8733140993743,48.22,48.55,587.6602384916827,1175.3204769833653,5.573848784616757,0.009484815221526733,96.77,0.3299999999999983,0.7642790386697698,0.6822286335418539,0.723253836105755,0.08205040512791584,0.1134460511452679,0.0719069871101965,0.42592378881931836,0.24891538796464374,0.0,0.0,0.0,6.072752220925189,0.5013642836227031,0.6629980518839609,0.5450405992956361
2024-10-29 16:18:09,592.74,587.9,591.0203721629932,585.6299855745307,48.22,48.65,588.3251788687619,1176.6503577375238,5.3903865884625475,0.009162257154563714,96.87,0.4299999999999997,0.5732092790021852,0.756671475156395,0.6649403770792333,0.18346219615420978,0.27590732428183473,-0.19106975966758455,0.07444284161454107,-0.05831345902652174,0.0,0.10000000000000142,0.10000000000000142,6.073347504856141,0.8063175469193207,0.22662599554028454,0.5885013798328831
2024-10-29 16:18:10,590.78,585.94,590.9602791222449,585.707489180898,48.22,48.65,588.3338841515715,1176.667768303143,5.252789941346805,0.008928246483701236,96.87,0.4299999999999997,-0.060093040748370186,0.07750360636737241,0.0087052828096148,0.1375966471157426,15.804293304576264,-0.6333023197505554,-0.6791678687890226,-0.6562350942696185,0.0,0.0,0.0,6.07343737047728,0.8344852020690336,0.204846103680764,0.35566390378946316
2024-10-29 16:18:11,590.78,584.96,590.9152093416836,585.5206168856736,48.22,48.65,588.2179131136786,1176.4358262273572,5.394592456010059,0.009171078143953813,96.87,0.4299999999999997,-0.045069780561220796,-0.18687229522447524,-0.11597103789290486,0.14180251466325444,1.2227302135899596,0.01502326018714939,-0.26437590159184765,-0.12467632070251966,0.0,0.0,0.0,6.072240188308438,0.6030862861698361,0.12073092290240406,0.383266050233186
2024-10-29 16:18:12,590.78,585.94,590.8814070062626,585.6254626642552,48.22,48.65,588.253434835259,1176.506869670518,5.25594434200741,0.008934829823041345,96.87,0.4299999999999997,-0.03380233542100086,0.10484577858164812,0.03552172158038047,0.13864811400264898,3.903082529555551,0.011267445140219934,0.29171807380612336,0.15149275947328533,0.0,0.0,0.0,6.072606883066502,0.2825543455024364,0.13158641106071386,0.3979385812150381
2024-10-29 16:18:13,592.74,584.96,591.3460552546969,585.4590969981914,48.25,48.65,588.4025761264442,1176.8051522528883,5.8869582565055225,0.010004983807609074,96.9,0.3999999999999986,0.46464824843428687,-0.1663656660638253,0.14914129118517394,0.6310139144981122,4.230952263665107,0.49845058385528773,-0.2712114446454734,0.11361956960479347,0.030000000000001137,0.0,0.030000000000001137,6.07226594483156,0.07244465921129534,0.26131608853291416,0.3037114803941305
2024-10-29 16:18:14,592.74,581.04,591.6945414410227,584.3543227486435,48.25,48.65,588.0244320948332,1176.0488641896663,7.340218692379153,0.012482846424844672,96.9,0.3999999999999986,0.348486186325772,-1.1047742495478587,-0.37814403161098653,1.4532604358736307,3.8431297898650167,-0.11616206210851487,-0.9384085834840334,-0.5272853227961605,0.0,0.0,0.0,6.068363529684929,0.14333107667246747,0.8854687741853354,0.20120460062860598
2024-10-29 16:18:15,592.74,587.9,591.955906080767,585.2407420614827,48.25,48.76,588.5983240711248,1177.1966481422496,6.715164019284316,0.011408737900286875,97.00999999999999,0.509999999999998,0.261364639744329,0.8864193128391662,0.5738919762916339,0.6250546730948372,1.0891484979199406,-0.087121546581443,1.991193562387025,0.9520360079026204,0.0,0.10999999999999943,0.10999999999999943,6.067398391956773,0.2146864869646452,0.8902612623631239,0.3518925311635021
2024-10-29 16:18:16,589.8,586.92,591.4169295605752,585.660556546112,48.25,48.76,588.5387430533436,1177.0774861066873,5.756373014463179,0.009780788559166524,97.00999999999999,0.509999999999998,-0.5389765201917953,0.4198144846293417,-0.059581017781169976,0.958791004821137,16.091952581104913,-0.8003411599361243,-0.4666048282098245,-0.6334729940728039,0.0,0.0,0.0,6.066784217983296,0.2315495630020699,0.8293254157124123,0.3459817026152123
2024-10-29 16:18:17,591.76,584.96,591.5026971704315,585.485417409584,48.25,48.76,588.4940572900077,1176.9881145800155,6.017279760847487,0.010224877679023555,97.00999999999999,0.509999999999998,0.08576760985624787,-0.17513913652805968,-0.044685763335905904,0.26090674638430755,5.838568893949597,0.6247441300480432,-0.5949536211574014,0.014895254445264072,0.0,0.0,0.0,6.066323587503187,0.22793137834287952,0.6691692510790627,0.3494835174261422
2024-10-29 16:18:18,591.76,586.92,591.5670228778235,585.844063057188,48.25,48.76,588.7055429675058,1177.4110859350117,5.722959820635538,0.009721260279063079,97.00999999999999,0.509999999999998,0.06432570739207222,0.3586456476040212,0.21148567749810354,0.29431994021194896,1.3916713038086677,-0.021441902464175655,0.5337847841320809,0.25617144083400945,0.0,0.0,0.0,6.068503627450802,0.26256334270724624,0.7004126980096559,0.3550563457572368
2024-10-29 16:18:19,593.72,583.98,592.1052671583677,585.378047292891,48.28,48.76,588.7416572256293,1177.4833144512586,6.727219865476741,0.011426437676843655,97.03999999999999,0.4799999999999969,0.538244280544177,-0.4660157642970262,0.036114258123461696,1.0042600448412031,27.807084789705595,0.4739185731521047,-0.8246614119010474,-0.17537141937464185,0.030000000000001137,0.0,0.030000000000001137,6.066999702788847,0.10601676603541742,0.5000923385452365,0.2636507013807293
2024-10-29 16:18:20,592.74,585.94,592.2639503687758,585.5185354696682,48.28,48.76,588.891242919222,1177.782485838444,6.745414899107573,0.011454432323046798,97.03999999999999,0.4799999999999969,0.15868321040807132,0.14048817677723946,0.14958569359271223,0.01819503363083186,0.12163537540559897,-0.3795610701361056,0.6065039410742656,0.11347143546925054,0.0,0.0,0.0,6.068541187661592,0.1608108019784613,0.5081849994333453,0.1191561328309232
2024-10-29 16:18:21,592.74,589.86,592.3829627765818,586.6039016022512,48.28,48.82,589.4934321894166,1178.9868643788332,5.77906117433065,0.009803436050276945,97.1,0.5399999999999991,0.11901240780605349,1.0853661325829762,0.6021892701945717,0.9663537247769227,1.6047315484932816,-0.03967080260201783,0.9448779558057367,0.45260357660185946,0.0,0.060000000000002274,0.060000000000002274,6.070993059921973,0.37876576297063486,0.5033807468150471,0.2503741083007041
2024-10-29 16:18:22,592.74,583.98,592.4722220824365,585.9479262016885,48.28,48.82,589.2100741420625,1178.420148284125,6.524295880748014,0.011072953698517397,97.1,0.5399999999999991,0.08925930585462538,-0.6559754005627383,-0.2833580473541133,0.7452347064173637,2.6300014535482443,-0.029753101951428107,-1.7413415331457145,-0.885547317548685,0.0,0.0,0.0,6.068074851431387,0.3363512134511716,0.5088153635714504,0.31968499527143124
2024-10-29 16:18:23,591.76,587.9,592.2941665618273,586.4359446512664,48.28,48.82,589.3650556065468,1178.7301112130936,5.858221910560928,0.009939886738944907,97.1,0.5399999999999991,-0.17805552060917762,0.48801844957790763,0.15498146448430816,0.6660739701870853,4.2977376337600095,-0.267314826463803,1.143993850140646,0.43833951183842146,0.0,0.0,0.0,6.0696709530059305,0.3166351794536843,0.4728007940106326,0.3176600736746651
2024-10-29 16:18:24,592.74,587.9,592.4056249213704,586.8019584884498,48.28,48.82,589.6037917049101,1179.2075834098202,5.6036664329205905,0.009504122093945147,97.1,0.5399999999999991,0.11145835954312133,0.36601383718345915,0.23873609836334708,0.2545554776403378,1.0662585722346172,0.28951388015229895,-0.12200461239444849,0.08375463387903892,0.0,0.0,0.0,6.072129615167668,0.2776228332753996,0.5010913195730664,0.31530088280399143
2024-10-29 16:18:25,592.74,587.9,592.4892186910279,587.0764688663373,48.28,48.82,589.7828437786826,1179.5656875573652,5.412749824690536,0.009177530124196276,97.1,0.5399999999999991,0.08359376965745469,0.2745103778875091,0.1790520737724819,0.1909166082300544,1.0662570834871408,-0.027864589885666646,-0.09150345929595005,-0.05968402459086519,0.0,0.0,0.0,6.07397361178897,0.21947778671181634,0.4214872050603981,0.31504249940972584
2024-10-29 16:18:26,592.74,587.9,592.551914018271,587.282351649753,48.28,48.82,589.9171328340119,1179.8342656680238,5.269562368517995,0.008932716251636658,97.1,0.5399999999999991,0.06269532724309101,0.20588278341563182,0.13428905532930457,0.1431874561725408,1.0662550984986798,-0.02089844241436367,-0.06862759447187727,-0.044763018443177316,0.0,0.0,0.0,6.075356609254947,0.29082957458112774,0.4939354809689441,0.2094604439107476
2024-10-29 16:18:27,593.72,587.9,592.8439355137032,587.4367637373148,48.28,48.89,590.140349625509,1180.280699251018,5.407171776388395,0.009162518324085376,97.17,0.6099999999999994,0.2920214954322091,0.15441208756180913,0.22321679149706597,0.1376094078704,0.6164804648746324,0.2293261681891181,-0.05147069585382269,0.0889277361677614,0.0,0.07000000000000028,0.07000000000000028,6.073277179708056,0.2959069439377463,0.22796546768347678,0.04430184952355568
2024-10-29 16:18:28,592.74,586.92,592.8179516352774,587.3075728029861,48.28,48.89,590.0627622191317,1180.1255244382635,5.510378832291281,0.009338631711360661,97.17,0.6099999999999994,-0.025983878425790863,-0.12919093432867612,-0.07758740637723349,0.10320705590288526,1.3301865668060553,-0.318005373858,-0.28360302189048525,-0.30080419787429946,0.0,0.0,0.0,6.072478708929228,0.2156435040424446,0.12510659531575788,0.12803784435748414
2024-10-29 16:18:29,592.74,587.9,592.7984637264581,587.4556796022396,48.28,48.89,590.1270716643488,1180.2541433286976,5.342784124218497,0.00905361636790616,97.17,0.6099999999999994,-0.019487908819314725,0.14810679925346903,0.06430944521707715,0.16759470807278376,2.606026245146881,0.006495969606476137,0.27729773358214516,0.14189685159431065,0.0,0.0,0.0,6.073140532995866,0.15299198215455262,0.08948077471757607,0.11759045315431091
2024-10-29 16:18:30,588.82,586.92,591.8038477948436,587.3217597016796,48.28,48.89,589.5628037482616,1179.1256074965231,4.482088093163952,0.007602392920764,97.17,0.6099999999999994,-0.9946159316144758,-0.1339199005599312,-0.5642679160872603,0.8606960310545446,1.525329513138455,-0.9751280227951611,-0.28202669981340023,-0.6285773613043375,0.0,0.0,0.0,6.067333515292045,0.24009423937867688,0.41226513638957063,0.3109379177938386
2024-10-29 16:18:31,593.72,584.96,592.2828858461328,586.7313197762597,48.32,48.89,589.5071028111963,1179.0142056223926,5.551566069873047,0.009417301392946519,97.21000000000001,0.5700000000000003,0.4790380512891943,-0.5904399254199006,-0.055700937065239486,1.069477976709095,19.200014093881435,1.4736539829036701,-0.45652002485996945,0.5085669790220209,0.03999999999999915,0.0,0.03999999999999915,6.064263931148363,0.31697560529812097,0.44197080896043583,0.29489709983826934
2024-10-29 16:18:32,594.7,584.96,592.8871643845996,586.2884898321948,48.32,48.89,589.5878271083973,1179.1756542167946,6.598674552404759,0.011192012856804729,97.21000000000001,0.5700000000000003,0.604278538466815,-0.44282994406489706,0.08072429720095897,1.047108482531712,12.971255837250395,0.1252404871776207,0.14760998135500358,0.13642523426619846,0.0,0.0,0.0,6.065094342591327,0.299349665131135,0.7534374451811527,0.2632093138850592
2024-10-29 16:18:33,592.74,587.9,592.8503732884496,586.6913673741461,48.32,48.96,589.7708703312978,1179.5417406625957,6.1590059143035205,0.01044304867142847,97.28,0.6400000000000006,-0.03679109614995468,0.402877541951284,0.18304322290055097,0.4396686381012387,2.401980412897889,-0.6410696346167697,0.8457074860161811,0.102318925699592,0.0,0.07000000000000028,0.07000000000000028,6.062611680393567,0.25268940862870715,0.810011387207382,0.2952192570917797
2024-10-29 16:18:34,592.74,589.86,592.8227799663373,587.4835255306097,48.32,48.96,590.1531527484735,1180.306305496947,5.339254435727639,0.00904723528428903,97.28,0.6400000000000006,-0.027593322112352325,0.7921581564635289,0.382282417175702,0.8197514785758813,2.144355317926631,0.009197774037602358,0.38928061451224494,0.19923919427515102,0.0,0.0,0.0,6.066541392700783,0.2634616094598659,0.8103222968956422,0.35620426408722405
2024-10-29 16:18:35,591.76,584.96,592.557084974753,586.8526441479572,48.32,48.96,589.7048645613552,1179.4097291227104,5.704440826795803,0.009673382669762441,97.28,0.6400000000000006,-0.2656949915842688,-0.6308813826524329,-0.44828818711835083,0.3651863910681641,0.8146223499514229,-0.23810166947191647,-1.4230395391159618,-0.8305706042940528,0.0,0.0,0.0,6.06193316714044,0.25008343815711837,0.5062089866577083,0.31072082255078326
2024-10-29 16:18:36,592.74,583.98,592.6028137310648,586.134483110968,48.32,48.96,589.3686484210164,1178.7372968420327,6.468330620096822,0.010975016445905593,97.28,0.6400000000000006,0.04572875631174611,-0.7181610369892724,-0.33621614033881997,0.7638897933010185,2.272013236836216,0.3114237478960149,-0.08727965433683949,0.11207204677953087,0.0,0.0,0.0,6.058476997970183,0.28779894611038837,0.5273564479597158,0.3522537253856487
2024-10-29 16:18:37,595.67,587.9,593.3696102982985,586.5758623332259,48.32,48.96,589.9727363157622,1179.9454726315244,6.793747965072612,0.011515359160463201,97.28,0.6400000000000006,0.7667965672337687,0.44137922225797865,0.6040878947458168,0.32541734497579,0.5386911558980342,0.7210678109220225,1.159540259247251,0.9403040350846368,0.0,0.0,0.0,6.064686783008588,0.29594823286627914,0.5821056954540041,0.4552305527590614
2024-10-29 16:18:38,593.72,584.96,593.457207723724,586.1718967499195,48.32,48.96,589.8145522368218,1179.6291044736436,7.285310973804485,0.012351867097588034,97.28,0.6400000000000006,0.08759742542542881,-0.4039655833064444,-0.1581840789403941,0.4915630087318732,3.1075181807577414,-0.6791991418083398,-0.845344805564423,-0.7622719736862109,0.0,0.0,0.0,6.063060713134879,0.29573740803387394,0.793571585446309,0.46089754931288596
2024-10-29 16:18:39,591.76,586.92,593.0329057927929,586.3589225624396,48.32,49.02,589.6959141776163,1179.3918283552325,6.673983230353315,0.011317669087707878,97.34,0.7000000000000028,-0.4243019309310512,0.18702581252011896,-0.11863805920552295,0.6113277434511701,5.152837080342519,-0.51189935635648,0.5909913958265633,0.03954601973487115,0.0,0.060000000000002274,0.060000000000002274,6.0581046652918795,0.22175335691849452,0.5768286698805314,0.4111598065530522
2024-10-29 16:18:40,590.78,587.9,592.4696793445946,586.7441919218297,48.32,49.02,589.6069356332122,1179.2138712664243,5.7254874227649,0.00971068531767743,97.34,0.7000000000000028,-0.5632264481982929,0.3852693593901222,-0.08897854440408537,0.9484958075884151,10.659706272275162,-0.13892451726724175,0.19824354687000323,0.02965951480143758,0.0,0.0,0.0,6.057190564783456,0.2267372632640674,0.5688161454098182,0.36161437882634645
2024-10-29 16:18:41,592.74,586.92,592.5372595084459,586.7881439413723,48.32,49.02,589.6627017249091,1179.3254034498182,5.749115567073659,0.009749837560534587,97.34,0.7000000000000028,0.0675801638512894,0.04395201954253025,0.055766091696909825,0.023628144308759147,0.42369332145159067,0.6308066120495823,-0.34131733984759194,0.1447446361009952,0.0,0.0,0.0,6.057763464836096,0.14559406101787098,0.6859542785524625,0.31533828888277854
2024-10-29 16:18:42,593.72,587.9,592.8329446313344,587.0661079560292,48.32,49.02,589.9495262936819,1179.8990525873637,5.766836675305171,0.009775135682809678,97.34,0.7000000000000028,0.2956851228884716,0.2779640146569591,0.2868245687727722,0.017721108231512517,0.06178357218059407,0.2281049590371822,0.23401199511442883,0.23105847707586236,0.0,0.0,0.0,6.060710090743495,0.1368470170536085,0.7089764839102058,0.18185490266719515
2024-10-29 16:18:43,594.7,583.98,593.2997084735008,586.294580967022,48.35,49.02,589.7971447202614,1179.5942894405227,7.005127506478857,0.011877181090668355,97.37,0.6700000000000017,0.4667638421664151,-0.7715269890072705,-0.15238157342048453,1.2382908311736855,8.1261971325077,0.1710787192779435,-1.0494910036642295,-0.4392061421932567,0.030000000000001137,0.0,0.030000000000001137,6.0572777925745465,0.13487180706643206,0.6098601028741882,0.18064460985779188
2024-10-29 16:18:44,594.7,586.92,593.6497813551257,586.4509357252665,48.35,49.02,590.0503585401962,1180.1007170803923,7.198845629859193,0.012200391904631631,97.37,0.6700000000000017,0.3500728816248966,0.1563547582445608,0.25321381993478553,0.19371812338033578,0.7650346983254264,-0.11669096054151851,0.9278817472518313,0.40559539335527006,0.0,0.0,0.0,6.059878324743944,0.1872708161577387,0.7453747052529943,0.19717162124037674
2024-10-29 16:18:45,595.67,588.88,594.1548360163442,587.0582017939499,48.35,49.09,590.6065189051471,1181.2130378102943,7.0966342223943,0.012015841314339092,97.44,0.740000000000002,0.5050546612185371,0.6072660686834297,0.5561603649509834,0.10221140746489255,0.18378012912475647,0.15498177959364057,0.4509113104388689,0.3029465450161979,0.0,0.07000000000000028,0.07000000000000028,6.061232685179746,0.36297084364733373,0.7383808813216178,0.26561089058755993
2024-10-29 16:18:46,592.74,587.9,593.8011270122581,587.2686513454624,48.35,49.09,590.5348891788603,1181.0697783577207,6.532475666795676,0.011061963950711073,97.44,0.740000000000002,-0.35370900408611305,0.21044955151251088,-0.07162972628680109,0.5641585555986239,7.875929574409154,-0.8587636653046502,-0.3968165171709188,-0.6277900912377845,0.0,0.0,0.0,6.0604975689487155,0.36196423092532237,0.5907896976680387,0.28805758714191537
2024-10-29 16:18:47,592.74,586.92,593.5358452591936,587.1814885090969,48.35,49.09,590.3586668841452,1180.7173337682905,6.354356750096713,0.010763552897208789,97.44,0.740000000000002,-0.26528175306452795,-0.08716283636556454,-0.1762222947151031,0.1781189166989634,1.0107569319193863,0.08842725102158511,-0.2976123878780754,-0.104592568428302,0.0,0.0,0.0,6.058689047880298,0.3402595995425802,0.3715802179313592,0.31597375063290806
2024-10-29 16:18:48,589.8,587.9,592.6018839443952,587.3611163818226,48.35,49.09,589.9815001631089,1179.9630003262178,5.240767562572614,0.008882935400924932,97.44,0.740000000000002,-0.9339613147983528,0.17962787272574587,-0.3771667210363603,1.1135891875240986,2.9525039535839412,-0.6686795617338248,0.2667907090913104,-0.2009444263212572,0.0,0.0,0.0,6.054818289288697,0.28112613782173174,0.7828006170018504,0.3691456537014795
2024-10-29 16:18:49,590.78,583.98,592.1464129582964,586.515837286367,48.35,49.09,589.3311251223317,1178.6622502446635,5.630575671929478,0.009554180022659618,97.44,0.740000000000002,-0.45547098609881687,-0.8452790954556804,-0.6503750407771349,0.3898081093568635,0.5993580404516153,0.4784903286995359,-1.0249069681814262,-0.27320831974077464,0.0,0.0,0.0,6.0481436686595655,0.5239878469923112,0.7379827071081474,0.44924451961976636
2024-10-29 16:18:50,592.74,587.9,592.2948097187223,586.8618779647752,48.35,49.09,589.5783438417487,1179.1566876834975,5.432931753947059,0.009214944547200654,97.44,0.740000000000002,0.1483967604258396,0.3460406784082579,0.24721871941699192,0.19764391798241832,0.7994666382136256,0.6038677465246565,1.1913197738639383,0.8975937601941268,0.0,0.0,0.0,6.050680806558579,0.5076889427541323,0.5728682702080505,0.3358257907744233
2024-10-29 16:18:51,593.72,587.9,592.6511072890416,587.1214084735814,48.35,49.13,589.8862578813115,1179.772515762623,5.529698815460279,0.009374178042301009,97.48,0.7800000000000011,0.35629757031938425,0.259530508806165,0.30791403956277463,0.09676706151321923,0.3142654598834278,0.20790080989354465,-0.0865101696020929,0.060695320145782716,0.0,0.03999999999999915,0.03999999999999915,6.051356707324116,0.3929927136920519,0.42567513966750065,0.4086809162524898
2024-10-29 16:18:52,592.74,586.92,592.6733304667812,587.071056355186,48.35,49.13,589.8721934109835,1179.744386821967,5.602274111595193,0.009497437181607348,97.48,0.7800000000000011,0.02222317773953364,-0.050352118395380785,-0.014064470327980416,0.07257529613491442,5.159820073029518,-0.3340743925798506,-0.3098826272015458,-0.32197850989075505,0.0,0.0,0.0,6.051212426751857,0.2692529084179174,0.15754266108800954,0.4104988128548064
2024-10-29 16:18:53,593.72,583.98,592.9349978500859,586.2982922663895,48.35,49.13,589.6166450582377,1179.2332901164755,6.6367055836964255,0.011255967123833378,97.48,0.7800000000000011,0.2616673833047116,-0.7727640887965208,-0.2555483527457909,1.0344314721012324,4.0478735750516215,0.23944420556517798,-0.72241197040114,-0.2414838824178105,0.0,0.0,0.0,6.048590880279512,0.23069302702412225,0.49245453580715937,0.3929996072079736
2024-10-29 16:18:54,593.72,585.94,593.1312483875645,586.2087191997921,48.35,49.13,589.6699837936783,1179.3399675873566,6.922529187772398,0.011739666875183661,97.48,0.7800000000000011,0.19625053747859056,-0.08957306659738151,0.05333873544054768,0.28582360407597207,5.358549338786096,-0.06541684582612106,0.6831910221991393,0.3088870881863386,0.0,0.0,0.0,6.049138056468406,0.14486641502503164,0.6989827365642644,0.22433841722706574
2024-10-29 16:18:55,595.67,586.92,593.7659362906734,586.3865393998441,48.35,49.13,590.0762378452587,1180.1524756905173,7.379396890829298,0.012505836373398638,97.48,0.7800000000000011,0.6346879031088974,0.17782020005199684,0.4062540515803903,0.4568677030569006,1.1245834390972367,0.4384373656303069,0.26739326664937835,0.3529153161398426,0.0,0.0,0.0,6.05330561953173,0.18475611994432478,0.8186999295298782,0.26392305367957275
2024-10-29 16:18:56,595.67,587.9,594.241952218005,586.7649045498831,48.35,49.13,590.5034283839441,1181.0068567678882,7.477047668121941,0.012662157908079447,97.48,0.7800000000000011,0.4760159273316731,0.3783651500390306,0.4271905386854087,0.09765077729264249,0.22858780769193612,-0.15867197577722436,0.20054494998703376,0.020936487105018387,0.0,0.0,0.0,6.057687959850801,0.3597849791881745,0.7533683708558201,0.29141980694478736
2024-10-29 16:18:57,593.72,587.9,594.1114641635038,587.0486784124123,48.35,49.19,590.580071287958,1181.160142575916,7.062785751091496,0.011959065472239279,97.53999999999999,0.8399999999999963,-0.13048805450125656,0.2837738625291877,0.07664290401396556,0.41426191703044424,5.405021082367622,-0.6065039818329296,-0.09459128750984291,-0.3505476346714431,0.0,0.05999999999999517,0.05999999999999517,6.0547474393398675,0.45048811487626517,0.3419273759921942,0.2834342997287881
2024-10-29 16:18:58,592.74,588.88,593.7685981226278,587.5065088093093,48.35,49.19,590.6375534659685,1181.275106931937,6.262089313318597,0.010602253896605907,97.53999999999999,0.8399999999999963,-0.34286604087594696,0.45783039689695215,0.05748217801044575,0.8006964377728991,13.929230524230896,-0.2123779863746904,0.17405653436776447,-0.019160726003519812,0.0,0.0,0.0,6.0553367583620235,0.4124745780443341,0.4805766125560275,0.19436220800071452
2024-10-29 16:18:59,594.7,587.9,594.001448591971,587.604881606982,48.35,49.19,590.8031650994765,1181.606330198953,6.396566984989022,0.01082690031473528,97.53999999999999,0.8399999999999963,0.23285046934313414,0.09837279767270957,0.1656116335079787,0.13447767167042457,0.8120012877154439,0.5757165102190811,-0.3594575992242426,0.10812945549753294,0.0,0.0,0.0,6.057034642633195,0.27148171086292283,0.5586739145141257,0.178409420353445
2024-10-29 16:19:00,594.7,587.9,594.1760864439782,587.6786612052365,48.35,49.19,590.9273738246073,1181.8547476492147,6.497425238741698,0.01099530249494736,97.53999999999999,0.8399999999999963,0.1746378520072085,0.07377959825453217,0.12420872513087033,0.10085825375267632,0.8119996533798755,-0.05821261733592564,-0.02459319941817739,-0.04140290837710836,0.0,0.0,0.0,6.058308055836573,0.1723340462097755,0.5129848788559083,0.14969854821465106
2024-10-29 16:19:01,595.67,587.9,594.5495648329836,587.7339959039274,48.38,49.19,591.1417803684556,1182.283560736911,6.815568929056212,0.01152949959530623,97.57,0.8099999999999952,0.3734783890054132,0.05533469869089913,0.214406543848213,0.31814369031451406,1.4838269428604607,0.1988405369982047,-0.018444899563633044,0.09019781871734267,0.030000000000001137,0.0,0.030000000000001137,6.058642762220076,0.22703934556972657,0.3265324062840663,0.06423564216095141
2024-10-29 16:19:02,594.7,587.9,594.5871736247377,587.7754969279456,48.38,49.19,591.1813352763417,1182.3626705526833,6.811676696792119,0.011522144355396346,97.57,0.8099999999999952,0.037608791754109916,0.04150102401820277,0.0395549078860995,0.003892232264092854,0.09839825381585134,-0.3358695972513033,-0.013833674672696361,-0.1748516359621135,0.0,0.0,0.0,6.059048162522226,0.22874641481331276,0.24898683143367986,0.0731271177096052
2024-10-29 16:19:03,594.7,590.84,594.6153802185534,588.5416226959592,48.38,49.23,591.5785014572563,1183.1570029145125,6.073757522594178,0.010267035562254952,97.61,0.8499999999999943,0.02820659381563928,0.7661257680135805,0.39716618091460987,0.7379191741979412,1.8579560690252308,-0.009402197938470636,0.7246247439953777,0.35761127302851037,0.0,0.03999999999999915,0.03999999999999915,6.060634109175517,0.29653936604090286,0.3111707552605317,0.13327990108717064
2024-10-29 16:19:04,592.74,592.8,594.146535163915,589.6062170219693,48.38,49.23,591.8763760929421,1183.7527521858842,4.540318141945704,0.007671058210239635,97.61,0.8499999999999943,-0.4688450546383365,1.0645943260101376,0.2978746356858437,1.533439380648474,5.147918113939755,-0.49705164845397576,0.29846855799655714,-0.09929154522876615,0.0,0.0,0.0,6.063685790690056,0.38055957964243975,0.9484679249093079,0.14060269443507808
2024-10-29 16:19:05,592.74,589.86,593.7949013729362,589.669662766477,48.38,49.23,591.7322820697066,1183.4645641394131,4.12523860645922,0.006971461122686901,97.61,0.8499999999999943,-0.3516337909787808,0.06344574450770324,-0.14409402323553877,0.415079535486484,2.8805959162655603,0.1172112636595557,-1.0011485815024344,-0.4419686589213825,0.0,0.0,0.0,6.062209568768538,0.32849040940596774,1.2689747835993228,0.21517008479139227
2024-10-29 16:19:06,589.8,592.8,592.7961760297021,590.4522470748577,48.38,49.23,591.6242115522799,1183.2484231045598,2.3439289548443867,0.0039618543411748235,97.61,0.8499999999999943,-0.9987253432341276,0.7825843083807058,-0.10807051742665408,1.7813096516148335,16.482693072425597,-0.6470915522553469,0.7191385638730026,0.03602350580888469,0.0,0.0,0.0,6.0611024023274,0.25990391922387507,1.7480071208907042,0.2418311494767463
2024-10-29 16:19:07,596.65,591.82,593.7596320222766,590.7941853061433,48.38,49.23,592.2769086642099,1184.5538173284199,2.9654467161333287,0.005006858561841592,97.61,0.8499999999999943,0.9634559925744952,0.34193823128555323,0.6526971119300242,0.621517761288942,0.9522285263720434,1.9621813358086229,-0.4406460770951526,0.7607676293566783,0.0,0.0,0.0,6.067789187546571,0.2811874003560664,1.4509045736430153,0.34090684519274866
2024-10-29 16:19:08,595.67,591.82,594.2372240167075,591.0506389796075,48.38,49.23,592.6439314981575,1185.287862996315,3.1865850371000306,0.005376896416820968,97.61,0.8499999999999943,0.4775919944308953,0.25645367346419334,0.3670228339475443,0.22113832096670194,0.6025176037976526,-0.48586399814359993,-0.08548455782135989,-0.2856742779824799,0.0,0.0,0.0,6.071549282108474,0.4227214080601176,0.8903296410243281,0.3372175369860546
2024-10-29 16:19:09,591.76,594.77,593.6179180125307,591.9804792347056,48.38,49.26,592.7991986236182,1185.5983972472363,1.637438777825082,0.0027622148931117476,97.64,0.8799999999999955,-0.6193060041767922,0.9298402550981564,0.1552671254606821,1.5491462592749485,9.977232961875567,-1.0968979986076874,0.673386581633963,-0.2117557084868622,0.0,0.030000000000001137,0.030000000000001137,6.071273991728228,0.5270555153679258,0.932637205968972,0.33427129717263177
2024-10-29 16:19:10,594.7,591.82,593.888438509398,591.9403594260292,48.38,49.26,592.9143989677136,1185.8287979354272,1.9480790833688388,0.0032855992087136338,97.64,0.8799999999999955,0.27052049686733426,-0.04011980867642251,0.11520034409545588,0.31064030554375677,2.6964989686783523,0.8898265010441264,-0.9699600637745789,-0.040066781365226234,0.0,0.0,0.0,6.072453839566364,0.5213174931548139,0.6568855213249858,0.28735754936807933
2024-10-29 16:19:11,592.74,589.86,593.6013288820486,591.4202695695219,48.38,49.26,592.5107992257853,1185.0215984515705,2.1810593125267133,0.00368104566481419,97.64,0.8799999999999955,-0.28710962734942314,-0.5200898565072976,-0.40359974192836034,0.23298022915787442,0.5772542142631362,-0.5576301242167574,-0.47997004783087505,-0.5188000860238162,0.0,0.0,0.0,6.068320290428769,0.24929039911137854,0.665354842382587,0.3885175321692464
2024-10-29 16:19:12,593.72,592.8,593.6309966615365,591.7652021771414,48.38,49.26,592.698099419339,1185.396198838678,1.86579448439511,0.0031479677142124203,97.64,0.8799999999999955,0.029667779487908774,0.34493260761951205,0.18730019355371041,0.3152648281316033,1.6831971123622236,0.3167774068373319,0.8650224641268096,0.5908999354820708,0.0,0.0,0.0,6.07023856359177,0.153190222846097,0.6039010790360831,0.28921382397634454
2024-10-29 16:19:13,592.74,591.82,593.4082474961524,591.7789016328561,48.38,49.26,592.5935745645043,1185.1871491290085,1.6293458632962938,0.0027495165835103425,97.64,0.8799999999999955,-0.2227491653841298,0.013699455714686337,-0.10452485483472174,0.23644862109881615,2.262106552227611,-0.2524169448720386,-0.3312331519048257,-0.29182504838843215,0.0,0.0,0.0,6.069168050955922,0.16037654798988824,0.23092872380860674,0.24787668044980285
2024-10-29 16:19:14,594.7,591.82,593.7311856221143,591.7891762246421,48.38,49.26,592.7601809233781,1185.5203618467563,1.942009397472134,0.003276214321904577,97.64,0.8799999999999955,0.3229381259618549,0.010274591786014753,0.16660635887387798,0.31266353417584014,1.8766490045168227,0.5456872913459847,-0.0034248639286715843,0.2711312137085997,0.0,0.0,0.0,6.0708743839871335,0.15541096107008204,0.19787343201959318,0.2498118699034485
2024-10-29 16:19:15,592.74,590.84,593.4833892165857,591.5518821684816,48.38,49.29,592.5176356925336,1185.0352713850673,1.9315070481040948,0.003259830473377762,97.67,0.9099999999999966,-0.24779640552856108,-0.2372940561605219,-0.24254523084448465,0.010502349368039177,0.04330040228402087,-0.570734531490416,-0.24756864794653666,-0.40915158971836263,0.0,0.030000000000001137,0.030000000000001137,6.066526360458762,0.11042426872320889,0.19728226067834884,0.2569052393317517
2024-10-29 16:19:16,595.67,589.86,594.0300419124393,591.1289116263612,48.38,49.29,592.5794767694002,1185.1589535388005,2.9011302860781143,0.004895765707240839,97.67,0.9099999999999966,0.5466526958535951,-0.4229705421204244,0.061841076866585354,0.9696232379740195,15.679021260327827,0.7944491013821562,-0.1856764859599025,0.30438630771107,0.0,0.0,0.0,6.067159523929975,0.09758270488207792,0.4901348239994299,0.18403374241882234
2024-10-29 16:19:17,595.67,585.94,594.4400314343295,589.8316837197709,48.38,49.29,592.1358575770503,1184.2717151541005,4.60834771455859,0.007782585107466414,97.67,0.9099999999999966,0.40998952189022475,-1.2972279065902512,-0.4436191923499564,1.707217428480476,3.8483762865638727,-0.13666317396337035,-0.8742573644698268,-0.5054602692165417,0.0,0.0,0.0,6.062617502963374,0.23139432105247576,1.2192326939503277,0.24233780238854558
2024-10-29 16:19:18,594.7,587.9,594.5050235757471,589.3487627898282,48.38,49.29,591.9268931827877,1183.8537863655754,5.156260785918903,0.008710975690735626,97.67,0.9099999999999966,0.06499214141763332,-0.4829209299426793,-0.20896439426257984,0.5479130713603126,2.6220277921798907,-0.34499738047259143,0.8143069766475719,0.23465479808737655,0.0,0.0,0.0,6.060478008828808,0.3420902866063026,1.5027623013578446,0.24595806530579803
2024-10-29 16:19:19,596.65,588.88,595.0412676818104,589.2315720923712,48.38,49.29,592.1364198870908,1184.2728397741816,5.8096955894392295,0.009811414033164207,97.67,0.9099999999999966,0.5362441060632364,-0.11719069745709021,0.20952670430312992,0.6534348035203266,3.1186081367788154,0.47125196464560304,0.3657302324855891,0.41849109856570976,0.0,0.0,0.0,6.062623260207511,0.27842518307787967,1.615168841716538,0.2594236339572118
2024-10-29 16:19:20,596.65,588.88,595.4434507613578,589.1436790692784,48.38,49.29,592.293564915318,1184.587129830636,6.299771692079389,0.010636231852939099,97.67,0.9099999999999966,0.40218307954739885,-0.08789302309276081,0.15714502822720533,0.49007610264015966,3.118603175459175,-0.1340610265158375,0.029297674364329396,-0.05238167607592459,0.0,0.0,0.0,6.064232198741536,0.2421043692532498,1.3151017031649301,0.27515581120113886
2024-10-29 16:19:21,595.67,593.79,595.5000880710184,590.3052593019588,48.38,49.33,592.9026736864886,1185.8053473729772,5.194828769059541,0.008761688875507991,97.71000000000001,0.9499999999999957,0.05663730966057301,1.1615802326804214,0.6091087711705541,1.1049429230198484,1.8140292198833539,-0.34554576988682584,1.2494732557731822,0.45196374294334873,0.0,0.03999999999999915,0.03999999999999915,6.067983498296029,0.3721488354765825,0.6528222166091987,0.40595022825379384
2024-10-29 16:19:22,596.65,593.79,595.7875660532637,591.1764444764691,48.38,49.33,593.4820052648664,1186.9640105297328,4.6111215767946305,0.007769606370739272,97.71000000000001,0.9499999999999957,0.28747798224537746,0.8711851745102877,0.5793315783778326,0.5837071922649102,1.0075511270215922,0.23084067258480445,-0.2903950581701338,-0.029777192792721507,0.0,0.0,0.0,6.0739125902257065,0.6360164804972378,0.6519672576121835,0.3378157675132581
2024-10-29 16:19:23,594.7,592.8,595.5156745399479,591.5823333573519,48.38,49.33,593.5490039486499,1187.0980078972998,3.9333411825959956,0.006626817920343887,97.71000000000001,0.9499999999999957,-0.27189151331583616,0.40588888088279873,0.06699868378348128,0.6777803941986349,10.116173031338114,-0.5593694955612136,-0.4652962936274889,-0.5123328945943513,0.0,0.0,0.0,6.074598279337341,0.6532695086867206,0.9391326857322937,0.2517313691312701
2024-10-29 16:19:24,591.76,592.8,594.5767559049609,591.8867500180139,48.38,49.33,593.2317529614875,1186.463505922975,2.690005886947006,0.004534494097768139,97.71000000000001,0.9499999999999957,-0.938918634986976,0.3044166606620138,-0.3172509871624243,1.2433352956489898,3.919078038784471,-0.6670271216711399,-0.10147222022078495,-0.38424967094590556,0.0,0.0,0.0,6.071351416335442,0.5132812201007998,1.3528672828664452,0.38617328896169983
2024-10-29 16:19:25,596.65,590.84,595.0950669287207,591.6250625135104,48.42,49.33,593.3600647211156,1186.7201294422312,3.470004415210269,0.005848058566248713,97.75,0.9099999999999966,0.518311023759793,-0.26168750450347034,0.12831175962810448,0.7799985282632633,6.0788851437999885,1.457229658746769,-0.5661041651654841,0.44556274679052876,0.03999999999999915,0.0,0.03999999999999915,6.070179628142568,0.25550560427803526,0.9747410731601452,0.3875419737952648
2024-10-29 16:19:26,595.67,590.84,595.2388001965405,591.4287968851329,48.42,49.33,593.3337985408367,1186.6675970816734,3.810003311407627,0.00642134885010103,97.75,0.9099999999999966,0.14373326781981177,-0.1962656283775459,-0.02626618027886707,0.3399988961973577,12.943867312278643,-0.3745777559399812,0.06542187612592443,-0.15457793990697155,0.0,0.0,0.0,6.069910920418678,0.1253348467422523,0.701718520506564,0.32432321149894633
2024-10-29 16:19:27,596.65,591.82,595.5916001474054,591.5265976638497,48.42,49.36,593.5590989056275,1187.118197811255,4.065002483555759,0.00684852188131236,97.78,0.9399999999999977,0.3527999508648918,0.09780077871675985,0.22530036479076898,0.25499917214813195,1.13181370376936,0.20906668304508003,0.29406640709430576,0.25156654506963605,0.0,0.030000000000001137,0.030000000000001137,6.0703527596162274,0.1428038592275174,0.5514147554376789,0.207281451687822
2024-10-29 16:19:28,594.7,590.84,595.3687001105541,591.3549482478873,48.42,49.36,593.3618241792207,1186.7236483584413,4.0137518626668225,0.006764425502861594,97.78,0.9399999999999977,-0.22290003685134252,-0.17164941596240624,-0.19727472640681754,0.05125062088893628,0.25979182448046556,-0.5756999877162343,-0.2694501946791661,-0.4225750911975865,0.0,0.0,0.0,6.068335223060805,0.11868481777409615,0.5648078831497407,0.22387068118550726
2024-10-29 16:19:29,595.67,593.79,595.4440250829156,591.9637111859154,48.42,49.36,593.7038681344154,1187.4077362688308,3.480313897000201,0.005862036745817894,97.78,0.9399999999999977,0.07532497236149993,0.6087629380281214,0.34204395519475383,0.5334379656666215,1.559555133221866,0.29822500921284245,0.7804123539905277,0.5393186816015714,0.0,0.0,0.0,6.071833320337309,0.16184485018490977,0.28369579794211597,0.21168780782236274
2024-10-29 16:19:30,595.67,589.86,595.5005188121867,591.4377833894365,48.42,49.36,593.4691511008116,1186.9383022016232,4.0627354227501655,0.006845739847418448,97.78,0.9399999999999977,0.05649372927109653,-0.525927796478868,-0.2347170336038289,0.5824215257499645,2.4813667565612376,-0.018831243090403404,-1.1346907345069894,-0.5767609887985827,0.0,0.0,0.0,6.069432859801378,0.15139167515953458,0.24997694644739551,0.2549870927038223
2024-10-29 16:19:31,595.67,592.8,595.54288910914,591.7783375420775,48.42,49.36,593.6606133256087,1187.3212266512173,3.76455156706254,0.006341252015411239,97.78,0.9399999999999977,0.042370296953322395,0.3405541526409479,0.1914622247970783,0.2981838556876255,1.5573949305599273,-0.014123432317774132,0.8664819491198159,0.4261792584009072,0.0,0.0,0.0,6.071390951669234,0.13958512980604723,0.25423797911769114,0.26318241203484904
2024-10-29 16:19:32,595.67,592.8,595.574666831855,592.0337531565581,48.42,49.36,593.8042099942065,1187.608419988413,3.540913675296906,0.005963099637451802,97.78,0.9399999999999977,0.031777722714991796,0.25541561448062566,0.14359666859786557,0.22363789176563387,1.5573922191725473,-0.010592574238330599,-0.08513853816032224,-0.04786555619921273,0.0,0.0,0.0,6.072859520570127,0.18028686867372065,0.2652862478205704,0.25311329895705903
2024-10-29 16:19:33,596.65,594.77,595.8435001238912,592.7178148674186,48.42,49.36,594.2806574956549,1188.5613149913097,3.125685256472593,0.0052596112826301025,97.78,0.9399999999999977,0.26883329203622,0.6840617108605329,0.4764475014483196,0.41522841882431294,0.871507450568302,0.23705556932122818,0.42864609637990725,0.332850832850454,0.0,0.0,0.0,6.077732168315839,0.3032539688276033,0.3477997242614242,0.26810223276958906
2024-10-29 16:19:34,594.7,596.73,595.5576250929184,593.7208611505639,48.42,49.36,594.6392431217412,1189.2784862434823,1.836763942354537,0.0030888710432614742,97.78,0.9399999999999977,-0.2858750309727611,1.003046283145295,0.3585856260863238,1.2889213141180562,3.5944489290790496,-0.5547083230089811,0.3189845722847622,-0.11786187536199577,0.0,0.0,0.0,6.08139943792536,0.47917833123043013,0.8690975749351377,0.270633734089804
2024-10-29 16:19:35,594.7,594.77,595.3432188196889,593.9831458629229,48.42,49.36,594.6631823413059,1189.3263646826117,1.3600729567659755,0.0022871315979643625,97.78,0.9399999999999977,-0.21440627322954242,0.26228471235901907,0.02393921956468148,0.4766909855885615,19.91172154042455,0.0714687577432187,-0.740761570786276,-0.33464640652164235,0.0,0.0,0.0,6.081644265285965,0.46397918695899415,1.0675812151118238,0.17909119548907493
2024-10-29 16:19:36,594.7,596.73,595.1824141147667,594.6698593971922,48.42,49.36,594.9261367559795,1189.852273511959,0.5125547175745169,0.000861543450600167,97.78,0.9399999999999977,-0.16080470492215682,0.6867135342693018,0.2629544146736862,0.8475182391914586,3.223049201109565,0.053601568307385605,0.42442882191028275,0.2390151951090047,0.0,0.0,0.0,6.084333510652956,0.43384410502621534,1.2511948861247821,0.17721038060077096
2024-10-29 16:19:37,596.65,591.82,595.5493105860751,593.9573945478942,48.42,49.36,594.7533525669846,1189.5067051339693,1.5919160381808979,0.0026765986751205546,97.78,0.9399999999999977,0.3668964713083369,-0.7124648492980441,-0.17278418899491044,1.079361320606381,6.246839366759466,0.5277011762304937,-1.399178383567346,-0.4357386036685966,0.0,0.0,0.0,6.082566439807918,0.23643446166503695,0.9470316330188812,0.26219460071503753
2024-10-29 16:19:38,593.72,591.82,595.0919829395564,593.4230459109207,48.42,49.36,594.2575144252385,1188.515028850477,1.6689370286356962,0.0028084407606379855,97.78,0.9399999999999977,-0.4573276465187064,-0.5343486369735047,-0.49583814174616236,0.07702099045479827,0.15533463167824707,-0.8242241178270433,0.17811621232453945,-0.3230539527512519,0.0,0.0,0.0,6.077495483204571,0.2455836536038248,0.5217513427759759,0.3442036025743774
2024-10-29 16:19:39,592.74,596.73,594.5039872046673,594.2497844331905,48.42,49.4,594.3768858189289,1188.7537716378579,0.25420277147679826,0.0004276794355804731,97.82,0.9799999999999969,-0.5879957348890912,0.8267385222698067,0.11937139369047145,1.414734257158898,11.851435775236741,-0.1306680883703848,1.3610871592433114,0.6152095354366338,0.0,0.03999999999999915,0.03999999999999915,6.076230625053142,0.27424686362113015,0.6502404530229412,0.29407108323094344
2024-10-29 16:19:40,592.74,596.73,594.0629904035004,594.8698383248928,48.42,49.4,594.4664143641967,1188.9328287283934,0.806847921392432,0.0013572640952275174,97.82,0.9799999999999969,-0.44099680116687523,0.620053891702355,0.0895285452677399,1.0610506928692303,11.851402681607919,0.14699893372221595,-0.20668463056745168,-0.02984284842273155,0.0,0.0,0.0,6.077145862676864,0.27620207712055095,0.6370801912455,0.2997399813419659
2024-10-29 16:19:41,596.65,593.79,594.7097428026253,594.5998787436696,48.42,49.4,594.6548107731475,1189.309621546295,0.10986405895573625,0.00018475266117521616,97.82,0.9799999999999969,0.6467523991249209,-0.26995958122324737,0.18839640895077991,0.9167119803481683,4.865841762121396,1.0877492002917961,-0.8900134729256024,0.09886786368304001,0.0,0.0,0.0,6.079071812452216,0.20200379227901902,0.7278610800237647,0.2822872552648566
2024-10-29 16:19:42,596.65,594.77,595.194807101969,594.6424090577522,48.42,49.4,594.9186080798606,1189.8372161597213,0.5523980442168295,0.0009285270888923845,97.82,0.9799999999999969,0.48506429934366224,0.04253031408256902,0.2637973067131725,0.4425339852610932,1.6775467241427742,-0.16168809978125864,0.3124898953058164,0.07540089776239256,0.0,0.0,0.0,6.081768574914047,0.25894593576980085,0.6157749911605296,0.3032081388613838
2024-10-29 16:19:43,595.67,594.77,595.3136053264767,594.6743067933141,48.42,49.4,594.9939560598955,1189.987912119791,0.6392985331625596,0.0010744622286948775,97.82,0.9799999999999969,0.11879822450771371,0.03189773556198361,0.07534798003484866,0.0869004889457301,1.153306772109442,-0.36626607483594853,-0.010632578520585412,-0.18844932667832381,0.0,0.0,0.0,6.082538846630103,0.2709294001458231,0.28511071706244223,0.07835045920111917
2024-10-29 16:19:44,596.65,593.79,595.6477039948576,594.4532300949857,48.42,49.4,595.0504670449216,1190.1009340898431,1.194473899871923,0.002007348895626362,97.82,0.9799999999999969,0.3340986683808751,-0.22107669832848842,0.05651098502607965,0.5551753667093635,9.824028769351425,0.21530044387316138,-0.25297443389047203,-0.01883699500876901,0.0,0.0,0.0,6.083116550417144,0.24766915065747208,0.39429724993253285,0.08835448810676141
2024-10-29 16:19:45,594.7,595.75,595.4107779961432,594.7774225712392,48.42,49.4,595.0941002836912,1190.1882005673824,0.633355424904039,0.0010642945771732796,97.82,0.9799999999999969,-0.23692599871435505,0.3241924762535291,0.04363323876964387,0.5611184749678841,12.85959124737273,-0.5710246670952301,0.5452691745820175,-0.012877746256435785,0.0,0.0,0.0,6.083562606830185,0.17365418776370342,0.3857483024008772,0.09625353536079777
2024-10-29 16:19:46,593.72,594.77,594.9880834971075,594.7755669284294,48.42,49.4,594.8818252127685,1189.763650425537,0.21251656867809743,0.00035724165592863086,97.82,0.9799999999999969,-0.4226944990357424,-0.0018556428098008837,-0.2122750709227148,0.4208388562259415,1.9825072811864886,-0.18576850032138736,-0.32604811906333,-0.25590830969235867,0.0,0.0,0.0,6.08139254887933,0.08843498007379447,0.35273814325199043,0.16964468946488628
2024-10-29 16:19:47,594.7,594.77,594.9160626228306,594.7741751963221,48.42,49.4,594.8451189095763,1189.6902378191526,0.14188742650856057,0.00023852835260736304,97.82,0.9799999999999969,-0.0720208742768591,-0.001391732107322241,-0.03670630319220436,0.07062914216953686,1.9241168930257069,0.3506736247588833,0.00046391070247864263,0.17556876773051044,0.0,0.0,0.0,6.081017305546504,0.10697189997590366,0.4212174439586823,0.11842993271227815
2024-10-29 16:19:48,595.67,596.73,595.1045469671229,595.2631313972415,48.42,49.4,595.1838391821823,1190.3676783643646,0.15858443011859436,0.0002664461287625897,97.82,0.9799999999999969,0.18848434429230565,0.48895620091946057,0.3387202726059968,0.3004718566271549,0.8870770185628882,0.26050521856916475,0.4903479330267828,0.37542657579820116,0.0,0.0,0.0,6.084479994865082,0.14364828996604445,0.4534495008194266,0.19939014044820977
2024-10-29 16:19:49,594.7,594.77,595.0034102253421,595.1398485479311,48.42,49.4,595.0716293866367,1190.1432587732734,0.13643832258901512,0.000229280502752865,97.82,0.9799999999999969,-0.101136741780806,-0.12328284931038525,-0.11220979554559563,0.02214610752957924,0.19736164797602215,-0.28962108607311166,-0.6122390502298458,-0.4509300681515924,0.0,0.0,0.0,6.08333289003582,0.14540036339454837,0.21277502486105127,0.20949034005419984
2024-10-29 16:19:50,594.7,596.73,594.9275576690065,595.5373864109483,48.42,49.4,595.2324720399774,1190.4649440799549,0.6098287419417829,0.0010245219633721583,97.82,0.9799999999999969,-0.07585255633557608,0.39753786301719174,0.16084265334075099,0.4733904193527678,2.9431712692441727,0.025284185445229923,0.520820712327577,0.2730524488863466,0.0,0.0,0.0,6.084977161674508,0.17441990010477992,0.20236476218377883,0.221230383461499
2024-10-29 16:19:51,593.72,596.73,594.6256682517549,595.8355398082113,48.42,49.4,595.230604029983,1190.461208059966,1.2098715564563918,0.0020326097922929347,97.82,0.9799999999999969,-0.3018894172516866,0.2981533972629222,-0.0018680099943821915,0.6000428145146088,321.04847824152773,-0.22603686091611053,-0.09938446575426951,-0.16271066333513318,0.0,0.0,0.0,6.084958065273207,0.1632436177189608,0.4693395858157834,0.1804261136256419
2024-10-29 16:19:52,595.67,596.73,594.8867511888161,596.0591548561584,48.42,49.4,595.4729530224872,1190.9459060449744,1.172403667342337,0.00196886132178232,97.82,0.9799999999999969,0.2610829370612464,0.22361504794719167,0.2423489925041622,0.03746788911405474,0.15460239435910547,0.562972354312933,-0.07453834931573056,0.2442170024985444,0.0,0.0,0.0,6.087435564660107,0.14654377161865859,0.5227175770815644,0.18241039539082157
2024-10-29 16:19:53,594.7,593.79,594.8400633916121,595.4918661421189,48.42,49.4,595.1659647668655,1190.331929533731,0.6518027505067039,0.0010951613297760776,97.82,0.9799999999999969,-0.046687797203958326,-0.5672887140395915,-0.30698825562171805,0.5206009168356331,1.6958278092870267,-0.30777073426520474,-0.7909037619867831,-0.5493372481258803,0.0,0.0,0.0,6.084297267251771,0.14841057712487732,0.44594594844792884,0.21873260566515687
2024-10-29 16:19:54,594.7,593.79,594.8050475437092,595.0663996065891,48.42,49.4,594.9357235751492,1189.8714471502983,0.2613520628799506,0.00043929461971137354,97.82,0.9799999999999969,-0.035015847902968744,-0.425466535529722,-0.23024119171634538,0.3904506876267533,1.695825967934592,0.011671949300989581,0.14182217850986945,0.07674706390537267,0.0,0.0,0.0,6.081943544195519,0.19183997061430225,0.40408945073769464,0.2388334149026372
2024-10-29 16:19:55,596.65,596.73,595.2662856577819,595.4822997049419,48.45,49.4,595.3742926813618,1190.7485853627236,0.2160140471600016,0.0003628205810236243,97.85,0.9499999999999957,0.4612381140726711,0.4159000983527221,0.4385691062126398,0.045338015719949,0.10337689477168095,0.49625396197563987,0.8413666338824441,0.6688102979289852,0.030000000000001137,0.0,0.030000000000001137,6.084560925874307,0.20638043725962735,0.4775158179985378,0.3139703652979707
2024-10-29 16:19:56,596.65,596.73,595.6122142433364,595.7942247787064,48.45,49.4,595.7032195110214,1191.4064390220428,0.1820105353699546,0.0003055389480920007,97.85,0.9499999999999957,0.3459285855545886,0.3119250737645416,0.32892682965962194,0.034003511790047014,0.10337681620078853,-0.11530952851808252,-0.10397502458818053,-0.10964227655301784,0.0,0.0,0.0,6.087922467277456,0.2932791933207381,0.42244378995738596,0.3397971715711688
2024-10-29 16:19:57,596.65,596.73,595.8716606825024,596.0281685840298,48.45,49.43,595.9499146332661,1191.8998292665322,0.15650790152744776,0.00026261921920257326,97.88,0.9799999999999969,0.25944643916591303,0.2339438053234062,0.24669512224465961,0.02550263384250684,0.10337671143940695,-0.08648214638867557,-0.0779812684411354,-0.08223170741496233,0.0,0.030000000000001137,0.030000000000001137,6.088576916067524,0.40681690771859275,0.20409259696437934,0.34027508113093663
2024-10-29 16:19:58,596.65,597.71,596.0662455118768,596.4486264380223,48.45,49.43,596.2574359749495,1192.514871949899,0.38238092614551533,0.0006413017304832045,97.88,0.9799999999999969,0.19458482937443478,0.42045785399250235,0.30752134168346856,0.22587302461806757,0.7344930562819326,-0.06486160979147826,0.18651404866909616,0.06082621943880895,0.0,0.0,0.0,6.0917187360362774,0.511808526595608,0.08893350250846611,0.26015029592134875
2024-10-29 16:19:59,594.7,597.71,595.7246841339077,596.7639698285168,48.45,49.43,596.2443269812122,1192.4886539624245,1.0392856946091342,0.001743053385728614,97.88,0.9799999999999969,-0.34156137796912844,0.31534339049449045,-0.013108993737318997,0.6569047684636189,50.10717637443788,-0.5361462073435632,-0.1051144634980119,-0.32063033542078756,0.0,0.0,0.0,6.091584806800444,0.3754108928104737,0.3706554917122353,0.16855774230884354
2024-10-29 16:20:00,594.7,596.73,595.4685131004308,596.7554773713875,48.45,49.43,596.1119952359091,1192.2239904718183,1.286964270956787,0.002158930333701044,97.88,0.9799999999999969,-0.2561710334769032,-0.008492457129250397,-0.1323317453030768,0.24767857634765278,1.8716348382284649,0.08539034449222527,-0.32383584762374085,-0.11922275156575779,0.0,0.0,0.0,6.0902328273975925,0.23176107659646583,0.5203858459110734,0.2076434702408544
2024-10-29 16:20:01,596.65,596.73,595.7638848253231,596.7491080285406,48.45,49.43,596.2564964269318,1192.5129928538636,0.9852232032175152,0.0016523479533877101,97.88,0.9799999999999969,0.295371724892334,-0.006369342846937798,0.14450119102264125,0.3017410677392718,2.0881418171160715,0.5515427583692372,0.0021231142823125992,0.27683293632571804,0.0,0.0,0.0,6.091709137057854,0.1344203558420554,0.4776790096623308,0.1821873489933986
2024-10-29 16:20:02,596.65,596.73,595.9854136189923,596.7443310214055,48.45,49.43,596.3648723201989,1192.7297446403977,0.7589174024132035,0.001272572273058288,97.88,0.9799999999999969,0.22152879366922207,-0.0047770071350896615,0.1083758932670662,0.22630580080431173,2.088137000261125,-0.07384293122311192,0.0015923357118481363,-0.03612529775557505,0.0,0.0,0.0,6.09281636930305,0.08989772470741213,0.34051158011718047,0.1661632210975363
2024-10-29 16:20:03,596.65,598.69,596.1515602142442,597.2307482660542,48.45,49.43,596.6911542401492,1193.3823084802984,1.0791880518099788,0.0018086208289372749,97.88,0.9799999999999969,0.16614659525191655,0.48641724464869185,0.32628191995036104,0.3202706493967753,0.9815734438244564,-0.05538219841730552,0.4911942517837815,0.21790602668329484,0.0,0.0,0.0,6.096149858438898,0.21900122947477593,0.1897544636288386,0.17258841904447564
2024-10-29 16:20:04,592.74,596.73,595.2986701606832,597.1055611995407,48.45,49.43,596.202115680112,1192.404231360224,1.8068910388575432,0.003030668607684628,97.88,0.9799999999999969,-0.8528900535610546,-0.1251870665134902,-0.4890385600372156,0.7277029870475644,1.4880247867722332,-1.0190366488129712,-0.6116043111621821,-0.8153204799875766,0.0,0.0,0.0,6.091153551174484,0.22406612897851774,0.39679537408786036,0.3144041447583835
2024-10-29 16:20:05,592.74,598.69,594.6590026205124,597.5016708996556,48.45,49.43,596.080336760084,1192.160673520168,2.8426682791431404,0.0047689348214791875,97.88,0.9799999999999969,-0.6396675401707625,0.3961097001148346,-0.12177892002796398,1.0357772402855971,8.5053204177483,0.21322251339029208,0.5212967666283248,0.3672596400092516,0.0,0.0,0.0,6.089909385678123,0.231911530006272,0.8497167863303096,0.3133983832452802
2024-10-29 16:20:06,593.72,596.73,594.4242519653843,597.3087531747417,48.45,49.43,595.866502570063,1191.733005140126,2.8845012093573814,0.004840851419026304,97.88,0.9799999999999969,-0.2347506551280958,-0.19291772491385473,-0.21383419002108894,0.04183293021424106,0.19563164608273967,0.40491688504266676,-0.5890274250286893,-0.09205526999312497,0.0,0.0,0.0,6.087724729079876,0.31046585300172846,0.979677094244513,0.311247515346413
2024-10-29 16:20:07,596.65,595.75,594.9806889740382,596.9190648810563,48.45,49.43,595.9498769275473,1191.8997538550946,1.9383759070180986,0.0032525821026407812,97.88,0.9799999999999969,0.5564370086539157,-0.38968829368536717,0.08337435748433109,0.9461253023392828,11.347781057695498,0.7911876637820114,-0.19677056877151244,0.29720854750542003,0.0,0.0,0.0,6.088576530843592,0.3242364803247924,0.7616688169633232,0.3076852364740761
2024-10-29 16:20:08,595.67,597.71,595.1530167305286,597.1167986607923,48.45,49.43,596.1349076956604,1192.269815391321,1.9637819302636217,0.0032941904619549368,97.88,0.9799999999999969,0.17232775649040377,0.19773377973592687,0.18503076811316532,0.0254060232455231,0.13730627721173153,-0.3841092521635119,0.587422073421294,0.10165641062883424,0.0,0.0,0.0,6.090466914642354,0.1368501665941816,0.5296904586995672,0.26411148421251673
2024-10-29 16:20:09,595.67,598.69,595.2822625478965,597.5100989955943,48.45,49.43,596.3961807717453,1192.7923615434906,2.2278364476977686,0.003735497502816699,97.88,0.9799999999999969,0.12924581736785967,0.39330033480200655,0.26127307608487627,0.2640545174341469,1.0106418569761486,-0.0430819391225441,0.19556655506607967,0.07624230797171094,0.0,0.0,0.0,6.0931362349674005,0.20331244110235958,0.46358372654134616,0.20154044454423056
2024-10-29 16:20:10,594.7,596.73,595.1366969109224,597.3150742466958,48.45,49.43,596.2258855788091,1192.4517711576182,2.178377335773348,0.0036536107955208856,97.88,0.9799999999999969,-0.14556563697408365,-0.19502474889850419,-0.17029519293623707,0.04945911192442054,0.29042993311623355,-0.2748114543419433,-0.5883250837005107,-0.43156826902111334,0.0,0.0,0.0,6.091396398522811,0.21258563794463,0.38294597198615404,0.21209662347267325
2024-10-29 16:20:11,596.65,598.69,595.5150226831918,597.6588056850219,48.45,49.43,596.5869141841068,1193.1738283682137,2.1437830018301156,0.003593412706962478,97.88,0.9799999999999969,0.37832577226936337,0.34373143832613096,0.36102860529774716,0.034594333943232414,0.09582132167444243,0.523891409243447,0.5387561872246351,0.5313237982339842,0.0,0.0,0.0,6.095084880353719,0.24413034942796652,0.1309789957595562,0.20309777003446267
2024-10-29 16:20:12,596.65,597.71,595.7987670123938,597.6716042637664,48.45,49.43,596.7351856380801,1193.4703712761602,1.87283725137263,0.0031384729664156803,97.88,0.9799999999999969,0.2837443292020225,0.012798578744536826,0.14827145397327968,0.2709457504574857,1.827350550941263,-0.09458144306734084,-0.33093285958159413,-0.21275715132446749,0.0,0.0,0.0,6.096599709250924,0.24831438580108314,0.15164861068419094,0.20030263472519905
2024-10-29 16:20:13,595.67,596.73,595.7665752592953,597.4362031978249,48.45,49.43,596.60138922856,1193.20277845712,1.6696279385295156,0.00279856528307766,97.88,0.9799999999999969,-0.03219175309845923,-0.2354010659415735,-0.1337964095200732,0.20320931284311428,1.5187836115214728,-0.31593608230048176,-0.24819964468611033,-0.2820678634933529,0.0,0.0,0.0,6.095232765971877,0.19915334826327846,0.23875075535017745,0.23662767485219163
2024-10-29 16:20:14,594.7,597.71,595.4999314444715,597.5046523983686,48.45,49.43,596.50229192142,1193.00458384284,2.004720953897163,0.0033607933744543945,97.88,0.9799999999999969,-0.26664381482385124,0.068449200543796,-0.09909730714002762,0.33509301536764724,3.3814201779870467,-0.234452061725392,0.3038502664853695,0.03469910238004559,0.0,0.0,0.0,6.094220329252143,0.18953202607134043,0.2088158927228879,0.2273743449191132
2024-10-29 16:20:15,597.63,599.67,596.0324485833536,598.0459892987765,48.45,49.43,597.039218941065,1194.07843788213,2.0135407154228915,0.003372543458069057,97.88,0.9799999999999969,0.5325171388820991,0.5413369004078277,0.5369270196449634,0.008819761525728609,0.01642633873263042,0.7991609537059503,0.4728876998640317,0.636024326784991,0.0,0.0,0.0,6.0997058933526676,0.21075073437277736,0.1793964668078098,0.2898431585282715
2024-10-29 16:20:16,595.67,598.69,595.9418364375152,598.2069919740824,48.45,49.43,597.0744142057988,1194.1488284115976,2.2651555365671356,0.003793757493002585,97.88,0.9799999999999969,-0.09061214583834953,0.16100267530589463,0.03519526473382939,0.25161482114424416,7.148906937911539,-0.6231292847204486,-0.38033422510193304,-0.501731754911134,0.0,0.0,0.0,6.100065469000136,0.2570772485537891,0.21781056711812435,0.270048262538748
2024-10-29 16:20:17,596.65,598.69,596.1188773281365,598.3277439805618,48.45,49.43,597.2233106543491,1194.4466213086982,2.208866652425286,0.0036985606712279452,97.88,0.9799999999999969,0.1770408906212424,0.12075200647939255,0.14889644855031747,0.05628888414184985,0.37803793610894504,0.26765303645959193,-0.04025066882650208,0.11370118381648808,0.0,0.0,0.0,6.101586683211713,0.31660979027190106,0.23347429648573242,0.2700777816929521
2024-10-29 16:20:18,596.65,598.69,596.2516579961024,598.4183079854213,48.45,49.43,597.3349829907618,1194.6699659815235,2.1666499893188984,0.003627194199883674,97.88,0.9799999999999969,0.13278066796590338,0.09056400485951599,0.11167233641265284,0.042216663106387387,0.37803708980619427,-0.04426022265533902,-0.03018800161987656,-0.03722411213766463,0.0,0.0,0.0,6.102727593870394,0.3204683101345559,0.11733694143172058,0.23788574405027194
2024-10-29 16:20:19,596.65,598.69,596.3512434970768,598.4862309890659,48.45,49.43,597.4187372430713,1194.8374744861426,2.1349874919891363,0.003573686855333412,97.88,0.9799999999999969,0.09958550097439911,0.06792300364463699,0.08375425230951805,0.03166249732976212,0.3780359614075684,-0.033195166991504266,-0.022641001214878997,-0.027918084103134788,0.0,0.0,0.0,6.103583276864406,0.16323918264616621,0.09426356697008903,0.201996635776368
2024-10-29 16:20:20,593.72,596.73,595.6934326228077,598.0471732417994,48.45,49.43,596.8703029323035,1193.740605864607,2.3537406189917647,0.003943470806781374,97.88,0.9799999999999969,-0.6578108742691029,-0.4390577472664745,-0.5484343107677887,0.2187531270026284,0.3988676927026859,-0.757396375243502,-0.5069807509111115,-0.6321885630773068,0.0,0.0,0.0,6.097980147469589,0.2178629441365854,0.0865303441815386,0.2906750824264621
2024-10-29 16:20:21,595.67,596.73,595.6875744671057,597.7178799313496,48.45,49.43,596.7027271992276,1193.4054543984553,2.0303054642438383,0.003402540944250481,97.88,0.9799999999999969,-0.005858155701957912,-0.3292933104498843,-0.16757573307586426,0.3234351547479264,1.9300719665032668,0.651952718567145,0.1097644368165902,0.38085857769192444,0.0,0.0,0.0,6.096268094635876,0.30907165571922773,0.11792577008693002,0.29278285949794164
2024-10-29 16:20:22,594.7,599.67,595.4406808503293,598.2059099485122,48.45,49.43,596.8232953994207,1193.6465907988413,2.7652290981828855,0.004633245911922767,97.88,0.9799999999999969,-0.24689361677644683,0.4880300171626004,0.12056820019301995,0.7349236339390472,6.095450851150241,-0.24103546107448892,0.8173233276124847,0.2881439332688842,0.0,0.0,0.0,6.0974998907020925,0.32383201655017335,0.29008220833782666,0.28761152406750085
2024-10-29 16:20:23,592.74,599.67,594.765510637747,598.5719324613841,48.45,49.43,596.6687215495656,1193.3374430991312,3.8064218236371516,0.006379455935568921,97.88,0.9799999999999969,-0.6751702125823158,0.3660225128719503,-0.15457384985506906,1.041192725454266,6.735848208363126,-0.42827659580586896,-0.1220075042906501,-0.275142050048089,0.0,0.0,0.0,6.095920672799806,0.30340053097583713,0.7215507111885077,0.26717293026942895
2024-10-29 16:20:24,596.65,596.73,595.2366329783102,598.1114493460381,48.45,49.43,596.6740411621741,1193.3480823243483,2.874816367727817,0.004818068433663235,97.88,0.9799999999999969,0.4711223405632836,-0.4604831153460509,0.00531961260855951,0.9316054559093345,175.09364512098077,1.1462925531455994,-0.8265056282180012,0.15989346246362857,0.0,0.0,0.0,6.095975021109513,0.09277910187396791,0.6718488226077188,0.2531824604892891
2024-10-29 16:20:25,596.65,595.75,595.5899747337327,597.5210870095285,48.45,49.43,596.5555308716306,1193.1110617432612,1.93111227579584,0.003237103962035483,97.88,0.9799999999999969,0.3533417554224343,-0.5903623365095427,-0.11851029054355422,0.943704091931977,7.962988906826183,-0.11778058514084933,-0.12987922116349182,-0.12382990315211373,0.0,0.0,0.0,6.094764249865819,0.09563879544484305,0.7577873909639988,0.1232559222508993
2024-10-29 16:20:26,594.7,596.73,595.3674810502996,597.3233152571464,48.45,49.43,596.345398153723,1192.690796307446,1.9558342068468164,0.003279700337459384,97.88,0.9799999999999969,-0.22249368343307196,-0.19777175238209566,-0.21013271790764065,0.02472193105097631,0.11764856824092483,-0.5758354388555063,0.3925905841274471,-0.09162242736408643,0.0,0.0,0.0,6.092617409696624,0.1774596634562067,0.77433934992828,0.13334326284332265
2024-10-29 16:20:27,594.7,597.71,595.2006107877247,597.4199864428598,48.45,49.43,596.3102986152923,1192.6205972305845,2.2193756551350816,0.0037218469252785083,97.88,0.9799999999999969,-0.16687026257488924,0.09667118571337596,-0.035099538430699795,0.2635414482882652,7.508188195135074,0.055623420858182726,0.2944429380954716,0.17503317947694086,0.0,0.0,0.0,6.092258812045704,0.17403039939457085,0.7951708587393997,0.0876365490678955
2024-10-29 16:20:28,593.72,594.77,594.8304580907936,596.7574898321449,48.45,49.43,595.7939739614692,1191.5879479229384,1.927031741351243,0.0032343927974026036,97.88,0.9799999999999969,-0.3701526969310862,-0.6624966107149248,-0.5163246538230624,0.2923439137838386,0.5662006363991761,-0.20328243435619697,-0.7591677964283008,-0.48122511539236257,0.0,0.0,0.0,6.086983733903612,0.33801132713464344,0.406354284608274,0.20797548145498446
2024-10-29 16:20:29,596.65,596.73,595.2853435680952,596.7506173741086,48.45,49.43,596.017980471102,1192.035960942204,1.4652738060134425,0.002458438925612325,97.88,0.9799999999999969,0.45488547730155915,-0.006872458036241369,0.22400650963277258,0.4617579353378005,2.0613502471179865,0.8250381742326454,0.6556241526786835,0.7403311634558349,0.0,0.0,0.0,6.089272316937369,0.2989938876525511,0.27193907571503284,0.26931364806084057
2024-10-29 16:20:30,596.65,596.73,595.6265076760714,596.7454630305815,48.45,49.43,596.1859853533265,1192.371970706653,1.118955354510149,0.0018768561826728446,97.88,0.9799999999999969,0.34116410797616936,-0.005154343527124183,0.1680048822245226,0.34631845150329355,2.061347179740258,-0.11372136932538979,0.0017181145091171857,-0.05600162740824999,0.0,0.0,0.0,6.090988754212686,0.22775949131626305,0.4394600724707066,0.30127672647758713
2024-10-29 16:20:31,593.72,597.71,595.1498807570536,596.9865972729361,48.45,49.43,596.0682390149948,1192.1364780299896,1.8367165158825856,0.003081386312138323,97.88,0.9799999999999969,-0.47662691901780363,0.241134242354633,-0.11774633833169901,0.7177611613724366,6.0957739813232505,-0.817791026993973,0.24628858588175717,-0.2857512205562216,0.0,0.0,0.0,6.089785787956774,0.19362032584097816,0.4277230024721092,0.293567898920802
2024-10-29 16:20:32,593.72,594.77,594.7924105677902,596.4324479547021,48.45,49.43,595.6124292612461,1191.2248585224922,1.6400373869118994,0.002753531161518154,97.88,0.9799999999999969,-0.35747018926338114,-0.5541493182340673,-0.4558097537486674,0.19667912897068618,0.43149295481329175,0.11915672975442249,-0.7952835605887003,-0.3380634154169684,0.0,0.0,0.0,6.0851289658369145,0.22998351171114817,0.3217583838979413,0.3424974852806308
2024-10-29 16:20:33,596.65,600.65,595.2568079258426,597.4868359660265,48.45,49.46,596.3718219459346,1192.7436438918692,2.2300280401839245,0.003739324955307442,97.91,1.009999999999998,0.46439735805245164,1.0543880113244768,0.7593926846884642,0.5899906532720252,0.776923307591193,0.8218675473158328,1.6085373295585441,1.2152024384371316,0.0,0.030000000000001137,0.030000000000001137,6.091020486721623,0.2805704494143535,0.4144848123002669,0.4499796883027838
2024-10-29 16:20:34,595.67,599.67,595.360105944382,598.0326269745199,48.45,49.46,596.6963664594509,1193.3927329189019,2.6725210301378866,0.004478862577154034,97.91,1.009999999999998,0.1032980185393626,0.5457910084933246,0.3245445135163436,0.442492989953962,1.3634235308314586,-0.36109933951308903,-0.5085970028311522,-0.4348481711721206,0.0,0.0,0.0,6.094335209530342,0.39932758217730985,0.5889233270265579,0.458207718515437
2024-10-29 16:20:35,595.67,597.71,595.4375794582865,597.9519702308899,48.45,49.46,596.6947748445882,1193.3895496891764,2.514390772603406,0.0042138642307441455,97.91,1.009999999999998,0.07747351390446511,-0.08065674363001563,-0.0015916148627184157,0.15813025753448073,99.28970351599637,-0.025824504634897494,-0.6264477521233403,-0.32613612837906203,0.0,0.0,0.0,6.0943189536336355,0.4593318881641103,0.43769058105835235,0.46148193533686965
2024-10-29 16:20:36,594.7,597.71,595.2531845937149,597.8914776731674,48.45,49.46,596.5723311334411,1193.1446622668823,2.6382930794525237,0.004422419440770161,97.91,1.009999999999998,-0.18439486457157273,-0.060492557722454876,-0.12244371114707064,0.12390230684911785,1.0119041131984579,-0.26186837847603783,0.02016418590756075,-0.12085209628435223,0.0,0.0,0.0,6.093068379536031,0.45413060196872784,0.4277844539005964,0.4620449505420771
2024-10-29 16:20:37,595.67,598.69,595.3573884452861,598.0911082548755,48.45,49.46,596.7242483500809,1193.4484967001617,2.733719809589388,0.004581211191881015,97.91,1.009999999999998,0.10420385157124201,0.19963058170810655,0.15191721663973112,0.09542673013686453,0.6281454077568971,0.28859871614281474,0.2601231394305614,0.27436092778680177,0.0,0.0,0.0,6.094619980139526,0.14648220131739836,0.1999416466379439,0.34382113442215256
2024-10-29 16:20:38,595.67,599.67,595.4355413339646,598.4858311911566,48.45,49.46,596.9606862625606,1193.9213725251211,3.0502898571920696,0.005109699721064654,97.91,1.009999999999998,0.07815288867845993,0.3947229362811413,0.23643791247968693,0.31657004760268137,1.338908406753388,-0.02605096289278208,0.19509235457303475,0.0845206958399558,0.0,0.0,0.0,6.097034829593768,0.14184518298725846,0.20029232961676272,0.18024540727930796
2024-10-29 16:20:39,595.67,597.71,595.4941560004735,598.2918733933675,48.45,49.46,596.8930146969205,1193.786029393841,2.7977173928940147,0.004687133739749752,97.91,1.009999999999998,0.05861466650890179,-0.19395779778915312,-0.06767156564001198,0.2525724642980549,3.7322726264233625,-0.01953822216955814,-0.5886807340702944,-0.3041094781196989,0.0,0.0,0.0,6.0963436686812065,0.15677531260002095,0.20041053660946803,0.15068349091957461
2024-10-29 16:20:40,596.65,599.67,595.7831170003551,598.6364050450256,48.45,49.46,597.2097610226904,1194.4195220453807,2.853288044670535,0.004777698266362443,97.91,1.009999999999998,0.28896099988162405,0.34453165165814426,0.3167463257698273,0.05557065177652021,0.17544158152388656,0.23034633337272226,0.5384894494472974,0.3844178914098393,0.0,0.0,0.0,6.099578745001651,0.2418787704227908,0.15407564089287107,0.19094483007296853
2024-10-29 16:20:41,594.7,595.75,595.5123377502664,597.9148037837692,48.45,49.46,596.7135707670178,1193.4271415340356,2.402466033502833,0.0040261628814449975,97.91,1.009999999999998,-0.27077925008870807,-0.72160126125641,-0.49619025567255903,0.45082201116770193,0.908565005960531,-0.5597402499703321,-1.0661329129145543,-0.8129365814423863,0.0,0.0,0.0,6.094510925058798,0.20330253389054945,0.23592036828324883,0.32638338111031
2024-10-29 16:20:42,596.65,597.71,595.7967533126998,597.8636028378269,48.45,49.46,596.8301780752633,1193.6603561505267,2.066849525127054,0.0034630445939068605,97.91,1.009999999999998,0.2844155624334235,-0.05120094594235525,0.11660730824553411,0.3356165083757787,2.8781526241603133,0.5551948125221315,0.6704003153140548,0.6127975639180931,0.0,0.0,0.0,6.0957018892816,0.1850781158977058,0.3947959728315792,0.323407009419951
2024-10-29 16:20:43,597.63,598.69,596.2550649845249,598.0702021283702,48.49,49.46,597.1626335564475,1194.325267112895,1.815137143845277,0.0030396026790817216,97.95,0.9699999999999989,0.45831167182507215,0.20659929054329496,0.33245548118418355,0.2517123812817772,0.7571288139283606,0.17389610939164868,0.2578002364856502,0.21584817293864944,0.03999999999999915,0.0,0.03999999999999915,6.096606712198477,0.21534407479338782,0.45162925239475826,0.3417161888589976
2024-10-29 16:20:44,596.65,596.73,596.3537987383937,597.7351515962777,48.49,49.46,597.0444751673357,1194.0889503346714,1.3813528578839396,0.002313651516803889,97.95,0.9699999999999989,0.09873375386882799,-0.33505053209250946,-0.11815838911184073,0.43378428596133745,3.6711791523460744,-0.35957791795624416,-0.5416498226358044,-0.4506138702960243,0.0,0.0,0.0,6.095400398896736,0.21389156907047754,0.5607038394308673,0.3464210826857202
2024-10-29 16:20:45,596.65,596.73,596.4278490537953,597.4838636972082,48.49,49.46,596.9558563755018,1193.9117127510035,1.0560146434129365,0.0017689995505792886,97.95,0.9699999999999989,0.07405031540156415,-0.25128789906943894,-0.0886187918339374,0.3253382144710031,3.671168795799554,-0.02468343846726384,0.08376263302307052,0.02953959727790334,0.0,0.0,0.0,6.09449566392043,0.17610666009382697,0.5356551979451764,0.30791632887072073
2024-10-29 16:20:46,593.72,599.67,595.7508867903464,598.0303977729062,48.49,49.46,596.8906422816262,1193.7812845632525,2.2795109825598274,0.0038189759015610897,97.95,0.9699999999999989,-0.6769622634488996,0.5465340756979913,-0.06521409387551103,1.223496339146891,18.760938096361876,-0.7510125788504638,0.7978219747674302,0.023404697958426368,0.0,0.0,0.0,6.093829874301137,0.1308375006961907,0.49949133923835837,0.18968435641358433
2024-10-29 16:20:47,596.65,598.69,595.9756650927598,598.1952983296796,48.49,49.46,597.0854817112197,1194.1709634224394,2.21963323691989,0.0037174463308688667,97.95,0.9699999999999989,0.2247783024133696,0.16490055677343207,0.19483942959345768,0.05987774563993753,0.3073168426330964,0.9017405658622692,-0.3816335189245592,0.2600535234689687,0.0,0.0,0.0,6.095819046609502,0.10697365576942382,0.5297867382726025,0.2009481489158432
2024-10-29 16:20:48,595.67,599.67,595.8992488195698,598.5639737472598,48.49,49.46,597.2316112834148,1194.4632225668297,2.6647249276899174,0.0044617948428781065,97.95,0.9699999999999989,-0.0764162731899205,0.368675417580107,0.1461295721951501,0.4450916907700275,3.0458492297945,-0.3011945756032901,0.20377486080667495,-0.04870985739830758,0.0,0.0,0.0,6.097310925840775,0.1305549308768106,0.6727285067988923,0.14528613410640506
2024-10-29 16:20:49,592.74,597.71,595.1094366146774,598.3504803104448,48.49,49.46,596.7299584625612,1193.4599169251223,3.2410436957674165,0.005431340666532698,97.95,0.9699999999999989,-0.7898122048924279,-0.21349343681492883,-0.5016528208536783,0.576318768077499,1.1488375930173544,-0.7133959317025074,-0.5821688543950359,-0.6477823930488285,0.0,0.0,0.0,6.0921894065377415,0.19073200829160017,0.8019757418129513,0.2753605929750824
2024-10-29 16:20:50,596.65,596.73,595.494577461008,597.9453602328337,48.49,49.46,596.7199688469209,1193.4399376938418,2.4507827718256294,0.0041070902528272,97.95,0.9699999999999989,0.3851408463306143,-0.40512007761117275,-0.009989615640279226,0.790260923941787,79.10032298266859,1.1749530512230422,-0.19162664079624392,0.4916632052133991,0.0,0.0,0.0,6.092087419651184,0.22405965592389707,0.412498318478174,0.27576978310600714
2024-10-29 16:20:51,596.65,596.73,595.783433095756,597.6415201746253,48.49,49.46,596.7124766351906,1193.4249532703811,1.8580870788692891,0.0031138733452214813,97.95,0.9699999999999989,0.2888556347479607,-0.30384005820837956,-0.007492211730323106,0.5926956929563403,79.0976839154101,-0.09628521158265357,0.10128001940279319,0.0024974039099561196,0.0,0.0,0.0,6.092010929486265,0.2453445466055849,0.5168404190297367,0.27603402598591625
2024-10-29 16:20:52,596.65,598.69,596.000074821817,597.9036401309689,48.49,49.46,596.9518574763929,1193.9037149527858,1.9035653091519862,0.003188808749185366,97.95,0.9699999999999989,0.21664172606097054,0.2621199563436676,0.23938084120231906,0.04547823028269704,0.18998195541599194,-0.07221390868699018,0.5659600145520471,0.24687305293264217,0.0,0.0,0.0,6.094454837998347,0.226050077036067,0.5738761331844036,0.2858747234829262
2024-10-29 16:20:53,596.65,598.69,596.1625561163627,598.1002300982267,48.49,49.46,597.1313931072947,1194.2627862145894,1.937673981864009,0.0032449708740583164,97.95,0.9699999999999989,0.1624812945457279,0.1965899672577507,0.17953563090179614,0.03410867271202278,0.18998169087109423,-0.054160431515242635,-0.0655299890859169,-0.05984521030052292,0.0,0.0,0.0,6.096287769382409,0.1869384905414437,0.5894185223750528,0.29126404329266514
2024-10-29 16:20:54,596.65,597.71,596.284417087272,598.00267257367,48.49,49.46,597.143544830471,1194.287089660942,1.718255486397993,0.0028774580222722624,97.95,0.9699999999999989,0.12186097090932435,-0.09755752455669153,0.012151723176316409,0.21941849546601588,18.05508874699172,-0.040620323636403555,-0.2941474918144422,-0.16738390772547973,0.0,0.0,0.0,6.09641182985257,0.2109803001217366,0.2794829884958258,0.11792909224113107
2024-10-29 16:20:55,596.65,595.75,596.375812815454,597.4395044302526,48.49,49.46,596.9076586228532,1193.8153172457064,1.0636916147985858,0.0017820036276141318,97.95,0.9699999999999989,0.09139572818196484,-0.5631681434174425,-0.23588620761779566,0.6545638715994073,2.774901946611649,-0.03046524272735951,-0.46561061886075095,-0.24803793079411207,0.0,0.0,0.0,6.094003599069419,0.1779729901760376,0.363342389681072,0.18596830378938145
2024-10-29 16:20:56,596.65,598.69,596.4443596115905,597.7521283226895,48.49,49.46,597.09824396714,1194.19648793428,1.3077687110990155,0.002190206925111605,97.95,0.9699999999999989,0.06854679613650205,0.3126238924369318,0.19058534428677376,0.24407709630042973,1.2806641378942074,-0.02284893204546279,0.8757920358543743,0.4264715519045694,0.0,0.0,0.0,6.095949340185713,0.10901388018498112,0.38478316807384316,0.1948625693889965
2024-10-29 16:20:57,593.72,600.65,595.7632697086929,598.4765962420171,48.49,49.46,597.1199329753549,1194.2398659507098,2.7133265333242207,0.004544022697852536,97.95,0.9699999999999989,-0.681089902897611,0.7244679193275942,0.021689008214934802,1.4055578222252052,64.80208805349362,-0.749636699034113,0.41184402689066246,-0.16889633607183896,0.0,0.0,0.0,6.096170769567985,0.09786229145808503,0.6385134537749466,0.17260237682876065
2024-10-29 16:20:58,596.65,596.73,595.9849522815197,598.0399471815128,48.49,49.46,597.0124497315162,1194.0248994630324,2.0549948999931757,0.003442130725205482,97.95,0.9699999999999989,0.2216825728268077,-0.43664906050423724,-0.10748324383871477,0.6583316333310449,6.124912915784224,0.9027724757244187,-1.1611169798318315,-0.12917225205364957,0.0,0.0,0.0,6.095073441923867,0.09674346948616297,0.6492843976615221,0.15914325011800454
2024-10-29 16:20:59,596.65,598.69,596.1512142111397,598.2024603861346,48.49,49.46,597.1768372986371,1194.3536745972742,2.0512461749948443,0.003434905782412569,97.95,0.9699999999999989,0.16626192962007735,0.1625132046217459,0.16438756712091163,0.003748724998331454,0.02280404935687638,-0.05542064320673035,0.5991622651259831,0.2718708109596264,0.0,0.0,0.0,6.096751722326548,0.10503416287432395,0.6594421395257458,0.18082431509704627
2024-10-29 16:21:00,595.67,596.73,596.0309106583549,597.834345289601,48.49,49.46,596.9326279739779,1193.8652559479558,1.8034346312460912,0.0030211694648789394,97.95,0.9699999999999989,-0.12030355278488969,-0.3681150965336428,-0.24420932465920941,0.24781154374875314,1.0147463834486488,-0.28656548240496704,-0.5306283011553887,-0.40859689178012104,0.0,0.0,0.0,6.094258518424905,0.09600612616770492,0.5077767525978328,0.18363183752801793
2024-10-29 16:21:01,596.65,595.75,596.1856829937661,597.3132589672007,48.49,49.46,596.7494709804835,1193.498941960967,1.1275759734345456,0.001889529905560474,97.95,0.9699999999999989,0.15477233541128044,-0.5210863224002651,-0.18315699349443548,0.6758586578115455,3.690030912203014,0.2750758881961701,-0.15297122586662226,0.06105233116477393,0.0,0.0,0.0,6.092388615498671,0.16815101243262465,0.5704832892815935,0.16424257386525493
2024-10-29 16:21:02,592.74,599.67,595.3242622453247,597.9024442254005,48.49,49.46,596.6133532353626,1193.2267064707253,2.578181980075783,0.004321361501168638,97.95,0.9699999999999989,-0.8614207484414464,0.589185258199791,-0.13611774512082775,1.4506060066412374,10.656915807985051,-1.0161930838527269,1.110271580600056,0.047039248373607734,0.0,0.0,0.0,6.090998949916934,0.22086601807497697,0.526813150911556,0.15729274648652633
2024-10-29 16:21:03,593.72,598.69,594.9231966839935,598.0993331690504,48.49,49.46,596.511264926522,1193.022529853044,3.1761364850568725,0.005324520535456421,97.95,0.9699999999999989,-0.40106556133116555,0.19688894364992393,-0.10208830884062081,0.5979545049810895,5.8571706652907265,0.4603551871102809,-0.392296314549867,0.03402943628020694,0.0,0.0,0.0,6.089956700730631,0.26471710221481515,0.7764455248291333,0.15725836410797125
2024-10-29 16:21:04,596.65,598.69,595.3548975129952,598.2469998767879,48.49,49.46,596.8009486948915,1193.601897389783,2.8921023637926737,0.004846008313611485,97.95,0.9699999999999989,0.43170082900167017,0.14766670773747137,0.2896837683695139,0.2840341212641988,0.9804938066398186,0.8327663903328357,-0.04922223591245256,0.39177207721013474,0.0,0.0,0.0,6.092914166431622,0.16398475197182663,0.8389787991732552,0.21082752371710267
2024-10-29 16:21:05,594.7,598.69,595.1911731347464,598.3577499075909,48.49,49.46,596.7744615211686,1193.5489230423373,3.1665767728445644,0.005306153281872782,97.95,0.9699999999999989,-0.163724378248844,0.11075003080304668,-0.02648717372289866,0.2744744090518907,10.362149233965924,-0.5954252072505142,-0.036916676934424686,-0.3161709420924126,0.0,0.0,0.0,6.092643751184531,0.12328935659343815,0.8523597421135222,0.18848838046042038
2024-10-29 16:21:06,595.67,598.69,595.3108798510598,598.4408124306932,48.49,49.46,596.8758461408765,1193.751692281753,3.1299325796334188,0.005243858659428519,97.95,0.9699999999999989,0.11970671631343066,0.08306252310228501,0.10138461970791468,0.03664419321114565,0.3614338336809023,0.28343109456227467,-0.02768750770076167,0.12787179343081334,0.0,0.0,0.0,6.093678816204163,0.14885750198306652,0.2571844216142152,0.173675720991554
2024-10-29 16:21:07,594.7,596.73,595.1581598882949,598.0131093230199,48.49,49.46,596.5856346056573,1193.1712692113147,2.854949434724972,0.004785481353111377,97.95,0.9699999999999989,-0.15271996276487698,-0.42770310767332376,-0.29021153521921406,0.2749831449084468,0.947523320109989,-0.27242667907830764,-0.5107656307756088,-0.39159615492712874,0.0,0.0,0.0,6.090715962378166,0.15402402067337598,0.15706886548539786,0.2175937675070143
2024-10-29 16:21:08,596.65,598.69,595.5311199162212,598.182331992265,48.49,49.46,596.8567259542431,1193.7134519084861,2.6512120760437483,0.004441957267655959,97.95,0.9699999999999989,0.3729600279262968,0.16922266924507312,0.2710913485857418,0.20373735868122367,0.7515422686921948,0.5256799906911738,0.5969257769183969,0.5613028838049559,0.0,0.0,0.0,6.093483612667273,0.1154476451007368,0.21232769615622737,0.23913473569277563
2024-10-29 16:21:09,596.65,600.65,595.810839937166,598.7992489941987,48.49,49.46,597.3050444656824,1194.6100889313648,2.9884090570327544,0.005003153882122114,97.95,0.9699999999999989,0.279720020944751,0.6169170019337571,0.4483185114393109,0.3371969809890061,0.7521354132155645,-0.09324000698154578,0.44769433268868397,0.1772271628535691,0.0,0.0,0.0,6.098060626519875,0.264107006262503,0.21138105930054718,0.282338734683529
2024-10-29 16:21:10,596.65,596.73,596.0206299528745,598.2819367456491,48.49,49.46,597.1512833492618,1194.3025666985236,2.261306792774576,0.003786823962438274,97.95,0.9699999999999989,0.20979001570856326,-0.5173122485496151,-0.15376111642058277,0.7271022642581784,4.728747764302025,-0.06993000523618775,-1.1342292504833722,-0.6020796278598937,0.0,0.0,0.0,6.096490834637784,0.27991612751249956,0.3380433641371623,0.3017553339057203
2024-10-29 16:21:11,596.65,599.67,596.1779724646559,598.6289525592368,48.49,49.46,597.4034625119464,1194.8069250238927,2.4509800945809275,0.004102721601532721,97.95,0.9699999999999989,0.15734251178139402,0.34701581358774547,0.25217916268456975,0.18967330180635145,0.7521341083580683,-0.05244750392716924,0.8643280621373606,0.4059402791051525,0.0,0.0,0.0,6.099065404929872,0.3364104178006637,0.29446795499971873,0.312355465040433
2024-10-29 16:21:12,594.7,599.67,595.808479348492,598.8892144194276,48.49,49.46,597.3488468839598,1194.6976937679196,3.0807350709355887,0.0051573466356363475,97.95,0.9699999999999989,-0.3694931161638806,0.2602618601907807,-0.05461562798654995,0.6297549763546613,11.53046241722844,-0.5268356279452746,-0.08675395339696479,-0.3067947906711197,0.0,0.0,0.0,6.098507818126105,0.2201945970093691,0.3478773105194204,0.24909892034210812
2024-10-29 16:21:13,594.7,595.75,595.531359511369,598.1044108145707,48.49,49.46,596.8178851629698,1193.6357703259396,2.5730513032016233,0.0043112838318974485,97.95,0.9699999999999989,-0.2771198371229957,-0.7848036048569611,-0.5309617209900352,0.5076837677339654,0.9561570853549495,0.09237327904088488,-1.0450654650477418,-0.4763460930034853,0.0,0.0,0.0,6.093087075751738,0.23602494667111537,0.35159725336509234,0.37842693920956133
2024-10-29 16:21:14,596.65,597.71,595.8110196335268,598.005808110928,48.49,49.46,596.9084138722274,1193.8168277444547,2.1947884774011754,0.0036769266820790023,97.95,0.9699999999999989,0.279660122157793,-0.09860270364265489,0.09052870925756906,0.3782628258004479,4.178328074867001,0.5567799592807887,0.6862009012143062,0.6214904302476043,0.0,0.0,0.0,6.0940113096295665,0.2595977178049082,0.3515609325256807,0.29532706812075293
2024-10-29 16:21:15,592.74,599.67,595.043264725145,598.421856083196,48.49,49.46,596.7325604041705,1193.465120808341,3.378591358050926,0.005661818336342779,97.95,0.9699999999999989,-0.7677549083817894,0.4160479722679611,-0.1758534680568573,1.1838028806497505,6.731719095513701,-1.0474150305395824,0.514650675910616,-0.26638217731442637,0.0,0.0,0.0,6.092215970515105,0.311703168739162,0.48282081868580046,0.29688030186744885
2024-10-29 16:21:16,592.74,599.67,594.4674485438588,598.733892062397,48.49,49.46,596.6006703031279,1193.2013406062558,4.2664435185381535,0.0071512549746535715,97.95,0.9699999999999989,-0.5758161812861999,0.31203597920102766,-0.13189010104258614,0.8878521604872276,6.731706335521077,0.19193872709558946,-0.10401199306693343,0.04396336701427117,0.0,0.0,0.0,6.090869466179259,0.284707078433253,0.7961861319474713,0.23050110523033604
2024-10-29 16:21:17,596.65,599.67,595.0130864078941,598.9679190467978,48.49,49.46,596.990502727346,1193.981005454692,3.9548326389036674,0.006624615658392274,97.95,0.9699999999999989,0.5456378640352568,0.23402698440077074,0.38983242421807063,0.3116108796344861,0.7993436690543311,1.1214540453214568,-0.07800899480025691,0.5217225252606568,0.0,0.0,0.0,6.0948493785859785,0.1517765737304675,0.8825307511130208,0.3408527722467084
2024-10-29 16:21:18,594.7,598.69,594.9348148059205,598.8984392850983,48.49,49.46,596.9166270455094,1193.8332540910187,3.963624479177838,0.006640164292551168,97.95,0.9699999999999989,-0.07827160197359717,-0.06947976169942649,-0.07387568183662552,0.008791840274170681,0.11900697291214817,-0.623909466008854,-0.30350674610019723,-0.46370810605469615,0.0,0.0,0.0,6.094095160300298,0.15929562929154686,0.8237462398775235,0.23021285348865572
2024-10-29 16:21:19,592.74,599.67,594.3861111044404,599.0913294638237,48.49,49.46,596.7387202841321,1193.4774405682642,4.705218359383366,0.00788488863142336,97.95,0.9699999999999989,-0.5487037014801217,0.19289017872540626,-0.17790676137724404,0.741593880205528,4.16841780518511,-0.47043209950652454,0.26236994042483275,-0.10403107954061852,0.0,0.0,0.0,6.092278858518155,0.15639794166797588,0.48564287327235867,0.24064393265508452
2024-10-29 16:21:20,594.7,598.69,594.4645833283303,598.9909970978679,48.49,49.46,596.7277902130991,1193.4555804261981,4.526413769537612,0.0075853912557613265,97.95,0.9699999999999989,0.07847222388988939,-0.10033236595586459,-0.010930071033044442,0.17880458984575398,16.35746298832299,0.6271759253700111,-0.29322254468127085,0.1669766903441996,0.0,0.0,0.0,6.092167270249432,0.15689403464234086,0.33447226851257955,0.2272595791949916
2024-10-29 16:21:21,593.72,596.73,594.2784374962478,598.4257478234009,48.49,49.46,596.3520926598244,1192.7041853196488,4.14731032715315,0.00695446594594986,97.95,0.9699999999999989,-0.18614583208250224,-0.5652492744669644,-0.37569755327467647,0.37910344238446214,1.0090628219888202,-0.26461805597239163,-0.4649169085110998,-0.364767482241632,0.0,0.0,0.0,6.088331664844234,0.24720392085093984,0.34016865732199064,0.2819519906480528
2024-10-29 16:21:22,596.65,594.77,594.8713281221858,597.5118108675507,48.49,49.46,596.1915694948682,1192.3831389897364,2.6404827453649204,0.0044289166033883885,97.95,0.9699999999999989,0.5928906259380256,-0.913936955850204,-0.1605231649562029,1.5068275817882295,9.386920543703495,0.7790364580205278,-0.3486876813832396,0.21517438831847358,0.0,0.0,0.0,6.086692837245282,0.3012591125786197,0.8132800263712282,0.13827994666255877
2024-10-29 16:21:23,595.67,596.73,595.0709960916394,597.3163581506631,48.49,49.46,596.1936771211513,1192.3873542423025,2.245362059023705,0.003766162140631471,97.95,0.9699999999999989,0.19966796945357146,-0.19545271688764387,0.0021076262830774795,0.39512068634121533,187.38298460576334,-0.3932226564844541,0.7184842389625601,0.16263079123928037,0.0,0.0,0.0,6.086714354613955,0.274851972736052,1.131480616598339,0.1534272984863944
2024-10-29 16:21:24,596.65,597.71,595.4657470687296,597.4147686129972,48.49,49.46,596.4402578408634,1192.8805156817268,1.94902154426768,0.0032677565194131194,97.95,0.9699999999999989,0.39475097709021156,0.09841046233418638,0.24658071971214213,0.2963405147560252,1.2017943386150893,0.1950830076366401,0.29386317922183025,0.24447309342906465,0.0,0.0,0.0,6.089231768776229,0.22112458313159528,1.1616597960658335,0.22914314952166895
2024-10-29 16:21:25,596.65,598.69,595.7618103015471,597.733576459748,48.49,49.46,596.7476933806475,1193.495386761295,1.9717661582008077,0.003304187308586528,97.95,0.9699999999999989,0.2960632328175734,0.3188078467507012,0.3074355397841373,0.022744613933127766,0.07398149207995125,-0.09868774427263816,0.2203973844165148,0.060854820071995164,0.0,0.0,0.0,6.09237046746582,0.228966481017545,0.9137289843944625,0.2837957960193863
2024-10-29 16:21:26,595.67,594.77,595.7388577261604,596.992682344811,48.49,49.46,596.3657700354856,1192.7315400709713,1.253824618650583,0.002102442292208579,97.95,0.9699999999999989,-0.022952575386739227,-0.7408941149369639,-0.3819233451619084,0.7179415395502247,1.8798004071876309,-0.31901580820431263,-1.059701961687665,-0.6893588849460457,0.0,0.0,0.0,6.088471301143587,0.22855551448085826,0.5074109101208882,0.28588407549690886
2024-10-29 16:21:27,596.65,597.71,595.9666432946203,597.1720117586083,48.49,49.5,596.5693275266143,1193.1386550532286,1.205368463987952,0.002020500227467155,97.99000000000001,1.009999999999998,0.2277855684599217,0.17932941379729073,0.20355749112866306,0.04845615466263098,0.23804536177271687,0.25073814384666093,0.9202235287342546,0.5854808362905715,0.0,0.03999999999999915,0.03999999999999915,6.088063286443014,0.20908189361675486,0.46740748050335756,0.28021597572639617
2024-10-29 16:21:28,596.65,600.65,596.1374824709652,598.0415088189562,48.49,49.5,597.0894956449607,1194.1789912899214,1.9040263479910209,0.0031888458241012847,97.99000000000001,1.009999999999998,0.17083917634488444,0.8694970603479533,0.5201681183464189,0.6986578840030688,1.3431360289592993,-0.05694639211503727,0.6901676465506625,0.3166106272177558,0.0,0.0,0.0,6.093371666002541,0.2888366010973874,0.3911194090614878,0.3364136078008734
2024-10-29 16:21:29,596.65,599.67,596.265611853224,598.4486316142172,48.49,49.5,597.3571217337205,1194.714243467441,2.183019760993261,0.0036544634321977773,97.99000000000001,1.009999999999998,0.1281293822587486,0.4071227952609888,0.26762608875981186,0.27899341300224023,1.0424707539700115,-0.042709794086135844,-0.46237426508696444,-0.252542029586607,0.0,0.0,0.0,6.096102823120907,0.3985424965800033,0.4451010204900112,0.33759754887310806
2024-10-29 16:21:30,595.67,599.67,596.116708889918,598.7539737106629,48.49,49.5,597.4353413002905,1194.870682600581,2.6372648207449174,0.004414310024898631,97.99000000000001,1.009999999999998,-0.14890296330599995,0.30534209644565635,0.07821956656994189,0.4542450597516563,5.807233054819252,-0.27703234556474854,-0.10178069881533247,-0.18940652218986997,0.0,0.0,0.0,6.096901063408403,0.47594647657678973,0.6131267129981454,0.3320564924902547
2024-10-29 16:21:31,596.65,597.71,596.2500316674385,598.4929802829972,48.49,49.5,597.3715059752178,1194.7430119504356,2.242948615558703,0.0037546963478654037,97.99000000000001,1.009999999999998,0.13332277752056143,-0.26099342766565314,-0.06383532507265954,0.3943162051862146,6.176987862904036,0.2822257408265614,-0.5663355241113095,-0.14205489164260143,0.0,0.0,0.0,6.096249616072743,0.3581778626693036,0.5322867762034272,0.218818726433119
2024-10-29 16:21:32,595.67,597.71,596.1050237505789,598.2972352122479,48.49,49.5,597.2011294814133,1194.4022589628266,2.1922114616689896,0.003670809296529317,97.99000000000001,1.009999999999998,-0.14500791685964032,-0.19574507074935354,-0.17037649380449693,0.05073715388971323,0.2977925825574861,-0.27833069438020175,0.0652483569162996,-0.10654116873183739,0.0,0.0,0.0,6.09451090301972,0.1417465950904049,0.26263486972351635,0.27458389049341
2024-10-29 16:21:33,596.65,596.73,596.2412678129342,597.9054264091859,48.49,49.5,597.07334711106,1194.14669422212,1.6641585962516956,0.002787192899359075,97.99000000000001,1.009999999999998,0.13624406235533115,-0.39180880306196286,-0.12778237035331586,0.528052865417294,4.132406775288906,0.28125197921497147,-0.19606373231260932,0.042594123451181076,0.0,0.0,0.0,6.093206868229953,0.14754862517793832,0.3461312538488224,0.1782703715506232
2024-10-29 16:21:34,595.67,594.77,596.0984508597006,597.1215698068894,48.49,49.5,596.610010333295,1193.22002066659,1.0231189471887774,0.0017148873263161085,97.99000000000001,1.009999999999998,-0.14281695323359145,-0.7838566022965097,-0.4633367777649937,0.6410396490629182,1.3835255397371364,-0.2790610155889226,-0.3920477992345468,-0.33555440741167786,0.0,0.0,0.0,6.088478459483789,0.3278242474441362,0.6240218714236296,0.19912032407330527
2024-10-29 16:21:35,592.74,596.73,595.2588381447754,597.023677355167,48.49,49.5,596.1412577499711,1192.2825154999423,1.7648392103916422,0.0029604379574268607,97.99000000000001,1.009999999999998,-0.8396127149252379,-0.09789245172237315,-0.4687525833238624,0.7417202632028648,1.5823244655399453,-0.6967957616916465,0.6859641505741365,-0.005415805558868669,0.0,0.0,0.0,6.083694781776471,0.5001795660341042,0.4926269741050812,0.19294490113914614
2024-10-29 16:21:36,596.65,596.73,595.6066286085816,596.9502580163753,48.49,49.5,596.2784433124784,1192.5568866249569,1.3436294077937418,0.0022533590147518663,97.99000000000001,1.009999999999998,0.3477904638061773,-0.07341933879172302,0.13718556250728398,0.4212098025979003,3.070343005172507,1.1874031787314152,0.02447311293065013,0.6059381458311464,0.0,0.0,0.0,6.085094777297516,0.4692684297101291,0.4417271024011465,0.2547690716325865
2024-10-29 16:21:37,596.65,598.69,595.8674714564362,597.3851935122815,48.49,49.5,596.6263324843588,1193.2526649687177,1.5177220558452973,0.00254384020728962,97.99000000000001,1.009999999999998,0.26084284785463296,0.4349354959061884,0.3478891718804107,0.17409264805155544,0.5004241629205922,-0.08694761595154432,0.5083548346979114,0.2107036093731267,0.0,0.0,0.0,6.088645029040859,0.36195593727043407,0.29253649465834974,0.36211418264238765
2024-10-29 16:21:38,595.67,598.69,595.8181035923271,597.7113951342111,48.49,49.5,596.7647493632692,1193.5294987265383,1.8932915418839684,0.003172592785903429,97.99000000000001,1.009999999999998,-0.049367864109058246,0.3262016219296129,0.13841687891033416,0.37556948603867113,2.713301843629331,-0.3102107119636912,-0.10873387397657552,-0.20947229297007652,0.0,0.0,0.0,6.090057590297087,0.26205105466213174,0.3451943091873169,0.3789358213647394
2024-10-29 16:21:39,596.65,599.67,596.0260776942454,598.2010463506583,48.49,49.5,597.1135620224518,1194.2271240449036,2.1749686564129433,0.003642470697539931,97.99000000000001,1.009999999999998,0.20797410191823928,0.4896512164472142,0.34881265918261306,0.2816771145289749,0.8075289115370038,0.25734196602729753,0.16344959451760133,0.2103957802722789,0.0,0.0,0.0,6.093617266341815,0.3886772828028467,0.3239691295206474,0.3352955344497084
2024-10-29 16:21:40,594.7,598.69,595.694558270684,598.3232847629938,48.49,49.5,597.0089215168389,1194.0178430336778,2.628726492309852,0.0044031611474545556,97.99000000000001,1.009999999999998,-0.33151942356141717,0.12223841233549138,-0.10464050561290605,0.45375783589690855,4.336308362911628,-0.5394935254796565,-0.36741280411172283,-0.4534531647955191,0.0,0.0,0.0,6.092549397125109,0.3304321630467336,0.5151939102043731,0.187788318987963
2024-10-29 16:21:41,595.67,599.67,595.688418703013,598.6599635722454,48.49,49.5,597.1741911376291,1194.3483822752582,2.971544869232389,0.00497601019661537,97.99000000000001,1.009999999999998,-0.006139567670970791,0.33667880925156624,0.16526962079024088,0.342818376922537,2.0742850440287097,0.3253798558904464,0.21444039691607486,0.26991012640314693,0.0,0.0,0.0,6.094235993911553,0.2338747290208601,0.5771372557978124,0.18684701576663754
2024-10-29 16:21:42,596.65,596.73,595.9288140272597,598.177472679184,48.49,49.5,597.0531433532219,1194.1062867064438,2.248658651924302,0.003766262137954633,97.99000000000001,1.009999999999998,0.2403953242467196,-0.4824908930613674,-0.1210477844072102,0.722886217308087,5.97185854321581,0.2465348919176904,-0.8191697023129336,-0.2863174051974511,0.0,0.0,0.0,6.093000686398828,0.15721038396877263,0.42068534096358107,0.19831304111073866
2024-10-29 16:21:43,594.7,599.67,595.6216105204448,598.550604509388,48.49,49.5,597.0861075149164,1194.1722150298328,2.928993988943148,0.004905480042448476,97.99000000000001,1.009999999999998,-0.307203506814858,0.3731318302039881,0.03296416169450822,0.6803353370188461,20.63801000958492,-0.5475988310615776,0.8556227232653555,0.15401194610171842,0.0,0.0,0.0,6.093337089719148,0.062351789695643894,0.37106482303505045,0.19686222588221747
2024-10-29 16:21:44,595.67,597.71,595.6337078903337,598.340453382041,48.49,49.5,596.9870806361873,1193.9741612723747,2.706745491707352,0.004534010156951574,97.99000000000001,1.009999999999998,0.012097369888806497,-0.2101511273469896,-0.09902687872909155,0.2222484972357961,2.2443023125214725,0.31930087670366447,-0.5832829575509777,-0.13199104042359977,0.0,0.0,0.0,6.092326508254524,0.07361494144455492,0.289379631780453,0.12309518627238876
2024-10-29 16:21:45,596.65,598.69,595.8877809177502,598.4278400365308,48.49,49.5,597.1578104771405,1194.315620954281,2.5400591187806185,0.0042535809964496345,97.99000000000001,1.009999999999998,0.2540730274165526,0.0873866544898192,0.17072984095318589,0.16668637292673338,0.9763108527793084,0.24197565752774608,0.2975377818368088,0.26975671968227743,0.0,0.0,0.0,6.0940688272586145,0.0768740520567782,0.29721513708171887,0.139261145357425
2024-10-29 16:21:46,595.67,596.73,595.8333356883127,598.0033800273982,48.49,49.5,596.9183578578554,1193.8367157157109,2.170044339085507,0.00363541229195509,97.99000000000001,1.009999999999998,-0.05444522943753327,-0.4244600091326447,-0.23945261928508899,0.37001477969511143,1.5452461349292816,-0.30851825685408585,-0.5118466636224639,-0.41018246023827487,0.0,0.0,0.0,6.091625183857845,0.0918884909698515,0.31569026561353625,0.15727493986914617
2024-10-29 16:21:47,596.65,597.71,596.0375017662345,597.9300350205486,48.49,49.5,596.9837683933915,1193.967536786783,1.8925332543141167,0.0031701586397183995,97.99000000000001,1.009999999999998,0.2041660779218546,-0.07334500684953582,0.06541053553610254,0.2775110847713904,4.242540440259561,0.25861130735938787,0.3511150022831089,0.30486315482119153,0.0,0.0,0.0,6.092292706409825,0.09469690917533899,0.41610739476062825,0.15866249973627927
2024-10-29 16:21:48,596.65,599.67,596.1906263246759,598.3650262654115,48.49,49.5,597.2778262950437,1194.5556525900874,2.1743999407356114,0.0036405167601533945,97.99000000000001,1.009999999999998,0.15312455844139095,0.43499124486288565,0.29405790165219514,0.2818666864214947,0.9585381868659735,-0.05104151948046365,0.5083362517124215,0.2286473661160926,0.0,0.0,0.0,6.095293603426371,0.1483936745544432,0.32469626935021373,0.21194924376942398
2024-10-29 16:21:49,595.67,592.8,596.0604697435069,596.9737696990587,48.49,49.5,596.5171197212828,1193.0342394425656,0.9132999555517927,0.0015310540533144627,97.99000000000001,1.009999999999998,-0.13015658116898976,-1.3912565663528085,-0.7607065737608991,1.2610999851838187,1.6577986452126474,-0.2832811396103807,-1.8262478112156941,-1.0547644754130943,0.0,0.0,0.0,6.087530499374959,0.2906811230912386,0.6173090946204332,0.4218224336770946
2024-10-29 16:21:50,594.7,598.69,595.7203523076303,597.402827274294,48.49,49.5,596.5615897909622,1193.1231795819244,1.68247496666379,0.0028202871130758676,97.99000000000001,1.009999999999998,-0.3401174358766639,0.4290575752353334,0.0444700696793916,0.7691750111119973,17.29607622792221,-0.20996085470767412,1.8203141415881419,0.8051766434402907,0.0,0.0,0.0,6.087984321899968,0.3160604534124283,0.5196453804763277,0.40547577045387334
2024-10-29 16:21:51,593.72,599.67,595.2202642307227,597.9696204557206,48.49,49.5,596.5949423432216,1193.1898846864433,2.7493562249978822,0.0046084135570961,97.99000000000001,1.009999999999998,-0.5000880769075593,0.566793181426533,0.03335255225943001,1.0668812583340923,31.98703544485143,-0.15997064103089542,0.13773560619119962,-0.011117517419961587,0.0,0.0,0.0,6.088324688793723,0.3317225915664513,0.6738146367126686,0.4036067206652395
2024-10-29 16:21:52,596.65,596.73,595.577698173042,597.6597153417904,48.49,49.5,596.6187067574162,1193.2374135148325,2.0820171687483935,0.0034896947441931986,97.99000000000001,1.009999999999998,0.3574339423192896,-0.30990511393019915,0.023764414194602068,0.6673390562494887,28.080261963246745,0.8575220192268489,-0.8766982953567322,-0.009588138064827945,0.0,0.0,0.0,6.088567207560455,0.31746902516608083,0.6798277874420844,0.4006698355555558
2024-10-29 16:21:53,595.67,599.67,595.6007736297815,598.1622865063428,48.49,49.5,596.8815300680621,1193.7630601361243,2.56151287656121,0.0042914929399434235,97.99000000000001,1.009999999999998,0.023075456739547917,0.5025711645523643,0.26282331064589926,0.47949570781281636,1.8243963301356718,-0.3343584855797417,0.8124762784825634,0.2390588964512972,0.0,0.0,0.0,6.091249351738063,0.14311859758890372,0.7357431104275133,0.3936988605836529
2024-10-29 16:21:54,596.65,596.73,595.8630802223362,597.8042148797571,48.49,49.5,596.8336475510466,1193.6672951020932,1.9411346574208892,0.0032523881020003614,97.99000000000001,1.009999999999998,0.26230659255463706,-0.3580716265856836,-0.04788251701552326,0.6203782191403207,12.955986899191249,0.23923113581508915,-0.8606427911380479,-0.3107058276614225,0.0,0.0,0.0,6.09076070476871,0.14798610854578775,0.44192555175254317,0.11724502321328212
2024-10-29 16:21:55,595.67,599.67,595.8148101667522,598.2706611598178,48.49,49.5,597.0427356632849,1194.0854713265699,2.45585099306561,0.004113358797044775,97.99000000000001,1.009999999999998,-0.04827005558399833,0.46644628006072253,0.20908811223830526,0.5147163356447209,2.4617079776879196,-0.3105766481386354,0.8245179066464061,0.2569706292538285,0.0,0.0,0.0,6.092894474644254,0.18805189087515256,0.3369329444951707,0.13272484391362047
2024-10-29 16:21:56,592.74,596.73,595.0461076250642,597.8854958698633,48.49,49.5,596.4658017474637,1192.9316034949275,2.8393882447991245,0.0047603537901422435,97.99000000000001,1.009999999999998,-0.7687025416879578,-0.3851652899544433,-0.5769339158212006,0.3835372517335145,0.6647842611286461,-0.7204324861039595,-0.8516115700151659,-0.7860220280595058,0.0,0.0,0.0,6.08700679314682,0.2270954892926821,0.36436713741255355,0.3336048181030367
2024-10-29 16:21:57,595.67,596.73,595.2020807187981,597.5966219023975,48.49,49.5,596.3993513105978,1192.7987026211956,2.394541183599358,0.00401499628449011,97.99000000000001,1.009999999999998,0.15597309373390544,-0.2888739674658609,-0.06645043686592089,0.44484706119976636,6.694318169482694,0.9246756354218633,0.09629132248858241,0.5104834789552797,0.0,0.0,0.0,6.086328658273999,0.27860902687601247,0.32613236197134754,0.3326904372343224
2024-10-29 16:21:58,595.67,596.73,595.3190605390986,597.3799664267981,48.49,49.5,596.3495134829484,1192.6990269658968,2.060905887699505,0.0034558691466134044,97.99000000000001,1.009999999999998,0.1169798203004575,-0.21665547559939569,-0.04983782764941225,0.3336352958998532,6.69428458965342,-0.03899327343344794,0.07221849186646523,0.016612609216508645,0.0,0.0,0.0,6.085820057119383,0.30412193145224425,0.3545273325435932,0.28685992121467757
2024-10-29 16:21:59,595.67,388.41,595.4067954043239,545.1374748200985,48.49,47.71,570.2721351122112,1140.5442702244225,50.2693205842254,0.08814970502843227,96.2,0.7800000000000011,0.08773486522534313,-52.24249160669956,-26.077378370737165,52.3302264719249,2.006728733280901,-0.029244955075114376,-52.025836131100164,-26.027540543087753,0.0,-1.7899999999999991,1.7899999999999991,5.927984710854745,11.761551960139634,21.39274898631489,11.611528152384139
2024-10-29 16:22:00,596.65,335.76,595.717596553243,492.7931061150739,48.49,45.79,544.2553513341584,1088.5107026683168,102.92449043816907,0.18911066284742048,94.28,2.700000000000003,0.3108011489190403,-52.344368705024635,-26.016783778052854,52.655169853943676,2.0238922796625634,0.2230662836936972,-0.10187709832507608,0.060594592684310555,0.0,-1.9200000000000017,1.9200000000000017,5.772755044138771,23.328515080516706,44.68550517059942,14.141612922464068
2024-10-29 16:22:01,596.65,268.57,595.9506974149323,436.7373295863054,48.49,44.04,516.3440135006189,1032.6880270012377,159.21336782862687,0.30834746478587494,92.53,4.450000000000003,0.23310086168930866,-56.05577652876849,-27.911337833539505,56.2888773904578,2.0167028792907127,-0.07770028722973166,-3.711407823743855,-1.8945540554866511,0.0,-1.75,1.75,5.580287559930091,34.6188946198193,67.82136138151883,14.594966509020272
2024-10-29 16:22:02,596.65,203.43,596.1255230611993,378.4104971897291,48.49,42.49,487.2680101254642,974.5360202509283,217.71502587147017,0.44680754923477184,90.98,6.0,0.1748256462669815,-58.32683239657632,-29.0760033751547,58.5016580428433,2.012025355617042,-0.058275215422327165,-2.2710558678078314,-1.164665541615193,0.0,-1.5499999999999972,1.5499999999999972,5.3557705514365095,43.03504369018153,85.48341798096743,12.241650325940348
2024-10-29 16:22:03,596.65,158.77,596.2566422958995,323.5003728922968,48.49,41.18,459.87850759409815,919.7570151881963,272.7562694036027,0.5931050577628648,89.67,7.310000000000002,0.13111923470023612,-54.910124297432276,-27.38950253136602,55.04124353213251,2.0095743418313576,-0.04370641156674537,3.4167080991440457,1.6865008437886786,0.0,-1.3100000000000023,1.3100000000000023,5.128565880066157,43.92696032952192,88.51892165727416,1.2920150954334877
2024-10-29 16:22:04,596.65,119.0,596.3549817219247,272.3752796692226,48.49,40.06,434.3651306955736,868.7302613911472,323.97970205270207,0.7458694964488182,88.55000000000001,8.43,0.09833942602517709,-51.1250932230742,-25.51337689852454,51.22343264909938,2.007708773523935,-0.03277980867505903,3.7850310743580735,1.8761256328414788,0.0,-1.1199999999999974,1.1199999999999974,4.905309156298864,43.68984358314627,87.8810229238202,1.4408565043937676
2024-10-29 16:22:05,593.72,85.08,595.6962362914435,225.55145975191695,48.49,39.19,410.6238480216802,821.2476960433604,370.14477653952656,0.9014205517322097,87.68,9.300000000000004,-0.6587454304811899,-46.823819917305656,-23.74128267389341,46.165074486824466,1.944506249996452,-0.757084856506367,4.301273305768547,1.7720942246311324,0.0,-0.8700000000000045,0.8700000000000045,4.683209892090217,41.8299458661209,83.59143581292189,2.106345716103542
2024-10-29 16:22:06,596.65,96.71,595.9346772185826,193.34109481393773,48.49,38.85,394.63788601626015,789.2757720325203,402.59358240464485,1.0201594820216968,87.34,9.64,0.23844092713909504,-32.21036493797922,-15.985962005420049,32.44880586511832,2.029831162133713,0.897186357620285,14.613454979326434,7.7553206684733595,0.0,-0.3399999999999963,0.3399999999999963,4.518409451543974,37.238631168613914,74.18456711414737,5.08070892559612
2024-10-29 16:22:07,596.65,87.98,596.1135079139369,167.0008211104533,48.49,38.75,381.55716451219513,763.1143290243903,429.1126868034836,1.1246353773161377,87.24000000000001,9.740000000000002,0.1788306953543497,-26.340273703484428,-13.080721504065025,26.519104398838778,2.027342479790209,-0.05961023178474534,5.870091234494794,2.905240501355024,0.0,-0.10000000000000142,0.10000000000000142,4.3736492450544,31.36051457498737,62.454432026092206,6.254307174554683
2024-10-29 16:22:08,596.65,89.92,596.2476309354527,147.73061583283996,48.49,38.75,371.9891233841463,743.9782467682926,448.51701510261273,1.205726150852296,87.24000000000001,9.740000000000002,0.13412302151573385,-19.270205277613343,-9.568041128048833,19.404328299129077,2.0280354161741254,-0.04470767383861585,7.070068425871085,3.512680376016192,0.0,0.0,0.0,4.263974313619578,24.688088430972492,49.36341907558888,6.853389667541288
2024-10-29 16:22:09,596.65,90.89,596.3482232015895,133.52046187462997,48.49,38.75,364.9343425381097,729.8686850762194,462.8277613269595,1.2682493975210827,87.24000000000001,9.740000000000002,0.10059226613680039,-14.210153958209986,-7.054780846036579,14.310746224346786,2.0285171868761123,-0.03353075537893346,5.060051319403357,2.5132602820122543,0.0,0.0,0.0,4.183107959135738,18.25459353672098,37.02762173915254,6.470997494352529
2024-10-29 16:22:10,595.67,90.89,596.1786674011921,122.86284640597248,48.49,38.75,359.5207569035823,719.0415138071646,473.3158209952196,1.3165187561218796,87.24000000000001,9.740000000000002,-0.1695558003973474,-10.657615468657497,-5.413585634527408,10.48805966826015,1.9373587930353182,-0.2701480665341478,3.5525384895524894,1.6411952115091708,0.0,0.0,0.0,4.121054020890971,13.94200642431494,28.14155718561715,4.329414659533074
2024-10-29 16:22:11,594.7,90.89,595.8090005508941,114.86963480447935,48.49,38.75,355.3393176776867,710.6786353553734,480.93936574641475,1.353465097912946,87.24000000000001,9.740000000000002,-0.3696668502980174,-7.99321160149313,-4.181439225895588,7.623544751195112,1.8231863519135416,-0.20011104990066997,2.664403867164367,1.2321464086318201,0.0,0.0,0.0,4.073123723115119,10.397466867890952,20.640119944881565,3.5474803597223183
2024-10-29 16:22:12,595.67,90.89,595.7742504131705,108.8747261033595,48.49,38.75,352.32448825826503,704.6489765165301,486.899524309811,1.3819633296988851,87.24000000000001,9.740000000000002,-0.03475013772356306,-5.99490870111984,-3.0148294194216874,5.960158563396277,1.976946539016138,0.3349167125744543,1.9983029003732895,1.1666098064739003,0.0,0.0,0.0,4.0385658438755065,7.835444306080325,15.231287485427265,2.563591790372019
2024-10-29 16:22:13,595.67,91.86,595.7481878098779,104.62104457751963,48.49,38.75,350.18461619369873,700.3692323873975,491.12714323235826,1.402480631982471,87.24000000000001,9.740000000000002,-0.02606260329264387,-4.25368152583988,-2.1398720645663047,4.2276189225472365,1.975640047324051,0.008687534430919186,1.7412271752799597,0.8749573548553826,0.0,0.0,0.0,4.014037278538073,5.893249102698336,11.259218648928703,1.9456501692936925
2024-10-29 16:22:14,595.67,91.86,595.7286408574084,101.43078343313972,48.49,38.75,348.5797121452741,697.1594242905481,494.2978574242687,1.4180339210339103,87.24000000000001,9.740000000000002,-0.01954695246945448,-3.190261144379903,-1.6049040484246575,3.1707141919104487,1.9756397395738508,0.0065156508231893895,1.0634203814599772,0.5349680161416472,0.0,0.0,0.0,3.9956408545349977,4.351271242630639,8.368242366477446,1.544386791783296
2024-10-29 16:22:15,596.65,92.83,595.9589806430563,99.28058757485479,48.49,38.75,347.6197841089555,695.239568217911,496.6783930682015,1.4287978255107836,87.24000000000001,9.740000000000002,0.23033978564785684,-2.150195858284931,-0.9599280363185585,2.380535643932788,2.4799079451356363,0.24988673811731132,1.040065286094972,0.644976012106099,0.0,0.0,0.0,3.984637553006854,3.0964156170849457,6.2460055361265026,1.2573017764891363
2024-10-29 16:22:16,596.65,90.89,596.1317354822922,97.18294068114109,48.49,38.75,346.65733808171666,693.3146761634333,498.94879480115117,1.4393140965163158,87.24000000000001,9.740000000000002,0.17275483923594948,-2.0976468937137014,-0.9624460272388546,2.270401732949651,2.35898877412834,-0.05758494641190737,0.05254896457122982,-0.0025179909202961426,0.0,0.0,0.0,3.973605388676195,2.2359817819375962,4.732442377615555,0.8683858783487098
