time,force_left_raw,force_right_raw,force_left,force_right,dis_left,dis_right,force_avg,force_sum,force_diff,force_diff_ratio,total_delta_dis,dis_diff,left_force_rate,right_force_rate,force_rate,force_rate_diff,force_rate_ratio,left_force_acc,right_force_acc,force_acc,left_dis_rate,right_dis_rate,dis_rate_diff,stiffness_ratio,force_std_5s,force_diff_std_5s,force_rate_std_5s
2025-06-11 18:45:20,328.99,446.74,328.99,446.74,0.46,8.63,387.865,775.73,117.75,0.30358500946570327,9.090000000000002,8.17,0.0,0.0,0.0,0.0,0.0,0.0,0.0,0.0,0.0,0.0,0.0,42.669412247589406,0.0,0.0,0.0
2025-06-11 18:45:21,350.11,449.97,334.27,447.5475,1.09,9.71,390.90875,781.8175,113.27750000000003,0.2897799031365252,10.8,8.620000000000001,5.279999999999973,0.8075000000000045,3.0437499999999886,4.472499999999968,1.4694040346927146,5.279999999999973,0.8075000000000045,3.0437499999999886,0.6300000000000001,1.08,0.44999999999999996,36.19525127821748,0.0,0.0,0.0
2025-06-11 18:45:22,371.21,449.97,343.505,448.153125,1.71,10.8,395.82906249999996,791.6581249999999,104.648125,0.26437706234777275,12.510000000000002,9.09,9.235000000000014,0.605624999999975,4.920312499999966,8.629375000000039,1.7538262551766464,3.955000000000041,-0.20187500000002956,1.8765624999999773,0.6199999999999999,1.0899999999999999,0.47,31.64100966099043,0.0,0.0,0.0
2025-06-11 18:45:23,400.4,475.81,357.72875,455.06734374999996,2.33,11.88,406.398046875,812.79609375,97.33859374999997,0.23951540677660785,14.21,9.55,14.223749999999995,6.914218749999975,10.568984375000014,7.3095312500000205,0.691601983601005,4.988749999999982,6.30859375,5.648671875000048,0.6200000000000001,1.08,0.45999999999999996,28.59943830229146,0.0,0.0,0.0
2025-06-11 18:45:24,432.79,488.71,376.4940625,463.4780078125,2.93,12.96,419.98603515624995,839.9720703124999,86.9839453125,0.2071115175842152,15.89,10.030000000000001,18.765312499999993,8.410664062500018,13.587988281249977,10.354648437499975,0.762044201182019,4.541562499999998,1.4964453125000432,3.0190039062499636,0.6000000000000001,1.08,0.48,26.430837553518717,13.109992220724243,12.343773956402298,5.555595501580546
2025-06-11 18:45:25,453.81,449.97,395.823046875,460.101005859375,3.55,13.24,427.9620263671875,855.924052734375,64.277958984375,0.15019547266801106,16.79,9.690000000000001,19.328984375000005,-3.3770019531249886,7.975991210937536,22.705986328124993,2.8467914370563334,0.5636718750000114,-11.787666015625007,-5.611997070312441,0.6199999999999997,0.27999999999999936,0.3400000000000003,25.489100707450078,15.690135105811233,18.883603746296412,4.23889362066637
2025-06-11 18:45:26,469.97,500.0,414.35978515625,470.07575439453126,4.15,14.05,442.2177697753906,884.4355395507812,55.715969238281275,0.1259921534600207,18.200000000000003,9.9,18.536738281249995,9.974748535156266,14.255743408203102,8.56198974609373,0.6005992742944348,-0.7922460937500091,13.351750488281255,6.279752197265566,0.6000000000000005,0.8100000000000005,0.20999999999999996,24.297678322951217,18.129376925353355,21.081723910394714,3.9008295657216125
2025-06-11 18:45:27,482.89,514.5,431.4923388671875,481.18181579589844,4.75,15.11,456.337077331543,912.674154663086,49.68947692871092,0.10888766065292195,19.86,10.36,17.132553710937543,11.106061401367185,14.119307556152421,6.026492309570358,0.42682630566525465,-1.4041845703124523,1.1313128662109193,-0.1364358520506812,0.5999999999999996,1.0599999999999987,0.4599999999999991,22.977696593849267,19.382449869778455,20.505707890805628,2.751835126885161
2025-06-11 18:45:28,490.97,470.97,446.36175415039065,478.6288618469238,5.35,15.18,462.49530799865727,924.9906159973145,32.267107696533174,0.0697674269743282,20.53,9.83,14.869415283203125,-2.5529539489746185,6.158230667114253,17.422369232177743,2.8291188402695906,-2.263138427734418,-13.659015350341804,-7.961076889038168,0.5999999999999996,0.07000000000000028,0.5299999999999994,22.527778152502634,18.07716444798849,20.09799813131786,3.8527325091523275
2025-06-11 18:45:29,471.59,520.95,452.66881561279297,489.20914638519287,5.81,16.21,470.9389809989929,941.8779619979858,36.5403307723999,0.07759037193586586,22.02,10.400000000000002,6.3070614624023165,10.58028453826904,8.44367300033565,4.273223075866724,0.5060857484190954,-8.562353820800809,13.13323848724366,2.285442333221397,0.45999999999999996,1.0300000000000011,0.5700000000000012,21.3868737335204,17.037916968961458,13.283023664800073,3.7475452785118595
2025-06-11 18:45:30,502.26,490.33,465.0666117095947,489.4893597888946,5.98,16.98,477.27798574924464,954.5559714984893,24.42274807929988,0.05117090827013411,22.96,11.0,12.397796096801756,0.28021340370173675,6.339004750251718,12.117582693100019,1.9115904245107898,6.090734634399439,-10.300071134567304,-2.1046682500839324,0.17000000000000082,0.7699999999999996,0.5999999999999988,20.78736781192843,13.572632975964545,12.795732341052659,4.048786730024953
2025-06-11 18:45:31,532.89,532.22,482.02245878219605,500.172019841671,6.58,17.41,491.09723931193355,982.1944786238671,18.149561059474934,0.03695716361172536,23.990000000000002,10.83,16.95584707260133,10.682660052776384,13.819253562688914,6.273187019824945,0.4539453985283795,4.558050975799574,10.402446649074648,7.480248812437196,0.5999999999999996,0.4299999999999997,0.16999999999999993,20.47091366573655,13.496913870312994,12.06880587867801,3.933462417833825
2025-06-11 18:45:32,518.39,493.55,491.11434408664707,498.5165148812532,6.9,17.51,494.81542948395014,989.6308589679003,7.40217079460615,0.014959458292087856,24.410000000000004,10.610000000000001,9.091885304451012,-1.6555049604177725,3.718190172016591,10.747390264868784,2.890488887649058,-7.863961768150318,-12.338165013194157,-10.101063390672323,0.3200000000000003,0.10000000000000142,0.21999999999999886,20.27101225780163,13.567361008152336,11.567222085037724,3.810590184667519
2025-06-11 18:45:33,516.78,503.22,497.53075806498526,499.6923861609399,6.9,18.04,498.61157211296256,997.2231442259251,2.1616280959546543,0.004335294671278977,24.939999999999998,11.139999999999999,6.416413978338198,1.175871279686703,3.7961426290124223,5.240542698651495,1.3804911538647018,-2.675471326112813,2.8313762401044755,0.0779524569958312,0.0,0.5299999999999976,0.5299999999999976,19.992443950301467,11.875925004029062,13.673291229063107,4.177591838919767
2025-06-11 18:45:34,516.78,500.0,502.3430685487389,499.76928962070497,6.9,18.04,501.056179084722,1002.112358169444,2.57377892803396,0.005136707280207117,24.939999999999998,11.139999999999999,4.812310483753663,0.07690345976504886,2.4446069717594128,4.735407023988614,1.937082378317079,-1.6041034945845354,-1.0989678199216542,-1.3515356572530095,0.0,0.0,0.0,20.09046347210339,9.348428910514842,9.916299091483799,4.581412620798757
2025-06-11 18:45:35,510.33,498.39,504.33980141155416,499.4244672155287,6.9,18.04,501.8821343135414,1003.7642686270829,4.915334196025469,0.009793801871339188,24.939999999999998,11.139999999999999,1.9967328628152359,-0.3448224051762736,0.8259552288194527,2.3415552679915095,2.8349629027416103,-2.815577620938427,-0.42172586494132247,-1.61865174293996,0.0,0.0,0.0,20.12358116238814,4.507967564078764,6.553879791235743,5.118419824920766
2025-06-11 18:45:36,515.16,496.78,507.0448510586656,498.7633504116465,6.9,18.04,502.904100735156,1005.808201470312,8.281500647019072,0.016467355542429743,24.939999999999998,11.139999999999999,2.705049647111423,-0.6611168038821802,1.021966421614593,3.366166450993603,3.2938099393378324,0.708316784296187,-0.3162943987059066,0.19601119279514023,0.0,0.0,0.0,20.16455816241371,3.2323558618875072,2.7598177798214456,1.4193275110899344
2025-06-11 18:45:37,507.1,496.78,507.05863829399914,498.26751280873486,6.9,18.04,502.663075551367,1005.326151102734,8.791125485264274,0.017489101339166917,24.939999999999998,11.139999999999999,0.013787235333552417,-0.49583760291164936,-0.24102518378902005,0.5096248382452018,2.114396163245471,-2.6912624117778705,0.16527920097053084,-1.262991605403613,0.0,0.0,0.0,20.154893961366202,1.7306743321846088,3.1022956012159715,1.569586163008731
2025-06-11 18:45:38,511.94,496.78,508.27897872049937,497.89563460655114,6.9,18.04,503.0873066635253,1006.1746133270506,10.383344113948226,0.02063924880588085,24.939999999999998,11.139999999999999,1.2203404265002291,-0.3718782021837228,0.4242311121582816,1.592218628683952,3.753177996317952,1.2065531911666767,0.12395940072792655,0.6652562959473016,0.0,0.0,0.0,20.171904029335256,0.8421094503365171,3.171515928171742,0.9917592797171199
2025-06-11 18:45:39,513.55,496.78,509.59673404037454,497.61672595491336,6.9,18.04,503.6067299976439,1007.2134599952878,11.98000808546118,0.023788419312285217,24.939999999999998,11.139999999999999,1.3177553198751752,-0.2789086516377779,0.5194233341186418,1.5966639715129531,3.073910609563892,0.09741489337494613,0.09296955054594491,0.09519222196036026,0.0,0.0,0.0,20.192730946468043,0.6327146684330068,2.643591054463737,0.48306862628695374
2025-06-11 18:45:40,510.33,495.16,509.7800505302809,497.00254446618504,6.9,18.04,503.391297498233,1006.782594996466,12.77750606409586,0.025382850482745706,24.939999999999998,11.139999999999999,0.1833164899063604,-0.6141814887283203,-0.21543249941095155,0.7974979786346807,3.7018290136642507,-1.1344388299688148,-0.33527283709054245,-0.7348558335295934,0.0,0.0,0.0,20.184092915562953,0.37630381752041736,1.9504255720718329,0.5345974188291237
2025-06-11 18:45:41,507.1,496.78,509.11003789771064,496.94690834963876,6.9,18.04,503.0284731236747,1006.0569462473494,12.163129548071879,0.024179803279051455,24.939999999999998,11.139999999999999,-0.6700126325702627,-0.055636116546281755,-0.3628243745582722,0.6143765160239809,1.6933118770206297,-0.8533291224766231,0.5585453721820386,-0.14739187514732066,0.0,0.0,0.0,20.169545026228135,0.3614128148023794,1.619594893648265,0.41316605806304085
2025-06-11 18:45:42,510.33,490.33,509.41502842328293,495.29268126222905,6.9,18.04,502.353854842756,1004.707709685512,14.12234716105388,0.028112349485925673,24.939999999999998,11.139999999999999,0.30499052557229334,-1.6542270874097085,-0.6746182809187076,1.9592176129820018,2.9041826529385686,0.975003158142556,-1.5985909708634267,-0.31179390636043536,0.0,0.0,0.0,20.142495376915022,0.4752447227113113,1.354859221553125,0.5157062295408548
2025-06-11 18:45:43,507.1,495.16,508.8362713174622,495.2595109466718,6.9,18.04,502.047891132067,1004.095782264134,13.576760370790396,0.027042759433036204,24.939999999999998,11.139999999999999,-0.5787571058207277,-0.0331703155572427,-0.3059637106890136,0.545586790263485,1.783169010030135,-0.883747631393021,1.6210567718524658,0.36865457022969395,0.0,0.0,0.0,20.130227385799504,0.6672106508029507,0.9156469106983468,0.441729548593918
2025-06-11 18:45:44,510.33,493.55,509.20970348809664,494.83213321000386,6.9,18.04,502.02091834905025,1004.0418366981005,14.377570278092776,0.028639384782481927,24.939999999999998,11.139999999999999,0.37343217063443035,-0.42737773666794965,-0.026972783016731228,0.80080990730238,29.688453666497416,0.952189276455158,-0.39420742111070695,0.2789909276722824,0.0,0.0,0.0,20.12914587890555,0.6134987363672174,0.9254675254354415,0.23693043274606918
2025-06-11 18:45:45,510.33,491.94,509.48977761607244,494.1090999075029,6.9,18.04,501.79943876178766,1003.5988775235753,15.380677708569522,0.030651045995330285,24.939999999999998,11.139999999999999,0.28007412797580855,-0.7230333025009372,-0.22147958726259276,1.0031074304767458,4.529098657696069,-0.0933580426586218,-0.2956555658329876,-0.19450680424586153,0.0,0.0,0.0,20.12026538257908,0.47779127056407755,1.181970558179655,0.2362959136443854
2025-06-11 18:45:46,508.71,493.55,509.29483321205436,493.9693249306272,6.9,18.04,501.63207907134074,1003.2641581426815,15.325508281427176,0.03055129225237673,24.939999999999998,11.139999999999999,-0.19494440401808788,-0.13977497687574214,-0.167359690446915,0.05516942714234574,0.32964387870905015,-0.47501853199389643,0.5832583256251951,0.05411989681567775,0.0,0.0,0.0,20.11355489004755,0.27353356235449616,0.7827893841451271,0.2431719309016513
2025-06-11 18:45:47,505.49,493.55,508.3436249090408,493.8644936979704,6.9,18.04,501.10405930350555,1002.2081186070111,14.47913121107041,0.028894459969653372,24.939999999999998,11.139999999999999,-0.9512083030135727,-0.1048312326568066,-0.5280197678351897,0.8463770703567661,1.602923827838803,-0.7562638989954849,0.034943744218935535,-0.36066007738827466,0.0,0.0,0.0,20.0923832883369,0.3845400326869819,0.7488363023354889,0.1856144485765024
2025-06-11 18:45:48,508.71,490.33,508.4352186817806,492.98087027347776,6.9,18.04,500.7080444776292,1001.4160889552584,15.454348408302849,0.030864989184587258,24.939999999999998,11.139999999999999,0.09159377273982727,-0.8836234244926118,-0.39601482587636383,0.975217197232439,2.462571274959355,1.0428020757534,-0.7787921918358052,0.13200494195882584,0.0,0.0,0.0,20.076504587053915,0.5365022549556727,0.5281967611677093,0.19645916283108575
2025-06-11 18:45:49,508.71,490.33,508.5039140113355,492.31815270510833,6.9,18.04,500.4110333582219,1000.8220667164438,16.185761306227164,0.03234493285501874,24.939999999999998,11.139999999999999,0.06869532955488467,-0.6627175683694304,-0.29701111940727287,0.7314128979243151,2.4625692021724457,-0.022898443184942607,0.22090585612318137,0.09900370646909096,0.0,0.0,0.0,20.064595561091675,0.5907325389884521,0.6058467465024387,0.14367042093957427
2025-06-11 18:45:50,508.71,493.55,508.55543550850166,492.62611452883124,6.9,18.04,500.5907750186665,1001.181550037333,15.929320979670422,0.031821043740279456,24.939999999999998,11.139999999999999,0.0515214971661635,0.3079618237229056,0.17974166044456297,0.2564403265567421,1.4267081944958446,-0.017173832388721166,0.970679392092336,0.47675277985183584,0.0,0.0,0.0,20.071802523931996,0.4869681624576536,0.6569090349903541,0.27018093210333494
2025-06-11 18:45:51,505.49,490.33,507.78907663137625,492.0520858966234,6.9,18.04,499.9205812639998,999.8411625279996,15.736990734752851,0.03147898144838215,24.939999999999998,11.139999999999999,-0.7663588771254126,-0.5740286322078418,-0.6701937546666841,0.19233024491757078,0.2869766490685602,-0.8178803742915761,-0.8819904559307474,-0.849935415111247,0.0,0.0,0.0,20.044930281438234,0.432739515415476,0.6592986370088283,0.3238325211344643
2025-06-11 18:45:52,508.71,490.33,508.0193074735322,491.62156442246754,6.9,18.04,499.82043594799984,999.6408718959997,16.39774305106465,0.03280726804848645,24.939999999999998,11.139999999999999,0.23023084215594736,-0.43052147415585296,-0.1001453159999528,0.6607523163118003,6.597869424493974,0.99658971928136,0.14350715805198888,0.5700484386667313,0.0,0.0,0.0,20.040914831879913,0.39901012548435,0.3698337882148856,0.3189832994123055
2025-06-11 18:45:53,507.1,493.55,507.78948060514915,492.10367331685063,6.9,18.04,499.9465769609999,999.8931539219998,15.68580728829852,0.03137496680599772,24.939999999999998,11.139999999999999,-0.2298268683830429,0.4821088943830887,0.12614101300005132,0.7119357627661316,5.643922637938575,-0.46005771053899025,0.9126303685389416,0.22628632900000412,0.0,0.0,0.0,20.045972610867175,0.34070257357989736,0.30197863534015784,0.34628616130530876
2025-06-11 18:45:54,634.16,491.94,539.3821104538619,492.06275498763796,7.38,18.04,515.7224327207499,1031.4448654414998,47.3193554662239,0.09175353324235276,25.419999999999998,10.66,31.592629848712704,-0.04091832921267269,15.775855759750016,31.633548177925377,2.0051873352852785,31.822456717095747,-0.5230272235957614,15.649714746749964,0.47999999999999954,0.0,0.47999999999999954,20.288057137399402,7.006785604301618,14.037217115144454,7.115076286264334
2025-06-11 18:45:55,696.63,491.94,578.6940828403964,492.03206624072845,7.96,18.04,535.3630745405624,1070.7261490811247,86.66201659966794,0.16187522180562094,26.0,10.079999999999998,39.311972386534535,-0.030688746909504516,19.64064181981246,39.34266113344404,2.003124922864399,7.719342537821831,0.010229582303168172,3.8647860600624426,0.5800000000000001,0.0,0.5800000000000001,20.59088669037214,15.670049221154107,31.231485729255077,9.915706903024958
2025-06-11 18:45:56,709.42,491.94,611.3755621302973,492.00904968054635,8.54,18.04,551.6923059054218,1103.3846118108436,119.36651244975099,0.21636428667875976,26.58,9.5,32.68147928990095,-0.023016560182099965,16.329231364859425,32.70449585008305,2.002818939637558,-6.630493096633586,0.007672186727404551,-3.311410454953034,0.5799999999999992,0.0,0.5799999999999992,20.755917424736808,22.730943929635444,45.32797299696238,9.555625034289301
2025-06-11 18:45:57,703.02,488.71,634.286671597723,491.18428726040975,9.09,18.04,562.7354794290663,1125.4709588581327,143.1023843373132,0.25429778166502415,27.13,8.95,22.911109467425604,-0.8247624201366079,11.043173523644555,23.73587188756221,2.149370349688969,-9.770369822475345,-0.801745859954508,-5.28605784121487,0.5500000000000007,0.0,0.5500000000000007,20.74218424942433,25.64266936136316,51.84327034236045,7.608930391278718
2025-06-11 18:45:58,696.63,493.55,649.8725036982922,491.7757154453073,9.67,18.04,570.8241095717998,1141.6482191435996,158.09678825298494,0.27696235201876446,27.71,8.37,15.585832100569291,0.591428184897552,8.08863014273345,14.99440391567174,1.853762849495517,-7.325277366856312,1.41619060503416,-2.9545433809111046,0.5800000000000001,0.0,0.5800000000000001,20.59993103471197,22.082559660321586,44.626757576698985,4.5806365898740555
2025-06-11 18:45:59,698.23,493.55,661.9618777737192,492.2192865839805,10.24,18.04,577.0905821788498,1154.1811643576996,169.74259118973868,0.29413509098472446,28.28,7.799999999999999,12.089374075426917,0.4435711386731782,6.266472607049991,11.64580293675374,1.8584300624280654,-3.496458025142374,-0.1478570462243738,-1.8221575356834592,0.5700000000000003,0.0,0.5700000000000003,20.40631406550692,16.520254035090193,33.11475525939258,5.608808975021036
2025-06-11 18:46:00,696.63,488.71,670.6289083302894,491.3419649379854,10.82,18.04,580.9854366341374,1161.9708732682748,179.286943392304,0.30859111395698346,28.86,7.219999999999999,8.66703055657024,-0.8773216459950959,3.8948544552876,9.544352202565335,2.4505022874746376,-3.422343518856678,-1.320892784668274,-2.371618151762391,0.5800000000000001,0.0,0.5800000000000001,20.13116481299281,11.733253016348838,23.570352538075444,4.800520846473236
2025-06-11 18:46:01,699.83,493.55,677.929181247717,491.89397370348905,11.39,18.04,584.911577475603,1169.823154951206,186.03520754422794,0.3180569754304967,29.43,6.649999999999999,7.3002729174276055,0.5520087655036718,3.926140841465667,6.748264151923934,1.7188029430451601,-1.3667576391426337,1.4293304114987677,0.031286386178067005,0.5700000000000003,0.0,0.5700000000000003,19.874670662620876,8.743756670359577,17.109015374233756,3.0218690573209814
2025-06-11 18:46:02,693.43,493.55,681.8043859357878,492.30798027761676,11.95,18.04,587.0561831067023,1174.1123662134046,189.496405658171,0.32279091982740865,29.99,6.09,3.8752046880707667,0.41400657412771125,2.144605631099239,3.4611981139430554,1.6139081469541967,-3.425068229356839,-0.1380021913759606,-1.7815352103664281,0.5599999999999987,0.0,0.5599999999999987,19.5750638056565,6.46906928488406,12.766455891233313,2.322665359754293
2025-06-11 18:46:03,699.83,493.55,686.3107894518408,492.6184852082126,12.52,18.04,589.4646373300267,1178.9292746600534,193.69230424362826,0.3285902014281385,30.56,5.52,4.506403516053069,0.31050493059581186,2.4084542233243837,4.1958985854572575,1.7421534537252765,0.6311988279823026,-0.10350164353189939,0.2638485922251448,0.5700000000000003,0.0,0.5700000000000003,19.2887636793607,4.919674936294334,9.39640661456429,1.640067232429256
2025-06-11 18:46:04,704.62,606.14,690.8880920888806,520.9988639061594,13.1,18.52,605.94347799752,1211.88695599504,169.88922818272124,0.280371410983394,31.619999999999997,5.42,4.577302637039793,28.38037869794681,16.478840667493273,23.803076060907017,1.4444629386701238,0.07089912098672357,28.069873767350998,14.07038644416889,0.5800000000000001,0.4800000000000004,0.09999999999999964,19.163297243334053,9.61463076377911,9.342217982053848,6.042324232315603
2025-06-11 18:46:05,714.21,667.03,696.7185690666605,557.5066479296195,13.68,19.58,627.1126084981399,1254.2252169962799,139.21192113704103,0.2219887130773025,33.26,5.899999999999999,5.830476977779881,36.50778402346009,21.169130500619985,30.67730704568021,1.4491528405301726,1.2531743407400882,8.12740532551328,4.690289833126712,0.5800000000000001,1.0599999999999987,0.47999999999999865,18.854858377729453,17.822316530728628,22.282387573805128,8.943652022922183
2025-06-11 18:46:06,720.61,683.02,702.6914267999954,588.8849859472145,14.23,20.62,645.7882063736049,1291.5764127472098,113.80644085278084,0.17622873808059633,34.85,6.390000000000001,5.972857733334877,31.37833801759507,18.675597875464973,25.405480284260193,1.3603569263653754,0.14238075555499563,-5.12944600586502,-2.4935326251550123,0.5500000000000007,1.0400000000000027,0.490000000000002,18.53050754212618,25.16175382038224,34.13781737541033,9.187891865993608
2025-06-11 18:46:07,720.61,692.62,707.1710700999965,614.8187394604109,14.81,21.66,660.9949047802038,1321.9898095604076,92.3523306395856,0.13971715943949334,36.47,6.85,4.4796433000011575,25.933753513196393,15.206698406598889,21.454110213195236,1.4108327941226555,-1.4932144333337192,-5.4445845043986765,-3.468899468866084,0.5800000000000001,1.0399999999999991,0.4599999999999991,18.124345671945658,28.958825256064586,40.979339410951425,7.282163956129101
2025-06-11 18:46:08,730.19,657.43,712.9258025749974,625.4715545953081,15.36,22.14,669.1986785851527,1338.3973571703054,87.45424797968928,0.13068502770194287,37.5,6.780000000000001,5.754732475000878,10.652815134897196,8.203773804948923,4.898082659896318,0.5970523053535736,1.2750891749997209,-15.280938378299197,-7.0029246016499656,0.5499999999999989,0.4800000000000004,0.06999999999999851,17.84529761972947,25.673172282234713,34.34581281079943,4.886316250514703
2025-06-11 18:46:09,731.79,657.43,717.6418519312481,633.4611659464811,15.94,22.14,675.5515089388646,1351.1030178777291,84.18068598476702,0.12461031430806087,38.08,6.200000000000001,4.7160493562506645,7.989611351172925,6.352830353711852,3.273561994922261,0.5152918144143043,-1.038683118750214,-2.6632037837242706,-1.8509434512370717,0.5800000000000001,0.0,0.5800000000000001,17.740322773070954,19.492377326266897,23.111078173804493,6.4567500034301135
2025-06-11 18:46:10,742.96,654.22,723.971388948436,638.6508744598608,16.51,22.14,681.3111317041485,1362.622263408297,85.32051448857521,0.12522988454619113,38.650000000000006,5.629999999999999,6.329537017187931,5.189708513379742,5.759622765283893,1.1398285038081895,0.19789981954698163,1.6134876609372668,-2.7999028377931836,-0.5932075884279584,0.5700000000000021,0.0,0.5700000000000021,17.627713171447226,13.854990478861527,12.24873856942126,5.774064024520884
2025-06-11 18:46:11,750.94,659.03,730.713541711327,643.7456558448955,17.07,22.14,687.2295987781113,1374.4591975562225,86.96788586643152,0.1265485158009946,39.21,5.07,6.74215276289101,5.0947813850347075,5.918467073962802,1.6473713778563024,0.27834421969827056,0.4126157457030786,-0.09492712834503436,0.15884430867890842,0.5599999999999987,0.0,0.5599999999999987,17.526895721785657,10.239551311280668,3.1344279662382752,3.9883499280457078
2025-06-11 18:46:12,760.51,655.83,738.1626562834954,646.7667418836717,17.62,22.14,692.4646990835836,1384.9293981671672,91.39591439982371,0.13198638773758695,39.760000000000005,4.52,7.449114572168355,3.0210860387761613,5.235100305472315,4.428028533392194,0.8458343544877578,0.7069618092773453,-2.073695346258546,-0.6833667684904867,0.5500000000000007,0.0,0.5500000000000007,17.416113724030932,9.208516160228704,2.751374888390934,1.1400163988641203
2025-06-11 18:46:13,752.54,651.02,741.7569922126215,647.8300564127537,18.2,22.14,694.7935243126876,1389.5870486253752,93.9269357998678,0.13518683231481834,40.34,3.9400000000000013,3.594335929126146,1.0633145290820494,2.3288252291040408,2.5310214000440965,1.0868227815425477,-3.8547786430422093,-1.957771509694112,-2.9062750763682743,0.5799999999999983,0.0,0.5799999999999983,17.223438450402806,7.9281463568104895,4.148814801001576,1.6101581443919146
2025-06-11 18:46:14,762.11,655.83,746.8452441594662,649.8300423095653,18.75,22.14,698.3376432345158,1396.6752864690316,97.0152018499009,0.13892305914031644,40.89,3.3900000000000006,5.088251946844707,1.9999858968116087,3.544118921828158,3.0882660500330985,0.8713774133354051,1.4939160177185613,0.9366713677295593,1.2152936927241171,0.5500000000000007,0.0,0.5500000000000007,17.07844524715262,6.676791513749354,4.832001324064186,1.56128190633499
2025-06-11 18:46:15,741.37,722.96,745.4764331195996,668.112531732174,19.21,22.44,706.7944824258868,1413.5889648517737,77.36390138742559,0.10945742107725126,41.650000000000006,3.2300000000000004,-1.368811039866614,18.282489422608705,8.456839191371046,19.65130046247532,2.3237166622264622,-6.457062986711321,16.282503525797097,4.912720269542888,0.46000000000000085,0.3000000000000007,0.16000000000000014,16.969855112989954,7.294354196073511,7.635921178802498,2.3482243238772305
2025-06-11 18:46:16,731.79,740.51,742.0548248396997,686.2118987991305,19.21,23.48,714.1333618194151,1428.2667236388302,55.84292604056918,0.07819677520750468,42.69,4.27,-3.4216082798999423,18.09936706695646,7.338879393528259,21.520975346856403,2.9324602926945813,-2.0527972400333283,-0.18312235565224455,-1.1179597978427864,0.0,1.0399999999999991,1.0399999999999991,16.72835195809471,9.000787827101206,16.996529663116196,2.54976801851983
2025-06-11 18:46:17,728.59,769.2,738.6886186297747,706.9589240993478,19.21,24.49,722.8237713645613,1445.6475427291225,31.72969453042697,0.04389686081661392,43.7,5.279999999999998,-3.3662062099249397,20.747025300217274,8.690409545146167,24.113231510142214,2.774694174098612,0.05540206997500263,2.647658233260813,1.351530151617908,0.0,1.009999999999998,1.009999999999998,16.540589355239632,11.45255787446069,27.453022272033653,2.9389645222117413
2025-06-11 18:46:18,728.59,777.17,736.1639639723311,724.5116930745108,19.21,25.51,730.337828523421,1460.675657046842,11.652270897820244,0.015954631441484946,44.72,6.300000000000001,-2.524654657443648,17.552768975163076,7.514057158859714,20.077423632606724,2.6719813991503023,0.8415515524812918,-3.194256325054198,-1.1763523862864531,0.0,1.0200000000000031,1.0200000000000031,16.331346426477516,12.657528586487839,34.22818562556105,2.0762237040761473
2025-06-11 18:46:19,773.27,753.27,745.4404729792483,731.7012698058832,19.37,26.24,738.5708713925658,1477.1417427851316,13.739203173365127,0.01860241675772783,45.61,6.869999999999997,9.276509006917195,7.189576731372313,8.23304286914481,2.086932275544882,0.2534824675678131,11.801163664360843,-10.363192243790763,0.7189857102850965,0.16000000000000014,0.7299999999999969,0.5699999999999967,16.193178145130183,12.614159382186939,28.239914341389404,0.5920342456472296
2025-06-11 18:46:20,789.2,745.3,756.3803547344362,735.1009523544124,19.93,26.24,745.7406535444243,1491.4813070888486,21.27940238002384,0.02853458806402811,46.17,6.309999999999999,10.939881755187912,3.3996825485291993,7.169782151858499,7.540199206658713,1.051663494830272,1.6633727482707172,-3.7898941828431134,-1.0632607172863118,0.5599999999999987,0.0,0.5599999999999987,16.152060588961742,12.490741003419744,18.015942188675293,0.6464027059691676
2025-06-11 18:46:21,795.57,745.3,766.1777660508272,737.6507142658093,20.48,26.24,751.9142401583183,1503.8284803166366,28.52705178501799,0.03793923591747947,46.72,5.759999999999998,9.797411316391049,2.5497619113968994,6.173586613894031,7.247649404994149,1.1739769252942773,-1.1424704387968632,-0.8499206371322998,-0.9961955379644678,0.5500000000000007,0.0,0.5500000000000007,16.094054453430306,11.64904946361717,8.820671502215342,0.9756103354713006
2025-06-11 18:46:22,798.76,745.3,774.3233245381205,739.563035699357,21.03,26.24,756.9431801187387,1513.8863602374774,34.76028883876347,0.04592192611787431,47.269999999999996,5.209999999999997,8.145558487293215,1.9123214335477314,5.028939960420416,6.2332370537454835,1.2394731023496424,-1.6518528290978338,-0.637440477849168,-1.1446466534736146,0.5500000000000007,0.0,0.5500000000000007,16.01318307817973,10.569553657948383,9.762972777328866,1.2476401759654372
2025-06-11 18:46:23,814.67,740.51,784.4099934035903,739.7997767745178,21.56,26.24,762.104885089054,1524.209770178108,44.61021662907251,0.058535534207111335,47.8,4.68,10.086668865469846,0.23674107516080767,5.161704970315327,9.849927790309039,1.9082698330659291,1.9411103781766315,-1.6755803583869238,0.1327650098949107,0.5299999999999976,0.0,0.5299999999999976,15.94361650931878,9.241275132579588,11.923868317686264,1.3607168539782022
2025-06-11 18:46:24,824.22,742.11,794.3624950526928,740.3773325808884,22.12,26.24,767.3699138167906,1534.7398276335812,53.985162471804415,0.07035089782571599,48.36,4.119999999999997,9.952501649102487,0.577555806370583,5.265028727736535,9.374945842731904,1.780606440519044,-0.1341672163673593,0.34081473120977535,0.10332375742120803,0.5600000000000023,0.0,0.5600000000000023,15.867863894725533,8.456715018496238,12.939087384473837,0.9077364297914986
2025-06-11 18:46:25,835.35,742.11,804.6093712895196,740.8104994356663,22.67,26.24,772.7099353625929,1545.4198707251858,63.79887185385326,0.0825650983008917,48.91,3.5699999999999967,10.246876236826779,0.43316685477793726,5.340021545802301,9.813709382048842,1.8377655333615075,0.2943745877242918,-0.14438895159264575,0.07499281806576619,0.5500000000000007,0.0,0.5500000000000007,15.798608046697709,8.225364010608208,14.233757873816176,0.45125720529057545
2025-06-11 18:46:26,813.08,737.32,806.7270284671397,739.9378745767498,23.15,26.24,773.3324515219447,1546.6649030438894,66.78915389038991,0.08636538357155606,49.39,3.09,2.117657177620117,-0.872624858916538,0.6225161593517896,2.990282036536655,4.803533511671157,-8.129219059206662,-1.3057917136944752,-4.717505386450512,0.4799999999999969,0.0,0.4799999999999969,15.657672319584377,7.011632623829104,13.328346813037754,2.049961201149575
2025-06-11 18:46:27,806.72,808.99,806.7252713503549,757.2009059325624,23.15,26.71,781.9630886414586,1563.9261772829173,49.524365417792524,0.0633333798920102,49.86,3.5600000000000023,-0.0017571167848018376,17.263031355812586,8.630637119513949,17.264788472597388,2.0004069494654804,-2.119414294404919,18.135656214729124,8.00812096016216,0.0,0.4700000000000024,0.4700000000000024,15.683174347338234,7.409854322641983,9.38902086307044,2.8528851525444168
2025-06-11 18:46:28,808.31,831.24,807.1214535127662,775.7106794494218,23.15,27.72,791.416066481094,1582.832132962188,31.41077406334432,0.039689330750281596,50.87,4.57,0.39618216241126447,18.509773516859468,9.452977839635423,18.113591354448204,1.916178134081891,0.3979392791960663,1.2467421610468818,0.8223407201214741,0.0,1.009999999999998,1.009999999999998,15.55761845731228,9.439378755825095,14.016507913066096,3.487172930474412
2025-06-11 18:46:29,800.35,861.4,805.4285901345746,797.1330095870663,23.15,28.71,801.2807998608205,1602.561599721641,8.29558054750828,0.010352900679257872,51.86,5.560000000000002,-1.6928633781915323,21.422330137644508,9.864733379726431,23.11519351583604,2.343214994550829,-2.089045540602797,2.9125566207850397,0.4117555400910078,0.0,0.990000000000002,0.990000000000002,15.45084428094825,12.236590487059528,24.367740367641897,3.875350622798856
2025-06-11 18:46:30,838.53,875.67,813.703942600931,816.7672571902998,23.32,29.73,815.2355998956155,1630.471199791231,3.063314589368815,0.003757581962813531,53.05,6.41,8.275352466356367,19.63424760323346,13.954800034794971,11.358895136877095,0.8139775772191068,9.968215844547899,-1.7880825344110463,4.09006665506854,0.1700000000000017,1.0199999999999996,0.8499999999999979,15.367306023153809,16.382157043977333,27.003698609548586,4.86305442502941
2025-06-11 18:46:31,862.35,845.53,825.8654569506982,823.9579428927248,23.82,30.26,824.9116999217115,1649.823399843423,1.907514057973458,0.002312385744852577,54.08,6.440000000000001,12.16151434976723,7.1906857024249575,9.676100026096037,4.970828647342273,0.5137222765591386,3.886161883410864,-12.443561900808504,-4.278700008698934,0.5,0.5300000000000011,0.030000000000001137,15.253544465017882,17.389076114887885,20.894690147724855,2.088015469747491
2025-06-11 18:46:32,881.4,834.41,839.7490927130237,826.5709571695436,24.35,30.26,833.1600249412836,1666.3200498825672,13.178135543480153,0.0158170521066368,54.61,5.91,13.883635762325525,2.6130142768188307,8.248325019572121,11.270621485506695,1.366413192054132,1.7221214125582947,-4.577671425606127,-1.427775006523916,0.5300000000000011,0.0,0.5300000000000011,15.25654659741324,17.002332675604602,11.965487492233763,2.1705252098679226
2025-06-11 18:46:33,881.4,834.41,850.1618195347678,828.5307178771577,24.88,30.26,839.3462687059628,1678.6925374119255,21.63110165761009,0.025771368073379097,55.14,5.380000000000003,10.412726821744059,1.959760707614123,6.186243764679148,8.452966114129936,1.3664131368342896,-3.4709089405814666,-0.6532535692047077,-2.0620812548929734,0.5299999999999976,0.0,0.5299999999999976,15.222093824517028,15.048784536918054,8.080121020470436,2.8513128932295193
2025-06-11 18:46:34,897.25,834.41,861.9338646510759,830.0005384078682,25.41,30.26,845.967201529472,1691.934403058944,31.933326243207603,0.03774771190623681,55.67,4.850000000000001,11.77204511630805,1.4698205307105354,6.620932823509293,10.302224585597514,1.5560077868497753,1.359318294563991,-0.4899401769035876,0.43468905883014486,0.5300000000000011,0.0,0.5300000000000011,15.196105376924137,12.055130732373192,12.705958497653453,3.1276862816493494
2025-06-11 18:46:35,906.76,828.06,873.1403984883068,829.5154038059012,25.92,30.26,851.3279011471041,1702.6558022942081,43.6249946824056,0.05124346867097923,56.18000000000001,4.34,11.20653383723095,-0.4851346019670473,5.360699617632008,11.691668439197997,2.1809963422957535,-0.5655112790771,-1.9549551326775827,-1.2602332058772845,0.5100000000000016,0.0,0.5100000000000016,15.153575756381777,10.406824574409038,16.178268946227067,1.7302022409106046
2025-06-11 18:46:36,914.68,834.41,883.5252988662301,830.7390528544258,26.45,30.26,857.132175860328,1714.264351720656,52.786246011804224,0.061584721046361895,56.71,3.8100000000000023,10.384900377923259,1.223649048524635,5.80427471322389,9.161251329398624,1.5783625351439683,-0.8216334593076908,1.7087836504916822,0.443575095591882,0.5299999999999976,0.0,0.5299999999999976,15.11430366330496,9.48115828220406,16.02342276454021,1.110869073384845
2025-06-11 18:46:37,935.26,834.41,896.4589741496725,831.6567896408194,26.96,30.26,864.0578818952459,1728.1157637904919,64.80218450885309,0.0749975039770679,57.22,3.3000000000000007,12.933675283442426,0.9177367863935615,6.925706034917994,12.015938497048865,1.734976434386694,2.548774905519167,-0.3059122621310735,1.1214313216941036,0.5100000000000016,0.0,0.5100000000000016,15.100626822695197,9.588463052791658,16.96015693672025,0.625091977052269
2025-06-11 18:46:38,914.68,834.41,901.0142306122543,832.3450922306145,27.35,30.26,866.6796614214344,1733.3593228428688,68.66913838163987,0.07923243311119559,57.61,2.91,4.555256462581838,0.6883025897950574,2.6217795261884476,3.8669538727867803,1.474934241886589,-8.378418820860588,-0.22943419659850406,-4.303926508729546,0.39000000000000057,0.0,0.39000000000000057,15.04390984859442,8.622889985053074,15.120572938334538,1.7087800684167858
2025-06-11 18:46:39,903.59,886.76,901.6581729591908,845.9488191729608,27.35,30.4,873.8034960660758,1747.6069921321516,55.70935378622994,0.06375501353940825,57.75,3.049999999999997,0.6439423469364556,13.603726942346384,7.12383464464142,12.959784595409928,1.8192144291198429,-3.911314115645382,12.915424352551327,4.502055118452972,0.0,0.13999999999999702,0.13999999999999702,15.130796206671508,8.678201054336528,9.940888516791967,1.8057545958388688
2025-06-11 18:46:40,898.84,924.75,900.9536297193931,865.6491143797207,27.35,31.39,883.3013720495569,1766.6027440991138,35.304515339672434,0.03996882198630037,58.74,4.039999999999999,-0.7045432397976583,19.700295206759847,9.497875983481094,20.404838446557505,2.1483578363929148,-1.348485586734114,6.096568264413463,2.3740413388396746,0.0,0.990000000000002,0.990000000000002,15.037476285530824,9.97818169914956,12.992423605878804,2.50134148230461
2025-06-11 18:46:41,905.18,948.47,902.0102222895448,886.3543357847905,27.35,32.38,894.1822790371676,1788.3645580743353,15.655886504754335,0.017508607421859872,59.730000000000004,5.030000000000001,1.056592570151679,20.70522140506978,10.880906987610729,19.6486288349181,1.8057894485727217,1.7611358099493373,1.0049261983099314,1.3830310041296343,0.0,0.990000000000002,0.990000000000002,14.970404554943295,12.423696672785368,22.22765085110419,3.148408645568565
2025-06-11 18:46:42,944.75,945.31,912.6951667171586,901.0932518385929,27.54,33.37,906.8942092778757,1813.7884185557514,11.601914878565708,0.012793019017081209,60.91,5.829999999999998,10.6849444276138,14.738916053802427,12.711930240708057,4.053971626188627,0.31891075788754975,9.628351857462121,-5.966305351267351,1.831023253097328,0.18999999999999773,0.9899999999999949,0.7999999999999972,14.889085443913812,16.027699678219136,24.777658656896126,3.8996639187569166
2025-06-11 18:46:43,957.4,923.17,923.8713750378689,906.6124388789447,28.02,34.04,915.2419069584068,1830.4838139168137,17.258936158924257,0.018857239827908524,62.06,6.02,11.176208320710316,5.519187040351767,8.347697680531155,5.657021280358549,0.6776743503634225,0.49126389309651586,-9.21972901345066,-4.364232560176902,0.4800000000000004,0.6700000000000017,0.19000000000000128,14.747694041423022,16.863630499585177,18.397105222822866,2.1778253951102986
2025-06-11 18:46:44,970.05,918.43,935.4160312784018,909.5668291592084,28.55,34.04,922.4914302188051,1844.9828604376103,25.849202119193365,0.028021075583370064,62.59,5.489999999999998,11.544656240532845,2.9543902802637376,7.249523260398291,8.590265960269107,1.184942025395354,0.368447919822529,-2.5647967600880293,-1.0981744201328638,0.5300000000000011,0.0,0.5300000000000011,14.738639007511841,15.8162837280444,9.472633345286013,2.1408884354252744
2025-06-11 18:46:45,981.1,912.1,946.8370234588014,910.2001218694063,29.03,34.04,928.5185726641039,1857.0371453282078,36.63690158939505,0.03945737072853497,63.07,5.009999999999998,11.420992180399594,0.6332927101979067,6.02714244529875,10.787699470201687,1.789852783181431,-0.12366406013325104,-2.321097570065831,-1.222380815099541,0.4800000000000004,0.0,0.4800000000000004,14.722031995276232,13.474443466436693,9.976275476811155,2.7218721112016495
2025-06-11 18:46:46,987.42,913.68,956.982767594101,911.0700914020547,29.54,34.04,934.0264294980778,1868.0528589961557,45.91267619204632,0.049155649875521165,63.58,4.5,10.145744135299651,0.8699695326483834,5.50785683397396,9.275774602651268,1.684098406722805,-1.2752480450999428,0.23667682245047672,-0.5192856113247899,0.509999999999998,0.0,0.509999999999998,14.690569594330109,10.719446561542947,13.98974349763944,2.8716059218830083
2025-06-11 18:46:47,1001.62,907.35,968.1420756955757,910.140068551541,30.05,34.04,939.1410721235584,1878.2821442471168,58.00200714403468,0.06176069687924684,64.09,3.9899999999999984,11.159308101474721,-0.9300228505136374,5.114642625480542,12.089330951988359,2.363670245129252,1.0135639661750702,-1.7999923831620208,-0.3932142084934185,0.5100000000000016,0.0,0.5100000000000016,14.653472577158462,9.40420279245588,16.080598309889236,1.3313633554372764
2025-06-11 18:46:48,1007.93,912.1,978.0890567716817,910.6300514136558,30.56,34.04,944.3595540926688,1888.7191081853375,67.45900535802593,0.07143360279910152,64.6,3.4800000000000004,9.946981076105999,0.4899828621147435,5.218481969110371,9.456998213991255,1.812212144788019,-1.2123270253687224,1.420005712628381,0.10383934362982927,0.509999999999998,0.0,0.509999999999998,14.61856872250929,8.599663752630654,16.547563109791785,0.8722340259021201
2025-06-11 18:46:49,1018.97,910.51,988.3092925787614,910.600038560242,31.04,34.04,949.4546655695017,1898.9093311390034,77.70925401851946,0.08184619735378489,65.08,3.0,10.220235807079689,-0.030012853413836638,5.095111476832926,10.250248660493526,2.011780644117396,0.27325473097369013,-0.5199957155285801,-0.12337049227744501,0.4800000000000004,0.0,0.4800000000000004,14.589038890295987,8.25517136880517,16.40692616197585,0.39115375932368784
2025-06-11 18:46:50,1001.62,908.93,991.636969434071,910.1825289201814,31.5,34.04,950.9097491771263,1901.8194983542526,81.45444051388961,0.0856594860855271,65.53999999999999,2.539999999999999,3.327676855309619,-0.4175096400605298,1.4550836076246014,3.745186495370149,2.573861668074475,-6.89255895177007,-0.3874967866466932,-3.6400278692083248,0.46000000000000085,0.0,0.46000000000000085,14.508845509128486,7.067874479145957,14.538618996018867,1.698019603165218
2025-06-11 18:46:51,992.15,967.42,991.7652270755533,924.4918966901361,31.5,34.41,958.1285618828447,1916.2571237656894,67.27333038541724,0.07021326050754954,65.91,2.9099999999999966,0.12825764148226426,14.309367769954633,7.218812705718392,14.181110128472369,1.9644654518842597,-3.1994192138273547,14.726877410015163,5.7637290980937905,0.0,0.36999999999999744,0.36999999999999744,14.536922278044644,7.143336354060122,9.324155582790304,2.085560613871068
2025-06-11 18:46:52,992.15,1002.12,991.861420306665,943.898922517602,31.5,35.4,967.8801714121334,1935.760342824267,47.96249778906292,0.049554169158700354,66.9,3.8999999999999986,0.09619323111166977,19.407025827465986,9.751609529288771,19.310832596354317,1.9802711088957676,-0.03206441037059449,5.097658057511353,2.5327968235703793,0.0,0.990000000000002,0.990000000000002,14.467565873610875,9.12064586105629,13.008871747860045,3.054830725126363
2025-06-11 18:46:53,990.57,1022.6,991.5385652299988,963.5741918882015,31.5,36.37,977.5563785591002,1955.1127571182003,27.964373341797227,0.028606404629480078,67.87,4.869999999999997,-0.32285507666620106,19.675269370599494,9.676207146966703,19.998124447265695,2.066731527838692,-0.41904830777787083,0.26824354313350796,-0.07540238232206775,0.0,0.9699999999999989,0.9699999999999989,14.403364728977978,11.88038627983702,22.343216333533103,3.482302700027929
2025-06-11 18:46:54,1018.97,1039.91,998.396423922499,982.6581439161512,31.59,37.36,990.5272839193251,1981.0545678386502,15.73828000634785,0.015888789986870152,68.95,5.77,6.857858692500258,19.083952027949636,12.970905360224947,12.226093335449377,0.9425781819642516,7.180713769166459,-0.5913173426498588,3.2946982132582434,0.08999999999999986,0.990000000000002,0.9000000000000021,14.365877731014464,15.679085780937639,27.078018278896764,4.29545657031957
2025-06-11 18:46:55,1034.72,1000.54,1007.4773179418744,987.1286079371134,32.08,37.82,997.3029629394939,1994.6059258789878,20.34871000476096,0.020403739626302275,69.9,5.740000000000002,9.080894019375364,4.470464020962254,6.775679020168809,4.61042999841311,0.6804379759211602,2.223035326875106,-14.613488006987382,-6.195226340056138,0.48999999999999844,0.46000000000000085,0.029999999999997584,14.267567219913113,16.02053056958741,21.4539763154258,2.4759990635643976
2025-06-11 18:46:56,1042.6,989.51,1016.2579884564058,987.723955952835,32.56,37.82,1001.9909722046204,2003.981944409241,28.534032503570756,0.02847733489286007,70.38,5.259999999999998,8.78067051453138,0.5953480157215836,4.688009265126539,8.185322498809796,1.746012068211386,-0.3002235048439843,-3.8751160052406703,-2.0876697550422705,0.480000000000004,0.0,0.480000000000004,14.236870673028557,14.124965194573251,12.32497217295726,3.165134603525618
2025-06-11 18:46:57,1047.32,986.35,1024.0234913423044,987.3804669646262,33.07,37.82,1005.7019791534653,2011.4039583069307,36.643024377678216,0.03643527118449808,70.89,4.75,7.765502885898627,-0.3434889882088328,3.711006948844897,8.10899187410746,2.1851184330207367,-1.015167628632753,-0.9388370039304164,-0.9770023162816415,0.509999999999998,0.0,0.509999999999998,14.186795951003942,11.093435012496986,8.072715776466662,3.78927341581174
2025-06-11 18:46:58,1070.92,991.08,1035.7476185067283,988.3053502234696,33.55,37.82,1012.0264843650989,2024.0529687301978,47.44226828325861,0.04687848487101929,71.37,4.270000000000003,11.724127164423862,0.9248832588434652,6.32450521163355,10.799243905580397,1.7075236459908656,3.9586242785252352,1.268372247052298,2.613498262788653,0.4799999999999969,0.0,0.4799999999999969,14.179998181099911,8.165777369631021,12.715353790917892,3.6147248446176965
2025-06-11 18:46:59,1070.92,991.08,1044.5407138800463,988.9990126676022,34.04,37.82,1016.7698632738243,2033.5397265476486,55.54170121244408,0.05462563669912846,71.86,3.780000000000001,8.79309537331801,0.6936624441325421,4.74337890872539,8.099432929185468,1.7075235559957278,-2.931031791105852,-0.23122081471092315,-1.5811263029081601,0.490000000000002,0.0,0.490000000000002,14.149316018988426,7.765819218536222,14.137162874923247,1.2672060839625299
2025-06-11 18:47:00,1085.07,989.51,1054.6730354100346,989.1267595007016,34.52,37.82,1021.8998974553681,2043.7997949107362,65.54627590933296,0.06414158178155033,72.34,3.299999999999997,10.132321529988303,0.12774683309942247,5.130034181543806,10.00457469688888,1.9501961181245069,1.3392261566702928,-0.5659156110331196,0.38665527281841605,0.480000000000004,0.0,0.480000000000004,14.12634618923171,8.06360702595339,14.70582620160258,0.9438519847115214
2025-06-11 18:47:01,1086.64,980.04,1062.664776557526,986.8550696255262,35.01,37.82,1024.7599230915262,2049.5198461830523,75.80970693199981,0.07397801685034365,72.83,2.8100000000000023,7.991741147491439,-2.2716898751754115,2.8600256361580705,10.26343102266685,3.58857882402589,-2.1405803824968643,-2.399436708274834,-2.2700085453857355,0.4899999999999949,0.0,0.4899999999999949,14.07057406317386,7.643747948759143,15.260241962221004,1.330653473234134
2025-06-11 18:47:02,1072.49,1032.04,1065.1210824181444,998.1513022191447,35.4,37.94,1031.6361923186446,2063.272384637289,66.96978019899973,0.0649160824646587,73.34,2.539999999999999,2.456305860618386,11.29623259361847,6.876269227118428,8.839926733000084,1.285570002490223,-5.535435286873053,13.567922468793881,4.016243590960357,0.39000000000000057,0.11999999999999744,0.2700000000000031,14.066487295502554,7.51029075997986,10.96901191655437,1.5622422164500145
2025-06-11 18:47:03,1061.48,1071.36,1064.2108118136084,1016.4534766643585,35.4,38.9,1040.3321442389833,2080.6642884779667,47.75733514924991,0.04590585359474706,74.3,3.5,-0.910270604535981,18.302174445213836,8.695951920338757,19.212445049749817,2.2093547683330126,-3.366576465154367,7.005941851595367,1.8196826932203294,0.0,0.9600000000000009,0.9600000000000009,14.001778334282706,9.15004580776018,10.862986746977622,2.216823342109313
2025-06-11 18:47:04,1064.63,1077.64,1064.3156088602063,1031.750107498269,35.4,39.87,1048.0328581792378,2096.0657163584756,32.56550136193732,0.031072977413552513,75.27,4.469999999999999,0.10479704659792333,15.296630833910513,7.700713940254445,15.19183378731259,1.9727822553071448,1.0150676511339043,-3.005543611303324,-0.9952379800843119,0.0,0.9699999999999989,0.9699999999999989,13.923646130670809,10.864696097598845,17.364112023811558,2.303566838969264
2025-06-11 18:47:05,1064.63,1093.34,1064.3942066451548,1047.1475806237017,35.4,40.84,1055.7708936344284,2111.5417872688568,17.24662602145304,0.01633557631594387,76.24000000000001,5.440000000000005,0.0785977849484425,15.397473125432725,7.738035455190584,15.318875340484283,1.9796850827975307,-0.02619926164948083,0.10084229152221269,0.037321514936138556,0.0,0.970000000000006,0.970000000000006,13.847991602655256,12.404785691594725,24.06896680775434,2.280993006739225
2025-06-11 18:47:06,1099.21,1055.64,1073.0981549838662,1049.2706854677763,35.61,41.46,1061.1844202258212,2122.3688404516424,23.827469516089877,0.02245365559415743,77.07,5.850000000000001,8.70394833871137,2.1231048440745326,5.413526591392838,6.580843494636838,1.215629436358643,8.625350553762928,-13.274368281358193,-2.324508863797746,0.21000000000000085,0.6199999999999974,0.4099999999999966,13.76909830617261,11.820897280315753,19.968832937072076,1.2286494657283833
2025-06-11 18:47:07,1110.2,1049.35,1082.3736162378996,1049.2905141008323,36.11,41.46,1065.832065169366,2131.664130338732,33.08310213706727,0.031039694889241774,77.57,5.350000000000001,9.275461254033416,0.019828633056022227,4.647644943544719,9.255632620977394,1.9914668056487546,0.571512915322046,-2.1032762110185104,-0.7658816478481185,0.5,0.0,0.5,13.740261072954814,10.209079175282811,11.490700661609564,1.719963471174096
2025-06-11 18:47:08,1121.18,1043.06,1092.0752121784246,1047.732885575624,36.62,41.46,1069.9040488770243,2139.8080977540485,44.34232660280054,0.041445143242421864,78.08,4.840000000000003,9.701595940525067,-1.5576285252082016,4.071983707658319,11.259224465733269,2.7650458619251848,0.4261346864916504,-1.5774571582642238,-0.5756612358864004,0.509999999999998,0.0,0.509999999999998,13.702664384917519,8.580485497779874,10.275109158740857,1.7151242013005665
2025-06-11 18:47:09,1132.16,1046.2,1102.0964091338185,1047.349664181718,37.11,41.46,1074.7230366577683,2149.4460733155365,54.74674495210047,0.050940328841758635,78.57,4.350000000000001,10.021196955393862,-0.38322139390606935,4.81898778074401,10.404418349299931,2.1590459788730985,0.31960101486879466,1.1744071313021323,0.7470040730856908,0.490000000000002,0.0,0.490000000000002,13.678541720494167,7.379847477664436,15.168059456359899,1.4243099632798846
2025-06-11 18:47:10,1135.3,1041.48,1110.397306850364,1045.8822481362886,37.61,41.46,1078.1397774933262,2156.2795549866523,64.5150587140754,0.059839234207862725,79.07,3.8500000000000014,8.300897716545478,-1.4674160454294451,3.4167408355579028,9.768313761974923,2.858955763153204,-1.7202992388483835,-1.0841946515233758,-1.402246945186107,0.5,0.0,0.5,13.635256909802319,6.775857869188539,16.298266856254816,0.7601468841885697
2025-06-11 18:47:11,1149.41,1043.06,1120.150480137773,1045.1766861022165,38.12,41.46,1082.6635831199947,2165.3271662399893,74.97379403555647,0.06924939116382703,79.58,3.3400000000000034,9.753173287409027,-0.7055620340720452,4.523805626668491,10.458735321481072,2.3119324464103577,1.4522755708635486,0.7618540113573999,1.107064791110588,0.509999999999998,0.0,0.509999999999998,13.604719395768727,6.63120276065739,16.441255988498476,0.563991495062351
2025-06-11 18:47:12,1147.84,1043.06,1127.0728601033297,1044.6475145766624,38.6,41.46,1085.8601873399962,2171.7203746799923,82.42534552666734,0.0759078806017142,80.06,2.8599999999999994,6.922379965556729,-0.5291715255541476,3.196604220001518,7.451551491110877,2.3310828138819524,-2.8307933218522976,0.17639050851789762,-1.3272014066669726,0.480000000000004,0.0,0.480000000000004,13.563079862314718,6.314682427771855,15.264569606547248,0.6956602681328561
2025-06-11 18:47:13,1143.14,1038.34,1131.0896450774974,1043.0706359324968,39.09,41.46,1087.080140504997,2174.160281009994,88.01900914500061,0.08096827987598373,80.55000000000001,2.3699999999999974,4.016784974167649,-1.5768786441656175,1.2199531650007884,5.593663618333267,4.585142441256924,-2.90559499138908,-1.04770711861147,-1.9766510550007297,0.490000000000002,0.0,0.490000000000002,13.495718522771922,5.208995664157036,13.448593785802787,1.4199047554176505
2025-06-11 18:47:14,1122.75,1054.07,1129.004733808123,1045.8204769493725,39.11,41.46,1087.4126053787477,2174.8252107574954,83.18425685875059,0.07649741815645032,80.57,2.3500000000000014,-2.084911269374288,2.7498410168757346,0.3324648737507232,4.834752286250023,14.542100913115165,-6.101696243541937,4.326719661041352,-0.8874882912500652,0.01999999999999602,0.0,0.01999999999999602,13.496494872561163,3.8876166463794846,9.16376824472532,1.7139866960364372
2025-06-11 18:47:15,1116.48,1121.57,1125.8735503560924,1064.7578577120294,39.11,42.43,1095.315704034061,2190.631408068122,61.115692644063074,0.055797330726817765,81.53999999999999,3.3200000000000003,-3.1311834520306547,18.937380762656858,7.903098655313215,22.068564214687513,2.7923935135818416,-1.0462721826563666,16.187539745781123,7.570633781562492,0.0,0.9699999999999989,0.9699999999999989,13.432863509948461,4.669329314983069,10.500745332602566,2.9890798062845754
2025-06-11 18:47:16,1121.18,1137.24,1124.7001627670693,1082.878393284022,39.11,43.38,1103.7892780255456,2207.5785560510913,41.82176948304732,0.03788926951706641,82.49000000000001,4.270000000000003,-1.1733875890231502,18.120535571992605,8.473573991484727,19.293923161015755,2.2769519571614842,1.9577958630075045,-0.8168451906642531,0.570475336171512,0.0,0.9500000000000028,0.9500000000000028,13.380885739418837,7.630018099530323,19.475750682247885,3.7689031777395323
2025-06-11 18:47:17,1149.41,1162.28,1130.877622075302,1102.7287949630165,39.23,44.32,1116.8032085191594,2233.606417038319,28.148827112285517,0.02520482290197305,83.55,5.090000000000003,6.177459308232756,19.850401678994558,13.01393049361377,13.672942370761803,1.050638877073498,7.350846897255906,1.7298661070019534,4.540356502129043,0.11999999999999744,0.9399999999999977,0.8200000000000003,13.36688444227738,12.50585804483272,25.824969874350753,5.332155242386401
2025-06-11 18:47:18,1165.07,1129.41,1139.4257165564766,1109.3990962222624,39.71,45.18,1124.4124063893696,2248.824812778739,30.026620334214158,0.026704276951131437,84.89,5.469999999999999,8.54809448117453,6.670301259245889,7.60919787021021,1.8777932219286413,0.2467793592936763,2.3706351729417747,-13.180100419748669,-5.404732623403561,0.480000000000004,0.8599999999999994,0.37999999999999545,13.245522360040608,15.159411761145218,23.246194152568712,4.552296710051458
2025-06-11 18:47:19,1176.03,1123.14,1148.5767874173573,1112.834322166697,40.2,45.18,1130.7055547920272,2261.4111095840544,35.742465250660416,0.031610762914863214,85.38,4.979999999999997,9.151070860880736,3.435225944434478,6.293148402657607,5.715844916446258,0.9082646145398118,0.602976379706206,-3.235075314811411,-1.3160494675526024,0.490000000000002,0.0,0.490000000000002,13.243213182815813,14.564536614855474,13.278354466038497,2.5627390963146186
2025-06-11 18:47:20,1185.41,1115.3,1157.785090563018,1113.4507416250226,40.68,45.18,1135.6179160940203,2271.2358321880406,44.3343489379954,0.03903984629922395,85.86,4.5,9.208303145660693,0.6164194583257085,4.912361301993087,8.591883687334985,1.7490329823288908,0.0572322847799569,-2.8188064861087696,-1.38078710066452,0.4799999999999969,0.0,0.4799999999999969,13.226390669317839,12.50338108277487,7.08416862631599,3.0799791518690594
2025-06-11 18:47:21,1199.49,1112.16,1168.2113179222636,1113.128056218767,41.14,45.18,1140.6696870705152,2281.3393741410305,55.083261703496646,0.04829028269934305,86.32,4.039999999999999,10.426227359245559,-0.32268540625568676,5.051770976494936,10.748912765501245,2.127750978372375,1.2179242135848654,-0.9391048645813953,0.1394096745018487,0.46000000000000085,0.0,0.46000000000000085,13.214430883411543,9.362636111171671,11.12939258689421,3.3348450201589035
2025-06-11 18:47:22,1205.74,1116.87,1177.5934884416977,1114.0635421640752,41.63,45.18,1145.8285153028864,2291.657030605773,63.52994627762246,0.055444549837708045,86.81,3.549999999999997,9.382170519434112,0.9354859453083009,5.1588282323712065,8.446684574125811,1.6373258725300688,-1.0440568398114465,1.2581713515639876,0.10705725587627057,0.490000000000002,0.0,0.490000000000002,13.199268541684344,8.35651080253967,13.71691956052548,1.148380877515753
2025-06-11 18:47:23,1201.05,1115.3,1183.4576163312734,1114.3726566230564,42.09,45.18,1148.9151364771649,2297.8302729543298,69.08495970821696,0.06013060273530432,87.27000000000001,3.0899999999999963,5.864127889575684,0.3091144589811847,3.0866211742784344,5.555013430594499,1.7997063187343638,-3.518042629858428,-0.6263714863271161,-2.072207058092772,0.46000000000000085,0.0,0.46000000000000085,13.165063862863537,7.397394799575252,13.650289244356243,1.1531893851068569
2025-06-11 18:47:24,1204.18,1113.73,1188.6382122484551,1114.2119924672925,42.57,45.18,1151.4251023578738,2302.8502047157476,74.42621978116267,0.06463835082639352,87.75,2.6099999999999994,5.18059591718179,-0.160664155763925,2.5099658807089327,5.341260072945715,2.1280201400255496,-0.6835319723938937,-0.46977861474510973,-0.5766552935695017,0.4799999999999969,0.0,0.4799999999999969,13.121653438589407,6.379219317441195,11.878096588586978,1.2482408642302476
2025-06-11 18:47:25,1210.43,1113.73,1194.0861591863413,1114.0914943504695,43.03,45.18,1154.0888267684054,2308.177653536811,79.99466483587184,0.06931413155653961,88.21000000000001,2.1499999999999986,5.447946937886172,-0.1204981168230006,2.663724410531586,5.568445054709173,2.0904726263049414,0.2673510207043819,0.04016603894092441,0.15375852982265314,0.46000000000000085,0.0,0.46000000000000085,13.08342380325339,5.194215065834312,9.647160913127383,1.305907465417535
2025-06-11 18:47:26,1182.28,1112.16,1191.134619389756,1113.608620762852,43.08,45.18,1152.371620076304,2304.743240152608,77.52599862690386,0.06727517166250181,88.25999999999999,2.1000000000000014,-2.9515397965853936,-0.48287358761740506,-1.7172066921013993,2.4686662089679885,1.4376049096000767,-8.399486734471566,-0.36237547079440446,-4.380931102632985,0.04999999999999716,0.0,0.04999999999999716,13.05655571062484,3.2237275294344676,6.641068341319923,2.504887575880563
2025-06-11 18:47:27,1182.28,1188.86,1188.9209645423168,1132.421465572139,43.08,45.87,1160.671215057228,2321.342430114456,56.49949897017791,0.0486782976854594,88.94999999999999,2.789999999999999,-2.213654847439102,18.812844809286844,8.299594980923985,21.026499656725946,2.533436531736463,0.7378849491462915,19.29571839690425,10.016801673025384,0.0,0.6899999999999977,0.6899999999999977,13.048580123762203,4.426406540421258,9.325797641842486,3.559968932531546
2025-06-11 18:47:28,1180.72,1202.92,1186.8707234067376,1150.0460991791042,43.08,46.81,1168.458411292921,2336.916822585842,36.82462422763342,0.03151556259103028,89.89,3.730000000000004,-2.050241135579199,17.62463360696529,7.787196235693045,19.67487474254449,2.5265668952577216,0.16341371185990283,-1.188211202321554,-0.5123987452309393,0.0,0.9400000000000048,0.9400000000000048,12.998758463612889,7.1578128096575755,18.280384728431915,4.167731374402611
2025-06-11 18:47:29,1207.3,1232.57,1191.9780425550532,1170.677074384328,43.12,47.76,1181.3275584696908,2362.6551169393815,21.300968170725127,0.018031381728102012,90.88,4.640000000000001,5.107319148315582,20.630975205223876,12.86914717676973,15.523656056908294,1.2062691208210854,7.157560283894782,3.0063415982585866,5.081950941076684,0.03999999999999915,0.9499999999999957,0.9099999999999966,12.998762604213558,11.861206710694358,25.488929308422765,5.620309185729083
2025-06-11 18:47:30,1218.24,1234.13,1198.5435319162898,1186.540305788246,43.61,48.68,1192.5419188522678,2385.0838377045357,12.003226128043707,0.010065244607527647,92.28999999999999,5.07,6.565489361236587,15.863231403918007,11.21436038257707,9.29774204268142,0.8290924222512251,1.4581702129210043,-4.767743801305869,-1.6547867941926597,0.490000000000002,0.9200000000000017,0.4299999999999997,12.92168063637,16.053389476149412,26.554371206112307,5.659533341399318
2025-06-11 18:47:31,1229.17,1265.29,1206.2001489372174,1206.2277293411846,44.07,49.63,1206.213939139201,2412.427878278402,0.027580403967249367,2.2865267138320832e-05,93.7,5.560000000000002,7.65661702092757,19.687423552938526,13.672020286933275,12.030806532010956,0.8799581480690882,1.091127659690983,3.8241921490205186,2.4576599043562055,0.46000000000000085,0.9500000000000028,0.490000000000002,12.8731475588693,18.2761245266664,22.00972786041852,2.6469607203544534
2025-06-11 18:47:32,1240.09,1221.65,1214.672611702913,1210.0832970058887,44.55,50.09,1212.3779543544008,2424.7559087088016,4.589314697024292,0.0037853828311178333,94.64,5.540000000000006,8.472462765695582,3.85556766470404,6.164015215199697,4.616895100991542,0.7490076177293066,0.8158457447680121,-15.831855888234486,-7.508005071733578,0.4799999999999969,0.46000000000000085,0.01999999999999602,12.810417810058992,17.927137060948596,14.641890766999957,3.2488112291742843
2025-06-11 18:47:33,1243.21,1216.97,1221.8069587771847,1211.8049727544164,45.01,50.09,1216.8059657658005,2433.611931531601,10.001986022768278,0.008219869310267252,95.1,5.080000000000005,7.134347074271773,1.7216757485277867,4.428011411399666,5.412671325743986,1.2223704052430773,-1.338115691423809,-2.1338919161762533,-1.7360038038000312,0.46000000000000085,0.0,0.46000000000000085,12.795015278346849,14.674583644775558,8.055847959204582,4.1353999354681426
2025-06-11 18:47:34,1249.45,1218.53,1228.7177190828886,1213.4862295658122,45.48,50.09,1221.1019743243505,2442.203948648701,15.231489517076398,0.012473560623821439,95.57,4.6100000000000065,6.910760305703889,1.6812568113957695,4.2960085585500565,5.229503494308119,1.2172932632098532,-0.22358676856788406,-0.04041893713201716,-0.13200285284960955,0.46999999999999886,0.0,0.46999999999999886,12.77704260277606,11.114909776241673,6.058739397723784,4.252741597151818
2025-06-11 18:47:35,1252.57,1209.17,1234.6807893121663,1212.4071721743592,45.96,50.09,1223.5439807432626,2447.0879614865253,22.27361713780715,0.018204181844017148,96.05000000000001,4.130000000000003,5.963070229277719,-1.0790573914530341,2.442006418912115,7.042127620730753,2.883745383487793,-0.94769007642617,-2.7603142028488037,-1.8540021396379416,0.480000000000004,0.0,0.480000000000004,12.738614971417466,6.9368073737943625,8.744034643509137,4.3794983715473315
2025-06-11 18:47:36,1261.92,1212.29,1241.4905919841249,1212.3778791307693,46.42,50.09,1226.9342355574472,2453.8684711148944,29.11271285335556,0.023728014090665935,96.51,3.6700000000000017,6.8098026719585505,-0.029293043589859735,3.3902548141845728,6.83909571554841,2.017280137662224,0.8467324426808318,1.0497643478631744,0.9482483952724579,0.46000000000000085,0.0,0.46000000000000085,12.713026866070047,5.70171972192834,9.718277048148122,1.3828543389442358
2025-06-11 18:47:37,1265.04,1213.85,1247.3779439880936,1212.745909348077,46.88,50.09,1230.0619266680853,2460.1238533361707,34.63203464001663,0.028154708198855485,96.97,3.210000000000001,5.887352003968772,0.36803021730770524,3.127691110638125,5.519321786661067,1.7646627581686714,-0.9224506679897786,0.397323260897565,-0.26256370354644787,0.46000000000000085,0.0,0.46000000000000085,12.684973847407564,5.129221162522007,9.996068007116605,0.8303725030164529
2025-06-11 18:47:38,1229.17,1212.29,1242.8259579910703,1212.6319320110579,47.04,50.09,1227.728945001064,2455.457890002128,30.194025980012384,0.024593397490838515,97.13,3.0500000000000043,-4.551985997023394,-0.11397733701915058,-2.332981667021386,4.438008660004243,1.9022895980922265,-10.439338000992166,-0.4820075543268558,-5.460672777659511,0.1599999999999966,0.0,0.1599999999999966,12.640059017409708,3.5462962625940135,7.60297057975564,2.611315408834609
2025-06-11 18:47:39,1227.61,1213.85,1239.0219684933027,1212.9364490082935,47.04,50.09,1225.979208750798,2451.958417501596,26.085519485009172,0.02127729351161796,97.13,3.0500000000000043,-3.8039894977675885,0.3045169972356234,-1.7497362502658689,4.108506495003212,2.348070542808032,0.7479964992558052,0.418494334254774,0.583245416755517,0.0,0.0,0.0,12.622044642528092,2.386637436188652,4.6215901356057065,2.7832791816812854
2025-06-11 18:47:40,1263.48,1212.29,1245.1364763699771,1212.77483675622,47.25,50.09,1228.9556565630987,2457.9113131261975,32.361639613757006,0.02633263406584338,97.34,2.8400000000000034,6.114507876674452,-0.16161225207338248,2.9764478123006484,6.276120128747834,2.108593335390405,9.91849737444204,-0.4661292493090059,4.726184062566517,0.21000000000000085,0.0,0.21000000000000085,12.625391862931034,1.615133063056729,3.242014573828295,2.8628069414635893
2025-06-11 18:47:41,1269.71,1294.85,1251.2798572774827,1233.293627567165,47.69,50.99,1242.2867424223239,2484.5734848446477,17.98622971031773,0.014478323789214893,98.68,3.3000000000000043,6.143380907505616,20.518790810944893,13.33108585922514,14.375409903439277,1.0783374270411765,0.028873030831164215,20.680403063018275,10.354638046924492,0.4399999999999977,0.8999999999999986,0.46000000000000085,12.589042661464138,6.487641917438526,6.546852718513625,6.279411406451285
2025-06-11 18:47:42,1279.06,1311.95,1258.224892958112,1252.9577206753738,48.13,51.91,1255.5913068167429,2511.1826136334857,5.267172282738102,0.004194973515623333,100.03999999999999,3.779999999999994,6.945035680629189,19.664093108208817,13.304564394419003,12.719057427579628,0.9559919509219758,0.8016547731235732,-0.8546977027360754,-0.026521464806137374,0.44000000000000483,0.9199999999999946,0.47999999999998977,12.550892585624254,12.666225693022142,11.029246234765214,7.774044245755266
2025-06-11 18:47:43,1289.96,1341.44,1266.158669718584,1275.0782905065303,48.57,52.81,1270.618480112557,2541.236960225114,8.919620787946315,0.007019904810558295,101.38,4.240000000000002,7.933776760472028,22.120569831156445,15.027173295814237,14.186793070684416,0.944075898197048,0.9887410798428391,2.4564767229476274,1.7226089013952333,0.4399999999999977,0.9000000000000057,0.46000000000000796,12.533226154856294,18.671926933039973,11.359288826311294,7.492723057783295
2025-06-11 18:47:44,1289.96,1353.85,1272.109002288938,1294.7712178798977,49.0,53.73,1283.440110084418,2566.880220168836,22.662215590959704,0.017657400135181765,102.72999999999999,4.729999999999997,5.950332570354021,19.69292737336741,12.82162997186083,13.74259480301339,1.071828914213314,-1.983444190118007,-2.427642457789034,-2.205543323953407,0.4299999999999997,0.9199999999999946,0.4899999999999949,12.49333298540918,21.71472622009926,10.851265202037235,4.833415497191839
2025-06-11 18:47:45,1288.4,1367.8,1276.1817517167035,1313.0284134099234,49.44,54.63,1294.6050825633133,2589.2101651266266,36.84666169321986,0.02846170014395579,104.07,5.190000000000005,4.07274942776553,18.257195530025683,11.164972478895379,14.184446102260154,1.2704415401498572,-1.8775831425884917,-1.4357318433417277,-1.6566574929654507,0.4399999999999977,0.9000000000000057,0.46000000000000796,12.439752763750944,20.97422413430741,12.459389346618881,1.3808149705869244
2025-06-11 18:47:46,1305.52,1347.65,1283.5163137875275,1321.6838100574425,49.86,55.44,1302.600061922485,2605.20012384497,38.16749626991509,0.029301009078936572,105.3,5.579999999999998,7.334562070823949,8.655396647519183,7.9949793591717935,1.3208345766952334,0.16520798267877917,3.26181264305842,-9.6017988825065,-3.1699931197235856,0.4200000000000017,0.8099999999999952,0.38999999999999346,12.370370840950754,18.77701049482713,15.269572639173628,2.6579395076526193
2025-06-11 18:47:47,1310.19,1333.68,1290.1847353406456,1324.682857543082,50.3,55.44,1307.4337964418637,2614.8675928837274,34.498122202436434,0.02638613310282766,105.74,5.140000000000001,6.668421553118151,2.999047485639494,4.833734519378595,3.669374067478657,0.7591176746779014,-0.6661405177057986,-5.656349161879689,-3.1612448397931985,0.4399999999999977,0.0,0.4399999999999977,12.364609268746497,14.895063473824141,12.411490550508942,4.019411682805916
2025-06-11 18:47:48,1321.07,1332.13,1297.9060515054841,1326.5446431573116,50.73,55.44,1312.2253473313979,2624.4506946627957,28.638591651827483,0.021824446302796847,106.16999999999999,4.710000000000001,7.721316164838527,1.861785614229575,4.7915508895341645,5.859530550608952,1.2228878421221931,1.052894611720376,-1.137261871409919,-0.04218362984443047,0.4299999999999997,0.0,0.4299999999999997,12.359662192443588,11.344572770754684,6.4445677875340595,3.6423951570694837
2025-06-11 18:47:49,1325.73,1330.58,1304.8620386291132,1327.5534823679836,51.15,55.44,1316.2077604985484,2632.415520997097,22.691443738870475,0.017240016661986154,106.59,4.289999999999999,6.955987123629029,1.008839210672022,3.9824131671505256,5.947147912957007,1.4933524398373352,-0.7653290412094975,-0.8529464035575529,-0.8091377223836389,0.4200000000000017,0.0,0.4200000000000017,12.348322996061782,8.433939198722907,6.433800218316617,3.0006702018158906
2025-06-11 18:47:50,1331.95,1324.37,1311.6340289718348,1326.7576117759877,51.59,55.44,1319.1958203739114,2638.3916407478227,15.123582804152875,0.011464244018300497,107.03,3.8499999999999943,6.771990342721665,-0.7958705919959357,2.9880598753629783,7.567860934717601,2.5326997174374117,-0.18399678090736415,-1.8047098026679578,-0.9943532917875473,0.44000000000000483,0.0,0.44000000000000483,12.32547704427202,6.664315384058684,9.217362860707668,1.8768912810245342
2025-06-11 18:47:51,1335.05,1324.37,1317.4880217288762,1326.1607088319906,52.02,55.44,1321.8243652804335,2643.648730560867,8.672687103114413,0.006561149366249802,107.46000000000001,3.4199999999999946,5.8539927570413965,-0.5969029439970654,2.6285449065221655,6.450895701038462,2.4541689323484768,-0.9179975856802685,0.19896764799887023,-0.3595149688408128,0.4299999999999997,0.0,0.4299999999999997,12.300617466776623,5.698014293273514,10.31535534668109,1.013230747336731
2025-06-11 18:47:52,1311.74,1325.92,1316.051016296657,1326.100531623993,52.02,55.44,1321.075773960325,2642.15154792065,10.04951532733594,0.00760706956997811,107.46000000000001,3.4199999999999946,-1.4370054322191663,-0.060177207997639925,-0.7485913201085168,1.3768282242215264,1.8392230153014923,-7.290998189260563,0.5367257359994255,-3.3771362266306824,0.0,0.0,0.0,12.293651234567967,3.9376038087007523,8.500257108652695,2.1210848372323796
2025-06-11 18:47:53,1347.48,1321.27,1323.9082622224928,1324.8928987179947,52.32,55.44,1324.4005804702438,2648.8011609404875,0.9846364955019453,0.0007434582174593132,107.75999999999999,3.1199999999999974,7.857245925835741,-1.2076329059982527,3.3248065099187443,9.064878831833994,2.726437186150224,9.294251358054908,-1.1474556980006128,4.073397830027261,0.29999999999999716,0.0,0.29999999999999716,12.290279957126614,3.0584245838107513,8.047501837736174,1.848298655124585
2025-06-11 18:47:54,1350.58,1321.27,1330.5761966668697,1323.987174038496,52.74,55.44,1327.2816853526829,2654.5633707053657,6.589022628373641,0.004964298608293174,108.18,2.6999999999999957,6.667934444376897,-0.9057246794986895,2.8811048824391037,7.573659123875586,2.628733352022395,-1.1893114814588444,0.30190822649956317,-0.4437016274796406,0.4200000000000017,0.0,0.4200000000000017,12.269196460376099,3.1445370869897475,5.152709742687065,1.67532686705526
2025-06-11 18:47:55,1347.48,1387.93,1334.8021475001524,1339.972880528872,53.18,55.85,1337.3875140145124,2674.7750280290247,5.170733028719724,0.00386629377848171,109.03,2.6700000000000017,4.225950833282695,15.98570649037606,10.105828661829491,11.759755657093365,1.16366058508891,-2.4419836110942015,16.89143116987475,7.224723779390388,0.4399999999999977,0.4100000000000037,0.02999999999999403,12.266234080053914,6.6102977763520885,3.5107033929124385,3.961217312951789
2025-06-11 18:47:56,1369.2,1417.32,1343.4016106251142,1359.309660396654,53.59,56.75,1351.355635510884,2702.711271021768,15.908049771539709,0.01177191950197011,110.34,3.1599999999999966,8.599463124961858,19.336779867781843,13.968121496371623,10.737316742819985,0.7687015019813238,4.3735122916791624,3.3510733774057826,3.8622928345421315,0.4100000000000037,0.8999999999999986,0.4899999999999949,12.247196150658763,12.27362623963237,5.603831615713901,5.973535373449925
2025-06-11 18:47:57,1383.15,1429.68,1353.3387079688357,1376.9022452974905,54.03,57.63,1365.120476633163,2730.240953266326,23.563537328654775,0.01726114120675201,111.66,3.6000000000000014,9.937097343721462,17.592584900836528,13.764841122278995,7.655487557115066,0.5561623946797274,1.3376342187596038,-1.7441949669453152,-0.20328037409262834,0.4399999999999977,0.8800000000000026,0.44000000000000483,12.22568927465049,17.071613285751106,9.139554822132009,5.433115569484721
2025-06-11 18:47:58,1387.8,1454.39,1361.9540309766269,1396.274183973118,54.45,58.53,1379.1141074748725,2758.228214949745,34.32015299649106,0.024885651437823987,112.98,4.079999999999998,8.615323007791176,19.37193867562746,13.993630841709546,10.756615667836286,0.7686793385384786,-1.3217743359302858,1.779353774790934,0.22878971943055149,0.4200000000000017,0.8999999999999986,0.4799999999999969,12.206709995292641,20.81011354407178,12.170859201234371,4.798841115874941
2025-06-11 18:47:59,1389.35,1465.18,1368.80302323247,1413.5006379798385,54.86,59.43,1391.1518306061544,2782.3036612123087,44.69761474736856,0.03212993271608817,114.28999999999999,4.57,6.848992255843086,17.226454006720587,12.037723131281837,10.377461750877501,0.8620783827326717,-1.7663307519480895,-2.1454846689068745,-1.9559077104277094,0.4099999999999966,0.8999999999999986,0.490000000000002,12.172121956724407,21.398640852914042,15.43072436969001,1.6997377430628415
2025-06-11 18:48:00,1414.12,1429.68,1380.1322674243524,1417.545478484879,55.3,60.03,1398.8388729546157,2797.6777459092314,37.413211060526464,0.026745904590681477,115.33,4.730000000000004,11.32924419188248,4.0448405050403835,7.687042348461318,7.284403686842097,0.9476209976492697,4.480251936039394,-13.181613501680204,-4.350680782820518,0.4399999999999977,0.6000000000000014,0.1600000000000037,12.129011192453001,19.2377827657561,11.431123692714925,2.6992808546156732
2025-06-11 18:48:01,1417.22,1428.14,1389.4042005682643,1420.1941088636593,55.71,60.03,1404.7991547159618,2809.5983094319236,30.78990829539498,0.02191765859917731,115.74000000000001,4.32,9.271933143911838,2.6486303787803536,5.960281761346096,6.623302765131484,1.1112396895135976,-2.057311047970643,-1.39621012626003,-1.7267605871152227,0.4100000000000037,0.0,0.4100000000000037,12.137542272148085,15.904937403146942,7.830913843122571,3.6596776899747003
2025-06-11 18:48:02,1431.14,1426.59,1399.8381504261984,1421.7930816477444,56.13,60.03,1410.8156160369713,2821.6312320739426,21.954931221546076,0.015561871414250677,116.16,3.8999999999999986,10.433949857934067,1.5989727840851629,6.016461321009501,8.834977073848904,1.468467116131874,1.1620167140222293,-1.0496575946951907,0.0561795596634056,0.4200000000000017,0.0,0.4200000000000017,12.145451135429754,12.340684992211683,8.388146167506735,3.671944813774567
2025-06-11 18:48:03,1434.23,1420.41,1408.4361128196488,1421.4473112358082,56.52,60.03,1414.9417120277285,2829.883424055457,13.01119841615946,0.009195572012869536,116.55000000000001,3.509999999999998,8.597962393450416,-0.3457704119362006,4.126095990757221,8.943732805386617,2.167601204097062,-1.835987464483651,-1.9447431960213635,-1.8903653302522798,0.39000000000000057,0.0,0.39000000000000057,12.140211925246817,9.46658780778007,12.490316143421474,3.000890796082536
2025-06-11 18:48:04,1434.23,1421.96,1414.8845846147365,1421.5754834268562,56.94,60.03,1418.2300340207962,2836.4600680415924,6.690898812119713,0.004717781069995179,116.97,3.0900000000000034,6.448471795087698,0.12817219104795186,3.2883219930677114,6.3202996040397466,1.9220434298467353,-2.1494905983627177,0.4739426029841525,-0.83777399768951,0.4199999999999946,0.0,0.4199999999999946,12.124733024673533,7.799214721578282,12.549848760043265,1.7324329129123188
2025-06-11 18:48:05,1451.23,1420.41,1423.9709384610524,1421.284112570142,57.35,60.03,1422.6275255155972,2845.2550510311944,2.6868258909103133,0.0018886362317837913,117.38,2.6799999999999997,9.086353846315887,-0.2913708567141384,4.397491494800988,9.377724703030026,2.132516363385953,2.637882051228189,-0.4195430477620903,1.1091695017332768,0.4100000000000037,0.0,0.4100000000000037,12.119845914088868,6.848542872533974,11.42693577382001,1.1956617906312972
2025-06-11 18:48:06,1432.68,1418.87,1426.1482038457893,1420.6805844276066,57.58,60.03,1423.4143941366979,2846.8287882733957,5.467619418182721,0.0038412000306190784,117.61,2.450000000000003,2.177265384736984,-0.6035281425354242,0.7868686211006661,2.780793527272408,3.5339952804159083,-6.909088461578904,-0.31215728582128577,-3.610622873700322,0.22999999999999687,0.0,0.22999999999999687,12.1028346401995,5.285614880894408,7.696683180836568,1.9161943023669104
2025-06-11 18:48:07,1428.04,1411.14,1426.621152884342,1418.295438320705,57.58,60.03,1422.4582956025235,2844.916591205047,8.32571456363712,0.005853046506546243,117.61,2.450000000000003,0.4729490385527697,-2.3851461069016295,-0.9560985341743162,2.8580951454543992,2.9893280388664123,-1.7043163461842141,-1.7816179643662053,-1.7429671552749824,0.0,0.0,0.0,12.094705241967675,3.63198157960854,3.8294805071773648,2.323712021883317
2025-06-11 18:48:08,1452.77,1411.14,1433.1583646632566,1416.5065787405288,57.95,60.03,1424.8324717018927,2849.6649434037854,16.651785922727868,0.011686837745318427,117.98,2.0799999999999983,6.537211778914525,-1.7888595801762222,2.3741760993691514,8.326071359090747,3.506929353039033,6.064262740361755,0.5962865267254074,3.3302746335434676,0.37000000000000455,0.0,0.37000000000000455,12.076898284666845,2.4673596189480755,5.275171306885303,2.1068677210057736
2025-06-11 18:48:09,1469.76,1471.35,1442.3087734974424,1430.2174340553966,58.37,60.16,1436.2631037764195,2872.526207552839,12.091339442045864,0.008418610351985684,118.53,1.7899999999999991,9.150408834185782,13.710855314867786,11.430632074526784,4.560446480682003,0.3989670957809833,2.6131970552712573,15.499714895044008,9.056455975157633,0.4199999999999946,0.12999999999999545,0.28999999999999915,12.117295972826486,5.857993604656696,5.497380668327905,4.799191569747751
2025-06-11 18:48:10,1483.64,1508.32,1452.641580123082,1449.7430755415473,58.76,61.04,1451.1923278323147,2902.3846556646295,2.898504581534553,0.0019973262840128165,119.8,2.280000000000001,10.332806625639478,19.52564148615079,14.929224055895247,9.192834860511311,0.6157610208227954,1.1823977914536954,5.814786171283004,3.498591981368463,0.39000000000000057,0.8800000000000026,0.490000000000002,12.113458394982107,12.267569345576565,5.436657713972776,7.027116994906776
2025-06-11 18:48:11,1497.52,1509.86,1463.8611850923116,1464.7723066561605,59.17,61.92,1464.316745874236,2928.633491748472,0.9111215638488375,0.0006222161740577906,121.09,2.75,11.21960496922975,15.02923111461314,13.124418041921217,3.8096261453833904,0.29027007848613456,0.8867983435902715,-4.4964103715376496,-1.80480601397403,0.4100000000000037,0.8800000000000026,0.46999999999999886,12.092796546217189,17.805381342077922,6.477299987618538,7.031034605572606
2025-06-11 18:48:12,1511.39,1537.54,1475.7433888192338,1482.9642299921204,59.57,62.82,1479.353809405677,2958.707618811354,7.220841172886594,0.004881077888261532,122.39,3.25,11.882203726922171,18.191923335959927,15.037063531441163,6.3097196090377565,0.41961112794619554,0.6625987576924217,3.162692221346788,1.9126454895199458,0.3999999999999986,0.8999999999999986,0.5,12.087211351568476,21.697022476860994,6.489737041923257,5.2469401342085815
2025-06-11 18:48:13,1514.47,1540.62,1485.4250416144255,1497.3781724940902,59.96,63.67,1491.401607054258,2982.803214108516,11.95313087966474,0.008014696252915586,123.63,3.710000000000001,9.681652795191667,14.413942501969814,12.047797648580854,4.732289706778147,0.3927928947696663,-2.200550931730504,-3.7779808339901138,-2.989265882860309,0.39000000000000057,0.8500000000000014,0.46000000000000085,12.063427930039879,21.901951925630176,5.108806019925524,1.6404405651281475
2025-06-11 18:48:14,1517.55,1522.17,1493.456281210819,1503.5761293705677,60.35,64.38,1498.5162052906935,2997.032410581387,10.119848159748699,0.006753245722179112,124.72999999999999,4.029999999999994,8.031239596393561,6.1979568764775195,7.1145982364355405,1.833282719916042,0.2576789864040927,-1.6504131987981054,-8.215985625492294,-4.9331994121453135,0.39000000000000057,0.7099999999999937,0.3199999999999932,12.014079958924185,19.38288583781436,4.676886010183623,3.237381894238272
2025-06-11 18:48:15,1529.86,1511.4,1502.5572109081143,1505.5320970279258,60.74,64.38,1504.0446539680202,3008.0893079360403,2.974886119811572,0.0019779240662737008,125.12,3.6399999999999935,9.100929697295214,1.9559676573580873,5.528448677326651,7.144962039937127,1.2923988562725166,1.0696901009016528,-4.241989219119432,-1.5861495591088897,0.39000000000000057,0.0,0.39000000000000057,12.020817151112556,15.92266502221997,4.661788978915973,4.062654120817687
2025-06-11 18:48:16,1543.71,1565.19,1512.8454081810858,1520.4465727709444,61.13,64.98,1516.645990476015,3033.29198095203,7.601164589858627,0.005011825193604407,126.11000000000001,3.8500000000000014,10.288197272971502,14.914475743018556,12.601336507994802,4.626278470047055,0.367125986992409,1.1872675756762874,12.958508085660469,7.072887830668151,0.39000000000000057,0.6000000000000085,0.21000000000000796,12.026373629764818,13.925661552511611,3.396157421556623,3.9864669302100646
2025-06-11 18:48:17,1542.17,1549.83,1520.1765561358143,1527.7924295782082,61.5,65.74,1523.9844928570112,3047.9689857140224,7.615873442393877,0.004997343131175218,127.24,4.239999999999995,7.331147954728522,7.345856807263772,7.33850238099626,0.014708852535250116,0.0020043395460360575,-2.95704931824298,-7.568618935754785,-5.262834126998541,0.36999999999999744,0.7599999999999909,0.38999999999999346,11.977243640991572,13.280659784048456,3.3788073945397077,3.185843645796578
2025-06-11 18:48:18,1546.78,1583.6,1526.8274171018606,1541.744322183656,61.89,65.86,1534.2858696427584,3068.5717392855167,14.916905081795448,0.009722376623038514,127.75,3.969999999999999,6.650860966046366,13.951892605447938,10.301376785747152,7.301031639401572,0.7087432177764785,-0.6802869886821554,6.606035798184166,2.9628744047508917,0.39000000000000057,0.12000000000000455,0.269999999999996,12.010065421782333,14.542033412023452,4.3534714020585,2.8343835289784014
2025-06-11 18:48:19,1566.76,1552.91,1536.8105628263957,1544.535741637742,62.29,66.32,1540.6731522320688,3081.3463044641376,7.725178811346268,0.00501415812636195,128.60999999999999,4.029999999999994,9.983145724535007,2.791419454085826,6.387282589310416,7.1917262704491804,1.1259444128150278,3.3322847584886404,-11.160473151362112,-3.9140941964367357,0.3999999999999986,0.45999999999999375,0.05999999999999517,11.979419487229993,14.457384649043211,4.281891553916739,2.9447050461590147
2025-06-11 18:48:20,1542.17,1601.99,1538.1504221197968,1558.8993062283064,62.59,66.74,1548.5248641740516,3097.049728348103,20.74888410850963,0.013399128793567992,129.32999999999998,4.1499999999999915,1.3398592934011049,14.363564590564465,7.851711941982785,13.02370529716336,1.6587087930235127,-8.643286431133902,11.572145136478639,1.4644293526723686,0.30000000000000426,0.4200000000000017,0.11999999999999744,11.973438894306138,12.74880643207707,5.94786082961117,2.5255990361979284
2025-06-11 18:48:21,1532.94,1557.51,1536.8478165898478,1558.55197967123,62.59,66.81,1547.6998981305387,3095.3997962610774,21.70416308138215,0.014023495829892497,129.4,4.219999999999999,-1.3026055299490054,-0.3473265570764852,-0.824966043512859,0.9552789728725202,1.1579601638445693,-2.6424648233501102,-14.71089114764095,-8.676677985495644,0.0,0.07000000000000739,0.07000000000000739,11.960586446444761,10.208985255118405,6.789750072158008,4.190175205859914
2025-06-11 18:48:22,1536.02,1566.72,1536.6408624423857,1560.5939847534225,62.59,67.27,1548.6174235979042,3097.2348471958085,23.95312231103685,0.015467423994183866,129.86,4.679999999999993,-0.20695414746205643,2.042005082192645,0.9175254673655218,2.2489592296547016,2.451111013845846,1.095651382486949,2.3893316392691304,1.7424915108783807,0.0,0.45999999999999375,0.45999999999999375,11.925284242050052,6.342487359993272,6.550059420319007,4.709864370568451
2025-06-11 18:48:23,1572.91,1620.37,1545.7081468317892,1575.5379885650668,62.95,67.61,1560.623067698428,3121.246135396856,29.82984173327759,0.019114059205952858,130.56,4.659999999999997,9.06728438940354,14.94400381164428,12.005644100523796,5.87671942224074,0.4894963471795734,9.274238536865596,12.901998729451634,11.088118633158274,0.35999999999999943,0.3400000000000034,0.01999999999999602,11.953301591185099,7.180447174919915,8.112505679833871,5.229126868692434
2025-06-11 18:48:24,1580.58,1566.72,1554.426110123842,1573.3334914238,63.32,67.82,1563.879800773821,3127.759601547642,18.90738129995816,0.012090047635702296,131.14,4.499999999999993,8.717963292052673,-2.2044971412667564,3.256733075392958,10.92246043331943,3.353807888659599,-0.3493210973508667,-17.148500952911036,-8.748911025130838,0.36999999999999744,0.20999999999999375,0.1600000000000037,11.925269092943054,7.74645439720379,4.214478373958155,5.248902162852893
2025-06-11 18:48:25,1592.86,1585.13,1564.0345825928814,1576.28261856785,63.72,68.37,1570.1586005803656,3140.317201160731,12.248035974968616,0.0078005087910488526,132.09,4.650000000000006,9.608472469039498,2.949127144049953,6.278799806544612,6.659345324989545,1.0606078342297909,0.890509176986825,5.15362428531671,3.0220667311516536,0.3999999999999986,0.5500000000000114,0.1500000000000128,11.887036026143763,9.787968910125963,6.473392058294364,5.051827376803942
2025-06-11 18:48:26,1605.13,1631.08,1574.308436944661,1589.9819639258876,64.08,68.47,1582.1452004352743,3164.2904008705486,15.673526981226587,0.0099065035036026,132.55,4.390000000000001,10.273854351779619,13.69934535803759,11.986599854908718,3.425491006257971,0.28577668078896395,0.665381882740121,10.750218213987637,5.707800048364106,0.35999999999999943,0.09999999999999432,0.2600000000000051,11.93621417200347,12.34234863355731,6.931507931269317,5.03462477488398
2025-06-11 18:48:27,1574.44,1586.66,1574.341327708496,1589.1514729444157,64.13,68.7,1581.7464003264558,3163.4928006529117,14.810145235919663,0.009363160379881278,132.82999999999998,4.570000000000007,0.03289076383498468,-0.8304909814719394,-0.3988001088184774,0.8633817453069241,2.1649431915193356,-10.240963587944634,-14.52983633950953,-12.385399963727195,0.04999999999999716,0.23000000000000398,0.18000000000000682,11.908050804926637,9.953161127103483,6.874039655422892,5.442814653186658
2025-06-11 18:48:28,1586.72,1591.26,1577.435995781372,1589.678604708312,64.34,68.97,1583.5573002448418,3167.1146004896837,12.242608926939965,0.007731080471364056,133.31,4.6299999999999955,3.0946680728759475,0.52713176389625,1.810899918385985,2.5675363089796974,1.4178226334260653,3.061777309040963,1.3576227453681895,2.2097000272044625,0.21000000000000796,0.269999999999996,0.05999999999998806,11.878758445473583,8.781744628590364,2.76964365437578,4.794549221755048
2025-06-11 18:48:29,1600.53,1585.13,1583.2094968360288,1588.541453531234,64.45,68.97,1585.8754751836314,3171.7509503672627,5.3319566952052355,0.003362153444756238,133.42000000000002,4.519999999999996,5.77350105465689,-1.1371511770778397,2.318174938789525,6.91065223173473,2.9810732292145365,2.6788329817809426,-1.6642829409740898,0.5072750204035401,0.10999999999999943,0.0,0.10999999999999943,11.8863398538247,6.108484054337889,4.060669232094938,4.877302011151272
2025-06-11 18:48:30,1589.79,1598.93,1584.8546226270216,1591.1385901484257,64.57,69.32,1587.9966063877237,3175.9932127754473,6.283967521404065,0.003957166842907352,133.89,4.75,1.645125790992779,2.597136617191609,2.1211312040923076,0.9520108261988298,0.4488220132446775,-4.128375263664111,3.7342877942694486,-0.1970437346972176,0.11999999999999034,0.3499999999999943,0.23000000000000398,11.860457050767547,2.638950869712101,4.800632161371239,4.830921716350818
2025-06-11 18:48:31,1600.53,1586.66,1588.773466970266,1590.0189426113193,64.8,69.32,1589.3962047907926,3178.792409581585,1.24547564105319,0.0007836155871741952,134.12,4.519999999999996,3.918844343244473,-1.1196475371064025,1.3995984030689215,5.038491880350875,3.59995286458604,2.273718552251694,-3.7167841542980113,-0.7215328010233861,0.23000000000000398,0.0,0.23000000000000398,11.850553183270499,3.1300239011343436,5.4786667309300086,1.0902976119085637
2025-06-11 18:48:32,1611.26,1591.26,1594.3951002276997,1590.3292069584895,64.82,69.32,1592.3621535930947,3184.7243071861894,4.065893269210164,0.0025533722071215295,134.14,4.5,5.6216332574335866,0.3102643471702322,2.9659488023021368,5.311368910263354,1.7907817948033813,1.7027889141891137,1.4299118842766347,1.5663503992332153,0.01999999999999602,0.0,0.01999999999999602,11.870897135248232,3.3577156264654175,4.052947810882886,0.5851016258600065
2025-06-11 18:48:33,1595.93,1585.13,1594.7788251707748,1589.0294052188672,64.87,69.32,1591.9041151948209,3183.8082303896417,5.749419951907612,0.003611662218482501,134.19,4.449999999999989,0.3837249430750944,-1.2998017396223531,-0.45803839827385673,1.6835266826974475,3.675506275315831,-5.237908314358492,-1.6100660867925853,-3.4239872005759935,0.05000000000001137,0.0,0.05000000000001137,11.86306061056532,2.710147606101372,2.01307440440643,1.3138489098837707
2025-06-11 18:48:34,1600.53,1588.2,1596.216618878081,1588.8220539141503,64.91,69.32,1592.5193363961157,3185.0386727922314,7.394564963930634,0.004643312511370369,134.23,4.409999999999997,1.4377937073061275,-0.20735130471689445,0.6152212012948439,1.645145012023022,2.6740663918833283,1.0540687642310331,1.0924504349054587,1.0732595995687007,0.03999999999999204,0.0,0.03999999999999204,11.864108802294622,2.0272396321866544,2.39267434586209,1.3242963708503686
2025-06-11 18:48:35,1597.46,1640.26,1596.5274641585606,1601.6815404356128,64.98,69.71,1599.1045022970866,3198.209004594173,5.154076277052127,0.0032231015961904186,134.69,4.72999999999999,0.31084528047972526,12.859486521462486,6.585165900970878,12.54864124098276,1.9055919811436612,-1.1269484268264023,13.06683782617938,5.969944699676034,0.07000000000000739,0.39000000000000057,0.3199999999999932,11.872481182156102,3.608141568109018,2.2859124408475533,2.740043974338179
2025-06-11 18:48:36,1595.93,1589.73,1596.3780981189207,1598.6936553267096,64.98,69.76,1597.5358767228151,3195.0717534456303,2.31555720778897,0.0014494555271520088,134.74,4.780000000000001,-0.14936603963997186,-2.9878851089031286,-1.5686255742714366,2.838519069263157,1.8095569180201694,-0.4602113201196971,-15.847371630365615,-8.153791475242315,0.0,0.05000000000001137,0.05000000000001137,11.856433611892395,3.3718886776981885,1.8958874614063148,3.238799658132249
2025-06-11 18:48:37,1592.86,1591.26,1595.4985735891903,1596.8352414950323,64.98,69.76,1596.1669075421114,3192.333815084223,1.3366679058419777,0.0008374236420318023,134.74,4.780000000000001,-0.8795245297303609,-1.8584138316773533,-1.3689691807037434,0.9788893019469924,0.7150552406070504,-0.730158490090389,1.1294712772257753,0.19965639356769316,0.0,0.0,0.0,11.84627353195664,3.1377635016209644,2.5042661372327015,3.368684406841529
2025-06-11 18:48:38,1603.6,1595.86,1597.5239301918928,1596.5914311212741,65.05,69.76,1597.0576806565834,3194.115361313167,0.9324990706186327,0.0005838856550574788,134.81,4.710000000000008,2.025356602702459,-0.2438103737581514,0.8907731144720401,2.2691669764606104,2.5474101004894387,2.90488113243282,1.614603457919202,2.2597422951757835,0.06999999999999318,0.0,0.06999999999999318,11.846729981528473,2.4556789637751084,2.7636792463315847,3.299969667570415
2025-06-11 18:48:39,1600.53,1591.26,1598.2754476439195,1595.2585733409555,65.05,69.76,1596.7670104924375,3193.534020984875,3.01687430296397,0.0018893641221609482,134.81,4.710000000000008,0.7515174520267465,-1.3328577803185908,-0.29067016414592217,2.0843752323453373,7.1709047523508165,-1.2738391506757125,-1.0890474065604394,-1.1814432786179623,0.0,0.0,0.0,11.844573834640336,1.1107517429774538,1.6690286007940922,3.352927511644223
2025-06-11 18:48:40,1625.05,1580.53,1604.9690857329397,1591.5764300057165,65.08,69.76,1598.272757869328,3196.545515738656,13.3926557272232,0.008379455667315268,134.84,4.680000000000007,6.693638089020169,-3.6821433352390613,1.5057473768904401,10.37578142425923,6.8907804142459215,5.9421206369934225,-2.3492855549204705,1.7964175410363623,0.030000000000001137,0.0,0.030000000000001137,11.853105502938464,0.795401785567152,5.204110317181799,1.3547641953636136
2025-06-11 18:48:41,1605.13,1589.73,1605.0093142997048,1591.1148225042875,65.12,69.76,1598.0620684019962,3196.1241368039923,13.894491795417252,0.008694588315093824,134.88,4.640000000000001,0.04022856676510855,-0.4616075014289436,-0.21068946733180383,0.5018360681940521,2.3818641372309477,-6.65340952225506,3.2205358338101178,-1.716436844222244,0.04000000000000625,0.0,0.04000000000000625,11.848028295922063,0.8870844739544237,6.556969004445737,1.1189651671875989
2025-06-11 18:48:42,1600.53,1586.66,1603.8894857247785,1590.0011168782157,65.12,69.76,1596.9453013014972,3193.8906026029945,13.888368846562798,0.008696834404125837,134.88,4.640000000000001,-1.1198285749262595,-1.1137056260718055,-1.1167671004989188,0.00612294885445408,0.005482739748492671,-1.160057141691368,-0.6520981246428619,-0.906077633167115,0.0,0.0,0.0,11.839748587349858,0.6932626893524692,6.48125892701398,1.0387035775757287
2025-06-11 18:48:43,1595.93,1589.73,1601.899614293584,1589.933337658662,65.12,69.76,1595.916475976123,3191.832951952246,11.966276634921996,0.0074980594583465955,134.88,4.640000000000001,-1.989871431194615,-0.06777921955381316,-1.0288253253743278,1.922092211640802,1.8682377814753803,-0.8700428562683555,1.0459264065179923,0.087941775124591,0.0,0.0,0.0,11.83212087888495,0.9738444234299185,4.659427089804529,1.0537237590242754
2025-06-11 18:48:44,1603.6,1591.26,1602.3247107201878,1590.2650032439965,65.12,69.76,1596.2948569820921,3192.5897139641843,12.059707476191306,0.007554811954626115,134.88,4.640000000000001,0.42509642660388636,0.33166558533457646,0.3783810059692314,0.0934308412693099,0.24692199892007377,2.4149678577985014,0.3994448048883896,1.4072063313435592,0.0,0.0,0.0,11.834926194744707,1.0456861530460233,0.9602222186762707,1.0858063731344303
2025-06-11 18:48:45,1599.0,1588.2,1601.4935330401408,1589.7487524329974,65.12,69.76,1595.6211427365693,3191.2422854731385,11.744780607143412,0.007360632348879445,134.88,4.640000000000001,-0.8311776800469488,-0.516250810999054,-0.6737142455228877,0.3149268690478948,0.46744803704638144,-1.2562741066508352,-0.8479163963336305,-1.0520952514921191,0.0,0.0,0.0,11.829931278963805,0.9708534894249284,1.083884750566701,0.6206631264979229
2025-06-11 18:48:46,1591.33,1589.73,1598.9526497801057,1589.7440643247483,65.12,69.76,1594.348357052427,3188.696714104854,9.208585455357479,0.005775767515830861,134.88,4.640000000000001,-2.540883260035116,-0.004688108249183642,-1.2727856841422636,2.5361951517859325,1.9926317452755922,-1.7097055799881673,0.5115627027498704,-0.5990714386193758,0.0,0.0,0.0,11.820494848991194,0.9625799136346342,1.6711791648349055,0.6641472685633926
2025-06-11 18:48:47,1606.66,1598.93,1600.8794873350794,1592.0405482435613,65.19,70.17,1596.4600177893203,3192.9200355786406,8.838939091518114,0.005536586564955849,135.36,4.980000000000004,1.9268375549736447,2.29648391881301,2.1116607368933273,0.3696463638393652,0.17504998901158678,4.467720815008761,2.3011720270621936,3.384446421035591,0.06999999999999318,0.4099999999999966,0.3400000000000034,11.794178531287985,0.8377847372336238,1.5977664794890574,1.3863205859835048
2025-06-11 18:48:48,1597.46,1597.39,1600.0246155013094,1593.377911182671,65.19,70.17,1596.7012633419902,3193.4025266839803,6.646704318638513,0.0041627726282146196,135.36,4.980000000000004,-0.8548718337699484,1.3373629391096529,0.24124555266985226,2.1922347728796012,9.087113364391536,-2.781709388743593,-0.9591209797033571,-1.870415184223475,0.0,0.0,0.0,11.795960782698206,0.9481305507415363,2.23913350629344,1.2856106244263041
2025-06-11 18:48:49,1600.53,1589.73,1600.150961625982,1592.4659333870031,65.19,70.17,1596.3084475064925,3192.616895012985,7.68502823897893,0.004814250182143087,135.36,4.980000000000004,0.1263461246726365,-0.9119777956677808,-0.39281583549768584,1.0383239203404173,2.6432775444181145,0.9812179584425849,-2.2493407347774337,-0.6340613881675381,0.0,0.0,0.0,11.793058774478675,0.949617133604489,1.9181344061321488,1.2986004107254183
2025-06-11 18:48:50,1603.6,1591.26,1601.0132212194867,1592.1644500402524,65.19,70.17,1596.5888356298697,3193.1776712597393,8.84877117923429,0.005542298039558235,135.36,4.980000000000004,0.862259593504632,-0.30148334675072874,0.280388123377179,1.1637429402553607,4.150456787476366,0.7359134688319955,0.6104944489170521,0.6732039588748648,0.0,0.0,0.0,11.79513019972473,0.9798037219261856,1.06229890276779,1.2432748846672321
2025-06-11 18:48:51,1603.6,1598.93,1601.6599159146149,1593.8558375301893,65.19,70.17,1597.7578767224022,3195.5157534448044,7.804078384425566,0.004884393620108604,135.36,4.980000000000004,0.6466946951281898,1.6913874899369148,1.1690410925325523,1.044692794808725,0.8936314624442279,-0.21556489837644222,1.9928708366876435,0.8886529691553733,0.0,0.0,0.0,11.80376673255493,0.5749652391451532,0.9201907482275996,0.9736432181257066
2025-06-11 18:48:52,1599.0,1592.8,1600.994936935961,1593.591878147642,65.19,70.17,1597.2934075418016,3194.586815083603,7.403058788318958,0.004634751980274773,135.36,4.980000000000004,-0.6649789786538349,-0.2639593825472275,-0.4644691806006449,0.4010195961066074,0.863391478841582,-1.3116736737820247,-1.9553468724841423,-1.6335102731331972,0.0,0.0,0.0,11.800335370430453,0.5857657353540064,0.7946402721681689,0.6585214872882141
2025-06-11 18:48:53,1592.86,1595.86,1598.9612027019707,1594.1589086107315,65.19,70.17,1596.560055656351,3193.120111312702,4.802294091239219,0.003007900686991119,135.36,4.980000000000004,-2.0337342339903444,0.5670304630893952,-0.7333518854504746,2.6007646970797396,3.54640276008756,-1.3687552553365094,0.8309898456366227,-0.2688827048498297,0.0,0.0,0.0,11.794917581718627,0.6027078196071075,1.504145610497772,0.7663431904022099
2025-06-11 18:48:54,1600.53,1597.39,1599.353402026478,1594.9666814580487,65.19,70.17,1597.1600417422633,3194.3200834845265,4.386720568429382,0.0027465754533262357,135.36,4.980000000000004,0.3921993245073736,0.8077728473172101,0.5999860859121782,0.4155735228098365,0.6926374459844044,2.425933558497718,0.2407423842278149,1.3333379713626528,0.0,0.0,0.0,11.799350103006153,0.5056516418692554,1.9538446016940993,0.7768127087964843
2025-06-11 18:48:55,1600.53,1594.33,1599.6475515198586,1594.8075110935365,65.19,70.17,1597.2275313066975,3194.455062613395,4.840040426322048,0.003030276105579095,135.36,4.980000000000004,0.29414949338047336,-0.15917036451219246,0.06748956443425413,0.4533198578926658,6.716788660647029,-0.09804983112690024,-0.9669432118294026,-0.532496521477924,0.0,0.0,0.0,11.799848696120335,0.4277366489499562,1.6193570103893908,0.7751040889337639
2025-06-11 18:48:56,1592.86,1589.73,1597.950663639894,1593.5381333201522,65.19,70.17,1595.744398480023,3191.488796960046,4.412530319741791,0.002765186154611994,135.36,4.980000000000004,-1.6968878799646063,-1.269377773384349,-1.4831328266745913,0.42751010658025734,0.2882478296235743,-1.9910373733450797,-1.1102074088721565,-1.5506223911088455,0.0,0.0,0.0,11.78889174564961,0.6572080149358015,1.2666800854294433,0.7916657765860199
2025-06-11 18:48:57,1595.93,1586.66,1597.4454977299206,1591.818599990114,65.19,70.17,1594.6320488600172,3189.2640977200344,5.626897739806509,0.0035286495968148003,135.36,4.980000000000004,-0.505165909973357,-1.7195333300380753,-1.1123496200057161,1.2143674200647183,1.091712809094742,1.1917219699912494,-0.4501555566537263,0.3707832066688752,0.0,0.0,0.0,11.780674032796565,1.089974686615863,0.5013389632354305,0.8548072567184913
2025-06-11 18:48:58,1595.93,1592.8,1597.0666232974404,1592.0639499925855,65.19,70.17,1594.565286645013,3189.130573290026,5.002673304854852,0.003137327360388747,135.36,4.980000000000004,-0.37887443248018826,0.24535000247146854,-0.06676221500424617,0.6242244349516568,9.349825872105708,0.1262914774931687,1.9648833325095438,1.04558740500147,0.0,0.0,0.0,11.780180813126714,1.2997681530249379,0.5081620864666603,0.8674934171098496
2025-06-11 18:48:59,1591.33,1592.8,1595.6324674730804,1592.2479624944392,65.19,70.17,1593.9402149837597,3187.8804299675194,3.384504978641189,0.0021233575417082475,135.36,4.980000000000004,-1.4341558243600048,0.18401250185365825,-0.625071661253287,1.618168326213663,2.58876835689661,-1.0552813918798165,-0.06133750061781029,-0.5583094462490408,0.0,0.0,0.0,11.775562966963628,1.2958919265705442,0.832561873508341,0.663941715079955
2025-06-11 18:49:00,1599.0,1586.66,1596.4743506048103,1590.8509718708294,65.19,70.17,1593.66266123782,3187.32532247564,5.623378733980871,0.003528587866948283,135.36,4.980000000000004,0.8418831317299009,-1.3969906236097813,-0.2775537459397128,2.2388737553396822,8.066422167488298,2.2760389560899057,-1.5810031254634396,0.3475179153135741,0.0,0.0,0.0,11.773512481267046,0.8037916820903831,0.9428743404215854,0.5847120646160426
2025-06-11 18:49:01,1599.0,1591.26,1597.1057629536076,1590.9532289031222,65.19,70.17,1594.029495928365,3188.05899185673,6.1525340504854285,0.0038597366374594263,135.36,4.980000000000004,0.631412348797312,0.10225703229275496,0.3668346905449198,0.529155316504557,1.4424859143844972,-0.21047078293258892,1.4992476559025363,0.6443884364846326,0.0,0.0,0.0,11.776222548405306,0.41820852683508053,1.0717918882766042,0.5603389759593759
2025-06-11 18:49:02,1609.73,1586.66,1600.2618222152055,1589.8799216773416,65.26,70.17,1595.0708719462737,3190.1417438925473,10.381900537863885,0.006508739338138222,135.43,4.909999999999997,3.156059261597875,-1.0733072257805816,1.0413760179087603,4.229366487378456,4.0613211302393175,2.524646912800563,-1.1755642580733365,0.6745413273638405,0.07000000000000739,0.0,0.07000000000000739,11.777825150767544,0.5618548215046781,2.604910464484808,0.6427920382199419
2025-06-11 18:49:03,1608.2,1589.73,1602.2463666614042,1589.8424412580061,65.26,70.17,1596.044403959705,3192.08880791941,12.403925403398034,0.007771666856418818,135.43,4.909999999999997,1.9845444461986972,-0.0374804193354521,0.9735320134313952,2.0220248655341493,2.076996709548814,-1.1715148153991777,1.0358268064451295,-0.06784400447736516,0.0,0.0,0.0,11.785013602412253,0.9918016436850848,3.6942076117756426,0.7411122282591973
2025-06-11 18:49:04,1606.66,1585.13,1603.3497749960532,1588.6643309435046,65.26,70.17,1596.007052969779,3192.014105939558,14.685444052548519,0.009201365379946869,135.43,4.909999999999997,1.1034083346489751,-1.1781103145015095,-0.03735098992615349,2.2815186491504846,61.0815823644509,-0.881136111549722,-1.1406298951660574,-1.0108830033575487,0.0,0.0,0.0,11.784737806874704,1.0992529480548396,3.928185093671376,0.5896744034384067
2025-06-11 18:49:05,1608.2,1592.8,1604.5623312470398,1589.6982482076285,65.26,70.17,1597.130289727334,3194.260579454668,14.864083039411298,0.009306744180928524,135.43,4.909999999999997,1.2125562509866086,1.0339172641238292,1.1232367575551052,0.17863898686277935,0.1590393357605907,0.10914791633763343,2.2120275786253387,1.1605877474812587,0.0,0.0,0.0,11.793031661628165,1.1657095970900222,3.603177207458594,0.5062022134858828
2025-06-11 18:49:06,1608.2,1588.2,1605.4717484352798,1589.3236861557214,65.26,70.17,1597.3977172955006,3194.795434591001,16.148062279558417,0.010108980433995591,135.43,4.909999999999997,0.9094171882400133,-0.37456205190710534,0.26742756816656765,1.2839792401471186,4.801204482190524,-0.3031390627465953,-1.4084793160309346,-0.8558091893885376,0.0,0.0,0.0,11.795006316920137,0.9423039825038736,2.2917644195171634,0.5238842836047692
2025-06-11 18:49:07,1608.2,1589.73,1606.1538113264598,1589.425264616791,65.26,70.17,1597.7895379716256,3195.579075943251,16.728546709668763,0.010469806130058682,135.43,4.909999999999997,0.6820628911800668,0.10157846106972102,0.3918206761250076,0.5804844301103458,1.4815015745202083,-0.22735429705994648,0.47614051297682636,0.12439310795843994,0.0,0.0,0.0,11.7978994770267,0.8090118272912343,1.670117292357082,0.4892934820026673
2025-06-11 18:49:08,1605.13,1529.86,1605.897858494845,1574.5339484625931,65.26,69.92,1590.2159034787192,3180.4318069574383,31.36391003225185,0.019723051406993125,135.18,4.659999999999997,-0.25595283161487714,-14.891316154197966,-7.573634492906422,14.635363322583089,1.9324092552765162,-0.9380157227949439,-14.992894615267687,-7.965455169031429,0.0,-0.25,0.25,11.763692052929628,3.140995453567726,7.0990795978105705,3.607414334298088
2025-06-11 18:49:09,1606.66,1223.21,1606.0883938711336,1486.702961346945,65.26,67.57,1546.3956776090392,3092.7913552180785,119.38543252418867,0.07720238369495067,132.82999999999998,2.309999999999988,0.19053537628860795,-87.83098711564821,-43.820225869679916,88.02152249193682,2.0086961839268946,0.4464882079034851,-72.93967096145025,-36.246591376773495,0.0,-2.3500000000000085,2.3500000000000085,11.641915726621423,22.24202865377711,45.05125619942879,19.279530099467173
2025-06-11 18:49:10,1603.6,926.34,1605.4662954033502,1346.6122210102087,65.26,65.26,1476.0392582067793,2952.0785164135586,258.85407439314145,0.17537072457832126,130.52,0.0,-0.6220984677834167,-140.0907403367362,-70.35641940225992,139.46864186895277,1.9823157726266714,-0.8126338440720247,-52.259753221087976,-26.53619353258,0.0,-2.309999999999988,2.309999999999988,11.308912403446728,52.34939318408414,104.43287042505949,31.603857928315744
2025-06-11 18:49:11,1606.66,609.35,1605.7647215525126,1162.2966657576567,65.26,62.89,1384.0306936550846,2768.0613873101693,443.4680557948559,0.32041778950962707,128.15,2.3700000000000045,0.2984261491624238,-184.31555525255203,-92.00856455169469,184.61398140171445,2.0064868992875424,0.9205246169458405,-44.22481491581584,-21.652145149434773,0.0,-2.3700000000000045,2.3700000000000045,10.80008336211472,89.571622726151,178.79831808384196,39.649180334151445
2025-06-11 18:49:12,1595.93,438.66,1603.3060411643846,981.3874993182425,65.26,60.51,1292.3467702413136,2584.693540482627,621.9185418461421,0.48123193842840056,125.77000000000001,4.750000000000007,-2.4586803881279593,-180.9091664394142,-91.68392341377103,178.45048605128625,1.9463661398909622,-2.757106537290383,3.4063888131378235,0.32464113792366334,0.0,-2.3800000000000026,2.3800000000000026,10.275477140540959,120.9674726538048,240.08825916501306,35.84710161736769
2025-06-11 18:49:13,1595.93,129.5,1601.4620308732885,768.4156244886818,65.26,58.14,1184.9388276809852,2369.8776553619705,833.0464063846067,0.7030290393234158,123.4,7.1200000000000045,-1.8440102910960832,-212.97187482956065,-107.40794256032837,211.12786453846456,1.96566340942818,0.6146700970318761,-32.06270839014644,-15.724019146557339,0.0,-2.3699999999999974,2.3699999999999974,9.602421540344924,143.7066910816688,283.73564867015045,24.63899450765202
2025-06-11 18:49:14,1594.39,39.24,1599.6940231549665,586.1217183665113,65.26,56.24,1092.907870760739,2185.815741521478,1013.5723047884552,0.9274087331400866,121.5,9.020000000000003,-1.7680077183219964,-182.29390612217048,-92.03095692024635,180.5258984038485,1.9615779568467764,0.07600257277408673,30.677968707390164,15.376985640082012,0.0,-1.8999999999999986,1.8999999999999986,8.995126434284876,152.69506794371307,300.3653224168398,13.204814265970002
2025-06-11 18:49:15,1602.06,37.6,1600.2855173662247,448.9912887748835,65.26,56.24,1024.638403070554,2049.276806141108,1151.2942285913412,1.1236102648677082,121.5,9.020000000000003,0.591494211258123,-137.13042959162783,-68.26946769018491,137.72192380288595,2.017328191433343,2.3595019295801194,45.16347653054265,23.761489230061443,0.0,0.0,0.0,8.43323781594499,145.56194273162262,286.41730747238853,14.016550353624275
2025-06-11 18:49:16,1592.86,39.24,1598.4291380246684,346.55346658116264,65.26,56.24,972.4913023029155,1944.982604605831,1251.8756714435058,1.287287266417401,121.5,9.020000000000003,-1.8563793415562486,-102.43782219372088,-52.14710076763845,100.58144285216463,1.9288021662324417,-2.4478735528143716,34.692607397906954,16.122366922546462,0.0,0.0,0.0,8.004043574476313,127.76300236608238,252.01328607475142,21.904401267267893
2025-06-11 18:49:17,1594.39,37.6,1597.4193535185013,269.31509993587196,65.26,56.24,933.3672267271867,1866.7344534543734,1328.1042535826293,1.4229171692867923,121.5,9.020000000000003,-1.0097845061670796,-77.23836664529068,-39.12407557572885,76.2285821391236,1.9483803532480823,0.846594835389169,25.199455548430194,13.023025191909596,0.0,0.0,0.0,7.682034724651457,99.94565346311391,197.00848708392064,28.03406076188228
2025-06-11 18:49:18,1602.06,39.24,1598.579515138876,211.79632495190396,65.26,56.24,905.18792004539,1810.37584009078,1386.7831901869722,1.5320389920640942,121.5,9.020000000000003,1.1601616203747653,-57.518774983968,-28.179306681796675,58.678936604342766,2.082341314660768,2.169946126541845,19.71959166132268,10.944768893932178,0.0,0.0,0.0,7.450106276504393,74.84168113277603,148.0304107630948,25.111700056755947
2025-06-11 18:49:19,1566.76,42.53,1590.6246363541572,169.47974371392797,65.21,56.24,880.0521900340426,1760.1043800680852,1421.1448926402293,1.614841604985284,121.44999999999999,8.969999999999992,-7.954878784718858,-42.31658123797598,-25.13573001134739,34.361702453257124,1.3670460762706569,-9.115040405093623,15.20219374599202,3.0435766704492835,-0.05000000000001137,0.0,0.05000000000001137,7.246209821225467,57.05135320946501,108.53484528261191,17.854297182834106
2025-06-11 18:49:20,1208.86,44.18,1495.1834772656177,138.15480778544597,63.69,56.24,816.6691425255318,1633.3382850510636,1357.0286694801719,1.6616627189095539,119.93,7.449999999999996,-95.44115908853951,-31.324935928482006,-63.3830475085108,64.1162231600575,1.0115673617599548,-87.48628030382065,10.991645309493975,-38.24731749716341,-1.519999999999996,0.0,1.519999999999996,6.809548367514245,58.57720223558335,64.35581003750441,16.148217405747584
2025-06-11 18:49:21,944.75,44.18,1357.5751079492134,114.66110583908447,62.33,56.24,736.1181068941489,1472.2362137882978,1242.9140021101289,1.6884708972392992,118.57,6.089999999999996,-137.60836931640438,-23.493701946361497,-80.55103563138289,114.11466737004288,1.4166753420226441,-42.16721022786487,7.831233982120509,-17.16798812287209,-1.3599999999999994,0.0,1.3599999999999994,6.208299744335407,78.87873780423348,67.77074516136332,23.91649059294499
2025-06-11 18:49:22,792.39,44.18,1216.27883096191,97.04082937931335,60.95,56.24,656.6598301706117,1313.3196603412234,1119.2380015825966,1.704441094847172,117.19,4.710000000000001,-141.29627698730337,-17.62027645977112,-79.45827672353721,123.67600052753225,1.5564898217130225,-3.687907670898994,5.873425486590378,1.0927589078456776,-1.3799999999999955,0.0,1.3799999999999955,5.603377630917604,102.92274691247961,123.74006076356231,27.07387753479007
2025-06-11 18:49:23,669.42,45.82,1079.5641232214325,84.23562203448502,59.59,56.24,581.8998726279588,1163.7997452559175,995.3285011869475,1.7104806965868442,115.83000000000001,3.3500000000000014,-136.71470774047748,-12.805207344828332,-74.75995754265296,123.90950039564915,1.6574313684905913,4.581569246825893,4.815069114942787,4.698319180884255,-1.3599999999999994,0.0,1.3599999999999994,5.023740547390298,119.67192111402163,173.30406500764883,23.115588068532002
