time,force_left_raw,force_right_raw,force_left,force_right,dis_left,dis_right,force_avg,force_sum,force_diff,force_diff_ratio,total_delta_dis,dis_diff,left_force_rate,right_force_rate,force_rate,force_rate_diff,force_rate_ratio,left_force_acc,right_force_acc,force_acc,left_dis_rate,right_dis_rate,dis_rate_diff,stiffness_ratio,force_std_5s,force_diff_std_5s,force_rate_std_5s
2025-08-02 17:47:04,243.58,224.15,243.58,224.15,0.29,4.56,233.865,467.73,19.430000000000007,0.0830821196712543,4.85,4.27,0.0,0.0,0.0,0.0,0.0,0.0,0.0,0.0,0.0,0.0,0.0,48.219577686685014,0.0,0.0,0.0
2025-08-02 17:47:05,251.35,231.92,245.5225,226.0925,0.79,5.1,235.8075,471.615,19.430000000000007,0.08239771812856796,5.89,4.31,1.9424999999999955,1.9424999999999955,1.9424999999999955,0.0,0.0,1.9424999999999955,1.9424999999999955,1.9424999999999955,0.5,0.54,0.040000000000000036,40.03522240488584,0.0,0.0,0.0
2025-08-02 17:47:06,252.32,234.84,247.221875,228.27937500000002,1.09,5.61,237.750625,475.50125,18.942499999999995,0.07967381755705659,6.7,4.5200000000000005,1.6993750000000034,2.186875000000015,1.943125000000009,0.48750000000001137,0.25088439967352044,-0.24312499999999204,0.24437500000001933,0.0006250000000136424,0.30000000000000004,0.5100000000000007,0.21000000000000063,35.48516261415483,0.0,0.0,0.0
2025-08-02 17:47:07,256.21,243.58,249.46890625000003,232.10453125,1.33,6.11,240.78671875000003,481.57343750000007,17.364375000000024,0.07211516905097097,7.44,4.78,2.2470312500000205,3.825156249999992,3.0360937500000205,1.5781249999999716,0.5197877964776827,0.547656250000017,1.6382812499999773,1.0929687500000114,0.24,0.5,0.26,32.36380193362877,0.0,0.0,0.0
2025-08-02 17:47:08,256.21,248.43,251.1541796875,236.1858984375,1.57,6.65,243.6700390625,487.340078125,14.968281250000018,0.061428484380602305,8.22,5.08,1.6852734374999727,4.081367187499978,2.8833203124999613,2.3960937500000057,0.831018637989566,-0.5617578125000477,0.25621093749998636,-0.15277343750005912,0.24,0.54,0.30000000000000004,29.643553457292768,3.9107487014878473,1.9085197488723844,1.2096160646522263
2025-08-02 17:47:09,261.07,247.46,253.63313476562502,239.004423828125,1.8,7.16,246.318779296875,492.63755859375,14.628710937500017,0.059389344652765845,8.96,5.36,2.4789550781250114,2.8185253906250125,2.6487402343749977,0.33957031250000114,0.1282006366243348,0.7936816406250387,-1.262841796874966,-0.23458007812496362,0.22999999999999998,0.5099999999999998,0.2799999999999998,27.49093212119898,4.2689490392680725,2.2101795644178286,0.5188794110946209
2025-08-02 17:47:10,256.21,249.41,254.27735107421876,241.60581787109373,1.87,7.39,247.94158447265625,495.8831689453125,12.671533203125023,0.051106929799488915,9.26,5.52,0.6442163085937409,2.601394042968735,1.6228051757812523,1.9571777343749943,1.206045283524244,-1.8347387695312705,-0.21713134765627728,-1.0259350585937455,0.07000000000000006,0.22999999999999954,0.15999999999999948,26.77554618759288,4.1202609517921305,2.4564963398686137,0.6142589679274082
2025-08-02 17:47:11,254.26,255.24,254.27301330566405,245.01436340332032,1.87,7.63,249.64368835449218,499.28737670898437,9.258649902343734,0.03708745823410949,9.5,5.76,-0.00433776855470569,3.408545532226583,1.7021038818359386,3.4128833007812887,2.0050957712429893,-0.6485540771484466,0.8071514892578477,0.07929870605468636,0.0,0.2400000000000002,0.2400000000000002,26.27828021854863,3.507758040339809,3.027018243709466,0.6687468102300488
2025-08-02 17:47:12,251.35,255.24,253.54225997924803,247.57077255249024,1.87,7.86,250.55651626586913,501.11303253173827,5.97148742675779,0.023832896034475762,9.73,5.99,-0.7307533264160213,2.556409149169923,0.9128279113769509,3.2871624755859443,3.6010718269510607,-0.7264155578613156,-0.85213638305666,-0.7892759704589878,0.0,0.23000000000000043,0.23000000000000043,25.750923999480488,2.7439496292599306,3.833353563808574,0.8067653333447682
2025-08-02 17:47:13,252.32,255.24,253.23669498443604,249.4880794143677,1.87,8.13,251.36238719940187,502.72477439880373,3.7486155700683526,0.014913192052800813,10.0,6.260000000000001,-0.30556499481198784,1.9173068618774494,0.8058709335327308,2.222871856689437,2.758343806496587,0.42518833160403346,-0.6391022872924736,-0.10695697784422009,0.0,0.27000000000000046,0.27000000000000046,25.136236206316568,2.036644763484747,4.518052755425121,0.7407290121465636
2025-08-02 17:47:14,256.21,257.18,253.98002123832703,251.41105956077575,1.9,8.37,252.6955403995514,505.3910807991028,2.568961677551272,0.010166232705662739,10.27,6.469999999999999,0.7433262538909844,1.9229801464080651,1.3331532001495248,1.1796538925170807,0.8848593001355526,1.0488912487029722,0.005673284530615774,0.527282266616794,0.029999999999999805,0.23999999999999844,0.20999999999999863,24.605210885524883,1.7908119002167007,4.135496127708876,0.4055915566652895
2025-08-02 17:47:15,259.12,256.21,255.26501592874527,252.6107946705818,1.94,8.6,253.93790529966356,507.8758105993271,2.65422125816346,0.010452245184030552,10.54,6.66,1.2849946904182445,1.1997351098060562,1.2423649001121646,0.0852595806121883,0.06862678749029638,0.5416684365272602,-0.7232450366020089,-0.09078830003736016,0.040000000000000036,0.23000000000000043,0.1900000000000004,24.092778103120065,1.7051977316594928,2.825380228884885,0.35687381869576607
2025-08-02 17:47:16,258.15,254.26,255.98626194655895,253.02309600293637,1.94,8.71,254.50467897474766,509.0093579494953,2.9631659436225846,0.011642874087488663,10.65,6.770000000000001,0.7212460178136837,0.41230133235455924,0.5667736750841073,0.30894468545912446,0.5450926074163038,-0.5637486726045609,-0.787433777451497,-0.6755912250280574,0.0,0.11000000000000121,0.11000000000000121,23.89715071151145,1.6683660666792615,1.41486607306772,0.31576779210653577
2025-08-02 17:47:17,256.21,255.24,256.04219645991924,253.57732200220227,1.94,8.71,254.80975923106075,509.6195184621215,2.4648744577169737,0.009673391064305514,10.65,6.770000000000001,0.055934513360284654,0.5542259992658956,0.3050802563130901,0.4982914859056109,1.6333074405404917,-0.665311504453399,0.14192466691133632,-0.26169341877101715,0.0,0.0,0.0,23.92579674227831,1.425302990629721,0.5199662661429163,0.4377462675404986
2025-08-02 17:47:18,256.21,255.24,256.0841473449394,253.99299150165172,1.94,8.71,255.03856942329557,510.07713884659114,2.0911558432877086,0.008199370941489169,10.65,6.770000000000001,0.04195088502018507,0.4156694994494501,0.22881019223481758,0.373718614429265,1.6333056559826677,-0.013983628340099585,-0.13855649981644547,-0.07627006407827253,0.0,0.0,0.0,23.947281265353457,0.9353996330532847,0.3161093226867215,0.5207123287085094
2025-08-02 17:47:19,255.24,259.12,255.87311050870457,255.2747436262388,1.94,8.77,255.5739270674717,511.1478541349434,0.5983668824657684,0.002341267307625366,10.709999999999999,6.83,-0.2110368362348538,1.2817521245870864,0.5353576441761163,1.4927889608219402,2.7883905061797396,-0.2529877212550389,0.8660826251376363,0.30654745194129873,0.0,0.05999999999999872,0.05999999999999872,23.86310954289096,0.6088394396444661,0.925413003406331,0.39991150765737804
2025-08-02 17:47:20,254.26,255.24,255.46983288152842,255.2660577196791,1.94,8.84,255.36794530060376,510.73589060120753,0.20377516184930755,0.0007979668740783767,10.78,6.9,-0.403277627176152,-0.008685906559691148,-0.20598176686792158,0.39459172061646086,1.9156540453186428,-0.1922407909412982,-1.2904380311467776,-0.7413394110440379,0.0,0.07000000000000028,0.07000000000000028,23.689046531684347,0.42731933290577806,1.2020320629543904,0.3109235759125369
2025-08-02 17:47:21,256.21,255.24,255.65487466114632,255.25954328975934,1.94,8.84,255.45720897545283,510.91441795090566,0.3953313713869875,0.0015475443868856757,10.78,6.9,0.18504177961790447,-0.006514429919775466,0.0892636748490645,0.19155620953767993,2.1459352186245875,0.5883194067940565,0.0021714766399156815,0.2952454417169861,0.0,0.0,0.0,23.697327020234308,0.316341935356534,1.04688012511121,0.2743035205394331
2025-08-02 17:47:22,253.29,255.24,255.06365599585973,255.2546574673195,1.94,8.84,255.15915673158963,510.31831346317927,0.19100147145977076,0.0007485581672153485,10.78,6.9,-0.5912186652865898,-0.0048858224398316,-0.2980522438631965,0.5863328428467582,1.9672083928597646,-0.7762604449044943,0.0016286074799438666,-0.387315918712261,0.0,0.0,0.0,23.669678391642975,0.21833214288711644,0.7974494427202906,0.33681516465809763
2025-08-02 17:47:23,254.26,255.24,254.86274199689478,255.25099310048964,1.94,8.84,255.0568675486922,510.1137350973844,0.38825110359485393,0.0015222138725534222,10.78,6.9,-0.20091399896494977,-0.0036643668298665943,-0.1022891828974366,0.19724963213508317,1.9283339470891323,0.39030466632164007,0.0012214556099650054,0.1957630609657599,0.0,0.0,0.0,23.660189600046625,0.2125250681313413,0.16712537817279527,0.33024065158551286
2025-08-02 17:47:24,259.12,255.24,255.9270564976711,255.24824482536724,1.94,8.84,255.58765066151915,511.1753013230383,0.6788116723038513,0.002655886025365646,10.78,6.9,1.0643145007763053,-0.0027482751223999458,0.5307831128269527,1.0670627758987052,2.010351760936355,1.265228499741255,0.0009160917074666486,0.6330722957243893,0.0,0.0,0.0,23.709427361047478,0.21662464689380762,0.19748437667877466,0.32840057642871723
2025-08-02 17:47:25,272.73,256.21,260.1277923732533,255.48868361902544,2.17,8.94,257.8082379961394,515.6164759922788,4.639108754227891,0.01799441620753385,11.11,6.77,4.2007358755822395,0.24043879365819976,2.220587334620234,3.9602970819240397,1.7834449637426073,3.136421374805934,0.2431870687805997,1.6898042217932812,0.22999999999999998,0.09999999999999964,0.13000000000000034,23.20505983718088,1.1355161980647244,1.8977948017355037,1.0159969680341614
2025-08-02 17:47:26,279.53,263.98,264.97834427993996,257.6115127142691,2.61,9.18,261.29492849710454,522.5898569942091,7.36683156567085,0.028193549640818744,11.79,6.57,4.850551906686633,2.1228290952436737,3.486690500965153,2.727722811442959,0.7823241060150852,0.6498160311043932,1.882390301585474,1.2661031663449194,0.43999999999999995,0.2400000000000002,0.19999999999999973,22.162417840092175,2.6578714258819534,3.211416341992759,1.6319661337918228
2025-08-02 17:47:27,290.23,268.84,271.291258209955,260.4186345357018,3.28,9.72,265.8549463728284,531.7098927456568,10.872623674253191,0.04089682656537398,13.0,6.440000000000001,6.312913930015043,2.807121821432702,4.560017875723872,3.505792108582341,0.7688108764737996,1.46236202332841,0.6842927261890281,1.073327374758719,0.6699999999999999,0.5400000000000009,0.129999999999999,20.4503789171115,4.494359574749812,4.470413818547302,1.9553767135127464
2025-08-02 17:47:28,300.93,274.67,278.70094365746627,263.9814759017764,4.16,10.52,271.3412097796213,542.6824195592426,14.719467755689891,0.054247077741702836,14.68,6.359999999999999,7.409685447511265,3.562841366074565,5.486263406792887,3.8468440814367,0.7011773032072027,1.0967715174962223,0.7557195446418632,0.9262455310690143,0.8800000000000003,0.7999999999999989,0.0800000000000014,18.48373237710415,6.336262632493981,5.433821186260372,1.9510662655257547
2025-08-02 17:47:29,312.6,285.37,287.1757077430997,269.3286069263323,5.14,11.43,278.252157334716,556.504314669432,17.84710081676735,0.06414002652694129,16.57,6.29,8.47476408563341,5.347131024555949,6.910947555094708,3.1276330610774608,0.4525620522484991,1.065078638122145,1.7842896584813843,1.4246841483018216,0.9799999999999995,0.9100000000000001,0.0699999999999994,16.79252507798376,8.12041240319936,5.34683729931369,1.8031979589901481
2025-08-02 17:47:30,322.33,292.17,295.96428080732477,275.03895519474924,6.15,12.21,285.501618001037,571.003236002074,20.925325612575534,0.07329319422353094,18.36,6.0600000000000005,8.78857306422509,5.710348268416908,7.249460666320999,3.0782247958081825,0.42461425930545527,0.31380897859168044,0.36321724386095866,0.33851311122629113,1.0100000000000007,0.7800000000000011,0.22999999999999954,15.550196211919433,9.658798129563097,5.395781810377592,1.5796421024894172
2025-08-02 17:47:31,333.04,298.01,305.2332106054936,280.78171639606194,7.16,12.92,293.00746350077776,586.0149270015555,24.451494209431644,0.083450072683615,20.08,5.76,9.268929798168813,5.742761201312703,7.505845499740758,3.5261685968561096,0.4697895962804327,0.48035673394372225,0.032412932895795166,0.2563848334197587,1.0099999999999998,0.7099999999999991,0.3000000000000007,14.592004427727757,10.842871350202907,5.279292216875374,1.265846224031523
2025-08-02 17:47:32,342.77,304.82,314.61740795412015,286.79128729704644,8.13,13.59,300.7043476255833,601.4086952511666,27.826120657073716,0.09253647572526767,21.72,5.459999999999999,9.384197348626572,6.0095709009844995,7.6968841248055355,3.374626447642072,0.4384405370383299,0.11526755045775872,0.26680969967179635,0.19103862506477753,0.9700000000000006,0.6699999999999999,0.3000000000000007,13.844582586602243,11.621050060933596,5.1908992829319605,0.8801350169262092
2025-08-02 17:47:33,352.51,315.52,324.0905559655901,293.9734654727848,9.14,14.3,309.0320107191875,618.064021438375,30.11709049280529,0.09745621602519358,23.44,5.16,9.47314801146996,7.182178175738386,8.327663093604201,2.2909698357315733,0.27510353563505047,0.08895066284338782,1.1726072747538865,0.6307789687986656,1.0099999999999998,0.7100000000000009,0.29999999999999893,13.183958939216234,12.141441761160651,4.982499222932637,0.5306353422651668
2025-08-02 17:47:34,357.38,324.28,332.4129169741926,301.55009910458864,10.15,15.07,316.98150803939063,633.9630160787813,30.862817869603987,0.09736472629944079,25.22,4.92,8.322361008602513,7.576633631803816,7.949497320203136,0.7457273767986976,0.09380810546289188,-1.150787002867446,0.39445545606542964,-0.37816577340106505,1.0099999999999998,0.7699999999999996,0.2400000000000002,12.568655649117169,12.490790496814851,4.140745520094582,0.41424053777830866
2025-08-02 17:47:35,349.59,335.96,336.7071877306445,310.15257432844146,10.42,15.88,323.42988102954297,646.8597620590859,26.554613402203017,0.08210315396824541,26.3,5.460000000000001,4.294270756451851,8.60247522385282,6.448372990152336,4.308204467400969,0.6681071032759985,-4.028090252150662,1.0258415920490052,-1.5011243300508,0.2699999999999996,0.8100000000000005,0.5400000000000009,12.29771363999351,12.204767351713517,2.616391100775154,0.7062416529375856
2025-08-02 17:47:36,345.69,346.67,338.95289079798334,319.2819307463311,10.42,16.76,329.1174107721572,658.2348215443144,19.67096005165223,0.05976882215295898,27.18,6.340000000000002,2.245703067338866,9.129356417889653,5.687529742614231,6.883653350550787,1.210306134958449,-2.0485676891129856,0.5268811940368323,-0.7608432475381051,0.0,0.8800000000000008,0.8800000000000008,12.108807897842137,11.298615105269938,4.450648447609162,1.1102202349156671
2025-08-02 17:47:37,342.77,355.43,339.9071680984875,328.3189480597483,10.42,17.67,334.1130580791179,668.2261161582358,11.588220038739166,0.0346835291942153,28.090000000000003,7.250000000000002,0.9542773005041454,9.03701731341721,4.995647306960677,8.082740012913064,1.6179561723052027,-1.2914257668347204,-0.09233910447244398,-0.6918824356535538,0.0,0.9100000000000001,0.9100000000000001,11.894376866669312,9.891313926017187,8.117033825256959,1.4319649279629123
2025-08-02 17:47:38,387.58,357.38,351.8253760738656,335.58421104481124,11.16,18.64,343.70479355933844,687.4095871186769,16.241165029054343,0.04725323965840229,29.8,7.48,11.918207975378095,7.265262985062918,9.591735480220564,4.652944990315177,0.4850993352361347,10.96393067487395,-1.771754328354291,4.596088173259886,0.7400000000000002,0.9699999999999989,0.22999999999999865,11.533717517638285,10.207315043040325,7.764051998420938,1.8467216898586019
2025-08-02 17:47:39,395.38,364.2,362.71403205539923,342.7381582836084,12.21,19.65,352.7260951695038,705.4521903390076,19.975873771790816,0.05663282073178769,31.86,7.439999999999998,10.888655981533645,7.153947238797173,9.02130161016538,3.7347087427364727,0.41398774701650404,-1.02955199384445,-0.11131574626574547,-0.570433870055183,1.0500000000000007,1.009999999999998,0.0400000000000027,11.071126305661567,11.68496285195528,5.496191773594249,2.0454932933424006
2025-08-02 17:47:40,404.15,369.07,373.0730240415494,349.3211187127063,13.25,20.7,361.1970713771278,722.3941427542557,23.751905328843065,0.06575885339414815,33.95,7.449999999999999,10.358991986150158,6.582960429097909,8.470976207624005,3.7760315570522494,0.44576103376287746,-0.529663995383487,-0.5709868096992636,-0.5503254025413753,1.0399999999999991,1.0500000000000007,0.010000000000001563,10.639088681532817,13.144075189191158,4.573930598372147,2.072140403830666
2025-08-02 17:47:41,411.95,360.3,382.79226803116205,352.06583903452974,14.36,21.07,367.4290535328459,734.8581070656918,30.726428996632308,0.08362547440810932,35.43,6.710000000000001,9.719243989612664,2.744720321823422,6.231982155718072,6.974523667789242,1.1191499549208284,-0.6397479965374941,-3.838240107274487,-2.2389940519059337,1.1099999999999994,0.370000000000001,0.7399999999999984,10.37056288914149,13.33964405460282,7.296875660137956,1.960893264205898
2025-08-02 17:47:42,417.8,359.33,391.5442010233715,353.8818792758973,15.54,21.07,372.71304014963437,745.4260802992687,37.66232174747421,0.10104911175446042,36.61,5.530000000000001,8.751932992209447,1.8160402413675456,5.283986616788468,6.9358927508419015,1.3126247171369105,-0.9673109974032172,-0.9286800804558766,-0.9479955389296038,1.1799999999999997,0.0,1.1799999999999997,10.180634525239002,11.572533414593552,8.578874238942115,1.8647455028083377
2025-08-02 17:47:43,403.18,358.35,394.45315076752865,354.998909456923,15.85,21.07,374.7260301122258,749.4520602244517,39.45424131060565,0.10528823202781339,36.92,5.220000000000001,2.9089497441571552,1.1170301810257115,2.012989962591462,1.7919195631314437,0.8901776492948494,-5.842983248052292,-0.6990100603418341,-3.270996654197006,0.3100000000000005,0.0,0.3100000000000005,10.149675513611871,8.975288025564643,8.480122075513485,2.8057147905100415
2025-08-02 17:47:44,399.28,398.3,395.65986307564646,365.82418209269224,15.85,21.67,380.7420225841694,761.4840451683388,29.835680982954216,0.07836193310654752,37.52,5.820000000000002,1.206712308117801,10.825272635769238,6.015992471943548,9.618560327651437,1.5988315766147319,-1.7022374360393542,9.708242454743527,4.003002509352086,0.0,0.6000000000000014,0.6000000000000014,10.147708220587983,7.414861293960546,6.355226506755027,2.3335279244597484
2025-08-02 17:47:45,399.28,407.08,396.56489730673485,376.13813656951913,15.85,22.68,386.351516938127,772.703033876254,20.426760737215716,0.052870921398805004,38.53,6.83,0.9050342310883934,10.313954476826893,5.609494353957643,9.4089202457385,1.6773202671609782,-0.30167807702940763,-0.5113181589423448,-0.40649811798590463,0.0,1.009999999999998,1.009999999999998,10.027290602409458,7.327333829415922,7.53584520465695,1.7262394661801552
2025-08-02 17:47:46,444.15,410.98,408.4611729800512,384.8486024271393,16.62,23.73,396.65488770359525,793.3097754071905,23.612570552911848,0.059529256352003776,40.35,7.109999999999999,11.896275673316325,8.710465857620193,10.30337076546823,3.185809815696132,0.309200705187925,10.991241442227931,-1.6034886192067006,4.693876411510587,0.7700000000000014,1.0500000000000007,0.27999999999999936,9.830356328952638,9.671610150076706,8.372131966484275,2.956383264266282
2025-08-02 17:47:47,461.72,422.68,421.77587973503836,394.30645182035454,17.8,24.84,408.04116577769645,816.0823315553929,27.46942791468382,0.06732023666045771,42.64,7.039999999999999,13.314706754987185,9.457849393215213,11.386278074101199,3.856857361771972,0.33872851145416194,1.4184310816708603,0.74738353559502,1.0829073086329686,1.1799999999999997,1.1099999999999994,0.07000000000000028,9.569445502069675,13.225531625693543,7.268541584593626,3.8046749648325346
2025-08-02 17:47:48,472.46,432.44,434.44690980127876,403.8398388652659,19.01,26.02,419.14337433327233,838.2867486665447,30.60707093601286,0.07302291468086868,45.03,7.009999999999998,12.671030066240405,9.533387044911365,11.102208555575885,3.1376430213290405,0.2826142855278043,-0.6436766887467797,0.0755376516961519,-0.2840695185253139,1.2100000000000009,1.1799999999999997,0.030000000000001137,9.308091606155468,15.676634460077793,4.3039489344298945,2.834797661313013
2025-08-02 17:47:49,480.27,447.07,445.9026823509591,414.6473791489494,20.23,27.23,430.2750307499542,860.5500614999085,31.255303202009657,0.07264029026944109,47.46,7.0,11.455772549680319,10.807540283683522,11.131656416681892,0.6482322659967963,0.0582332209600123,-1.2152575165600865,1.2741532387721577,0.029447861106007167,1.2199999999999989,1.2100000000000009,0.00999999999999801,9.066056082678006,17.447624812050872,4.623052022013979,2.4363001774597466
2025-08-02 17:47:50,485.15,436.34,455.7145117632193,420.0705343617121,21.44,27.74,437.89252306246567,875.7850461249313,35.64397740150724,0.08139891741203284,49.18,6.299999999999997,9.811829412260238,5.4231552127626514,7.617492312511445,4.388674199497586,0.5761310209868323,-1.6439431374200808,-5.384385070920871,-3.5141641041704474,1.2100000000000009,0.509999999999998,0.7000000000000028,8.903873813716793,16.595803396733572,4.488967059332402,1.5581008930239963
2025-08-02 17:47:51,469.53,434.39,459.16838382241446,423.650400771284,21.81,27.74,441.4093922968492,882.8187845936984,35.51798305113044,0.08046494612597536,49.55,5.93,3.4538720591951346,3.5798664095719346,3.5168692343835346,0.12599435037679996,0.03582570353178961,-6.357957353065103,-1.8432888031907169,-4.10062307812791,0.36999999999999744,0.0,0.36999999999999744,8.908362934177323,13.761784646611913,3.4866503942495903,3.413999115287002
2025-08-02 17:47:52,466.6,433.41,461.0262878668109,426.09030057846303,21.81,27.74,443.55829422263696,887.1165884452739,34.93598728834786,0.07876301190762829,49.55,5.93,1.8579040443964345,2.4398998071790174,2.1489019257877544,0.5819957627825829,0.27083390124252926,-1.5959680147987,-1.1399666023929171,-1.3679673085957802,0.0,0.0,0.0,8.951731287001124,9.936902480191696,2.454397951781208,4.180067721498533
2025-08-02 17:47:53,466.6,474.41,462.41971590010814,438.1702254338473,21.81,28.44,450.29497066697775,900.5899413339555,24.249490466260852,0.05385245670519039,50.25,6.630000000000003,1.3934280332972548,12.079924855384263,6.736676444340787,10.686496822087008,1.5863156445265618,-0.4644760110991797,9.640025048205246,4.587774518553033,0.0,0.7000000000000028,0.7000000000000028,8.961093765291224,7.3705067992683295,4.857623203702778,3.543463386883804
2025-08-02 17:47:54,512.51,481.25,474.9422869250811,448.9401690753855,22.58,29.69,461.9412280002333,923.8824560004666,26.002117849695594,0.056288800863199116,52.269999999999996,7.110000000000003,12.522571024972933,10.769943641538191,11.646257333255562,1.7526273834347421,0.15048845159394791,11.129142991675678,-1.309981213846072,4.909580888914775,0.7699999999999996,1.25,0.4800000000000004,8.837597458630876,9.488699018531381,5.649217590368527,3.724273337142669
2025-08-02 17:47:55,527.18,487.11,488.0017151938108,458.4826268065391,23.76,30.97,473.24217100017495,946.4843420003499,29.519088387271722,0.062376284561682746,54.730000000000004,7.209999999999997,13.059428268729732,9.542457731153604,11.30094299994164,3.516970537576128,0.3112103323044775,0.5368572437567991,-1.227485910384587,-0.34531433331392236,1.1800000000000033,1.2799999999999976,0.09999999999999432,8.646851130153916,13.365667940298849,5.1010957149391745,4.353046602969118
2025-08-02 17:47:56,532.07,497.85,499.0187863953581,468.3244701049043,24.97,32.22,483.6716282501312,967.3432565002624,30.6943162904538,0.06346106414809004,57.19,7.25,11.01707120154731,9.841843298365234,10.429457249956272,1.1752279031820763,0.11268350426418398,-2.0423570671824223,0.2993855672116297,-0.8714857499853679,1.2099999999999973,1.25,0.0400000000000027,8.457276093597747,16.36831228593285,4.1802686368625785,4.028072508570883
2025-08-02 17:47:57,537.93,483.2,508.7465897965186,472.04335257867825,26.15,32.72,490.39497118759846,980.7899423751969,36.70323721784035,0.07484423637973125,58.87,6.57,9.727803401160486,3.718882473773931,6.723342937467237,6.008920927386555,0.8937399281182968,-1.289267800386824,-6.122960824591303,-3.706114312489035,1.1799999999999997,0.5,0.6799999999999997,8.330133563062084,16.189430515485242,4.824271978794452,2.4480343663590567
2025-08-02 17:47:58,522.29,482.22,512.132442347389,474.5875144340087,26.52,32.72,493.35997839069887,986.7199567813977,37.54492791338026,0.07610047324825246,59.239999999999995,6.199999999999999,3.385852550870368,2.544161855330458,2.965007203100413,0.8416906955399099,0.2838746599958075,-6.341950850290118,-1.174720618443473,-3.758335734366824,0.370000000000001,0.0,0.370000000000001,8.328156145552715,12.94652854744189,4.915739703020075,3.714694839734492
2025-08-02 17:47:59,516.42,483.2,513.2043317605418,476.74063582550656,26.52,32.72,494.97248379302414,989.9449675860483,36.46369593503522,0.07366812712889029,59.239999999999995,6.199999999999999,1.0718894131528032,2.153121391497848,1.6125054023252687,1.0812319783450448,0.6705287971482689,-2.3139631377175647,-0.39104046383260993,-1.3525018007751441,0.0,0.0,0.0,8.355376020216884,8.885512559263708,3.767581895477991,4.326283075822592
2025-08-02 17:48:00,519.36,523.27,514.7432488204064,488.3729768691299,26.52,33.43,501.5581128447682,1003.1162256895363,26.370271951276493,0.05257670292507335,59.95,6.91,1.538917059864616,11.632341043623342,6.585629051744036,10.093423983758726,1.5326436353778694,0.46702764671181285,9.479219652125494,4.973123649418767,0.0,0.7100000000000009,0.7100000000000009,8.366273636004912,6.535456560514299,4.85013562635972,3.4777995078899915
2025-08-02 17:48:01,567.28,531.09,527.8774366153048,499.0522326518475,27.27,34.68,513.4648346335762,1026.9296692671523,28.825203963457284,0.05613861351944227,61.95,7.41,13.134187794898367,10.679255782717576,11.906721788808,2.454932012180791,0.20618032818302962,11.59527073503375,-0.9530852609057661,5.321092737063964,0.75,1.25,0.5,8.288374920826493,9.18613526070608,5.1861616111328015,4.006503652927864
2025-08-02 17:48:02,576.09,538.91,539.9305774614786,509.01667448888554,28.44,35.92,524.4736259751821,1048.9472519503643,30.913902972593064,0.058942721583321665,64.36,7.48,12.053140846173847,9.964441837038066,11.008791341605956,2.08869900913578,0.18973007613577006,-1.08104694872452,-0.7148139456795093,-0.8979304472020431,1.1700000000000017,1.240000000000002,0.07000000000000028,8.149061805875084,13.20191858218881,4.837892014221659,4.622080687498166
2025-08-02 17:48:03,584.9,550.65,551.172933096109,519.4250058666642,29.62,37.13,535.2989694813866,1070.5979389627732,31.747927229444826,0.05930877692683469,66.75,7.510000000000002,11.242355634630371,10.408331377778609,10.82534350620449,0.8340242568517624,0.07704366880645191,-0.8107852115434753,0.44388954074054254,-0.18344783540146636,1.1799999999999997,1.2100000000000009,0.030000000000001137,8.019460096807888,16.43521760334084,3.758014538029447,4.311219709234356
2025-08-02 17:48:04,590.78,535.98,561.0746998220818,523.5637543999981,30.77,37.64,542.3192271110399,1084.6384542220799,37.51094542208375,0.0691676479049778,68.41,6.870000000000001,9.901766725972834,4.13874853333391,7.020257629653315,5.763018192638924,0.8209125185639381,-1.340588908657537,-6.269582844444699,-3.805085876551175,1.1499999999999986,0.509999999999998,0.6400000000000006,7.92748456634345,16.404635113739605,4.156206680813405,2.473018359003986
2025-08-02 17:48:05,596.65,534.02,569.9685248665613,526.1778157999986,31.95,37.64,548.0731703332799,1096.1463406665598,43.79070906656273,0.07989938452932203,69.59,5.690000000000001,8.893825044479513,2.614061400000537,5.753943222239968,6.279763644478976,1.0913841709147312,-1.007941681493321,-1.524687133333373,-1.266314407413347,1.1799999999999997,0.0,1.1799999999999997,7.875745975823163,13.903956126825957,6.082838678348312,2.7300795659638646
2025-08-02 17:48:06,580.99,533.04,572.7238936499209,527.8933618499989,32.32,37.64,550.3086277499599,1100.6172554999198,44.83053179992203,0.08146434465648072,69.96000000000001,5.32,2.755368783359586,1.7155460500002846,2.235457416679992,1.0398227333593013,0.46514966487437587,-6.138456261119927,-0.8985153500002525,-3.518485805559976,0.370000000000001,0.0,0.370000000000001,7.866046596396702,10.48744266612403,6.5084167872965795,3.6836693745171236
2025-08-02 17:48:07,580.01,580.01,574.5454202374407,540.9225213874992,32.32,38.31,557.7339708124699,1115.4679416249398,33.62289884994152,0.06028483210494974,70.63,5.990000000000002,1.8215265875197701,13.029159537500277,7.425343062510024,11.207632949980507,1.5093755731221885,-0.9338421958398158,11.313613487499993,5.1898856458300315,0.0,0.6700000000000017,0.6700000000000017,7.896559010560823,8.453106276883885,5.8784196369860835,3.1009201673651074
2025-08-02 17:48:08,580.01,586.86,575.9115651780805,552.4068910406244,32.32,39.56,564.1592281093524,1128.3184562187048,23.504674137456163,0.041663191745641356,71.88,7.240000000000002,1.366144940639856,11.484369653125214,6.425257296882478,10.118224712485357,1.574757658753532,-0.4553816468799141,-1.5447898843750636,-1.0000857656275457,0.0,1.25,1.25,7.848625768791412,8.534889348836757,8.66912579039965,2.075204505931227
2025-08-02 17:48:09,625.06,594.7,588.1986738835603,562.9801682804682,33.06,40.81,575.5894210820143,1151.1788421640285,25.218505603092126,0.04381335833426558,73.87,7.75,12.287108705479795,10.573277239843833,11.430192972661871,1.7138314656359626,0.1499389660171134,10.92096376483994,-0.9110924132813807,5.004935675779393,0.740000000000002,1.25,0.509999999999998,7.791923829566677,11.160370411107392,10.004748569930543,3.3088114713857437
2025-08-02 17:48:10,635.84,605.47,600.1090054126703,573.6026262103512,34.2,42.02,586.8558158115108,1173.7116316230215,26.506379202319067,0.0451667657421082,76.22,7.82,11.910331529109953,10.622457929883012,11.266394729496483,1.2878735992269412,0.11431105653915273,-0.376777176369842,0.04918069003917935,-0.16379824316538816,1.1400000000000006,1.2100000000000009,0.07000000000000028,7.699498925636472,14.496015423792487,8.769471478995388,3.813763375066152
2025-08-02 17:48:11,644.67,611.35,611.2492540595027,583.0394696577634,35.35,43.26,597.1443618586331,1194.2887237172663,28.209784401739284,0.04724114662440114,78.61,7.909999999999997,11.140248646832447,9.43684344741223,10.288546047122395,1.7034051994202173,0.1655632414974127,-0.7700828822775065,-1.1856144824707826,-0.9778486823740877,1.1499999999999986,1.2399999999999949,0.0899999999999963,7.596289966446294,16.112986329723707,3.8765476124039364,2.298781980979943
2025-08-02 17:48:12,649.57,602.53,620.8294405446271,587.9121022433226,36.49,43.74,604.3707713939748,1208.7415427879496,32.91733830130454,0.05446547021278937,80.23,7.25,9.580186485124386,4.872632585559131,7.226409535341645,4.707553899565255,0.6514373735815847,-1.5600621617080606,-4.564210861853098,-3.06213651178075,1.1400000000000006,0.480000000000004,0.6599999999999966,7.5329772387012035,16.179514451857337,3.596701284392134,2.342105557221981
2025-08-02 17:48:13,657.41,600.57,629.9745804084703,591.0765766824919,37.67,43.74,610.525578545481,1221.051157090962,38.898003725978356,0.06371232431397357,81.41,6.07,9.145139863843156,3.1644744391693393,6.1548071515062475,5.980665424673816,0.9717062299025822,-0.4350466212812307,-1.708158146389792,-1.0716023838353976,1.1799999999999997,0.0,1.1799999999999997,7.499392839283727,13.932863073936527,5.597896302218378,2.42745219563664
2025-08-02 17:48:14,646.63,595.67,634.1384353063527,592.2249325118689,38.04,43.74,613.1816839091108,1226.3633678182216,41.91350279448375,0.06835413357249312,81.78,5.700000000000003,4.163854897882402,1.1483558293770102,2.656105363629763,3.0154990685053917,1.1353080997797438,-4.981284965960754,-2.016118609792329,-3.4987017878764846,0.36999999999999744,0.0,0.36999999999999744,7.497941751175948,10.670002875491575,6.651756777469562,3.4390306272151427
2025-08-02 17:48:15,642.71,644.67,636.2813264797645,605.3361993839017,38.04,44.41,620.8087629318331,1241.6175258636663,30.94512709586286,0.049846472688102605,82.44999999999999,6.369999999999997,2.14289117341184,13.11126687203273,7.6270790227223415,10.96837569862089,1.438083206934275,-2.020963724470562,11.962911042655719,4.970973659092579,0.0,0.6699999999999946,0.6699999999999946,7.529517955152399,8.95871095348075,5.678506809996254,2.766926638842238
2025-08-02 17:48:16,641.73,653.49,637.6434948598234,617.3746495379262,38.04,45.62,627.5090721988747,1255.0181443977494,20.268845321897174,0.0323004816784114,83.66,7.579999999999998,1.362168380058847,12.038450154024531,6.700309267041575,10.676281773965684,1.5934011035998845,-0.780722793352993,-1.0728167180081982,-0.9267697556807661,0.0,1.2100000000000009,1.2100000000000009,7.500706008823437,9.029619947029795,8.374782998556931,1.9887743355463687
2025-08-02 17:48:17,688.81,657.41,650.4351211448675,627.3834871534447,38.75,46.84,638.909304149156,1277.818608298312,23.05163399142282,0.03607966546369413,85.59,8.090000000000003,12.791626285044117,10.008837615518473,11.400231950281295,2.782788669525644,0.2440992812745094,11.42945790498527,-2.0296125385060577,4.69992268323972,0.7100000000000009,1.220000000000006,0.5100000000000051,7.464765704923359,11.477629482254786,9.48444820202091,3.1379238762220982
2025-08-02 17:48:18,703.53,663.3,663.7088408586505,636.3626153650835,39.86,48.05,650.035728111867,1300.071456223734,27.34622549356709,0.042068803711651025,87.91,8.189999999999998,13.273719713783066,8.979128211638795,11.126423962710987,4.2945915021442715,0.3859812578197518,0.4820934287389491,-1.0297094038796786,-0.2738079875703079,1.1099999999999994,1.2099999999999937,0.09999999999999432,7.394331938545502,14.614255818457513,8.432944868108704,3.5942172083126516
2025-08-02 17:48:19,708.44,676.05,674.8916306439879,646.2844615238125,41.01,49.26,660.5880460839003,1321.1760921678006,28.6071691201754,0.04330561118454819,90.27,8.25,11.182789785337377,9.921846158729068,10.55231797203328,1.2609436266083094,0.11949445709044407,-2.0909299284456893,0.9427179470902729,-0.5741059906777082,1.1499999999999986,1.2100000000000009,0.060000000000002274,7.317913357327871,16.195495057950186,4.318371790102956,2.1626290172202767
2025-08-02 17:48:20,715.31,659.38,684.996222982991,649.5583461428594,42.12,49.77,667.2772845629252,1334.5545691258503,35.437876840131594,0.05310817198016214,91.89,7.650000000000006,10.104592339003034,3.2738846190468394,6.68923847902488,6.8307077199561945,1.0211486285361602,-1.0781974463343431,-6.647961539682228,-3.8630794930083994,1.1099999999999994,0.5100000000000051,0.5999999999999943,7.2616963467322755,16.070191057907405,5.804783591070838,2.392141743737045
2025-08-02 17:48:21,719.24,658.4,693.5571672372432,651.7687596071445,43.26,49.77,672.6629634221938,1345.3259268443876,41.78840763009873,0.0621238418648398,93.03,6.510000000000005,8.560944254252263,2.210413464285125,5.385678859268637,6.350530789967138,1.1791511853490537,-1.543648084750771,-1.0634711547617144,-1.3035596197562427,1.1400000000000006,0.0,1.1400000000000006,7.2306025603739785,13.560948579105592,7.382978627102807,2.787950994192426
2025-08-02 17:48:22,710.4,657.41,697.7678754279324,653.1790697053583,43.64,49.77,675.4734725666453,1350.9469451332907,44.58880572257408,0.06601118691920733,93.41,6.130000000000003,4.210708190689161,1.410310098213813,2.8105091444515438,2.8003980924753478,0.9964020581828679,-4.350236063563102,-0.8001033660713119,-2.5751697148170933,0.38000000000000256,0.0,0.38000000000000256,7.231275723534629,10.207597077957411,7.683343326529815,3.51466400328207
2025-08-02 17:48:23,706.48,706.48,699.9459065709493,666.5043022790187,43.64,50.41,683.225104424984,1366.450208849968,33.44160429193062,0.04894668539899315,94.05,6.769999999999996,2.1780311430169377,13.3252325736604,7.751631858338669,11.147201430643463,1.4380455878598633,-2.032677047672223,11.914922475446588,4.941122713887125,0.0,0.6399999999999935,0.6399999999999935,7.264488008086082,8.52825728289587,6.438219429789047,2.8628081010982487
2025-08-02 17:48:24,704.51,710.4,701.0869299282119,677.478226709264,43.64,51.58,689.2825783187379,1378.5651566374759,23.60870321894788,0.034251124179406754,95.22,7.939999999999998,1.1410233572626112,10.973924430245347,6.057473893753922,9.832901072982736,1.6232673259812913,-1.0370077857543265,-2.3513081434150536,-1.6941579645847469,0.0,1.1700000000000017,1.1700000000000017,7.2388423763904175,8.711746431782657,8.176511926246208,1.8544514189498107
2025-08-02 17:48:25,754.61,717.28,714.4676974461589,687.4286700319481,44.31,52.76,700.9481837390535,1401.896367478107,27.039027414210864,0.038574930362758345,97.07,8.449999999999996,13.380767517946992,9.95044332268401,11.665605420315615,3.4303241952629833,0.2940545113273396,12.239744160684381,-1.023481107561338,5.608131526561692,0.6700000000000017,1.1799999999999997,0.509999999999998,7.221058787658338,11.36298829428216,9.075854787328625,3.2797006122372125
2025-08-02 17:48:26,759.53,725.13,725.7332730846192,696.8540025239611,45.42,53.98,711.2936378042901,1422.5872756085803,28.879270560658142,0.04060105276521975,99.4,8.559999999999995,11.265575638460291,9.425332492013013,10.345454065236595,1.8402431464472784,0.17787938131701636,-2.1151918794867015,-0.5251108306709966,-1.3201513550790196,1.1099999999999994,1.2199999999999989,0.10999999999999943,7.155871535698376,14.228613690084103,8.12599328316856,3.511720272426092
2025-08-02 17:48:27,773.29,735.94,737.6224548134644,706.6255018929709,46.5,55.15,722.1239783532176,1444.2479567064352,30.996952920493527,0.042924696875814135,101.65,8.649999999999999,11.889181728845188,9.771499369009803,10.830340548927438,2.117682359835385,0.1955323708184536,0.6236060903848966,0.34616687699679005,0.4848864836908433,1.0799999999999983,1.1700000000000017,0.09000000000000341,7.104023327586761,15.848714630498678,3.755919522291042,2.3418953038233075
2025-08-02 17:48:28,779.19,717.28,748.0143411100984,709.2891264197281,47.61,55.66,728.6517337649132,1457.3034675298263,38.72521469037031,0.05314639743891412,103.27,8.049999999999997,10.39188629663397,2.6636245267571894,6.52775541169558,7.728261769876781,1.1839078057554802,-1.4972954322112173,-7.107874842252613,-4.302585137231858,1.1099999999999994,0.509999999999998,0.6000000000000014,7.055792841184472,15.863798079521946,5.654259560177867,2.5980712122230303
2025-08-02 17:48:29,786.07,719.24,757.5282558325738,711.776844814796,48.72,55.66,734.6525503236849,1469.3051006473697,45.75141101777774,0.062276256899051946,104.38,6.939999999999998,9.51391472247542,2.4877183950679864,6.000816558771703,7.026196327407433,1.1708731782949944,-0.8779715741585505,-0.175906131689203,-0.5269388529238768,1.1099999999999994,0.0,1.1099999999999994,7.038250079377609,13.525418255712095,7.805945679027978,2.6146493161213455
2025-08-02 17:48:30,795.91,717.28,767.1236918744303,713.1526336110969,49.83,55.66,740.1381627427636,1480.2763254855272,53.97105826333336,0.0729202477418677,105.49,5.829999999999998,9.595436041856487,1.375788796300867,5.485612419078734,8.21964724555562,1.4984007471193705,0.08152131938106777,-1.1119295987671194,-0.515204139692969,1.1099999999999994,0.0,1.1099999999999994,7.01619258438308,11.22134689776023,10.417028103205652,2.542987370137522
2025-08-02 17:48:31,781.16,763.46,770.6327689058227,725.7294752083227,50.2,56.27,748.1811220570727,1496.3622441141454,44.903293697499976,0.06001660869767048,106.47,6.07,3.509077031392394,12.57684159722578,8.042959314309087,9.067764565833386,1.1274163008986988,-6.0863590104640934,11.201052800924913,2.557346895230353,0.37000000000000455,0.6100000000000065,0.240000000000002,7.027154269089118,10.075243252509459,8.570571723026905,2.15415329867779
2025-08-02 17:48:32,775.26,776.24,771.789576679367,738.3571064062421,50.2,57.41,755.0733415428045,1510.146683085609,33.43247027312486,0.04427711639313978,107.61,7.209999999999994,1.1568077735443012,12.627631197919413,6.892219485731857,11.470823424375112,1.664314635337304,-2.352269257848093,0.050789600693633474,-1.1507398285772297,0.0,1.1399999999999935,1.1399999999999935,7.0167580571140835,10.518603935881577,7.757773297003012,0.9712248388725443
2025-08-02 17:48:33,776.24,786.07,772.9021825095251,750.2853298046816,50.2,58.59,761.5937561571034,1523.1875123142067,22.616852704843495,0.029696741198704493,108.79,8.39,1.1126058301581452,11.928223398439513,6.520414614298829,10.815617568281368,1.658731315311167,-0.04420194338615602,-0.6994077994799,-0.371804871433028,0.0,1.1800000000000068,1.1800000000000068,7.0005859836061894,10.894861131039145,12.222178561589942,0.9713477544579772
2025-08-02 17:48:34,821.5,790.99,785.0516368821438,760.4614973535113,50.84,59.77,772.7565671178276,1545.5131342356551,24.590139528632562,0.031821327107611375,110.61000000000001,8.93,12.14945437261872,10.176167548829653,11.162810960724187,1.973286823789067,0.17677327457740769,11.036848542460575,-1.7520558496098602,4.6423963464253575,0.6400000000000006,1.1799999999999997,0.5399999999999991,6.986317332352501,12.49645173229677,13.39837727946901,2.1808693049474646
2025-08-02 17:48:35,832.33,799.85,796.8712276616079,770.3086230151334,51.92,60.91,783.5899253383707,1567.1798506767414,26.562604646474483,0.033898604044846015,112.83,8.989999999999995,11.819590779464079,9.847125661622158,10.833358220543118,1.9724651178419208,0.18207326810520308,-0.3298635931546414,-0.32904188720749517,-0.3294527401810683,1.0799999999999983,1.1399999999999935,0.05999999999999517,6.94487209424354,14.105577930491686,9.063617482353292,2.183263329283053
2025-08-02 17:48:36,840.2,780.17,807.7034207462059,772.7739672613501,53.0,61.42,790.2386940037779,1580.4773880075559,34.9294534848558,0.044201142902384465,114.42,8.420000000000002,10.832193084597975,2.4653442462166595,6.64876866540726,8.366848838381316,1.2584055786911994,-0.9873976948661038,-7.381781415405499,-4.184589555135858,1.0799999999999983,0.5100000000000051,0.5699999999999932,6.906473405849542,14.664880915884558,5.461041829611407,2.3678443897868684
2025-08-02 17:48:37,849.07,782.14,818.0450655596545,775.1154754460125,54.08,61.42,796.5802705028335,1593.160541005667,42.92959011364201,0.05389235918766951,115.5,7.340000000000003,10.341644813448625,2.341508184662416,6.341576499055577,8.000136628786208,1.261537311493494,-0.4905482711493505,-0.12383606155424332,-0.3071921663516832,1.0799999999999983,0.0,1.0799999999999983,6.8967988190998675,13.958428450247702,8.46369392349785,2.466905578996288
2025-08-02 17:48:38,857.93,780.17,828.0162991697408,776.3791065845094,55.15,61.42,802.197702877125,1604.39540575425,51.637192585231446,0.06436965892031632,116.57,6.270000000000003,9.971233610086301,1.2636311384968621,5.617432374291525,8.70760247158944,1.5501033819894035,-0.37041120336232325,-1.077877046165554,-0.7241441247640523,1.0700000000000003,0.0,1.0700000000000003,6.881682216654738,11.470242669524286,11.323120074270353,2.655709169422336
2025-08-02 17:48:39,844.14,825.43,832.0472243773056,788.641829938382,55.53,62.03,810.3445271578438,1620.6890543156876,43.40539443892362,0.05356412356802989,117.56,6.5,4.030925207564792,12.262723353872616,8.14682428071876,8.231798146307824,1.0104301814094592,-5.940308402521509,10.999092215375754,2.529391906427236,0.38000000000000256,0.6099999999999994,0.22999999999999687,6.8930292639062145,10.367912909196566,9.510784508443395,2.0699463725396554
2025-08-02 17:48:40,839.22,839.22,833.8404182829793,801.2863724537865,55.53,63.14,817.5633953683829,1635.1267907367658,32.55404582919277,0.039818374909882055,118.67,7.609999999999999,1.793193905673661,12.64454251540451,7.218868210539085,10.851348609730849,1.5031922996871279,-2.237731301891131,0.38181916153189377,-0.9279560701796754,0.0,1.1099999999999994,1.1099999999999994,6.889385594328788,10.839756602226586,7.596105172239994,0.9514114074924331
2025-08-02 17:48:41,835.28,849.07,834.2003137122344,813.2322793403399,55.53,64.28,823.7162965262871,1647.4325930525742,20.968034371894532,0.025455407929725202,119.81,8.75,0.35989542925517526,11.945906886553416,6.152901157904239,11.586011457298241,1.8830157151799392,-1.4332984764184857,-0.6986356288510933,-1.0659670526348464,0.0,1.1400000000000006,1.1400000000000006,6.875188128295626,11.027160415050288,11.819389560422442,0.9952589616614438
2025-08-02 17:48:42,890.46,857.93,848.2652352841758,824.4067095052549,56.17,65.43,836.3359723947153,1672.6719447894307,23.85852577892092,0.028527441767306,121.60000000000001,9.260000000000005,14.06492157194134,11.174430164914952,12.619675868428203,2.8904914070263885,0.22904638820489887,13.705026142686165,-0.7714767216384644,6.466774710523964,0.6400000000000006,1.1500000000000057,0.5100000000000051,6.8777628743170425,13.013343401220927,12.972374926610415,2.786108203286103
2025-08-02 17:48:43,898.34,860.89,860.7839264631318,833.5275321289411,57.21,66.57,847.1557292960365,1694.311458592073,27.25639433419076,0.032174006926289786,123.78,9.359999999999992,12.518691178956033,9.120822623686195,10.81975690132117,3.397868555269838,0.31404293758319063,-1.5462303929853078,-2.0536075412287573,-1.7999189671070326,1.0399999999999991,1.1399999999999864,0.09999999999998721,6.844043645596969,14.753373407101714,8.835762378894355,2.6654984192523896
2025-08-02 17:48:44,898.34,845.13,870.1729448473488,836.4281490967059,58.25,67.08,853.3005469720274,1706.6010939440548,33.74479575064299,0.039546201899016246,125.33,8.829999999999998,9.389018384217025,2.9006169677647904,6.1448176759909074,6.488401416452234,1.0559142195364977,-3.129672794739008,-6.220205655921404,-4.674939225330263,1.0399999999999991,0.5100000000000051,0.529999999999994,6.8084300659347115,15.115607644388072,5.485699443571096,2.958397621340424
2025-08-02 17:48:45,906.23,843.16,879.1872086355116,838.1111118225293,59.3,67.08,858.6491602290205,1717.298320458041,41.076096812982314,0.04783804453286646,126.38,7.780000000000001,9.014263788162793,1.6829627258234723,5.348613256993076,7.331301062339321,1.3706916801401354,-0.3747545960542311,-1.217654241941318,-0.7962044189978315,1.0499999999999972,0.0,1.0499999999999972,6.7941854204370555,13.97391096377848,8.0871451076671,3.2764303858829087
2025-08-02 17:48:46,919.06,842.17,889.1554064766337,839.125833866897,60.38,67.08,864.1406201717654,1728.2812403435307,50.02957260973676,0.057895175141630534,127.46000000000001,6.699999999999996,9.968197841122105,1.0147220443676588,5.491459942744882,8.953475796754446,1.6304360333443602,0.9539340529593119,-0.6682406814558135,0.14284668575180604,1.0800000000000054,0.0,1.0800000000000054,6.779700403201514,10.748153235125562,10.586453912854177,3.3919297728515105
2025-08-02 17:48:47,927.94,884.54,898.8515548574753,850.4793754001728,61.42,67.62,874.665465128824,1749.330930257648,48.372179457302536,0.05530363473865344,129.04000000000002,6.200000000000003,9.696148380841578,11.353541533275802,10.52484495705869,1.6573931524342242,0.157474338265508,-0.27204946028052746,10.338819488908143,5.033385014313808,1.0399999999999991,0.5400000000000063,0.4999999999999929,6.778250607180513,10.524150600967461,9.660808323466272,2.7627919967768158
2025-08-02 17:48:48,937.81,897.36,908.5911661431065,862.1995315501296,62.46,68.76,885.395348846618,1770.790697693236,46.39163459297697,0.052396519363935724,131.22,6.300000000000004,9.739611285631213,11.720156149956779,10.729883717793996,1.9805448643255659,0.1845821196047999,0.043462904789635104,0.3666146166809767,0.2050387607353059,1.0399999999999991,1.1400000000000006,0.10000000000000142,6.747411538631356,12.869253870136331,6.612115452502506,2.737318288018616
2025-08-02 17:48:49,943.73,909.19,917.3758746073299,873.9471486625972,63.24,69.87,895.6615116349635,1791.323023269927,43.42872594473272,0.04848787776642197,133.11,6.630000000000003,8.7847084642234,11.747617112467651,10.266162788345468,2.9629086482442517,0.28860913475858,-0.9549028214078135,0.027460962510872378,-0.4637209294485274,0.7800000000000011,1.1099999999999994,0.3299999999999983,6.728731912750594,15.14828676786965,3.6323490783288808,2.791522658203894
2025-08-02 17:48:50,956.56,916.1,927.1719059554974,884.4853614969479,63.78,70.99,905.8286337262227,1811.6572674524455,42.68654445854952,0.04712430455618251,134.76999999999998,7.209999999999994,9.796031348167503,10.538212834350702,10.167122091259216,0.742181486183199,0.07299818046082873,1.0113228839441035,-1.2094042781169492,-0.0990406970862523,0.5399999999999991,1.1199999999999903,0.5799999999999912,6.721292772908883,16.503611690561723,3.1401980355515957,2.2160113036159412
2025-08-02 17:48:51,963.47,928.92,936.2464294666231,895.594021122711,64.32,72.1,915.920225294667,1831.840450589334,40.65240834391216,0.044384223840508996,136.42,7.780000000000001,9.074523511125676,11.108659625763039,10.0915915684443,2.034136114637363,0.20156740384049623,-0.7215078370418269,0.570446791412337,-0.07553052281491546,0.539999999999992,1.1099999999999994,0.5700000000000074,6.713973160685339,16.27785315932924,3.0669473665575495,0.26549718946531287
2025-08-02 17:48:52,966.44,938.79,943.7948220999673,906.3930158420333,64.86,73.21,925.0939189710002,1850.1878379420004,37.40180625793403,0.04043028005103146,138.07,8.349999999999994,7.548392633344179,10.798994719322309,9.173693676333187,3.25060208597813,0.3543394674300875,-1.5261308777814975,-0.3096649064407302,-0.9178978921111138,0.5400000000000063,1.1099999999999994,0.5699999999999932,6.7001804321780245,15.760485914815195,3.3427336656323026,0.5670007234903269
2025-08-02 17:48:53,976.31,945.7,951.9236165749754,916.2197618815248,65.39,74.32,934.0716892282501,1868.1433784565002,35.70385469345058,0.03822389123550675,139.70999999999998,8.929999999999993,8.128794475008135,9.826746039491582,8.977770257249858,1.6979515644834464,0.1891284056844612,0.5804018416639565,-0.9722486798307273,-0.19592341908332855,0.5300000000000011,1.1099999999999994,0.5799999999999983,6.685789725448862,15.199158648634302,3.3392958100832786,0.6091966573143578
2025-08-02 17:48:54,980.27,930.9,959.0102124312316,919.8898214111437,65.93,74.79,939.4500169211876,1878.9000338423753,39.120391020087936,0.041641801345273725,140.72000000000003,8.86,7.086595856256167,3.670059529618811,5.378327692937546,3.416536326637356,0.6352412657715989,-1.0421986187519678,-6.15668650987277,-3.5994425643123122,0.5400000000000063,0.4700000000000131,0.06999999999999318,6.67602338150344,13.571968789528011,2.7244498718899006,1.9626115378690285
2025-08-02 17:48:55,976.31,926.95,963.3351593234237,921.6548660583578,66.47,74.79,942.4950126908907,1884.9900253817814,41.68029326506587,0.04422335679192858,141.26,8.320000000000007,4.324946892192088,1.7650446472141539,3.044995769703064,2.559902244977934,0.8406912842891342,-2.7616489640640793,-1.9050148824046573,-2.333331923234482,0.539999999999992,0.0,0.539999999999992,6.672058657927454,10.890705839601925,2.4139581996183948,2.996288269570006
2025-08-02 17:48:56,989.16,926.95,969.7913694925677,922.9786495437684,67.01,74.79,946.3850095181681,1892.7700190363362,46.81271994879933,0.04946477324611075,141.8,7.780000000000001,6.456210169144015,1.3237834854105586,3.8899968272774004,5.132426683733456,1.3193906299237264,2.131263276951927,-0.4412611618035953,0.8450010575743363,0.5400000000000063,0.0,0.5400000000000063,6.674083235853913,8.266805147212423,4.333425745962441,2.848985882231457
2025-08-02 17:48:57,997.06,962.49,976.6085271194257,932.8564871578262,67.55,75.3,954.732507138626,1909.465014277252,43.75203996159951,0.04582649023536419,142.85,7.75,6.817157626858034,9.877837614057853,8.347497620457943,3.060679987199819,0.3666583399844768,0.36094745771401904,8.554054128647294,4.457500793180543,0.539999999999992,0.5099999999999909,0.030000000000001137,6.683461676269965,7.758401031171654,4.258812085750848,2.6420814203882017
2025-08-02 17:48:58,1001.02,966.44,982.7113953395693,941.2523653683696,68.06,76.38,961.9818803539695,1923.963760707939,41.4590299711997,0.04309751646553569,144.44,8.319999999999993,6.102868220143591,8.395878210543401,7.249373215343439,2.29300999039981,0.31630454192123375,-0.7142894067144425,-1.4819594035144519,-1.098124405114504,0.5100000000000051,1.0799999999999983,0.5699999999999932,6.6600794357095685,9.243182254907587,2.886320985029867,2.2231092039309206
2025-08-02 17:48:59,1007.94,968.41,989.018546504677,948.0417740262772,68.59,76.98,968.5301602654771,1937.0603205309542,40.97677247839988,0.04230820486257218,145.57,8.39,6.307151165107712,6.789408657907529,6.5482799115076205,0.48225749279981756,0.07364642710307714,0.20428294496412036,-1.6064695526358719,-0.7010933038358189,0.5300000000000011,0.6000000000000085,0.07000000000000739,6.653363698647478,10.750848054575101,2.413073299003573,2.2576107673377477
2025-08-02 17:49:00,1008.92,978.29,993.9939098785078,955.6038305197078,69.13,77.59,974.7988701991078,1949.5977403982156,38.390079358799994,0.03938256443770401,146.72,8.460000000000008,4.97536337383076,7.562056493430646,6.268709933630703,2.586693119599886,0.41263557164881565,-1.3317877912769518,0.7726478355231166,-0.2795699778769176,0.539999999999992,0.6099999999999994,0.07000000000000739,6.643939909727153,11.186460051823746,3.1708165597911147,1.64583230497017
2025-08-02 17:49:01,1013.87,983.23,998.9629324088808,962.5103728897808,69.64,78.16,980.7366526493308,1961.4733052986617,36.452559519099964,0.03716855017446287,147.8,8.519999999999996,4.969022530372968,6.906542370072998,5.93778245022304,1.9375198397000304,0.32630355349642326,-0.006340843457792289,-0.6555141233576478,-0.3309274834076632,0.5100000000000051,0.5699999999999932,0.05999999999998806,6.635565940553213,10.257320013891908,2.833922057145879,0.9566877539679532
2025-08-02 17:49:02,1025.73,988.17,1005.6546993066605,968.9252796673356,70.18,78.77,987.2899894869981,1974.5799789739963,36.729419639324874,0.037202260727071126,148.95,8.58999999999999,6.6917668977797575,6.414906777554847,6.5533368376673025,0.27686012022491013,0.042247191749152986,1.72274436740679,-0.4916355925181506,0.6155543874442628,0.5400000000000063,0.6099999999999994,0.06999999999999318,6.628331539836634,9.934422450219673,2.333162083148172,0.48364729090142095
2025-08-02 17:49:03,1024.74,992.12,1010.4260244799955,974.7239597505018,70.68,79.34,992.5749921152486,1985.1499842304972,35.70206472949371,0.035969135810525424,150.02,8.659999999999997,4.771325173334958,5.7986800831661185,5.285002628250481,1.0273549098311605,0.19439057796281028,-1.9204417244447995,-0.6162266943887289,-1.268334209416821,0.5,0.5700000000000074,0.07000000000000739,6.616284398739929,9.583005534044897,2.103028539020419,0.5300314845718362
2025-08-02 17:49:04,1036.61,1004.97,1016.9720183599966,982.2854698128763,71.19,79.91,999.6287440864364,1999.2574881728729,34.68654854712031,0.034699430881332864,151.1,8.719999999999999,6.545993880001106,7.561510062374509,7.053751971187808,1.0155161823734034,0.1439682090543067,1.774668706666148,1.7628299792083908,1.7687493429373262,0.5099999999999909,0.5699999999999932,0.060000000000002274,6.615676621249238,9.730708164676141,1.3687965369052446,0.6637949389510086
2025-08-02 17:49:05,1037.6,1007.94,1022.1290137699974,988.6991023596572,71.73,80.48,1005.4140580648273,2010.8281161296545,33.429911410340196,0.03324989451752305,152.21,8.75,5.156995410000832,6.413632546780946,5.785313978390832,1.256637136780114,0.2172115332482111,-1.3889984700002742,-1.1478775155935637,-1.2684379927969758,0.5400000000000063,0.5700000000000074,0.030000000000001137,6.605440190916411,9.761410837409686,1.3561658448938667,0.6895770449448482
2025-08-02 17:49:06,1046.5,1012.88,1028.221760327498,994.7443267697429,72.23,81.09,1011.4830435486205,2022.966087097241,33.47743355775515,0.03309737492702572,153.32,8.86,6.092746557500618,6.045224410085666,6.068985483793199,0.04752214741495209,0.007830326783863605,0.9357511474997864,-0.3684081366952796,0.2836715054023671,0.5,0.6099999999999994,0.10999999999999943,6.597202171611129,9.687363271768412,1.429637024146197,0.6832322672873825
2025-08-02 17:49:07,1050.46,1012.88,1033.7813202456236,999.2782450773072,72.74,81.66,1016.5297826614654,2033.059565322931,34.5030751683164,0.03394202090571204,154.39999999999998,8.920000000000002,5.559559918125615,4.533918307564363,5.046739112844989,1.0256416105612516,0.20322853716021225,-0.5331866393750033,-1.5113061025213028,-1.02224637094821,0.5099999999999909,0.5699999999999932,0.060000000000002274,6.583742073042251,9.464259883120818,0.9450172377132069,0.7851093838920971
2025-08-02 17:49:08,1057.39,1020.79,1039.6834901842178,1004.6561838079804,73.24,82.24,1022.1698369960991,2044.3396739921982,35.02730637623745,0.03426759925229874,155.48,9.0,5.90216993859417,5.377938730673122,5.640054334633646,0.5242312079210478,0.09294788380921082,0.3426100204685554,0.8440204231087591,0.5933152217886573,0.5,0.5799999999999983,0.0799999999999983,6.5742849911359285,8.889250914724087,0.7288809449774178,0.7359822294919399
2025-08-02 17:49:09,1057.39,1019.8,1044.1101176381635,1008.4421378559853,73.75,82.81,1026.2761277470745,2052.552255494149,35.667979782178236,0.03475475925346072,156.56,9.060000000000002,4.4266274539456845,3.7859540480048963,4.106290750975404,0.6406734059407881,0.15602237853377157,-1.4755424846484857,-1.591984682668226,-1.5337635836582422,0.5100000000000051,0.5700000000000074,0.060000000000002274,6.5551617347465045,8.302257362437102,0.9749200551834769,0.778980702889056
2025-08-02 17:49:10,1067.29,1031.67,1049.9050882286226,1014.2491033919889,74.25,83.38,1032.0770958103058,2064.1541916206115,35.655984836633706,0.03454779196905987,157.63,9.129999999999995,5.7949705904591156,5.806965536003645,5.800968063231267,0.0119949455445294,0.0020677485802428936,1.368343136513431,2.0210114879987486,1.6946773122558625,0.5,0.5699999999999932,0.06999999999999318,6.547466150243226,8.06168249033282,0.9155733073665547,0.7812987924035102
2025-08-02 17:49:11,1071.25,1030.68,1055.241316171467,1018.3568275439918,74.76,83.95,1036.7990718577294,2073.5981437154587,36.88448862747509,0.03557534877593049,158.71,9.189999999999998,5.336227942844289,4.107724152002902,4.7219760474235954,1.228503790841387,0.2601672516624542,-0.45874264761482664,-1.699241384000743,-1.0789920158076711,0.5100000000000051,0.5700000000000074,0.060000000000002274,6.532663759845414,7.984594669373783,0.8909611673072935,0.6909129279142127
2025-08-02 17:49:12,1074.22,1042.55,1059.9859871286003,1024.4051206579938,75.26,84.49,1042.195553893297,2084.391107786594,35.58086647060645,0.034140297666352376,159.75,9.22999999999999,4.744670957133394,6.0482931140020355,5.396482035567715,1.3036221568686415,0.24156884183209504,-0.5915569857108949,1.9405689619991335,0.6745059881441193,0.5,0.539999999999992,0.03999999999999204,6.5239157894796955,8.00522714542725,0.6805576812952424,0.7063605077258828
2025-08-02 17:49:13,1064.32,1032.66,1061.0694903464503,1026.4688404934955,75.47,84.76,1043.769165419973,2087.538330839946,34.6006498529548,0.033149714482974886,160.23000000000002,9.290000000000006,1.083503217849966,2.0637198355016153,1.5736115266759043,0.9802166176516494,0.6229084994145648,-3.661167739283428,-3.98457327850042,-3.8228705088918105,0.20999999999999375,0.27000000000001023,0.060000000000016485,6.514193090593396,7.229741691295234,0.8102959555149787,1.6659821367016876
2025-08-02 17:49:14,1063.33,1029.69,1061.6346177598377,1027.2741303701216,75.47,84.76,1044.4543740649797,2088.9087481299593,34.36048738971613,0.0328980261943739,160.23000000000002,9.290000000000006,0.5651274133874722,0.8052898766261478,0.6852086450066963,0.24016246323867563,0.350494866773699,-0.5183758044624938,-1.2584299588754675,-0.888402881669208,0.0,0.0,0.0,6.518469497263371,5.286481191270348,1.0025135946012849,2.341278652172189
2025-08-02 17:49:15,1059.37,1028.7,1061.0684633198782,1027.6305977775912,75.47,84.76,1044.3495305487347,2088.6990610974694,33.437865542287,0.03201788724192731,160.23000000000002,9.290000000000006,-0.5661544399595186,0.3564674074696086,-0.10484351624495503,0.9226218474291272,8.79990561712876,-1.1312818533469908,-0.4488224691565392,-0.7900521612516513,0.0,0.0,0.0,6.5178151658922765,3.212108068814019,1.3127970587271525,2.462382055948338
2025-08-02 17:49:16,1081.15,1050.46,1066.0888474899089,1033.3379483331935,75.74,85.0,1049.713397911551,2099.426795823102,32.75089915671538,0.031199848635517863,160.74,9.260000000000005,5.020384170030638,5.707350555602261,5.363867362816336,0.6869663855716226,0.12807293898818317,5.586538609990157,5.350883148132652,5.468710879061291,0.269999999999996,0.23999999999999488,0.030000000000001137,6.530505109997797,2.8400329880184962,1.0907925756820516,2.621730547185654
2025-08-02 17:49:17,1089.07,1055.41,1071.8341356174317,1038.855961249895,76.21,85.57,1055.3450484336634,2110.6900968673267,32.97817436753667,0.031248712812206734,161.77999999999997,9.36,5.7452881275228265,5.518012916701537,5.631650522112295,0.22727521082128987,0.04035676034444057,0.7249039574921881,-0.18933763890072441,0.2677831592959592,0.46999999999999886,0.5699999999999932,0.09999999999999432,6.523334416555379,4.989009863956681,0.8231475310618253,2.6861438737829757
2025-08-02 17:49:18,1092.04,1055.41,1076.8856017130738,1042.9944709374213,76.68,86.11,1059.9400363252475,2119.880072650495,33.89113077565253,0.03197457363831316,162.79000000000002,9.429999999999993,5.051466095642127,4.138509687526266,4.594987891584196,0.9129564081158605,0.1986852263751837,-0.6938220318806998,-1.3795032291752705,-1.0366626305280988,0.4700000000000131,0.5400000000000063,0.06999999999999318,6.511088087807355,6.841895714630296,0.6575351704603124,2.728624392252383
2025-08-02 17:49:19,1098.97,1064.32,1082.4067012848054,1048.325853203066,77.18,86.65,1065.3662772439357,2130.7325544878713,34.08084808173953,0.03198979428738412,163.83,9.469999999999999,5.521099571731611,5.331382265644606,5.426240918688109,0.18971730608700454,0.034962928105658826,0.46963347608948425,1.1928725781183402,0.8312530271039122,0.5,0.5400000000000063,0.04000000000000625,6.502876583904407,8.266605355258987,0.5704398477342667,2.428683705746657
2025-08-02 17:49:20,1103.93,1066.3,1087.7875259636041,1052.8193899022995,77.66,87.19,1070.303457932952,2140.606915865904,34.968136061304676,0.03267123521787592,164.85,9.530000000000001,5.380824678798717,4.493536699233573,4.937180689016259,0.8872879795651443,0.17971548050157696,-0.14027489293289364,-0.8378455664110334,-0.4890602296718498,0.47999999999998977,0.539999999999992,0.060000000000002274,6.492589938977022,8.098691654640438,0.8952436837681312,0.4180456743872991
2025-08-02 17:49:21,1107.89,1074.22,1092.8131444727032,1058.1695424267245,78.03,87.76,1075.491343449714,2150.982686899428,34.643602045978696,0.03221188364254521,165.79000000000002,9.730000000000004,5.025618509099104,5.350152524425084,5.18788551676198,0.32453401532598036,0.06255611302934558,-0.3552061696996134,0.8566158251915112,0.25070482774572156,0.37000000000000455,0.5700000000000074,0.20000000000000284,6.487070010028613,8.011431783307208,0.7666295057643131,0.4070951645451363
2025-08-02 17:49:22,1111.85,1079.17,1097.5723583545273,1063.4196568200434,78.3,88.3,1080.4960075872855,2160.992015174571,34.15270153448387,0.031608355110110446,166.6,10.0,4.759213881824053,5.250114393318881,5.004664137571581,0.4909005114948286,0.09808858295223101,-0.2664046272750511,-0.10003813110620285,-0.1832213791903996,0.269999999999996,0.539999999999992,0.269999999999996,6.4855702347041735,8.102117169394896,0.4444625588581306,0.3083939781090537
2025-08-02 17:49:23,1119.78,1078.18,1103.1242687658955,1067.1097426150327,78.6,88.84,1085.117005690464,2170.234011380928,36.01452615086282,0.03318953249171236,167.44,10.240000000000009,5.551910411368226,3.6900857949892725,4.620998103178636,1.8618246163789536,0.40290521049836703,0.7926965295441732,-1.560028598329609,-0.3836660343929452,0.29999999999999716,0.5400000000000063,0.2400000000000091,6.480631863412759,7.858720682068341,0.7842270368484409,0.29930298809647676
2025-08-02 17:49:24,1122.75,1081.15,1108.0307015744215,1070.6198069612747,78.9,89.41,1089.325254267848,2178.650508535696,37.410894613146866,0.034343181186915664,168.31,10.509999999999991,4.906432808526006,3.510064346241961,4.2082485773839835,1.3963684622840447,0.331816931626019,-0.6454776028422202,-0.1800214487473113,-0.4127495257946521,0.30000000000001137,0.5699999999999932,0.2699999999999818,6.472136223609482,7.543765171592527,1.2969703089328157,0.38504414457335684
2025-08-02 17:49:25,1122.75,1090.06,1111.710526180816,1075.4798552209559,79.2,89.95,1093.595190700886,2187.190381401772,36.23067095986016,0.03312987404737033,169.15,10.75,3.6798246063945044,4.860048259681207,4.269936433037856,1.1802236532867028,0.27640303208073713,-1.2266082021315015,1.349983913439246,0.06168785565387225,0.29999999999999716,0.5400000000000063,0.2400000000000091,6.465239043663298,7.125817719643675,1.3055032249816245,0.4345091768801634
2025-08-02 17:49:26,1122.75,1082.14,1114.4703946356121,1077.144891415717,79.44,90.19,1095.8076430256647,2191.6152860513293,37.325503219895154,0.03406209422191342,169.63,10.75,2.7598684547961057,1.6650361947611145,2.2124523247787238,1.0948322600349911,0.4948498789887419,-0.9199561515983987,-3.1950120649200926,-2.057484108259132,0.23999999999999488,0.23999999999999488,0.0,6.459987246157387,6.222424642687593,1.3187293521346457,1.0824208317675277
2025-08-02 17:49:27,1129.69,1075.21,1118.275295976709,1076.6611685617877,79.71,90.19,1097.4682322692483,2194.9364645384967,41.61412741492131,0.037918297909140364,169.89999999999998,10.480000000000004,3.8049013410968655,-0.4837228539292937,1.6605892435836722,4.288624195026159,2.582590263670948,1.0450328863007599,-2.1487590486904082,-0.5518630811950516,0.269999999999996,0.0,0.269999999999996,6.45949514896853,5.028152078941044,2.2661719128073794,1.3543039259281457
2025-08-02 17:49:28,1132.66,1073.23,1121.8714719825318,1075.8033764213408,79.95,90.19,1098.8374242019363,2197.6748484038726,46.06809556119106,0.041924396188749206,170.14,10.239999999999995,3.5961760058228265,-0.857792140446918,1.3691919326879542,4.4539681462697445,3.2529879755702957,-0.20872533527403903,-0.3740692865176243,-0.29139731089571796,0.2400000000000091,0.0,0.2400000000000091,6.458430808413692,3.7298218070376397,4.0965396876559605,1.398117026495902
2025-08-02 17:49:29,1135.64,1099.96,1125.313603986899,1081.8425323160056,80.18,90.42,1103.5780681514523,2207.1561363029045,43.47107167089325,0.03939102532575554,170.60000000000002,10.239999999999995,3.4421320043670676,6.039155894664873,4.74064394951597,2.5970238902978053,0.5478207961055946,-0.15404400145575892,6.896948035111791,3.371452016828016,0.23000000000000398,0.23000000000000398,0.0,6.468804581961591,3.748528870778436,4.135229277483024,1.5495733244991008
2025-08-02 17:49:30,1133.66,1100.95,1127.4002029901742,1086.6193992370042,80.42,90.93,1107.0098011135892,2214.0196022271784,40.78080375316995,0.03683870158629857,171.35000000000002,10.510000000000005,2.086599003275296,4.7768669209986,3.431732962136948,2.690267917723304,0.7839383668447505,-1.3555330010917714,-1.2622889736662728,-1.3089109873790221,0.23999999999999488,0.5100000000000051,0.27000000000001023,6.460518206320811,4.631897778970412,3.243843117780867,1.3952894098036228
2025-08-02 17:49:31,1140.6,1109.87,1130.7001522426308,1092.432049427753,80.69,91.47,1111.566100835192,2223.132201670384,38.26810281487769,0.03442719488449421,172.16,10.780000000000001,3.2999492524565994,5.812650190748855,4.556299721602727,2.512700938292255,0.5514782916717547,1.2133502491813033,1.0357832697502545,1.1245667594657789,0.269999999999996,0.539999999999992,0.269999999999996,6.456587444113642,5.8164516583070975,2.926929706626765,1.5793042780042463
2025-08-02 17:49:32,1136.63,1112.84,1132.1826141819731,1097.5340370708147,80.79,91.97,1114.858325626394,2229.716651252788,34.648577111158374,0.031078905977234218,172.76,11.179999999999993,1.482461939342329,5.101987643061648,3.2922247912019884,3.6195257037193187,1.0994159979525078,-1.8174873131142704,-0.7106625476872068,-1.2640749304007386,0.10000000000000853,0.5,0.3999999999999915,6.453220185072782,6.340258492189425,4.444710051171224,1.3454297234407704
2025-08-02 17:49:33,1137.62,1107.89,1133.5419606364799,1100.1230278031112,80.82,92.27,1116.8324942197955,2233.664988439591,33.41893283336867,0.029922958882738934,173.08999999999997,11.450000000000003,1.359346454506749,2.588990732296452,1.9741685934016004,1.2296442777897028,0.6228665875007018,-0.12311548483557999,-2.512996910765196,-1.318056197800388,0.029999999999986926,0.29999999999999716,0.27000000000001023,6.452322420518073,5.476426596804152,4.179909004779185,1.1160129988068757
2025-08-02 17:49:34,1141.59,1115.82,1135.5539704773598,1104.0472708523334,80.89,92.61,1119.8006206648465,2239.601241329693,31.506699625026386,0.028135990474968908,173.5,11.719999999999999,2.012009840879955,3.924243049222241,2.9681264450509843,1.9122332083422862,0.6442557618375578,0.6526633863732059,1.3352523169257893,0.9939578516493839,0.07000000000000739,0.3400000000000034,0.269999999999996,6.454182214470688,4.929320062038589,3.7516400704877895,0.928476786370658
2025-08-02 17:49:35,1145.55,1115.82,1138.0529778580199,1106.9904531392501,80.99,92.88,1122.5217154986349,2245.0434309972698,31.062524718769737,0.027672092452393555,173.87,11.89,2.499007380660032,2.943182286916681,2.7210948337883565,0.4441749062566487,0.16323383423003546,0.4869975397800772,-0.9810607623055603,-0.24703161126262785,0.09999999999999432,0.269999999999996,0.1700000000000017,6.4560977111781055,4.254638583296312,2.8974309479778704,0.9468615229455049
2025-08-02 17:49:36,1141.59,1100.95,1138.9372333935148,1105.4803398544375,81.06,93.01,1122.2087866239763,2244.4175732479525,33.45689353907733,0.029813430359884048,174.07,11.950000000000003,0.8842555354949582,-1.5101132848126326,-0.31292887465860986,2.394368820307591,7.6514548919936844,-1.614751845165074,-4.4532955717293135,-3.0340237084469663,0.07000000000000739,0.13000000000000966,0.060000000000002274,6.446882174855484,3.3501009038010547,1.4934454533546222,1.4486881755657144
2025-08-02 17:49:37,1136.63,1105.91,1138.3604250451363,1105.5877548908281,81.09,93.01,1121.9740899679823,2243.9481799359646,32.772670154308116,0.02920982794356108,174.10000000000002,11.920000000000002,-0.5768083483785631,0.10741503639064831,-0.2346966559939574,0.6842233847692114,2.915339660600733,-1.4610638838735213,1.617528321203281,0.07823221866465246,0.030000000000001137,0.0,0.030000000000001137,6.444423225293273,2.3968524163090756,1.1035710588933074,1.5919846019496908
2025-08-02 17:49:38,1143.57,1103.93,1139.6628187838521,1105.1733161681211,81.16,93.01,1122.4180674759866,2244.8361349519732,34.489502615731,0.030727857635578393,174.17000000000002,11.850000000000009,1.302393738715864,-0.4144387227070183,0.44397750800430913,1.7168324614228823,3.8669269581090155,1.879202087094427,-0.5218537590976666,0.6786741639982665,0.06999999999999318,0.0,0.06999999999999318,6.444382276118759,1.128786408698936,1.4032832309049208,1.6065902555387948
2025-08-02 17:49:39,1137.62,1099.96,1139.152114087889,1103.8699871260908,81.19,93.01,1121.51105060699,2243.02210121398,35.28212696179821,0.03145945544740123,174.2,11.820000000000007,-0.5107046959631134,-1.3033290420303274,-0.9070168689966067,0.792624346067214,0.8738795267000184,-1.8130984346789774,-0.8888903193233091,-1.3509943770009158,0.030000000000001137,0.0,0.030000000000001137,6.438065695573619,0.4031080655567514,1.6270507178648206,1.4135103118001535
2025-08-02 17:49:40,1142.58,1114.82,1140.0090855659168,1106.607490344568,81.23,93.12,1123.3082879552426,2246.616575910485,33.40159522134877,0.02973502069713618,174.35000000000002,11.89,0.8569714780278446,2.7375032184772863,1.7972373482525654,1.8805317404494417,1.0463452119624876,1.367676173990958,4.040832260507614,2.704254217249172,0.04000000000000625,0.10999999999999943,0.06999999999999318,6.442834995769472,0.6645095803080235,0.9964338283495714,1.0343023577807315
2025-08-02 17:49:41,1141.59,1117.8,1140.4043141744376,1109.4056177584262,81.26,93.35,1124.904965966432,2249.809931932864,30.9986964160114,0.027556724635687754,174.61,12.08999999999999,0.3952286085207106,2.798127413858083,1.5966780111893968,2.4028988053373723,1.5049354244015565,-0.46174286950713395,0.060624195380796664,-0.20055933706316864,0.030000000000001137,0.22999999999998977,0.19999999999998863,6.442385656743864,1.3393950179604586,1.6498945427846687,1.1619428015855104
2025-08-02 17:49:42,1144.56,1110.86,1141.443235630828,1109.7692133188195,81.29,93.49,1125.6062244748236,2251.2124489496473,31.674022312008447,0.02813952303670596,174.78,12.199999999999989,1.038921456390426,0.36359556039337804,0.7012585083916747,0.6753258959970481,0.9630185229800237,0.6436928478697155,-2.434531853464705,-0.8954195027977221,0.030000000000001137,0.14000000000000057,0.10999999999999943,6.440131697188992,1.700073678086184,1.8171618673114311,1.0784852416771835
2025-08-02 17:49:43,1138.61,1108.88,1140.734926723121,1109.5469099891147,81.33,93.49,1125.1409183561177,2250.2818367122354,31.18801673400617,0.027719209387437507,174.82,12.159999999999997,-0.7083089077070781,-0.2223033297048005,-0.4653061187059393,0.4860055780022776,1.0444834357013548,-1.7472303640975042,-0.5858988900981785,-1.166564627097614,0.03999999999999204,0.0,0.03999999999999204,6.435996521680135,1.6829659286769643,1.8172892423115712,1.2070223956730077
2025-08-02 17:49:44,1145.55,1107.89,1141.9386950423407,1109.132682491836,81.36,93.49,1125.5356887670882,2251.0713775341765,32.80601255050465,0.02914702114625377,174.85,12.129999999999995,1.203768319219762,-0.41422749727871633,0.3947704109705228,1.6179958164984782,4.098563805622927,1.91207722692684,-0.19192416757391584,0.8600765296764621,0.030000000000001137,0.0,0.030000000000001137,6.437150027623324,0.9346742345894263,1.046587117872438,0.9224989499317366
2025-08-02 17:49:45,1142.58,1103.93,1142.0990212817555,1107.832011868877,81.36,93.49,1124.9655165753163,2249.9310331506326,34.26700941287845,0.030460497568614832,174.85,12.129999999999995,0.16032623941487145,-1.3006706229589327,-0.5701721917719169,1.460996862373804,2.5623738251065267,-1.0434420798048905,-0.8864431256802163,-0.9649426027424397,0.0,0.0,0.0,6.433889105755947,0.32346654506655015,1.3585649108875903,0.8929323346315446
2025-08-02 17:49:46,1145.55,1115.82,1142.9617659613166,1109.8290089016577,81.39,93.59,1126.395387431487,2252.790774862974,33.13275705965884,0.029414855032207136,174.98000000000002,12.200000000000003,0.8627446795610467,1.996997032780655,1.4298708561707372,1.1342523532196083,0.7932545481783161,0.7024184401461753,3.2976676557395876,2.000043047942654,0.030000000000001137,0.10000000000000853,0.07000000000000739,6.437280723478147,0.5533435078849881,1.2201847403379036,0.8350857324208978
2025-08-02 17:49:47,1144.56,1115.82,1143.3613244709873,1111.3267566762433,81.39,93.82,1127.3440405736153,2254.6880811472306,32.03456779474391,0.02841596408318095,175.20999999999998,12.429999999999993,0.3995585096706691,1.497747774585605,0.9486531421282507,1.0981892649149358,1.1576287038089685,-0.46318616989037764,-0.49924925819505006,-0.4812177140424865,0.0,0.22999999999998977,0.22999999999998977,6.434244815589126,0.9886914042179001,1.159946431294764,0.871481824323573
2025-08-02 17:49:48,1147.54,1115.82,1144.4059933532403,1112.4500675071824,81.43,94.09,1128.4280304302115,2256.856060860423,31.95592584605788,0.02831897556245191,175.52,12.659999999999997,1.0446688822530632,1.12331083093909,1.0839898565961903,0.07864194868602681,0.07254853507986979,0.6451103725823941,-0.3744369436465149,0.1353367144679396,0.04000000000000625,0.27000000000001023,0.23000000000000398,6.429056654518885,1.3891990190060788,0.9425395317269603,0.780933144820489
2025-08-02 17:49:49,1142.58,1118.79,1143.94949501493,1114.0350506303869,81.43,94.36,1128.9922728226584,2257.9845456453168,29.91444438454323,0.02649658910707672,175.79000000000002,12.929999999999993,-0.4564983383102117,1.584983123204438,0.5642423924468858,2.0414814615146497,3.618086607379849,-1.501167220563275,0.461672292265348,-0.5197474641493045,0.0,0.269999999999996,0.269999999999996,6.4223918675707745,1.6107628976435098,1.6151392476788282,0.7702886792721771
2025-08-02 17:49:50,1142.58,1124.73,1143.6071212611976,1116.70878797279,81.43,94.63,1130.1579546169937,2260.3159092339874,26.898333288407457,0.02380050784469565,176.06,13.199999999999989,-0.3423737537325451,2.6737373424032285,1.1656817943353417,3.0161110961357736,2.587420103301365,0.11412458457766661,1.0887542191987905,0.6014394018884559,0.0,0.269999999999996,0.269999999999996,6.41916362716023,1.4562270239981467,2.465181083785045,0.3179655713858749
2025-08-02 17:49:51,1143.57,1125.73,1143.597840945898,1118.9640909795926,81.43,94.9,1131.2809659627453,2262.5619319254906,24.63374996630546,0.02177509450410181,176.33,13.469999999999999,-0.009280315299520225,2.255303006802478,1.1230113457515927,2.2645833221019984,2.016525758304458,0.33309343843302486,-0.4184343356007503,-0.04267044858374902,0.0,0.27000000000001023,0.27000000000001023,6.415703281047139,1.5267208397133916,3.249048039204012,0.24471375217831687
2025-08-02 17:49:52,1143.57,1125.73,1143.5908807094236,1120.6555682346943,81.43,95.17,1132.123224472059,2264.246448944118,22.935312474729244,0.02025867145792893,176.60000000000002,13.739999999999995,-0.006960236474469639,1.691477255101745,0.8422585093137513,1.6984374915762146,2.016525159757534,0.0023200788250505866,-0.5638257517007332,-0.2807528364378413,0.0,0.269999999999996,0.269999999999996,6.410663748932023,1.538462468939777,3.702310884088047,0.2523151127320188
2025-08-02 17:49:53,1148.53,1129.69,1144.8256605320676,1122.9141761760206,81.46,95.44,1133.869918354044,2267.739836708088,21.911484356046913,0.0193245133167742,176.89999999999998,13.980000000000004,1.2347798226439863,2.258607941326318,1.7466938819850384,1.0238281186823315,0.5861516680685512,1.241740059118456,0.5671306862245729,0.904435372671287,0.029999999999986926,0.269999999999996,0.2400000000000091,6.409665980465677,1.8648906503379012,3.215466443333708,0.4404111955122743
2025-08-02 17:49:54,1146.54,1128.7,1145.2542453990507,1124.3606321320156,81.56,95.71,1134.807438765533,2269.614877531066,20.893613267035107,0.018411593487043066,177.26999999999998,14.149999999999991,0.42858486698310116,1.4464559559949066,0.9375204114890039,1.0178710890118055,1.0857043652957081,-0.8061949556608852,-0.8121519853314112,-0.8091734704960345,0.10000000000000853,0.269999999999996,0.1699999999999875,6.401576309380927,1.8908039616793253,2.369557554920453,0.3521437829678178
2025-08-02 17:49:55,1153.49,1124.73,1147.3131840492879,1124.4529740990115,81.56,95.98,1135.8830790741497,2271.7661581482994,22.860209950276385,0.020125495617721572,177.54000000000002,14.420000000000002,2.0589386502372236,0.09234196699594577,1.0756403086165847,1.9665966832412778,1.8283015606481108,1.6303537832541224,-1.3541139889989608,0.13811989712758077,0.0,0.27000000000001023,0.27000000000001023,6.397899474350851,1.8908826588254137,1.3866421864577119,0.35427037064098255
2025-08-02 17:49:56,1153.49,1135.64,1148.8573880369659,1127.2497305742586,81.56,96.25,1138.0535593056122,2276.1071186112245,21.607657462707266,0.018986503110543194,177.81,14.689999999999998,1.5442039876779745,2.7967564752470935,2.170480231462534,1.252552487569119,0.5770851502480453,-0.514734662559249,2.7044145082511477,1.0948399228459493,0.0,0.269999999999996,0.269999999999996,6.400391164193358,2.2181210633621466,0.8648632794136686,0.5774222516831367
2025-08-02 17:49:57,1151.5,1133.66,1149.5180410277244,1128.852297930694,81.56,96.52,1139.1851694792092,2278.3703389584184,20.665743097030372,0.018140811197829346,178.07999999999998,14.959999999999994,0.6606529907585355,1.6025673564354292,1.1316101735969823,0.9419143656768938,0.832365734497733,-0.8835509969194391,-1.1941891188116642,-1.0388700578655516,0.0,0.269999999999996,0.269999999999996,6.397041571665363,2.2185655346443416,0.8741105619769055,0.5254042910460811
2025-08-02 17:49:58,1150.51,1132.66,1149.7660307707933,1129.8042234480206,81.56,96.82,1139.7851271094069,2279.5702542188137,19.961807322772756,0.017513658347064028,178.38,15.259999999999991,0.24798974306895616,0.9519255173265719,0.5999576301976504,0.7039357742576158,1.173307189573573,-0.4126632476895793,-0.6506418391088573,-0.531652543399332,0.0,0.29999999999999716,0.29999999999999716,6.389646376946746,2.134429551700439,1.099418254918292,0.5893816356499172
2025-08-02 17:49:59,1151.5,1135.64,1150.199523078095,1131.2631675860155,81.56,97.09,1140.7313453320553,2281.4626906641106,18.93635549207943,0.016600188600907655,178.65,15.530000000000001,0.43349230730154886,1.4589441379948767,0.9462182226484401,1.0254518306933278,1.083735994945355,0.1855025642325927,0.5070186206683047,0.3462605924507898,0.0,0.27000000000001023,0.27000000000001023,6.385285972274107,1.863354428748569,1.507509240394978,0.5884879724357245
2025-08-02 17:50:00,1154.48,1140.6,1151.2696423085713,1133.5973756895114,81.6,97.36,1142.4335089990414,2284.8670179980827,17.672266619059883,0.01546896730915632,178.95999999999998,15.760000000000005,1.0701192304763936,2.334208103495939,1.7021636669860527,1.2640888730195456,0.7426360666138204,0.6366269231748447,0.8752639655010626,0.7559454443376126,0.03999999999999204,0.269999999999996,0.23000000000000398,6.383736603795848,1.6544228785741173,1.5257433913089362,0.6250077623690729
2025-08-02 17:50:01,1155.47,1139.6,1152.3197317314284,1135.0980317671335,81.6,97.63,1143.7088817492809,2287.4177634985617,17.221699964294885,0.015057765331765945,179.23,16.03,1.050089422857127,1.500656077622125,1.2753727502395122,0.450566654764998,0.353282051383277,-0.02002980761926665,-0.8335520258738143,-0.42679091674654046,0.0,0.269999999999996,0.269999999999996,6.381235704781818,1.8769797175616212,1.463751218308602,0.4071922398514651
2025-08-02 17:50:02,1147.54,1145.55,1151.1247987985712,1137.7110238253501,81.6,97.9,1144.4179113119608,2288.8358226239216,13.413774973221052,0.011721045982339136,179.5,16.30000000000001,-1.1949329328572276,2.612992058216605,0.7090295626799161,3.8079249910738326,5.3706076881665785,-2.2450223557143545,1.1123359805944801,-0.5663431875595961,0.0,0.27000000000001023,0.27000000000001023,6.375587214130215,1.9517786707281695,2.495529784120288,0.44878179198628376
2025-08-02 17:50:03,1153.49,1146.54,1151.7160990989285,1139.9182678690127,81.63,98.17,1145.8171834839704,2291.634366967941,11.7978312299158,0.010296434186601124,179.8,16.540000000000006,0.5913003003572612,2.207244043662513,1.3992721720096597,1.6159437433052517,1.1548450835975124,1.7862332332144888,-0.40574801455409215,0.6902426093297436,0.030000000000001137,0.269999999999996,0.23999999999999488,6.372731797059169,1.9382841075792037,3.0444380434069274,0.3882043395767746
2025-08-02 17:50:04,1154.48,1144.56,1152.4070743241964,1141.0787009017595,81.63,98.44,1146.742887612978,2293.485775225956,11.328373422436925,0.009878738760821053,180.07,16.810000000000002,0.6909752252679482,1.1604330327468233,0.9257041290074994,0.4694578074788751,0.5071353639168092,0.09967492491068697,-1.0468110109156896,-0.47356804300216027,0.0,0.269999999999996,0.269999999999996,6.368317216885993,1.702317266126288,2.9910051855219466,0.3917340771406763
2025-08-02 17:50:05,1152.49,1141.59,1152.4278057431472,1141.2065256763196,81.63,98.67,1146.8171657097334,2293.634331419467,11.221280066827603,0.009784715813961807,180.3,17.040000000000006,0.020731418950845182,0.1278247745601675,0.07427809675550634,0.10709335560932232,1.4417697614421172,-0.670243806317103,-1.0326082581866558,-0.8514260322519931,0.0,0.23000000000000398,0.23000000000000398,6.36060543177553,1.3927775984121185,2.5197863009379122,0.5259318688880232
2025-08-02 17:50:06,1157.45,1151.5,1153.6833543073603,1143.7798942572397,81.63,98.94,1148.7316242823,2297.4632485646,9.903460050120657,0.008621213025006505,180.57,17.310000000000002,1.2555485642130861,2.5733685809200324,1.9144585725664456,1.3178200167069463,0.6883509245067688,1.234817145262241,2.445543806359865,1.8401804758109392,0.0,0.269999999999996,0.269999999999996,6.361696948112106,1.5764615252389584,1.2650980066539887,0.6969027941017558
2025-08-02 17:50:07,1150.51,1141.59,1152.8900157305202,1143.2324206929297,81.63,99.21,1148.061218211725,2296.12243642345,9.657595037590454,0.008412090641143243,180.83999999999997,17.58,-0.7933385768401422,-0.5474735643099393,-0.6704060705749271,0.24586501253020288,0.36673988584182765,-2.0488871410532283,-3.1208421452299717,-2.5848646431413727,0.0,0.269999999999996,0.269999999999996,6.348491549785631,1.1564471128838143,0.9433348448618728,1.0344402923613807
2025-08-02 17:50:08,1156.46,1154.48,1153.78251179789,1146.0443155196972,81.63,99.48,1149.9134136587936,2299.8268273175872,7.738196278192845,0.006729372994130127,181.11,17.85000000000001,0.8924960673698479,2.811894826767457,1.8521954470686524,1.919398759397609,1.0362824971591502,1.68583464420999,3.359368391077396,2.5226015176435794,0.0,0.27000000000001023,0.27000000000001023,6.349254084863008,1.3384149162177512,1.4572107087424844,1.1238159258494569
2025-08-02 17:50:09,1155.47,1156.46,1154.2043838484176,1148.648236639773,81.63,99.75,1151.4263102440952,2302.8526204881905,5.556147208644688,0.004825447494457002,181.38,18.120000000000005,0.42187205052755417,2.603921120075711,1.5128965853016325,2.1820490695481567,1.442297939231037,-0.4706240168422937,-0.20797370669174597,-0.33929886176701984,0.0,0.269999999999996,0.269999999999996,6.348143697739285,1.7634414399717107,2.2059307925197564,1.1675516803145505
2025-08-02 17:50:10,1152.49,1146.54,1153.775787886313,1148.1211774798296,81.63,99.78,1150.9484826830712,2301.8969653661425,5.654610406483471,0.004913000439766461,181.41,18.150000000000006,-0.42859596210450945,-0.5270591599432919,-0.47782756102401436,0.09846319783878243,0.20606386028447124,-0.8504680126320636,-3.1309802800190027,-1.9907241463256469,0.0,0.030000000000001137,0.030000000000001137,6.344459932410624,1.426554864864345,2.089771328618984,1.2892675409639027
2025-08-02 17:50:11,1150.51,1154.48,1152.9593409147349,1149.7108831098722,81.66,99.89,1151.3351120123034,2302.670224024607,3.24845780486271,0.0028214702810232073,181.55,18.230000000000004,-0.8164469715782161,1.5897056300425447,0.3866293292321643,2.406152601620761,6.2233933028464286,-0.38785100947370665,2.1167647899858366,0.8644568902561787,0.030000000000001137,0.10999999999999943,0.0799999999999983,6.341697084387806,1.4067110186402247,2.4289092966751933,1.139199290693228
2025-08-02 17:50:12,1155.47,1147.54,1153.5870056860513,1149.168162332404,81.66,99.95,1151.3775840092276,2302.755168018455,4.418843353647162,0.003837875090830214,181.61,18.290000000000006,0.6276647713164039,-0.5427207774680483,0.0424719969241778,1.1703855487844521,27.555991654504812,1.44411174289462,-2.132426407510593,-0.3441573323079865,0.0,0.060000000000002274,0.060000000000002274,6.339835789160243,0.6363831225577739,1.6672372649312441,0.9873490920400902
2025-08-02 17:50:13,1157.45,1146.54,1154.5527542645384,1148.5111217493031,81.66,99.95,1151.5319380069209,2303.0638760138418,6.041632515235278,0.005246604380288029,181.61,18.290000000000006,0.9657485784871369,-0.6570405831009793,0.15435399769330616,1.6227891615881163,10.51335678040369,0.33808380717073305,-0.11431980563293109,0.11188200076912835,0.0,0.0,0.0,6.340685709301443,0.22232493733216366,1.1431498162844935,0.736268006255958
2025-08-02 17:50:14,1157.45,1136.63,1155.2770656984037,1145.5408413119774,81.66,99.95,1150.4089535051905,2300.817907010381,9.73622438642633,0.008463272428728647,181.61,18.290000000000006,0.7243114338652958,-2.970280437325755,-1.1229845017303433,3.694591871191051,3.28997290303238,-0.24143714462184107,-2.3132398542247756,-1.2773384994236494,0.0,0.0,0.0,6.334502214474359,0.4520287793911935,2.4489465762120135,0.6036393144318253
2025-08-02 17:50:15,1155.47,1144.56,1155.3252992738028,1145.2956309839828,81.66,99.95,1150.3104651288927,2300.6209302577854,10.029668289819938,0.008719096787472078,181.61,18.290000000000006,0.04823357539908102,-0.2452103279945277,-0.09848837629783702,0.2934439033936087,2.9794472705992066,-0.6760778584662148,2.7250701093312273,1.0244961254325062,0.0,0.0,0.0,6.333959907466179,0.5836016708933205,3.0763407490653494,0.584057389486148
2025-08-02 17:50:16,1150.51,1144.56,1154.1214744553522,1145.111723237987,81.66,99.95,1149.6165988466696,2299.233197693339,9.009751217365192,0.007837179124385356,181.61,18.290000000000006,-1.2038248184505846,-0.18390774599583892,-0.6938662822230981,1.0199170724547457,1.469902240075377,-1.2520583938496657,0.061302581998688765,-0.5953779059252611,0.0,0.0,0.0,6.330139268303124,0.7982002321084477,2.484794233701405,0.5447972320124574
2025-08-02 17:50:17,1155.47,1136.63,1154.458605841514,1142.9912924284904,81.66,99.95,1148.7249491350021,2297.4498982700043,11.467313413023703,0.009982645028887049,181.61,18.290000000000006,0.3371313861619001,-2.120430809496611,-0.8916497116674691,2.457562195658511,2.7561938363315415,1.5409562046124847,-1.936523063500772,-0.197783429444371,0.0,0.0,0.0,6.325229573315195,1.0383772911225617,2.006980173754773,0.5394011908421291
2025-08-02 17:50:18,1155.47,1148.53,1154.7114543811356,1144.3759693213678,81.66,99.99,1149.5437118512518,2299.0874237025037,10.335485059767734,0.008990945663242577,181.64999999999998,18.33,0.2528485396214819,1.3846768928774509,0.8187627162496938,1.131828353255969,1.3823626167024745,-0.08428284654041818,3.5051077023740618,1.7104124279171629,0.0,0.03999999999999204,0.03999999999999204,6.3283440986672606,0.6810281115246539,0.9013448558076306,0.7789492142653452
2025-08-02 17:50:19,1149.52,1151.5,1153.4135907858517,1146.1569769910259,81.66,100.19,1149.7852838884387,2299.5705677768774,7.256613794825853,0.006311277322991611,181.85,18.53,-1.297863595283843,1.7810076696580381,0.24157203718687015,3.0788712649418812,12.7450948201649,-1.550712134905325,0.39633077678058726,-0.5771906790628236,0.0,0.20000000000000284,0.20000000000000284,6.3227125519149086,0.5718777354997021,1.5851113117804163,0.6959034169135636
2025-08-02 17:50:20,1148.53,1148.53,1152.1926930893887,1146.7502327432694,81.66,100.19,1149.471462916329,2298.942925832658,5.442460346119333,0.004734750289125484,181.85,18.53,-1.2208976964629983,0.5932557522435218,-0.31382097210962456,1.81415344870652,5.780836301904312,0.07696589882084481,-1.1877519174145164,-0.5553930092964947,0.0,0.0,0.0,6.320986838577632,0.4101156150246781,2.4043544889681825,0.700520827776106
2025-08-02 17:50:21,1147.54,1152.49,1151.0295198170415,1148.185174557452,81.66,100.29,1149.607347187247,2299.214694374494,2.844345259589545,0.002474188481897439,181.95,18.63000000000001,-1.1631732723471941,1.4349418141825936,0.1358842709178134,2.5981150865297877,19.119916890044607,0.05772442411580414,0.8416860619390718,0.449705243027438,0.0,0.10000000000000853,0.10000000000000853,6.318259636542937,0.4090737912062843,3.5264234284503417,0.6404489952303309
2025-08-02 17:50:22,1149.52,1161.42,1150.652139862781,1151.493880918089,81.66,100.53,1151.073010390435,2302.14602078087,0.8417410553079208,0.0007312664331267243,182.19,18.870000000000005,-0.37737995426050475,3.308706360636961,1.4656632031881145,3.686086314897466,2.514959638694516,0.7857933180866894,1.8737645464543675,1.329778932270301,0.0,0.23999999999999488,0.23999999999999488,6.317981250740731,0.6680700753936766,3.7115131150508853,0.6875986957551156
2025-08-02 17:50:23,1149.52,1145.55,1150.369104897086,1150.0079106885667,81.66,100.56,1150.1885077928264,2300.3770155856528,0.3611942085192368,0.0003140304443645729,182.22,18.900000000000006,-0.2830349656951512,-1.4859702295223087,-0.8845025976086163,1.2029352638271575,1.3600117253106345,0.09434498856535356,-4.79467659015927,-2.3501658007967308,0.0,0.030000000000001137,0.030000000000001137,6.312087045772908,0.6448568617793645,2.9631076884593455,0.8692908454411488
2025-08-02 17:50:24,1153.49,1157.45,1151.1493286728144,1151.868433016425,81.66,100.66,1151.5088808446196,2303.0177616892393,0.7191043436105247,0.0006244887511927657,182.32,19.0,0.7802237757284729,1.8605223278582343,1.32037305179324,1.0802985521297614,0.8181761453601542,1.063258741423624,3.346492557380543,2.204875649401856,0.0,0.09999999999999432,0.09999999999999432,6.3158670169413815,0.896272933426681,2.134401015220204,1.0242911342002943
2025-08-02 17:50:25,1154.48,1164.4,1151.9819965046108,1155.0013247623187,81.66,100.93,1153.4916606334648,2306.9833212669296,3.0193282577079117,0.0026175553392663686,182.59,19.27000000000001,0.8326678317964706,3.1328917458938577,1.9827797888451641,2.300223914097387,1.1600999601358415,0.052444056067997735,1.2723694180356233,0.6624067370519242,0.0,0.27000000000001023,0.27000000000001023,6.317386791807207,1.4932758240486743,1.2687865885233385,1.1609673504690958
2025-08-02 17:50:26,1153.49,1162.41,1152.358997378458,1156.8534935717391,81.66,101.17,1154.6062454750986,2309.212490950197,4.494496193281066,0.003892665752504222,182.82999999999998,19.510000000000005,0.377000873847237,1.852168809420391,1.114584841633814,1.475167935573154,1.323512178667891,-0.4556669579492336,-1.2807229364734667,-0.8681949472113502,0.0,0.23999999999999488,0.23999999999999488,6.3151902814631535,1.8199442254736349,1.79344872876591,1.1011149699342502
2025-08-02 17:50:27,1151.5,1157.45,1152.1442480338435,1157.0026201788044,81.66,101.2,1154.573434106324,2309.146868212648,4.8583721449608674,0.004207936885810526,182.86,19.540000000000006,-0.2147493446145745,0.1491266070652273,-0.03281136877467361,0.3638759516798018,11.089597163148467,-0.5917502184618115,-1.7030422023551637,-1.1473962104084876,0.0,0.030000000000001137,0.030000000000001137,6.313974777383512,1.9586777238508233,2.08412249097729,1.1456360950472313
2025-08-02 17:50:28,1153.49,1154.48,1152.4806860253825,1156.3719651341034,81.66,101.23,1154.426325579743,2308.852651159486,3.891279108720937,0.0033707470274432823,182.89,19.570000000000007,0.33643799153901455,-0.6306550447009158,-0.14710852658095064,0.9670930362399304,6.573966069476565,0.5511873361535891,-0.7797816517661431,-0.11429715780627703,0.0,0.030000000000001137,0.030000000000001137,6.312134721786912,1.3185081391691322,1.6506194441674251,0.9148767186958721
2025-08-02 17:50:29,1148.53,1162.41,1151.493014519037,1157.8814738505775,81.66,101.33,1154.6872441848072,2309.3744883696145,6.388459331540616,0.005532631765165247,182.99,19.67,-0.9876715063455777,1.5095087164741017,0.260918605064262,2.4971802228196793,9.570688343655311,-1.3241094978845922,2.1401637611750175,0.40802713164521265,0.0,0.09999999999999432,0.09999999999999432,6.310111142000634,0.4928606553181287,1.250305224126427,0.9005709825973472
2025-08-02 17:50:30,1153.49,1156.46,1151.9922608892778,1157.526105387933,81.66,101.33,1154.7591831386053,2309.5183662772106,5.533844498655299,0.004792206526405139,182.99,19.67,0.49924637024082585,-0.35536846264449196,0.07193895379805326,0.8546148328853178,11.879557711203926,1.4869178765864035,-1.8648771791185936,-0.18897965126620875,0.0,0.0,0.0,6.310504272518176,0.12580594279656526,0.963343477328082,0.5042191847421803
2025-08-02 17:50:31,1150.51,1148.53,1151.6216956669584,1155.2770790409497,81.66,101.33,1153.449387353954,2306.898774707908,3.655383373991299,0.0031690886578107807,182.99,19.67,-0.3705652223193283,-2.249026346983328,-1.3097957846512145,1.8784611246639997,1.4341622659916782,-0.8698115925601542,-1.893657884338836,-1.3817347384492678,0.0,0.0,0.0,6.303346527409189,0.5347377001861129,1.1379399027469645,0.6212632475558204
2025-08-02 17:50:32,1152.49,1153.49,1151.8387717502187,1154.8303092807123,81.66,101.33,1153.3345405154655,2306.669081030931,2.991537530493588,0.002593815950888585,182.99,19.67,0.21707608326028094,-0.4467697602374301,-0.11484683848857458,0.663845843497711,5.780220613936522,0.5876413055796093,1.802256586745898,1.19494894616264,0.0,0.0,0.0,6.30271891476445,0.6874194115151716,1.4136989155514015,0.615767402929459
2025-08-02 17:50:33,1148.53,1152.49,1151.011578812664,1154.2452319605343,81.66,101.33,1152.6284053865993,2305.2568107731986,3.2336531478702,0.0028054602246073835,182.99,19.67,-0.8271929375546279,-0.5850773201780157,-0.7061351288662081,0.24211561737661214,0.3428738560160627,-1.0442690208149088,-0.13830755994058563,-0.5912882903776335,0.0,0.0,0.0,6.2988600420118,0.9240482288930937,1.510826583504391,0.6430653041059078
2025-08-02 17:50:34,1153.49,1153.49,1151.631184109498,1154.0564239704006,81.66,101.33,1152.8438040399492,2305.6876080798984,2.425239860902593,0.0021037020369108475,182.99,19.67,0.6196052968339245,-0.18880799013368232,0.21539865334989372,0.8084132869676068,3.753085366643677,1.4467982343885524,0.3962693300443334,0.9215337822161018,0.0,0.0,0.0,6.300037148149691,0.8304769875088114,1.1855566156235944,0.6323169880335873
2025-08-02 17:50:35,1146.54,1152.49,1150.3583880821234,1153.6648179778003,81.66,101.33,1152.0116030299619,2304.0232060599237,3.306429895676956,0.002870135929282672,182.99,19.67,-1.2727960273746248,-0.39160599260026174,-0.8322010099873296,0.8811900347743631,1.0588655449027085,-1.8924013242085493,-0.20279800246657942,-1.0475996633372233,0.0,0.0,0.0,6.295489353158492,0.5800934853763016,0.45647365092309067,0.603427175437535
2025-08-02 17:50:36,1151.5,1153.49,1150.6437910615925,1153.6211134833502,81.66,101.33,1152.1324522724713,2304.2649045449425,2.9773224217576626,0.0025841841476654825,182.99,19.67,0.28540297946915416,-0.043704494450139464,0.12084924250939366,0.3291074739192936,2.7232669714643905,1.558199006843779,0.3479014981501223,0.9530502524967233,0.0,0.0,0.0,6.296149767617473,0.5394730970048535,0.3458908059793911,0.4791953294497105
2025-08-02 17:50:37,1149.52,1159.44,1150.3628432961946,1155.0758351125128,81.66,101.47,1152.7193392043537,2305.4386784087073,4.712991816318208,0.004088585705070837,183.13,19.810000000000002,-0.2809477653979684,1.4547216291625773,0.5868869318824181,1.7356693945605457,2.957411969596069,-0.5663507448671226,1.4984261236127168,0.4660376893730245,0.0,0.14000000000000057,0.14000000000000057,6.294541216129594,0.371152449984756,0.846385056838143,0.616629589117019
2025-08-02 17:50:38,1146.54,1156.46,1149.4071324721458,1155.4218763343847,81.66,101.47,1152.4145044032653,2304.8290088065305,6.014743862238902,0.005219253865720961,183.13,19.810000000000002,-0.9557108240487651,0.34604122187192843,-0.3048348010884183,1.3017520459206935,4.270338461797397,-0.6747630586507967,-1.1086804072906489,-0.8917217329708365,0.0,0.0,0.0,6.292876634687865,0.3600769362273758,1.458670068372794,0.543546097617006
2025-08-02 17:50:39,1148.53,1155.47,1149.1878493541094,1155.4339072507885,81.66,101.47,1152.310878302449,2304.621756604898,6.246057896679076,0.00542046248878612,183.13,19.810000000000002,-0.219283118036401,0.012030916403773517,-0.10362610081620005,0.2313140344401745,2.232177033018115,0.7364277060123641,-0.3340103054681549,0.20120870027221827,0.0,0.0,0.0,6.2923107738226305,0.27328727400264197,1.5014088472064835,0.5240372094709417
2025-08-02 17:50:40,1148.53,1149.52,1149.023387015582,1153.9554304380913,81.66,101.47,1151.4894087268367,2302.9788174536734,4.932043422509196,0.004283186089986885,183.13,19.810000000000002,-0.16446233852730074,-1.4784768126971812,-0.8214695756123547,1.3140144741698805,1.599587998864555,0.05482077950910025,-1.4905077291009547,-0.7178434747961546,0.0,0.0,0.0,6.287825055638135,0.4573388623689458,1.2997933896418508,0.5203312215713937
2025-08-02 17:50:41,1144.56,1153.49,1147.9075402616866,1153.8390728285685,81.66,101.47,1150.8733065451274,2301.746613090255,5.93153256688197,0.005153940514559536,183.13,19.810000000000002,-1.1158467538955392,-0.11635760952276542,-0.616102181709266,0.9994891443727738,1.622275576632916,-0.9513844153682385,1.3621192031744158,0.20536739390308867,0.0,0.0,0.0,6.284460766999763,0.7597094197198255,0.694077966740676,0.5443811773393192
2025-08-02 17:50:42,1149.52,1156.46,1148.310655196265,1154.4943046214264,81.66,101.47,1151.4024799088456,2302.8049598176913,6.18364942516132,0.0053705368259067245,183.13,19.810000000000002,0.4031149345785252,0.6552317928578759,0.5291733637182006,0.2521168582793507,0.47643437695634405,1.5189616884740644,0.7715894023806413,1.1452755454274666,0.0,0.0,0.0,6.287350371984357,0.6519125789744906,0.5347762951988958,0.5223163683832588
2025-08-02 17:50:43,1148.53,1156.46,1148.3654913971989,1154.9857284660698,81.66,101.47,1151.6756099316344,2303.351219863269,6.6202370688708925,0.0057483522322015045,183.13,19.810000000000002,0.054836200933777945,0.4914238446433501,0.2731300227887914,0.43658764370957215,1.5984549805138013,-0.34827873364474726,-0.16380794821452582,-0.25604334092940917,0.0,0.0,0.0,6.288841826258902,0.5191484827546532,0.6369240373376547,0.572399331959376
2025-08-02 17:50:44,1149.52,1151.5,1148.654118547899,1154.1142963495522,81.66,101.47,1151.3842074487256,2302.7684148974513,5.460177801653117,0.004742272615506585,183.13,19.810000000000002,0.28862715070022205,-0.8714321165175534,-0.29140248290877935,1.1600592672177754,3.980938236009071,0.2337909497664441,-1.3628559611609035,-0.5645325056975707,0.0,0.0,0.0,6.287250593357042,0.2981158255968091,0.652465685908302,0.5749326597520831
2025-08-02 17:50:45,1147.54,1153.49,1148.3755889109243,1153.958222262164,81.66,101.47,1151.166905586544,2302.333811173088,5.582633351239792,0.004849542945769256,183.13,19.810000000000002,-0.27852963697478117,-0.1560740873881059,-0.21730186218155723,0.12245554958667526,0.5635247891229489,-0.5671567876750032,0.7153580291294475,0.07410062072722212,0.0,0.0,0.0,6.2860639944328085,0.29935598061568697,0.46874179461439436,0.45976630144499037
2025-08-02 17:50:46,1146.54,1154.48,1147.9166916831932,1154.088666696623,81.66,101.47,1151.0026791899081,2302.0053583798162,6.171975013429801,0.005362259462689925,183.13,19.810000000000002,-0.4588972277310859,0.13044443445892284,-0.16422639663596783,0.5893416621900087,3.5885709343390735,-0.1803675907563047,0.28651852184702875,0.053075465545589395,0.0,0.0,0.0,6.285167219487473,0.25559296537378406,0.47789374600541806,0.35720540928118255
2025-08-02 17:50:47,1149.52,1151.5,1148.317518762395,1153.4415000224672,81.66,101.47,1150.879509392431,2301.759018784862,5.123981260072242,0.004452230849365846,183.13,19.810000000000002,0.40082707920169014,-0.6471666741558693,-0.12316979747720325,1.0479937533575594,8.508459592879754,0.859724306932776,-0.7776111086147921,0.041056599158764584,0.0,0.0,0.0,6.2844946382784705,0.3164292242021144,0.5980273523636902,0.22032759238029184
2025-08-02 17:50:48,1149.52,1153.49,1148.6181390717961,1153.4536250168503,81.66,101.5,1151.0358820443232,2302.0717640886464,4.835485945054188,0.004200986273568664,183.16,19.840000000000003,0.30062030940121076,0.012124994383157173,0.15637265189229765,0.2884953150180536,1.8449100057902,-0.10020676980047938,0.6592916685390264,0.2795424493695009,0.0,0.030000000000001137,0.030000000000001137,6.284319042148963,0.19187161083831547,0.5053986905620443,0.17093761070540497
2025-08-02 17:50:49,1148.53,1147.54,1148.5961043038471,1151.9752187626377,81.66,101.6,1150.2856615332425,2300.571323066485,3.379114458790582,0.0029376306850151038,183.26,19.939999999999998,-0.022034767948980516,-1.4784062542125866,-0.7502205110806699,1.4563714862636061,1.9412553022716583,-0.3226550773501913,-1.4905312485957438,-0.9065931629729675,0.0,0.09999999999999432,0.09999999999999432,6.276796110752191,0.34450335052876346,1.0465367101326122,0.32988020685214003
2025-08-02 17:50:50,1147.54,1147.54,1148.3320782278854,1150.8664140719784,81.66,101.6,1149.5992461499318,2299.1984922998636,2.5343358440929933,0.002204538538430743,183.26,19.939999999999998,-0.26402607596173766,-1.1088046906593263,-0.6864153833107594,0.8447786146975886,1.2307086999045802,-0.24199130801275714,0.36960156355326035,0.06380512776991054,0.0,0.0,0.0,6.273050528630805,0.6170134957182453,1.4470832115574404,0.3902176272525139
2025-08-02 17:50:51,1143.57,1154.48,1147.141558670914,1151.769810553984,81.66,101.6,1149.455684612449,2298.911369224898,4.628251883069879,0.0040264726522309295,183.26,19.939999999999998,-1.190519556971367,0.9033964820055189,-0.1435615374828103,2.093916038976886,14.585393067655998,-0.9264934810096292,2.012201172664845,0.542853845827949,0.0,0.0,0.0,6.272267152352843,0.7193008328801712,1.0999439971471343,0.3922982186643989
2025-08-02 17:50:52,1148.53,1154.48,1147.4886690031856,1152.4473579154878,81.66,101.6,1149.9680134593368,2299.9360269186736,4.95868891230225,0.004312023334521701,183.26,19.939999999999998,0.34711033227154076,0.6775473615039118,0.51232884688784,0.33043702923237106,0.6449693127183956,1.5376298892429077,-0.2258491205016071,0.6558903843706503,0.0,0.0,0.0,6.275062791576308,0.6302431631059063,1.0633589726762436,0.5420735870571616
2025-08-02 17:50:53,1148.53,1152.49,1147.7490017523892,1152.458018436616,81.66,101.6,1150.1035100945026,2300.207020189005,4.709016684226754,0.004094428578646274,183.26,19.939999999999998,0.2603327492035987,0.010660521128102118,0.13549663516573673,0.2496722280754966,1.8426316279992994,-0.08677758306794203,-0.6668868403758097,-0.37683221172210324,0.0,0.0,0.0,6.2758021598750435,0.3468073392969435,1.0418000608303868,0.5388839169219146
2025-08-02 17:50:54,1145.55,1162.41,1147.1992513142918,1154.946013827462,81.66,101.67,1151.072632570877,2302.145265141754,7.746762513170097,0.0067300379552400254,183.32999999999998,20.010000000000005,-0.5497504380973623,2.487995390845981,0.9691224763744231,3.0377458289433434,3.1345291936460153,-0.8100831873009611,2.477334869717879,0.8336258412086863,0.0,0.07000000000000739,0.07000000000000739,6.278692119632275,0.6346719388903939,1.8582923773535323,0.630069414902788
2025-08-02 17:50:55,1147.54,1149.52,1147.284438485719,1153.5895103705966,81.66,101.67,1150.4369744281578,2300.8739488563156,6.305071884877634,0.005480588697639066,183.32999999999998,20.010000000000005,0.08518717142715104,-1.3565034568653118,-0.6356581427191941,1.4416906282924629,2.268024687138556,0.6349376095245134,-3.844498847711293,-1.6047806190936171,0.0,0.0,0.0,6.275224830376551,0.5988545029662932,1.3445212340935337,0.6132601437258314
2025-08-02 17:50:56,1148.53,1156.46,1147.5958288642892,1154.3071327779476,81.66,101.67,1150.9514808211184,2301.9029616422367,6.711303913658412,0.005831091944066402,183.32999999999998,20.010000000000005,0.311390378570195,0.7176224073509729,0.514506392960584,0.4062320287807779,0.7895552801354966,0.22620320714304398,2.0741258642162848,1.150164535679778,0.0,0.0,0.0,6.278031279894655,0.4938917993334445,1.2613527260702566,0.6002781444749895
2025-08-02 17:50:57,1148.53,1154.48,1147.829371648217,1154.3503495834607,81.66,101.67,1151.089860615839,2302.179721231678,6.520977935243764,0.00566504679842281,183.32999999999998,20.010000000000005,0.23354278392775996,0.04321680551311147,0.1383797947205494,0.1903259784146485,1.3753785617361054,-0.07784759464243507,-0.6744056018378615,-0.3761265982400346,0.0,0.0,0.0,6.278786092494697,0.4399716198466339,1.0947307367901649,0.5902915750361
2025-08-02 17:50:58,1143.57,1152.49,1146.7645287361627,1153.8852621875956,81.66,101.67,1150.3248954618791,2300.6497909237582,7.120733451432898,0.006190193286552824,183.32999999999998,20.010000000000005,-1.064842912054246,-0.46508739586511183,-0.7649651539597926,0.5997555161891341,0.7840288267455267,-1.298385695982006,-0.5083042013782233,-0.903344948680342,0.0,0.0,0.0,6.274613479448349,0.36596552865514476,0.5694564722276659,0.7420402339493744
2025-08-02 17:50:59,1148.53,1150.51,1147.2058965521219,1153.0414466406967,81.66,101.67,1150.1236715964092,2300.2473431928183,5.8355500885747915,0.0050738457329558406,183.32999999999998,20.010000000000005,0.44136781595921093,-0.8438155468988953,-0.20122386546995585,1.2851833628581062,6.386801948440076,1.506210728013457,-0.37872815103378343,0.5637412884898367,0.0,0.0,0.0,6.273515874777142,0.41580691401763165,0.4769386735796087,0.532326125364954
2025-08-02 17:51:00,1146.54,1153.49,1147.0394224140914,1153.1535849805225,81.66,101.67,1150.096503697307,2300.193007394614,6.114162566431105,0.005316216979583192,183.32999999999998,20.010000000000005,-0.1664741380304804,0.1121383398258331,-0.02716789910209627,0.2786124778563135,10.25483133524599,-0.6078419539896913,0.9559538867247284,0.17405596636785958,0.0,0.0,0.0,6.2733676835430074,0.4704707735914669,0.5032346354926197,0.47092530135363303
2025-08-02 17:51:01,1146.54,1153.49,1146.9145668105684,1153.2376887353919,81.66,101.67,1150.0761277729803,2300.1522555459605,6.323121924823454,0.005498002929223139,183.32999999999998,20.010000000000005,-0.12485560352297398,0.08410375486937482,-0.020375924326799577,0.2089593583923488,10.254705520868379,0.04161853450750641,-0.028034584956458275,0.006791974775296694,0.0,0.0,0.0,6.273256540117405,0.4295962077634572,0.48447106978700816,0.3509687947849402
2025-08-02 17:51:02,1143.57,1152.49,1146.0784251079263,1153.0507665515438,81.66,101.67,1149.564595829735,2299.12919165947,6.972341443617552,0.006065201958068167,183.32999999999998,20.010000000000005,-0.8361417026421805,-0.18692218384808257,-0.5115319432452452,0.6492195187940979,1.2691646302882225,-0.7112860991192065,-0.2710259387174574,-0.4911560189184456,0.0,0.0,0.0,6.270466315165378,0.2822379345735142,0.5537306354888104,0.32526696698856145
2025-08-02 17:51:03,1141.59,1152.49,1144.9563188309446,1152.910574913658,81.66,101.67,1148.9334468723014,2297.8668937446027,7.9542560827133,0.006923165216787542,183.32999999999998,20.010000000000005,-1.12210627698164,-0.1401916378858914,-0.631148957433652,0.9819146390957485,1.555754900290823,-0.28596457433945943,0.04673054596219117,-0.11961701418840676,0.0,0.0,0.0,6.2670236219128235,0.5164288439724709,0.8458392581714428,0.2803713684609823
2025-08-02 17:51:04,1145.55,1150.51,1145.1047391232084,1152.3104311852435,81.66,101.67,1148.7075851542259,2297.4151703084517,7.205692062035041,0.006272868873582595,183.32999999999998,20.010000000000005,0.14842029226383602,-0.6001437284144231,-0.2258617180755209,0.7485640206782591,3.314243391102574,1.270526569245476,-0.4599520905285317,0.40528723935813105,0.0,0.0,0.0,6.265791626511942,0.6398929728239268,0.7347614382063982,0.2788909113831934
2025-08-02 17:51:05,1145.55,1150.51,1145.2160543424063,1151.8603233889326,81.66,101.67,1148.5381888656693,2297.0763777313387,6.644269046526233,0.00578497877140971,183.32999999999998,20.010000000000005,0.11131521919787701,-0.450107796310931,-0.169396288556527,0.561423015508808,3.3142384998769567,-0.037105073065959004,0.1500359321034921,0.056465429518993915,0.0,0.0,0.0,6.264867629961282,0.6413974824905462,0.6197580351713565,0.2522244581173395
2025-08-02 17:51:06,1145.55,1148.53,1145.2995407568048,1151.0277425416994,81.66,101.67,1148.163641649252,2296.327283298504,5.728201784894509,0.004989011646177334,183.32999999999998,20.010000000000005,0.08348641439852145,-0.8325808472332028,-0.3745472164173407,0.9160672616317243,2.4457926148845828,-0.027828804799355567,-0.3824730509222718,-0.20515092786081368,0.0,0.0,0.0,6.26282460800975,0.5202738658818729,0.8137323967932745,0.19267040271791544
2025-08-02 17:51:07,1148.53,1152.49,1146.1071555676035,1151.3933069062746,81.7,101.67,1148.750231236939,2297.500462473878,5.286151338671061,0.004601654206743829,183.37,19.97,0.8076148107986683,0.3655643645752207,0.5865895876870582,0.4420504462234476,0.7535928047643312,0.7241283964001468,1.1981452118084235,0.9611368041043988,0.04000000000000625,0.0,0.04000000000000625,6.264657386553316,0.2906143237444099,1.0819518527485639,0.4554647759287336
2025-08-02 17:51:08,1157.45,1156.46,1148.9428666757026,1152.659980179706,81.76,101.7,1150.8014234277043,2301.6028468554086,3.717113504003464,0.003230021639790715,183.46,19.939999999999998,2.8357111080990762,1.2666732734314792,2.0511921907652777,1.569037834667597,0.7649390811804548,2.028096297300408,0.9011089088562585,1.4646026030782195,0.060000000000002274,0.030000000000001137,0.030000000000001137,6.272764728850646,1.0374824036527532,1.347342888226782,1.0091585233657618
2025-08-02 17:51:09,1159.44,1157.45,1151.567150006777,1153.8574851347796,81.76,101.7,1152.7123175707784,2305.424635141557,2.2903351280026527,0.001986909561999291,183.46,19.939999999999998,2.6242833310743663,1.1975049550735548,1.9108941430740742,1.4267783760008115,0.7466544572956213,-0.21142777702470994,-0.06916831835792436,-0.14029804769120346,0.0,0.0,0.0,6.28318059134197,1.9271779282597123,1.7282931742513123,1.1362655442434542
2025-08-02 17:51:10,1158.45,1157.45,1153.2878625050828,1154.7556138510847,81.76,101.7,1154.0217381780838,2308.0434763561675,1.4677513460019327,0.0012718576229311703,183.46,19.939999999999998,1.7207124983058293,0.8981287163051093,1.3094206073053556,0.82258378200072,0.6282039164555305,-0.903570832768537,-0.29937623876844555,-0.6014735357687186,0.0,0.0,0.0,6.290317954255782,2.507394628087317,1.8438979566748521,1.005484771851357
2025-08-02 17:51:11,1153.49,1157.45,1153.338396878812,1155.4292103883135,81.76,101.74,1154.3838036335628,2308.7676072671256,2.0908135095014586,0.0018111944234743898,183.5,19.97999999999999,0.050534373729306026,0.673596537228832,0.362065455479069,0.6230621634995259,1.720850286103196,-1.6701781245765233,-0.22453217907627732,-0.9473551518262866,0.0,0.03999999999999204,0.03999999999999204,6.290919876526664,2.3550623316944685,1.5341446245334092,0.7600302415937462
2025-08-02 17:51:12,1153.49,1153.49,1153.376297659109,1154.944407791235,81.76,101.74,1154.160352725172,2308.320705450344,1.568110132126094,0.0013586588094668614,183.5,19.97999999999999,0.037900780296922676,-0.484802597078442,-0.22345090839075965,0.5227033773753647,2.3392209139753306,-0.01263359343238335,-1.158399134307274,-0.5855163638698286,0.0,0.0,0.0,6.28970216041128,1.4990544846561373,0.9018856047780207,0.9875002475127523
2025-08-02 17:51:13,1157.45,1153.49,1154.3947232443318,1154.5808058434263,81.76,101.74,1154.4877645438792,2308.9755290877583,0.18608259909456137,0.00016118195848259843,183.5,19.97999999999999,1.018425585222758,-0.36360194780877464,0.32741181870710534,1.3820275330315326,4.221055053644241,0.9805248049258353,0.12120064926966734,0.550862727097865,0.0,0.0,0.0,6.291486420993966,0.7173872167411558,0.8221347970654782,0.8568104792559893
2025-08-02 17:51:14,1153.49,1152.49,1154.1685424332488,1154.0581043825698,81.76,101.74,1154.1133234079093,2308.2266468158186,0.11043805067902213,9.56908202543106e-05,183.5,19.97999999999999,-0.22618081108294064,-0.5227014608565241,-0.3744411359698461,0.2965206497735835,0.7918997924887984,-1.2446063963056986,-0.1590995130477495,-0.7018529546769514,0.0,0.0,0.0,6.289445869855387,0.1948573779804534,0.887324298677623,0.6615219613792798
2025-08-02 17:51:15,1156.46,1157.45,1154.7414068249366,1154.9060782869274,81.76,101.74,1154.8237425559319,2309.6474851118637,0.16467146199079252,0.00014259445470330939,183.5,19.97999999999999,0.5728643916877445,0.8479739043575591,0.7104191480225381,0.27510951266981465,0.3872490292337356,0.7990452027706851,1.3706753652140833,1.0848602839923842,0.0,0.0,0.0,6.293317363828962,0.28589535269366906,0.9366615905489173,0.4484639136282258
2025-08-02 17:51:16,1157.45,1157.45,1155.4185551187024,1155.5420587151955,81.76,101.74,1155.4803069169488,2310.9606138338977,0.12350359649303755,0.00010688507250779946,183.5,19.97999999999999,0.6771482937658675,0.6359804282681125,0.65656436101699,0.041167865497754974,0.06270185413678817,0.10428390207812299,-0.21199347608944663,-0.05385478700554813,0.0,0.0,0.0,6.29689537122645,0.5627796714291636,0.6366411694713161,0.4981574067841408
2025-08-02 17:51:17,1156.46,1157.45,1155.6789163390267,1156.0190440363965,81.76,101.74,1155.8489801877117,2311.6979603754235,0.34012769736978044,0.0002942665546326619,183.5,19.97999999999999,0.26036122032428466,0.47698532120102755,0.3686732707628835,0.2166241008767429,0.5875758577578277,-0.41678707344158283,-0.15899510706708497,-0.28789109025410653,0.0,0.0,0.0,6.29890448985726,0.7104607113798765,0.09195149490827371,0.4326673746934763
2025-08-02 17:51:18,1157.45,1152.49,1156.12168725427,1155.1367830272973,81.76,101.74,1155.6292351407837,2311.2584702815675,0.9849042269727306,0.0008522666233867635,183.5,19.97999999999999,0.4427709152432726,-0.8822610090992384,-0.2197450469279829,1.325031924342511,6.029832813223539,0.18240969491898795,-1.359246330300266,-0.5884183176908664,0.0,0.0,0.0,6.297706969172081,0.7078568660279356,0.3694926042223528,0.49989877271452676
2025-08-02 17:51:19,1151.5,1155.47,1154.9662654407025,1155.220087270473,81.76,101.74,1155.0931763555877,2310.1863527111755,0.25382182977045886,0.0002197414327660958,183.5,19.97999999999999,-1.1554218135675,0.08330424317568941,-0.536058785196019,1.2387260567431895,2.3107983306194644,-1.5981927288107727,0.9655652522749278,-0.3163137382680361,0.0,0.0,0.0,6.294785667906278,0.41342821834164506,0.3519088019013321,0.5512070059492464
2025-08-02 17:51:20,1152.49,1154.48,1154.347199080527,1155.0350654528547,81.76,101.74,1154.6911322666908,2309.3822645333817,0.6878663723277896,0.0005957146049799258,183.5,19.97999999999999,-0.6190663601755659,-0.18502181761823522,-0.4020440888969006,0.4340445425573307,1.079591703876368,0.5363554533919341,-0.2683260607939246,0.13401469629911844,0.0,0.0,0.0,6.2925946919569276,0.45934414574588867,0.35211081476076367,0.514967474512298
2025-08-02 17:51:21,1157.45,1154.48,1155.1228993103953,1154.8962990896412,81.76,101.74,1155.0095992000183,2310.0191984000367,0.2266002207541078,0.000196189036623476,183.5,19.97999999999999,0.7757002298683346,-0.13876636321356273,0.31846693332749965,0.9144665930818974,2.871455796277915,1.3947665900439006,0.04625545440467249,0.7205110222244002,0.0,0.0,0.0,6.294330206570508,0.47360796330875715,0.3283775432231032,0.4154257976746872
2025-08-02 17:51:22,1155.47,1156.46,1155.2096744827966,1155.287224317231,81.76,101.77,1155.2484494000137,2310.4968988000273,0.07754983443442143,6.712827392892774e-05,183.53,20.00999999999999,0.08677517240130328,0.3909252275898325,0.23885019999534052,0.3041500551885292,1.2733871765955647,-0.6889250574670314,0.5296915908033952,-0.07961673333215913,0.0,0.030000000000001137,0.030000000000001137,6.294602752168098,0.34337660032453676,0.3774060261862652,0.3819782443144994
2025-08-02 17:51:23,1153.49,1154.48,1154.7797558620973,1155.0854182379232,81.76,101.77,1154.9325870500102,2309.8651741000203,0.30566237582593203,0.0002646581964944056,183.53,20.00999999999999,-0.42991862069925446,-0.20180607930774386,-0.31586235000349916,0.2281125413915106,0.7221874313337827,-0.5166937931005577,-0.5927313068975764,-0.5547125499988397,0.0,0.0,0.0,6.292881712837838,0.2063487972870189,0.2274565614572713,0.39056830002499493
2025-08-02 17:51:24,1156.46,1156.46,1155.1998168965729,1155.4290636784424,81.76,101.77,1155.3144402875078,2310.6288805750155,0.22924678186950587,0.0001984280414724395,183.53,20.00999999999999,0.420061034475566,0.3436454405191398,0.38185323749758027,0.07641559395642616,0.20011718203575102,0.8499796551748204,0.5454515198268837,0.6977155875010794,0.0,0.0,0.0,6.294962316746829,0.25146381039321397,0.22924059930798552,0.3727933169670434
2025-08-02 17:51:25,1149.52,1156.46,1153.7798626724298,1155.6867977588317,81.76,101.77,1154.7333302156308,2309.4666604312615,1.9069350864019725,0.0016514073291661814,183.53,20.00999999999999,-1.4199542241431118,0.25773408038935486,-0.5811100718769922,1.6776883045324666,2.887035518207429,-1.8400152586186778,-0.08591136012978495,-0.9629633093745724,0.0,0.0,0.0,6.291796022033644,0.2371611910037654,0.7634870164692585,0.4305183814472677
2025-08-02 17:51:26,1156.46,1149.52,1154.4498970043223,1154.145098319124,81.76,101.77,1154.2974976617231,2308.5949953234463,0.30479868519842057,0.0002640555710740082,183.53,20.00999999999999,0.6700343318925661,-1.541699439707827,-0.4358325539076304,2.211733771600393,5.0747211906248575,2.089988556035678,-1.7994335200971818,0.14527751796936172,0.0,0.0,0.0,6.2894213009987565,0.4137901484801396,0.7559907837934114,0.4268640145552783
2025-08-02 17:51:27,1151.5,1156.46,1153.7124227532418,1154.723823739343,81.76,101.77,1154.2181232462924,2308.436246492585,1.0114009861013074,0.0008762650359192331,183.53,20.00999999999999,-0.7374742510805845,0.5787254202191434,-0.07937441543072055,1.316199671299728,16.581956316795807,-1.4075085829731506,2.1204248599269704,0.3564581384769099,0.0,0.0,0.0,6.288988813585265,0.4546852227801702,0.7200070100212168,0.3765653167234797
2025-08-02 17:51:28,1153.49,1155.47,1153.6568170649314,1154.9103678045074,81.76,101.77,1154.2835924347194,2308.5671848694387,1.253550739575985,0.0010859989232333135,183.53,20.00999999999999,-0.055605688310379264,0.18654406516429844,0.06546918842695959,0.2421497534746777,3.698626188388428,0.6818685627702052,-0.39218135505484497,0.14484360385768014,0.0,0.0,0.0,6.289345535582051,0.463942439019836,0.6976781918337261,0.387233306932942
2025-08-02 17:51:29,1156.46,1152.49,1154.3576127986985,1154.3052758533804,81.76,101.77,1154.3314443260394,2308.662888652079,0.05233694531807487,4.5339616736588476e-05,183.53,20.00999999999999,0.7007957337671087,-0.6050919511269512,0.04785189132007872,1.30588768489406,27.289629714518817,0.756401422077488,-0.7916360162912497,-0.01761729710688087,0.0,0.0,0.0,6.289606266204071,0.2056973844188573,0.7456465939649117,0.2946434432458602
2025-08-02 17:51:30,1150.51,1153.49,1153.3957095990238,1154.1014568900353,81.76,101.77,1153.7485832445295,2307.497166489059,0.7057472910114484,0.0006116993777059056,183.53,20.00999999999999,-0.9619031996746799,-0.2038189633451566,-0.5828610815099182,0.7580842363295233,1.3006236987756825,-1.6626989334417885,0.40127298778179465,-0.6307129728299969,0.0,0.0,0.0,6.286430430763903,0.24236340767456624,0.49324065035849624,0.295215197748661
2025-08-02 17:51:31,1152.49,1151.5,1153.1692821992679,1153.4510926675264,81.76,101.77,1153.310187433397,2306.620374866794,0.2818104682585272,0.00024434924019992,183.53,20.00999999999999,-0.2264273997559485,-0.6503642225088697,-0.4383958111325228,0.4239368227529212,0.9670162099440307,0.7354757999187314,-0.4465452591637131,0.14446527037739543,0.0,0.0,0.0,6.284041743308207,0.44004935097889314,0.4975326523169353,0.29573550096629947
2025-08-02 17:51:32,1154.48,1154.48,1153.496961649451,1153.7083195006448,81.76,101.77,1153.6026405750479,2307.2052811500957,0.21135785119395223,0.0001832154708881206,183.53,20.00999999999999,0.3276794501830409,0.25722683311846595,0.2924531416508671,0.07045261706457495,0.24090141677214325,0.5541068499389894,0.9075910556273357,0.7308489527833899,0.0,0.0,0.0,6.285635232874259,0.44230102509976926,0.48515183780466986,0.37022256888075455
2025-08-02 17:51:33,1154.48,1153.49,1153.742721237088,1153.6537396254837,81.76,101.77,1153.698230431286,2307.396460862572,0.08898161160436757,7.712728439739078e-05,183.53,20.00999999999999,0.245759587637167,-0.05457987516115281,0.09558985623812077,0.3003394627983198,3.1419266927598364,-0.08191986254587391,-0.31180670827961876,-0.19686328541274634,0.0,0.0,0.0,6.28615607336746,0.3725638601867445,0.2615243193349741,0.37428072910742916
2025-08-02 17:51:34,1151.5,1154.48,1153.1820409278162,1153.8603047191127,81.76,101.77,1153.5211728234644,2307.042345646929,0.6782637912965583,0.000587994227317374,183.53,20.00999999999999,-0.5606803092719019,0.20656509362902398,-0.17705760782155266,0.7672454029009259,4.333284963328013,-0.8064398969090689,0.2611449687901768,-0.27264746405967344,0.0,0.0,0.0,6.285191339499118,0.1725522962375488,0.28150052919311963,0.36284487151708944
2025-08-02 17:51:35,1156.46,1151.5,1154.0015306958621,1153.2702285393345,81.76,101.77,1153.6358796175982,2307.2717592351964,0.7313021565275903,0.0006339107241845565,183.53,20.00999999999999,0.819489768045969,-0.5900761797781797,0.11470679413378093,1.4095659478241487,12.288318840655291,1.380170077317871,-0.7966412734072037,0.2917644019553336,0.0,0.0,0.0,6.285816342460534,0.1503280327684031,0.2887322266277935,0.28671578762726313
2025-08-02 17:51:36,1167.37,1153.49,1157.3436480218966,1153.325171404501,81.83,101.77,1155.3344097131987,2310.6688194263975,4.018476617395663,0.0034781934824524266,183.6,19.939999999999998,3.3421173260344403,0.05494286516636748,1.6985300956005176,3.287174460868073,1.9353042575331179,2.5226275579884714,0.6450190449445472,1.5838233014667367,0.06999999999999318,0.0,0.06999999999999318,6.292671042595467,0.7718229525329612,1.6303923359089438,0.7424086852665106
2025-08-02 17:51:37,1158.45,1143.57,1157.6202360164225,1150.8863785533756,81.83,101.77,1154.2533072848992,2308.5066145697983,6.733857463046888,0.0058339511914007,183.6,19.939999999999998,0.27658799452592575,-2.4387928511252994,-1.0811024282995731,2.715380845651225,2.5116753629411255,-3.0655293315085146,-2.493735716291667,-2.7796325239000907,0.0,0.0,0.0,6.286782685174926,0.7514133473670399,2.8495145555116776,1.0028407124760357
2025-08-02 17:51:38,1159.44,1152.49,1158.075177012317,1151.2872839150316,81.83,101.77,1154.6812304636742,2309.3624609273484,6.787893097285405,0.0058785861520248926,183.6,19.939999999999998,0.45494099589450343,0.4009053616559868,0.42792317877501773,0.05403563423851665,0.12627385158090362,0.17835300136857768,2.839698212781286,1.5090256070745909,0.0,0.0,0.0,6.28911342143007,0.752338484145664,3.0308578023327173,1.0109592505934362
2025-08-02 17:51:39,1164.4,1152.49,1159.6563827592377,1151.5879629362737,81.83,101.77,1155.6221728477558,2311.2443456955116,8.06841982296396,0.006981883876543642,183.6,19.939999999999998,1.5812057469206593,0.30067902124210377,0.9409423840816089,1.2805267256785555,1.3608966781018295,1.1262647510261559,-0.10022634041388301,0.5130192053065912,0.0,0.0,0.0,6.2942383799211195,0.8038923294350764,2.934454818195403,1.0310910715640063
2025-08-02 17:51:40,1163.41,1151.5,1160.5947870694283,1151.5659722022053,81.83,101.77,1156.0803796358168,2312.1607592716337,9.02881486722299,0.007809850438130743,183.6,19.939999999999998,0.9384043101906627,-0.0219907340683676,0.4582067880610339,0.9603950442590303,2.0959814941668005,-0.6428014367299966,-0.3226697553104714,-0.48273559602057503,0.0,0.0,0.0,6.296734059581061,0.7308472246774734,1.8865727373530905,1.0169949798353362
2025-08-02 17:51:41,1169.36,1152.49,1162.7860903020712,1151.7969791516539,81.87,101.77,1157.2915347268627,2314.5830694537253,10.98911115041733,0.009495542662476463,183.64,19.89999999999999,2.1913032326428947,0.23100694944855604,1.211155091045839,1.9602962831943387,1.618533150010098,1.252898922452232,0.25299768351692364,0.7529483029848052,0.04000000000000625,0.0,0.04000000000000625,6.301957789288308,1.1988792485134099,1.7715143263104136,0.8871380570321343
2025-08-02 17:51:42,1192.18,1151.5,1170.1345677265535,1151.7227343637405,82.13,101.77,1160.928651045147,2321.857302090294,18.411833362813013,0.015859573566711315,183.89999999999998,19.64,7.348477424482326,-0.07424478791335787,3.63711631828437,7.4227222123956835,2.040825621730834,5.157174191839431,-0.3052517373619139,2.425961227238531,0.2599999999999909,0.0,0.2599999999999909,6.312825691856017,2.4294405123614418,4.598082765007535,1.3287130222060732
2025-08-02 17:51:43,1206.08,1148.53,1179.1209257949151,1150.9245507728053,82.61,101.77,1165.0227382838602,2330.0454765677205,28.196375022109805,0.02420242461485526,184.38,19.159999999999997,8.986358068361596,-0.7981835909351958,4.0940872387132,9.784541659296792,2.389919583748918,1.6378806438792708,-0.7239388030218379,0.45697092042883014,0.480000000000004,0.0,0.480000000000004,6.318596008055452,3.963749161364613,8.44919147315028,1.670556143720073
2025-08-02 17:51:44,1187.22,1148.53,1181.1456943461865,1150.3259130796039,82.74,101.77,1165.7358037128952,2331.4716074257904,30.819781266582595,0.026438049806811144,184.51,19.03,2.024768551271336,-0.5986376932014537,0.7130654290349412,2.6234062444727897,3.6790488763063607,-6.96158951709026,0.1995458977337421,-3.381021809678259,0.12999999999999545,0.0,0.12999999999999545,6.318008765892833,4.375215173315755,9.836524477052459,1.7116053865407308
2025-08-02 17:51:45,1183.25,1151.5,1181.67177075964,1150.6194348097029,82.74,101.77,1166.1456027846714,2332.2912055693428,31.05233594993706,0.026628180777047174,184.51,19.03,0.5260764134534384,0.2935217300989734,0.4097990717762059,0.23255468335446494,0.5674832665267672,-1.4986921378178977,0.8921594233004271,-0.3032663572587353,0.0,0.0,0.0,6.320229778681056,3.819191002266764,8.864380375273017,1.7227678502599304
2025-08-02 17:51:46,1185.23,1150.51,1182.5613280697298,1150.592076107277,82.74,101.77,1166.5767020885035,2333.153404177007,31.969251962452745,0.02740432916053816,184.51,19.03,0.8895573100899128,-0.027358702425772208,0.4310993038320703,0.916916012515685,2.126920357896241,0.3634808966364744,-0.32088043252474563,0.0213002320558644,0.0,0.0,0.0,6.322566233623854,2.2828963575359276,5.589140383338611,1.8445557079732497
2025-08-02 17:51:47,1183.25,1151.5,1182.7334960522974,1150.8190570804577,82.74,101.77,1166.7762765663774,2333.552553132755,31.914438971839672,0.02735266356152332,184.51,19.03,0.17216798256754373,0.22698097318061627,0.19957447787396632,0.05481299061307254,0.27464792366769347,-0.7173893275223691,0.2543396756063885,-0.23152482595810397,0.0,0.0,0.0,6.323647879479322,0.7014286176484517,1.5371723097538734,1.6450440448649002
2025-08-02 17:51:48,1190.2,1146.54,1184.600122039223,1149.7492928103434,82.74,101.77,1167.1747074247833,2334.3494148495665,34.85082922887955,0.029859136749042614,184.51,19.03,1.8666259869255555,-1.0697642701143195,0.39843085840584536,2.936390257039875,7.369868134512598,1.6944580043580117,-1.2967452432949358,0.19885638053187904,0.0,0.0,0.0,6.325807279274707,0.5579835521318494,1.6087941953517584,0.18345781499408206
2025-08-02 17:51:49,1184.24,1150.51,1184.5100915294172,1149.9394696077575,82.74,101.77,1167.2247805685874,2334.449561137175,34.57062192165972,0.02961779296289582,184.51,19.03,-0.0900305098057288,0.19017679741409665,0.05007314380418393,0.28020730721982545,5.595848194940336,-1.9566564967312843,1.2599410675284162,-0.34835771460166143,0.0,0.0,0.0,6.326078663717461,0.4464937539382727,1.7207654310500593,0.1669250689042932
2025-08-02 17:51:50,1186.23,1148.53,1184.940068647063,1149.5871022058182,82.74,101.77,1167.2635854264406,2334.527170852881,35.35296644124492,0.030287046432654917,184.51,19.03,0.4299771176458762,-0.35236740193931837,0.03880485785316523,0.7823445195851946,20.16047480628964,0.520007627451605,-0.542544199353415,-0.011268285951018697,0.0,0.0,0.0,6.32628897675005,0.3081022662222808,1.6578152636794938,0.18605095416119452
2025-08-02 17:51:51,1179.28,1143.57,1183.5250514852974,1148.0828266543635,82.74,101.77,1165.8039390698304,2331.607878139661,35.44222483093381,0.030401531177541616,184.51,19.03,-1.415017161765718,-1.5042755514546116,-1.4596463566101647,0.08925838968889366,0.06115065346755007,-1.844994279411594,-1.1519081495152932,-1.49845121446333,0.0,0.0,0.0,6.318378043203363,0.6157552062058774,1.4492509814061336,0.743929635051551
2025-08-02 17:51:52,1185.23,1148.53,1183.951288613973,1148.1946199907727,82.74,101.77,1166.0729543023729,2332.1459086047457,35.75666862320031,0.030664177966402018,184.51,19.03,0.4262371286756661,0.11179333640916411,0.2690152325424151,0.314443792266502,1.1688654966830838,1.841254290441384,1.6160688878637757,1.7286615891525798,0.0,0.0,0.0,6.319836041312324,0.7096059370312682,0.4769292635627228,0.7527889023407794
2025-08-02 17:51:53,1187.22,1139.6,1184.7684664604799,1146.0459649930795,82.74,101.77,1165.4072157267797,2330.8144314535593,38.722501467400434,0.033226584589169064,184.51,19.03,0.8171778465068655,-2.1486549976932565,-0.6657385755931955,2.965832844200122,4.454944475183812,0.39094071783119944,-2.2604483341024206,-0.9347538081356106,0.0,0.0,0.0,6.316227897732111,0.8461024450609866,1.5999457505438985,0.7115743617077473
2025-08-02 17:51:54,1180.27,1144.56,1183.64384984536,1145.6744737448096,82.74,101.77,1164.6591617950849,2329.3183235901697,37.969376100550335,0.03260127710619388,184.51,19.03,-1.124616615119976,-0.37149124826987645,-0.7480539316948125,0.7531253668500995,1.0067781588496438,-1.9417944616268414,1.77716374942338,-0.082315356101617,0.0,0.0,0.0,6.31217362464317,0.9570573720053663,1.5791663658028408,0.6875236534595233
2025-08-02 17:51:55,1186.23,1149.52,1184.29038738402,1146.635855308607,82.74,101.77,1165.4631213463135,2330.926242692627,37.654532075413044,0.03230864310799198,184.51,19.03,0.6465375386601409,0.9613815637974312,0.8039595512286724,0.3148440251372904,0.3916162610915701,1.7711541537801168,1.3328728120673077,1.5520134829234848,0.0,0.0,0.0,6.316530892795961,0.5328885786973181,1.435982143301663,0.8949505568337758
2025-08-02 17:51:56,1180.27,1147.54,1183.285290538015,1146.8618914814551,82.74,101.77,1165.073591009735,2330.14718201947,36.4233990565599,0.03126274538051289,184.51,19.03,-1.0050968460050171,0.22603617284812572,-0.3895303365784457,1.2311330188531429,3.1605493659820394,-1.651634384665158,-0.7353453909493055,-1.193489887807118,0.0,0.0,0.0,6.314419731696469,0.5223261581612757,1.1986897559593512,0.6645609295705119
2025-08-02 17:51:57,1178.29,1148.53,1182.0364679035113,1147.2789186110913,82.74,101.77,1164.6576932573012,2329.3153865146023,34.75754929241998,0.02984357503823024,184.51,19.03,-1.2488226345037674,0.4170271296361534,-0.4158977524339207,1.6658497641399208,4.0054214021827255,-0.24372578849875026,0.1909909567880277,-0.026367415855474974,0.0,0.0,0.0,6.312165665520219,0.389058055837175,1.5524614408048676,0.6271474217087543
2025-08-02 17:51:58,1185.23,1144.56,1182.8348509276334,1146.5991889583183,82.74,101.77,1164.7170199429759,2329.4340398859517,36.23566196931506,0.031111129414059746,184.51,19.03,0.7983830241221312,-0.6797296527729486,0.059326685674705004,1.4781126768950799,24.914382890301905,2.0472056586258986,-1.096756782409102,0.4752244381086257,0.0,0.0,0.0,6.312487201942923,0.3522925886081787,1.2792043578771342,0.599767888430062
2025-08-02 17:51:59,1186.23,1148.53,1183.683638195725,1147.0818917187387,82.74,101.77,1165.3827649572318,2330.7655299144635,36.601746476986364,0.03140748906383742,184.51,19.03,0.8487872680916553,0.4827027604203522,0.66574501425589,0.36608450767130307,0.5498861425110878,0.05040424396952403,1.1624324131933008,0.606418328581185,0.0,0.0,0.0,6.316095380419145,0.3695767969609437,1.0390321051393019,0.5729466720368134
2025-08-02 17:52:00,1184.24,1141.59,1183.8227286467938,1145.708918789054,82.74,101.77,1164.765823717924,2329.531647435848,38.11380985773985,0.03272229408599795,184.51,19.03,0.13909045106879603,-1.3729729296846926,-0.6169412393078346,1.5120633807534887,2.450899426905696,-0.7096968170228592,-1.8556756901050449,-1.2826862535637247,0.0,0.0,0.0,6.312751706710597,0.3047604499979026,1.193686631368963,0.5135203500060544
2025-08-02 17:52:01,1179.28,1144.56,1182.6870464850954,1145.4216890917905,82.74,101.77,1164.054367788443,2328.108735576886,37.26535739330484,0.032013416548653924,184.51,19.03,-1.135682161698469,-0.2872296972634558,-0.7114559294809624,0.8484524644350131,1.192556329522287,-1.274772612767265,1.0857432324212368,-0.09451469017312775,0.0,0.0,0.0,6.308895786025404,0.4712257215355533,1.251155136626968,0.56980914732641
2025-08-02 17:52:02,1180.27,1148.53,1182.0827848638214,1146.1987668188428,82.74,101.77,1164.140775841332,2328.281551682664,35.884018044978575,0.03082446621476728,184.51,19.03,-0.6042616212739631,0.7770777270523013,0.0864080528890554,1.3813393483262644,15.986048939800673,0.5314205404245058,1.064307424315757,0.7978639823700178,0.0,0.0,0.0,6.309364096970181,0.5389284088588933,0.8856402824776607,0.5673508043110688
2025-08-02 17:52:03,1182.26,1140.6,1182.127088647866,1144.799075114132,82.74,101.77,1163.463081880999,2326.926163761998,37.328013533734065,0.0320835392914242,184.51,19.03,0.04430378404458679,-1.3996917047109037,-0.6776939603330447,1.4439954887554904,2.1307455024394115,0.6485654053185499,-2.176769431763205,-0.7641020132221001,0.0,0.0,0.0,6.305691158068982,0.7342792642287813,0.8389213070872678,0.6087416897132923
2025-08-02 17:52:04,1179.28,1143.57,1181.4153164858994,1144.491806335599,82.74,101.77,1162.9535614107492,2325.9071228214984,36.923510150300444,0.03174977173960386,184.51,19.03,-0.7117721619665645,-0.30726877853294354,-0.509520470249754,0.4045033834336209,0.7938887898783618,-0.7560759460111512,1.09242292617796,0.16817349008329074,0.0,0.0,0.0,6.302929679192562,0.691935824860374,0.8088357648346771,0.32898579885123336
2025-08-02 17:52:05,1185.23,1144.56,1182.3689873644246,1144.5088547516993,82.74,101.77,1163.438921058062,2326.877842116124,37.86013261272524,0.03254157299959731,184.51,19.03,0.9536708785251449,0.01704841610035146,0.48535964731286185,0.9366224624247934,1.929745371014906,1.6654430404917093,0.324317194633295,0.9948801175626159,0.0,0.0,0.0,6.305560212197181,0.4901403324834551,0.7340767064258944,0.528194083212577
2025-08-02 17:52:06,1185.23,1140.6,1183.0842405233184,1143.5316410637745,82.74,101.77,1163.3079407935465,2326.615881587093,39.5525994595439,0.034000111267669254,184.51,19.03,0.7152531588938018,-0.9772136879248592,-0.1309802645155287,1.692466846818661,12.921442261828277,-0.23841771963134306,-0.9942621040252106,-0.6163399118283905,0.0,0.0,0.0,6.304850330544124,0.43113453387353684,1.3523786025398248,0.46573751466617613
2025-08-02 17:52:07,1186.23,1144.56,1183.8706803924888,1143.7887307978308,82.74,101.77,1163.8297055951598,2327.6594111903196,40.081949594658,0.03443970313485096,184.51,19.03,0.7864398691704082,0.25708973405630786,0.5217648016132443,0.5293501351141003,1.0145358961384705,0.07118671027660639,1.234303421981167,0.652745066128773,0.0,0.0,0.0,6.307678170763003,0.31540218821300914,1.3933046745329072,0.5532846462263852
2025-08-02 17:52:08,1188.21,1147.54,1184.9555102943666,1144.726548098373,82.74,101.77,1164.8410291963698,2329.6820583927397,40.22896219599352,0.03453601062559728,184.51,19.03,1.0848299018778107,0.9378173005422923,1.0113236012100515,0.1470126013355184,0.1453663849960909,0.2983900327074025,0.6807275664859844,0.48955879959680715,0.0,0.0,0.0,6.313159302385836,0.7236183938140074,1.4639447449998493,0.5974125668905816
2025-08-02 17:52:09,1182.26,1143.57,1184.281632720775,1144.4374110737797,82.74,101.77,1164.3595218972773,2328.7190437945546,39.844221646995265,0.034219861531986986,184.51,19.03,-0.6738775735916533,-0.2891370245934013,-0.4815072990925273,0.38474054899825205,0.7990320202649711,-1.758707475469464,-1.2269543251356936,-1.4928309003025788,0.0,0.0,0.0,6.3105496481856145,0.6421461245483294,0.9591077053275688,0.5882703572004367
2025-08-02 17:52:10,1180.27,1145.55,1183.2787245405812,1144.7155583053348,82.74,101.77,1163.997141422958,2327.994282845916,38.5631662352464,0.0331299492324989,184.51,19.03,-1.0029081801937991,0.27814723155506726,-0.36238047431925224,1.2810554117488664,3.5351018264810006,-0.3290306066021458,0.5672842561484686,0.11912682477327508,0.0,0.0,0.0,6.3085856328349275,0.5749021582382884,0.6614580235394171,0.6350229634331824
2025-08-02 17:52:11,1188.21,1148.53,1184.511543405436,1145.669168729001,82.74,101.77,1165.0903560672186,2330.1807121344373,38.84237467643493,0.033338508417672844,184.51,19.03,1.2328188648548348,0.953610423666305,1.09321464426057,0.27920844118852983,0.2554010662529268,2.235727045048634,0.6754631921112377,1.4555951185798222,0.0,0.0,0.0,6.31451059429141,0.5379345355229909,0.7579465762528402,0.7446308210576676
2025-08-02 17:52:12,1190.2,1146.54,1185.933657554077,1145.8868765467507,82.74,101.77,1165.910267050414,2331.820534100828,40.04678100732622,0.034348081584606636,184.51,19.03,1.4221141486409579,0.21770781774966963,0.8199109831953137,1.2044063308912882,1.4689458814805283,0.18929528378612304,-0.7359026059166354,-0.27330366106525616,0.0,0.0,0.0,6.318954315383771,0.7330450186027159,0.7514722808623664,0.7725880853637196
2025-08-02 17:52:13,1187.22,1146.54,1186.2552431655577,1146.050157410063,82.74,101.77,1166.1527002878104,2332.3054005756208,40.205085755494565,0.03447669049781827,184.51,19.03,0.32158561148071385,0.1632808633123659,0.2424332373964262,0.15830474816834794,0.6529801643052978,-1.100528537160244,-0.05442695443730372,-0.5774777457988876,0.0,0.0,0.0,6.32026824544763,0.9393333416167412,0.7457767717073404,0.6973555101610039
2025-08-02 17:52:14,1190.2,1145.55,1187.2414323741682,1145.9251180575473,82.74,101.77,1166.5832752158576,2333.166550431715,41.31631431662095,0.0354165151849614,184.51,19.03,0.9861892086105399,-0.12503935251584153,0.4305749280472355,1.1112285611263815,2.5807958335387395,0.6646035971298261,-0.28832021582820744,0.18814169065080932,0.0,0.0,0.0,6.322601858399305,1.0226542771055085,1.114772438312944,0.5598760500851824
2025-08-02 17:52:15,1195.16,1145.55,1189.2210742806262,1145.8313385431604,82.74,101.77,1167.5262064118933,2335.0524128237867,43.3897357374658,0.037163821644440626,184.51,19.03,1.9796419064580277,-0.0937795143868243,0.9429311960357154,2.073421420844852,2.1989082879574484,0.9934526978474878,0.031259838129017226,0.5123562679884799,0.0,0.0,0.0,6.327712319571736,0.8957402163891277,1.7116434852673197,0.3570014787361139
2025-08-02 17:52:16,1194.17,1140.6,1190.4583057104696,1144.5235039073705,82.74,101.77,1167.49090480892,2334.98180961784,45.93480180309916,0.039344890460857415,184.51,19.03,1.2372314298434048,-1.307834635789959,-0.03530160297327711,2.545066065633364,72.09287279920672,-0.7424104766146229,-1.2140551214031348,-0.9782327990089925,0.0,0.0,0.0,6.3275209933412775,0.7482730685058467,2.4879132337607905,0.4044320879315477
2025-08-02 17:52:17,1193.17,1136.63,1191.1362292828521,1142.5501279305279,82.74,101.77,1166.84317860669,2333.68635721338,48.58610135232425,0.04163892989347657,184.51,19.03,0.6779235723824968,-1.9733759768425898,-0.6477262022301602,2.6512995492250866,4.0932348372841485,-0.559307857460908,-0.6655413410526307,-0.6124245992568831,0.0,0.0,0.0,6.324010472509238,0.5919141994083001,3.4164028276852063,0.5873709487147143
2025-08-02 17:52:18,1199.13,1146.54,1193.1346719621392,1143.5475959478958,82.74,101.77,1168.3411339550175,2336.682267910035,49.587076014243394,0.04244229234995869,184.51,19.03,1.998442679287109,0.9974680173679644,1.4979553483276504,1.0009746619191446,0.6682268565680526,1.3205191069046123,2.9708439942105542,2.1456815505578106,0.0,0.0,0.0,6.332129031612859,0.6851538868144672,3.465125218006694,0.8338661894720392
2025-08-02 17:52:19,1198.14,1141.59,1194.3860039716044,1143.0581969609218,82.74,101.77,1168.722100466263,2337.444200932526,51.32780701068259,0.04391788856075145,184.51,19.03,1.251332009465159,-0.48939898697403805,0.38096651124556047,1.740730996439197,4.569237389161968,-0.7471106698219501,-1.4868670043420025,-1.11698883708209,0.0,0.0,0.0,6.334193778830792,0.7463135168036038,3.129709450584321,0.8342669978197845
2025-08-02 17:52:20,1204.1,1144.56,1196.8145029787033,1143.4336477206912,82.74,101.77,1170.1240753496973,2340.2481506993945,53.38085525801216,0.04561982471511767,184.51,19.03,2.428499007098935,0.3754507597693646,1.4019748834341499,2.0530482473295706,1.4643962650060816,1.1771669976337762,0.8648497467434026,1.0210083721885894,0.0,0.0,0.0,6.341792146809957,1.2533937680818343,2.8110780058619866,0.9254120858678205
2025-08-02 17:52:21,1213.03,1144.56,1200.8683772340275,1143.7152357905184,82.74,101.77,1172.291806512273,2344.583613024546,57.153141443509185,0.04875334031788056,184.51,19.03,4.053874255324217,0.281588069827194,2.1677311625758193,3.7722861854970233,1.7401993893076642,1.6253752482252821,-0.09386268994217062,0.7657562791416694,0.0,0.0,0.0,6.353540730360048,2.0562741723342066,3.4055151151384853,1.1026576389864244
2025-08-02 17:52:22,1212.04,1144.56,1203.6612829255207,1143.9264268428888,82.74,101.77,1173.7938548842048,2347.5877097684097,59.73485608263195,0.05089041468668652,184.51,19.03,2.7929056914931607,0.21119105237039548,1.502048371931778,2.581714639122765,1.7187947928785026,-1.2609685638310566,-0.0703970174567985,-0.6656827906440412,0.0,0.0,0.0,6.361681472670985,2.3400588872443002,4.169786650594095,0.6417489470029556
2025-08-02 17:52:23,1227.93,1144.56,1209.7284621941405,1144.0848201321664,82.74,101.77,1176.9066411631534,2353.8132823263068,65.6436420619741,0.055776422453799004,184.51,19.03,6.067179268619839,0.15839328927768292,3.1127862789485334,5.908785979342156,1.8982299302309154,3.274273577126678,-0.05279776309271256,1.6107379070167553,0.0,0.0,0.0,6.378552028532878,3.2002309286664796,5.6232470530724425,1.0101648916366182
2025-08-02 17:52:24,1211.05,1144.56,1210.0588466456054,1144.2036150991248,82.74,101.77,1177.131230872365,2354.26246174473,65.85523154648058,0.05594553076442473,184.51,19.03,0.33038445146485174,0.11879496695837588,0.2245897092116138,0.21158948450647586,0.9421114758006844,-5.736794817154987,-0.039598322319307044,-2.8881965697369196,0.0,0.0,0.0,6.379769250948978,3.0093238567152305,5.419811872190025,1.0627706004982864
2025-08-02 17:52:25,1210.05,1143.57,1210.056634984204,1144.0452113243437,82.74,101.77,1177.0509231542737,2354.1018463085475,66.01142365986038,0.05608204564920625,184.51,19.03,-0.002211661401361198,-0.15840377478116352,-0.08030771809126236,0.15619211337980232,1.944896109564425,-0.33259611286621293,-0.2771987417395394,-0.30489742730287617,0.0,0.0,0.0,6.379334002357269,2.248730589517963,4.152841585736308,1.3327876695812295
2025-08-02 17:52:26,1218.99,1144.56,1212.289976238153,1144.1739084932578,82.74,101.77,1178.2319423657054,2356.463884731411,68.11606774489519,0.05781210408395199,184.51,19.03,2.2333412539489927,0.12869716891418648,1.1810192114317033,2.1046440850348063,1.7820559416874255,2.235552915350354,0.28710094369535,1.2613269295229657,0.0,0.0,0.0,6.385734843531357,1.6669303181166384,3.14540126403298,1.2589917775174488
2025-08-02 17:52:27,1220.98,1144.56,1214.4624821786147,1144.2704313699433,82.74,101.77,1179.366456774279,2358.732913548558,70.19205080867141,0.05951674337180919,184.51,19.03,2.172505940461633,0.09652287668541248,1.1345144085735228,2.0759830637762207,1.8298412239164275,-0.0608353134873596,-0.03217429222877399,-0.04650480285818048,0.0,0.0,0.0,6.3918836398157035,1.0520515471441816,1.9639449797115696,1.2467436827049925
2025-08-02 17:52:28,1220.98,1141.59,1216.091861633961,1143.6003235274575,82.74,101.77,1179.8460925807092,2359.6921851614184,72.49153810650341,0.061441520636390114,184.51,19.03,1.6293794553462249,-0.6701078424857769,0.47963580643022397,2.299487297832002,4.794226104010481,-0.5431264851154083,-0.7666307191711894,-0.6548786021432988,0.0,0.0,0.0,6.3944831509740725,1.2703710648784519,2.833950282615982,0.5569548383119344
2025-08-02 17:52:29,1226.94,1144.56,1218.8038962254707,1143.8402426455932,82.74,101.77,1181.3220694355318,2362.6441388710637,74.96365357987747,0.06345742237105563,184.51,19.03,2.7120345915097914,0.23991911813573097,1.4759768548226475,2.4721154733740605,1.6749001113374484,1.0826551361635666,0.9100269606215079,0.9963410483924235,0.0,0.0,0.0,6.402482591908565,1.619978907591372,3.5252839740303514,0.6293471341186831
2025-08-02 17:52:30,1225.94,1133.66,1220.587922169103,1141.2951819841949,82.74,101.77,1180.9415520766488,2361.8831041532976,79.2927401849081,0.0671436617488229,184.51,19.03,1.7840259436322867,-2.545060661398338,-0.38051735888302574,4.329086605030625,11.376814032674359,-0.9280086478775047,-2.784979779534069,-1.8564942137056732,0.0,0.0,0.0,6.400420278988828,1.2418172809258012,4.343092001016437,0.7429472191718698
2025-08-02 17:52:31,1227.93,1144.56,1222.4234416268273,1142.1113864881463,82.74,101.77,1182.2674140574868,2364.5348281149736,80.31205513868099,0.06793053256464475,184.51,19.03,1.835519457724331,0.8162045039514396,1.325861980837999,1.0193149537728914,0.7687935846346983,0.05149351409204428,3.361265165349778,1.7063793397210247,0.0,0.0,0.0,6.407606133271263,1.161651120826067,4.331318817172528,0.7650781371291897
2025-08-02 17:52:32,1223.96,1139.6,1222.8075812201205,1141.4835398661098,82.74,101.77,1182.1455605431152,2364.2911210862303,81.32404135401066,0.06879359361452426,184.51,19.03,0.3841395932931846,-0.6278466220364862,-0.12185351437165082,1.0119862153296708,8.304872581438863,-1.4513798644311464,-1.4440511259879258,-1.4477154952096498,0.0,0.0,0.0,6.406945716417373,0.9866076209112401,3.7784357286634407,0.8338804414899542
2025-08-02 17:52:33,1214.02,1144.56,1220.6106859150905,1142.2526548995825,82.74,101.77,1181.4316704073365,2362.863340814673,78.358031015508,0.06632464061350828,184.51,19.03,-2.1968953050300115,0.7691150334726444,-0.7138901357786835,2.966010338502656,4.154709576646377,-2.581034898323196,1.3969616555091307,-0.5920366214070327,0.0,0.0,0.0,6.40307660291724,0.5656561274913912,2.4392737979666848,1.0127792361471903
2025-08-02 17:52:34,1215.02,1137.62,1219.2130144363177,1141.094491174687,82.74,101.77,1180.1537528055023,2360.3075056110047,78.1185232616308,0.06619351335343486,184.51,19.03,-1.397671478772736,-1.1581637248955303,-1.2779176018341332,0.2395077538772057,0.18742019525613923,0.7992238262572755,-1.9272787583681747,-0.5640274660554496,0.0,0.0,0.0,6.396150595682358,0.8763355590144897,1.3453900927109645,0.9730456701828825
2025-08-02 17:52:35,1215.02,1144.56,1218.1647608272383,1141.9608683810152,82.74,101.77,1180.0628146041267,2360.1256292082535,76.20389244622311,0.06457613225208772,184.51,19.03,-1.0482536090794383,0.8663772063282522,-0.09093820137559305,1.9146308154076905,21.053965577506748,0.3494178696932977,2.0245409312237825,1.1869794004585401,0.0,0.0,0.0,6.39565773241813,1.0576156095954024,2.0022847659992427,0.9707348558672622
2025-08-02 17:52:36,1215.02,1140.6,1217.3785706204287,1141.6206512857614,82.74,101.77,1179.499610953095,2358.99922190619,75.75791933466735,0.06422886329671806,184.51,19.03,-0.7861902068095787,-0.34021709525381993,-0.5632036510316993,0.4459731115557588,0.7918491275574671,0.2620634022698596,-1.2065943015820721,-0.4722654496561063,0.0,0.0,0.0,6.392605303563437,1.091074701173926,2.204150794626403,0.4875659201772285
2025-08-02 17:52:37,1215.02,1140.6,1216.7889279653214,1141.365488464321,82.74,101.77,1179.0772082148212,2358.1544164296424,75.4234395010003,0.06396819386512166,184.51,19.03,-0.5896426551073546,-0.2551628214403081,-0.42240273827383135,0.3344798336670465,0.7918486589013413,0.19654755170222415,0.08505427381351183,0.140800912757868,0.0,0.0,0.0,6.390315981922417,0.8900940259774511,1.3691548334812258,0.4369346356253823
2025-08-02 17:52:38,1211.05,1143.57,1215.354195973991,1141.9166163482407,82.74,101.77,1178.635406161116,2357.270812322232,73.43757962575023,0.06230729127901681,184.51,19.03,-1.434731991330409,0.551127883919662,-0.4418020537052598,1.9858598752500711,4.494898481563911,-0.8450893362230545,0.8062907053599702,-0.019399315431428477,0.0,0.0,0.0,6.387921520639502,0.6460291137670344,1.6779891218821479,0.43827385477106395
2025-08-02 17:52:39,1221.97,1141.59,1217.0081469804932,1141.8349622611806,82.74,101.77,1179.421554620837,2358.843109241674,75.17318471931253,0.06373733323853152,184.51,19.03,1.6539510065022114,-0.08165408706008748,0.786148459721062,1.7356050935622989,2.207729169181288,3.0886829978326205,-0.6327819709797495,1.2279505134263218,0.0,0.0,0.0,6.392182256943553,0.5291732804168098,1.0578091389743176,0.5499744997180885
2025-08-02 17:52:40,1212.04,1141.59,1215.76611023537,1141.7737216958856,82.74,101.77,1178.7699159656277,2357.5398319312553,73.99238853948441,0.06277084906438275,184.51,19.03,-1.2420367451231868,-0.06124056529506561,-0.6516386552093536,1.1807961798281212,1.8120385559543095,-2.8959877516253982,0.02041352176502187,-1.4377871149304156,0.0,0.0,0.0,6.388650531553722,0.3829339893013479,0.9930623854330303,0.591429716934556
2025-08-02 17:52:41,1220.98,1142.58,1217.0695826765275,1141.975291271914,82.74,101.77,1179.522436974221,2359.044873948442,75.09429140461339,0.06366499609247332,184.51,19.03,1.3034724411575098,0.20156957602853254,0.7525210085932486,1.1019028651289773,1.4642799181233983,2.5455091862806967,0.26281014132359815,1.4041596638026022,0.0,0.0,0.0,6.392729015129218,0.38925985349866715,0.861453359476315,0.7039991350439269
2025-08-02 17:52:42,1223.96,1139.6,1218.7921870073956,1141.3814684539357,82.74,101.77,1180.0868277306656,2360.1736554613312,77.4107185534599,0.06559747695576353,184.51,19.03,1.72260433086808,-0.5938228179784346,0.564390756444709,2.3164271488465147,4.104289480481532,0.41913188971057025,-0.7953923940069672,-0.1881302521485395,0.0,0.0,0.0,6.395787877810839,0.5927077863660555,1.5251677121805172,0.6926055647557811
2025-08-02 17:52:43,1226.94,1143.57,1220.8291402555467,1141.9286013404517,82.74,101.77,1181.3788707979993,2362.7577415959986,78.90053891509501,0.06678682072163043,184.51,19.03,2.0369532481511214,0.5471328865160103,1.2920430673336796,1.4898203616351111,1.1530724061986304,0.3143489172830414,1.140955704494445,0.7276523108889705,0.0,0.0,0.0,6.40279044168451,0.981069152528037,1.9920123042831428,0.7231083558323781
2025-08-02 17:52:44,1209.06,1142.58,1217.8868551916598,1142.0914510053387,82.74,101.77,1179.9891530984992,2359.9783061969983,75.7954041863211,0.06423398378117134,184.51,19.03,-2.9422850638868567,0.16284966488706232,-1.3897176995001246,3.105134728773919,2.234362054630784,-4.979238312037978,-0.384283221628948,-2.681760766833804,0.0,0.0,0.0,6.395258504705657,0.9535897249739573,1.9372087706165155,1.1006492058187245
2025-08-02 17:52:45,1203.1,1140.6,1214.1901413937449,1141.7185882540039,82.74,101.77,1177.9543648238744,2355.9087296477487,72.47155313974099,0.06152322640194434,184.51,19.03,-3.696713797914981,-0.37286275133487834,-2.034788274624816,3.3238510465801028,1.6335111886182758,-0.7544287340281244,-0.5357124162219407,-0.6450705751246915,0.0,0.0,0.0,6.384230439757433,1.234236426087449,2.4338193826551757,1.4571250766553117
2025-08-02 17:52:46,1224.95,1138.61,1216.8801060453086,1140.941441190503,82.74,101.77,1178.9107736179058,2357.8215472358115,75.93866485480567,0.0644142597470262,184.51,19.03,2.6899646515637414,-0.7771470635009337,0.9564087940314039,3.467111715064675,3.6251319640405435,6.3866784494787225,-0.4042843121660553,2.99119706865622,0.0,0.0,0.0,6.3894139462820005,1.2957133264004017,2.3898419724608337,1.491599995782103
2025-08-02 17:52:47,1211.05,1141.59,1215.4225795339814,1141.1035808928773,82.74,101.77,1178.2630802134295,2356.526160426859,74.31899864110414,0.06307504650367812,184.51,19.03,-1.4575265113271598,0.16213970237436115,-0.6476934044762857,1.619666213701521,2.500664206001833,-4.147491162890901,0.9392867658752948,-1.6041021985076895,0.0,0.0,0.0,6.385903603205929,1.3994701505759095,2.3668803192889185,1.4500058121329438
2025-08-02 17:52:48,1215.02,1142.58,1215.3219346504861,1141.472685669658,82.74,101.77,1178.397310160072,2356.794620320144,73.84924898082818,0.06266922733227162,184.51,19.03,-0.1006448834953062,0.36910477678065945,0.13422994664256294,0.46974966027596565,3.4995630443316412,1.3568816278318536,0.2069650744062983,0.7819233511188486,0.0,0.0,0.0,6.386631097357547,0.7976198922810647,1.4418288604089127,1.1880635552660335
2025-08-02 17:52:49,1221.97,1142.58,1216.9839509878645,1141.7495142522434,82.74,101.77,1179.3667326200539,2358.7334652401078,75.2344367356211,0.06379223238278883,184.51,19.03,1.662016337378418,0.2768285825854946,0.9694224599818426,1.3851877547929234,1.4288778969913396,1.7626612208737242,-0.09227619419516486,0.8351925133392797,0.0,0.0,0.0,6.391885134833715,0.5598170515101621,1.3309365399318487,1.260446744625554
2025-08-02 17:52:50,1218.99,1132.66,1217.4854632408983,1139.4771356891827,82.74,101.77,1178.4812994650406,2356.962598930081,78.00832755171564,0.06619394598873377,184.51,19.03,0.5015122530337521,-2.2723785630607836,-0.8854331550132883,2.7738908160945357,3.1328030440082877,-1.160504084344666,-2.549207145646278,-1.854855614995131,0.0,0.0,0.0,6.387086299268085,0.4522173179310903,1.633239230094915,0.8689766913991699
2025-08-02 17:52:51,1222.96,1141.59,1218.8540974306738,1140.005351766887,82.74,101.77,1179.4297245987805,2358.859449197561,78.84874566378676,0.06685327998135397,184.51,19.03,1.3686341897755483,0.5282160777044282,0.9484251337398746,0.84041811207112,0.886118678275078,0.8671219367417962,2.800594640765212,1.833858288753163,0.0,0.0,0.0,6.3922265362666195,0.5632463423406208,2.2457080865184307,0.8670271640627993
2025-08-02 17:52:52,1215.02,1140.6,1217.8955730730054,1140.1540138251653,82.74,101.77,1179.0247934490853,2358.0495868981707,77.74155924784009,0.06593717079899565,184.51,19.03,-0.9585243576684661,0.14866205827820522,-0.40493114969513044,1.1071864159466713,2.7342516932287584,-2.3271585474440144,-0.379554019426223,-1.353356283435005,0.0,0.0,0.0,6.390031906449805,0.48322853742577093,2.102479705517492,0.8199432169543754
2025-08-02 17:52:53,1220.98,1140.6,1218.666679804754,1140.265510368874,82.74,101.77,1179.466095086814,2358.932190173628,78.40116943588009,0.06647174488185492,184.51,19.03,0.7711067317486595,0.11149654370865392,0.4413016377286567,0.6596101880400056,1.4946889767868994,1.7296310894171256,-0.037165514569551306,0.8462327874237872,0.0,0.0,0.0,6.3924236555980185,0.41469945089586785,1.4118183858168776,0.8296894207703254
2025-08-02 17:52:54,1208.07,1140.6,1216.0175098535656,1140.3491327766556,82.74,101.77,1178.1833213151106,2356.366642630221,75.66837707691002,0.06422462077312631,184.51,19.03,-2.649169951188469,0.08362240778160412,-1.2827737717034324,2.732792358970073,2.1303758222038636,-3.4202766829371285,-0.027874135927049792,-1.7240754094320891,0.0,0.0,0.0,6.3854713290859,0.5709927126790458,1.2277910139893122,0.9229889711960845
2025-08-02 17:52:55,1214.02,1140.6,1215.5181323901743,1140.4118495824916,82.74,101.77,1177.9649909863329,2355.9299819726657,75.10628280768265,0.06375935050585446,184.51,19.03,-0.4993774633912835,0.0627168058360894,-0.21833032877771075,0.5620942692273729,2.5745012059156056,2.1497924877971855,-0.020905601945514718,1.0644434429257217,0.0,0.0,0.0,6.384288031012113,0.7013113319912377,1.6713047685065074,0.8511886392807196
2025-08-02 17:52:56,1214.02,1140.6,1215.1435992926308,1140.4588871868687,82.74,101.77,1177.8012432397497,2355.6024864794995,74.68471210576217,0.06341028460533667,184.51,19.03,-0.37453309754346265,0.04703760437701021,-0.16374774658311253,0.42157070192047286,2.574497275351661,0.12484436584782088,-0.015679201459079195,0.05458258219459822,0.0,0.0,0.0,6.383400557456773,0.7215988395861401,1.652572569303611,0.6221567468208448
2025-08-02 17:52:57,1216.01,1136.63,1215.3601994694732,1139.5016653901516,82.74,101.77,1177.4309324298124,2354.861864859625,75.85853407932154,0.06442716249890637,184.51,19.03,0.21660017684234845,-0.9572217967170218,-0.37031080993733667,1.1738219735593702,3.169820518978322,0.5911332743858111,-1.004259401094032,-0.20656306335422414,0.0,0.0,0.0,6.381393561587008,0.775285223521868,1.4498732685905427,0.6212464583424954
2025-08-02 17:52:58,1214.02,1140.6,1215.0251496021049,1139.7762490426137,82.74,101.77,1177.4006993223593,2354.8013986447186,75.24890055949118,0.06391103771119624,184.51,19.03,-0.3350498673682978,0.27458365246206995,-0.030233107453113917,0.6096335198303677,20.163767717494814,-0.5516500442106462,1.2318054491790917,0.34007770248422275,0.0,0.0,0.0,6.381229705387945,0.33920307408417033,0.46515751623287693,0.501214078593847
2025-08-02 17:52:59,1218.99,1138.61,1216.0163622015787,1139.4846867819601,82.74,101.77,1177.7505244917693,2355.5010489835386,76.53167541961852,0.06498122799619448,184.51,19.03,0.9912125994737835,-0.2915622606535635,0.3498251694099963,1.282774860127347,3.6668922233314536,1.3262624668420813,-0.5661459131156334,0.3800582768631102,0.0,0.0,0.0,6.3831256739940585,0.24515520664213367,0.720187875059329,0.27269058693500364
2025-08-02 17:53:00,1214.02,1140.6,1215.5172716511838,1139.76351508647,82.74,101.77,1177.640393368827,2355.280786737654,75.75375656471374,0.06432673074645595,184.51,19.03,-0.49909055039483974,0.27882830450994334,-0.11013112294222083,0.7779188549047831,7.063505488883625,-1.4903031498686232,0.5703905651635068,-0.45995629235221713,0.0,0.0,0.0,6.382528789693232,0.1823317508488268,0.6925169841803582,0.263766588098707
2025-08-02 17:53:01,1211.05,1140.6,1214.4004537383878,1139.9726363148525,82.74,101.77,1177.18654502662,2354.37309005324,74.42781742353532,0.06322516824096651,184.51,19.03,-1.116817912796023,0.20912122838240066,-0.4538483422070385,1.3259391411784236,2.921540295135103,-0.6177273624011832,-0.06970707612754268,-0.3437172192648177,0.0,0.0,0.0,6.38006904041272,0.2200596702397916,0.78252028829208,0.31739493900150484
2025-08-02 17:53:02,1208.07,1138.61,1212.8178403037907,1139.6319772361394,82.74,101.77,1176.2249087699652,2352.4498175399303,73.18586306765133,0.062220977008524934,184.51,19.03,-1.5826134345970786,-0.3406590787130881,-0.961636256654856,1.2419543558839905,1.2914998324880251,-0.46579552180105566,-0.5497803070954888,-0.5077879144478175,0.0,0.0,0.0,6.3748572022931445,0.6082844995600688,1.2835725706833472,0.49377235351792015
2025-08-02 17:53:03,1211.05,1139.6,1212.375880227843,1139.6239829271044,82.74,101.77,1175.9999315774737,2351.9998631549474,72.75189730073862,0.061863861795711274,184.51,19.03,-0.4419600759476907,-0.007994309034984326,-0.2249771924914512,0.4339657669127064,1.9289236974787962,1.1406533586493879,0.33266476967810377,0.7366590641634048,0.0,0.0,0.0,6.373637879810503,0.8064236148843165,1.6188791641296867,0.48047211244500687
2025-08-02 17:53:04,1206.08,1137.62,1210.8019101708824,1139.1229871953283,82.74,101.77,1174.9624486831053,2349.9248973662106,71.67892297555409,0.061005288292307835,184.51,19.03,-1.5739700569606612,-0.5009957317761291,-1.0374828943683951,1.072974325184532,1.0342081751907513,-1.1320099810129705,-0.4930014227411448,-0.8125057018769439,0.0,0.0,0.0,6.368014971086068,1.050530077183797,1.5729854995387984,0.4228367363281837
2025-08-02 17:53:05,1207.07,1133.66,1209.8689326281617,1137.7572403964962,82.74,101.77,1173.813086512329,2347.626173024658,72.11169223166553,0.06143370950522658,184.51,19.03,-0.9329775427206641,-1.365746798832106,-1.149362170776385,0.4327692561114418,0.3765296010129765,0.640992514239997,-0.8647510670559768,-0.11187927640798989,0.0,0.0,0.0,6.36178570348785,1.2903608982367674,1.0638016461155615,0.4028293515677256
2025-08-02 17:53:06,1218.99,1136.63,1212.1491994711212,1137.4754302973722,82.74,101.77,1174.8123148842467,2349.6246297684934,74.67376917374895,0.06356229685721689,184.51,19.03,2.2802668429594632,-0.28181009912395893,0.9992283719177522,2.562076942083422,2.564052873231903,3.2132443856801274,1.083936699708147,2.148590542694137,0.0,0.0,0.0,6.367201281865728,0.9764183193201714,1.157632529340426,0.9005313387700499
2025-08-02 17:53:07,1214.02,1140.6,1212.6168996033407,1138.256572723029,82.74,101.77,1175.4367361631848,2350.8734723263697,74.36032688031173,0.06326187069818318,184.51,19.03,0.46770013221953377,0.7811424256567534,0.6244212789381436,0.31344229343721963,0.5019716688684482,-1.8125667107399295,1.0629525247807123,-0.37480709297960857,0.0,0.0,0.0,6.370585495596983,0.811769801125149,1.3399055122205024,0.9633450775916872
2025-08-02 17:53:08,999.04,1149.52,1159.2226747025056,1141.0724295422717,81.36,101.81,1150.1475521223888,2300.2951042447776,18.150245160233908,0.015780797090738593,183.17000000000002,20.450000000000003,-53.39422490083507,2.8158568192427538,-25.289184040796044,56.210081720077824,2.222692492043566,-53.861925033054604,2.0347143935860004,-25.913605319734188,-1.3799999999999955,0.04000000000000625,1.4200000000000017,6.2791261988494975,11.021168450869858,24.657356239645196,11.287819632017834
2025-08-02 17:53:09,835.28,1148.53,1078.2370060268793,1142.9368221567038,77.86,101.84,1110.5869140917916,2221.1738281835833,64.69981612982451,0.05825731894606103,179.7,23.980000000000004,-80.98566867562636,1.864392614432063,-39.56063803059715,82.85006129005842,2.094254878592335,-27.591443774791287,-0.9514642048106907,-14.271453989801103,-3.5,0.030000000000001137,3.530000000000001,6.180227645584663,28.022285735589964,24.17916700190828,18.563771254288188
2025-08-02 17:53:10,556.52,1151.5,947.8077545201594,1145.0776166175278,74.86,101.84,1046.4426855688437,2092.8853711376873,197.26986209736845,0.1885147315083179,176.7,26.980000000000004,-130.42925150671988,2.140794460824054,-64.14422852294797,132.57004596754393,2.0667493701848305,-49.44358283109352,0.27640184639199106,-24.583590492350822,-3.0,0.0,3.0,5.922143065346353,54.3742296881076,66.52422798185762,27.730008635111133
2025-08-02 17:53:11,349.59,939.78,798.2533158901196,1093.753212463146,72.43,104.9,946.0032641766327,1892.0065283532654,295.4998965730264,0.3123666772099906,177.33,32.47,-149.55443863003984,-51.32440415438191,-100.43942139221099,98.23003447565793,0.9780027815380548,-19.12518712331996,-53.46519861520596,-36.29519286926302,-2.4299999999999926,3.0600000000000023,5.489999999999995,5.334705119505597,92.03510101576038,113.78236345048393,38.525380913214796
2025-08-02 17:53:12,212.51,705.49,651.8174869175896,996.6874093473593,70.58,108.21,824.2524481324745,1648.504896264949,344.86992242976976,0.41840327292050544,178.79,37.629999999999995,-146.43582897252998,-97.0658031157866,-121.75081604415823,49.37002585674338,0.4055005712104355,3.1186096575098645,-45.741398961404684,-21.31139465194724,-1.8500000000000085,3.309999999999988,5.159999999999997,4.610170834623322,131.84683898205435,141.62103939809344,40.51026631834994
2025-08-02 17:53:13,164.0,455.86,529.8631151881922,861.4805570105195,69.57,110.93,695.6718360993559,1391.3436721987118,331.61744182232735,0.4766865986770796,180.5,41.360000000000014,-121.9543717293974,-135.2068523368398,-128.58061203311854,13.252480607442408,0.10306748657380381,24.48145724313258,-38.14104922105321,-6.8297959889603135,-1.0100000000000051,2.720000000000013,3.730000000000018,3.8541375747657525,167.6101182677338,117.0439011698653,38.125461345059
2025-08-02 17:53:14,171.76,280.51,440.3373363911441,716.2379177578896,69.57,113.09,578.2876270745169,1156.5752541490338,275.9005813667455,0.4770992287789244,182.66,43.52000000000001,-89.52577879704808,-145.24263925262994,-117.38420902483904,55.716860455581866,0.47465379239500716,32.42859293234932,-10.03578691579014,11.196403008279503,0.0,2.1599999999999966,2.1599999999999966,3.1659237047442965,187.7738694534328,58.236481756036056,25.83283161600465
2025-08-02 17:53:15,162.06,167.88,370.76800229335805,579.1484383184172,69.47,114.67,474.9582203058876,949.9164406117752,208.38043602505917,0.43873424372384073,184.14,45.2,-69.56933409778605,-137.08947943947237,-103.32940676862927,67.52014534168632,0.6534455853349561,19.956444699262022,8.153159813157572,14.054802256209769,-0.09999999999999432,1.5799999999999983,1.6799999999999926,2.5793321262439206,187.98882304877,53.91117064322572,12.05645461981381
2025-08-02 17:53:16,156.24,169.82,317.13600172001856,476.8163287388129,69.4,114.94,396.97616522941576,793.9523304588315,159.68032701879434,0.40224159685827027,184.34,45.53999999999999,-53.632000573339496,-102.33210957960432,-77.98205507647185,48.700109006264825,0.6245040392177894,15.937333524446558,34.75736985986805,25.347351692157417,-0.06999999999999318,0.269999999999996,0.3399999999999892,2.153499853943343,170.72606954537625,79.41941895568546,20.045595950508805
2025-08-02 17:53:17,157.21,156.24,277.1545012900139,396.6722465541097,69.4,115.11,336.9133739220618,673.8267478441236,119.51774526409577,0.35474324903766086,184.51,45.709999999999994,-39.981500430004644,-80.14408218470322,-60.06279130735396,40.16258175469858,0.6686765668365564,13.650500143334853,22.1880273949011,17.91926376911789,0.0,0.1700000000000017,0.1700000000000017,1.8259897680129644,143.3488320001991,85.80308888345353,28.186245694857643
2025-08-02 17:53:18,151.4,162.06,245.7158759675104,338.01918491558223,69.34,115.11,291.8675304415463,583.7350608830926,92.30330894807182,0.316250692539118,184.45,45.769999999999996,-31.438625322503498,-58.65306163852745,-45.04584348051549,27.21443631602395,0.6041497640874623,8.542875107501146,21.491020546175776,15.016947826838475,-0.060000000000002274,0.0,0.060000000000002274,1.5823666514458101,113.84047777553258,73.09759447239072,29.842516676876254
2025-08-02 17:53:19,147.52,155.27,221.1669069756328,292.3318886866867,69.3,115.18,256.74939783115974,513.4987956623195,71.16498171105388,0.27717681924487186,184.48000000000002,45.88000000000001,-24.548968991877615,-45.68729622889555,-35.11813261038657,21.138327237017933,0.6019205767463122,6.889656330625883,12.9657654096319,9.92771087012892,-0.04000000000000625,0.07000000000000739,0.11000000000001364,1.3917465114885799,86.68404007227444,54.81029320182248,27.16040682988084
2025-08-02 17:53:20,149.46,153.34,203.2401802317246,257.583916515015,69.3,115.21,230.4120483733698,460.8240967467396,54.34373628329041,0.23585457631701126,184.51,45.91,-17.926726743908205,-34.74797217167168,-26.33734945778994,16.821245427763472,0.6386840413094081,6.62224224796941,10.939324057223871,8.780783152596626,0.0,0.029999999999986926,0.029999999999986926,1.2487780994232927,66.16802635620058,41.58150929613507,20.51975268847359
2025-08-02 17:53:21,146.55,155.27,189.06763517379346,232.00543738626124,69.3,115.21,210.53653628002735,421.0730725600547,42.93780221246777,0.20394465857181687,184.51,45.91,-14.172545057931131,-25.57847912875377,-19.87551209334245,11.405934070822639,0.5738686602582953,3.7541816859770734,9.169493042917907,6.46183736444749,0.0,0.0,0.0,1.141057585707928,50.30812020405611,30.59843868107108,15.864229113163491
2025-08-02 17:53:22,147.52,154.31,178.6807263803451,212.5815780396959,69.3,115.25,195.6311522100205,391.262304420041,33.90085165935079,0.1732896376834032,184.55,45.95,-10.386908793448356,-19.423859346565337,-14.905384070006846,9.03695055311698,0.6062876276374408,3.7856362644827755,6.154619782188433,4.970128023335604,0.0,0.04000000000000625,0.04000000000000625,1.0600441677051007,38.26086271298525,23.273992991822077,12.053427419643787
2025-08-02 17:53:23,108.77,154.31,161.20304478525884,198.01368352977192,69.0,115.25,179.60836415751538,359.21672831503076,36.810638744513085,0.20494946720455026,184.25,46.25,-17.477681595086267,-14.567894509923974,-16.02278805250512,2.909787085162293,0.18160303275710638,-7.090772801637911,4.855964836641363,-1.1174039824982742,-0.29999999999999716,0.0,0.29999999999999716,0.9748079412901354,30.113681827451952,15.217844904556527,8.373340488834508
2025-08-02 17:53:24,101.99,155.27,146.39978358894413,187.32776264732894,69.0,115.25,166.86377311813652,333.72754623627304,40.92797905838481,0.24527779786047835,184.25,46.25,-14.803261196314708,-10.685920882442986,-12.74459103937886,4.117340313871722,0.3230656815965363,2.6744203987715593,3.8819736274809884,3.2781970131262597,0.0,0.0,0.0,0.905637841044769,25.056828731441843,7.853173827167315,5.341621089032612
2025-08-02 17:53:25,97.15,155.27,134.0873376917081,179.3133219854967,69.0,115.25,156.70032983860239,313.40065967720477,45.22598429378863,0.28861447867886325,184.25,46.25,-12.312445897236046,-8.014440661832225,-10.163443279534135,4.298005235403821,0.42288865046061236,2.490815299078662,2.6714802206107606,2.5811477598447254,0.0,0.0,0.0,0.8504766837890133,21.650367958755012,4.587118727146292,3.639123603633387
2025-08-02 17:53:26,93.28,83.6,123.88550326878106,155.38499148912254,69.0,116.02,139.63524737895182,279.27049475790363,31.499488220341476,0.2255840741218577,185.01999999999998,47.019999999999996,-10.201834422927021,-23.928330496374173,-17.06508245965057,13.726496073447152,0.8043614967311868,2.1106114743090245,-15.913889834541948,-6.901639180116433,0.0,0.769999999999996,0.769999999999996,0.7547035273173079,21.396728791807956,5.4938028301090425,2.758571962771571
2025-08-02 17:53:27,88.44,81.67,115.0241274515858,136.9562436168419,69.0,116.02,125.99018553421385,251.9803710684277,21.932116165256105,0.17407797201173464,185.01999999999998,47.019999999999996,-8.861375817195267,-18.42874787228064,-13.645061844737967,9.567372055085372,0.7011599846734967,1.3404586057317545,5.499582624093534,3.420020614912602,0.0,0.0,0.0,0.6809544095409116,21.32582689070989,9.02251898427242,2.733213366445271
2025-08-02 17:53:28,83.6,79.73,107.16809558868934,122.64968271263143,69.0,116.02,114.90888915066039,229.81777830132077,15.481587123942091,0.13472923725608812,185.01999999999998,47.019999999999996,-7.856031862896458,-14.306560904210471,-11.081296383553465,6.450529041314013,0.5821095507181044,1.0053439542988087,4.122186968070167,2.563765461184502,0.0,0.0,0.0,0.6210619853507643,21.349330755413916,12.492394078700492,2.6793491964629346
2025-08-02 17:53:29,80.7,75.86,100.55107169151701,110.95226203447358,69.0,116.02,105.7516668629953,211.5033337259906,10.401190342956568,0.09835485863382927,185.01999999999998,47.019999999999996,-6.617023897172331,-11.697420678157854,-9.157222287665093,5.080396780985524,0.5547966475633382,1.2390079657241273,2.6091402260526166,1.924074095888372,0.0,0.0,0.0,0.5715688373766429,20.17243886645201,13.824153440881963,3.1785324748866888
2025-08-02 17:53:30,77.8,72.96,94.86330376863776,101.45419652585518,69.0,116.02,98.15875014724648,196.31750029449296,6.590892757217418,0.0671452385058416,185.01999999999998,47.019999999999996,-5.687767922879246,-9.498065508618396,-7.592916715748814,3.81029758573915,0.5018225836737358,0.9292559742930848,2.1993551695394586,1.5643055719162788,0.0,0.0,0.0,0.530530481119425,16.424118209639534,9.85642435469622,3.7511223443019968
2025-08-02 17:53:31,75.86,71.02,90.11247782647833,93.84564739439138,69.0,116.02,91.97906261043485,183.9581252208697,3.733169567913052,0.0405871664852384,185.01999999999998,47.019999999999996,-4.750825942159437,-7.608549131463803,-6.1796875368116275,2.857723189304366,0.46243806176982355,0.9369419807198085,1.8895163771545924,1.4132291789371862,0.0,0.0,0.0,0.4971303757069748,13.489741320281066,7.24966899782651,2.9349657271979965
2025-08-02 17:53:32,72.96,71.02,85.82435836985874,88.13923554579353,69.0,116.02,86.98179695782613,173.96359391565227,2.3148771759347824,0.026613351646940783,185.01999999999998,47.019999999999996,-4.288119456619583,-5.7064118485978526,-4.997265652608718,1.4182923919782695,0.28381363064504067,0.4627064855398544,1.9021372828659509,1.1824218842029097,0.0,0.0,0.0,0.47012104900932383,11.08569306174907,5.334201990321726,2.4048160017057936
